{
"type": "FeatureCollection",
"name": "Saumur-Champigny",
"crs": { "type": "name", "properties": { "name": "urn:ogc:def:crs:OGC:1.3:CRS84" } },
"features": [
{ "type": "Feature", "properties": { "Name": null, "id": "" }, "geometry": { "type": "MultiPolygon", "coordinates": [ [ [ [ -0.075532085450302, 47.187479786031297 ], [ -0.075579602649445, 47.1874324844608 ], [ -0.075889455362635, 47.187396682933098 ], [ -0.076118827544235, 47.187370226747099 ], [ -0.076327061938716, 47.187346223816 ], [ -0.076726848418263, 47.187300011615598 ], [ -0.07691168643101, 47.188070919145297 ], [ -0.076949539822683, 47.1882290232844 ], [ -0.076550670371313, 47.1882752116896 ], [ -0.076785981993273, 47.189345384267497 ], [ -0.076770751737427, 47.189347149476099 ], [ -0.075995752202178, 47.189436252168299 ], [ -0.075741988549675, 47.188370397742297 ], [ -0.075532085450302, 47.187479786031297 ] ] ], [ [ [ -0.055453098335049, 47.187481874359698 ], [ -0.056494230318949, 47.187283751025298 ], [ -0.056519899099878, 47.187354068582302 ], [ -0.056612840488198, 47.187610549198901 ], [ -0.056358701746826, 47.187931691931603 ], [ -0.055463236551457, 47.187502148549903 ], [ -0.055453098335049, 47.187481874359698 ] ] ], [ [ [ -0.039587585198259, 47.189351927269101 ], [ -0.03958209821365, 47.189215037315599 ], [ -0.039600605035258, 47.189093464175699 ], [ -0.039614156159689, 47.189015176492198 ], [ -0.039679348873442, 47.188503528852898 ], [ -0.039644477853771, 47.188349481491599 ], [ -0.039555145775733, 47.188054874694103 ], [ -0.03985553419027, 47.188075727984398 ], [ -0.040225903970623, 47.188088436161998 ], [ -0.041342335680585, 47.1880523558739 ], [ -0.041920489768059, 47.188072573627998 ], [ -0.04210038938957, 47.188084784469197 ], [ -0.042582179741433, 47.188106990425702 ], [ -0.042477365972442, 47.189062677985 ], [ -0.042468823561022, 47.189140654296999 ], [ -0.042459758948326, 47.189223419353297 ], [ -0.045288479675009, 47.189560242003502 ], [ -0.045258733862089, 47.189828606313803 ], [ -0.045101470349272, 47.191241556339499 ], [ -0.042504486872656, 47.190797280958002 ], [ -0.042434951728365, 47.190785323726303 ], [ -0.042287557203999, 47.1907614476847 ], [ -0.040074390680704, 47.190456770120697 ], [ -0.040002509409537, 47.1904196465524 ], [ -0.039802712671458, 47.189924416639698 ], [ -0.039667652093561, 47.189590107662802 ], [ -0.039664159213007, 47.1895797483851 ], [ -0.039587585198259, 47.189351927269101 ] ] ], [ [ [ -0.047509089816517, 47.188314088351703 ], [ -0.047534487599493, 47.188312158469301 ], [ -0.047817674232941, 47.188288216306503 ], [ -0.047832926031836, 47.188286823743901 ], [ -0.047962091945505, 47.188275945367202 ], [ -0.048127948404084, 47.188261848466901 ], [ -0.048341545773587, 47.188248296204002 ], [ -0.048450577613794, 47.188241280931699 ], [ -0.048690780588252, 47.188226126506002 ], [ -0.049075959714077, 47.188201567575497 ], [ -0.049157503258897, 47.188199239767101 ], [ -0.049237072435659, 47.188197053997399 ], [ -0.04941533534419, 47.188191998370499 ], [ -0.049585680384062, 47.188187151034299 ], [ -0.049745341416865, 47.188182674986102 ], [ -0.04988903479381, 47.188178619366298 ], [ -0.050037200884182, 47.188178860397599 ], [ -0.050320981201916, 47.188179402317097 ], [ -0.050606984507458, 47.188179524585003 ], [ -0.050929783884264, 47.189751468226497 ], [ -0.050638846305853, 47.189778685286697 ], [ -0.050329786746483, 47.189800973356803 ], [ -0.050180253798931, 47.189811670103403 ], [ -0.05003466452901, 47.189821992477 ], [ -0.049963737823385, 47.189827464767099 ], [ -0.049880005113834, 47.189833184265702 ], [ -0.049700962772471, 47.189847901170197 ], [ -0.049655967403326, 47.189851518965803 ], [ -0.049585309655556, 47.189857074032602 ], [ -0.049518732703951, 47.189862341378799 ], [ -0.04943627938703, 47.189869648566798 ], [ -0.049357378988111, 47.189876681927501 ], [ -0.049319489453421, 47.1898797520548 ], [ -0.048682387654069, 47.189936892862001 ], [ -0.048666534250251, 47.189846044024499 ], [ -0.048557073832868, 47.189857215068599 ], [ -0.048343010197544, 47.189878978479697 ], [ -0.048171794732666, 47.189896550158302 ], [ -0.048040392250596, 47.189910010203697 ], [ -0.047756157790769, 47.189938935483703 ], [ -0.047724095112525, 47.189942212076801 ], [ -0.047624402895555, 47.189379219802198 ], [ -0.047596067443259, 47.1891169782836 ], [ -0.047509089816517, 47.188314088351703 ] ] ], [ [ [ -0.062721079629248, 47.1863904012896 ], [ -0.062800913294274, 47.186325582533897 ], [ -0.062886664999262, 47.186311331083999 ], [ -0.062972807412841, 47.186296979136301 ], [ -0.063062223132887, 47.186282090036997 ], [ -0.063188031287509, 47.186261102477999 ], [ -0.063264749370598, 47.186248351110798 ], [ -0.063371181208108, 47.186230578926597 ], [ -0.063473558126394, 47.186213544615804 ], [ -0.063620970013356, 47.186189011729901 ], [ -0.06369955189779, 47.1861788235259 ], [ -0.06376987162096, 47.186169754882897 ], [ -0.063900543661597, 47.186152962414198 ], [ -0.064253709826613, 47.186107306367099 ], [ -0.064619503728026, 47.186044376915099 ], [ -0.064874050149607, 47.186000518717996 ], [ -0.065292057963997, 47.185928546600401 ], [ -0.065494651925919, 47.185893720753803 ], [ -0.065799062516863, 47.185841332400102 ], [ -0.065875363007646, 47.185828229944597 ], [ -0.065949435570094, 47.1858154567296 ], [ -0.066182506522948, 47.185763515132997 ], [ -0.066314610289938, 47.185741726692697 ], [ -0.0666284394218, 47.1856899876028 ], [ -0.067071442782911, 47.185625365345302 ], [ -0.067554582210889, 47.185546163446098 ], [ -0.067744380494685, 47.185497887943498 ], [ -0.067952446204572, 47.185452461565099 ], [ -0.067968238479494, 47.185448979781803 ], [ -0.068055045366097, 47.185430101564201 ], [ -0.068056481492672, 47.185429793215498 ], [ -0.068401328092367, 47.1853542526841 ], [ -0.068511180748554, 47.185333952414801 ], [ -0.068675693100908, 47.185303463830898 ], [ -0.068879833749599, 47.185265707859998 ], [ -0.069075303894952, 47.185233497057403 ], [ -0.069512614654407, 47.185150276194001 ], [ -0.070232466766985, 47.185004917311403 ], [ -0.070702962733459, 47.185855442559799 ], [ -0.07073947840433, 47.185921451474798 ], [ -0.070976509278423, 47.186349941058801 ], [ -0.070977188170444, 47.186351184396202 ], [ -0.069899970159933, 47.186556406201902 ], [ -0.071544373264882, 47.186243130974901 ], [ -0.071230638986477, 47.186634543477098 ], [ -0.070744655116933, 47.187229005716901 ], [ -0.070459780285058, 47.187528833324301 ], [ -0.070233004965639, 47.187746753629703 ], [ -0.070173721298353, 47.187791752122202 ], [ -0.070181156132501, 47.187806240616602 ], [ -0.070038660564802, 47.187877591481602 ], [ -0.069893753372048, 47.187948375435703 ], [ -0.069841938029533, 47.187973714955803 ], [ -0.069587918048298, 47.1880477521158 ], [ -0.069315368329384, 47.188100476715199 ], [ -0.068901585190406, 47.188144781620402 ], [ -0.068433942929243, 47.188194837136301 ], [ -0.068362549996042, 47.188219883988303 ], [ -0.068040177243025, 47.188332938860398 ], [ -0.067930177089272, 47.188371621978199 ], [ -0.067834592048047, 47.188419743463797 ], [ -0.067617566348368, 47.188558565892002 ], [ -0.067379968822987, 47.188904522877799 ], [ -0.067253668512394, 47.189088511391702 ], [ -0.067075857571401, 47.189347292506703 ], [ -0.067028019448661, 47.189416942593098 ], [ -0.066990070434001, 47.189472275725201 ], [ -0.066758034325592, 47.189855653749099 ], [ -0.066744018398203, 47.1898787291696 ], [ -0.066712629868316, 47.189930915243202 ], [ -0.066568159804602, 47.190169531698402 ], [ -0.066492687180172, 47.190264509618203 ], [ -0.066455215218535, 47.190330551295403 ], [ -0.066408134273908, 47.190413515183103 ], [ -0.066366809273579, 47.190425871665603 ], [ -0.066387621329131, 47.190454781788802 ], [ -0.06609958266741, 47.190690532793298 ], [ -0.065861450068824, 47.190832613287299 ], [ -0.065648564512786, 47.190958528273697 ], [ -0.065459258365562, 47.191090035136099 ], [ -0.065258636479364, 47.191229409286997 ], [ -0.065160839036239, 47.191310742122297 ], [ -0.064957555630881, 47.1914962250749 ], [ -0.064859727721632, 47.191607199920298 ], [ -0.064755610823651, 47.1917377117177 ], [ -0.064696400038369, 47.191811986275098 ], [ -0.064550449362915, 47.1918253095401 ], [ -0.064223936042893, 47.1908637108981 ], [ -0.064072672950378, 47.190502916639197 ], [ -0.063915244988643, 47.189959571198202 ], [ -0.063815257409731, 47.189716976661103 ], [ -0.063710039271212, 47.189428932009498 ], [ -0.063684749877985, 47.189346893340897 ], [ -0.063653166419622, 47.189244839774901 ], [ -0.063387085110938, 47.188383087287598 ], [ -0.063384487090217, 47.1883745969348 ], [ -0.063335285969003, 47.188181291955097 ], [ -0.063221700723358, 47.1878970720647 ], [ -0.063174234146745, 47.1877783204148 ], [ -0.063127053139394, 47.1876320819784 ], [ -0.063075912674908, 47.187474325925798 ], [ -0.062909964594664, 47.186966702163502 ], [ -0.062721079629248, 47.1863904012896 ] ] ], [ [ [ -0.072790349650309, 47.187788822212198 ], [ -0.07283479656542, 47.187745567568797 ], [ -0.073435578378443, 47.187675742284902 ], [ -0.07539517870533, 47.187452249662599 ], [ -0.075453987135931, 47.187484563641199 ], [ -0.075507041383687, 47.187723711425697 ], [ -0.075693316824538, 47.188503862083998 ], [ -0.075780228323615, 47.1888797773709 ], [ -0.075872203868942, 47.189265648814398 ], [ -0.075997552366738, 47.189805238698398 ], [ -0.073420293139935, 47.190101177104701 ], [ -0.073389412759972, 47.190044155132199 ], [ -0.073322081632073, 47.189890436533901 ], [ -0.073304828356317, 47.189715657511996 ], [ -0.073262430773506, 47.189563439308301 ], [ -0.073155837247517, 47.189180477039102 ], [ -0.073057238275804, 47.188803248798699 ], [ -0.072850807927118, 47.188028224843599 ], [ -0.072790349650309, 47.187788822212198 ] ] ], [ [ [ -0.052150422533821, 47.187975592090297 ], [ -0.052170845490406, 47.187972170620696 ], [ -0.053025475948436, 47.187829178886602 ], [ -0.053101406896352, 47.187816455138801 ], [ -0.053106054179196, 47.187826152972498 ], [ -0.05325160528797, 47.1878106020499 ], [ -0.053255982498011, 47.187801567171597 ], [ -0.053797760623939, 47.187727994807901 ], [ -0.05403986210762, 47.1876951204151 ], [ -0.054325766210794, 47.187665594668402 ], [ -0.05443035879752, 47.187654906825699 ], [ -0.054449490857825, 47.187719541024599 ], [ -0.054462560587191, 47.187763523130997 ], [ -0.054707736447018, 47.187684707664303 ], [ -0.055015201999216, 47.187588030775402 ], [ -0.055115404629835, 47.187551240381602 ], [ -0.055257721776223, 47.187536943484098 ], [ -0.055366560671222, 47.187549837821201 ], [ -0.055436789303518, 47.187574021947199 ], [ -0.056188908216449, 47.187941580053099 ], [ -0.056189966004701, 47.187960201888998 ], [ -0.056293275285072, 47.188003693620303 ], [ -0.056107307817722, 47.188231408911001 ], [ -0.055938273292566, 47.188438495506297 ], [ -0.055519244749058, 47.189004993547698 ], [ -0.055271650395516, 47.189339204679897 ], [ -0.055111997574917, 47.189583611988702 ], [ -0.054821282003139, 47.190094195235901 ], [ -0.054808434966099, 47.190121652902299 ], [ -0.054570206031903, 47.190627967337598 ], [ -0.054568567870722, 47.190631704464302 ], [ -0.054404252037852, 47.190640454159897 ], [ -0.053630652905577, 47.190681942615697 ], [ -0.052752837920113, 47.190729237042298 ], [ -0.052739133463798, 47.190729958771001 ], [ -0.052150422533821, 47.187975592090297 ] ] ], [ [ [ -0.05825252804092, 47.189621334158097 ], [ -0.058300397367921, 47.189610159158804 ], [ -0.058308096477383, 47.1896084241572 ], [ -0.058535176012138, 47.189555305488398 ], [ -0.058808571303364, 47.189491592764298 ], [ -0.058980878678214, 47.189451452502503 ], [ -0.059089923823196, 47.189426047405597 ], [ -0.059017604266119, 47.189214071457101 ], [ -0.059005534012278, 47.189178442258303 ], [ -0.059005224046602, 47.189177639588401 ], [ -0.05896159879045, 47.189049595244697 ], [ -0.058859834903056, 47.189091475540501 ], [ -0.058854000853339, 47.189074871911103 ], [ -0.058838298138874, 47.189031139975299 ], [ -0.05882746789263, 47.188998721437201 ], [ -0.058745237424198, 47.1887518699182 ], [ -0.058892100887515, 47.1887291597154 ], [ -0.058860067541609, 47.188632973165902 ], [ -0.058853851976871, 47.188614307417197 ], [ -0.05884746864998, 47.188595015431801 ], [ -0.058814337821126, 47.188495794616799 ], [ -0.05869734287, 47.188513841515601 ], [ -0.058614464527341, 47.188350885970102 ], [ -0.058595193176176, 47.1882931933742 ], [ -0.058590746417775, 47.188280066806698 ], [ -0.058583260486047, 47.188257650593002 ], [ -0.058546618588271, 47.188147801094601 ], [ -0.058517168100707, 47.188059835010101 ], [ -0.058437725917046, 47.1878224597273 ], [ -0.05873692282887, 47.187773381521801 ], [ -0.058814826667569, 47.1877605117703 ], [ -0.058872460445404, 47.187751420976603 ], [ -0.058943705752338, 47.187739988404203 ], [ -0.059004090233392, 47.187730464481497 ], [ -0.059273389065868, 47.187687850872202 ], [ -0.059674981664692, 47.1876243519011 ], [ -0.059984587040694, 47.1875770675274 ], [ -0.06028318385033, 47.187531424746297 ], [ -0.06058768259884, 47.1874849944844 ], [ -0.060780542988139, 47.187455479819803 ], [ -0.060981005741863, 47.187424862864702 ], [ -0.060983756457255, 47.187424429752902 ], [ -0.061704372973899, 47.187314377677403 ], [ -0.061457884369641, 47.186487330474002 ], [ -0.061717733733121, 47.186452979355501 ], [ -0.061727585183793, 47.186484432519997 ], [ -0.061890139191651, 47.186461213235198 ], [ -0.062035133449644, 47.186440620467401 ], [ -0.062165704290299, 47.186422030750599 ], [ -0.062291560367635, 47.186404196269002 ], [ -0.062447430081848, 47.186381963862701 ], [ -0.062543652786326, 47.186368246541598 ], [ -0.062643072352274, 47.186403726967598 ], [ -0.062681248207623, 47.1865218236643 ], [ -0.062842168394524, 47.1870201207091 ], [ -0.062977621652012, 47.187416922694098 ], [ -0.063057416485302, 47.187650862443498 ], [ -0.0630664696483, 47.187677561551503 ], [ -0.06319327904834, 47.188047833527598 ], [ -0.06323405375924, 47.188181357739701 ], [ -0.062026070791145, 47.188362061623501 ], [ -0.062071110114333, 47.1885032215961 ], [ -0.063271930892339, 47.188305768836798 ], [ -0.063368691247709, 47.188589262608403 ], [ -0.063438800547256, 47.188794627720704 ], [ -0.063458497477568, 47.188899158169598 ], [ -0.0635005141231, 47.1890173331402 ], [ -0.063633695990231, 47.189390319050901 ], [ -0.063828127085886, 47.189973138631601 ], [ -0.063488187077241, 47.190017091228697 ], [ -0.063331275926898, 47.190037460283399 ], [ -0.062902129705774, 47.190093141364002 ], [ -0.062648658253936, 47.190126064592498 ], [ -0.062507490439313, 47.190144394330702 ], [ -0.062461441112863, 47.190150387482603 ], [ -0.062340417730053, 47.190176653153699 ], [ -0.062162861378253, 47.190215135323399 ], [ -0.061901751345513, 47.190271773880099 ], [ -0.061773931620113, 47.190299389926402 ], [ -0.06155890906556, 47.190346069600203 ], [ -0.061368430041557, 47.190387414917701 ], [ -0.06129192060162, 47.190403943339398 ], [ -0.06132378345464, 47.190429679043902 ], [ -0.061375505548011, 47.190418851384401 ], [ -0.061451791999232, 47.1904030495688 ], [ -0.061574836806916, 47.190377452164299 ], [ -0.061996880086884, 47.190289799816298 ], [ -0.062112376587944, 47.1902639509807 ], [ -0.062291424584961, 47.190223807718603 ], [ -0.062436808630866, 47.190191311804803 ], [ -0.062521894159147, 47.190172213266798 ], [ -0.06261657467341, 47.190156825060001 ], [ -0.062709597067617, 47.190144814177401 ], [ -0.062894195207198, 47.190120920551699 ], [ -0.062990105403239, 47.190108562755803 ], [ -0.063083254476606, 47.190096458121403 ], [ -0.063256559409043, 47.190073853744401 ], [ -0.063376349243254, 47.190058431220599 ], [ -0.063571178787566, 47.1900331846334 ], [ -0.063686280310717, 47.190021309479398 ], [ -0.063845396206725, 47.190004845805497 ], [ -0.06396828988962, 47.190350264001097 ], [ -0.063789180421049, 47.190368428148403 ], [ -0.063917089014651, 47.190799574860698 ], [ -0.064117933681114, 47.1907893944176 ], [ -0.064130326734045, 47.190823663182201 ], [ -0.064144636474938, 47.190863737440097 ], [ -0.064271609629867, 47.191218056908802 ], [ -0.064341937138398, 47.191429452087597 ], [ -0.064384048576988, 47.191556183309899 ], [ -0.064494167609618, 47.191853557651598 ], [ -0.064494676260919, 47.191855526293701 ], [ -0.064513819221014, 47.191934033533698 ], [ -0.064478487566527, 47.1919657814232 ], [ -0.064257223139626, 47.1920329026986 ], [ -0.06390596301656, 47.192147520458199 ], [ -0.063583630321075, 47.192264164653402 ], [ -0.063240461611595, 47.192365412247298 ], [ -0.063045604386106, 47.192422822893001 ], [ -0.062850082119709, 47.192470880849399 ], [ -0.062373027993265, 47.192676754700997 ], [ -0.062340708533587, 47.192675537330103 ], [ -0.061832212316915, 47.192907287007799 ], [ -0.061563333663191, 47.192955390561202 ], [ -0.061556395311752, 47.192956565077701 ], [ -0.061104865907668, 47.1930374267045 ], [ -0.06108276175244, 47.193041524823101 ], [ -0.061010684230859, 47.192885132601297 ], [ -0.060941642537497, 47.192728660078203 ], [ -0.060925065653865, 47.192720719438903 ], [ -0.060898558188163, 47.192719438110103 ], [ -0.060723078417306, 47.192757412411297 ], [ -0.060699907608805, 47.192705589355199 ], [ -0.0606549235285, 47.192595600658798 ], [ -0.060577499098533, 47.192431150843099 ], [ -0.060566880885356, 47.1924326928619 ], [ -0.060557257146668, 47.192400602971098 ], [ -0.060556051852402, 47.192395679579199 ], [ -0.06052231426032, 47.1922696268309 ], [ -0.060420471085491, 47.192282319472703 ], [ -0.060409246263963, 47.1922453166395 ], [ -0.060354972167344, 47.192064938521398 ], [ -0.06032146960997, 47.191984828210799 ], [ -0.060379581417957, 47.191979418075 ], [ -0.060572045997396, 47.1919589242504 ], [ -0.060615138483339, 47.191954361495903 ], [ -0.060599552109155, 47.191838370105501 ], [ -0.06058597239611, 47.191736740948301 ], [ -0.060576242141945, 47.191660957540002 ], [ -0.060564550301915, 47.1915692790744 ], [ -0.060222468758192, 47.191619945401797 ], [ -0.060074896106152, 47.191639612569602 ], [ -0.060056657941277, 47.191560630369999 ], [ -0.06005529003876, 47.191555170697796 ], [ -0.060033505340014, 47.191490517318599 ], [ -0.060006403475601, 47.191397444189697 ], [ -0.060144581029948, 47.191379917416903 ], [ -0.060162430120974, 47.191377238309101 ], [ -0.060111486097077, 47.191234927497398 ], [ -0.060098404491764, 47.191176891354999 ], [ -0.059926664041526, 47.191201521717602 ], [ -0.059757405295845, 47.1912256357583 ], [ -0.05972039753267, 47.191090839852201 ], [ -0.059442672768011, 47.1911366498109 ], [ -0.059291970705857, 47.191159371857601 ], [ -0.059241641855804, 47.191166828207201 ], [ -0.059061983829722, 47.1911940089675 ], [ -0.059047381109218, 47.191160338704101 ], [ -0.059094492377215, 47.191003318862798 ], [ -0.059195694726891, 47.190877123941497 ], [ -0.059113108119053, 47.190847232094001 ], [ -0.059087904883101, 47.190785191555896 ], [ -0.058876226419551, 47.190827993760799 ], [ -0.058613257556387, 47.190317342629498 ], [ -0.058855501781736, 47.190277517309497 ], [ -0.058852498249573, 47.190268857400397 ], [ -0.058755132542521, 47.189992944601499 ], [ -0.058797514649283, 47.189992185261303 ], [ -0.058796395606556, 47.189963204073997 ], [ -0.058749516392242, 47.189963902034698 ], [ -0.058658138492842, 47.189965325104197 ], [ -0.058593169471583, 47.189966320718 ], [ -0.05844566948782, 47.189968595577596 ], [ -0.058409879075884, 47.189929538645302 ], [ -0.058399738160868, 47.1899185445969 ], [ -0.05825252804092, 47.189621334158097 ] ] ], [ [ [ -0.054278201385735, 47.192349913294997 ], [ -0.054389240279667, 47.191791456843603 ], [ -0.054395923622754, 47.191757855194098 ], [ -0.05449123014937, 47.191415861945202 ], [ -0.05469425403356, 47.190857410662197 ], [ -0.05478891452324, 47.190620485131703 ], [ -0.055208014861708, 47.189875690031002 ], [ -0.05556739111532, 47.189315182618003 ], [ -0.056096278777478, 47.188670104445102 ], [ -0.056562903342503, 47.188599584266903 ], [ -0.056553111420018, 47.188687775945198 ], [ -0.056832016924932, 47.188662933670003 ], [ -0.0568717271225, 47.188659362500097 ], [ -0.056931302631761, 47.188654185640701 ], [ -0.056928474672161, 47.188639304463798 ], [ -0.057125740978056, 47.188582560985303 ], [ -0.057139819991812, 47.188618677880797 ], [ -0.057336729540871, 47.188609153490503 ], [ -0.057467087041413, 47.1886355325518 ], [ -0.057558404883819, 47.188654023052798 ], [ -0.057652143046296, 47.188756959137002 ], [ -0.058078933052629, 47.189522580077501 ], [ -0.057686345422461, 47.189577366246297 ], [ -0.057421601693774, 47.189614269642199 ], [ -0.057373740503242, 47.189620939285902 ], [ -0.05775629387255, 47.190401153626098 ], [ -0.058055054145281, 47.190376685216897 ], [ -0.05829017297608, 47.190841583882097 ], [ -0.05838190925208, 47.191023135540803 ], [ -0.058383382376518, 47.191025799490603 ], [ -0.058448921093743, 47.191155697668798 ], [ -0.057965643632497, 47.191214952289599 ], [ -0.058000039634236, 47.191389910081099 ], [ -0.058023481774217, 47.191479116051902 ], [ -0.058062811664212, 47.191629257357299 ], [ -0.058096386537195, 47.191757206991397 ], [ -0.058112824631315, 47.191823173130302 ], [ -0.058139564106469, 47.191930851634403 ], [ -0.058159804743584, 47.192010231638598 ], [ -0.057974935804157, 47.1920504318946 ], [ -0.057947207141153, 47.192053236447499 ], [ -0.057733777982855, 47.192074639925202 ], [ -0.057766205770172, 47.192191718372797 ], [ -0.057476397623807, 47.192236671283801 ], [ -0.057085097737156, 47.192300520443702 ], [ -0.056795005451074, 47.192335838919199 ], [ -0.05618621992867, 47.192375334877902 ], [ -0.055852555121139, 47.192371888887898 ], [ -0.05535996065856, 47.192365068033503 ], [ -0.054983103926708, 47.192359786180901 ], [ -0.054595800906194, 47.192354418321599 ], [ -0.054278201385735, 47.192349913294997 ] ] ], [ [ [ -0.040048059865808, 47.190545123609702 ], [ -0.040090724558396, 47.190516614557197 ], [ -0.04029999687556, 47.190545625579098 ], [ -0.040844433871311, 47.190621242061098 ], [ -0.041793562859063, 47.190752894553803 ], [ -0.041818719497696, 47.190760702528202 ], [ -0.042481957058151, 47.190849947776499 ], [ -0.042042992577891, 47.191877750631903 ], [ -0.041460048090547, 47.192884016619601 ], [ -0.041466039420373, 47.192898814946197 ], [ -0.041442525355417, 47.192927091678797 ], [ -0.041327774908818, 47.192814424417797 ], [ -0.040979747080302, 47.192498414183298 ], [ -0.040710432775428, 47.192253762915897 ], [ -0.040442959129702, 47.191905994474602 ], [ -0.040365211930709, 47.191687934929497 ], [ -0.040217148204357, 47.191051159974997 ], [ -0.040155760418589, 47.190867627419898 ], [ -0.040099582103722, 47.190699093943003 ], [ -0.040048059865808, 47.190545123609702 ] ] ], [ [ [ -0.037979189666725, 47.192268790094602 ], [ -0.038254346302623, 47.1911543982079 ], [ -0.038318024914448, 47.190901183129803 ], [ -0.038397574498281, 47.190924322013998 ], [ -0.038414700793487, 47.190932701834903 ], [ -0.038489881199466, 47.190974424706603 ], [ -0.038565604983496, 47.191018746014002 ], [ -0.038678104495463, 47.191082373367202 ], [ -0.039991398771409, 47.190728242193202 ], [ -0.040073985736569, 47.190950139076897 ], [ -0.040108802953159, 47.191093826762099 ], [ -0.040171517033093, 47.191352283240697 ], [ -0.040257320173608, 47.191705903978203 ], [ -0.040331903211805, 47.191907739545201 ], [ -0.040382517737995, 47.191991820137602 ], [ -0.040622182330818, 47.192308245334999 ], [ -0.040718166963283, 47.192395278644703 ], [ -0.040773885698744, 47.192445709829698 ], [ -0.040822791992298, 47.192490193471997 ], [ -0.041485227736994, 47.193090933228703 ], [ -0.041482400804087, 47.193094701368402 ], [ -0.041464190636569, 47.193118604327402 ], [ -0.040464136600008, 47.192853684152198 ], [ -0.04039356314552, 47.192835085912698 ], [ -0.040300172542616, 47.1928103296842 ], [ -0.039051229978698, 47.192479496778098 ], [ -0.039011646845292, 47.192469003644099 ], [ -0.038550494670267, 47.192379930696198 ], [ -0.037979189666725, 47.192268790094602 ] ] ], [ [ [ -0.072465697887594, 47.190842597825799 ], [ -0.0737746843774, 47.190675772072403 ], [ -0.073840164781038, 47.190757732932099 ], [ -0.074279715052439, 47.191293576565101 ], [ -0.074365638475991, 47.1913909413406 ], [ -0.074477093307879, 47.191599707686102 ], [ -0.074592084819744, 47.191805587031901 ], [ -0.074550721016571, 47.191847318820599 ], [ -0.074184020446189, 47.191881021593503 ], [ -0.073748439981197, 47.191944481639801 ], [ -0.073242349599754, 47.192009180966103 ], [ -0.0731626000809, 47.191985169929197 ], [ -0.073057041767233, 47.191782372490103 ], [ -0.072522771270126, 47.190932440645902 ], [ -0.072465697887594, 47.190842597825799 ] ] ], [ [ [ -0.03664890789405, 47.193198595366802 ], [ -0.03705999707096, 47.192337591756797 ], [ -0.037162941148023, 47.192121908073403 ], [ -0.037420694448592, 47.192180825342803 ], [ -0.037410497680637, 47.1922038867488 ], [ -0.037782111016568, 47.192277925181898 ], [ -0.037968583021903, 47.192315016597597 ], [ -0.038310929573733, 47.192383334481903 ], [ -0.038427759260405, 47.192406576230198 ], [ -0.038863013691614, 47.1924934463635 ], [ -0.039032203054321, 47.192524052426698 ], [ -0.039120582441727, 47.192546688824898 ], [ -0.039339873919315, 47.192603187887897 ], [ -0.039873005736967, 47.192740370463 ], [ -0.040153715323987, 47.192819490925501 ], [ -0.040536760205315, 47.192920248933 ], [ -0.041458185397844, 47.193162007498401 ], [ -0.041446965649596, 47.193192664112601 ], [ -0.04040117960765, 47.1937579949659 ], [ -0.040376667468341, 47.193761611746801 ], [ -0.040216117734805, 47.193785738364497 ], [ -0.039934458553985, 47.193764753859597 ], [ -0.039505490557453, 47.193733220680201 ], [ -0.039228482140904, 47.193719680323603 ], [ -0.03919772582874, 47.193715712627601 ], [ -0.038605529407399, 47.193639809511502 ], [ -0.038370276679901, 47.193609675048002 ], [ -0.038193607615971, 47.193587102437398 ], [ -0.038127881601925, 47.193567744960099 ], [ -0.037704938359932, 47.193457935202296 ], [ -0.037597629224988, 47.193430118378799 ], [ -0.037251946334076, 47.193340263116198 ], [ -0.037189393639452, 47.193325596884101 ], [ -0.036920274793137, 47.193262111998102 ], [ -0.036809905645487, 47.193236266708098 ], [ -0.03664890789405, 47.193198595366802 ] ] ], [ [ [ -0.035949684533741, 47.201053509804296 ], [ -0.035951136007655, 47.200992568128001 ], [ -0.036713626802314, 47.200046767806299 ], [ -0.036774485295976, 47.200010215295798 ], [ -0.036839913613598, 47.2000101211488 ], [ -0.037609046610667, 47.200008777729401 ], [ -0.03788569547315, 47.2000083675902 ], [ -0.038137224890676, 47.200007895079501 ], [ -0.038407923868444, 47.2000074596072 ], [ -0.038982233955918, 47.200006533886103 ], [ -0.039433612105201, 47.200005678734897 ], [ -0.0395303635506, 47.2000054816654 ], [ -0.039621962163634, 47.200005329678199 ], [ -0.040557381817297, 47.200003836119897 ], [ -0.040724207209121, 47.200008555164302 ], [ -0.040953985474362, 47.200032522699601 ], [ -0.042018585327253, 47.200143756633999 ], [ -0.041037566079565, 47.201499226069302 ], [ -0.041157636754564, 47.2015349936297 ], [ -0.040924210268764, 47.201848795627498 ], [ -0.040865976319988, 47.201927085150203 ], [ -0.040824818540554, 47.201982402668797 ], [ -0.0407842748977, 47.202036893194801 ], [ -0.040694948629879, 47.202156811748097 ], [ -0.040662755133425, 47.2022000013717 ], [ -0.040626277259809, 47.202249249700401 ], [ -0.040430322938108, 47.202512784999001 ], [ -0.040293563309509, 47.202483491116503 ], [ -0.040078653443444, 47.202437418991202 ], [ -0.039889174637464, 47.202396895410601 ], [ -0.039676281039752, 47.202351400287696 ], [ -0.039494769062617, 47.2023185051575 ], [ -0.039300936623996, 47.202299176952401 ], [ -0.039061356066095, 47.202275012697001 ], [ -0.038919669113064, 47.202261432831399 ], [ -0.038699248535912, 47.202227755619901 ], [ -0.038551900558767, 47.202205224342002 ], [ -0.038431221829697, 47.202186768134297 ], [ -0.038302515930017, 47.202154918187702 ], [ -0.038172205871474, 47.202122749810897 ], [ -0.037996658887415, 47.2020456398307 ], [ -0.037535193599131, 47.201842419976501 ], [ -0.037381337078121, 47.201774830702 ], [ -0.037313961190283, 47.2017451550158 ], [ -0.037248753220037, 47.201716413467999 ], [ -0.037155495390177, 47.201675524087399 ], [ -0.037066563216923, 47.2016363230723 ], [ -0.036868538780728, 47.201542683062002 ], [ -0.036688319632088, 47.201457675328399 ], [ -0.036497332899012, 47.201359886019603 ], [ -0.035986948306119, 47.201074335636498 ], [ -0.035949684533741, 47.201053509804296 ] ] ], [ [ [ -0.069335245161712, 47.203155044086003 ], [ -0.069648426315657, 47.2031828713002 ], [ -0.070809209543626, 47.203286068642001 ], [ -0.071472269123792, 47.203345335911102 ], [ -0.071533750844578, 47.203359381866399 ], [ -0.071949950703857, 47.2034155534717 ], [ -0.072504780938661, 47.203496335632899 ], [ -0.072564254181835, 47.203505298888402 ], [ -0.072939150092643, 47.203620584474102 ], [ -0.073024109391941, 47.2036429261398 ], [ -0.073068018759726, 47.203654824823602 ], [ -0.073248084400734, 47.203703563221801 ], [ -0.073369904385407, 47.203734746857499 ], [ -0.073630204221539, 47.203799464550002 ], [ -0.073736357837613, 47.2038248470109 ], [ -0.073819413228091, 47.20384624759 ], [ -0.073923211449699, 47.203878990154102 ], [ -0.074017413416499, 47.203896490895701 ], [ -0.074182357359467, 47.203932745592098 ], [ -0.074258147981206, 47.203947311249102 ], [ -0.074327014578035, 47.203963322010601 ], [ -0.074581304709617, 47.2040130610796 ], [ -0.074636609698009, 47.2040207825222 ], [ -0.074673869981974, 47.2040273613054 ], [ -0.074700050758045, 47.204032071944397 ], [ -0.074715284021738, 47.204034910941701 ], [ -0.074799051572596, 47.204050255513899 ], [ -0.074830106129403, 47.204054656528001 ], [ -0.074906020527752, 47.2040644434095 ], [ -0.074983414390017, 47.2040700465543 ], [ -0.075258446681584, 47.204073284571002 ], [ -0.075718601575833, 47.2040934085732 ], [ -0.07580819626694, 47.204099678180498 ], [ -0.075915175745301, 47.204107107691101 ], [ -0.076003894538168, 47.204116553765097 ], [ -0.076116947903057, 47.204126164249502 ], [ -0.075854328508727, 47.205091308143203 ], [ -0.075886540917865, 47.205095137563902 ], [ -0.07573261136459, 47.205686199471899 ], [ -0.075741258576433, 47.205687141059798 ], [ -0.075916904717349, 47.205706982070197 ], [ -0.075929146944202, 47.205708368735003 ], [ -0.076027333357316, 47.205719185117403 ], [ -0.07609840037764, 47.2057273882114 ], [ -0.076174694407297, 47.205732208975398 ], [ -0.076166153459984, 47.205730814118198 ], [ -0.076640813439479, 47.204183063187301 ], [ -0.076749293322584, 47.204193605427101 ], [ -0.076826055084017, 47.204202017114604 ], [ -0.076943906129752, 47.2042307798378 ], [ -0.077026783295819, 47.204249029546702 ], [ -0.077027722745925, 47.204249274872602 ], [ -0.077273042736488, 47.2043085263401 ], [ -0.077710384250383, 47.204419704937699 ], [ -0.07808760462771, 47.204441302912997 ], [ -0.078324812068123, 47.204434997843698 ], [ -0.078412823156367, 47.204434370171299 ], [ -0.078473605811639, 47.204433835569802 ], [ -0.078405433248634, 47.205074427440699 ], [ -0.078294361926599, 47.205651560641599 ], [ -0.078070337781024, 47.2065928897267 ], [ -0.078059903207121, 47.206636953609198 ], [ -0.076727216706516, 47.206578666548602 ], [ -0.076609555053032, 47.206571791726603 ], [ -0.076462166070671, 47.2065652559955 ], [ -0.076308475019518, 47.206557175660997 ], [ -0.075991523133004, 47.206528565066698 ], [ -0.075949261877956, 47.206524732263397 ], [ -0.075882820979818, 47.2065188387704 ], [ -0.075712191971555, 47.206503549376102 ], [ -0.075541695067373, 47.206488256224802 ], [ -0.075371187972274, 47.206472782904399 ], [ -0.075181965107162, 47.2064560043884 ], [ -0.075043265066677, 47.206444190788403 ], [ -0.074871223888175, 47.2064273159423 ], [ -0.074860575895239, 47.206426067026101 ], [ -0.074719405599603, 47.206410354420399 ], [ -0.074512766827212, 47.206391874905499 ], [ -0.074363657429644, 47.206378354738099 ], [ -0.074244988509751, 47.206367720257099 ], [ -0.074126055622989, 47.206357092662401 ], [ -0.073974897801709, 47.206340112644597 ], [ -0.073839745417478, 47.206325590680798 ], [ -0.073622303444473, 47.206300819350197 ], [ -0.073437750071392, 47.206280130072599 ], [ -0.073255793996301, 47.206263245691098 ], [ -0.072776574106801, 47.206217489588397 ], [ -0.072353830360927, 47.206195279847599 ], [ -0.072243245132677, 47.206191906814801 ], [ -0.07242198251923, 47.205062412060698 ], [ -0.07232952718194, 47.2050546840712 ], [ -0.072197572253343, 47.205040525933903 ], [ -0.072134083926991, 47.205035362881198 ], [ -0.071749150264081, 47.2049921469455 ], [ -0.071574922072979, 47.204976226310698 ], [ -0.071547417505397, 47.204973802461602 ], [ -0.071156701796863, 47.204938125769502 ], [ -0.07043508585699, 47.2048747327228 ], [ -0.069544464621032, 47.204796534461998 ], [ -0.069612458354722, 47.204533185074702 ], [ -0.06968436347471, 47.204146120904603 ], [ -0.069707062797953, 47.204001816888997 ], [ -0.069703378828018, 47.203877042169097 ], [ -0.06967656946306, 47.203713058215001 ], [ -0.069600570693821, 47.203495600022599 ], [ -0.06950776569124, 47.2033473301233 ], [ -0.06944053195095, 47.203260278006198 ], [ -0.069335245161712, 47.203155044086003 ] ] ], [ [ [ -0.078128543077158, 47.206598099907602 ], [ -0.078275863578716, 47.205917384535198 ], [ -0.07842691199811, 47.2052556699226 ], [ -0.078535646696399, 47.204432186337897 ], [ -0.078641841745321, 47.204435129415899 ], [ -0.078736516596896, 47.204437747990603 ], [ -0.078949505484707, 47.2044494739961 ], [ -0.079103162724508, 47.204447821225799 ], [ -0.079212457026743, 47.204447167638499 ], [ -0.079273420510301, 47.204456718551803 ], [ -0.079465200251576, 47.204490540480599 ], [ -0.079513773604012, 47.204509970906102 ], [ -0.07981833419186, 47.2046271050786 ], [ -0.080170831783317, 47.204759451056603 ], [ -0.08044309678924, 47.204855098821803 ], [ -0.08067611834666, 47.204934941966002 ], [ -0.080763640548756, 47.204955768373402 ], [ -0.080772755879491, 47.204957958475802 ], [ -0.080768843656173, 47.205051221773701 ], [ -0.080493493863738, 47.205409560153299 ], [ -0.080378213463226, 47.205534256019902 ], [ -0.080318962138704, 47.205619260831398 ], [ -0.080237544127793, 47.205912796540602 ], [ -0.080156511208051, 47.206261550674903 ], [ -0.080111473092693, 47.206386990741898 ], [ -0.080064263992237, 47.2064906853157 ], [ -0.07999264730216, 47.206814592606797 ], [ -0.079925799924743, 47.206815469411097 ], [ -0.079261225551413, 47.206730702273603 ], [ -0.07918734201616, 47.206726450079998 ], [ -0.079125825447649, 47.206714210892002 ], [ -0.079003245595236, 47.206697648801303 ], [ -0.078571442223117, 47.206655881363702 ], [ -0.078128543077158, 47.206598099907602 ] ] ], [ [ [ -0.064355845445408, 47.2018625957556 ], [ -0.064694882343062, 47.200933749923102 ], [ -0.064729748444643, 47.200838046822 ], [ -0.064754347012495, 47.200766310533702 ], [ -0.064770338929192, 47.200719848542697 ], [ -0.064785895106052, 47.200675019797501 ], [ -0.064800629816604, 47.200632014698201 ], [ -0.064831661284522, 47.200552540112199 ], [ -0.0648650634609, 47.200445073189798 ], [ -0.064915109363929, 47.200379150196497 ], [ -0.065540468657544, 47.200294935091698 ], [ -0.065805804911551, 47.2002351145996 ], [ -0.066129748324482, 47.200143649798299 ], [ -0.066346586565629, 47.200067903918601 ], [ -0.06653323128132, 47.199988902897999 ], [ -0.066587839408442, 47.199968266424399 ], [ -0.066821182129078, 47.1998690180857 ], [ -0.066988711703143, 47.199807190211601 ], [ -0.067214979269916, 47.199799485304602 ], [ -0.067944632164251, 47.199764029045603 ], [ -0.06852246140474, 47.199736645751699 ], [ -0.068721831642977, 47.199727848726702 ], [ -0.068927573308819, 47.199719513167203 ], [ -0.069039227376628, 47.199716373801998 ], [ -0.069161848390956, 47.199731683545401 ], [ -0.069234629683106, 47.199767774839998 ], [ -0.069261309495956, 47.199795177519697 ], [ -0.069303783601809, 47.199856127607397 ], [ -0.069314828599071, 47.199998726516299 ], [ -0.069308505296426, 47.200325761026498 ], [ -0.069273701369499, 47.200579942271702 ], [ -0.069114785963623, 47.201070760504699 ], [ -0.069013839755258, 47.2014469721151 ], [ -0.068960917114542, 47.201738121985201 ], [ -0.068928554411991, 47.201921603320997 ], [ -0.068874936599442, 47.2024114321311 ], [ -0.068875663327823, 47.2026419673034 ], [ -0.0688916609452, 47.202855159812103 ], [ -0.068953121192897, 47.202959213088498 ], [ -0.069084900456879, 47.2031001438122 ], [ -0.069059699529692, 47.203126488909497 ], [ -0.068668131674855, 47.203059383457003 ], [ -0.068605916945223, 47.203048688964799 ], [ -0.068428889740849, 47.203018332574899 ], [ -0.068135572804036, 47.202967902432 ], [ -0.067992062697373, 47.202943414537302 ], [ -0.067695532430192, 47.202892257571897 ], [ -0.067639345253338, 47.202882934520801 ], [ -0.067471517142245, 47.202833052586897 ], [ -0.067216949726032, 47.202757358071999 ], [ -0.066253413252299, 47.202484658761399 ], [ -0.066134002953729, 47.202446917142503 ], [ -0.065927763451771, 47.202384085266097 ], [ -0.065727577123173, 47.202323074883203 ], [ -0.06567497651359, 47.202307078989897 ], [ -0.06552228306033, 47.202260577659601 ], [ -0.065361922475428, 47.202211756416801 ], [ -0.065171964018097, 47.202153897990101 ], [ -0.064906662600747, 47.202072986850197 ], [ -0.064757738148535, 47.202027646125401 ], [ -0.064607737471095, 47.201981973314801 ], [ -0.064546931964996, 47.2019634911994 ], [ -0.064392757747685, 47.201916487040201 ], [ -0.064355845445408, 47.2018625957556 ] ] ], [ [ [ -0.064390766546106, 47.198999611356101 ], [ -0.064457388221399, 47.198964783251597 ], [ -0.064580369435759, 47.198900624047802 ], [ -0.064588839841277, 47.198896165388497 ], [ -0.064638261616862, 47.1988703514428 ], [ -0.064688896873353, 47.198844955835398 ], [ -0.064820085202792, 47.198778687141697 ], [ -0.064875356535916, 47.198765061343899 ], [ -0.064925723751457, 47.198751204941502 ], [ -0.065446350355144, 47.198594712310197 ], [ -0.065728481591233, 47.1985166082086 ], [ -0.065534399147305, 47.198323536353399 ], [ -0.065616334939935, 47.198288392200901 ], [ -0.065644467388003, 47.198276385460098 ], [ -0.065666793681699, 47.198266874914403 ], [ -0.06568723756587, 47.198259126016502 ], [ -0.065868411892549, 47.198193244459098 ], [ -0.065850930363079, 47.1981787514557 ], [ -0.065822773102412, 47.198155531553098 ], [ -0.06593294974462, 47.198112611987199 ], [ -0.066019715876606, 47.198074096196002 ], [ -0.066086271354013, 47.198042782563498 ], [ -0.066238635436689, 47.197977032580098 ], [ -0.066354801825203, 47.197925575093997 ], [ -0.066277001864683, 47.197840783183601 ], [ -0.066206688353254, 47.197762099673 ], [ -0.066400540801575, 47.1976775019941 ], [ -0.066525485210327, 47.197620045734503 ], [ -0.066660993453226, 47.197606456398503 ], [ -0.066903924432104, 47.1976013737833 ], [ -0.067093022904184, 47.197593391984299 ], [ -0.06743939721331, 47.197554845604003 ], [ -0.067553830231328, 47.1975541566121 ], [ -0.067676151151555, 47.1976199293048 ], [ -0.067949320488792, 47.197813605243397 ], [ -0.068470692759318, 47.1982243210023 ], [ -0.068491408589761, 47.198246836530203 ], [ -0.068632811227505, 47.198496438309299 ], [ -0.068540167785951, 47.198526913127203 ], [ -0.068734601398872, 47.198867277303499 ], [ -0.06883641702964, 47.198842325384902 ], [ -0.068857488830585, 47.198873390504502 ], [ -0.068588704493966, 47.198939796544202 ], [ -0.068814655114134, 47.199320499080798 ], [ -0.068886006663507, 47.199442759889102 ], [ -0.068993547888903, 47.199627038360802 ], [ -0.06823611788841, 47.199662156151 ], [ -0.067943927816947, 47.1996566537821 ], [ -0.067730793347385, 47.199662840964898 ], [ -0.06724939150425, 47.199700549847798 ], [ -0.066973192078756, 47.1997111990432 ], [ -0.066743579963788, 47.199711243848398 ], [ -0.066626399954227, 47.199710202755099 ], [ -0.066083883056375, 47.199656726878899 ], [ -0.065708463863387, 47.199601077118402 ], [ -0.065459532374717, 47.199549735876197 ], [ -0.065314004008698, 47.199519802511197 ], [ -0.065070200363941, 47.199449404663497 ], [ -0.064755664939389, 47.199295287701197 ], [ -0.064612349890895, 47.199197453032497 ], [ -0.064571061940007, 47.199122415082797 ], [ -0.064490085994584, 47.199076987706498 ], [ -0.064476561549494, 47.199076264478499 ], [ -0.064390766546106, 47.198999611356101 ] ] ], [ [ [ -0.060902462053435, 47.199889575696403 ], [ -0.061059871413614, 47.199433767176103 ], [ -0.06113893322617, 47.199206348862504 ], [ -0.061213551034134, 47.198986796136303 ], [ -0.06093895346252, 47.1989442324465 ], [ -0.061004422161998, 47.1987427605618 ], [ -0.061099226992884, 47.198496997064503 ], [ -0.061188470118658, 47.198257579033601 ], [ -0.061188549823316, 47.198257585935998 ], [ -0.061450552256819, 47.198303265903 ], [ -0.061518343062376, 47.198101299755898 ], [ -0.061535400855058, 47.198050305268403 ], [ -0.061627225330388, 47.198072743754999 ], [ -0.061601785843359, 47.198122788630798 ], [ -0.061767654382814, 47.198161828901 ], [ -0.061795331257, 47.198109292250898 ], [ -0.061781720135984, 47.198148843631401 ], [ -0.06170079087429, 47.198389826266897 ], [ -0.06196910095901, 47.1984520149581 ], [ -0.062150496514967, 47.198494428131703 ], [ -0.06226035041311, 47.198520083267198 ], [ -0.062329612703296, 47.1985362706411 ], [ -0.062443619875159, 47.198562896913302 ], [ -0.062464385392053, 47.198567753446 ], [ -0.06248059672101, 47.198571559181801 ], [ -0.062456141259044, 47.198608694587698 ], [ -0.063022419772128, 47.1987361575408 ], [ -0.063043801771471, 47.198705409985699 ], [ -0.063075681273264, 47.198712765378502 ], [ -0.063226234448378, 47.198747433700198 ], [ -0.063440684123907, 47.198796898886798 ], [ -0.063531202242424, 47.198821893144498 ], [ -0.063595399703239, 47.198839655303601 ], [ -0.063567640034569, 47.198876788281098 ], [ -0.063561136456545, 47.198885609503101 ], [ -0.063482675930438, 47.198979492491198 ], [ -0.0634790133985, 47.198984814919903 ], [ -0.063319802845883, 47.199213634667302 ], [ -0.063378526145922, 47.199237397969902 ], [ -0.06307533013859, 47.199663010602997 ], [ -0.062619412509012, 47.200280690443201 ], [ -0.062037710128972, 47.200131019122601 ], [ -0.062015360138699, 47.200126204398998 ], [ -0.061458839058783, 47.200003163256902 ], [ -0.061171905840001, 47.199941375448603 ], [ -0.061072210043443, 47.199920045565797 ], [ -0.060902462053435, 47.199889575696403 ] ] ], [ [ [ -0.055710037228828, 47.199003141201302 ], [ -0.055736491994129, 47.198977847141101 ], [ -0.056201590862161, 47.199023143506302 ], [ -0.05650712826096, 47.198951922420399 ], [ -0.056739868322324, 47.198897668088698 ], [ -0.056791480004535, 47.198905675542399 ], [ -0.057113970125626, 47.198944371819401 ], [ -0.05747000339092, 47.198987136778001 ], [ -0.057763348337812, 47.199022366342 ], [ -0.057621941251986, 47.199643882616797 ], [ -0.057555933711604, 47.199926812362499 ], [ -0.057425411638131, 47.200486415614101 ], [ -0.057382152008128, 47.200671892306197 ], [ -0.057531159184944, 47.2006956172686 ], [ -0.057900427162198, 47.2007454195439 ], [ -0.058222276224717, 47.200788904989601 ], [ -0.058257582757926, 47.2007942161475 ], [ -0.058213064493388, 47.200975645129297 ], [ -0.058891468847144, 47.201033587036598 ], [ -0.058702628580796, 47.201825105398498 ], [ -0.058333196566142, 47.201802788816003 ], [ -0.058157328091141, 47.201787972824199 ], [ -0.058017748573705, 47.201772018092498 ], [ -0.05799132682227, 47.2017676704914 ], [ -0.057960223819361, 47.201762365360302 ], [ -0.057674397462994, 47.201701530607103 ], [ -0.057307881206991, 47.201604895489098 ], [ -0.057224623926788, 47.201586732071902 ], [ -0.057169474503243, 47.201574673774701 ], [ -0.057098288448788, 47.201552587786701 ], [ -0.0569667834523, 47.2015274992415 ], [ -0.05686788951504, 47.201508667213197 ], [ -0.056620916609797, 47.201468517182597 ], [ -0.056447862155905, 47.201440380392498 ], [ -0.056384500687889, 47.201407095865697 ], [ -0.056299228617327, 47.201099870102098 ], [ -0.056297917080227, 47.201095399966597 ], [ -0.055949568354328, 47.1998385781284 ], [ -0.055710037228828, 47.199003141201302 ] ] ], [ [ [ -0.056351929434352, 47.201489941974899 ], [ -0.056802932016211, 47.201561285590898 ], [ -0.0569971348213, 47.201596341468601 ], [ -0.057102393172841, 47.201622483262199 ], [ -0.057516852381865, 47.201725331086998 ], [ -0.057769683647802, 47.201784785093501 ], [ -0.057886376295056, 47.201812065789497 ], [ -0.057920810900284, 47.201820166007202 ], [ -0.058035549534936, 47.201836326367399 ], [ -0.058164671768712, 47.201854359144399 ], [ -0.058324256823463, 47.201864109374498 ], [ -0.058923844801711, 47.201877193324101 ], [ -0.059642384415258, 47.2017666741989 ], [ -0.059675806463191, 47.201791828635201 ], [ -0.059679549475424, 47.2017948830687 ], [ -0.059593546268152, 47.202018969584202 ], [ -0.059582887770954, 47.202070965789702 ], [ -0.059572366367695, 47.202123048465701 ], [ -0.059562964307318, 47.202169245383097 ], [ -0.059540066336281, 47.202280306965299 ], [ -0.059538845067265, 47.202330882589301 ], [ -0.059542618715156, 47.2025389926835 ], [ -0.059542340855586, 47.202587561285398 ], [ -0.059564447513524, 47.202943663716098 ], [ -0.059608040835617, 47.203108106747699 ], [ -0.059662644088012, 47.203222075907597 ], [ -0.059864084322573, 47.2035375821484 ], [ -0.060003710500647, 47.203756427681398 ], [ -0.059962203168026, 47.203784372773001 ], [ -0.058438469973744, 47.203721645778103 ], [ -0.058078177009626, 47.203706834865898 ], [ -0.057742132557843, 47.203693004295701 ], [ -0.057588950807736, 47.203686687865797 ], [ -0.057466907038884, 47.203681621332898 ], [ -0.057427026318888, 47.203680061483297 ], [ -0.057283361627844, 47.203717910206798 ], [ -0.057226944073639, 47.203588221344901 ], [ -0.057156846873578, 47.203427180156702 ], [ -0.056892369572388, 47.202786108680399 ], [ -0.056351929434352, 47.201489941974899 ] ] ], [ [ [ -0.05966854090478, 47.202514673586002 ], [ -0.05969675966113, 47.202246165324297 ], [ -0.059924214242584, 47.202300969619799 ], [ -0.060123245564327, 47.202348776390302 ], [ -0.060217874334576, 47.2023715925069 ], [ -0.060300571097283, 47.202391480446799 ], [ -0.060395199722856, 47.202402674152097 ], [ -0.060707579150895, 47.202439826292597 ], [ -0.061069735913892, 47.2024828694489 ], [ -0.061335532860273, 47.202514494097798 ], [ -0.061589440055121, 47.202525350207601 ], [ -0.061549421519967, 47.202930124730997 ], [ -0.0615298344904, 47.203129482606997 ], [ -0.061523189805446, 47.2031853100587 ], [ -0.061718596687311, 47.203193279832298 ], [ -0.062192201213381, 47.203212606115002 ], [ -0.062192182099683, 47.2032129670012 ], [ -0.062139043039081, 47.203990488063098 ], [ -0.062129720403062, 47.203990212017501 ], [ -0.06032105198152, 47.203913186309698 ], [ -0.060165976312892, 47.203764392883997 ], [ -0.059918874748278, 47.203401532383197 ], [ -0.059772622870142, 47.203156824332197 ], [ -0.059750740956758, 47.203111453990303 ], [ -0.059732162235537, 47.203073023786899 ], [ -0.059729213988875, 47.203053731238299 ], [ -0.059705469306737, 47.202884979821697 ], [ -0.05968228984782, 47.202651795458799 ], [ -0.05966854090478, 47.202514673586002 ] ] ], [ [ [ -0.069010353982088, 47.202502623881699 ], [ -0.069005124578422, 47.2023391489925 ], [ -0.06904781524164, 47.201938173596403 ], [ -0.069280983614931, 47.201101402746801 ], [ -0.069645613023698, 47.201132190618402 ], [ -0.070419072216567, 47.201194573102697 ], [ -0.070672316026657, 47.201214706637302 ], [ -0.072035980063426, 47.201327196350498 ], [ -0.072529735253617, 47.2013713074276 ], [ -0.072694715941903, 47.201385219329801 ], [ -0.07299747823674, 47.201408989144099 ], [ -0.073332740526379, 47.201437031093697 ], [ -0.073337739669282, 47.201420410894301 ], [ -0.073342383945043, 47.201404520878803 ], [ -0.072792622805225, 47.201356583731702 ], [ -0.072128153292136, 47.201295379884201 ], [ -0.071980410973958, 47.201284703808398 ], [ -0.071836921784956, 47.201272112809498 ], [ -0.071678822366779, 47.2012606299458 ], [ -0.071531546567293, 47.201248859779597 ], [ -0.071347038565757, 47.201230959375003 ], [ -0.071232960307212, 47.201219479582697 ], [ -0.0710212051528, 47.201201310251101 ], [ -0.070679656025349, 47.201174239250001 ], [ -0.070649777542124, 47.201171878186003 ], [ -0.070575641940222, 47.201165375005601 ], [ -0.070527155870367, 47.201161254918198 ], [ -0.070269687034631, 47.201138890607801 ], [ -0.070134317038453, 47.201127253495301 ], [ -0.069965727747685, 47.201112622791001 ], [ -0.069647288975208, 47.201085116288198 ], [ -0.0693487779914, 47.2010593331132 ], [ -0.069539441435566, 47.200328018596899 ], [ -0.069841854087576, 47.200364329034102 ], [ -0.070132691374541, 47.200399323864701 ], [ -0.070146411728529, 47.200340938502897 ], [ -0.070318027235869, 47.200359993430801 ], [ -0.07045319449869, 47.200375059292703 ], [ -0.070469431673498, 47.200307507485803 ], [ -0.070485308777247, 47.200240595891103 ], [ -0.070486281029893, 47.200236786092901 ], [ -0.070752552773827, 47.200218913899697 ], [ -0.070876240108945, 47.200208876704203 ], [ -0.071276104980235, 47.200176423718403 ], [ -0.071483464803, 47.200159589760503 ], [ -0.071570467098038, 47.200152533995698 ], [ -0.071620883584666, 47.200133294657199 ], [ -0.071621574891688, 47.200130816706597 ], [ -0.071659816947429, 47.2000088037437 ], [ -0.071784466401085, 47.199506366802602 ], [ -0.071993690242201, 47.199491896973299 ], [ -0.072144011996553, 47.1994807012994 ], [ -0.072298790523527, 47.1994688466078 ], [ -0.072441317990365, 47.199455424755101 ], [ -0.072580857475722, 47.199445235361701 ], [ -0.073110155355762, 47.199406052873002 ], [ -0.073590521896704, 47.199371139905502 ], [ -0.074583895621862, 47.199308099434901 ], [ -0.074585597719647, 47.199317063829596 ], [ -0.075836137376213, 47.199229615367997 ], [ -0.075854321034411, 47.199228591786699 ], [ -0.075892986994402, 47.199225132117597 ], [ -0.076417343274617, 47.199175884814203 ], [ -0.076947639111738, 47.199108007605297 ], [ -0.07730665096898, 47.199029183475403 ], [ -0.077398301625328, 47.199117744766902 ], [ -0.077551735190587, 47.199512161672402 ], [ -0.077588720410745, 47.199592535397201 ], [ -0.077582556358237, 47.199662703818298 ], [ -0.077611265236672, 47.200039713330099 ], [ -0.077624921344665, 47.200195216447497 ], [ -0.077629064949007, 47.200339259897099 ], [ -0.077649847159236, 47.200563857410003 ], [ -0.077705060631702, 47.200750240066498 ], [ -0.077737323861558, 47.200821999925701 ], [ -0.077891813932633, 47.2010014192592 ], [ -0.078016009494916, 47.201145785449199 ], [ -0.078222566218794, 47.201391842868603 ], [ -0.078250942031961, 47.201425685430898 ], [ -0.078389108394641, 47.2016177911228 ], [ -0.078412356255725, 47.201663662634999 ], [ -0.078446812454735, 47.201745995338797 ], [ -0.078475878487419, 47.201817299424803 ], [ -0.078561952271568, 47.2020277277867 ], [ -0.078766953226999, 47.202345812344298 ], [ -0.078776063883348, 47.2023617873988 ], [ -0.078842127545138, 47.202478957660198 ], [ -0.078868030020466, 47.202806758854898 ], [ -0.078831489284978, 47.202930531133902 ], [ -0.078790295915633, 47.2030076672931 ], [ -0.07875213642643, 47.203177071108797 ], [ -0.078574038882393, 47.203453805417503 ], [ -0.07844826933138, 47.203903393827296 ], [ -0.078415872439429, 47.204374465452297 ], [ -0.078180472368783, 47.204412346324503 ], [ -0.078028856202328, 47.204401150011599 ], [ -0.077864089552793, 47.204388861475699 ], [ -0.077746593591984, 47.204380181605202 ], [ -0.077604842495612, 47.2043496222445 ], [ -0.077211004426314, 47.204247828517502 ], [ -0.077017088666876, 47.204199734433899 ], [ -0.076788222231359, 47.204157704080401 ], [ -0.076560923585287, 47.204133830985697 ], [ -0.076477800174378, 47.204125137648198 ], [ -0.076410772430915, 47.204118178969999 ], [ -0.076665709811924, 47.203277839703802 ], [ -0.076607016052243, 47.203266335149202 ], [ -0.076596258100308, 47.203293199228398 ], [ -0.076342673258976, 47.204110978427998 ], [ -0.076191851935705, 47.204095163742899 ], [ -0.075431645678745, 47.204038863428003 ], [ -0.075028303243257, 47.204011193351 ], [ -0.074507588437069, 47.203967717918502 ], [ -0.074173844705426, 47.203892518595801 ], [ -0.073310341930794, 47.203657133469399 ], [ -0.072965442330678, 47.203567090740599 ], [ -0.07293498490497, 47.203559249757298 ], [ -0.072596820466659, 47.203464432363099 ], [ -0.072402032935862, 47.2034379768102 ], [ -0.071569786203981, 47.203312116941802 ], [ -0.071470087866204, 47.203302508255703 ], [ -0.07128720820617, 47.203285465351698 ], [ -0.07102836626012, 47.203260075634098 ], [ -0.070998191786741, 47.203257181906402 ], [ -0.070823141486166, 47.203240651417701 ], [ -0.070653259813713, 47.203224343999601 ], [ -0.070444308516168, 47.203204477357097 ], [ -0.070424105954127, 47.203202580424502 ], [ -0.070373327853621, 47.2031977101378 ], [ -0.070304205470363, 47.2031910737986 ], [ -0.070049900134455, 47.203168714984599 ], [ -0.069276191515551, 47.203093182007798 ], [ -0.069144856254587, 47.202883586937503 ], [ -0.069077378880656, 47.202745907400598 ], [ -0.069049110146047, 47.202688364783903 ], [ -0.069010353982088, 47.202502623881699 ] ], [ [ -0.07580919668102, 47.199976775735202 ], [ -0.075864278132833, 47.199976033419702 ], [ -0.075862614333743, 47.199916884596199 ], [ -0.075807253528427, 47.199917364045 ], [ -0.07580919668102, 47.199976775735202 ] ], [ [ -0.078592222898105, 47.202487313399601 ], [ -0.078638995005707, 47.202345970755204 ], [ -0.078633836834323, 47.202345927694203 ], [ -0.078592222898105, 47.202487313399601 ] ] ], [ [ [ -0.077482834628209, 47.199081892363203 ], [ -0.077494810881229, 47.198965440298899 ], [ -0.077801928265694, 47.198906103078102 ], [ -0.078034264851213, 47.198889025786301 ], [ -0.078257862332978, 47.198894794453501 ], [ -0.078356038732437, 47.198882544246402 ], [ -0.078466715570744, 47.198885458149697 ], [ -0.078767496107284, 47.198851693890902 ], [ -0.078829876401868, 47.198844539440998 ], [ -0.079564153880022, 47.198728520739003 ], [ -0.079722717474456, 47.198762053907103 ], [ -0.079780047161179, 47.1987867471057 ], [ -0.079858134377168, 47.198878460280298 ], [ -0.079897310395038, 47.198927782028598 ], [ -0.079912398920636, 47.198971978291603 ], [ -0.079923022405832, 47.199037465904198 ], [ -0.079929804066246, 47.199079720802601 ], [ -0.079934922028021, 47.199111388608202 ], [ -0.07993865444448, 47.199155796820101 ], [ -0.079963901762873, 47.199243509587703 ], [ -0.079991096785553, 47.1993167551637 ], [ -0.080010563027727, 47.199356600454102 ], [ -0.080089427278947, 47.199441085127397 ], [ -0.08009589543534, 47.199447850481 ], [ -0.080080451385482, 47.199452856182397 ], [ -0.080091836672051, 47.199469311222103 ], [ -0.080104550153414, 47.199465098919497 ], [ -0.080161546880346, 47.199546291073403 ], [ -0.080164571077888, 47.1995506253404 ], [ -0.080170034851124, 47.199558318367799 ], [ -0.080175289366813, 47.199564665519198 ], [ -0.080283756966461, 47.1996928701057 ], [ -0.080250942366804, 47.1997061762589 ], [ -0.080294638620983, 47.199762855620499 ], [ -0.080335246719874, 47.199860250465697 ], [ -0.080343960199468, 47.199880830880801 ], [ -0.080370827984389, 47.199913722015701 ], [ -0.080442358238776, 47.199943983504603 ], [ -0.08045225115235, 47.199948225138897 ], [ -0.080471547757902, 47.199966631993199 ], [ -0.080508179794757, 47.200001515750202 ], [ -0.080558366461505, 47.200042255536502 ], [ -0.080619052138591, 47.200095509642701 ], [ -0.080693845411735, 47.200226591836604 ], [ -0.080732653249677, 47.200294843304299 ], [ -0.080764478814049, 47.200342738604597 ], [ -0.080772965075574, 47.200352423404397 ], [ -0.080837577297459, 47.200425754471901 ], [ -0.080896498666313, 47.200468964617599 ], [ -0.080898597055711, 47.200470980999398 ], [ -0.080971173518257, 47.200542568469402 ], [ -0.081028029606418, 47.200616646376602 ], [ -0.08105352434548, 47.200657862740499 ], [ -0.081079278751773, 47.200705919495498 ], [ -0.081131035806232, 47.200783286390703 ], [ -0.081161319757063, 47.200850413082797 ], [ -0.081173046951866, 47.200868210368498 ], [ -0.081189420485382, 47.2008932719055 ], [ -0.08121102981812, 47.200938195464701 ], [ -0.081228190652671, 47.200981615656602 ], [ -0.081238691539479, 47.201008004697499 ], [ -0.081245824793159, 47.201026374694003 ], [ -0.081255341076633, 47.201047113876498 ], [ -0.081267857964253, 47.201074079945002 ], [ -0.081362677167472, 47.201199313203396 ], [ -0.081387837138284, 47.201246214462103 ], [ -0.08142696484536, 47.201366172373199 ], [ -0.081438689299778, 47.201416224116201 ], [ -0.081459258472413, 47.201502979906401 ], [ -0.081471860185288, 47.201605264045497 ], [ -0.081477965102407, 47.201637986673198 ], [ -0.081482622388598, 47.201663900517801 ], [ -0.081477675135657, 47.201762146824798 ], [ -0.08145188805554, 47.201861217960399 ], [ -0.0814408758665, 47.201932056236799 ], [ -0.081427632026434, 47.202005476583203 ], [ -0.081428035165447, 47.202007898450397 ], [ -0.081435902115353, 47.202052917353797 ], [ -0.081442217831255, 47.202070858610099 ], [ -0.081435006965134, 47.202092673549998 ], [ -0.081451700562577, 47.202236383084397 ], [ -0.08147873989922, 47.202325309182797 ], [ -0.081504067670691, 47.202407433516498 ], [ -0.081517967665376, 47.202442381302497 ], [ -0.081547930052074, 47.202517715188797 ], [ -0.081531152359214, 47.202584832745501 ], [ -0.081531071900464, 47.2025857358473 ], [ -0.081526454824263, 47.2026366728958 ], [ -0.081518458715298, 47.202755542202098 ], [ -0.081482869385517, 47.202815051669802 ], [ -0.081443213185643, 47.202898184412099 ], [ -0.081428369988819, 47.202959844698498 ], [ -0.081447407697896, 47.2029944755866 ], [ -0.081474637323685, 47.203038258480497 ], [ -0.081504212892225, 47.203088375764302 ], [ -0.081515203388015, 47.203104841178401 ], [ -0.081596756676788, 47.203148439842998 ], [ -0.081731336208958, 47.203153057296902 ], [ -0.081773977047393, 47.203193546935402 ], [ -0.081718251577187, 47.203399998423201 ], [ -0.081754870209535, 47.203533807651702 ], [ -0.081742696868255, 47.203653598969098 ], [ -0.081749030984303, 47.203692622191497 ], [ -0.08168677816315, 47.203759778635202 ], [ -0.081686656133204, 47.203866095213598 ], [ -0.081629969628185, 47.2038942720989 ], [ -0.081582070114691, 47.203932756370499 ], [ -0.081431798156804, 47.204002705276601 ], [ -0.081412681196528, 47.204024386514298 ], [ -0.08140312599813, 47.204083743752399 ], [ -0.081320998527038, 47.204094758398298 ], [ -0.081268150393899, 47.204141482837898 ], [ -0.081259424973419, 47.2041737891754 ], [ -0.081403282548979, 47.204201855468 ], [ -0.081505506059323, 47.204239318269003 ], [ -0.081499162544779, 47.204248586761601 ], [ -0.081443233059239, 47.204331521771898 ], [ -0.080897732850188, 47.204871024669998 ], [ -0.080823623992147, 47.204915881877902 ], [ -0.080745733931994, 47.204920116247401 ], [ -0.080723207054804, 47.204914588982199 ], [ -0.080033096853284, 47.204676712336301 ], [ -0.079453428542638, 47.204455806191298 ], [ -0.079325060533775, 47.204432731376798 ], [ -0.079086801556163, 47.204406812121 ], [ -0.07851929251993, 47.204386672184398 ], [ -0.078512597921987, 47.204281257771697 ], [ -0.078530369466973, 47.204042031236902 ], [ -0.078557379935459, 47.2037886842989 ], [ -0.078578757785118, 47.203647115896899 ], [ -0.078585706943007, 47.203613775864703 ], [ -0.078599721785563, 47.203546822411603 ], [ -0.078627992106841, 47.203497959643002 ], [ -0.078686885132676, 47.203383593890003 ], [ -0.078710544717678, 47.2033465661412 ], [ -0.078772106007024, 47.203248797139899 ], [ -0.078812767450244, 47.203185459820197 ], [ -0.078839583737342, 47.203090416422903 ], [ -0.078853789674009, 47.203040666158302 ], [ -0.078875553487113, 47.2029635960699 ], [ -0.078903235006358, 47.202865196089597 ], [ -0.078913792243971, 47.202760944670203 ], [ -0.078921940882125, 47.202679281273099 ], [ -0.078880526854555, 47.202456944375903 ], [ -0.078852599172633, 47.202375519371799 ], [ -0.079239562254387, 47.202364329564801 ], [ -0.079317075250418, 47.202362809014602 ], [ -0.079469494403285, 47.202406596901398 ], [ -0.07966345110329, 47.202423152111102 ], [ -0.079734253557664, 47.202429107520302 ], [ -0.079732348377184, 47.202402760058497 ], [ -0.079713854927737, 47.202324507974403 ], [ -0.079707542366575, 47.202297376763497 ], [ -0.079700934914275, 47.202269712818499 ], [ -0.079726291769852, 47.202266966256801 ], [ -0.079694096584778, 47.202171059357099 ], [ -0.079569076722602, 47.202187898519398 ], [ -0.079557749110407, 47.202149368379303 ], [ -0.079294470396887, 47.202185020039103 ], [ -0.079057552675785, 47.202216997017103 ], [ -0.079070819989379, 47.2023379134423 ], [ -0.078872366616086, 47.202335171394502 ], [ -0.078723792444231, 47.202159920598 ], [ -0.078649422532777, 47.202022339120603 ], [ -0.078453076002133, 47.201534373577402 ], [ -0.078224176480987, 47.201290622285001 ], [ -0.078028309933094, 47.201074282678398 ], [ -0.077884944814457, 47.200872133922303 ], [ -0.077853598376957, 47.200830261596103 ], [ -0.077783276524053, 47.200728700492803 ], [ -0.077721091896076, 47.200457452539901 ], [ -0.077704824623722, 47.200332561379803 ], [ -0.077716062567516, 47.199999898578803 ], [ -0.077725076573322, 47.199984162488697 ], [ -0.077749666243128, 47.199981887201901 ], [ -0.077911507028357, 47.199964071169198 ], [ -0.077898236684543, 47.1998545968599 ], [ -0.077747491536902, 47.199863018279501 ], [ -0.077725487755793, 47.199751073199501 ], [ -0.07766342062948, 47.199537303284899 ], [ -0.077567118070073, 47.199305072585197 ], [ -0.077482834628209, 47.199081892363203 ] ] ], [ [ [ -0.054336856782323, 47.1943468575043 ], [ -0.054834688184966, 47.194666715833101 ], [ -0.054919736404381, 47.194728259332003 ], [ -0.054965180672636, 47.194790667512798 ], [ -0.05505509286798, 47.1949238884362 ], [ -0.055062751965114, 47.194935398722201 ], [ -0.054507020445371, 47.1950834012329 ], [ -0.054466410927756, 47.194896624146502 ], [ -0.05443088544681, 47.194745841078699 ], [ -0.054336856782323, 47.1943468575043 ] ] ], [ [ [ -0.061741948979437, 47.1944565237159 ], [ -0.061933447263547, 47.194404970477002 ], [ -0.061933706099977, 47.194404873536698 ], [ -0.061950253040321, 47.194433176416901 ], [ -0.062045291567398, 47.194407688741499 ], [ -0.062034973816187, 47.194391293934899 ], [ -0.062029756634478, 47.194383233216499 ], [ -0.062194470256184, 47.1943371629269 ], [ -0.062258127965028, 47.194322325405501 ], [ -0.062323612848422, 47.1943070791407 ], [ -0.06230311711002, 47.1942697810995 ], [ -0.062301653944601, 47.194267297123098 ], [ -0.062437067153001, 47.194210379084097 ], [ -0.062504058014469, 47.194182119124299 ], [ -0.062534011092618, 47.194169614448498 ], [ -0.062469084371028, 47.194062316163198 ], [ -0.062454056770417, 47.194037486888703 ], [ -0.062448661492685, 47.194028620038097 ], [ -0.06266824667263, 47.193982899605899 ], [ -0.062783609741946, 47.193959216160998 ], [ -0.062807515729954, 47.193954259202798 ], [ -0.062816434658441, 47.193964654548303 ], [ -0.062829382603613, 47.193962239842797 ], [ -0.062878138897191, 47.193952661304401 ], [ -0.063202089541261, 47.193889763703503 ], [ -0.06320602414182, 47.193900831459601 ], [ -0.063274287299127, 47.193890286197103 ], [ -0.063430786304396, 47.1941595857108 ], [ -0.063655885725564, 47.194127141746499 ], [ -0.063671092660323, 47.194124937461403 ], [ -0.063822243220324, 47.194103008906602 ], [ -0.063894856646356, 47.194092258073503 ], [ -0.063945634755881, 47.194085688833297 ], [ -0.064145115823635, 47.194055994019003 ], [ -0.064357875133393, 47.1940250464787 ], [ -0.064372036441074, 47.194023049964599 ], [ -0.064404150523044, 47.194018325915899 ], [ -0.064423641696258, 47.194063488530503 ], [ -0.06446192494867, 47.194109054733602 ], [ -0.064493933494618, 47.194162805507602 ], [ -0.064532709881219, 47.194247189846003 ], [ -0.064573915769527, 47.194337095796598 ], [ -0.06479668982847, 47.194648966511203 ], [ -0.064894252749662, 47.1947582827869 ], [ -0.064998830183016, 47.194856151353797 ], [ -0.065039253055588, 47.1948951738582 ], [ -0.065040929107844, 47.194924590755598 ], [ -0.064890580092689, 47.194986141693903 ], [ -0.064688361464744, 47.195037443005901 ], [ -0.064499108888504, 47.195044884620998 ], [ -0.064211460815051, 47.195056011067003 ], [ -0.063956853700984, 47.195067073332403 ], [ -0.063759742378114, 47.195073460353797 ], [ -0.063332152702317, 47.1950550421586 ], [ -0.063246555614356, 47.195051360425197 ], [ -0.063182294377364, 47.195048645809401 ], [ -0.062989436604612, 47.195034557404199 ], [ -0.06276044325591, 47.195024217491401 ], [ -0.062671610977889, 47.1950171071867 ], [ -0.062652711074984, 47.1950148141431 ], [ -0.062572240883931, 47.194980453930199 ], [ -0.062557882291057, 47.194974346838301 ], [ -0.062146944114589, 47.1949976485528 ], [ -0.062130758164634, 47.194775991245301 ], [ -0.061913426434755, 47.1947870542933 ], [ -0.061842167363911, 47.194642803813402 ], [ -0.061814063079896, 47.194585615603501 ], [ -0.061806716603435, 47.194572655930997 ], [ -0.061741948979437, 47.1944565237159 ] ] ], [ [ [ -0.07458482592333, 47.194483886226003 ], [ -0.076163361777886, 47.194048148645898 ], [ -0.07620461603532, 47.194136247769599 ], [ -0.076297790084624, 47.194272430208599 ], [ -0.076324642491609, 47.194312079830702 ], [ -0.076470869358137, 47.194469917166103 ], [ -0.076519330733181, 47.1945222367168 ], [ -0.076572322178567, 47.194570561745401 ], [ -0.076790171337453, 47.1947627142372 ], [ -0.076904600622247, 47.194870671892403 ], [ -0.076990287519695, 47.194963716536897 ], [ -0.076926647553248, 47.195043521079597 ], [ -0.076745151427547, 47.195168081777503 ], [ -0.076578399514621, 47.195270807521702 ], [ -0.076156892815781, 47.195504543923398 ], [ -0.076075615435204, 47.1955903123675 ], [ -0.076028961381867, 47.195680566711303 ], [ -0.076004354790618, 47.195684824250101 ], [ -0.075936863056822, 47.1956002150703 ], [ -0.075856027860999, 47.195518032528 ], [ -0.075790145933026, 47.195426893588198 ], [ -0.075695012456086, 47.195318872804798 ], [ -0.07557216481602, 47.195165368820398 ], [ -0.075380101665698, 47.194906308636703 ], [ -0.075306035007025, 47.194789889646501 ], [ -0.075286123174938, 47.194758344305903 ], [ -0.075178544703545, 47.194629120707802 ], [ -0.075144465018371, 47.194583265970699 ], [ -0.075039785637637, 47.194467749955301 ], [ -0.074654689734812, 47.194568433146102 ], [ -0.07458482592333, 47.194483886226003 ] ] ], [ [ [ -0.064751155433786, 47.192160648773601 ], [ -0.064749966996414, 47.192009860038198 ], [ -0.064776469305089, 47.1919460915203 ], [ -0.064782427433839, 47.191897552412897 ], [ -0.064847719229112, 47.191786177600697 ], [ -0.065015229611242, 47.191573622148802 ], [ -0.065123400810246, 47.191451651942302 ], [ -0.065452849147858, 47.191193274380304 ], [ -0.06544467716029, 47.191184391076703 ], [ -0.066200263411133, 47.190685343772898 ], [ -0.066290281134543, 47.190611333579497 ], [ -0.066412489286899, 47.1905107934247 ], [ -0.066558900854501, 47.1903618612656 ], [ -0.066639826179563, 47.190216465398201 ], [ -0.066721096296878, 47.190088719108601 ], [ -0.066824906849778, 47.1899251481859 ], [ -0.066868928903389, 47.189855779494202 ], [ -0.066883157713587, 47.189875854337501 ], [ -0.067549997547184, 47.188836139891102 ], [ -0.067599028226685, 47.188759610652298 ], [ -0.067677641542874, 47.188678063021101 ], [ -0.067802880199875, 47.188572845946801 ], [ -0.067865484002524, 47.188532716053601 ], [ -0.06797029536243, 47.188465610092599 ], [ -0.068139486291269, 47.1883918426158 ], [ -0.068404432280478, 47.188300761304298 ], [ -0.068597544969695, 47.188271046718299 ], [ -0.068737773240636, 47.188254896568203 ], [ -0.068943584794768, 47.188225385365797 ], [ -0.069442477663049, 47.188143956692898 ], [ -0.069538779411998, 47.188124645555703 ], [ -0.069790171016785, 47.188067075693198 ], [ -0.06988005469203, 47.188044150411002 ], [ -0.070002118427915, 47.187999199142901 ], [ -0.070096653231028, 47.187955878732502 ], [ -0.070191656851275, 47.187899932356402 ], [ -0.070278341550924, 47.187844116419598 ], [ -0.070317768158122, 47.187812438140703 ], [ -0.07038892068026, 47.187755412304199 ], [ -0.070441214319894, 47.187763935971802 ], [ -0.07046473806931, 47.187800972248503 ], [ -0.070649260504344, 47.188090872659103 ], [ -0.070817983814728, 47.188356325342099 ], [ -0.070961527329911, 47.188581181702801 ], [ -0.071071623390331, 47.188759534607399 ], [ -0.071290752176441, 47.189109150742297 ], [ -0.071404695928462, 47.189292356564302 ], [ -0.071498396976888, 47.189442763770401 ], [ -0.07147718694809, 47.189490266529198 ], [ -0.070299420618778, 47.189792965700001 ], [ -0.070309313302864, 47.189808830538901 ], [ -0.070321395980904, 47.1898283312361 ], [ -0.071498157026812, 47.189524216995899 ], [ -0.071562335755565, 47.189541794883603 ], [ -0.071609564573603, 47.189616673063497 ], [ -0.071720623042401, 47.189793288035197 ], [ -0.071755505157175, 47.1898486726001 ], [ -0.071772669467447, 47.189876146981298 ], [ -0.072057740938351, 47.190329604759 ], [ -0.072421560865721, 47.190905214633503 ], [ -0.072504131679632, 47.191034203293697 ], [ -0.072636890887013, 47.191241234605599 ], [ -0.072666647274783, 47.191287835435098 ], [ -0.072728645187782, 47.191385205633601 ], [ -0.072758833612478, 47.191432425647399 ], [ -0.072811400826553, 47.191515090145799 ], [ -0.072959814321389, 47.191755491670698 ], [ -0.072931226184702, 47.191805713179001 ], [ -0.071302099195036, 47.192236623647901 ], [ -0.070738251298992, 47.1923593341469 ], [ -0.070745637100587, 47.192375265436297 ], [ -0.070121273298824, 47.192509938865904 ], [ -0.069562522684756, 47.192610885306401 ], [ -0.069384176148083, 47.192688861378201 ], [ -0.069285865443971, 47.192812105932802 ], [ -0.069145358419723, 47.1929533168543 ], [ -0.069117966477901, 47.192918004608799 ], [ -0.069050720991876, 47.192985737274697 ], [ -0.069093488721638, 47.193005595956301 ], [ -0.068974341901172, 47.193067136275602 ], [ -0.068543824580367, 47.193184859979297 ], [ -0.068318425930399, 47.193239755423001 ], [ -0.068081419546645, 47.1932973905894 ], [ -0.067862927438123, 47.193350570478302 ], [ -0.067654204819122, 47.193401238708297 ], [ -0.067514846487838, 47.193435203066201 ], [ -0.0672385348522, 47.193485048400397 ], [ -0.067176653984612, 47.193496237826203 ], [ -0.067069067617799, 47.193454580498901 ], [ -0.066512776204532, 47.193172269500899 ], [ -0.066395512625424, 47.193106902409397 ], [ -0.066142696717009, 47.192966020914199 ], [ -0.065799949386352, 47.192787067246599 ], [ -0.06540051286203, 47.192557267904597 ], [ -0.064817834683454, 47.192256907852098 ], [ -0.064751155433786, 47.192160648773601 ] ] ], [ [ [ -0.041521158441031, 47.1929316029983 ], [ -0.041625501334592, 47.192754979291699 ], [ -0.041780517296885, 47.192492785704303 ], [ -0.04196295477342, 47.192168607009599 ], [ -0.042050135622846, 47.1920134257592 ], [ -0.042120878697008, 47.191887776909901 ], [ -0.042159277087645, 47.191797844520501 ], [ -0.042335460343809, 47.191384185108198 ], [ -0.042468357161704, 47.191072208528503 ], [ -0.042541969839634, 47.1908991841645 ], [ -0.04260637848092, 47.190871904648098 ], [ -0.0451003129758, 47.191298166348503 ], [ -0.045042783649761, 47.191846284810097 ], [ -0.045008687918698, 47.192187289490498 ], [ -0.044963054110456, 47.192644369368999 ], [ -0.044939015746179, 47.192885194278503 ], [ -0.044922507092622, 47.193051222654503 ], [ -0.044885075790396, 47.193426731024502 ], [ -0.044856679000581, 47.193711997066103 ], [ -0.044843929371246, 47.194189654344498 ], [ -0.04439958028735, 47.194101333455102 ], [ -0.043981128056872, 47.193994130945299 ], [ -0.043303212595027, 47.193784011648397 ], [ -0.043054520638399, 47.193684596661598 ], [ -0.042463854151105, 47.193427852938399 ], [ -0.04245912301959, 47.193425995175403 ], [ -0.041882794754945, 47.1931936478748 ], [ -0.041534281736103, 47.192993063184403 ], [ -0.041521158441031, 47.1929316029983 ] ] ], [ [ [ -0.061683157802848, 47.193226112468302 ], [ -0.061715811486764, 47.193214617724102 ], [ -0.062074382176977, 47.193088912059501 ], [ -0.061957479309402, 47.192950823979999 ], [ -0.06203768168844, 47.1929224851391 ], [ -0.062367921447958, 47.1927681565763 ], [ -0.062700770832019, 47.192638804555102 ], [ -0.063037672084033, 47.192524930875202 ], [ -0.063021394227695, 47.192496711106998 ], [ -0.063068985808508, 47.192485271251698 ], [ -0.063074805939719, 47.192471422744497 ], [ -0.063455331368316, 47.192383242175801 ], [ -0.063765505297734, 47.192280524553702 ], [ -0.064177820512417, 47.192128613546799 ], [ -0.064533465766751, 47.192014419449897 ], [ -0.064659097615924, 47.192131642136097 ], [ -0.06467454973061, 47.192170875229003 ], [ -0.064986202828709, 47.192708965763003 ], [ -0.065082535256317, 47.192875615306498 ], [ -0.065070625853604, 47.193040084908702 ], [ -0.065057787442434, 47.1932137688488 ], [ -0.065012375326264, 47.193414262616898 ], [ -0.064958052570139, 47.193453720997901 ], [ -0.064810019060793, 47.1935187244082 ], [ -0.064440013467469, 47.193650146997101 ], [ -0.064289571566342, 47.193684490842699 ], [ -0.064152123695168, 47.193698669575298 ], [ -0.063963408264614, 47.193734025863797 ], [ -0.063756217286564, 47.193762933357398 ], [ -0.063648791577721, 47.193577836479101 ], [ -0.063562329298529, 47.1934289438341 ], [ -0.063533156303417, 47.193378541430299 ], [ -0.063266772942542, 47.193463522072499 ], [ -0.063170039949179, 47.193496353389101 ], [ -0.062934878169228, 47.193560956497798 ], [ -0.062833492519534, 47.193588685060199 ], [ -0.06271874209671, 47.193627758713497 ], [ -0.062602156843027, 47.193662466099397 ], [ -0.062558768062719, 47.193675776663298 ], [ -0.062492003617695, 47.193698715052101 ], [ -0.062480873522381, 47.193681981385097 ], [ -0.062423145471657, 47.193585033846198 ], [ -0.062363421008315, 47.193494806153602 ], [ -0.062354113055483, 47.193477573803797 ], [ -0.062349235512699, 47.193468513064097 ], [ -0.062278844296784, 47.1933534307976 ], [ -0.06183971347672, 47.193496583681302 ], [ -0.061811466433651, 47.193436876562203 ], [ -0.061779404813337, 47.193444841947802 ], [ -0.061750338680569, 47.193370741192297 ], [ -0.061683157802848, 47.193226112468302 ] ] ], [ [ [ -0.033437591260759, 47.196181554894899 ], [ -0.033558778690984, 47.1957545769638 ], [ -0.033789151380647, 47.195257437691303 ], [ -0.033881987284237, 47.195035625808501 ], [ -0.034015974393038, 47.194840394459199 ], [ -0.034391393441731, 47.194660638880897 ], [ -0.034408814951764, 47.194657839870999 ], [ -0.034641700573101, 47.194620203475601 ], [ -0.034822488832408, 47.194603302374901 ], [ -0.034899697481957, 47.194601278687301 ], [ -0.035071145332797, 47.1945968748403 ], [ -0.035169633272038, 47.194597176205598 ], [ -0.03525488762624, 47.194597193733699 ], [ -0.035259308900735, 47.194612303772203 ], [ -0.03554623467738, 47.194604781923204 ], [ -0.035642798707647, 47.194580357385497 ], [ -0.035846870707613, 47.194528698478898 ], [ -0.035956561246819, 47.194481586107401 ], [ -0.036069799730288, 47.194424740499599 ], [ -0.036090865698181, 47.1944162598204 ], [ -0.03619232162359, 47.194316928218299 ], [ -0.036257767383228, 47.194242325722598 ], [ -0.036522766399227, 47.193918964910502 ], [ -0.036915716549937, 47.193459988816699 ], [ -0.037053335840097, 47.193352770530801 ], [ -0.037144431415799, 47.1933743461585 ], [ -0.037283140998703, 47.193410529328403 ], [ -0.037426820286522, 47.19344811357 ], [ -0.037593834697901, 47.193491662342602 ], [ -0.037748915403274, 47.193532190480902 ], [ -0.037833707105011, 47.193554471536103 ], [ -0.038086184135956, 47.193620463198201 ], [ -0.038105795107482, 47.1936634642515 ], [ -0.037343738647361, 47.194448719440601 ], [ -0.037148290333622, 47.195090903708198 ], [ -0.037085315586549, 47.1951203045952 ], [ -0.036320123831476, 47.195002888776401 ], [ -0.036142258090042, 47.194975569332698 ], [ -0.036140136528705, 47.195001211754096 ], [ -0.036138466732882, 47.195025490914098 ], [ -0.036640856267142, 47.195102500879202 ], [ -0.03683218487812, 47.1951318089315 ], [ -0.037332967217923, 47.195208407624598 ], [ -0.037639091252996, 47.195255244549003 ], [ -0.037921636430891, 47.195296482798703 ], [ -0.038193252807543, 47.195336115149502 ], [ -0.03890681180078, 47.195440188541603 ], [ -0.038951140092904, 47.195478486493698 ], [ -0.038660419743378, 47.197166917339999 ], [ -0.038602033243338, 47.197209712735301 ], [ -0.037834727371976, 47.197097587097801 ], [ -0.037606815553962, 47.197064285035999 ], [ -0.037272415781732, 47.197015486643998 ], [ -0.037251688693089, 47.197011255320902 ], [ -0.037191101440986, 47.196998699707997 ], [ -0.036978987906376, 47.196954891485603 ], [ -0.03664891914161, 47.196886787647998 ], [ -0.036639289187001, 47.196884787835401 ], [ -0.036517998573027, 47.196862291731101 ], [ -0.036256320244987, 47.196813835758697 ], [ -0.035366049969735, 47.196630590543201 ], [ -0.035134430937704, 47.196583055901002 ], [ -0.035038289935274, 47.196558817923503 ], [ -0.034871349278227, 47.196516704896702 ], [ -0.034682423288012, 47.196469131519997 ], [ -0.034254717451144, 47.196378263381298 ], [ -0.034150769743463, 47.196356211328499 ], [ -0.033942245239066, 47.196307979099501 ], [ -0.033707471602718, 47.196253677166297 ], [ -0.033495520660256, 47.196224363607101 ], [ -0.033437591260759, 47.196181554894899 ] ] ], [ [ [ -0.037207880596615, 47.195106909033903 ], [ -0.037410115032709, 47.194463195218098 ], [ -0.037693419097988, 47.194171515117901 ], [ -0.037816337380912, 47.194045041059702 ], [ -0.038109885177416, 47.193742910343502 ], [ -0.038177454703466, 47.1936732061287 ], [ -0.038261381541078, 47.193649741582099 ], [ -0.038429939330877, 47.193673788273699 ], [ -0.038513888336967, 47.193685820185998 ], [ -0.038984699191925, 47.193742115904499 ], [ -0.039214354010183, 47.193773747498398 ], [ -0.039398916557991, 47.1937839486123 ], [ -0.039872656813276, 47.193824217135997 ], [ -0.040023088289984, 47.193838556750499 ], [ -0.040256351037838, 47.1938451353845 ], [ -0.040383983458758, 47.193832594341202 ], [ -0.041470942578242, 47.193263749601797 ], [ -0.041499437853106, 47.193248766120497 ], [ -0.041698661036524, 47.1932354240979 ], [ -0.041831408929898, 47.193271308037197 ], [ -0.042394924922165, 47.193496784689799 ], [ -0.043036101641395, 47.193772562681097 ], [ -0.043418286155542, 47.193911624299503 ], [ -0.043880198665573, 47.194053453883399 ], [ -0.044104368910882, 47.196176768041703 ], [ -0.043274431490053, 47.195971545497301 ], [ -0.043264399739622, 47.1959647817784 ], [ -0.042683072302295, 47.195817528472602 ], [ -0.041992193609206, 47.195642608421501 ], [ -0.041891025259137, 47.197759514521799 ], [ -0.041326773885659, 47.197699467431796 ], [ -0.041193256217665, 47.197685225585403 ], [ -0.040961381386456, 47.1976637463735 ], [ -0.040801923122905, 47.197648924003502 ], [ -0.040699407112803, 47.197628912277601 ], [ -0.039939012171186, 47.197480220701699 ], [ -0.039627008873846, 47.1974161556235 ], [ -0.039387620705956, 47.197366941272399 ], [ -0.038778044839273, 47.197241491888299 ], [ -0.038729211307386, 47.197184302178599 ], [ -0.038891257834008, 47.196245860729 ], [ -0.03903590891226, 47.195406708746098 ], [ -0.039005811864985, 47.1954074085846 ], [ -0.03901852224184, 47.195164450633001 ], [ -0.039028063690199, 47.194980047133498 ], [ -0.03899784984364, 47.194976335413401 ], [ -0.038962717121568, 47.194972122124703 ], [ -0.038960114895789, 47.195398697552399 ], [ -0.038518386107869, 47.195333349538203 ], [ -0.038432145104843, 47.195320566863998 ], [ -0.037257786269333, 47.195148034416 ], [ -0.037207880596615, 47.195106909033903 ] ] ], [ [ [ -0.073203589584443, 47.192110396626802 ], [ -0.073231711193232, 47.192068205988399 ], [ -0.073954046151408, 47.191959745096199 ], [ -0.074183773050198, 47.191925265357298 ], [ -0.074466193863452, 47.191899296486199 ], [ -0.074614017140833, 47.191916453531498 ], [ -0.074660441910546, 47.1919239600075 ], [ -0.074684342236488, 47.191976752318098 ], [ -0.074696522914396, 47.192009494127802 ], [ -0.074707819281691, 47.192026762884502 ], [ -0.074718104449459, 47.192042526859602 ], [ -0.074760784277477, 47.192107073511103 ], [ -0.074789122125174, 47.192161189492801 ], [ -0.074867336876352, 47.192299392002198 ], [ -0.074873222494738, 47.192309867037999 ], [ -0.075037256228298, 47.192564356772202 ], [ -0.075039863133747, 47.192568341861502 ], [ -0.075172291380668, 47.192776280257299 ], [ -0.07515346717322, 47.192779933592298 ], [ -0.075213979981433, 47.192844276733702 ], [ -0.075264135397623, 47.192884659086602 ], [ -0.075338089058289, 47.192927472575299 ], [ -0.075373082885426, 47.192947715676901 ], [ -0.075443487111694, 47.192988551169599 ], [ -0.075675403418369, 47.193121769448098 ], [ -0.075735627141125, 47.193157919921099 ], [ -0.075800156422442, 47.193195397524697 ], [ -0.075875471955498, 47.193245832682102 ], [ -0.075956143909179, 47.193304414337597 ], [ -0.076057839878723, 47.193381627869101 ], [ -0.076076540528642, 47.193442846904297 ], [ -0.076053706643341, 47.193501205173703 ], [ -0.076082289956619, 47.193635860297903 ], [ -0.076098675355823, 47.193783723229501 ], [ -0.07443591383226, 47.194297467413698 ], [ -0.07426536580928, 47.194079368508199 ], [ -0.074138182211545, 47.193900751346902 ], [ -0.074094492163567, 47.193837042178203 ], [ -0.073986195630097, 47.193676663383798 ], [ -0.073858179133714, 47.193501942180703 ], [ -0.073819593847401, 47.1934419715231 ], [ -0.073788974790324, 47.193398817521803 ], [ -0.073753471190916, 47.193346513292198 ], [ -0.073715472233093, 47.193289860590802 ], [ -0.073676923552995, 47.193216644797701 ], [ -0.073561802554485, 47.192999235809303 ], [ -0.073452538694978, 47.192794104490403 ], [ -0.073398303047215, 47.1926591387423 ], [ -0.073337629345226, 47.192492449857198 ], [ -0.073271178840172, 47.192310237563099 ], [ -0.073266010347693, 47.192286859681502 ], [ -0.073251396013949, 47.192220756703598 ], [ -0.073238295644751, 47.192192724174198 ], [ -0.07322371811751, 47.192157342974703 ], [ -0.073203589584443, 47.192110396626802 ] ] ], [ [ [ -0.054292447479284, 47.193464555737101 ], [ -0.054276366753721, 47.193013693114402 ], [ -0.054279017105825, 47.192971909122001 ], [ -0.054291909448608, 47.192765971770697 ], [ -0.05429542762368, 47.192709209075502 ], [ -0.054300485561948, 47.192628350338303 ], [ -0.054314958356896, 47.192399036598502 ], [ -0.055110135961031, 47.192404274862703 ], [ -0.05511182692414, 47.192392157478999 ], [ -0.055702812779564, 47.192395301555301 ], [ -0.055891469343572, 47.192417080694703 ], [ -0.056609085008135, 47.192392462044197 ], [ -0.056799509703876, 47.192366262318899 ], [ -0.057551639041303, 47.192262884185503 ], [ -0.057787381335946, 47.192213142400597 ], [ -0.05814054544008, 47.192164353001097 ], [ -0.058501320421599, 47.192109955731397 ], [ -0.058706046258967, 47.192446910060298 ], [ -0.058719177010606, 47.192468636549997 ], [ -0.058982080151573, 47.192394479697299 ], [ -0.059091906903022, 47.1925175314068 ], [ -0.059202219613518, 47.192486416893502 ], [ -0.059205151707853, 47.192493817342402 ], [ -0.059229752280643, 47.1925568648129 ], [ -0.059284462778689, 47.192686868460598 ], [ -0.059351730279687, 47.192768068944403 ], [ -0.059482469152112, 47.193033369000702 ], [ -0.05951031538596, 47.193088402251803 ], [ -0.059647423461298, 47.1933587593632 ], [ -0.059551957979705, 47.193381373329203 ], [ -0.059315226064018, 47.193450965728999 ], [ -0.059065884171674, 47.193531251758998 ], [ -0.059057524637384, 47.193521381937003 ], [ -0.05903436124755, 47.193530102505001 ], [ -0.058813956659638, 47.193503310888602 ], [ -0.058749328392818, 47.193456907303101 ], [ -0.058702676160357, 47.193484898067297 ], [ -0.058868812474648, 47.193605651563303 ], [ -0.058761536787001, 47.193646055367999 ], [ -0.058578050748655, 47.193715320695198 ], [ -0.058572931327937, 47.193708969063998 ], [ -0.058546359259152, 47.193676335705398 ], [ -0.058553992452736, 47.193673431206797 ], [ -0.058538094075206, 47.193649525427197 ], [ -0.058481870749408, 47.193671912722102 ], [ -0.058395547209881, 47.193541482484697 ], [ -0.058375300964555, 47.193510844284098 ], [ -0.058355775994735, 47.193481268172597 ], [ -0.058377600248018, 47.193474565213101 ], [ -0.058361117845903, 47.193449683788799 ], [ -0.058350121062593, 47.193432946237301 ], [ -0.058360901204263, 47.193429598244599 ], [ -0.058336208745794, 47.1933997982444 ], [ -0.058325210683849, 47.193403962849402 ], [ -0.058178784870511, 47.193460175863301 ], [ -0.058201054682161, 47.193486886546602 ], [ -0.05813353353703, 47.193512815515597 ], [ -0.058156858971482, 47.193551120625997 ], [ -0.058129954055026, 47.193559128973902 ], [ -0.058097978751889, 47.193568622664898 ], [ -0.058085233684612, 47.193546705736097 ], [ -0.058077903589109, 47.193534015702802 ], [ -0.057979494699192, 47.193560670281897 ], [ -0.057982567910227, 47.193565904740602 ], [ -0.057838197193142, 47.1935978273766 ], [ -0.057870778584174, 47.193666430409998 ], [ -0.057594801323622, 47.193726964982098 ], [ -0.057456501844467, 47.193761069274302 ], [ -0.057425523712509, 47.1937392733671 ], [ -0.057382567799191, 47.193671845125401 ], [ -0.057319002489764, 47.1936906417099 ], [ -0.057294173222493, 47.193697964382999 ], [ -0.057269222196394, 47.193705470456102 ], [ -0.057224209328921, 47.193722786063098 ], [ -0.057279707271504, 47.193813217872503 ], [ -0.057228054555121, 47.193829988039397 ], [ -0.057224938224625, 47.193830971277201 ], [ -0.057194703866756, 47.193840869217397 ], [ -0.057159231439161, 47.193788829792901 ], [ -0.057129402068899, 47.193745380605698 ], [ -0.056987808497507, 47.193602894428203 ], [ -0.056877764072211, 47.193615530106896 ], [ -0.056773635767718, 47.193634586446997 ], [ -0.056978201073804, 47.193810637552701 ], [ -0.057029415798151, 47.193853612242599 ], [ -0.057142123054705, 47.193948299717697 ], [ -0.057179776357892, 47.193982893171302 ], [ -0.05712619731433, 47.194019264827297 ], [ -0.057081153983052, 47.194050005370798 ], [ -0.056998674656972, 47.193980196909997 ], [ -0.056900289056545, 47.1940305449763 ], [ -0.05678909281122, 47.193943835863799 ], [ -0.056478746575844, 47.1937019242852 ], [ -0.056413033505459, 47.1937201463927 ], [ -0.056389807361781, 47.193725444454003 ], [ -0.056497543727228, 47.193872248711898 ], [ -0.056477276340054, 47.193876117254497 ], [ -0.056531990628003, 47.1939644077883 ], [ -0.056584921491595, 47.194060853952003 ], [ -0.056507530801055, 47.194073618276597 ], [ -0.056410364735683, 47.1940896074222 ], [ -0.056406583940794, 47.194078895793602 ], [ -0.056386438225205, 47.194082580915499 ], [ -0.05631882915883, 47.194095357191998 ], [ -0.056358230643039, 47.1941886468584 ], [ -0.056354576141176, 47.194189464087103 ], [ -0.056320528480851, 47.194197390255802 ], [ -0.056327516143211, 47.194218017809398 ], [ -0.056250008519697, 47.194231055326 ], [ -0.056031890620458, 47.194267805261802 ], [ -0.056068417717455, 47.1943454042109 ], [ -0.056088581455111, 47.194388568193702 ], [ -0.056082297582485, 47.194389635004001 ], [ -0.056033726984704, 47.194397854308598 ], [ -0.055849856326566, 47.1944325287213 ], [ -0.055761534644938, 47.194455311302399 ], [ -0.055754002321233, 47.194511188933397 ], [ -0.055536557535182, 47.194573777452497 ], [ -0.055531285103252, 47.194564726877999 ], [ -0.05536314124869, 47.194604030802402 ], [ -0.055253997857216, 47.194630245466698 ], [ -0.054981216828022, 47.194693662384097 ], [ -0.054561661392717, 47.194453455996403 ], [ -0.054377860847625, 47.194314783110698 ], [ -0.054358297866199, 47.194214662876298 ], [ -0.054292447479284, 47.193464555737101 ] ] ], [ [ [ -0.067260826537869, 47.193558426483499 ], [ -0.067384357118091, 47.193522719462599 ], [ -0.067437510791717, 47.193509148356597 ], [ -0.067683480082901, 47.193446411911602 ], [ -0.068626838534758, 47.1932267167291 ], [ -0.068991799035205, 47.193109018598797 ], [ -0.069155175028695, 47.193025763995102 ], [ -0.06923651822405, 47.192952612188797 ], [ -0.069315597077833, 47.192862942703499 ], [ -0.069421593082871, 47.192740034962199 ], [ -0.069474226207126, 47.192691879864299 ], [ -0.069526610089, 47.192667156277601 ], [ -0.06960566284497, 47.192641905815599 ], [ -0.069745089002545, 47.192616135771303 ], [ -0.069987733388637, 47.192571681760803 ], [ -0.070411233393511, 47.1924863027904 ], [ -0.070455139937066, 47.192477480268501 ], [ -0.070471637522396, 47.192486322642303 ], [ -0.070528835476873, 47.192457957174199 ], [ -0.07095364728864, 47.192363171401396 ], [ -0.071339261947103, 47.1922925784909 ], [ -0.072273517183535, 47.192032100372202 ], [ -0.072383696047763, 47.192003409217101 ], [ -0.072424722577094, 47.1919927703361 ], [ -0.072549228067233, 47.191960365282803 ], [ -0.07259077727977, 47.191949622374302 ], [ -0.072649774326252, 47.191934271991101 ], [ -0.072688582923582, 47.1919241423548 ], [ -0.072767250708489, 47.1919037650636 ], [ -0.072941944159384, 47.191875343258999 ], [ -0.073017496021954, 47.1918999163358 ], [ -0.073099336818479, 47.1920114453401 ], [ -0.073126644042368, 47.192082256812597 ], [ -0.073173503843324, 47.192203813955999 ], [ -0.073333083734304, 47.192618795097196 ], [ -0.073180034980132, 47.192651327908898 ], [ -0.073056743597592, 47.192679556956698 ], [ -0.072971541286841, 47.192698936596202 ], [ -0.072937750687033, 47.192706680728598 ], [ -0.072873300853962, 47.192721455183502 ], [ -0.072830892462046, 47.19273104973 ], [ -0.072709290680207, 47.192758783075703 ], [ -0.07266271559151, 47.192769479194098 ], [ -0.072531714284498, 47.192799263716097 ], [ -0.072614692261615, 47.192939953965499 ], [ -0.07265019419567, 47.192999195953 ], [ -0.07248679955805, 47.193047318685203 ], [ -0.071885612884499, 47.193224542424801 ], [ -0.071920679152484, 47.193278480509598 ], [ -0.072515310609767, 47.193097556431802 ], [ -0.072675623721344, 47.193048704578203 ], [ -0.072739496735093, 47.193153412870899 ], [ -0.072770592397933, 47.193211870801001 ], [ -0.073471708984903, 47.192993158370598 ], [ -0.073515726361738, 47.193069562610901 ], [ -0.073567954949127, 47.193164759127598 ], [ -0.073803226505332, 47.193560341769597 ], [ -0.073858244067615, 47.193600235246201 ], [ -0.074004920011689, 47.193823923782098 ], [ -0.074227150168677, 47.194132278509201 ], [ -0.074651244194846, 47.194653845598502 ], [ -0.074686436310356, 47.194596601050002 ], [ -0.075010270705755, 47.194506374159197 ], [ -0.075160799858209, 47.194672477723699 ], [ -0.075353407929142, 47.194936479054299 ], [ -0.07546589840444, 47.195096114599501 ], [ -0.075542696089492, 47.195197865389801 ], [ -0.075753198653645, 47.195444182440298 ], [ -0.07582714828177, 47.195523845078199 ], [ -0.075907361562815, 47.195622892125598 ], [ -0.075979896716657, 47.195744847304702 ], [ -0.076139609894703, 47.1960113430194 ], [ -0.076230736879721, 47.196141723636103 ], [ -0.076311051488874, 47.196184727979499 ], [ -0.076395523678247, 47.196321231622399 ], [ -0.076497922790449, 47.196486900502798 ], [ -0.076621299537702, 47.196661111614503 ], [ -0.076304216707578, 47.1967447664682 ], [ -0.076110845235081, 47.196795852747798 ], [ -0.075728698289868, 47.196895199343501 ], [ -0.074966275333329, 47.197061944969001 ], [ -0.074813610883792, 47.197094469368899 ], [ -0.074248162331837, 47.197189939020802 ], [ -0.074166409118805, 47.1971934609656 ], [ -0.074117923094081, 47.197177720085499 ], [ -0.074084390670706, 47.1971668978521 ], [ -0.073632650353421, 47.196915899980603 ], [ -0.072572847231472, 47.196319662738702 ], [ -0.072452101298881, 47.196267637982899 ], [ -0.071663380837805, 47.195851148387298 ], [ -0.071648121223379, 47.195843174279801 ], [ -0.071622471474689, 47.195829169087503 ], [ -0.071107254628589, 47.195547140930998 ], [ -0.070723514998671, 47.1953152308811 ], [ -0.070656716943028, 47.195261142941902 ], [ -0.070594329726328, 47.195221803809297 ], [ -0.07051642034166, 47.195183777230397 ], [ -0.070053155244968, 47.194957217398503 ], [ -0.069969645532395, 47.194916005413603 ], [ -0.06989376291973, 47.194878735559499 ], [ -0.069808497492406, 47.194846129117003 ], [ -0.069743933805338, 47.194814955877398 ], [ -0.069537884089036, 47.194715637069997 ], [ -0.069358193454714, 47.194628863250699 ], [ -0.069319998857916, 47.194610415044302 ], [ -0.069168312485157, 47.1945372238225 ], [ -0.069082545076856, 47.194495800784601 ], [ -0.068978006963461, 47.194431180021702 ], [ -0.068432367112427, 47.194159857459098 ], [ -0.068016835583788, 47.193942566060997 ], [ -0.067524088277022, 47.193696956709502 ], [ -0.067260826537869, 47.193558426483499 ] ] ], [ [ [ -0.033066674178744, 47.197299429317603 ], [ -0.033361156879318, 47.196312211735197 ], [ -0.0334196123365, 47.196275273364897 ], [ -0.033680788392561, 47.196312577100201 ], [ -0.034997927305627, 47.196609517789099 ], [ -0.035684236997974, 47.196755228273901 ], [ -0.036148736909859, 47.196853865648997 ], [ -0.036211511755914, 47.196872400752 ], [ -0.037119531035742, 47.197058507586902 ], [ -0.037159584813477, 47.197088990019303 ], [ -0.036931623743881, 47.198452599638799 ], [ -0.035720741761908, 47.198271097663302 ], [ -0.035251742624502, 47.198200685645901 ], [ -0.034548124379984, 47.1980952474376 ], [ -0.033989015774895, 47.198011425303903 ], [ -0.0331230219869, 47.197881492903598 ], [ -0.033215055050917, 47.197610151235097 ], [ -0.033066674178744, 47.197299429317603 ] ] ], [ [ [ -0.061933470892441, 47.195942719236498 ], [ -0.06203853660093, 47.195935436058399 ], [ -0.062036867278814, 47.195906109089002 ], [ -0.062213245790903, 47.1958907232803 ], [ -0.062197086560028, 47.195836732980297 ], [ -0.062131951601746, 47.195618983017198 ], [ -0.062093835583531, 47.195529895565102 ], [ -0.062171751684935, 47.195530988342 ], [ -0.062516912389627, 47.195450413897198 ], [ -0.062795357367014, 47.195444760702202 ], [ -0.062892927071704, 47.195442810444199 ], [ -0.062902571917647, 47.195442735504002 ], [ -0.062885731650304, 47.195058743457601 ], [ -0.062885547259921, 47.1950555048968 ], [ -0.062919102078256, 47.195057500333398 ], [ -0.063224070828922, 47.195076641450001 ], [ -0.063487249727771, 47.195090760950599 ], [ -0.063708008281764, 47.195098073889199 ], [ -0.063887889160063, 47.195097818919997 ], [ -0.063959924584935, 47.195095462266899 ], [ -0.064018888867762, 47.195093361368599 ], [ -0.064537294417327, 47.195067839397403 ], [ -0.064707665022901, 47.195053779947997 ], [ -0.064847693023856, 47.1950361087234 ], [ -0.064888824595064, 47.195015649423503 ], [ -0.065050764818982, 47.194948746300703 ], [ -0.065107614626551, 47.194932735995998 ], [ -0.065463262513098, 47.195112881951196 ], [ -0.065510963919115, 47.195140449649401 ], [ -0.065555521280198, 47.195200985472802 ], [ -0.06556207084342, 47.195248652844299 ], [ -0.065544248990833, 47.1953047136873 ], [ -0.065490733919009, 47.1954117225768 ], [ -0.065458602931517, 47.195469513667298 ], [ -0.065418157078833, 47.195527524876702 ], [ -0.065380537901068, 47.195593389648003 ], [ -0.065364902830169, 47.195620561963203 ], [ -0.065322139957353, 47.195665750799897 ], [ -0.065288756701258, 47.195717808862703 ], [ -0.065283281638051, 47.195758586917101 ], [ -0.065293455758855, 47.1957608402532 ], [ -0.065303144845054, 47.195858968138303 ], [ -0.065302661815199, 47.195866729146402 ], [ -0.065299445874676, 47.195916997525302 ], [ -0.065384714529021, 47.196003033845102 ], [ -0.065538733034066, 47.196172840779198 ], [ -0.065332003758753, 47.196198405078 ], [ -0.065295454903062, 47.196208832675097 ], [ -0.065316293440019, 47.1963100890177 ], [ -0.065314126986949, 47.196367176868698 ], [ -0.065290639146209, 47.196367888755901 ], [ -0.065290666072341, 47.196370681005803 ], [ -0.065290709672409, 47.196376085585896 ], [ -0.065290328031625, 47.196411142866097 ], [ -0.065284634159965, 47.196515353980097 ], [ -0.06528279686592, 47.196552702182402 ], [ -0.065280780155673, 47.196586901788997 ], [ -0.065275628480624, 47.196726145713797 ], [ -0.06527180898403, 47.1967867009446 ], [ -0.065271523269939, 47.1967932854837 ], [ -0.065265831806273, 47.196883621800602 ], [ -0.064822002175716, 47.196854196498698 ], [ -0.064778876740397, 47.196832723978297 ], [ -0.064753299952469, 47.196847816230999 ], [ -0.064747154345899, 47.196851312427 ], [ -0.064326817297899, 47.1968096411196 ], [ -0.063590500793377, 47.196727407045202 ], [ -0.062955098643938, 47.196653130220497 ], [ -0.062674049915526, 47.196601551797102 ], [ -0.06240937047241, 47.196544944907103 ], [ -0.062124838716551, 47.196469311721799 ], [ -0.062134663281636, 47.196442203468997 ], [ -0.062121986601565, 47.196440106132798 ], [ -0.062085159779504, 47.196434052583101 ], [ -0.062067280267661, 47.196391639983098 ], [ -0.062036312888653, 47.196274884374603 ], [ -0.061998642817089, 47.196133259474898 ], [ -0.061977749387626, 47.196072727284403 ], [ -0.061933470892441, 47.195942719236498 ] ] ], [ [ [ -0.076853683999372, 47.196850715545601 ], [ -0.076574018322809, 47.196481545091999 ], [ -0.076435462222068, 47.196298457342102 ], [ -0.076235702967866, 47.196022845082297 ], [ -0.076198869969021, 47.1959566119736 ], [ -0.076179563875717, 47.195921807223797 ], [ -0.076101307860053, 47.195780723584001 ], [ -0.076091530920945, 47.195699896857697 ], [ -0.076118182061414, 47.195606570059098 ], [ -0.076196699873796, 47.195523397589803 ], [ -0.077054825816782, 47.195022095561498 ], [ -0.077144627986759, 47.195059981992699 ], [ -0.077300734103899, 47.195187103306203 ], [ -0.07753006686951, 47.195478235249396 ], [ -0.077552275409247, 47.195510620154401 ], [ -0.077811927186458, 47.195834911967701 ], [ -0.077953150291276, 47.196016035282 ], [ -0.078177466786144, 47.196316399093902 ], [ -0.078103430864151, 47.196447835413103 ], [ -0.076853683999372, 47.196850715545601 ] ] ], [ [ [ -0.05891174401945, 47.196987425684704 ], [ -0.058928865778819, 47.196963089115897 ], [ -0.058940668738279, 47.196940523778501 ], [ -0.058953050782317, 47.1969188440941 ], [ -0.059051775297866, 47.196788390771303 ], [ -0.059174795539359, 47.196613328957199 ], [ -0.059314820267157, 47.196414212733302 ], [ -0.059440527539355, 47.196235295568698 ], [ -0.059552323708191, 47.196065124678 ], [ -0.059782707134405, 47.196143996847198 ], [ -0.059780552525703, 47.1961502703615 ], [ -0.06008294542072, 47.196242555267403 ], [ -0.060274443832817, 47.196295425528 ], [ -0.060408341337732, 47.196337204572899 ], [ -0.060453618085993, 47.1963500627473 ], [ -0.060578563319244, 47.196385501257403 ], [ -0.060579273327482, 47.196384040964602 ], [ -0.060706758575655, 47.196433917556497 ], [ -0.060841805156304, 47.196488909762003 ], [ -0.060811705748785, 47.196582503643498 ], [ -0.060943273918432, 47.196601909921597 ], [ -0.061076720671432, 47.196621806962298 ], [ -0.061223080349078, 47.196638659605298 ], [ -0.0611825031076, 47.1969755178215 ], [ -0.061175924433243, 47.197029478676299 ], [ -0.061101688180265, 47.1970210802629 ], [ -0.0610047033812, 47.197010129834901 ], [ -0.061001551528481, 47.197022105743002 ], [ -0.060894057184637, 47.197428124030303 ], [ -0.060792881778848, 47.197413229893897 ], [ -0.060761964188372, 47.1974088216176 ], [ -0.060721281113593, 47.197516209483503 ], [ -0.060621526726091, 47.197500737061503 ], [ -0.060512661023092, 47.197847868735302 ], [ -0.060306129776633, 47.197837560652502 ], [ -0.060016153048064, 47.1978196370181 ], [ -0.059814223021675, 47.197801908751799 ], [ -0.059467119668544, 47.197758014239497 ], [ -0.059221607782967, 47.197727021211897 ], [ -0.059227975818409, 47.197708833918902 ], [ -0.059404158184972, 47.1972134301379 ], [ -0.0594447259459, 47.197099324723901 ], [ -0.059011362414967, 47.197021453753003 ], [ -0.058941449301493, 47.196996091939504 ], [ -0.05891174401945, 47.196987425684704 ] ] ], [ [ [ -0.077092174016833, 47.197253324087697 ], [ -0.077079974009131, 47.197231845047099 ], [ -0.077026304021216, 47.197137048679799 ], [ -0.076853683999372, 47.196850715545601 ], [ -0.077530074507753, 47.196632690767899 ], [ -0.077531116027546, 47.196633798296801 ], [ -0.077777275166945, 47.196920860704601 ], [ -0.077871815027748, 47.197031093655198 ], [ -0.078503231205858, 47.196851108321098 ], [ -0.078620486517868, 47.197061428582899 ], [ -0.078842085033275, 47.197399613749297 ], [ -0.078886659772014, 47.1974670817809 ], [ -0.078911525092668, 47.197499666089399 ], [ -0.079208228115426, 47.197955951706 ], [ -0.077530481521859, 47.198285798823399 ], [ -0.077460187894503, 47.198046029435602 ], [ -0.077340508514278, 47.1977378381496 ], [ -0.077092174016833, 47.197253324087697 ] ] ], [ [ [ -0.061964327434869, 47.197374240162397 ], [ -0.061971745026797, 47.1973141305795 ], [ -0.061985771222552, 47.197200599858903 ], [ -0.062136820643775, 47.197232463405697 ], [ -0.062151646872087, 47.197177113126997 ], [ -0.062155330380193, 47.197162870736904 ], [ -0.062198868466265, 47.197168386410603 ], [ -0.062200431655057, 47.197095998457797 ], [ -0.062016428477519, 47.1970680696842 ], [ -0.062033426835145, 47.197011400643298 ], [ -0.062033984344549, 47.197009583992198 ], [ -0.062067841006174, 47.196972740602497 ], [ -0.062093433635344, 47.196916114561702 ], [ -0.062107978692996, 47.196918522875897 ], [ -0.06211333190568, 47.196903425471497 ], [ -0.062148306148271, 47.196909437916503 ], [ -0.062154534158622, 47.196877199246501 ], [ -0.062299318506963, 47.196898867273099 ], [ -0.062354117211754, 47.1969071483215 ], [ -0.0625974472406, 47.196943958485399 ], [ -0.062613986282532, 47.196944241802498 ], [ -0.062657761475923, 47.196796048212498 ], [ -0.062665530425636, 47.196769985333098 ], [ -0.062697649410968, 47.196660841059099 ], [ -0.062705631071372, 47.196633871593903 ], [ -0.062917810369549, 47.1966784423551 ], [ -0.06331333082454, 47.196727712611498 ], [ -0.063483985576143, 47.196741757390399 ], [ -0.063555460404108, 47.196799149184699 ], [ -0.063605557782229, 47.196806112501903 ], [ -0.063624886201307, 47.196762535467201 ], [ -0.06416352081392, 47.196820359305903 ], [ -0.064169105142109, 47.196820932292603 ], [ -0.064221001268729, 47.196859471269498 ], [ -0.064238324449564, 47.196864238378801 ], [ -0.064289382202625, 47.196834687307302 ], [ -0.064526493406165, 47.196859765412299 ], [ -0.064635853151546, 47.196867502321702 ], [ -0.064755833170651, 47.196876039178797 ], [ -0.064833210513233, 47.196881559159102 ], [ -0.064779538351931, 47.197087947099902 ], [ -0.064766194890793, 47.197139114149202 ], [ -0.064858662447927, 47.197149640446398 ], [ -0.064916537180079, 47.197156217161201 ], [ -0.065049453695752, 47.197166753796097 ], [ -0.065256352407238, 47.1971928103737 ], [ -0.065237329123604, 47.197290436949899 ], [ -0.065221483718844, 47.197397439424797 ], [ -0.06521967826736, 47.197409830306199 ], [ -0.065236777458299, 47.197412981482003 ], [ -0.065443339026392, 47.1974516600512 ], [ -0.065640139193696, 47.197499966632599 ], [ -0.065627373039077, 47.1975473344948 ], [ -0.065615078186705, 47.197575139143296 ], [ -0.06560451287851, 47.197572986279802 ], [ -0.065569369265116, 47.197619685234201 ], [ -0.065577417901477, 47.197624067022097 ], [ -0.065513469376992, 47.197687205176599 ], [ -0.06548112876065, 47.197671754068303 ], [ -0.065502270686079, 47.197650742672202 ], [ -0.06544603923245, 47.1976243017142 ], [ -0.065454201775837, 47.197614445400298 ], [ -0.06548187494864, 47.197580467534799 ], [ -0.065426729002296, 47.197561475760999 ], [ -0.065376706210119, 47.1975442403429 ], [ -0.06533194250401, 47.197545064980297 ], [ -0.065298264658362, 47.197598932687001 ], [ -0.065253729244747, 47.197645519777197 ], [ -0.064949257805076, 47.197542581625903 ], [ -0.064694302548805, 47.197457252217703 ], [ -0.064685000780155, 47.197454074779003 ], [ -0.064629306685999, 47.197659795325102 ], [ -0.064610226989874, 47.197758774672003 ], [ -0.064594812226695, 47.197838556769902 ], [ -0.064458844508101, 47.1978116128506 ], [ -0.064377075895814, 47.1977893609441 ], [ -0.06435828476208, 47.197821481748797 ], [ -0.06422752338175, 47.197999637266598 ], [ -0.06420643331453, 47.1980238904749 ], [ -0.064027143916953, 47.198229637761997 ], [ -0.064038481961078, 47.198233752423 ], [ -0.063969561487874, 47.1982978320653 ], [ -0.064000038844658, 47.198313062607198 ], [ -0.063966632343191, 47.198355480561503 ], [ -0.063997413627907, 47.198359801513597 ], [ -0.063973791161927, 47.198386013682899 ], [ -0.063960368140998, 47.198384747142903 ], [ -0.063944185743627, 47.198406978429901 ], [ -0.063921246139778, 47.198438217862801 ], [ -0.063778459156413, 47.198391362275203 ], [ -0.063776125591863, 47.198394487263101 ], [ -0.063612775807449, 47.1983416886697 ], [ -0.063273292471648, 47.198232104422203 ], [ -0.063305935484874, 47.198155380520497 ], [ -0.063335206720275, 47.198086764298303 ], [ -0.063361362908081, 47.198012194080803 ], [ -0.063385187212813, 47.197924531611299 ], [ -0.063391632194717, 47.197900756101703 ], [ -0.063397099336074, 47.197880700373702 ], [ -0.062578756375376, 47.197732427371697 ], [ -0.062576211191203, 47.197738801366803 ], [ -0.062372960484863, 47.197700210343797 ], [ -0.06199544866022, 47.197637666971701 ], [ -0.062003793482507, 47.197563658184102 ], [ -0.06201768307704, 47.197440761162099 ], [ -0.062025117640915, 47.197373984068101 ], [ -0.061964327434869, 47.197374240162397 ] ] ], [ [ [ -0.036768985150772, 47.199919814873503 ], [ -0.037237686113328, 47.197112077765297 ], [ -0.037301713997996, 47.197084901610303 ], [ -0.038020583974944, 47.197186679380799 ], [ -0.038366224694387, 47.197235541075401 ], [ -0.038508000164848, 47.197255605764298 ], [ -0.03865111085509, 47.197275905526404 ], [ -0.038678564956408, 47.1972892397919 ], [ -0.038794679594087, 47.197313671401602 ], [ -0.038939542548337, 47.197343925304402 ], [ -0.0393833869127, 47.197437055745901 ], [ -0.039624298415849, 47.197487491446097 ], [ -0.040012084260694, 47.197561639645102 ], [ -0.040138627109832, 47.197585796157199 ], [ -0.040238716208753, 47.197604971147904 ], [ -0.040684625253902, 47.197690114190202 ], [ -0.040798857780821, 47.197709277685 ], [ -0.041022224730892, 47.197732241984802 ], [ -0.042544094932774, 47.197889480990597 ], [ -0.043580607454074, 47.197962877166297 ], [ -0.043196515452837, 47.200208937493201 ], [ -0.040718002720531, 47.199947904390598 ], [ -0.040639882784271, 47.199947973608801 ], [ -0.040290414388929, 47.199948680528202 ], [ -0.039830705896031, 47.199949487426998 ], [ -0.039727476708461, 47.1999496746025 ], [ -0.039596625313639, 47.199949956081902 ], [ -0.039209746838643, 47.199950650671198 ], [ -0.038955440753196, 47.199951108292602 ], [ -0.038494021385999, 47.199952044879801 ], [ -0.038342152525077, 47.199952335859798 ], [ -0.038196893500018, 47.199952633408401 ], [ -0.038049248428287, 47.199952813185497 ], [ -0.037903862487459, 47.1999532037905 ], [ -0.037551353090759, 47.199953892130203 ], [ -0.036805883282825, 47.199955245286901 ], [ -0.036768985150772, 47.199919814873503 ] ] ], [ [ [ -0.055224626768742, 47.197555238304197 ], [ -0.055282744345462, 47.197575417761797 ], [ -0.055318464195117, 47.1975806017293 ], [ -0.055352579774129, 47.197585467636401 ], [ -0.055569812981981, 47.197616674444099 ], [ -0.055633911769843, 47.197625794389701 ], [ -0.055851673250532, 47.197656986736597 ], [ -0.055924179289773, 47.197667506363601 ], [ -0.056132208962249, 47.197697243217704 ], [ -0.056421010063612, 47.197738722383697 ], [ -0.056705674006749, 47.197779499196898 ], [ -0.056916339172441, 47.197809074997899 ], [ -0.05712203507322, 47.197839592473898 ], [ -0.056772000057018, 47.198825734841698 ], [ -0.056228863815417, 47.198961068940697 ], [ -0.05599918643401, 47.198941273342903 ], [ -0.055599874829941, 47.198906853533998 ], [ -0.055418714304193, 47.198254120075099 ], [ -0.055224626768742, 47.197555238304197 ] ] ], [ [ [ -0.064645802957995, 47.194306632780602 ], [ -0.064934634772572, 47.1942305148618 ], [ -0.064996251712245, 47.194216991171601 ], [ -0.064963919735692, 47.1941482932098 ], [ -0.065333157539789, 47.1940381519304 ], [ -0.065353174476515, 47.194032216253902 ], [ -0.065528194980764, 47.193979201164602 ], [ -0.06527835259608, 47.193637686110897 ], [ -0.065122736583734, 47.1934373787402 ], [ -0.065456360214989, 47.193335567551401 ], [ -0.065540698699738, 47.193307927610299 ], [ -0.065711440875543, 47.193251781992402 ], [ -0.065784457779381, 47.193248136808101 ], [ -0.066068520760467, 47.193225298582902 ], [ -0.066527684524685, 47.193269178047103 ], [ -0.067036010891003, 47.193521586434599 ], [ -0.067153015951711, 47.193584707366497 ], [ -0.067384558994599, 47.193709392527801 ], [ -0.067364483063974, 47.193735151193998 ], [ -0.067388102122804, 47.193743715240998 ], [ -0.0674059666117, 47.193720898221201 ], [ -0.067575312575879, 47.193818760497003 ], [ -0.067738445029838, 47.193898047247202 ], [ -0.067871346799673, 47.193964079844001 ], [ -0.06801414204408, 47.1940297600473 ], [ -0.06824263812505, 47.194154254025399 ], [ -0.068665643621353, 47.1943704456232 ], [ -0.068953540777397, 47.194514356264001 ], [ -0.069225735493791, 47.194644807704599 ], [ -0.069446771294089, 47.194747333606401 ], [ -0.069599147847908, 47.194818704269899 ], [ -0.069961197632237, 47.194985693284103 ], [ -0.070065712077288, 47.195033646105202 ], [ -0.070049409118133, 47.195044439393499 ], [ -0.069655406298312, 47.195297333371698 ], [ -0.069569672393436, 47.195351501418301 ], [ -0.069710437367757, 47.195432459661703 ], [ -0.069890556058031, 47.195540574350801 ], [ -0.070180678884389, 47.195334220675498 ], [ -0.070222525942883, 47.195363383265097 ], [ -0.070431891859688, 47.195224309507402 ], [ -0.070530823912105, 47.1952809690656 ], [ -0.07060057275109, 47.195321914924499 ], [ -0.070665899596476, 47.195361806767998 ], [ -0.070854837995454, 47.195478515502003 ], [ -0.071096898743141, 47.195615798360102 ], [ -0.071254799631313, 47.195705129689102 ], [ -0.071342040956482, 47.195751467370997 ], [ -0.071329682059959, 47.195761885932001 ], [ -0.071611213590617, 47.195914428138998 ], [ -0.071914483814353, 47.196074952072998 ], [ -0.072384177613909, 47.196323497836197 ], [ -0.072682046579602, 47.1964773158873 ], [ -0.072900506074862, 47.196592337102601 ], [ -0.072582396998122, 47.196858056602402 ], [ -0.072190401949074, 47.1969021896534 ], [ -0.072121062608416, 47.196900876002502 ], [ -0.071987601765179, 47.197084518453501 ], [ -0.071966407290988, 47.197113821322297 ], [ -0.071679077717583, 47.197514982415001 ], [ -0.07166858252158, 47.197511747088697 ], [ -0.071554031389604, 47.197457124453798 ], [ -0.071207920531316, 47.197305754300899 ], [ -0.070981715641486, 47.197545912776903 ], [ -0.071489340382573, 47.197773364907299 ], [ -0.07152444221565, 47.197793155835399 ], [ -0.072041453386687, 47.198043691479903 ], [ -0.072664617282039, 47.198224827322697 ], [ -0.072668903746877, 47.198279041366703 ], [ -0.072672945898086, 47.198479397327503 ], [ -0.072673390767663, 47.198498756125304 ], [ -0.072725582998481, 47.198484487459602 ], [ -0.073243374057223, 47.197411128648703 ], [ -0.073484787592185, 47.1969121666992 ], [ -0.07429568495491, 47.197369229557097 ], [ -0.074682233247287, 47.197582674236799 ], [ -0.075306956483931, 47.197911241683002 ], [ -0.07561345587805, 47.198056174133299 ], [ -0.076134913143527, 47.198323962489297 ], [ -0.076399981587368, 47.198467831280603 ], [ -0.076746063408893, 47.1986783802855 ], [ -0.076830547122714, 47.198757221867503 ], [ -0.076972485808858, 47.198800570486199 ], [ -0.077188699903866, 47.198843656958097 ], [ -0.077271365443289, 47.198913807241098 ], [ -0.077268562210057, 47.198938748237602 ], [ -0.076885035986771, 47.199037324008998 ], [ -0.076367140617638, 47.1990955015238 ], [ -0.075865846908194, 47.199129630568699 ], [ -0.075388781992973, 47.199162122889199 ], [ -0.074651881019589, 47.199202413729999 ], [ -0.074252299421136, 47.199228339153898 ], [ -0.073590238071016, 47.199271321250201 ], [ -0.073307308578567, 47.199293696542 ], [ -0.072112009860607, 47.199392535708 ], [ -0.071697210410672, 47.1988209805086 ], [ -0.071223363429441, 47.198974639200202 ], [ -0.071212942864688, 47.198954193560901 ], [ -0.071202868942375, 47.198928242886304 ], [ -0.071087554140369, 47.198705160962803 ], [ -0.070371559493146, 47.198914790705601 ], [ -0.069993597526354, 47.199025358712902 ], [ -0.069648138543099, 47.199126414637 ], [ -0.069640797664061, 47.1991182303396 ], [ -0.069632006388464, 47.199112426977599 ], [ -0.069621205956404, 47.199108478789 ], [ -0.069609193437166, 47.199106454739301 ], [ -0.069596908156056, 47.199106600215003 ], [ -0.069585274037419, 47.199108890724098 ], [ -0.069574819037612, 47.1991133122714 ], [ -0.069566304291225, 47.199119304106702 ], [ -0.069560374344914, 47.199126578857502 ], [ -0.069557531489708, 47.199134672731098 ], [ -0.069557739792391, 47.199142956010597 ], [ -0.069551026001019, 47.199155026609397 ], [ -0.069539448338102, 47.199158306669297 ], [ -0.069508106001985, 47.199167336197398 ], [ -0.069466744191607, 47.199179153986996 ], [ -0.069200909781358, 47.199255573936 ], [ -0.069163559662077, 47.199196380010299 ], [ -0.069186989293718, 47.199189992887 ], [ -0.068612023245388, 47.198224720146598 ], [ -0.068599432948009, 47.198240370057498 ], [ -0.068558271961335, 47.198181547226604 ], [ -0.068585482665206, 47.1981742491528 ], [ -0.068385800831342, 47.198029170988299 ], [ -0.068048901688813, 47.197756458923898 ], [ -0.06787504408966, 47.197623759560898 ], [ -0.067837722133164, 47.197539517904197 ], [ -0.067764186375355, 47.197457677207701 ], [ -0.067721307862713, 47.197435928914899 ], [ -0.067722928023647, 47.197394802378 ], [ -0.067840683502295, 47.197348076288797 ], [ -0.06786265633439, 47.197309203478 ], [ -0.068011501694812, 47.197047405994901 ], [ -0.06770262440081, 47.196973872832899 ], [ -0.067639916945348, 47.196959046642299 ], [ -0.067565975426812, 47.196969744816798 ], [ -0.06744210244614, 47.196946268008901 ], [ -0.067348970656396, 47.196928733904301 ], [ -0.067224537829595, 47.197178261471201 ], [ -0.067183372726793, 47.197367381459998 ], [ -0.067173392669285, 47.197419540895197 ], [ -0.067153914896376, 47.197506818910703 ], [ -0.067145122775789, 47.197498672906903 ], [ -0.067053094266874, 47.197502822363703 ], [ -0.067093663202014, 47.197291644810299 ], [ -0.066625119205908, 47.197160352140401 ], [ -0.066478107575736, 47.197127486492199 ], [ -0.066310434260679, 47.197075346780899 ], [ -0.06594827842136, 47.197003940637501 ], [ -0.06593596665037, 47.197001293476099 ], [ -0.065961345005014, 47.196940978228803 ], [ -0.066008871252309, 47.196826289460802 ], [ -0.065635207946517, 47.196752394127699 ], [ -0.065716540791294, 47.196660325375198 ], [ -0.065763668252312, 47.196422666782397 ], [ -0.065720677416073, 47.196224964065003 ], [ -0.065676036502416, 47.196125869598298 ], [ -0.065584288501485, 47.196037482347101 ], [ -0.06542495997461, 47.195839435937501 ], [ -0.065388501693004, 47.195765621792702 ], [ -0.065520803917115, 47.195554358684099 ], [ -0.065690720083615, 47.195288762879002 ], [ -0.065699138733624, 47.1952022283674 ], [ -0.065571329174641, 47.195065513602103 ], [ -0.065462750328438, 47.195013429941902 ], [ -0.065193233209932, 47.194883439560599 ], [ -0.065068661216316, 47.194805831391001 ], [ -0.064825680593174, 47.1945383725878 ], [ -0.064782938970024, 47.194481842745901 ], [ -0.064645802957995, 47.194306632780602 ] ] ], [ [ [ -0.074255064461537, 47.197229758367897 ], [ -0.074718328457538, 47.197145741449702 ], [ -0.075313967348291, 47.197032709787003 ], [ -0.075672713975274, 47.196947140196997 ], [ -0.076659851542266, 47.196690359535602 ], [ -0.07678194055987, 47.196872082678397 ], [ -0.076910799400726, 47.1970565989782 ], [ -0.07701734456944, 47.197269277500297 ], [ -0.077070407046628, 47.1973858031646 ], [ -0.077208826094053, 47.197614932939203 ], [ -0.077356228472167, 47.197924820169298 ], [ -0.077492007102597, 47.198299524919797 ], [ -0.077524414155755, 47.198544806015597 ], [ -0.077521223137228, 47.198664628459099 ], [ -0.077506902588854, 47.198756276342998 ], [ -0.07738911307212, 47.198804635005999 ], [ -0.07699524502404, 47.1987293304419 ], [ -0.076378300538472, 47.1983753381352 ], [ -0.076195013991102, 47.19827002009 ], [ -0.075627875632415, 47.197977768012898 ], [ -0.075510827106034, 47.197916548399498 ], [ -0.074518982450483, 47.197397627312597 ], [ -0.074316376559527, 47.197291828353599 ], [ -0.074266771227086, 47.197265756217902 ], [ -0.074255064461537, 47.197229758367897 ] ] ] ] } },
{ "type": "Feature", "properties": { "Name": null, "id": "" }, "geometry": { "type": "MultiPolygon", "coordinates": [ [ [ [ -0.045113169178592, 47.234205553809502 ], [ -0.045114315892886, 47.234183766128403 ], [ -0.045123190993367, 47.234172316271398 ], [ -0.045281685957629, 47.234056119872903 ], [ -0.045877588387283, 47.233619766248502 ], [ -0.045954263358476, 47.233565316345398 ], [ -0.046041611965226, 47.233503153092101 ], [ -0.046123156006648, 47.2334506021704 ], [ -0.046251870823049, 47.233383161932103 ], [ -0.046352673146526, 47.2333483484609 ], [ -0.046419226993779, 47.2333253816916 ], [ -0.04684446550332, 47.233196764030701 ], [ -0.04661652994645, 47.2334599291313 ], [ -0.046489919360184, 47.233606506590498 ], [ -0.046759020444209, 47.2337195707672 ], [ -0.046830576741241, 47.233749852607701 ], [ -0.047038355755622, 47.2338311489601 ], [ -0.047185278346464, 47.23388890927 ], [ -0.047282264134905, 47.2339267656576 ], [ -0.047264768981322, 47.234101151173803 ], [ -0.047260153459838, 47.2341457336735 ], [ -0.047256435949451, 47.234185157229398 ], [ -0.047252924950151, 47.234193222832303 ], [ -0.047212019817217, 47.234290653491698 ], [ -0.047179514985521, 47.234368267900699 ], [ -0.047087593838804, 47.234321764402303 ], [ -0.046977291732021, 47.2342660140825 ], [ -0.0469201060688, 47.234237246404199 ], [ -0.046724826215345, 47.2341384583722 ], [ -0.04629516645339, 47.234525309176497 ], [ -0.045850132292621, 47.234879047560099 ], [ -0.045839317879691, 47.234870277438901 ], [ -0.045765286132896, 47.234810329231998 ], [ -0.045719697073508, 47.234776120832201 ], [ -0.045675350295686, 47.234742825743602 ], [ -0.045578784412031, 47.234670361127698 ], [ -0.04553193808113, 47.234634969443398 ], [ -0.045362502405197, 47.234516039731602 ], [ -0.045274885083756, 47.234454421178398 ], [ -0.045227639103466, 47.234397958036098 ], [ -0.045130063035615, 47.234251598018602 ], [ -0.045113169178592, 47.234205553809502 ] ] ], [ [ [ -0.046863284817529, 47.235069041459703 ], [ -0.046900139998766, 47.234984150367502 ], [ -0.04694125273684, 47.2348903631977 ], [ -0.04730968962121, 47.2349775700606 ], [ -0.047514903205253, 47.234635539004401 ], [ -0.04735551602482, 47.234595945371098 ], [ -0.04753235612975, 47.2338654565851 ], [ -0.047539036892388, 47.233857307604303 ], [ -0.047683574593904, 47.2336770129398 ], [ -0.048387165243702, 47.232823878453999 ], [ -0.048634975526238, 47.232743436907299 ], [ -0.048696304663448, 47.232768310789602 ], [ -0.048946117968486, 47.232870120208602 ], [ -0.049315622163407, 47.232941345838 ], [ -0.049779806938962, 47.233030754802002 ], [ -0.049747509773367, 47.233069984746997 ], [ -0.049547582545088, 47.233211062768902 ], [ -0.049349738510486, 47.233367897010403 ], [ -0.049275681889376, 47.233426469708199 ], [ -0.049059970177109, 47.233562151147702 ], [ -0.048911593426176, 47.233758630378198 ], [ -0.048805457984898, 47.233916293806999 ], [ -0.048699616366332, 47.234156114671102 ], [ -0.048419565488749, 47.234640797958697 ], [ -0.048397605032762, 47.234673403923502 ], [ -0.048384549651332, 47.234695099535102 ], [ -0.047942009590995, 47.234609710157898 ], [ -0.04770950088624, 47.235072194141701 ], [ -0.048105289966831, 47.235165841559102 ], [ -0.048013391545698, 47.2353577254203 ], [ -0.047621707375965, 47.235259510076702 ], [ -0.046863284817529, 47.235069041459703 ] ] ], [ [ [ -0.065665277685424, 47.234126216337401 ], [ -0.066031070486675, 47.233658678747403 ], [ -0.066140405623368, 47.233683219350901 ], [ -0.066413686922495, 47.2337713974973 ], [ -0.06687393210424, 47.233930170769099 ], [ -0.067072689961253, 47.233998832351702 ], [ -0.067112036462619, 47.234020764925901 ], [ -0.067163273906793, 47.234049410092297 ], [ -0.06719121105663, 47.234080023420297 ], [ -0.067247241805242, 47.2341996270465 ], [ -0.067288055594137, 47.234254224969 ], [ -0.06757562318171, 47.234460541418599 ], [ -0.067634709559894, 47.234501546761699 ], [ -0.067700293208728, 47.234538190677902 ], [ -0.067790658811777, 47.234577962416097 ], [ -0.067799349278999, 47.234584219126702 ], [ -0.06802173821905, 47.234649685828998 ], [ -0.068099997429566, 47.234678966555201 ], [ -0.068207028358204, 47.234718702142601 ], [ -0.068309782211053, 47.234766929665902 ], [ -0.068475754519337, 47.234845106153102 ], [ -0.068617332820027, 47.234906089736903 ], [ -0.068687876070759, 47.234939223239103 ], [ -0.068799094669711, 47.234996686086397 ], [ -0.068832968029806, 47.235013087109202 ], [ -0.068975009413393, 47.235082166504597 ], [ -0.068980033849548, 47.235086763386299 ], [ -0.069106347392281, 47.235130582283396 ], [ -0.069218726917854, 47.235166661627403 ], [ -0.069293056011674, 47.235196586243703 ], [ -0.069309628579754, 47.235243581967097 ], [ -0.069294987875529, 47.235348569353597 ], [ -0.069286045155091, 47.235414349891201 ], [ -0.069313284208641, 47.235446602931901 ], [ -0.069344726659026, 47.235462122212603 ], [ -0.069412961864509, 47.2354826131251 ], [ -0.069477557212243, 47.235494956779398 ], [ -0.069475760957456, 47.235498247758997 ], [ -0.069467845105423, 47.235512512168803 ], [ -0.069373981625985, 47.235682574051197 ], [ -0.06934422211645, 47.235738229802202 ], [ -0.069235668393676, 47.235935979242498 ], [ -0.069189968739696, 47.236018274604497 ], [ -0.069137607667836, 47.236122909587699 ], [ -0.069056309583583, 47.236283718968501 ], [ -0.069018641021886, 47.2363537739366 ], [ -0.068960501795317, 47.236468427171502 ], [ -0.06894706239793, 47.2364971628188 ], [ -0.068305694286507, 47.236336030754202 ], [ -0.067920786774296, 47.236239189980601 ], [ -0.067793160383354, 47.236207161829199 ], [ -0.067639151224887, 47.236095287687498 ], [ -0.067538939622671, 47.235994287088403 ], [ -0.067515552429944, 47.235966931924303 ], [ -0.067510878074405, 47.235961514865899 ], [ -0.067491860770757, 47.235927286945802 ], [ -0.067439547506007, 47.235886777927 ], [ -0.067404223499261, 47.235865820091398 ], [ -0.067366371002394, 47.235821414569202 ], [ -0.067202562199294, 47.235628173869898 ], [ -0.067188112282889, 47.2356113933918 ], [ -0.067104865524489, 47.235459941063802 ], [ -0.06710056439284, 47.235454108687001 ], [ -0.067063105638015, 47.235430504430703 ], [ -0.067051441289194, 47.2354208127025 ], [ -0.066943264228411, 47.235298399829297 ], [ -0.0667855220785, 47.235127972055302 ], [ -0.066701683065275, 47.235042619290098 ], [ -0.066355298948432, 47.2347860980245 ], [ -0.06628117919677, 47.234731975726 ], [ -0.066122603366321, 47.234616436584297 ], [ -0.066078051964483, 47.234593695412698 ], [ -0.065870833356707, 47.234494984304199 ], [ -0.065740844984598, 47.234358822494698 ], [ -0.065717166592854, 47.234298500197099 ], [ -0.065719289809121, 47.234280064792102 ], [ -0.065728201776028, 47.234192797941397 ], [ -0.065719403678488, 47.234170732386097 ], [ -0.065665277685424, 47.234126216337401 ] ] ], [ [ [ -0.061999458855162, 47.234273282476003 ], [ -0.062043967437488, 47.234197778676602 ], [ -0.062112831199305, 47.2340343300421 ], [ -0.062141607308442, 47.2338568049272 ], [ -0.062184407571995, 47.233702558877802 ], [ -0.062231523323786, 47.233707665365401 ], [ -0.062331278935029, 47.233717326866703 ], [ -0.062484828218663, 47.2337378643888 ], [ -0.062880897302316, 47.233766451496699 ], [ -0.062986435047157, 47.233773121633298 ], [ -0.063140016440494, 47.2337663589161 ], [ -0.063398697667019, 47.233744654730302 ], [ -0.063688603492034, 47.233720772967601 ], [ -0.063687459971601, 47.233763372709298 ], [ -0.0636874519509, 47.233777157333002 ], [ -0.06367863809042, 47.2341307848192 ], [ -0.063648612683575, 47.234314154531802 ], [ -0.063623573379714, 47.2343134651451 ], [ -0.06337953541296, 47.234306673253499 ], [ -0.063195154780301, 47.2343022228794 ], [ -0.062963002740047, 47.234322954990802 ], [ -0.062914360322154, 47.2343885679919 ], [ -0.062912494505147, 47.234390644429503 ], [ -0.062819150525255, 47.234375137990298 ], [ -0.062655905285883, 47.2343516137501 ], [ -0.0622662904742, 47.234331909656497 ], [ -0.062156978846781, 47.234307770219701 ], [ -0.061999458855162, 47.234273282476003 ] ] ], [ [ [ -0.058285300341281, 47.232831574860697 ], [ -0.059125968481355, 47.232772624857098 ], [ -0.059244182789955, 47.232778963661097 ], [ -0.059486914296194, 47.2328117456453 ], [ -0.059617279555744, 47.232829385365299 ], [ -0.059736347927297, 47.232836782248803 ], [ -0.060116687541065, 47.232861064017499 ], [ -0.060310519280682, 47.232899189955099 ], [ -0.060442989948507, 47.232953801818397 ], [ -0.060958797021406, 47.233210729453297 ], [ -0.061251081254543, 47.233368015191701 ], [ -0.061448098702122, 47.233496869983298 ], [ -0.061578966576995, 47.233572064408897 ], [ -0.061665798442764, 47.233612609848102 ], [ -0.061799684621193, 47.233657182380298 ], [ -0.061982565264558, 47.2336841079876 ], [ -0.062141423177181, 47.233700316298602 ], [ -0.062100934439303, 47.233860312314498 ], [ -0.062073685826849, 47.234029823720697 ], [ -0.062005879968451, 47.234190946974103 ], [ -0.061795274499894, 47.234534229816497 ], [ -0.061681243847801, 47.234740765356598 ], [ -0.061645476177722, 47.234851309849603 ], [ -0.061620543329879, 47.2349291341868 ], [ -0.061598790580284, 47.234965251036797 ], [ -0.061543773657843, 47.235058330308902 ], [ -0.061482985482909, 47.235161562464803 ], [ -0.061442799782007, 47.235229383868003 ], [ -0.061082975253761, 47.235133615022498 ], [ -0.060956385401989, 47.235168446938602 ], [ -0.060825836429594, 47.2352591965331 ], [ -0.060550568078693, 47.235449718532998 ], [ -0.060409322558434, 47.235547777462003 ], [ -0.060012476103174, 47.235226892248797 ], [ -0.059914026688605, 47.235128676870602 ], [ -0.059837777628554, 47.235037037658699 ], [ -0.059796890828427, 47.234974060502402 ], [ -0.05972426747753, 47.234827593388196 ], [ -0.059664786149698, 47.234674968154501 ], [ -0.059635322797218, 47.234596553518699 ], [ -0.059616158764959, 47.234545705967498 ], [ -0.059579076405299, 47.2344519512814 ], [ -0.059564108325741, 47.2344120744905 ], [ -0.059505139033345, 47.234226596394201 ], [ -0.059471725248205, 47.234036929843903 ], [ -0.059863274049851, 47.2339930758965 ], [ -0.059918606254969, 47.234003101710996 ], [ -0.059980347244581, 47.234014174525697 ], [ -0.060133882546644, 47.2341041780209 ], [ -0.060168790971866, 47.234124878674002 ], [ -0.060239615451861, 47.234170037287697 ], [ -0.060296742266145, 47.234204611201498 ], [ -0.060320429064241, 47.234230338118103 ], [ -0.060367802728415, 47.234281791935999 ], [ -0.06038289990318, 47.234303015766599 ], [ -0.060718134949733, 47.234022797990598 ], [ -0.060768512815543, 47.233980654670802 ], [ -0.06104122517561, 47.233752359834497 ], [ -0.060861155574302, 47.233691167793701 ], [ -0.060817033048, 47.233682873440202 ], [ -0.060448987290871, 47.233547047995103 ], [ -0.060678159437792, 47.233285848385599 ], [ -0.060742876328837, 47.233209811290301 ], [ -0.0603736828749, 47.233039825287499 ], [ -0.060310315647675, 47.2331186644901 ], [ -0.060100039585944, 47.233446934864197 ], [ -0.060063903284342, 47.233439510448797 ], [ -0.059896435527472, 47.2334044718028 ], [ -0.059871943353257, 47.233399442655802 ], [ -0.059870392367753, 47.233407051512401 ], [ -0.059744426990879, 47.233383079369098 ], [ -0.059626074432723, 47.233360392624498 ], [ -0.059517354185844, 47.233339613683398 ], [ -0.059408230121241, 47.233318710163502 ], [ -0.059311542609613, 47.233300181006499 ], [ -0.059189989925629, 47.233277037753297 ], [ -0.059034684780577, 47.233155862233097 ], [ -0.058926832905864, 47.233115464382003 ], [ -0.058713004870201, 47.233018807378301 ], [ -0.058365348021135, 47.2328924377547 ], [ -0.058289821207248, 47.2328552403496 ], [ -0.058287576127357, 47.232843677482002 ], [ -0.058285300341281, 47.232831574860697 ] ] ], [ [ [ -0.05267812057124, 47.233554593011903 ], [ -0.052714798674608, 47.233543626312098 ], [ -0.052752023996736, 47.233528320684997 ], [ -0.052797933332932, 47.233505218381801 ], [ -0.052871343914235, 47.2334632826513 ], [ -0.052995098641891, 47.2333994790432 ], [ -0.05313462537262, 47.233333908308403 ], [ -0.053331157215601, 47.233251969799703 ], [ -0.053453363710136, 47.233209828970097 ], [ -0.053560592580812, 47.233176461432599 ], [ -0.053727661393734, 47.233127732410601 ], [ -0.053786389425353, 47.233113751708302 ], [ -0.053898755845176, 47.233087005479902 ], [ -0.053915197832396, 47.233083058476701 ], [ -0.054047196034886, 47.2330666059365 ], [ -0.05418341702947, 47.233054636721299 ], [ -0.054270417005384, 47.233049370409503 ], [ -0.054336501586205, 47.233046141906598 ], [ -0.05437329647279, 47.233044226011202 ], [ -0.05479338519568, 47.233041800680702 ], [ -0.055278625397644, 47.233047656354202 ], [ -0.055339438923592, 47.233049431332397 ], [ -0.055587889959116, 47.233057204725903 ], [ -0.055624868892141, 47.233058526957898 ], [ -0.055718729852079, 47.233062268199497 ], [ -0.055822915580213, 47.2330661424974 ], [ -0.055900020226605, 47.233068298387103 ], [ -0.055941349933852, 47.233069370633501 ], [ -0.056003252444664, 47.233069359713603 ], [ -0.056099283649081, 47.233069394607703 ], [ -0.056168325806709, 47.233069330432102 ], [ -0.056211971472242, 47.233069260370797 ], [ -0.056241672691506, 47.2330682066873 ], [ -0.056305822104286, 47.2330658389467 ], [ -0.05661663287668, 47.233053721259999 ], [ -0.05680965791942, 47.233021871309703 ], [ -0.057325558229738, 47.232910958662401 ], [ -0.057518671564668, 47.232873699538303 ], [ -0.057641347884133, 47.232853840035901 ], [ -0.057625508935495, 47.233007913239703 ], [ -0.057617317029692, 47.233135972723403 ], [ -0.057617340055155, 47.2331363775386 ], [ -0.057610537313513, 47.233288860862402 ], [ -0.057596233129158, 47.233414108518403 ], [ -0.057578934612288, 47.2334657833878 ], [ -0.057551810093984, 47.233526096270502 ], [ -0.057511810603164, 47.233611209376299 ], [ -0.05741391939878, 47.233892452865199 ], [ -0.057389069944974, 47.234020681512298 ], [ -0.057383312512524, 47.234065970472003 ], [ -0.057383039079757, 47.234068139940398 ], [ -0.05738354509303, 47.234244485399699 ], [ -0.057154842015272, 47.234263087713103 ], [ -0.056943122938065, 47.234280295520399 ], [ -0.05695746854213, 47.234560469377797 ], [ -0.056968757332731, 47.234779910495099 ], [ -0.056969348212497, 47.234790300747598 ], [ -0.056907193286273, 47.234792886465101 ], [ -0.056578498151857, 47.234790746075397 ], [ -0.056579692243751, 47.2350769426996 ], [ -0.056497822191041, 47.235074777745503 ], [ -0.05608008203541, 47.235062957117599 ], [ -0.056045794602041, 47.2346901973009 ], [ -0.055759829267794, 47.2346788192134 ], [ -0.055346609383339, 47.234662687459597 ], [ -0.055266767964644, 47.234891693863197 ], [ -0.055042910796244, 47.234918813144098 ], [ -0.055060894658073, 47.235088616221098 ], [ -0.055087424575978, 47.2353110339591 ], [ -0.055103082369569, 47.235370083018701 ], [ -0.055160716129075, 47.235588167006597 ], [ -0.055167751338999, 47.235614198800498 ], [ -0.055187353842223, 47.2356867930446 ], [ -0.05522629835213, 47.235869287199598 ], [ -0.055224041308641, 47.235969215622703 ], [ -0.055223241207631, 47.235990048372201 ], [ -0.055250607978051, 47.236143387111198 ], [ -0.055165799055757, 47.236152380191598 ], [ -0.054918870079533, 47.236178620827602 ], [ -0.054592663830864, 47.236213437485297 ], [ -0.054588898457838, 47.236189076301201 ], [ -0.05458418724077, 47.236162037238302 ], [ -0.054003785798795, 47.236102197233897 ], [ -0.053334364216895, 47.236033077955 ], [ -0.053346490183392, 47.235925186612498 ], [ -0.053358099552571, 47.235822173933002 ], [ -0.053367905627069, 47.2357502910791 ], [ -0.05337796994812, 47.235675968887797 ], [ -0.053360386098316, 47.235548048742203 ], [ -0.053331596630591, 47.235062166325399 ], [ -0.053330531240956, 47.235043409864197 ], [ -0.05322168836651, 47.2343288166661 ], [ -0.053146373801675, 47.234190525235903 ], [ -0.053007964488408, 47.233926458625803 ], [ -0.052886821276075, 47.233798699214098 ], [ -0.052786871552124, 47.233701733934097 ], [ -0.052716812176212, 47.2336210088135 ], [ -0.052698584484783, 47.2335935149314 ], [ -0.05267812057124, 47.233554593011903 ] ] ], [ [ [ -0.057113332681739, 47.235828842886001 ], [ -0.057114205969559, 47.235802332260597 ], [ -0.057143835604502, 47.2356953299265 ], [ -0.05722841824289, 47.235487008712099 ], [ -0.057251920566016, 47.235397871428603 ], [ -0.057379740784528, 47.234952048009603 ], [ -0.057405458853765, 47.234860014243502 ], [ -0.057418325530272, 47.234814132295298 ], [ -0.057438394602327, 47.2346785970784 ], [ -0.05767220154847, 47.234707834572099 ], [ -0.057904416141522, 47.2347369784815 ], [ -0.057987830480867, 47.234752345480402 ], [ -0.058011461541772, 47.234756181492003 ], [ -0.058199638746875, 47.234129837405803 ], [ -0.058311479147693, 47.234156616594198 ], [ -0.058397584842121, 47.234177453024202 ], [ -0.058436617847659, 47.234186963761204 ], [ -0.058449085192903, 47.234189878071803 ], [ -0.058453172002874, 47.234178012941499 ], [ -0.058515112839945, 47.233997316279101 ], [ -0.058335178333597, 47.2339803078915 ], [ -0.058338250063291, 47.233964550469501 ], [ -0.05745317940352, 47.233898984835598 ], [ -0.057543450046202, 47.233616320703902 ], [ -0.05760765267934, 47.233482323619903 ], [ -0.057627770787871, 47.233431385187899 ], [ -0.057647459939402, 47.233338023823798 ], [ -0.057654789174185, 47.2331320107997 ], [ -0.057661565968248, 47.233027908598103 ], [ -0.057682005069753, 47.232905877539203 ], [ -0.057689312536227, 47.232887846100198 ], [ -0.057697392307432, 47.2328764161864 ], [ -0.057716077885027, 47.232863084703901 ], [ -0.057732396717177, 47.232856978144603 ], [ -0.057780793927689, 47.232849754769198 ], [ -0.057842969593377, 47.232847573396597 ], [ -0.057964961880952, 47.232850570420702 ], [ -0.058008883706065, 47.232855357464601 ], [ -0.058056640177077, 47.232864773221898 ], [ -0.058080804805567, 47.232871027655797 ], [ -0.058195833561352, 47.232912047693702 ], [ -0.05875797522125, 47.233139652583503 ], [ -0.058760825547539, 47.2331409287507 ], [ -0.058946450257475, 47.233230086632403 ], [ -0.059026708140326, 47.2332806728298 ], [ -0.059084728578343, 47.233324007881201 ], [ -0.059086390255649, 47.233325315421901 ], [ -0.059131731670582, 47.233368985185102 ], [ -0.059193054215754, 47.233435477260301 ], [ -0.059211116231134, 47.233460001480999 ], [ -0.059225627611633, 47.233484889724203 ], [ -0.05925208581106, 47.233559329578497 ], [ -0.059269240411855, 47.233616717012602 ], [ -0.059318798828035, 47.233839066915003 ], [ -0.059418139604973, 47.234287679805803 ], [ -0.058755260446048, 47.234263556523899 ], [ -0.058710062018818, 47.2343758354776 ], [ -0.05945010130212, 47.234382110305297 ], [ -0.059481940231121, 47.234474381781403 ], [ -0.058670389229047, 47.234473643609 ], [ -0.05863176678701, 47.234568991457799 ], [ -0.058568162618609, 47.234727433790901 ], [ -0.058542754026656, 47.234789998990401 ], [ -0.059596493954506, 47.234771910629597 ], [ -0.059638807555385, 47.234873905915698 ], [ -0.059668264754797, 47.2349382660488 ], [ -0.059715477568985, 47.235021752773697 ], [ -0.059774835564068, 47.2351024862418 ], [ -0.059809769381586, 47.235144538609497 ], [ -0.059847254153652, 47.2351826045184 ], [ -0.060030041741668, 47.2353472444033 ], [ -0.060175715159178, 47.235466375679998 ], [ -0.060144847747949, 47.235502732926598 ], [ -0.059973194629317, 47.2356452448441 ], [ -0.059874087773715, 47.2357794892011 ], [ -0.059954065939511, 47.236529166163102 ], [ -0.059698201938165, 47.236544841663097 ], [ -0.059676835079188, 47.236392561503401 ], [ -0.059556829846651, 47.236403703397599 ], [ -0.059434858700441, 47.236415167352298 ], [ -0.059327090881865, 47.2364251750666 ], [ -0.059119613660517, 47.236454302172703 ], [ -0.058978750009406, 47.236461534461398 ], [ -0.058961057326062, 47.236359835042499 ], [ -0.058810582615474, 47.236379483520402 ], [ -0.05876495086368, 47.236198247921799 ], [ -0.058677394026629, 47.2356289133104 ], [ -0.058368800830084, 47.2356035435878 ], [ -0.058354748205183, 47.235600671102297 ], [ -0.058094019346573, 47.235544711794297 ], [ -0.058090795700063, 47.235543850883602 ], [ -0.057798419144294, 47.235482644796903 ], [ -0.05780138656492, 47.235472025508102 ], [ -0.057682964044263, 47.235455149599602 ], [ -0.057659607244741, 47.235525903998401 ], [ -0.057723606248222, 47.235890581908897 ], [ -0.05753356389741, 47.235898299329797 ], [ -0.057119186580548, 47.235889907202697 ], [ -0.057118176395503, 47.235879122594497 ], [ -0.057113332681739, 47.235828842886001 ] ] ], [ [ [ -0.060436168971715, 47.235566258437998 ], [ -0.060938871082322, 47.235209316762102 ], [ -0.061022621512848, 47.235174805696097 ], [ -0.061057001784696, 47.235172275793502 ], [ -0.06114217603291, 47.235183674980298 ], [ -0.061269772979932, 47.235215305651998 ], [ -0.061420697582521, 47.235252401223498 ], [ -0.061465783033996, 47.2352636430413 ], [ -0.061655622800875, 47.234938883466903 ], [ -0.061682952638861, 47.234854373873297 ], [ -0.062624037188309, 47.234983295040102 ], [ -0.062617929200384, 47.235050216205899 ], [ -0.062564647063925, 47.235271228811499 ], [ -0.062465841366555, 47.235536013953798 ], [ -0.06245474476029, 47.235578065826601 ], [ -0.062443655824291, 47.235620252635599 ], [ -0.062367189789209, 47.235775658641899 ], [ -0.062362373414712, 47.235774704799098 ], [ -0.062341301605632, 47.235892429003002 ], [ -0.062189308843558, 47.2358575250597 ], [ -0.061806615612275, 47.235771417120198 ], [ -0.061737478597208, 47.235755945847202 ], [ -0.061160732571515, 47.236178498378102 ], [ -0.060743360266664, 47.235817885727698 ], [ -0.060585167455486, 47.235688004230099 ], [ -0.060511087416439, 47.2356275257075 ], [ -0.060436168971715, 47.235566258437998 ] ] ], [ [ [ -0.059898974086908, 47.235777480635299 ], [ -0.059901578779663, 47.235774438754099 ], [ -0.059994736201922, 47.235661163185597 ], [ -0.060203784118099, 47.235492392315102 ], [ -0.060321650419889, 47.235590094662598 ], [ -0.060344238068504, 47.235610444966703 ], [ -0.060886015157425, 47.2360581822184 ], [ -0.060591350290133, 47.236152050158303 ], [ -0.060398802323526, 47.236213354253998 ], [ -0.059968104974011, 47.236350544591403 ], [ -0.059927244256129, 47.236078909226499 ], [ -0.059898974086908, 47.235777480635299 ] ] ], [ [ [ -0.050853941513304, 47.236987497499598 ], [ -0.050854216872668, 47.236964381264102 ], [ -0.050859490312262, 47.236938430634702 ], [ -0.050895111038039, 47.236817893669901 ], [ -0.050984351232263, 47.236551344833899 ], [ -0.051154312285467, 47.236105906921203 ], [ -0.05116492815273, 47.236083194101198 ], [ -0.051271883505168, 47.235898073496102 ], [ -0.051302921530799, 47.235850632779702 ], [ -0.051356391478633, 47.235771924500099 ], [ -0.051385396603816, 47.235730618603803 ], [ -0.051427953984055, 47.235676387768301 ], [ -0.051458825305199, 47.235633005600299 ], [ -0.051588259243008, 47.235452428008699 ], [ -0.051637252738822, 47.235364783045299 ], [ -0.051669087382707, 47.235282454998902 ], [ -0.051678580990361, 47.2352539606321 ], [ -0.051709373660829, 47.235153280911398 ], [ -0.051782884085795, 47.234826467308402 ], [ -0.051833886315852, 47.234606466806603 ], [ -0.051858968059505, 47.234496072159899 ], [ -0.051883832165163, 47.234346897915799 ], [ -0.051901069969662, 47.234252115851199 ], [ -0.051916742400994, 47.234171699899903 ], [ -0.051932797836881, 47.2340980308797 ], [ -0.051948088047083, 47.234038842042203 ], [ -0.051965369175117, 47.233986763208598 ], [ -0.051991504240636, 47.233908909610598 ], [ -0.052027975132151, 47.233817404852203 ], [ -0.052097438954956, 47.233698948922701 ], [ -0.052277330042047, 47.2334636606667 ], [ -0.052330346432387, 47.233481859489203 ], [ -0.052523798431721, 47.233534333252997 ], [ -0.052629545799129, 47.233558710664902 ], [ -0.052649426020822, 47.2335594031886 ], [ -0.052692508970686, 47.233633271179599 ], [ -0.052755334382143, 47.233705402761601 ], [ -0.052894705789136, 47.233839709355998 ], [ -0.052933260762011, 47.233882749371503 ], [ -0.052975215527437, 47.233929754016103 ], [ -0.052982861091851, 47.233938606992098 ], [ -0.053024727750126, 47.234018993662303 ], [ -0.053133378703824, 47.234227220454301 ], [ -0.053188898544152, 47.2343244101747 ], [ -0.053194632024207, 47.234334529784803 ], [ -0.053213923367732, 47.234443620466799 ], [ -0.053228841628418, 47.234531609304199 ], [ -0.053248481042366, 47.234632852652297 ], [ -0.053249268160138, 47.234639724080203 ], [ -0.05326775353789, 47.234776539794801 ], [ -0.053286389278329, 47.2349299738257 ], [ -0.05330114381763, 47.235029048481501 ], [ -0.053311099909024, 47.235134466035802 ], [ -0.05332059848466, 47.235238814517302 ], [ -0.053328376506469, 47.235347803108702 ], [ -0.053333792052448, 47.235547938651401 ], [ -0.053349184680154, 47.235686187216103 ], [ -0.053338331810143, 47.235795531570297 ], [ -0.053316348370111, 47.2359813884378 ], [ -0.053240694156651, 47.236577729621096 ], [ -0.053241851521387, 47.236598105333798 ], [ -0.053268822049076, 47.236744562640901 ], [ -0.053289834350228, 47.236869959881297 ], [ -0.053294063717589, 47.236916471892201 ], [ -0.053306585559723, 47.237060066513898 ], [ -0.053312483584346, 47.237128967864599 ], [ -0.053281651926921, 47.237152078409402 ], [ -0.053264298146006, 47.2371679416636 ], [ -0.053070242673171, 47.237433470106197 ], [ -0.052864939651623, 47.237752539762297 ], [ -0.052848378066259, 47.237768382071899 ], [ -0.052838762888685, 47.2377737707126 ], [ -0.052827721362812, 47.237775007577703 ], [ -0.052816511233474, 47.237773275795497 ], [ -0.052759206015484, 47.2377495141995 ], [ -0.052670339263395, 47.237708069779202 ], [ -0.052440894799383, 47.237602082476698 ], [ -0.05223071552286, 47.237520858550603 ], [ -0.051748177749152, 47.237360587680797 ], [ -0.051227066457014, 47.2371918707275 ], [ -0.051118724188757, 47.237149856847203 ], [ -0.050975695346997, 47.237084025457698 ], [ -0.050895571570813, 47.237042754960299 ], [ -0.050878224412595, 47.2370307787711 ], [ -0.050866805709219, 47.237018376216 ], [ -0.050858495748199, 47.237004810691502 ], [ -0.050853941513304, 47.236987497499598 ] ] ], [ [ [ -0.065139706289898, 47.236050883300599 ], [ -0.065160695090618, 47.235931809218101 ], [ -0.065281389240058, 47.235696173560399 ], [ -0.065512180832722, 47.2353174835864 ], [ -0.065680100985717, 47.235381152342697 ], [ -0.065704163834326, 47.235392543298403 ], [ -0.065755559498948, 47.235416995518598 ], [ -0.065832649235462, 47.235453606336897 ], [ -0.065974018336425, 47.235510949815698 ], [ -0.066056024832628, 47.235550268367199 ], [ -0.066128818229176, 47.235601993367503 ], [ -0.066188478027549, 47.235646092511601 ], [ -0.066054240015929, 47.2357485679495 ], [ -0.066064031101431, 47.235774120876897 ], [ -0.066316528816055, 47.235970827321502 ], [ -0.066463051697208, 47.236055872982497 ], [ -0.066463447938056, 47.236055862496798 ], [ -0.066498140876003, 47.236079675279598 ], [ -0.066480941250779, 47.236091212028199 ], [ -0.066679967374421, 47.236254871699998 ], [ -0.06672009653071, 47.236283540782303 ], [ -0.066814450823303, 47.236351452295899 ], [ -0.066847963076742, 47.236375431369702 ], [ -0.066829120960065, 47.2363929578583 ], [ -0.06686176786595, 47.236422635767902 ], [ -0.06690154309391, 47.236445097656002 ], [ -0.067010608711061, 47.236506538298499 ], [ -0.067169237078287, 47.236595046672797 ], [ -0.067144801929184, 47.236625829965497 ], [ -0.066965449841358, 47.236855722516502 ], [ -0.066614227263087, 47.237307605557604 ], [ -0.066510971304869, 47.237306283806497 ], [ -0.066340272833285, 47.237938396856102 ], [ -0.066125536324088, 47.2378959685228 ], [ -0.066109882273816, 47.237892869042902 ], [ -0.066059569360688, 47.237887443201998 ], [ -0.065994821968727, 47.237879426141603 ], [ -0.065986819912851, 47.237878286447902 ], [ -0.065891710922816, 47.2378667481143 ], [ -0.065765332417855, 47.237849685339803 ], [ -0.065559349010929, 47.237814592311601 ], [ -0.06572182263446, 47.237392977976697 ], [ -0.065672498885318, 47.237384012138897 ], [ -0.065634401002948, 47.2373770466994 ], [ -0.065545775279994, 47.237360876928498 ], [ -0.065577963135033, 47.237292049375696 ], [ -0.065612305227239, 47.237219245723701 ], [ -0.065378733087617, 47.237187449974698 ], [ -0.065720257445232, 47.236614065203298 ], [ -0.065847021655727, 47.236401377564697 ], [ -0.065680325513629, 47.2363522718626 ], [ -0.065765515511302, 47.236196902948699 ], [ -0.065607118232687, 47.236161091722202 ], [ -0.065434668025697, 47.236122408652101 ], [ -0.065139706289898, 47.236050883300599 ] ] ], [ [ [ -0.047170117094639, 47.237100642260899 ], [ -0.047169159384626, 47.237076747661298 ], [ -0.047166543298973, 47.236995597300499 ], [ -0.04717227756623, 47.2369077406358 ], [ -0.047186860885601, 47.236828975934301 ], [ -0.04719687733098, 47.236774656525903 ], [ -0.047198727012581, 47.236765283223598 ], [ -0.047204199558109, 47.236735813927602 ], [ -0.047213105244246, 47.236689902406397 ], [ -0.047407287955105, 47.2364331651385 ], [ -0.047461923883247, 47.236360914898903 ], [ -0.047523941419675, 47.236278875550703 ], [ -0.047590026751596, 47.236191593855601 ], [ -0.047523406896269, 47.2361714532381 ], [ -0.047585783920862, 47.236130757258401 ], [ -0.047652543805383, 47.236062377389203 ], [ -0.047693970034433, 47.236009123768198 ], [ -0.047726498390547, 47.235966915363498 ], [ -0.047764961097775, 47.2359173884387 ], [ -0.047796078737056, 47.235871298050498 ], [ -0.047811481495382, 47.235849000227901 ], [ -0.047823729600597, 47.235827055656998 ], [ -0.047843495434571, 47.235790723637201 ], [ -0.047870085945838, 47.235741779214003 ], [ -0.047914222131031, 47.235645344510601 ], [ -0.047930794954203, 47.235608691035203 ], [ -0.047948822647183, 47.235569701905902 ], [ -0.047964671803777, 47.235534283719602 ], [ -0.047983042128339, 47.235494339589003 ], [ -0.048004056032446, 47.2354520285351 ], [ -0.048020096402989, 47.2354199838122 ], [ -0.048041498836876, 47.2353775273886 ], [ -0.048084257694016, 47.235291804894104 ], [ -0.048114586581577, 47.235231815701603 ], [ -0.048149500269071, 47.235161705519999 ], [ -0.048201493009747, 47.235070875018501 ], [ -0.049010110730441, 47.235250689573299 ], [ -0.049034772891991, 47.235174767528903 ], [ -0.049058780280845, 47.235101295228802 ], [ -0.049062480648567, 47.235089575798902 ], [ -0.049085490602243, 47.235019508241002 ], [ -0.048729997962713, 47.234936696280599 ], [ -0.04877402826353, 47.234852426569198 ], [ -0.04838391770001, 47.234760929449699 ], [ -0.048421081418266, 47.2347025171632 ], [ -0.048465191917856, 47.234633651446003 ], [ -0.048547469085561, 47.234496076323303 ], [ -0.048558361230151, 47.234478221528597 ], [ -0.04870246842394, 47.234227393696898 ], [ -0.048720184771268, 47.234196926428602 ], [ -0.048737520174195, 47.2341667394601 ], [ -0.048745464285194, 47.234152881275499 ], [ -0.048796843506666, 47.2340232812981 ], [ -0.04882268399997, 47.233968139856998 ], [ -0.048851730792838, 47.233906562449597 ], [ -0.048884628490776, 47.233856911192802 ], [ -0.048911325995661, 47.233816882888497 ], [ -0.048944238890694, 47.233767501490902 ], [ -0.049090192268388, 47.233570275143897 ], [ -0.04931247901824, 47.233431582670399 ], [ -0.04938456213883, 47.233373197025003 ], [ -0.04957809356602, 47.233217287066303 ], [ -0.049600475578907, 47.233199129751199 ], [ -0.049761832938708, 47.233091635644598 ], [ -0.049817884377387, 47.233037455585396 ], [ -0.050742118746762, 47.233234215165602 ], [ -0.052241954426687, 47.233448645932903 ], [ -0.052174616899727, 47.2335416395481 ], [ -0.052091769372617, 47.233648015140901 ], [ -0.052075522937783, 47.233669389853603 ], [ -0.052047401682906, 47.233705267097697 ], [ -0.051992599353729, 47.233802390044403 ], [ -0.051977379420535, 47.233841846531 ], [ -0.051943040641568, 47.233928970616901 ], [ -0.051922494376373, 47.2339934332323 ], [ -0.051911403025221, 47.234028726749202 ], [ -0.051887445624245, 47.234151930169503 ], [ -0.051831557363151, 47.234439629672202 ], [ -0.051817084486772, 47.234506229677798 ], [ -0.05177421296711, 47.234701690763998 ], [ -0.051754109225764, 47.234794926577003 ], [ -0.051739058186295, 47.2348653257176 ], [ -0.051728009073204, 47.2349153483921 ], [ -0.051716085317488, 47.234970934856499 ], [ -0.05169400996633, 47.235071385010997 ], [ -0.051692762085349, 47.235077364053801 ], [ -0.051675465804086, 47.235157146993501 ], [ -0.051641863206946, 47.235264252303203 ], [ -0.051601803650043, 47.2353624732322 ], [ -0.051511677118414, 47.235501473616303 ], [ -0.05141283282516, 47.235640703477401 ], [ -0.051362500311709, 47.235711761314803 ], [ -0.051311428799657, 47.235783784566898 ], [ -0.051265483265152, 47.235848240095002 ], [ -0.051225806517046, 47.235904286972897 ], [ -0.051170768636909, 47.235990334043301 ], [ -0.051110850008067, 47.236116240849697 ], [ -0.051087805485224, 47.236164687294398 ], [ -0.051066060946268, 47.2362290460621 ], [ -0.051039211117081, 47.236294350085302 ], [ -0.051018323841477, 47.236345847936697 ], [ -0.050998129451465, 47.236395570715104 ], [ -0.050956908162246, 47.236515309219399 ], [ -0.050939198361965, 47.236566858528903 ], [ -0.05091775016571, 47.236629452623497 ], [ -0.050903436022844, 47.236670912139601 ], [ -0.05088604578109, 47.236721101618798 ], [ -0.050867330907316, 47.236775920737898 ], [ -0.050808309409736, 47.236980590463503 ], [ -0.050797519063088, 47.237007226895301 ], [ -0.050772695414828, 47.237045314282298 ], [ -0.050706644832766, 47.237133137516601 ], [ -0.050652012479292, 47.237205389263302 ], [ -0.050629204242813, 47.237230044670198 ], [ -0.050604902872124, 47.237256361062101 ], [ -0.0505603275834, 47.237296049483298 ], [ -0.050531414650022, 47.2373180276293 ], [ -0.050487683412547, 47.237351612489299 ], [ -0.050408704741164, 47.237400450040901 ], [ -0.050287437782486, 47.237466347222998 ], [ -0.050064382698993, 47.237577762878402 ], [ -0.049986048456001, 47.2376169882046 ], [ -0.049984509373631, 47.237617839554197 ], [ -0.049893772335312, 47.237669283588403 ], [ -0.049855318156478, 47.237690972105703 ], [ -0.049798213006911, 47.237726665487003 ], [ -0.049729999139139, 47.237769408200897 ], [ -0.049625436409778, 47.237842973429601 ], [ -0.049581401627285, 47.237885214871703 ], [ -0.049545671048442, 47.2379199401948 ], [ -0.049485609380506, 47.237987469140002 ], [ -0.049462495883681, 47.2380137540015 ], [ -0.04944894434255, 47.238033705929297 ], [ -0.049370841011327, 47.2381749555094 ], [ -0.049324004482209, 47.2382587585723 ], [ -0.049302144413218, 47.238300146102098 ], [ -0.049280299620536, 47.238341803504397 ], [ -0.049236625243407, 47.238425388171898 ], [ -0.049214780349099, 47.238467045559801 ], [ -0.049195418374917, 47.238503502287003 ], [ -0.049172522414566, 47.238547619841597 ], [ -0.049162648251579, 47.2385554474982 ], [ -0.049144496717111, 47.238557276506398 ], [ -0.048289835801374, 47.238266236470501 ], [ -0.047420963170073, 47.237969347639101 ], [ -0.04744646426417, 47.237915161582997 ], [ -0.04746838524664, 47.237867826668399 ], [ -0.047492166635705, 47.237825307862501 ], [ -0.047536911169351, 47.2377465607874 ], [ -0.047540902568632, 47.237704967835903 ], [ -0.047532969587562, 47.237670040060202 ], [ -0.047505641449822, 47.237629000487502 ], [ -0.04741466749331, 47.237550308922302 ], [ -0.047408172847737, 47.237540749635698 ], [ -0.047374373187705, 47.237490555559397 ], [ -0.04730463208893, 47.237352384497697 ], [ -0.047223837567532, 47.237229234321603 ], [ -0.047190792533221, 47.237178344651298 ], [ -0.047170117094639, 47.237100642260899 ] ] ], [ [ [ -0.053265562729747, 47.236589372148899 ], [ -0.053266396575561, 47.236576106414098 ], [ -0.053645528589819, 47.236655579128602 ], [ -0.053804169950201, 47.236688832417101 ], [ -0.053754463768373, 47.236847716120302 ], [ -0.053723832562398, 47.236944202783 ], [ -0.053695846847099, 47.236954535246298 ], [ -0.053609550463722, 47.236986269938498 ], [ -0.053541159549108, 47.237011856840802 ], [ -0.053457089524512, 47.237047857241301 ], [ -0.053396914751637, 47.237078362893399 ], [ -0.053335888416077, 47.237114837128701 ], [ -0.053322161450954, 47.236922083147 ], [ -0.05331828998379, 47.236874886004003 ], [ -0.053295738609239, 47.236750340162899 ], [ -0.053269140550821, 47.2366244143942 ], [ -0.053265562729747, 47.236589372148899 ] ] ], [ [ [ -0.060084185747369, 47.238208368912503 ], [ -0.060105023441941, 47.238149167538502 ], [ -0.060128898586322, 47.238066641725602 ], [ -0.06015910409989, 47.237962866763702 ], [ -0.060171724577802, 47.237898747012402 ], [ -0.060191400042666, 47.237798223204102 ], [ -0.06020112128046, 47.237759856767298 ], [ -0.060246775573323, 47.2375789137811 ], [ -0.06098464296242, 47.2375880752898 ], [ -0.061673252238115, 47.237596371306303 ], [ -0.061680381357193, 47.237526450215903 ], [ -0.06168953526222, 47.237436339622398 ], [ -0.061693646354553, 47.237397040123398 ], [ -0.061830438528668, 47.2373809928676 ], [ -0.061836887575927, 47.237556911152602 ], [ -0.062092273472875, 47.237567596174898 ], [ -0.062301632364264, 47.237195291092 ], [ -0.062313896554226, 47.237201588901598 ], [ -0.062315131429655, 47.237202367114101 ], [ -0.06271941249136, 47.237416422175698 ], [ -0.062704337799145, 47.237458308894801 ], [ -0.062399478833522, 47.238007200121203 ], [ -0.061939121938152, 47.237944361797702 ], [ -0.061814986722335, 47.238398607041098 ], [ -0.061801688247939, 47.238443825192903 ], [ -0.06159572393096, 47.238416022243598 ], [ -0.061035609180632, 47.238329733627502 ], [ -0.06044338720901, 47.238251047345301 ], [ -0.060084185747369, 47.238208368912503 ] ] ], [ [ [ -0.052885672678762, 47.237817131208502 ], [ -0.052888378354509, 47.237794896909001 ], [ -0.052942653478231, 47.237709409717397 ], [ -0.054142322226373, 47.238023622133603 ], [ -0.054195343385247, 47.237909112171501 ], [ -0.054363746781607, 47.237953459292399 ], [ -0.054517616803882, 47.237993459343201 ], [ -0.054632878854701, 47.238024476507 ], [ -0.054669063498024, 47.2380327122317 ], [ -0.054943521691183, 47.238057775724101 ], [ -0.055172781153307, 47.238076597495301 ], [ -0.055258301322306, 47.238087045976599 ], [ -0.055436285248523, 47.238111408466899 ], [ -0.055563042007084, 47.238128202173499 ], [ -0.055629022943006, 47.238137003342203 ], [ -0.055671440554284, 47.238143182439003 ], [ -0.055795538721672, 47.2381620731067 ], [ -0.05586555903693, 47.238172119030502 ], [ -0.055886371610265, 47.238175218987102 ], [ -0.055969621927598, 47.238187618776003 ], [ -0.056390608906332, 47.238256113830801 ], [ -0.056822889636231, 47.238341742606899 ], [ -0.056881022588395, 47.238352101499103 ], [ -0.056895464439111, 47.238354828768998 ], [ -0.056972152557332, 47.2383634818787 ], [ -0.05706380647641, 47.238370118444401 ], [ -0.057139517931073, 47.238375553834999 ], [ -0.05722005359256, 47.238382078170098 ], [ -0.057250194357408, 47.238367768930601 ], [ -0.057283150997741, 47.238382035204303 ], [ -0.057513417262622, 47.238341769383197 ], [ -0.057728878650702, 47.238306353385603 ], [ -0.057730977991116, 47.238315352415199 ], [ -0.057733177122643, 47.238326105640098 ], [ -0.057746187700818, 47.2383873864732 ], [ -0.057757901235985, 47.238481675846401 ], [ -0.05778887053243, 47.239033043293198 ], [ -0.057797695279965, 47.239125381759898 ], [ -0.057818414645032, 47.239196594709597 ], [ -0.057847328836518, 47.239237455062501 ], [ -0.05789207544577, 47.239270600041102 ], [ -0.058017466080845, 47.239347024209799 ], [ -0.058029290871681, 47.239359550530402 ], [ -0.058041599325893, 47.239380577945496 ], [ -0.058044254456171, 47.239406319737903 ], [ -0.058045049933718, 47.239413326058298 ], [ -0.057968448576053, 47.239671303737801 ], [ -0.057917416166846, 47.239806709824798 ], [ -0.057917073634706, 47.239807664847298 ], [ -0.057896227041286, 47.239852811323203 ], [ -0.05774015988856, 47.240158022552201 ], [ -0.057652112884608, 47.240368326987998 ], [ -0.057442038655218, 47.240310218363803 ], [ -0.057355061884055, 47.240288187741399 ], [ -0.057268923783265, 47.2402669457733 ], [ -0.057206068945242, 47.240250359990497 ], [ -0.056863609021745, 47.240174255389299 ], [ -0.056799384200169, 47.240161489462899 ], [ -0.056742734637933, 47.240149334532298 ], [ -0.056597293621257, 47.240111142048399 ], [ -0.056503343011646, 47.240085105388403 ], [ -0.056344039993817, 47.240026466571798 ], [ -0.056170044159215, 47.239946727692903 ], [ -0.056081076393846, 47.239896639432502 ], [ -0.05601649113854, 47.239856584217698 ], [ -0.055993908341031, 47.2398293408096 ], [ -0.055980237642394, 47.239791321424903 ], [ -0.055947056322235, 47.2396684077709 ], [ -0.055920523623797, 47.239634511486699 ], [ -0.055769231807394, 47.2395352536685 ], [ -0.055624572335332, 47.239440956121399 ], [ -0.055408784698929, 47.2393520474333 ], [ -0.055354989364796, 47.239327248536298 ], [ -0.055262917189939, 47.239285349958102 ], [ -0.055205417530337, 47.239258216129997 ], [ -0.05508857255121, 47.2391994022747 ], [ -0.054994470911985, 47.239149718850904 ], [ -0.0549092713493, 47.239103044051198 ], [ -0.054737811730959, 47.239004992313298 ], [ -0.054521523910752, 47.238893256499303 ], [ -0.05429236732607, 47.238785508267803 ], [ -0.054014760704381, 47.238656197748099 ], [ -0.053901172764311, 47.2385987834584 ], [ -0.053676728365559, 47.238469152281503 ], [ -0.053437554432406, 47.238338692543202 ], [ -0.05338775961311, 47.238307435765897 ], [ -0.053248535643574, 47.2381969104825 ], [ -0.053068433300134, 47.238030432812103 ], [ -0.05289224724081, 47.237835066810398 ], [ -0.052885672678762, 47.237817131208502 ] ] ], [ [ [ -0.057690184043444, 47.240381782521901 ], [ -0.057781236986729, 47.2401615334797 ], [ -0.057937549577855, 47.2398606402122 ], [ -0.058019472884005, 47.2396264420329 ], [ -0.058075678832128, 47.239435491704803 ], [ -0.058077516701632, 47.2393840897711 ], [ -0.05806985595429, 47.239361047743202 ], [ -0.058047456575487, 47.239337043242401 ], [ -0.0579778466382, 47.239292391763598 ], [ -0.057909548442765, 47.239249867881398 ], [ -0.057872118864483, 47.239219773208298 ], [ -0.057847924384571, 47.239185139930797 ], [ -0.057832130119136, 47.239137716915998 ], [ -0.057821523576917, 47.239048939122902 ], [ -0.05780093373487, 47.238554462290601 ], [ -0.05779302812954, 47.238436422828897 ], [ -0.057767796483816, 47.2383068130233 ], [ -0.05777657989202, 47.238189144024403 ], [ -0.057772631615624, 47.238168571685797 ], [ -0.057750930362895, 47.238135899709199 ], [ -0.05767806093011, 47.238054846105399 ], [ -0.058287303878816, 47.238104987884199 ], [ -0.059109212470348, 47.238175189388201 ], [ -0.059550258909587, 47.238240440718499 ], [ -0.059739159339153, 47.238268292388497 ], [ -0.060007130521244, 47.238297839773097 ], [ -0.059993492549846, 47.238337120449302 ], [ -0.059966887450692, 47.238399582324703 ], [ -0.059924510016938, 47.238449892572 ], [ -0.059874950549559, 47.2384925542761 ], [ -0.059701453170839, 47.238623762225103 ], [ -0.059443428765562, 47.238824771886399 ], [ -0.059400743529809, 47.238904550717898 ], [ -0.059363177425913, 47.238997573313597 ], [ -0.059265619755003, 47.2393613799278 ], [ -0.059226509654846, 47.239497012525199 ], [ -0.059203661505005, 47.239562753496401 ], [ -0.059061277008284, 47.239857199725101 ], [ -0.058923379005559, 47.240132877871403 ], [ -0.058688186943409, 47.2405888336624 ], [ -0.058621088022731, 47.2406999333584 ], [ -0.058547737519994, 47.240805792373997 ], [ -0.05849658332826, 47.240869307098698 ], [ -0.058475956843263, 47.240876473354298 ], [ -0.058451773214783, 47.2408699491466 ], [ -0.05841107685403, 47.240831291847996 ], [ -0.058250380868068, 47.240678499347702 ], [ -0.058154490760401, 47.240611432437802 ], [ -0.058063812106909, 47.240559228533897 ], [ -0.057879022281794, 47.240464235794597 ], [ -0.057690184043444, 47.240381782521901 ] ] ], [ [ [ -0.040034980200366, 47.244883822966003 ], [ -0.040136873103642, 47.244825743190603 ], [ -0.040246403161963, 47.244776382163302 ], [ -0.040648493192315, 47.244636640701003 ], [ -0.040914205367534, 47.244499665323403 ], [ -0.041002624284045, 47.244463019983797 ], [ -0.041157077396456, 47.244457075253599 ], [ -0.0412616026018, 47.244445548391298 ], [ -0.041311893968842, 47.244429498500899 ], [ -0.041297066379422, 47.244462050737802 ], [ -0.041303081228171, 47.2444771636331 ], [ -0.041312793417828, 47.244501504111497 ], [ -0.041369826640748, 47.244527440722997 ], [ -0.041407553044408, 47.244534829332402 ], [ -0.041541403802524, 47.244578615433397 ], [ -0.041610739651025, 47.244618553826697 ], [ -0.041624298950013, 47.2446267117476 ], [ -0.041646867243927, 47.244639768523498 ], [ -0.041736370009289, 47.2446853939812 ], [ -0.041906405144415, 47.244772420545601 ], [ -0.041885783420687, 47.244786745996997 ], [ -0.041317523317229, 47.2451812653959 ], [ -0.041354459833165, 47.245209756475496 ], [ -0.041404557959161, 47.245232361451002 ], [ -0.041456698785383, 47.245255993913901 ], [ -0.041970698411865, 47.245466565029197 ], [ -0.042169865155513, 47.245549313022401 ], [ -0.042188165284608, 47.2455570761649 ], [ -0.042020653660347, 47.245942430433601 ], [ -0.042005318598133, 47.245937967919701 ], [ -0.041883446103388, 47.245902516809601 ], [ -0.041841899777736, 47.245890768994101 ], [ -0.041716321550585, 47.245838927990697 ], [ -0.041342451889855, 47.245663868973203 ], [ -0.041276141728521, 47.245705475069002 ], [ -0.041263910858349, 47.245720796461697 ], [ -0.041205690234197, 47.245793137106702 ], [ -0.041185994583266, 47.245922036115303 ], [ -0.041038881906074, 47.245903463123099 ], [ -0.040955625927862, 47.2459191615173 ], [ -0.040872100579786, 47.245909055343802 ], [ -0.040862504953227, 47.245907820573798 ], [ -0.040713471233034, 47.2458833514536 ], [ -0.040742629458142, 47.245865558934398 ], [ -0.040749541779907, 47.245861458548198 ], [ -0.040671561647667, 47.245816070577398 ], [ -0.040629305660819, 47.245791773015704 ], [ -0.040596667546846, 47.245762087830997 ], [ -0.040571058279445, 47.245751407994398 ], [ -0.040491895352314, 47.245769296044799 ], [ -0.040466675432015, 47.245765498066397 ], [ -0.040446765378424, 47.245736289772701 ], [ -0.040457493254099, 47.245701412729801 ], [ -0.040420161199094, 47.2456799589838 ], [ -0.040265429070183, 47.245674017713299 ], [ -0.040239218110335, 47.245666732067001 ], [ -0.04023236622559, 47.245664884716803 ], [ -0.040639171076211, 47.245264606704403 ], [ -0.040472899792641, 47.245159911482403 ], [ -0.04034530997351, 47.245079472332797 ], [ -0.040034980200366, 47.244883822966003 ] ] ], [ [ [ -0.06087853424834, 47.246066765982697 ], [ -0.060961789815357, 47.2459814558148 ], [ -0.060972660434086, 47.245970222338599 ], [ -0.061021268564798, 47.245917720322701 ], [ -0.061130428747769, 47.245799427270299 ], [ -0.061177162606001, 47.245748866647602 ], [ -0.061228748689965, 47.245692907362098 ], [ -0.061278757102831, 47.245637124861702 ], [ -0.061280638745437, 47.2456353183346 ], [ -0.061327684083196, 47.245583262867598 ], [ -0.061372023984895, 47.245595200299498 ], [ -0.061467175516224, 47.2456212015517 ], [ -0.061706897519602, 47.245690682866098 ], [ -0.061822718341962, 47.245731138408601 ], [ -0.06186616166553, 47.2457482346829 ], [ -0.061959081118058, 47.245790781656403 ], [ -0.062138494867847, 47.245874558600804 ], [ -0.06218694789626, 47.245895982037503 ], [ -0.062134050657731, 47.245949814158998 ], [ -0.061991119453111, 47.246095352814301 ], [ -0.061730370484156, 47.246360494820998 ], [ -0.061690986430869, 47.246400725961401 ], [ -0.06163666524857, 47.246380808733903 ], [ -0.061630155045998, 47.246378007617601 ], [ -0.061454479759563, 47.246304131524802 ], [ -0.06144033193374, 47.246299640176296 ], [ -0.061357377119148, 47.246264802867501 ], [ -0.06129110183174, 47.246237092808798 ], [ -0.061193914885951, 47.2461962797016 ], [ -0.061143899774372, 47.246175302535001 ], [ -0.061006859577956, 47.246117703333802 ], [ -0.06087853424834, 47.246066765982697 ] ] ], [ [ [ -0.046346251872164, 47.246042201041298 ], [ -0.047075349939524, 47.245110707783702 ], [ -0.047220783942182, 47.245155669477597 ], [ -0.047443802091959, 47.245224943233801 ], [ -0.047568339530875, 47.245069366217002 ], [ -0.047638850951386, 47.245094945420398 ], [ -0.047909331709095, 47.245147294013002 ], [ -0.048364825054021, 47.245207614182398 ], [ -0.048460684002496, 47.245225228661504 ], [ -0.048678355457428, 47.245270180442297 ], [ -0.048863414827162, 47.245313962637503 ], [ -0.0488591413368, 47.245322588857903 ], [ -0.048660404812141, 47.245604447614902 ], [ -0.048626264848448, 47.245653320221699 ], [ -0.048563897150091, 47.2457433420645 ], [ -0.048516965178858, 47.245811605795403 ], [ -0.048455290245936, 47.245899852527501 ], [ -0.048387086046774, 47.245998946980897 ], [ -0.048329433424512, 47.246081141690901 ], [ -0.048202752501586, 47.246261911797802 ], [ -0.048139674933528, 47.2463534385586 ], [ -0.04807584277431, 47.246445660818999 ], [ -0.048012056313904, 47.246538692670804 ], [ -0.047958113218979, 47.2466163299882 ], [ -0.047950433288086, 47.246627883677 ], [ -0.047911118494855, 47.2466835139438 ], [ -0.047840459441953, 47.246788348409297 ], [ -0.047073895411158, 47.246464168587003 ], [ -0.046966070408389, 47.246382541100097 ], [ -0.046895672589299, 47.246323984438902 ], [ -0.046780114460449, 47.246252965825903 ], [ -0.046736117097138, 47.246226013399401 ], [ -0.04666391698879, 47.246184666700003 ], [ -0.046459226470116, 47.246081665333797 ], [ -0.046346251872164, 47.246042201041298 ] ] ], [ [ [ -0.054186439473916, 47.2469018459445 ], [ -0.054529375849785, 47.246468874380803 ], [ -0.054538639623583, 47.246457278476001 ], [ -0.054546425485321, 47.246447613480498 ], [ -0.054897627552776, 47.246020504055799 ], [ -0.055007136398952, 47.2458801801126 ], [ -0.055247599198309, 47.245557883937302 ], [ -0.05555823866435, 47.2451575179755 ], [ -0.055733343286065, 47.244900459519599 ], [ -0.055744398909682, 47.244892465037999 ], [ -0.055774464615764, 47.2448907263406 ], [ -0.055798626710917, 47.2448968462827 ], [ -0.055807483589754, 47.244899045280903 ], [ -0.055909596271492, 47.244942841099203 ], [ -0.056035019965159, 47.244998725335201 ], [ -0.056139687358357, 47.245045561819602 ], [ -0.056276829749818, 47.2451120831455 ], [ -0.056567868030842, 47.2452465754575 ], [ -0.056663359825585, 47.2452925723547 ], [ -0.056783873770343, 47.245359801940999 ], [ -0.0568311464066, 47.245409367848403 ], [ -0.056827280957922, 47.245425146064598 ], [ -0.056808468667409, 47.245457265047897 ], [ -0.056724109624072, 47.245600035786097 ], [ -0.056710429028988, 47.245638641273601 ], [ -0.056713955340387, 47.245651792009603 ], [ -0.056735648549213, 47.245677301928303 ], [ -0.056767126827243, 47.245700391524998 ], [ -0.056886759877889, 47.245773049862002 ], [ -0.057027116755258, 47.245847188562699 ], [ -0.05722529367414, 47.245946965105702 ], [ -0.057392384063768, 47.246030533714197 ], [ -0.057457752172535, 47.246063270063402 ], [ -0.057521734690461, 47.246099556576198 ], [ -0.057671472507286, 47.2461850691164 ], [ -0.057740175640953, 47.246227582566 ], [ -0.057761035640174, 47.246245411295099 ], [ -0.057779745160842, 47.246260323671599 ], [ -0.057806586488691, 47.246292589733002 ], [ -0.057585107255279, 47.246543712309503 ], [ -0.057511733316511, 47.246635381058198 ], [ -0.057471517748812, 47.246681984196897 ], [ -0.057429435654459, 47.246730663660003 ], [ -0.057389442563528, 47.246781179960998 ], [ -0.05704665244571, 47.246651162780402 ], [ -0.057114902919167, 47.246553142761599 ], [ -0.057015220653831, 47.2465172570909 ], [ -0.056940258963508, 47.246490314273501 ], [ -0.056922429459944, 47.246483892386401 ], [ -0.056860037743741, 47.246461618166499 ], [ -0.056804578059287, 47.246526326485402 ], [ -0.056715026610904, 47.246494092433203 ], [ -0.056541810440772, 47.246728533993 ], [ -0.056533303505725, 47.246725514974301 ], [ -0.05647784098749, 47.246706436314398 ], [ -0.056475624218562, 47.2467093327163 ], [ -0.056303504229747, 47.246649004380899 ], [ -0.056186963161569, 47.246791271806501 ], [ -0.056176953082551, 47.246803698369099 ], [ -0.055929293496173, 47.246699278577303 ], [ -0.055822705495883, 47.246660600896803 ], [ -0.055721195736061, 47.246627465117598 ], [ -0.055670507433329, 47.246615557772998 ], [ -0.055608348869113, 47.246604358229 ], [ -0.055552746273816, 47.2465967697362 ], [ -0.055545714853421, 47.246605739212903 ], [ -0.054963794064117, 47.247338132037498 ], [ -0.054893524275396, 47.2473029558343 ], [ -0.054796705904776, 47.247261587185598 ], [ -0.054745868967248, 47.247240088408603 ], [ -0.054682508219083, 47.247214730345 ], [ -0.054673978302181, 47.247211306376997 ], [ -0.054639866315123, 47.247197745436601 ], [ -0.05454157807077, 47.2471584424217 ], [ -0.054468483311351, 47.247129421720899 ], [ -0.054399093595405, 47.247102735855101 ], [ -0.054272091516561, 47.247054053823398 ], [ -0.054242065671089, 47.2470425473307 ], [ -0.054283371133044, 47.246987132580998 ], [ -0.054312152450388, 47.246948805213201 ], [ -0.054269572224088, 47.246932899669801 ], [ -0.054186439473916, 47.2469018459445 ] ] ], [ [ [ -0.068459673254757, 47.254473414448597 ], [ -0.068630367710399, 47.254619307251097 ], [ -0.068606168018942, 47.254598730814102 ], [ -0.068555663516908, 47.254555471404203 ], [ -0.068459673254757, 47.254473414448597 ] ] ], [ [ [ -0.068459673254757, 47.254473414448597 ], [ -0.068374947906035, 47.254400924489502 ], [ -0.068306854352852, 47.2544389445777 ], [ -0.068301078223401, 47.2544420705607 ], [ -0.068254534426605, 47.254468168398297 ], [ -0.068238379736803, 47.254477244990198 ], [ -0.068143182849973, 47.254395166786601 ], [ -0.067974541638749, 47.254250435229103 ], [ -0.067971612933034, 47.254247809933297 ], [ -0.067978928334163, 47.2542438323837 ], [ -0.068023155458368, 47.254218877092903 ], [ -0.068198112495221, 47.254119647962803 ], [ -0.06830616493318, 47.254058407181802 ], [ -0.06831079042657, 47.2540559873568 ], [ -0.06858880716922, 47.2538984868089 ], [ -0.068623417250618, 47.253878921197298 ], [ -0.068653409551795, 47.2538619103507 ], [ -0.06868993979645, 47.253841212760797 ], [ -0.068995696354754, 47.254092993266703 ], [ -0.069226074028458, 47.254282982556902 ], [ -0.069231488947886, 47.254287433961103 ], [ -0.069284845441492, 47.254331968979102 ], [ -0.069209460414256, 47.2543743720395 ], [ -0.068916766048736, 47.254539019644199 ], [ -0.068687949815518, 47.2546683254483 ], [ -0.068717857769705, 47.254649830288898 ], [ -0.068663431262056, 47.254600458287896 ], [ -0.068498458957628, 47.254450494984702 ], [ -0.068459673254757, 47.254473414448597 ] ], [ [ -0.069226074028458, 47.254282982556902 ], [ -0.069224534773699, 47.254283834156197 ], [ -0.068728042143483, 47.254564016734903 ], [ -0.069226074028458, 47.254282982556902 ] ] ], [ [ [ -0.066019633031992, 47.253008325130601 ], [ -0.066395866610453, 47.252770255818199 ], [ -0.066816534671092, 47.252503981446203 ], [ -0.066856735676646, 47.252478051957503 ], [ -0.066862531177709, 47.252482223115003 ], [ -0.066973657823528, 47.252558340044203 ], [ -0.067018405742472, 47.252591211451502 ], [ -0.067145000187527, 47.252514075036203 ], [ -0.067275061394166, 47.252435089907202 ], [ -0.067391688629131, 47.252364163132398 ], [ -0.067572000779211, 47.2522545223501 ], [ -0.067721620285587, 47.252163532128101 ], [ -0.06784448495949, 47.2522505542589 ], [ -0.067883926399388, 47.252280862977301 ], [ -0.067919727072148, 47.252303024469697 ], [ -0.067960831073595, 47.2523346405655 ], [ -0.067978325644695, 47.252349042985799 ], [ -0.068012926158167, 47.252377993245702 ], [ -0.068037925049032, 47.252398683779298 ], [ -0.068154984026737, 47.2524882917984 ], [ -0.06812237959182, 47.252508209634399 ], [ -0.068118927899952, 47.252510328106197 ], [ -0.068056797399807, 47.252548460579703 ], [ -0.067958625960888, 47.252608899149799 ], [ -0.067569955562763, 47.252851492247103 ], [ -0.067568043067162, 47.252852759124302 ], [ -0.06746261688693, 47.252918254286399 ], [ -0.067603635824731, 47.253024256495202 ], [ -0.067633499092466, 47.253046710349203 ], [ -0.067798197802584, 47.253171140471203 ], [ -0.067800668445843, 47.253172696769603 ], [ -0.068035458840148, 47.253349733141803 ], [ -0.068357348704305, 47.253168097892399 ], [ -0.068474752319953, 47.253256750512797 ], [ -0.068540283291745, 47.253305963768902 ], [ -0.068575473729991, 47.2533382767717 ], [ -0.068655891563101, 47.253411826595801 ], [ -0.068693171864898, 47.2534459762078 ], [ -0.068694842103649, 47.253447418536901 ], [ -0.068306987375191, 47.253669586136802 ], [ -0.068107115371017, 47.253784340409197 ], [ -0.067747547397182, 47.2539875133129 ], [ -0.067727612490758, 47.253972094314399 ], [ -0.067681465195311, 47.253998181436899 ], [ -0.067562052110389, 47.253902148483398 ], [ -0.06753004125515, 47.253883805653203 ], [ -0.06751352391945, 47.253872620674599 ], [ -0.067430963345316, 47.253796288847496 ], [ -0.06739366466037, 47.253768761218602 ], [ -0.06739864802786, 47.253765656257599 ], [ -0.067469192448347, 47.253721895930198 ], [ -0.067440487175297, 47.253698870826398 ], [ -0.067375105994909, 47.2536314090434 ], [ -0.067310795004445, 47.253568783963999 ], [ -0.067307004307282, 47.253564965198002 ], [ -0.067062763055394, 47.253361419658297 ], [ -0.067003776553266, 47.253343385029602 ], [ -0.066941474867636, 47.253378548285902 ], [ -0.066884553948442, 47.2533341065567 ], [ -0.066902820784195, 47.253313352183604 ], [ -0.066789395098175, 47.253231755238403 ], [ -0.066742587941196, 47.253197586817201 ], [ -0.066954251029719, 47.253066846617997 ], [ -0.066751404048378, 47.253192083093097 ], [ -0.066533801314635, 47.253030941534298 ], [ -0.066412680568738, 47.253099688843299 ], [ -0.066518366520724, 47.253177842101003 ], [ -0.066509161725283, 47.253183491229898 ], [ -0.066390315043932, 47.2532573136778 ], [ -0.066266469244399, 47.2533339710413 ], [ -0.066235282704351, 47.253316146626503 ], [ -0.066365039188644, 47.2532317650737 ], [ -0.06631157473248, 47.253192231837303 ], [ -0.066295458252177, 47.253188063392599 ], [ -0.066270155694627, 47.253169002215799 ], [ -0.066244479887137, 47.253150356328497 ], [ -0.066139060168421, 47.253083817865999 ], [ -0.066179273326114, 47.253051131295699 ], [ -0.066088758381241, 47.253002307345497 ], [ -0.066054632989444, 47.253030373223801 ], [ -0.066019633031992, 47.253008325130601 ] ] ], [ [ [ -0.050406363414422, 47.247883586770499 ], [ -0.050515541142758, 47.247730167748301 ], [ -0.050602303899569, 47.247608420694299 ], [ -0.05062214309741, 47.247580330024803 ], [ -0.050731897824858, 47.247611901804397 ], [ -0.05104076250368, 47.247717829572402 ], [ -0.051199464021948, 47.247772572726902 ], [ -0.052105544425836, 47.248099404026 ], [ -0.051978048123157, 47.248279659233397 ], [ -0.051895563683848, 47.248427782071403 ], [ -0.051541798834401, 47.2483420932966 ], [ -0.051411245378056, 47.248321745844201 ], [ -0.051204741881361, 47.2482290708354 ], [ -0.050906041089636, 47.2481484172989 ], [ -0.050730815350805, 47.248096270901101 ], [ -0.050629715696144, 47.248056362917701 ], [ -0.050504326654201, 47.247966146478703 ], [ -0.050471362030493, 47.247937823911002 ], [ -0.050406363414422, 47.247883586770499 ] ] ], [ [ [ -0.05589079725488, 47.247767359444602 ], [ -0.056490885043954, 47.246949749949302 ], [ -0.056499355831612, 47.2469381747932 ], [ -0.056561870743041, 47.246962608206502 ], [ -0.056760796855095, 47.247040608267703 ], [ -0.056944264099682, 47.2471119884462 ], [ -0.057078998471295, 47.247163977311502 ], [ -0.057071647664611, 47.247174306708999 ], [ -0.056835082763123, 47.247495287492903 ], [ -0.056958526514212, 47.247327836469303 ], [ -0.056990365866139, 47.2473363213619 ], [ -0.0570695222954, 47.247367207732097 ], [ -0.057158413250609, 47.247401756347301 ], [ -0.057312537854308, 47.2474526929429 ], [ -0.057676182640102, 47.2475724291848 ], [ -0.057671529411325, 47.247581336053003 ], [ -0.05765185033444, 47.247619153892103 ], [ -0.05756421682466, 47.247753227363297 ], [ -0.057380889411452, 47.248033208722198 ], [ -0.056994146076206, 47.247870295355199 ], [ -0.056955752400412, 47.247921039545702 ], [ -0.056890119283933, 47.247897634541303 ], [ -0.056889316155926, 47.247890493298897 ], [ -0.056790470272257, 47.247855396174103 ], [ -0.056638822757158, 47.247806150369897 ], [ -0.056612935796673, 47.247797643539997 ], [ -0.056473592891854, 47.247755370591896 ], [ -0.056353521769078, 47.247919353568697 ], [ -0.056327727854806, 47.247954359315798 ], [ -0.056144204839453, 47.247882033621899 ], [ -0.056047330750677, 47.247839721462903 ], [ -0.05589079725488, 47.247767359444602 ] ] ], [ [ [ -0.05729126838309, 47.248306798931601 ], [ -0.057291168588571, 47.2483050447428 ], [ -0.057297582111283, 47.2482573062575 ], [ -0.057405826496945, 47.248066876503003 ], [ -0.057599991989156, 47.247768094995003 ], [ -0.05771510052619, 47.247593700597797 ], [ -0.057720226851083, 47.247586132648202 ], [ -0.057746517685642, 47.2475389508337 ], [ -0.05774832273809, 47.247535794989197 ], [ -0.057769813627174, 47.247529822408602 ], [ -0.058102783232136, 47.2476336092396 ], [ -0.058173507388635, 47.247655798114103 ], [ -0.058230891698027, 47.2476737441675 ], [ -0.058466077750188, 47.2477471358673 ], [ -0.058686512762328, 47.247812402551901 ], [ -0.058800724482178, 47.247845470891697 ], [ -0.058918245227493, 47.247880884314696 ], [ -0.059129854544082, 47.247944491145198 ], [ -0.059075167233682, 47.248029721471397 ], [ -0.05896793198207, 47.248195936215197 ], [ -0.058930770395488, 47.248254351569898 ], [ -0.058692108472605, 47.2486290421609 ], [ -0.058572779547095, 47.248610703855 ], [ -0.058437244057743, 47.248586576631801 ], [ -0.0583284013328, 47.248564177450803 ], [ -0.058205456627137, 47.248538096053402 ], [ -0.057969687982885, 47.248482422493197 ], [ -0.057838606739974, 47.248445879315803 ], [ -0.057737846646397, 47.248412049725303 ], [ -0.057318608547131, 47.248326889332901 ], [ -0.057295480206368, 47.248318039600903 ], [ -0.05729126838309, 47.248306798931601 ] ] ], [ [ [ -0.047874647595282, 47.246810287949003 ], [ -0.047903988798456, 47.246767758237297 ], [ -0.047971128341234, 47.246670854378699 ], [ -0.048084454162354, 47.2465065174366 ], [ -0.048179105284384, 47.2463698345571 ], [ -0.048211386964136, 47.246323173225299 ], [ -0.048314456294409, 47.246173971102401 ], [ -0.048457874712545, 47.245966408387297 ], [ -0.048602031074769, 47.245757880060196 ], [ -0.048677236397445, 47.245649276654603 ], [ -0.048835325703036, 47.245420515930597 ], [ -0.048904492876083, 47.245338423418403 ], [ -0.049639847629424, 47.2455393540938 ], [ -0.049865790339515, 47.245583140079901 ], [ -0.050091034589091, 47.245635592960099 ], [ -0.050551621805668, 47.245736582860403 ], [ -0.050715761850813, 47.245775372051803 ], [ -0.050941442351717, 47.2458284875351 ], [ -0.051050590541473, 47.245856426137699 ], [ -0.051245412659292, 47.245911299365403 ], [ -0.05141522683171, 47.245959127718599 ], [ -0.051658833673521, 47.246034338226202 ], [ -0.05173291516217, 47.246059821014398 ], [ -0.05209297223776, 47.2462076426729 ], [ -0.052257033805541, 47.246279946495399 ], [ -0.052435319541122, 47.246358091912803 ], [ -0.052725215152974, 47.246479515252602 ], [ -0.052880157624563, 47.246558950552597 ], [ -0.052893273685653, 47.246580227451602 ], [ -0.052893498247324, 47.246591167867599 ], [ -0.05285111366307, 47.2466835037132 ], [ -0.052538061318724, 47.247209605011797 ], [ -0.052498665531008, 47.247284699203 ], [ -0.052361434189377, 47.247593999596297 ], [ -0.052144664325913, 47.248040398919599 ], [ -0.052115970672224, 47.248073317778001 ], [ -0.05174694291451, 47.247942489495799 ], [ -0.051493619642875, 47.247850101787201 ], [ -0.051342859525354, 47.247795420233302 ], [ -0.051256945160063, 47.247764302518398 ], [ -0.051132940839793, 47.2477194572283 ], [ -0.050794812567608, 47.247601461706601 ], [ -0.050336492874548, 47.247435815974697 ], [ -0.050316067714341, 47.247467570786803 ], [ -0.050427150829708, 47.247508567662599 ], [ -0.050286730386263, 47.247712945666699 ], [ -0.050244926278053, 47.247773642422899 ], [ -0.050155956827666, 47.247716657498501 ], [ -0.050036096835045, 47.247660890826701 ], [ -0.049823044438636, 47.247571629149903 ], [ -0.049750081841337, 47.247544899428 ], [ -0.049653483241593, 47.247514331968901 ], [ -0.049553325453463, 47.247483993218196 ], [ -0.049425641398552, 47.247437215875898 ], [ -0.049335968549154, 47.247395789914002 ], [ -0.049260655500919, 47.247355607773201 ], [ -0.049167978945272, 47.247310206522698 ], [ -0.049005618527872, 47.247239880728401 ], [ -0.048907830170512, 47.247202316709703 ], [ -0.048753265328275, 47.247185435922198 ], [ -0.048659378482619, 47.247174661849201 ], [ -0.048480349615063, 47.247132342256499 ], [ -0.04842240442278, 47.247111433156697 ], [ -0.047918552553973, 47.246828593463803 ], [ -0.047874647595282, 47.246810287949003 ] ] ], [ [ [ -0.052115719654574, 47.248173733225798 ], [ -0.052345101668564, 47.2477187583305 ], [ -0.052421732901413, 47.2475305175575 ], [ -0.052588955172805, 47.247197183135299 ], [ -0.052865324996545, 47.2467450234493 ], [ -0.052940290016054, 47.2466462886727 ], [ -0.052969235362202, 47.246617822544799 ], [ -0.053203138632778, 47.246696799164397 ], [ -0.053481385792635, 47.246822716884203 ], [ -0.053713101537857, 47.246919048053797 ], [ -0.054056672705217, 47.247055946463497 ], [ -0.054099199287778, 47.247070907519102 ], [ -0.054172925379017, 47.247097073870698 ], [ -0.054231018496251, 47.247120543916502 ], [ -0.054281397439725, 47.247140973861399 ], [ -0.054360702942854, 47.247167533627497 ], [ -0.054525172000244, 47.247232931494302 ], [ -0.054524259122179, 47.247237820591202 ], [ -0.054654332764067, 47.247284664588904 ], [ -0.054724175366585, 47.2473193116315 ], [ -0.054737929084898, 47.2473308414556 ], [ -0.054819684293954, 47.247428419980402 ], [ -0.054837439584858, 47.247461466720402 ], [ -0.05485238478081, 47.247500939101997 ], [ -0.054850497620958, 47.247530584495003 ], [ -0.054824446969128, 47.247616949844797 ], [ -0.054820746995157, 47.247628669400399 ], [ -0.054593979631071, 47.248303858924999 ], [ -0.054573797305162, 47.248304931375003 ], [ -0.054480244794219, 47.248300099281899 ], [ -0.054254373715441, 47.248264833860098 ], [ -0.054155597518625, 47.248251895626296 ], [ -0.054084991689021, 47.248238755583699 ], [ -0.054071784760027, 47.248243833481098 ], [ -0.053945457408826, 47.248458520868198 ], [ -0.053937533121927, 47.248465756934998 ], [ -0.053920155737679, 47.248467295922303 ], [ -0.053423651471506, 47.2484472677179 ], [ -0.053403057400181, 47.248448080529499 ], [ -0.053321069776854, 47.248451186360697 ], [ -0.053248975181058, 47.248453761245798 ], [ -0.053102526020358, 47.248447078109102 ], [ -0.052887297206467, 47.248417475852001 ], [ -0.052723372063675, 47.248389630183702 ], [ -0.052563773881437, 47.248354102502397 ], [ -0.052225152362566, 47.248241529574202 ], [ -0.052133412221339, 47.2482057008664 ], [ -0.052117385959247, 47.248189095278697 ], [ -0.052115719654574, 47.248173733225798 ] ] ], [ [ [ -0.054821288792319, 47.248203810726601 ], [ -0.054864566444033, 47.248036447954398 ], [ -0.054936372043342, 47.247826304698698 ], [ -0.054972747556977, 47.247774938718102 ], [ -0.055010217363313, 47.247735841616603 ], [ -0.055020596080067, 47.247729892172799 ], [ -0.055095837232841, 47.247684934405697 ], [ -0.05519919717907, 47.247666803937001 ], [ -0.055309558054181, 47.247660110863201 ], [ -0.055348863622314, 47.247660290988101 ], [ -0.055375716825944, 47.247664853562199 ], [ -0.055504020189255, 47.247701472672603 ], [ -0.055527528954825, 47.247710042440303 ], [ -0.055775956763661, 47.247799982914799 ], [ -0.055882457575208, 47.2478440685789 ], [ -0.055915000312168, 47.247857940824197 ], [ -0.056069138089778, 47.247923068422203 ], [ -0.056337709367036, 47.248025179769698 ], [ -0.056454554071635, 47.248069667864499 ], [ -0.056454561746003, 47.248069802802199 ], [ -0.056423068428782, 47.248109283345599 ], [ -0.056404891407045, 47.248131655362997 ], [ -0.056339015142723, 47.248208665504301 ], [ -0.056440134669789, 47.248248838382899 ], [ -0.056473575165025, 47.248257551484002 ], [ -0.056504540648034, 47.248271600305401 ], [ -0.056443772848339, 47.248333745523297 ], [ -0.056839086484624, 47.248500759191501 ], [ -0.05673258594666, 47.248617220720803 ], [ -0.056667957200673, 47.248688251969298 ], [ -0.056657489143973, 47.248699609515199 ], [ -0.056603312934249, 47.248759013304401 ], [ -0.056465826333944, 47.248909941552398 ], [ -0.056460965577269, 47.248915205051503 ], [ -0.056413500925706, 47.2489669990509 ], [ -0.056410514407315, 47.248970321164499 ], [ -0.05617826956918, 47.248802114581899 ], [ -0.05607503360833, 47.2487107792115 ], [ -0.055922982341495, 47.248626541832699 ], [ -0.055889659150449, 47.248605933159602 ], [ -0.055842773528527, 47.248577168233098 ], [ -0.055795386852507, 47.2485535518178 ], [ -0.055721243407209, 47.248499153188298 ], [ -0.055648780367383, 47.248474305866601 ], [ -0.055619638170909, 47.248464398092104 ], [ -0.055311391835886, 47.248376574654699 ], [ -0.054821288792319, 47.248203810726601 ] ] ], [ [ [ -0.051953267352279, 47.248472345309203 ], [ -0.051959493767892, 47.248470154262598 ], [ -0.052012354100001, 47.248478357278501 ], [ -0.052036911555913, 47.2484774403503 ], [ -0.052058434109317, 47.248472008582198 ], [ -0.052075840038571, 47.248463982416403 ], [ -0.052088840296523, 47.2484552614225 ], [ -0.052109259289338, 47.248430398582002 ], [ -0.052119220291645, 47.248403108332298 ], [ -0.052135967249317, 47.248334556904197 ], [ -0.052138477831614, 47.248294894847199 ], [ -0.052129557197733, 47.248235668266098 ], [ -0.052269616149014, 47.248283603381999 ], [ -0.052329522777729, 47.2483040535489 ], [ -0.052401572391645, 47.248328643508202 ], [ -0.052531981840843, 47.248374399925197 ], [ -0.052659740753066, 47.248401441580697 ], [ -0.052795510805159, 47.248429758632902 ], [ -0.052950998090866, 47.2484557993603 ], [ -0.053184568881129, 47.248472890896302 ], [ -0.053305665693297, 47.248473484803903 ], [ -0.053666547466948, 47.248474788668297 ], [ -0.053822068860298, 47.248487448498302 ], [ -0.053766830048304, 47.248591069615202 ], [ -0.053764316399903, 47.248595730596897 ], [ -0.05369906873414, 47.248718805229501 ], [ -0.053637516350513, 47.248816105890903 ], [ -0.053580717441186, 47.248906254008403 ], [ -0.05349826712417, 47.249054917700597 ], [ -0.052671656082857, 47.248862765193302 ], [ -0.052670024741301, 47.248861997320198 ], [ -0.052468519329891, 47.248752570644498 ], [ -0.052468130657212, 47.248752716020199 ], [ -0.052442253928048, 47.248800290991099 ], [ -0.052431276898051, 47.248795715045702 ], [ -0.052404809846087, 47.248783979208 ], [ -0.052357465019195, 47.248768063287599 ], [ -0.052334999689532, 47.2487568977485 ], [ -0.052301232193669, 47.248749408334199 ], [ -0.05226781724922, 47.248748126053798 ], [ -0.052233535177527, 47.248752542467102 ], [ -0.052193167915033, 47.248747659333198 ], [ -0.052163463443841, 47.248741819702502 ], [ -0.052122595892646, 47.248721138371003 ], [ -0.05208540819196, 47.2486953599565 ], [ -0.052069959895461, 47.248674955230499 ], [ -0.052057345112364, 47.248648529741999 ], [ -0.052029462877677, 47.2485699369239 ], [ -0.051953267352279, 47.248472345309203 ] ] ], [ [ [ -0.057017502781186, 47.249118238322403 ], [ -0.05732707688368, 47.248685057446401 ], [ -0.057390643396927, 47.248609323924697 ], [ -0.057428952708051, 47.248557095290799 ], [ -0.057459276709372, 47.248511023449801 ], [ -0.057489693719299, 47.248487517540397 ], [ -0.057531200378343, 47.2484635839417 ], [ -0.057568276318762, 47.248452470378403 ], [ -0.057595165607885, 47.248450679915997 ], [ -0.057614678097747, 47.2484517868522 ], [ -0.057802184531476, 47.2484894093474 ], [ -0.05819008943135, 47.2485889087922 ], [ -0.05819677040808, 47.248580759244803 ], [ -0.058627642199626, 47.248681961500601 ], [ -0.058652179618773, 47.248687665567502 ], [ -0.058720241593179, 47.2487188436452 ], [ -0.058942551874443, 47.248844873519602 ], [ -0.059498001300744, 47.249272661960802 ], [ -0.059962264923827, 47.249674340664001 ], [ -0.059958797725602, 47.249676189020498 ], [ -0.059974969641927, 47.249688330118701 ], [ -0.059749286283363, 47.249921458594102 ], [ -0.059744791369503, 47.2499261720166 ], [ -0.059696063126808, 47.2499766493534 ], [ -0.059985172508766, 47.250083616072097 ], [ -0.060029144435651, 47.250033264180203 ], [ -0.06011528751794, 47.249928823954299 ], [ -0.060181934577464, 47.249844493712502 ], [ -0.060251747658628, 47.249899409381598 ], [ -0.061047143819808, 47.250204769954102 ], [ -0.061199186467068, 47.250260756808103 ], [ -0.061869763141415, 47.250562786553701 ], [ -0.061305182770039, 47.251013526370897 ], [ -0.060567418547272, 47.2506888070671 ], [ -0.060282205157619, 47.250643362759902 ], [ -0.059820564146716, 47.250469191980102 ], [ -0.059700382043106, 47.2503941183965 ], [ -0.058555307867634, 47.250082165064001 ], [ -0.058269631491358, 47.250426066624001 ], [ -0.058257006806413, 47.250420453564303 ], [ -0.058187395949434, 47.250389991752598 ], [ -0.058197117390465, 47.250379464615598 ], [ -0.057982436991477, 47.250282962777902 ], [ -0.057806535, 47.250177329145401 ], [ -0.05779415902976, 47.250183061237998 ], [ -0.057696390755469, 47.250111178277798 ], [ -0.057704442402239, 47.250099208691502 ], [ -0.05765458046701, 47.250067009330401 ], [ -0.057629436984516, 47.250071591670697 ], [ -0.057469058123492, 47.249973656457499 ], [ -0.05717237246797, 47.249796205221003 ], [ -0.057237058453492, 47.249733145491 ], [ -0.05724007566949, 47.249730363107297 ], [ -0.057315291018807, 47.2496570252382 ], [ -0.057329584368554, 47.249643134217301 ], [ -0.057353629886932, 47.249619255875203 ], [ -0.057376205167836, 47.2495974434093 ], [ -0.057385988039769, 47.249587995837203 ], [ -0.057391999408938, 47.249582026249101 ], [ -0.057535087645093, 47.249431895134101 ], [ -0.05754296552645, 47.249423849199196 ], [ -0.057551932623491, 47.249414017710201 ], [ -0.057557174304797, 47.249408473836198 ], [ -0.057563185634888, 47.249402504238802 ], [ -0.057581523829354, 47.249382965739102 ], [ -0.057562800803106, 47.249374810680699 ], [ -0.057470039854748, 47.249335093933396 ], [ -0.057076791158382, 47.249148702770597 ], [ -0.057075563760482, 47.249148059443499 ], [ -0.057017502781186, 47.249118238322403 ] ] ], [ [ [ -0.04740203224577, 47.242997318279897 ], [ -0.047459991544001, 47.242794571177598 ], [ -0.047485023479833, 47.242711072289097 ], [ -0.047501320201455, 47.242655506738799 ], [ -0.047554194464813, 47.2424820834459 ], [ -0.047575875298633, 47.242409483822897 ], [ -0.047621384990984, 47.242260173873802 ], [ -0.047633417229319, 47.2422203966455 ], [ -0.047644687476259, 47.242181180012402 ], [ -0.047663756310197, 47.242118514250897 ], [ -0.047897363678674, 47.241394913412201 ], [ -0.048247143461569, 47.241411255119097 ], [ -0.048542996528768, 47.241421446526402 ], [ -0.048682485946865, 47.2414387237813 ], [ -0.049395350192076, 47.241461050996797 ], [ -0.049470272655061, 47.241466512243697 ], [ -0.049659901008335, 47.241486117769597 ], [ -0.049632694095313, 47.241601162112602 ], [ -0.049753162645521, 47.241618938629401 ], [ -0.049791189626816, 47.241498744470597 ], [ -0.050043421573978, 47.241509539446596 ], [ -0.050214991576953, 47.241511645722298 ], [ -0.050518912846462, 47.241510132856703 ], [ -0.050696639600275, 47.2415088329982 ], [ -0.050959312627537, 47.241493809669102 ], [ -0.051090296727609, 47.241480090616101 ], [ -0.051517131204521, 47.241413580051002 ], [ -0.051663615976323, 47.241400263028602 ], [ -0.05172344151802, 47.241405444661702 ], [ -0.051809014409667, 47.241423732532503 ], [ -0.051875246093464, 47.241443881081302 ], [ -0.051948324063027, 47.2414727685439 ], [ -0.05237641129015, 47.241637987111297 ], [ -0.052604198939051, 47.241728477348801 ], [ -0.052908044174133, 47.241865343764502 ], [ -0.053172221597888, 47.241995551492899 ], [ -0.053414472447534, 47.242096064956897 ], [ -0.053067239410198, 47.2425927986597 ], [ -0.052985714860081, 47.242750627716603 ], [ -0.052861198997529, 47.242955131390502 ], [ -0.052626278815943, 47.243172408208103 ], [ -0.052411463874134, 47.243373343568202 ], [ -0.052313946293932, 47.243480240037599 ], [ -0.052058553901173, 47.243756435189503 ], [ -0.052034981580415, 47.243781651434702 ], [ -0.051996103401884, 47.243823892959703 ], [ -0.051935222626701, 47.243891039073901 ], [ -0.05165602380594, 47.244188401364902 ], [ -0.051363103792223, 47.244460852963101 ], [ -0.050880968014784, 47.244903020274897 ], [ -0.050853804876173, 47.244927925345799 ], [ -0.050819785219218, 47.244908955308702 ], [ -0.050485764190703, 47.244695172121503 ], [ -0.05031331073206, 47.244593761463797 ], [ -0.050170621092157, 47.244527244153304 ], [ -0.049484685065449, 47.244259744252602 ], [ -0.049461155802635, 47.244250768433098 ], [ -0.049342753471572, 47.244199557588601 ], [ -0.049118473987826, 47.244108022626399 ], [ -0.049028479520155, 47.244067821243497 ], [ -0.048913277296774, 47.244010039079697 ], [ -0.048693503138534, 47.243885951263501 ], [ -0.04851725763018, 47.243773556352103 ], [ -0.048474716515579, 47.243744268908102 ], [ -0.048232729044987, 47.243557384015197 ], [ -0.047974892950107, 47.243377942728401 ], [ -0.047411073644862, 47.243009783670502 ], [ -0.04740203224577, 47.242997318279897 ] ] ], [ [ [ -0.043906697062054, 47.239269859948699 ], [ -0.043936275281239, 47.239238541456899 ], [ -0.043960543704872, 47.239218579023699 ], [ -0.044027886287277, 47.239167348983301 ], [ -0.044473533581998, 47.238732519482099 ], [ -0.045195184764491, 47.2380770496626 ], [ -0.045259415813866, 47.238069010190401 ], [ -0.045333769962528, 47.238078543112302 ], [ -0.045679273560973, 47.238166898783597 ], [ -0.045821012877611, 47.238203039706299 ], [ -0.045913163527276, 47.238225483353403 ], [ -0.045991290817295, 47.238238565463597 ], [ -0.04620309088519, 47.238264485682699 ], [ -0.046207226590123, 47.238253430636497 ], [ -0.046212802038857, 47.238239770085499 ], [ -0.046006153453042, 47.238213714478498 ], [ -0.045876921157962, 47.238188191372799 ], [ -0.045567303531109, 47.2381098394765 ], [ -0.045334984193082, 47.238050942674398 ], [ -0.04522668044918, 47.238037572011798 ], [ -0.045288173290231, 47.237974197141597 ], [ -0.045436762282774, 47.237802043127303 ], [ -0.045479821646565, 47.237742531073103 ], [ -0.045506696849794, 47.237691552731498 ], [ -0.045556625872571, 47.237571182290402 ], [ -0.045609530672643, 47.237391272051198 ], [ -0.045671011402698, 47.237229650534402 ], [ -0.045933937155824, 47.237282471654098 ], [ -0.046221348465767, 47.237340189265701 ], [ -0.046359030236753, 47.237367787200597 ], [ -0.046544882186198, 47.237405064914597 ], [ -0.046672527897113, 47.237430628955998 ], [ -0.046898937463148, 47.237476299589801 ], [ -0.04729753648774, 47.237556227081299 ], [ -0.047393473249911, 47.237575461762098 ], [ -0.047460209700028, 47.237632627784102 ], [ -0.047488945308093, 47.237663494851802 ], [ -0.047500943412089, 47.237714127104702 ], [ -0.047488829493321, 47.237759447302302 ], [ -0.04748742042409, 47.237762592578399 ], [ -0.047460311462526, 47.237816415513599 ], [ -0.047373037274226, 47.237963986104297 ], [ -0.047375866184552, 47.237971884971103 ], [ -0.047378229985586, 47.237978579809003 ], [ -0.047393153216063, 47.2379898094078 ], [ -0.049129003658291, 47.238584982455201 ], [ -0.049147208252539, 47.238612072028303 ], [ -0.049022843991959, 47.2388333251603 ], [ -0.048940776835886, 47.239009679906701 ], [ -0.04891442055829, 47.239083754378001 ], [ -0.048899833913278, 47.239141437521099 ], [ -0.048824122129333, 47.239597770156102 ], [ -0.048807797085228, 47.2396527962051 ], [ -0.048424560212351, 47.240277899937901 ], [ -0.048362553802879, 47.240388183504102 ], [ -0.048181820764139, 47.240714300137 ], [ -0.04786427276183, 47.241357268844403 ], [ -0.047713542503875, 47.2413377185771 ], [ -0.047490303119081, 47.2412992633435 ], [ -0.04727296851014, 47.241252949455202 ], [ -0.04763153958203, 47.240752422218897 ], [ -0.047628225558787, 47.240756968986197 ], [ -0.047508143571197, 47.240717963203501 ], [ -0.047492375010487, 47.2407128371337 ], [ -0.047375532303449, 47.240674962293802 ], [ -0.047313669966137, 47.240654831484498 ], [ -0.046705581809352, 47.240457298855702 ], [ -0.046420539155652, 47.240364653730801 ], [ -0.046313803709161, 47.240330025792503 ], [ -0.046186551029331, 47.240283504211597 ], [ -0.045931269073256, 47.240190751336797 ], [ -0.045742841416175, 47.240122187708401 ], [ -0.045587642749095, 47.240065723925099 ], [ -0.045114982492297, 47.240612216923601 ], [ -0.044749019813848, 47.240359120966701 ], [ -0.044650463711967, 47.240286707795697 ], [ -0.044551084750504, 47.240213775605 ], [ -0.0444633967619, 47.240144049833603 ], [ -0.044405249657223, 47.240091386388201 ], [ -0.044378497052425, 47.240067493767398 ], [ -0.044279989760205, 47.239960888680599 ], [ -0.044219599547138, 47.239889634798502 ], [ -0.04420114480184, 47.239858091481103 ], [ -0.04415995167071, 47.239789441496498 ], [ -0.044087292270064, 47.2396206687161 ], [ -0.044058315087544, 47.239550481551397 ], [ -0.044012881231894, 47.239455996092303 ], [ -0.044006310541851, 47.239445087232902 ], [ -0.043908116213575, 47.239280904126701 ], [ -0.043906697062054, 47.239269859948699 ] ] ], [ [ [ -0.047917692896966, 47.241347485228403 ], [ -0.048053850507738, 47.2410330825061 ], [ -0.048197238000784, 47.240748220152597 ], [ -0.04836802494343, 47.240449663391999 ], [ -0.048409282107631, 47.240379386494602 ], [ -0.048442347478112, 47.240311622443798 ], [ -0.048533388000958, 47.240167465769296 ], [ -0.048589044947972, 47.240085187949703 ], [ -0.048692530652833, 47.2399155676909 ], [ -0.048843390136936, 47.239671590231403 ], [ -0.048867426923385, 47.239584603388003 ], [ -0.048934871405513, 47.239164435472503 ], [ -0.04896940097235, 47.2390455497465 ], [ -0.049003004754152, 47.238973311672801 ], [ -0.049021679894719, 47.238931737742 ], [ -0.049130547728942, 47.238724136094397 ], [ -0.049234843292015, 47.238519897977397 ], [ -0.04927516393533, 47.238433158201701 ], [ -0.049318989557506, 47.238345245055697 ], [ -0.049390306890073, 47.238217282690499 ], [ -0.049420241527076, 47.238164330891003 ], [ -0.049456284771505, 47.2381001368433 ], [ -0.049486280521963, 47.238048264533703 ], [ -0.04952606018683, 47.237993972501201 ], [ -0.049562558542236, 47.2379517942747 ], [ -0.049656654406042, 47.2378616120522 ], [ -0.049696119619759, 47.237829761489003 ], [ -0.049752271654972, 47.2377912553047 ], [ -0.049864950645607, 47.237720854846899 ], [ -0.050038386711977, 47.237623178505302 ], [ -0.050224931108072, 47.237532724698099 ], [ -0.050275896713809, 47.2375077336348 ], [ -0.050391983788044, 47.2374484595517 ], [ -0.050428456306698, 47.237426823009002 ], [ -0.050484105888082, 47.237393464994199 ], [ -0.050511609999157, 47.237374632174102 ], [ -0.050551099287095, 47.237350213369801 ], [ -0.050603507793258, 47.237308697059298 ], [ -0.050657481957817, 47.237252814639596 ], [ -0.050672336486287, 47.237234855348603 ], [ -0.050678643914135, 47.2372271214454 ], [ -0.050731396541145, 47.237163703289497 ], [ -0.050810848742682, 47.237067283658497 ], [ -0.05083241846378, 47.237055769422803 ], [ -0.050853519343798, 47.237056970711102 ], [ -0.051008483493992, 47.2371303261381 ], [ -0.051235198866325, 47.23722327942 ], [ -0.051334456135029, 47.237259045686898 ], [ -0.051535438420807, 47.237325107378602 ], [ -0.051736740843839, 47.237389808899302 ], [ -0.051921460232866, 47.237449000651402 ], [ -0.052011678990621, 47.237479328508897 ], [ -0.052181188073926, 47.237536217654103 ], [ -0.052315968280548, 47.237582534396402 ], [ -0.052388210416352, 47.2376107678081 ], [ -0.052490444407621, 47.2376569956566 ], [ -0.052581895376203, 47.2377020209249 ], [ -0.052628844170241, 47.237725109439502 ], [ -0.05275047664911, 47.2377844752342 ], [ -0.052822928467418, 47.237823378949997 ], [ -0.052871300692605, 47.237864538679197 ], [ -0.052903316882705, 47.237897210026098 ], [ -0.052945860337362, 47.2379405503901 ], [ -0.053012814649577, 47.238015411021998 ], [ -0.053051791962046, 47.238058845302803 ], [ -0.053149736004907, 47.238148295397302 ], [ -0.053172337343419, 47.238168916954798 ], [ -0.053253138344314, 47.238243007214798 ], [ -0.053370637780169, 47.238334374417903 ], [ -0.053447863586729, 47.238380449557098 ], [ -0.05349944817284, 47.238408280641103 ], [ -0.053620247005327, 47.238473883996797 ], [ -0.053746793116816, 47.2385428494308 ], [ -0.053899804320501, 47.238630577511302 ], [ -0.054018147478241, 47.238687866483502 ], [ -0.05415472909092, 47.238751837101702 ], [ -0.05426521407562, 47.2388035219005 ], [ -0.054445014268502, 47.238894732586999 ], [ -0.054465591563149, 47.238921623715498 ], [ -0.054464683529261, 47.238961514068201 ], [ -0.054102439743783, 47.239619600076601 ], [ -0.054046542730286, 47.239753375586297 ], [ -0.054030751601976, 47.2398386598692 ], [ -0.054028634603261, 47.239976018227203 ], [ -0.054016760106369, 47.240060388438899 ], [ -0.054015049507717, 47.240072190726401 ], [ -0.05399539445841, 47.240068519353898 ], [ -0.053991367553612, 47.240081463805502 ], [ -0.053709383416776, 47.241041768677597 ], [ -0.053637567657813, 47.241028119898303 ], [ -0.053608278906287, 47.241022540054402 ], [ -0.053561970765356, 47.241010786778403 ], [ -0.053537787672701, 47.241004261546102 ], [ -0.053509168848615, 47.240996501782199 ], [ -0.053417178926789, 47.2409770328387 ], [ -0.053262495614918, 47.240943809609497 ], [ -0.053081320810562, 47.240905337930499 ], [ -0.053048777637634, 47.2408983571436 ], [ -0.052955719568111, 47.240874050934998 ], [ -0.052861411431683, 47.240848696462699 ], [ -0.052760244022219, 47.2408213603617 ], [ -0.052687306694648, 47.240801929523499 ], [ -0.052371443418781, 47.241592440596698 ], [ -0.052072682640371, 47.241475169388401 ], [ -0.051942776395886, 47.2414239939244 ], [ -0.05184113546966, 47.2413953180805 ], [ -0.05176750473137, 47.2413776617379 ], [ -0.05171314290019, 47.2413708497117 ], [ -0.051540700636734, 47.2413813366583 ], [ -0.051381810610867, 47.241399845200299 ], [ -0.051111593946474, 47.241442771819003 ], [ -0.05097214245227, 47.241454146155199 ], [ -0.050768804962547, 47.241465715581498 ], [ -0.050709850588116, 47.241468889205002 ], [ -0.050632102372416, 47.241469584440203 ], [ -0.050553957870865, 47.2414702900546 ], [ -0.050354001052677, 47.241471499120699 ], [ -0.05005398157752, 47.241471827750402 ], [ -0.049996047547302, 47.241472001076303 ], [ -0.049881458344388, 47.241466908386897 ], [ -0.0497981602797, 47.241460721840497 ], [ -0.049430518509655, 47.241423367549402 ], [ -0.049216186662122, 47.241416033674398 ], [ -0.048682887219424, 47.24139681986 ], [ -0.048501064449129, 47.241381872461702 ], [ -0.048158235872842, 47.241369132607602 ], [ -0.047917692896966, 47.241347485228403 ] ] ], [ [ [ -0.062763042886119, 47.240884472133999 ], [ -0.062801360565068, 47.240644530406897 ], [ -0.0628536523981, 47.240475708829003 ], [ -0.063092209390115, 47.240469403613197 ], [ -0.063951189730403, 47.240395477707402 ], [ -0.063948004422557, 47.240381372123899 ], [ -0.063945361538727, 47.240369819877301 ], [ -0.063878241245682, 47.240375918968297 ], [ -0.063602238417519, 47.240400648924101 ], [ -0.06309045968761, 47.240445665063397 ], [ -0.062854761301053, 47.240453381276303 ], [ -0.062852455220881, 47.239904499918701 ], [ -0.062838301003515, 47.239809329389601 ], [ -0.062819102993597, 47.239716184135297 ], [ -0.062818545253032, 47.239713360917001 ], [ -0.062797716105816, 47.2396194479225 ], [ -0.063104866155275, 47.239605113189803 ], [ -0.063389086360218, 47.239592329771199 ], [ -0.063671248180604, 47.239578248660202 ], [ -0.063985184428867, 47.239557650829802 ], [ -0.063981314570393, 47.239531535793901 ], [ -0.064030612963975, 47.239546989826898 ], [ -0.064229034087372, 47.239609449002003 ], [ -0.064348637141673, 47.239646828711003 ], [ -0.064375710205437, 47.239655302405801 ], [ -0.064415051342652, 47.239746698553603 ], [ -0.064411595406065, 47.239853145920598 ], [ -0.064410005981232, 47.2399018387148 ], [ -0.064533261876108, 47.240295623634601 ], [ -0.064192624500407, 47.240356119731402 ], [ -0.064181621168852, 47.240358032364298 ], [ -0.063998573298585, 47.240391251816 ], [ -0.064025655429003, 47.240560002530898 ], [ -0.063959554504559, 47.240563101609901 ], [ -0.064047378213447, 47.240739165644499 ], [ -0.064140039031708, 47.241139300527799 ], [ -0.064046109778988, 47.241120702032397 ], [ -0.063859059409175, 47.241083753734401 ], [ -0.063612202406237, 47.241035007248598 ], [ -0.062961149646315, 47.240906534728403 ], [ -0.062763042886119, 47.240884472133999 ] ] ], [ [ [ -0.055156119526151, 47.2413233796455 ], [ -0.055469401095621, 47.240467249622903 ], [ -0.055338208199678, 47.240442329079301 ], [ -0.05537665660613, 47.240343744033297 ], [ -0.055245699254117, 47.240315979234701 ], [ -0.055209947611185, 47.240308407941001 ], [ -0.055579218933021, 47.239452963212997 ], [ -0.055695293077642, 47.239526121810201 ], [ -0.055875597080547, 47.239647047996201 ], [ -0.055905665496209, 47.239680310491302 ], [ -0.055918691680053, 47.239706995081903 ], [ -0.055943277754227, 47.239832297647297 ], [ -0.055974719256051, 47.239868767288201 ], [ -0.056028190875374, 47.239901818018602 ], [ -0.056131465431646, 47.239959232029399 ], [ -0.056209028124818, 47.239997188111701 ], [ -0.056321711126592, 47.240045569706602 ], [ -0.056402952898759, 47.240078428437499 ], [ -0.05649038933984, 47.240108556061401 ], [ -0.056648917713908, 47.240153565928999 ], [ -0.056750367007047, 47.240178864120601 ], [ -0.05698005898277, 47.2402260506543 ], [ -0.057079023479424, 47.240249522144701 ], [ -0.057357062341979, 47.240316379333898 ], [ -0.057391267574304, 47.2403246664745 ], [ -0.057623436272117, 47.240387462722197 ], [ -0.057329501780522, 47.240983078828599 ], [ -0.05722985223047, 47.241191796923097 ], [ -0.057022080428327, 47.241676621033498 ], [ -0.056991526856479, 47.241711617518199 ], [ -0.056564171517084, 47.241643291969098 ], [ -0.056452426579101, 47.241625427534601 ], [ -0.056219396967062, 47.242147809343599 ], [ -0.055936366772355, 47.242063107214904 ], [ -0.055623764148728, 47.241967832352003 ], [ -0.055480778499308, 47.241924032894303 ], [ -0.055386444318523, 47.241898275672199 ], [ -0.055581675853444, 47.241402028378403 ], [ -0.055490441306568, 47.241388892724402 ], [ -0.055400403321638, 47.241375860592903 ], [ -0.055317756670631, 47.2413602010011 ], [ -0.05523991147396, 47.241345225610999 ], [ -0.055156119526151, 47.2413233796455 ] ] ], [ [ [ -0.056737359850365, 47.242287938489198 ], [ -0.057018880961593, 47.241718058400899 ], [ -0.057047665184036, 47.2416798652119 ], [ -0.057184347912682, 47.2413616526404 ], [ -0.05725626770606, 47.2411956948377 ], [ -0.057352657674622, 47.240992468331598 ], [ -0.057650570059126, 47.240397017488803 ], [ -0.057874644233312, 47.240491919988102 ], [ -0.058054274882162, 47.240586913736102 ], [ -0.058174821368553, 47.240661843922801 ], [ -0.058230113535748, 47.240705927166999 ], [ -0.058445361597745, 47.240917687835797 ], [ -0.058476859180023, 47.240955101347801 ], [ -0.058501933212747, 47.2410121446216 ], [ -0.058529217062763, 47.241121969526297 ], [ -0.058547987166978, 47.241228640604497 ], [ -0.058553466719385, 47.2413179590311 ], [ -0.058556103515967, 47.241371269955998 ], [ -0.058546220547401, 47.241427749252701 ], [ -0.058463156060714, 47.241614002856402 ], [ -0.05832676010869, 47.2419092356335 ], [ -0.05829176912333, 47.241991783892303 ], [ -0.058120362653976, 47.242473893504197 ], [ -0.058106925415611, 47.242488843250797 ], [ -0.058099833536795, 47.242496733394098 ], [ -0.058061591243253, 47.242515175625897 ], [ -0.058039248390015, 47.242520089683502 ], [ -0.057947548890614, 47.2425127792105 ], [ -0.057778564127835, 47.242486425937201 ], [ -0.057536922250668, 47.242445637344602 ], [ -0.057272840070398, 47.242394088450801 ], [ -0.05702247782205, 47.242346501552497 ], [ -0.056873254756744, 47.242318679719098 ], [ -0.056737359850365, 47.242287938489198 ] ] ], [ [ [ -0.062823082781911, 47.241896306400797 ], [ -0.062972209331287, 47.241880607842504 ], [ -0.062964273918691, 47.241831896601298 ], [ -0.063108875066008, 47.241834291196099 ], [ -0.063301688080099, 47.2418400060346 ], [ -0.063574742801979, 47.241846977900401 ], [ -0.063723376083239, 47.241850481408299 ], [ -0.063825728757443, 47.2418566948201 ], [ -0.063837678816645, 47.241857460018899 ], [ -0.063986427529735, 47.241862987252198 ], [ -0.064093943603553, 47.2418623068708 ], [ -0.064314685276944, 47.241863632798903 ], [ -0.064428245623813, 47.2418645491191 ], [ -0.064607796858163, 47.241867369084098 ], [ -0.064793123094649, 47.241867062947499 ], [ -0.064991053466517, 47.241865071759499 ], [ -0.065044994251378, 47.241864456000201 ], [ -0.065025087603212, 47.241765924170402 ], [ -0.064966795477892, 47.241474480256898 ], [ -0.065033940103522, 47.241468785350797 ], [ -0.065166651883788, 47.241457572284403 ], [ -0.065364642093138, 47.241428820918998 ], [ -0.065713399212969, 47.2413783774685 ], [ -0.065665828374873, 47.241240170359397 ], [ -0.06561912336834, 47.241096264402501 ], [ -0.065677745503128, 47.241087280888301 ], [ -0.065638804863274, 47.240968170628001 ], [ -0.065579001716227, 47.240977320508399 ], [ -0.065552334780353, 47.2408924816501 ], [ -0.065496674843876, 47.240855979363502 ], [ -0.06544783949064, 47.240744293255702 ], [ -0.065462355464902, 47.240741341600099 ], [ -0.065454621588237, 47.240661407541097 ], [ -0.06544114700216, 47.240522568696001 ], [ -0.065411666260616, 47.240214416068703 ], [ -0.066764718910558, 47.240098343568 ], [ -0.06689055414604, 47.240258804535102 ], [ -0.066928655758772, 47.240307528131197 ], [ -0.06707453027425, 47.240603545715999 ], [ -0.067110778809537, 47.240675427436699 ], [ -0.067143464532087, 47.240740511243402 ], [ -0.067150621152923, 47.240754646793903 ], [ -0.067151506105586, 47.240756245066002 ], [ -0.066843929040558, 47.240818847048999 ], [ -0.066724273652061, 47.240843230691603 ], [ -0.066788929828595, 47.241002607894501 ], [ -0.066750387228183, 47.2410087632162 ], [ -0.066754181082086, 47.241019609249101 ], [ -0.066635406082412, 47.241038563843503 ], [ -0.066648896225095, 47.2410802357481 ], [ -0.066967852076955, 47.241029225615399 ], [ -0.066969040909145, 47.2410291941531 ], [ -0.067160557239427, 47.2409983135801 ], [ -0.067164496910032, 47.240997803887097 ], [ -0.06722033703959, 47.240988758072 ], [ -0.067253723234653, 47.241052201614998 ], [ -0.06730695472318, 47.241039170568897 ], [ -0.067350335629744, 47.241083024364798 ], [ -0.067908414714091, 47.241647466732203 ], [ -0.06785710603853, 47.241652473810397 ], [ -0.067555563492801, 47.241681808222403 ], [ -0.06755516721071, 47.241681818711903 ], [ -0.06749557505036, 47.2416877205942 ], [ -0.067422951770084, 47.241694778206799 ], [ -0.067374797860528, 47.241699431284999 ], [ -0.067383592047607, 47.241763120265098 ], [ -0.067405810402757, 47.241922944678699 ], [ -0.067421516997237, 47.242038209733799 ], [ -0.067434383241347, 47.242131521964801 ], [ -0.067442141450744, 47.242170102110997 ], [ -0.067442434092479, 47.242175229726698 ], [ -0.067114102645018, 47.242208109919098 ], [ -0.066918757206311, 47.242227604629399 ], [ -0.066913864690051, 47.242267060150198 ], [ -0.066441000837657, 47.242222273158497 ], [ -0.066190028099362, 47.242212831776001 ], [ -0.066032259966001, 47.242216194982497 ], [ -0.06582375968044, 47.242234684453301 ], [ -0.065365575837046, 47.242301131178998 ], [ -0.065211262488519, 47.242323321610499 ], [ -0.065138830433592, 47.242333751225601 ], [ -0.06491194624907, 47.242363941954899 ], [ -0.064720793153127, 47.242387376279297 ], [ -0.064539477847229, 47.242409333873603 ], [ -0.06434831673424, 47.2424326326461 ], [ -0.064325532041691, 47.242436748768903 ], [ -0.064092998695397, 47.242479249918802 ], [ -0.063951746195484, 47.242514742549602 ], [ -0.063838260822195, 47.242543014164603 ], [ -0.063828853872229, 47.242538127505 ], [ -0.063671548479007, 47.2424521471522 ], [ -0.063376241505635, 47.242291567968898 ], [ -0.063169141162579, 47.242174469402897 ], [ -0.063160534601328, 47.242169696677003 ], [ -0.063033391130801, 47.242090621300903 ], [ -0.062987115382315, 47.242058599739401 ], [ -0.062912738815753, 47.242007049730397 ], [ -0.062823082781911, 47.241896306400797 ] ] ], [ [ [ -0.058144182002143, 47.242536780977503 ], [ -0.058152625747819, 47.242517773641197 ], [ -0.058199374235345, 47.242411671035001 ], [ -0.05823192351185, 47.242321078834202 ], [ -0.058362620318236, 47.241953561352197 ], [ -0.058446314003078, 47.241757426005798 ], [ -0.058529492283945, 47.241587116011502 ], [ -0.058532281623313, 47.241587312677098 ], [ -0.05859147950864, 47.241441960794198 ], [ -0.058600554233269, 47.2414200988039 ], [ -0.058608190540605, 47.241296243661701 ], [ -0.058601359157433, 47.241218042438298 ], [ -0.058567598076848, 47.241092036490997 ], [ -0.058544835827045, 47.241005876996802 ], [ -0.058530670256049, 47.240938275152097 ], [ -0.058546713981745, 47.240871497705299 ], [ -0.058583015247812, 47.2408259432395 ], [ -0.058618981605257, 47.240781478723697 ], [ -0.0587600880421, 47.2405690973535 ], [ -0.058766287190474, 47.240559473889597 ], [ -0.058813187800508, 47.240477016468297 ], [ -0.058895753213119, 47.240289018796801 ], [ -0.058963015430187, 47.2401529135673 ], [ -0.059102730275145, 47.239867322143702 ], [ -0.059175775699098, 47.2397143066339 ], [ -0.059200946307882, 47.239661477870499 ], [ -0.059227556018703, 47.239606043435799 ], [ -0.059260187972829, 47.239537881926999 ], [ -0.059281775013817, 47.239463930651901 ], [ -0.059424476618816, 47.238945006930798 ], [ -0.059453421793149, 47.238881807733101 ], [ -0.059489871429424, 47.238831924470901 ], [ -0.05993088211811, 47.238889472410797 ], [ -0.06009664490531, 47.238908204371299 ], [ -0.059933586502214, 47.239508615923903 ], [ -0.060088167988949, 47.239519129315703 ], [ -0.060089041818811, 47.239513565470602 ], [ -0.060163551021332, 47.239518760400102 ], [ -0.06093706753996, 47.239568064322903 ], [ -0.060911389415986, 47.239639826627503 ], [ -0.060888755110812, 47.239702318952702 ], [ -0.060879710229374, 47.239752559945899 ], [ -0.060871296500441, 47.239799946310001 ], [ -0.060861119877552, 47.239858190497202 ], [ -0.061042825658754, 47.239871094454898 ], [ -0.06123091795947, 47.239884640269402 ], [ -0.061154738509223, 47.240421539805297 ], [ -0.061152756152609, 47.240435511668203 ], [ -0.06150856666702, 47.2404462483834 ], [ -0.061933948225517, 47.240459064931002 ], [ -0.061932812427741, 47.240473960430499 ], [ -0.062146426579028, 47.240482641120103 ], [ -0.062149140455489, 47.240453649272197 ], [ -0.062199504908348, 47.239944459145804 ], [ -0.06221290343063, 47.239824370292098 ], [ -0.062212500185587, 47.239810326297103 ], [ -0.062204642809951, 47.239609714583402 ], [ -0.061446717310678, 47.239562439725198 ], [ -0.061465489519134, 47.239362475922597 ], [ -0.06167475562407, 47.2393715425154 ], [ -0.061682327316758, 47.239177009909596 ], [ -0.062202407586459, 47.239159484195604 ], [ -0.062202377551037, 47.239145024912503 ], [ -0.062286027783255, 47.239143490158 ], [ -0.062383554952073, 47.239141723769698 ], [ -0.062495347630957, 47.239139580302698 ], [ -0.062645997268075, 47.239136815226203 ], [ -0.062713106893436, 47.2394439737688 ], [ -0.062753237710793, 47.239625893954198 ], [ -0.062785502492816, 47.239774236787099 ], [ -0.062796664421443, 47.239844755619998 ], [ -0.062816226840328, 47.239965189704499 ], [ -0.062816992191153, 47.239971656239902 ], [ -0.062802936998744, 47.240477184347299 ], [ -0.062797976543943, 47.240508532989402 ], [ -0.062671055678014, 47.241178537115097 ], [ -0.06188811423433, 47.241215037264702 ], [ -0.061888588704138, 47.241327867271899 ], [ -0.061907756004499, 47.241469258656998 ], [ -0.061965488147702, 47.241570034861702 ], [ -0.062028431073121, 47.241790137788101 ], [ -0.062031873870519, 47.241801804068501 ], [ -0.06195210123058, 47.2418087768487 ], [ -0.061771652751684, 47.241825031328197 ], [ -0.061552360602686, 47.241842176549802 ], [ -0.06145372420179, 47.241845457957098 ], [ -0.061358511696017, 47.241853108477798 ], [ -0.061360700056253, 47.241807913674499 ], [ -0.061262298594461, 47.241808350759499 ], [ -0.061296122657449, 47.241956247193897 ], [ -0.061258232975742, 47.241959950873401 ], [ -0.061151681667207, 47.241970603546399 ], [ -0.061069319105876, 47.241980887495998 ], [ -0.060842242012873, 47.242007696823997 ], [ -0.06067074902863, 47.242027902394497 ], [ -0.0605532649479, 47.242062627997001 ], [ -0.060544181098931, 47.242063408454101 ], [ -0.060414644834316, 47.242074667444598 ], [ -0.060255234162323, 47.242118878634002 ], [ -0.060232971733485, 47.242132169719099 ], [ -0.060468703256063, 47.2425570432911 ], [ -0.060178325308382, 47.242622281108503 ], [ -0.060377855470362, 47.243024731407601 ], [ -0.060728880222155, 47.242902348696198 ], [ -0.060803377662766, 47.242872407084697 ], [ -0.06095818602712, 47.242810072773999 ], [ -0.06107639924099, 47.242767219110902 ], [ -0.061280540147979, 47.2426930403415 ], [ -0.061498693291954, 47.242614031395398 ], [ -0.061495511890297, 47.2426069529823 ], [ -0.061418280460201, 47.242449527172298 ], [ -0.061405677915642, 47.2424233725108 ], [ -0.062235412718931, 47.242121169253899 ], [ -0.062169734184276, 47.242027225040601 ], [ -0.062463967822791, 47.241911337534297 ], [ -0.062464348730427, 47.241911057186996 ], [ -0.062659885102595, 47.241846157639998 ], [ -0.062701949194265, 47.241839099799002 ], [ -0.062755397864732, 47.241829849099197 ], [ -0.062786525200188, 47.241881596229703 ], [ -0.062865920280791, 47.241986394295701 ], [ -0.062908344274858, 47.242027436994903 ], [ -0.062930643395483, 47.242042659115803 ], [ -0.063060221748167, 47.242129643551102 ], [ -0.063063088033275, 47.242131189483203 ], [ -0.063432678285628, 47.242341699941498 ], [ -0.063689469422636, 47.242474106775497 ], [ -0.06379553081977, 47.242545360080797 ], [ -0.062658690548731, 47.2428769078088 ], [ -0.062609153456526, 47.242892136396797 ], [ -0.062368119975268, 47.242966616685898 ], [ -0.061879201352677, 47.243134676415401 ], [ -0.061466696380827, 47.243285579706097 ], [ -0.061427592915038, 47.2433028295412 ], [ -0.061203276263767, 47.243392136603703 ], [ -0.06048610644736, 47.2436990621513 ], [ -0.06048695283107, 47.243699985784197 ], [ -0.060323490734207, 47.243777683613096 ], [ -0.059985704972201, 47.243916607892402 ], [ -0.059490629161139, 47.244088333282598 ], [ -0.05934447094975, 47.244128409225503 ], [ -0.059254674854079, 47.244140644832903 ], [ -0.059198247871345, 47.244125512030898 ], [ -0.059168039772552, 47.244096848790903 ], [ -0.059107056834324, 47.244015617390801 ], [ -0.05906327015091, 47.243957581641403 ], [ -0.05896473434327, 47.243816257900399 ], [ -0.059708077215658, 47.2435924381696 ], [ -0.059621355999365, 47.2434913451727 ], [ -0.059485750396834, 47.243333297072702 ], [ -0.05937578152659, 47.243360660527799 ], [ -0.059317179805373, 47.243251527426899 ], [ -0.059220439283047, 47.243274217043997 ], [ -0.058706177578809, 47.243394686873501 ], [ -0.058573021026379, 47.243147110164898 ], [ -0.058528922458779, 47.243069622233897 ], [ -0.058465831327718, 47.242972229302701 ], [ -0.058396273897252, 47.242865817434001 ], [ -0.058166507178038, 47.242580382789299 ], [ -0.058144182002143, 47.242536780977503 ] ] ], [ [ [ -0.059187907426233, 47.244215788509102 ], [ -0.059188537138761, 47.244191987170801 ], [ -0.059204009777535, 47.244177929568501 ], [ -0.059224691197249, 47.244171707756699 ], [ -0.059315390598845, 47.244168367598803 ], [ -0.059394801503969, 47.244161946851399 ], [ -0.059637318970378, 47.244078514580401 ], [ -0.059805856725141, 47.244013251838602 ], [ -0.059936609148642, 47.2439675007275 ], [ -0.060045375981433, 47.243925978757296 ], [ -0.060603304298185, 47.2436801557389 ], [ -0.061173096696828, 47.243440638394297 ], [ -0.061271550128092, 47.243399252485297 ], [ -0.061372335065479, 47.243356994056697 ], [ -0.061473000255323, 47.243319603761698 ], [ -0.061655472903142, 47.2432551863469 ], [ -0.061816160048983, 47.243198506646401 ], [ -0.062200068041919, 47.243061196042099 ], [ -0.062465642218908, 47.242971607580401 ], [ -0.063212525459788, 47.242747671060201 ], [ -0.063385886689073, 47.2426975462729 ], [ -0.06366466909005, 47.242616930532897 ], [ -0.06380582205146, 47.242579684066101 ], [ -0.063945816719429, 47.242543008608102 ], [ -0.064062199141176, 47.2425168225448 ], [ -0.064194790821583, 47.242489532082402 ], [ -0.064332310847433, 47.242472111576603 ], [ -0.064582865394643, 47.242439404104601 ], [ -0.064732966359287, 47.242419893599198 ], [ -0.06490491691304, 47.242400751042602 ], [ -0.065022845250713, 47.2423877669193 ], [ -0.065200081978111, 47.242363889321901 ], [ -0.065724642460197, 47.242278254210802 ], [ -0.065785543526088, 47.242267453561503 ], [ -0.065942199685283, 47.2422515520011 ], [ -0.066087590672407, 47.242246894686701 ], [ -0.066273056775571, 47.2422490150568 ], [ -0.066500725778563, 47.242260424298898 ], [ -0.067055445359888, 47.242327775588002 ], [ -0.06704490183797, 47.242984569788099 ], [ -0.066976837722323, 47.243036778653497 ], [ -0.0669556386596, 47.243054772852901 ], [ -0.066399369435773, 47.243009084469001 ], [ -0.066389056323029, 47.243085711993302 ], [ -0.065869878044683, 47.243091879791102 ], [ -0.065802523658761, 47.243093931870099 ], [ -0.065260137140253, 47.243110711303103 ], [ -0.065187584723751, 47.243112089661402 ], [ -0.065169751534399, 47.243112561320203 ], [ -0.065038920936508, 47.243115075506601 ], [ -0.065069908891944, 47.243185204921403 ], [ -0.065055361479212, 47.243201536285198 ], [ -0.064998980038754, 47.243215054944102 ], [ -0.064832182533799, 47.243255008125402 ], [ -0.064745044421676, 47.243146767266197 ], [ -0.064654863074209, 47.243075635416403 ], [ -0.064527883515471, 47.243124805924701 ], [ -0.064418779326562, 47.243167287153199 ], [ -0.064207542173446, 47.2432492270108 ], [ -0.064088730127164, 47.243295478248598 ], [ -0.063924474450359, 47.2433591476752 ], [ -0.063821898491019, 47.243223745585297 ], [ -0.063754074024081, 47.243245404309697 ], [ -0.06358258149643, 47.243286560909702 ], [ -0.063129140039945, 47.243394631586199 ], [ -0.062975256862, 47.243431402753799 ], [ -0.062782412849348, 47.243480960596997 ], [ -0.062526818100519, 47.243550690605197 ], [ -0.062467099650104, 47.243568350406399 ], [ -0.062179837992526, 47.243653511600897 ], [ -0.062069865620007, 47.243687769892396 ], [ -0.062023070949632, 47.2437023851801 ], [ -0.061848366009776, 47.2437568677909 ], [ -0.061838223681347, 47.243759973696797 ], [ -0.061691363490319, 47.2438085850779 ], [ -0.061642656297839, 47.243824466996202 ], [ -0.061533760233048, 47.243863696527796 ], [ -0.061264616761288, 47.243960404256399 ], [ -0.060938299682877, 47.244077676191502 ], [ -0.060930635997067, 47.244068553900497 ], [ -0.060853160572424, 47.243976542268101 ], [ -0.059949035517607, 47.244311240319703 ], [ -0.059427266736158, 47.244467318079103 ], [ -0.059317360976624, 47.244384270007203 ], [ -0.059280550662837, 47.244351186298601 ], [ -0.059261718496155, 47.244334115150103 ], [ -0.059237743563679, 47.244303395425703 ], [ -0.059202358761584, 47.244253516651902 ], [ -0.059187907426233, 47.244215788509102 ] ] ], [ [ [ -0.04150815348233, 47.244250559090602 ], [ -0.0417506091983, 47.243983242024001 ], [ -0.041894216793861, 47.243792710347002 ], [ -0.041924905243548, 47.243773931336698 ], [ -0.042050396500789, 47.243775232211902 ], [ -0.042818968013464, 47.2438977631532 ], [ -0.043059278814485, 47.243936184713398 ], [ -0.043354171871901, 47.243964253296902 ], [ -0.043690365954612, 47.243999750267697 ], [ -0.044717731261266, 47.2441154719899 ], [ -0.044937899194992, 47.2441415806368 ], [ -0.045045391971188, 47.244154432607303 ], [ -0.045192989298367, 47.244174609379897 ], [ -0.04544097810605, 47.244215391986302 ], [ -0.045473982375088, 47.244237498436298 ], [ -0.045441302101993, 47.244319170624401 ], [ -0.045215255751832, 47.244665661813798 ], [ -0.045182544313523, 47.244704765780902 ], [ -0.045044573396142, 47.244868531134102 ], [ -0.044980620542099, 47.244944673227899 ], [ -0.044915905464648, 47.245021375862699 ], [ -0.044651359222991, 47.245381985683899 ], [ -0.044595148027525, 47.245454680800499 ], [ -0.044565723754361, 47.2454677514407 ], [ -0.044493571588019, 47.245469241376803 ], [ -0.044310905365503, 47.245453633560103 ], [ -0.04398553008032, 47.245455152477099 ], [ -0.044007612256343, 47.245424571566602 ], [ -0.0438513989142, 47.245448539789599 ], [ -0.043612783363819, 47.2455312951667 ], [ -0.043580280527831, 47.245447956911903 ], [ -0.043535151022436, 47.245429006273199 ], [ -0.04339975505589, 47.2453720193121 ], [ -0.043249725326905, 47.2453089297641 ], [ -0.043123437527133, 47.2452515681926 ], [ -0.043102660162468, 47.245242113428802 ], [ -0.042940164999945, 47.245197189184303 ], [ -0.0425548015763, 47.245071491377303 ], [ -0.042553170494252, 47.245070723360797 ], [ -0.042636705759207, 47.244702437994697 ], [ -0.042398726104017, 47.244621115135899 ], [ -0.04150815348233, 47.244250559090602 ] ] ], [ [ [ -0.041877015687543, 47.243018948591001 ], [ -0.041959199502979, 47.242872192352998 ], [ -0.042046007753392, 47.2427791001233 ], [ -0.04223684465986, 47.242574624991398 ], [ -0.04224132521789, 47.242569642356003 ], [ -0.043276561511574, 47.241352964322402 ], [ -0.044495517794765, 47.241832181124401 ], [ -0.0452274809958, 47.242135528160198 ], [ -0.04552944802309, 47.242260570520997 ], [ -0.046043055674353, 47.241701107920697 ], [ -0.046256494598732, 47.241965777148003 ], [ -0.046544058186097, 47.242270796181103 ], [ -0.046549996336309, 47.242277532204497 ], [ -0.046628502228946, 47.242360201017704 ], [ -0.04681303309855, 47.242555897152897 ], [ -0.046965615676314, 47.242706080060799 ], [ -0.047119384959326, 47.242842177050299 ], [ -0.047301991297364, 47.243003867854 ], [ -0.04733144422602, 47.243026337444803 ], [ -0.047382468587468, 47.243065267420299 ], [ -0.047916207829824, 47.243434893400902 ], [ -0.047924832955532, 47.243426017624699 ], [ -0.048163588792795, 47.243618934270302 ], [ -0.048405153670623, 47.2437913704671 ], [ -0.048537739430761, 47.243882751070203 ], [ -0.048652668858695, 47.243949730271297 ], [ -0.048925308129275, 47.244089184759098 ], [ -0.049083833684596, 47.244162043907501 ], [ -0.049583155117414, 47.2443583729466 ], [ -0.049919701848652, 47.244490873125699 ], [ -0.050213435648822, 47.244603282187498 ], [ -0.05029303600839, 47.244642134574498 ], [ -0.050361455627366, 47.244679794644497 ], [ -0.050626320649985, 47.244842964251703 ], [ -0.050584136197122, 47.244896914288297 ], [ -0.050333357684141, 47.245212714730101 ], [ -0.049866674122216, 47.245039179300903 ], [ -0.049535219888458, 47.245451158075703 ], [ -0.049259232251695, 47.245364767737399 ], [ -0.048894515745404, 47.245274494529099 ], [ -0.048690433514282, 47.245231212781803 ], [ -0.048612621120091, 47.245209880438601 ], [ -0.048533803550652, 47.245191817836499 ], [ -0.048444377468757, 47.245175655892297 ], [ -0.048331904147438, 47.245159018950297 ], [ -0.048001656465475, 47.2451095945544 ], [ -0.047872948356624, 47.245086627150002 ], [ -0.047790809288615, 47.245072975870002 ], [ -0.047634264614826, 47.245035064029601 ], [ -0.047349237441073, 47.2449571504863 ], [ -0.047292698188731, 47.244939987819102 ], [ -0.047179794233527, 47.244901738766799 ], [ -0.046946864059002, 47.244804616091301 ], [ -0.04678927746521, 47.244734297034299 ], [ -0.046633778461391, 47.244658787590701 ], [ -0.046437971767969, 47.244551363418402 ], [ -0.046690641940121, 47.244184574479199 ], [ -0.046554135221872, 47.244100997865601 ], [ -0.046508508624324, 47.244073277369097 ], [ -0.046308432140003, 47.244058535874501 ], [ -0.04625610054053, 47.2440385593397 ], [ -0.046182215632481, 47.244016446496303 ], [ -0.046156195178486, 47.244047536816602 ], [ -0.046017551017311, 47.244213348281001 ], [ -0.045417628824804, 47.244062487039599 ], [ -0.045373535984125, 47.244124863873402 ], [ -0.045345408584379, 47.244139792618 ], [ -0.045260985526369, 47.244127821285304 ], [ -0.045137784582677, 47.244110922640402 ], [ -0.043637357619489, 47.243932761832703 ], [ -0.04332965197059, 47.243895705800902 ], [ -0.042944215955372, 47.2438456894034 ], [ -0.042989295797758, 47.2437376105269 ], [ -0.043088498119995, 47.243498917255501 ], [ -0.043097526013133, 47.243476111925197 ], [ -0.043131794531485, 47.243394398746602 ], [ -0.042771708266127, 47.243329391457003 ], [ -0.042357723575115, 47.2432447162386 ], [ -0.042128847049988, 47.243197884806101 ], [ -0.041965422857919, 47.243164470573802 ], [ -0.041960446641873, 47.243167709393703 ], [ -0.041877015687543, 47.243018948591001 ] ] ], [ [ [ -0.052460741686812, 47.2433954249057 ], [ -0.052540922622661, 47.243318715740102 ], [ -0.052566148666127, 47.2432946720782 ], [ -0.052660591489048, 47.243203532602998 ], [ -0.052728255841386, 47.243144045484001 ], [ -0.052831756119133, 47.243065640715301 ], [ -0.052873562717651, 47.2430330518105 ], [ -0.052912753890087, 47.242996342443298 ], [ -0.052951104153526, 47.242951817087601 ], [ -0.052980789540768, 47.242908465957697 ], [ -0.053039662740667, 47.242792045954801 ], [ -0.053114055471402, 47.242662378747497 ], [ -0.053171538448978, 47.242584375071097 ], [ -0.053194199838767, 47.242550128165099 ], [ -0.053463546576398, 47.2421495037444 ], [ -0.053508431619783, 47.242073318325197 ], [ -0.05360253511547, 47.241913400526599 ], [ -0.053665716098728, 47.241809975188701 ], [ -0.053686438500149, 47.2417905095324 ], [ -0.053716947734758, 47.241775651036001 ], [ -0.053753464948919, 47.241768742631002 ], [ -0.05378918430337, 47.241768747389003 ], [ -0.053972086110158, 47.241788658318598 ], [ -0.054256720883986, 47.241810888055603 ], [ -0.054538252140181, 47.241827387868803 ], [ -0.054895839754828, 47.241841341606303 ], [ -0.055068743032108, 47.241859892702003 ], [ -0.055190824683717, 47.241885053822003 ], [ -0.055323463021086, 47.241914396131598 ], [ -0.055301010361453, 47.241952286790301 ], [ -0.055033373347347, 47.242403683563701 ], [ -0.055018155785198, 47.242429220801498 ], [ -0.055247733187342, 47.242495198455501 ], [ -0.055261214666057, 47.242474031442804 ], [ -0.055282320200717, 47.242440365669097 ], [ -0.055326755513651, 47.2423702726621 ], [ -0.055330030631708, 47.242365050987502 ], [ -0.055478448335734, 47.242134372643498 ], [ -0.055515647799038, 47.242076632943402 ], [ -0.055571431501641, 47.241989753492298 ], [ -0.055757037560049, 47.242043240282101 ], [ -0.055734188864792, 47.2420811414718 ], [ -0.055526278816008, 47.242424203773197 ], [ -0.055724186670578, 47.2424776365838 ], [ -0.055930143486896, 47.242533019069697 ], [ -0.055936187585891, 47.242534616518 ], [ -0.05589307990425, 47.242607107289203 ], [ -0.055865728747541, 47.242649586844998 ], [ -0.055983530080774, 47.2426762114466 ], [ -0.056062735084204, 47.242694123614797 ], [ -0.056358485537635, 47.242220765870499 ], [ -0.056524178987689, 47.242273019790098 ], [ -0.056602378885141, 47.242294201459003 ], [ -0.056754079241737, 47.242323715119703 ], [ -0.056746905542805, 47.242337148089398 ], [ -0.056570836920677, 47.242667750457699 ], [ -0.05707505266249, 47.242796348438503 ], [ -0.057264334252662, 47.242844600621702 ], [ -0.057243843008397, 47.2428681150461 ], [ -0.057167664710867, 47.242987156160503 ], [ -0.057137755219542, 47.243033487448301 ], [ -0.057102967339, 47.243077785166001 ], [ -0.057041947957919, 47.243142370161301 ], [ -0.056990638328258, 47.243189265895303 ], [ -0.05692575758211, 47.243241790043001 ], [ -0.056880521968336, 47.243269876141198 ], [ -0.056852809856095, 47.2432850671049 ], [ -0.056843963661456, 47.2432900303466 ], [ -0.056699371205883, 47.243357630298703 ], [ -0.05664415888952, 47.243384763169999 ], [ -0.056602343873808, 47.243410191268602 ], [ -0.05655710302445, 47.243445169523902 ], [ -0.056520810877451, 47.243483965960898 ], [ -0.056473300099274, 47.243541842754198 ], [ -0.056389913972863, 47.243652829789902 ], [ -0.056351901954185, 47.243738159774402 ], [ -0.056339531007814, 47.243792812406099 ], [ -0.05632376438622, 47.243836608222402 ], [ -0.056270476060612, 47.243953423284303 ], [ -0.056202253939109, 47.244100768394702 ], [ -0.056184160312321, 47.244138544234602 ], [ -0.056144641424838, 47.244211345811799 ], [ -0.056072178983062, 47.2443329908469 ], [ -0.055987428441766, 47.244468879280703 ], [ -0.055955216004033, 47.244516622314499 ], [ -0.055906177517325, 47.244589539655898 ], [ -0.055834163748122, 47.244691171918603 ], [ -0.055768199080947, 47.244787509306697 ], [ -0.055736671463482, 47.244833342245002 ], [ -0.055694883417955, 47.244894175973201 ], [ -0.055613416383422, 47.245011057862101 ], [ -0.055549544934433, 47.245102339720198 ], [ -0.05553926145918, 47.245116935690703 ], [ -0.055480216982212, 47.245195387068698 ], [ -0.055405135907941, 47.245291964538097 ], [ -0.055338213426871, 47.245378461641103 ], [ -0.05529119573796, 47.245438081651301 ], [ -0.055179783675502, 47.245579807501798 ], [ -0.055127823228025, 47.245650233793299 ], [ -0.054967484427295, 47.245866900450601 ], [ -0.054865191043546, 47.246001493429098 ], [ -0.054544370312575, 47.246390503421203 ], [ -0.054412480958662, 47.246549119989297 ], [ -0.054271229711364, 47.246724605301999 ], [ -0.05413008489922, 47.246901979560697 ], [ -0.054069356668245, 47.246971825471 ], [ -0.054032186588864, 47.246974291454102 ], [ -0.053811557021761, 47.246870506384901 ], [ -0.053691260465185, 47.246814079225402 ], [ -0.053572603118618, 47.246758554738797 ], [ -0.053450264121024, 47.246701100031402 ], [ -0.05321351260116, 47.246606928123001 ], [ -0.05331392864112, 47.246495089737202 ], [ -0.053314225300045, 47.246493325103003 ], [ -0.053228575557688, 47.246452877232002 ], [ -0.05313261396457, 47.2464125658027 ], [ -0.053004533020776, 47.246365802821302 ], [ -0.052897555433755, 47.2464809219872 ], [ -0.052887402139825, 47.246476864954097 ], [ -0.052816945470207, 47.246445341245597 ], [ -0.052741625737625, 47.246412053627402 ], [ -0.052675766358133, 47.246384598083601 ], [ -0.052531529752319, 47.246318935107901 ], [ -0.052322861026154, 47.246229967971601 ], [ -0.05221659405227, 47.246182899935903 ], [ -0.052106599476328, 47.246133092032402 ], [ -0.05206180906748, 47.2461131897144 ], [ -0.05202687299159, 47.246092081904301 ], [ -0.051953705631505, 47.246040763515701 ], [ -0.051818383906207, 47.245936350080399 ], [ -0.051728928873757, 47.245856810788503 ], [ -0.051632185085023, 47.245767733276303 ], [ -0.051577988027263, 47.245714969195703 ], [ -0.051507781083341, 47.245645869275997 ], [ -0.051447566444041, 47.245577992772702 ], [ -0.051352561485787, 47.245463598110597 ], [ -0.051269015799232, 47.2453622805319 ], [ -0.051249506055831, 47.245340225811098 ], [ -0.051088850701737, 47.2451460699777 ], [ -0.050967209823635, 47.245002915740599 ], [ -0.050958867962788, 47.244988810513398 ], [ -0.050953909049675, 47.244971372874701 ], [ -0.050956776746832, 47.2449519723855 ], [ -0.050967133998899, 47.244924671764302 ], [ -0.05098246909392, 47.244901159156498 ], [ -0.051016365360003, 47.2448620222576 ], [ -0.051118249451255, 47.2447620393921 ], [ -0.05112611228754, 47.244753724001697 ], [ -0.051134356108172, 47.244745128301098 ], [ -0.051302391222549, 47.244586915252803 ], [ -0.051541812534139, 47.244371820407203 ], [ -0.051625113040449, 47.2442940838596 ], [ -0.051694102509353, 47.244222940510397 ], [ -0.052091629574214, 47.243779754203501 ], [ -0.052290882194751, 47.243570310164998 ], [ -0.052460741686812, 47.2433954249057 ] ] ], [ [ [ -0.060482477556932, 47.245092051213298 ], [ -0.06060338139023, 47.245054532782198 ], [ -0.060734808623313, 47.2450136280764 ], [ -0.061400488970179, 47.2447849566529 ], [ -0.061454195353767, 47.2447662400007 ], [ -0.0615141272949, 47.244745331760498 ], [ -0.061586114062393, 47.244720050824903 ], [ -0.061721537795086, 47.244672687772898 ], [ -0.062147691233215, 47.244545208056898 ], [ -0.062227414797183, 47.244523371084902 ], [ -0.062308892660071, 47.244504460796399 ], [ -0.062317869255781, 47.244501791077198 ], [ -0.062507855127002, 47.244443795799803 ], [ -0.062556366239798, 47.244431432368103 ], [ -0.06268750536418, 47.244399452255998 ], [ -0.062806512741076, 47.244370495413698 ], [ -0.062841414578835, 47.244363086296701 ], [ -0.063414401808063, 47.244249289504999 ], [ -0.063563535072708, 47.244219670696801 ], [ -0.063706677501093, 47.244189399216303 ], [ -0.063459236776347, 47.243733758778902 ], [ -0.064076883084095, 47.243561072860999 ], [ -0.064292341679624, 47.2438455235269 ], [ -0.064433968474765, 47.244032327301198 ], [ -0.064455152984286, 47.244055822210498 ], [ -0.064510576776973, 47.2441159809025 ], [ -0.064573741650819, 47.244228369502899 ], [ -0.065435014019389, 47.243991799191697 ], [ -0.065503298019561, 47.2441104035574 ], [ -0.065612929000164, 47.244271970120103 ], [ -0.065481641912275, 47.2443082820174 ], [ -0.064724173362245, 47.2444999436782 ], [ -0.064775561604928, 47.244607643383297 ], [ -0.064796327058317, 47.244644663394702 ], [ -0.064806503948593, 47.2446630437016 ], [ -0.064705984825678, 47.244689081177903 ], [ -0.0645910215591, 47.244726311765497 ], [ -0.064420671338239, 47.2447875752393 ], [ -0.064380232628623, 47.244802293687101 ], [ -0.064344711775142, 47.244764042059202 ], [ -0.06405130653134, 47.244811125372799 ], [ -0.063868951416029, 47.2448428392956 ], [ -0.063660301408628, 47.244872815485103 ], [ -0.063541224154481, 47.244900558761501 ], [ -0.063322038177698, 47.244954597588702 ], [ -0.06318900475517, 47.244995142313797 ], [ -0.063404109373205, 47.245182843139901 ], [ -0.063494942353148, 47.245272337858502 ], [ -0.063728800914427, 47.2455383294093 ], [ -0.063753410047352, 47.2455661935536 ], [ -0.063810427551778, 47.245626445575802 ], [ -0.063705319729945, 47.245815718184403 ], [ -0.06359925023597, 47.245814062366499 ], [ -0.063595294794764, 47.245814302062698 ], [ -0.06347845158398, 47.2458186068259 ], [ -0.06344762374793, 47.245820908220203 ], [ -0.063301430241481, 47.245825583167402 ], [ -0.063222535364089, 47.245875913593999 ], [ -0.063177346969036, 47.245904811743301 ], [ -0.063080578767793, 47.2459688582287 ], [ -0.063051397116924, 47.245986116614098 ], [ -0.063007443625134, 47.2460157928979 ], [ -0.062918513156116, 47.246071118240998 ], [ -0.062793424365027, 47.246153616315297 ], [ -0.062695317798271, 47.2460897197045 ], [ -0.062610589144389, 47.246044659468197 ], [ -0.062173287375461, 47.245844313854299 ], [ -0.062060217927557, 47.245789461061698 ], [ -0.061850920485992, 47.245689716059303 ], [ -0.061700667514346, 47.245637061516703 ], [ -0.061615158013455, 47.245613103134602 ], [ -0.06128144236195, 47.245530968643202 ], [ -0.061207114484323, 47.245508201167702 ], [ -0.061108162562363, 47.2454712185652 ], [ -0.060979723399445, 47.245418257250499 ], [ -0.060881884936987, 47.245365974179897 ], [ -0.060812722630745, 47.245322393543297 ], [ -0.060552473609423, 47.245143313025899 ], [ -0.060482477556932, 47.245092051213298 ] ] ], [ [ [ -0.05579321804615, 47.244822661794402 ], [ -0.055837708368199, 47.244753513223102 ], [ -0.0558728766774, 47.244701908369599 ], [ -0.055922053417475, 47.2446314199276 ], [ -0.055944016046489, 47.244605839885899 ], [ -0.056028061384098, 47.244478483928297 ], [ -0.05612595582683, 47.244315491100302 ], [ -0.056158615310491, 47.244261654909202 ], [ -0.056198906504263, 47.244195454834802 ], [ -0.05621672164001, 47.244166740733696 ], [ -0.056236242031389, 47.2441331166117 ], [ -0.056241322194886, 47.244124739089699 ], [ -0.056297458882457, 47.244002173049999 ], [ -0.056356977853734, 47.243876274407199 ], [ -0.056405742744222, 47.2437497133484 ], [ -0.056425922280209, 47.243706747119496 ], [ -0.056441868009708, 47.243673082081301 ], [ -0.056470990795259, 47.243619879603102 ], [ -0.056550150633875, 47.243518328645003 ], [ -0.056562895728838, 47.243505154181499 ], [ -0.056616450600132, 47.243448874762898 ], [ -0.056649935727016, 47.243423531217402 ], [ -0.056678317773566, 47.243406160391999 ], [ -0.056724609900642, 47.243389668581301 ], [ -0.056768577940786, 47.243374184032803 ], [ -0.056829272046654, 47.243352717545797 ], [ -0.056898270183668, 47.243323734414801 ], [ -0.056960870983224, 47.243286946705403 ], [ -0.057008519911402, 47.243252445321602 ], [ -0.057129296043045, 47.243128984544398 ], [ -0.057197749956777, 47.2430555543976 ], [ -0.057230236737389, 47.243012668754901 ], [ -0.057287442623651, 47.242922912998203 ], [ -0.057318152186074, 47.242876695698698 ], [ -0.057322265782124, 47.2428722626873 ], [ -0.057372083726196, 47.2428131083621 ], [ -0.057636755724194, 47.2425331420866 ], [ -0.057661061824519, 47.242520878727198 ], [ -0.057687748551065, 47.242515579854 ], [ -0.057728735325438, 47.2425174715423 ], [ -0.057873108854345, 47.242536771268703 ], [ -0.057889533330707, 47.242539446128497 ], [ -0.058051339020729, 47.242565177837697 ], [ -0.058075188493725, 47.242572792084403 ], [ -0.058086737610833, 47.242580460620403 ], [ -0.058103661163172, 47.242591906410297 ], [ -0.058165570556077, 47.242654599612699 ], [ -0.058222361982034, 47.242724995704897 ], [ -0.058329051758516, 47.242856239603299 ], [ -0.058355337161597, 47.242892709569603 ], [ -0.058411715741104, 47.242976765655797 ], [ -0.058442673625746, 47.243032572521301 ], [ -0.058494688573063, 47.243123635889702 ], [ -0.058598087665016, 47.243308617157602 ], [ -0.058752991809671, 47.243582647948401 ], [ -0.058894970270072, 47.243817828975899 ], [ -0.058967045962099, 47.243926606623901 ], [ -0.059050580881341, 47.244027513900299 ], [ -0.05910045345908, 47.244094848845002 ], [ -0.059112574487189, 47.244119529885502 ], [ -0.059123432900118, 47.244149920150399 ], [ -0.059130465043451, 47.244196763403103 ], [ -0.059144040822714, 47.2442539748847 ], [ -0.059160608814251, 47.244287052386397 ], [ -0.059176700625011, 47.244311763748598 ], [ -0.059201802990484, 47.244341372601497 ], [ -0.059269767767175, 47.244405797384999 ], [ -0.059339503725758, 47.244459499283103 ], [ -0.059497554888255, 47.244579521118901 ], [ -0.058545397591434, 47.245486308406299 ], [ -0.05786042150355, 47.246136568953297 ], [ -0.057782024069434, 47.246223640544699 ], [ -0.057688589905159, 47.246165022190901 ], [ -0.057475981793485, 47.2460418424265 ], [ -0.057365368525948, 47.245981244491702 ], [ -0.057255916589871, 47.2459271025525 ], [ -0.057362396200186, 47.245831317254101 ], [ -0.057199296664432, 47.245720209877497 ], [ -0.056842033072038, 47.245475164274403 ], [ -0.056860211111527, 47.245438872667499 ], [ -0.056865181061538, 47.245421578776003 ], [ -0.05686554876945, 47.245407109074499 ], [ -0.056854816966544, 47.2453859048357 ], [ -0.056801888525546, 47.245334596145803 ], [ -0.056718559377797, 47.2452861163354 ], [ -0.056547317392028, 47.245199277803898 ], [ -0.055823118147763, 47.2448668751097 ], [ -0.055810379939019, 47.244859237703103 ], [ -0.05579464243498, 47.244840733021803 ], [ -0.05579321804615, 47.244822661794402 ] ] ], [ [ [ -0.046346251872164, 47.246042201041298 ], [ -0.046157561217364, 47.245983374648098 ], [ -0.046143010787813, 47.245978756910503 ], [ -0.046036683040176, 47.245902494833601 ], [ -0.046013205797969, 47.245887435673097 ], [ -0.045951436030809, 47.245862031162197 ], [ -0.045882610446612, 47.245845190696002 ], [ -0.045803192755923, 47.245837547751997 ], [ -0.04570722021144, 47.245824934219399 ], [ -0.045597544853559, 47.245815653758299 ], [ -0.045494072964257, 47.245803777676102 ], [ -0.045459850787573, 47.245795217166801 ], [ -0.045386481160775, 47.245768225217297 ], [ -0.045297713883668, 47.2457286644172 ], [ -0.045235464216243, 47.245701785612702 ], [ -0.045158633766797, 47.245669749158701 ], [ -0.045026688874555, 47.245617673525899 ], [ -0.044950423178098, 47.245588595168698 ], [ -0.044776322845638, 47.245528031880703 ], [ -0.044623031198006, 47.2454774625784 ], [ -0.044626426284137, 47.245453318576999 ], [ -0.044643478321036, 47.2454250319065 ], [ -0.04482062884287, 47.245189154498199 ], [ -0.044948221957024, 47.245031337981899 ], [ -0.045137480846397, 47.2447990609068 ], [ -0.045176524413513, 47.244752628188699 ], [ -0.04524834686908, 47.244661278707703 ], [ -0.045333767112121, 47.2445367329763 ], [ -0.045391107878173, 47.244441980002598 ], [ -0.045420143907191, 47.244394053335597 ], [ -0.045508410014187, 47.244249702288897 ], [ -0.04598433929181, 47.244418687302698 ], [ -0.046698606583632, 47.244773168307098 ], [ -0.046861611457396, 47.244841047670498 ], [ -0.047015737270783, 47.244906322318499 ], [ -0.047181928732376, 47.2449743877511 ], [ -0.046346251872164, 47.246042201041298 ] ] ] ] } },
{ "type": "Feature", "properties": { "Name": null, "id": "" }, "geometry": { "type": "MultiPolygon", "coordinates": [ [ [ [ -0.02618182984457, 47.203779636680999 ], [ -0.026193601258579, 47.203763292421101 ], [ -0.026288787444959, 47.203634133452702 ], [ -0.026461219895481, 47.203656114832199 ], [ -0.026816117100614, 47.203702157056597 ], [ -0.027983223688419, 47.203860663519897 ], [ -0.027914517050691, 47.204032736967903 ], [ -0.027888020486297, 47.204099828767902 ], [ -0.027858359811229, 47.204174120683803 ], [ -0.027837505866095, 47.204226379671603 ], [ -0.027795005488506, 47.204333260783898 ], [ -0.02786443267509, 47.204347752558903 ], [ -0.027856685957756, 47.204376875159603 ], [ -0.027834781959308, 47.204422224384103 ], [ -0.027800547854098, 47.204462715585997 ], [ -0.02774490900538, 47.204528542137801 ], [ -0.027735825724313, 47.2045764301361 ], [ -0.027720248902522, 47.204658561310502 ], [ -0.027705630276061, 47.204739397108099 ], [ -0.027690564605963, 47.204821686085502 ], [ -0.02821881399802, 47.204870579727 ], [ -0.028207501317306, 47.204913850199901 ], [ -0.028195772020615, 47.204959113624199 ], [ -0.028186933249778, 47.204992319011303 ], [ -0.028173791725144, 47.205043024976 ], [ -0.028158790989871, 47.205100626667402 ], [ -0.028150536234577, 47.205132465373602 ], [ -0.028143470174272, 47.205159588128602 ], [ -0.028129790088236, 47.205212470411901 ], [ -0.02809877759808, 47.205330853478799 ], [ -0.027916248199473, 47.205326886823102 ], [ -0.027409363528725, 47.205284190229001 ], [ -0.026515880399565, 47.205196097511603 ], [ -0.026497702476512, 47.205115037886401 ], [ -0.026471861245885, 47.2050152588739 ], [ -0.026458745187678, 47.204965419519297 ], [ -0.026403546885093, 47.204752709588902 ], [ -0.026388340697263, 47.204693915487802 ], [ -0.026378938019783, 47.204663078919701 ], [ -0.026375903705813, 47.204592705039303 ], [ -0.026371965724648, 47.204492173423802 ], [ -0.026361712433758, 47.2044180240702 ], [ -0.026342938785656, 47.204349863359099 ], [ -0.026334519244696, 47.204270710933798 ], [ -0.026308322302557, 47.204117605763102 ], [ -0.026245781247384, 47.2039505848714 ], [ -0.02618182984457, 47.203779636680999 ] ] ], [ [ [ -0.025600887058209, 47.204866568729699 ], [ -0.025590476178134, 47.204606290215999 ], [ -0.025591566551448, 47.2044752657199 ], [ -0.025591473755169, 47.204290306091998 ], [ -0.025799778396496, 47.2042801789351 ], [ -0.025760547822307, 47.204139757035399 ], [ -0.025722727445093, 47.204146601252504 ], [ -0.025655343214928, 47.203987454674497 ], [ -0.025592567361133, 47.203811520350001 ], [ -0.025633479271505, 47.203805586427798 ], [ -0.025717424392571, 47.203798528168903 ], [ -0.02582529421724, 47.2037820155766 ], [ -0.026073296984829, 47.203756165379801 ], [ -0.026111780921976, 47.203843361407898 ], [ -0.026139722456129, 47.2039452478774 ], [ -0.026202204060707, 47.204101819515799 ], [ -0.026286869255101, 47.204368356250001 ], [ -0.026289533775438, 47.204462704689703 ], [ -0.026291752876927, 47.204549136531497 ], [ -0.026270440105534, 47.204602668485997 ], [ -0.026231608794233, 47.204699632843997 ], [ -0.02610985520461, 47.204897056031498 ], [ -0.026055613514169, 47.204969196782898 ], [ -0.025753766211558, 47.205307005968201 ], [ -0.02568112010886, 47.205399808299802 ], [ -0.025653116807129, 47.2051370163651 ], [ -0.025606472986177, 47.204888315522403 ], [ -0.025600887058209, 47.204866568729699 ] ] ], [ [ [ -0.024258333130296, 47.207388304509202 ], [ -0.024348145400163, 47.207224511881599 ], [ -0.024475261223972, 47.206858926787099 ], [ -0.024492448658014, 47.206781357977 ], [ -0.024544558431657, 47.206675939220297 ], [ -0.024632544531972, 47.206569042919398 ], [ -0.024908835522211, 47.206340737580902 ], [ -0.024978390990876, 47.206305766465199 ], [ -0.025175774650937, 47.206150695228203 ], [ -0.025332985022071, 47.206000637167399 ], [ -0.025471315699267, 47.205832242534697 ], [ -0.025532623022982, 47.205751719030097 ], [ -0.02571080902176, 47.205469305588103 ], [ -0.025718330541402, 47.205457306829103 ], [ -0.025840918949591, 47.205291124808497 ], [ -0.026127702094449, 47.2049510962919 ], [ -0.026307418025987, 47.204684227904501 ], [ -0.026325263326876, 47.2046888969086 ], [ -0.026452839836584, 47.2051799965177 ], [ -0.026462574920246, 47.205710122832699 ], [ -0.026558876657007, 47.206094107458 ], [ -0.026606606505521, 47.206286831483801 ], [ -0.026444327154658, 47.2062833242517 ], [ -0.026367083569218, 47.206270927798997 ], [ -0.026358442865348, 47.2062959293091 ], [ -0.026349700515242, 47.206321474035299 ], [ -0.026341166495452, 47.206346022287804 ], [ -0.026332647653645, 47.206370840423197 ], [ -0.026319040899389, 47.206368673363201 ], [ -0.026240143733419, 47.206564201783301 ], [ -0.026239498056004, 47.206563299701301 ], [ -0.026067210702363, 47.206541476152402 ], [ -0.026011357867907, 47.206627542296097 ], [ -0.026188513789817, 47.206692186288301 ], [ -0.026325575489065, 47.206724462042899 ], [ -0.026334414755915, 47.206726483402598 ], [ -0.026450816394667, 47.2067322708264 ], [ -0.02663733531782, 47.206741270980103 ], [ -0.02667312507312, 47.206742948374099 ], [ -0.026673325384112, 47.206741339474704 ], [ -0.026756464449278, 47.206741491114997 ], [ -0.026925904167927, 47.206745351363899 ], [ -0.027204441824531, 47.206759117014002 ], [ -0.027209846531795, 47.206759777575897 ], [ -0.027304438819438, 47.206844560632099 ], [ -0.027345097608874, 47.206881066840502 ], [ -0.027573774631065, 47.207094106499603 ], [ -0.02759400510944, 47.207112947755199 ], [ -0.027681638492056, 47.207194804213302 ], [ -0.027680093838665, 47.207202592638602 ], [ -0.026165650952098, 47.2075664201301 ], [ -0.026007927992263, 47.207587568834299 ], [ -0.025961207372791, 47.207664197743597 ], [ -0.025227509211208, 47.207545251696203 ], [ -0.024258333130296, 47.207388304509202 ] ] ], [ [ [ -0.026518205771688, 47.205681460795098 ], [ -0.026511959533972, 47.205507022737002 ], [ -0.026520658718472, 47.205222279957802 ], [ -0.026620840488606, 47.205228851380902 ], [ -0.0279717481146, 47.205354626081402 ], [ -0.028092209126667, 47.205357422655098 ], [ -0.028129465604744, 47.205356989073799 ], [ -0.028300748537424, 47.205365483877003 ], [ -0.028482276529897, 47.2053798368865 ], [ -0.028565526722977, 47.205383876313398 ], [ -0.028864187293188, 47.205426428049599 ], [ -0.028493097198613, 47.206187153183102 ], [ -0.028643976271366, 47.205877862312597 ], [ -0.028644535416556, 47.205876757557398 ], [ -0.029089405335222, 47.205947062946898 ], [ -0.029522151136798, 47.206015449487197 ], [ -0.029717531064669, 47.206046835360503 ], [ -0.029714754088608, 47.206053628995299 ], [ -0.029591580634007, 47.206313924452502 ], [ -0.029684077083038, 47.206327181072801 ], [ -0.029773840346918, 47.206118248048497 ], [ -0.029890758695645, 47.2061261807238 ], [ -0.030096203616859, 47.206140265937798 ], [ -0.030159597041316, 47.20615320249 ], [ -0.030602305928678, 47.206243964940299 ], [ -0.030685590946954, 47.206103131288103 ], [ -0.030828989260413, 47.206146948115403 ], [ -0.031737941211206, 47.2064386655398 ], [ -0.031794615983139, 47.206482499062098 ], [ -0.032313354811552, 47.206624960639203 ], [ -0.032472637925796, 47.206664395462099 ], [ -0.032648041762405, 47.206703678224898 ], [ -0.033154271081204, 47.206807092718698 ], [ -0.03355507509419, 47.206811010050401 ], [ -0.034300097862494, 47.206757888055797 ], [ -0.034619106036946, 47.206755475877998 ], [ -0.034715634467151, 47.207540727183599 ], [ -0.034245880141939, 47.207702050343002 ], [ -0.033873934909199, 47.207851259454799 ], [ -0.033607899575799, 47.207953817577597 ], [ -0.033454690884885, 47.208010445256299 ], [ -0.032689310820235, 47.208235092268801 ], [ -0.032483060771952, 47.2082983329245 ], [ -0.032212314707186, 47.208385424830503 ], [ -0.031773192451391, 47.208558008099402 ], [ -0.031724665764511, 47.208501618422801 ], [ -0.031716593234232, 47.208492099617402 ], [ -0.031682354907524, 47.208503897187903 ], [ -0.031609465764586, 47.2085289592018 ], [ -0.031569864542908, 47.208485489510302 ], [ -0.03150099212385, 47.208504410041101 ], [ -0.031527768461839, 47.208604163609202 ], [ -0.031565105366143, 47.208644989773603 ], [ -0.031352514959215, 47.208717764030403 ], [ -0.031110871548458, 47.208777063440202 ], [ -0.030403590453977, 47.208871700747899 ], [ -0.029616209560545, 47.208959689885504 ], [ -0.029367419497688, 47.208704385630803 ], [ -0.029304010297906, 47.208627842942697 ], [ -0.029296369963546, 47.208616600897898 ], [ -0.029231424579987, 47.208522169733698 ], [ -0.02892086987432, 47.208069193069001 ], [ -0.028866326670381, 47.207997463528997 ], [ -0.028778262859828, 47.207922105903798 ], [ -0.028765484336158, 47.207911178384499 ], [ -0.028318416082003, 47.207649254844902 ], [ -0.027767574550042, 47.207183097790903 ], [ -0.027684006391708, 47.207112396813002 ], [ -0.027687504583665, 47.207078250001899 ], [ -0.027878387289729, 47.206723246225998 ], [ -0.027895904784897, 47.206682156043797 ], [ -0.027937472621967, 47.206683141421102 ], [ -0.027983285060917, 47.206684376181997 ], [ -0.028058225951821, 47.2066863809316 ], [ -0.028078621438572, 47.206687018889397 ], [ -0.028091055766233, 47.206687144248598 ], [ -0.028096528549726, 47.206617629101402 ], [ -0.028109599525282, 47.206603232745898 ], [ -0.028119813459856, 47.206578009766702 ], [ -0.02790537846902, 47.206542803885696 ], [ -0.027884584426045, 47.206596142368298 ], [ -0.027832213017734, 47.206553545912399 ], [ -0.027799118573677, 47.206522247722802 ], [ -0.027749108317356, 47.206408866049998 ], [ -0.027741223505279, 47.206407360406899 ], [ -0.027708282755962, 47.206437501989598 ], [ -0.027673850992464, 47.206490476212799 ], [ -0.027627183742445, 47.206537463736403 ], [ -0.027594852718186, 47.206529119392201 ], [ -0.027525812521578, 47.206488670334998 ], [ -0.027447446832788, 47.206472790273899 ], [ -0.027417114871561, 47.206474123728597 ], [ -0.02740011806006, 47.2064610539976 ], [ -0.02740692358999, 47.206448082814397 ], [ -0.027395034319634, 47.206436501253897 ], [ -0.027332160921705, 47.206411657256901 ], [ -0.027298722587238, 47.206407125706697 ], [ -0.027261548188948, 47.206397286191297 ], [ -0.027179181884159, 47.206413673922299 ], [ -0.027125377473953, 47.2064160712982 ], [ -0.027095841559999, 47.2064245012523 ], [ -0.02708458379069, 47.206433534576902 ], [ -0.027079442950019, 47.206450246157203 ], [ -0.02695639958045, 47.206518824995001 ], [ -0.026956612204021, 47.206519549195399 ], [ -0.026718621068859, 47.206350933684803 ], [ -0.026641233881016, 47.2062232214492 ], [ -0.026618883681949, 47.2061314596749 ], [ -0.026556923856449, 47.205869104843202 ], [ -0.026518205771688, 47.205681460795098 ] ] ], [ [ [ -0.041244017714642, 47.211239118948903 ], [ -0.041553160348405, 47.211152024804598 ], [ -0.041635319557601, 47.211128875348898 ], [ -0.042029769911108, 47.211017754859498 ], [ -0.042356167016169, 47.210925799718503 ], [ -0.042481897325802, 47.210890378522102 ], [ -0.043666923800802, 47.210556509432998 ], [ -0.043826306780351, 47.210511607389599 ], [ -0.043915351409599, 47.2112111905791 ], [ -0.043920175076097, 47.2112099826807 ], [ -0.044444116798917, 47.212251033899697 ], [ -0.044588755903173, 47.212232186300703 ], [ -0.04485125490981, 47.2129358581929 ], [ -0.044323895264156, 47.212694213345699 ], [ -0.043898026707269, 47.212584679798198 ], [ -0.043817254878052, 47.2125639185452 ], [ -0.043293369952088, 47.212591468972597 ], [ -0.042750371508231, 47.212620059692398 ], [ -0.042335532677621, 47.212525456634602 ], [ -0.041890029314912, 47.212423999469998 ], [ -0.04179947856268, 47.212403313466901 ], [ -0.041457517085184, 47.212325442884399 ], [ -0.041244017714642, 47.211239118948903 ] ] ], [ [ [ -0.016491844433549, 47.210845726225998 ], [ -0.016505660072428, 47.210172732542397 ], [ -0.016520552523217, 47.209353940192997 ], [ -0.016621172634916, 47.209316363441701 ], [ -0.016680766428398, 47.209306342524698 ], [ -0.016833175382854, 47.209289309265799 ], [ -0.017016593479158, 47.209285342369597 ], [ -0.017337038328717, 47.209315374245797 ], [ -0.017782072753588, 47.209388647048399 ], [ -0.017920991561985, 47.209430434231997 ], [ -0.01865214429771, 47.209892567414101 ], [ -0.018711857124693, 47.209941192937599 ], [ -0.019052821664511, 47.2102989844891 ], [ -0.019212723354546, 47.210462479532197 ], [ -0.019117678687896, 47.210465137257103 ], [ -0.018917722412289, 47.210473682724597 ], [ -0.018704669959199, 47.210663475979899 ], [ -0.018357998774359, 47.210717557263997 ], [ -0.018101337187741, 47.2107310926474 ], [ -0.018186266629477, 47.210873298624001 ], [ -0.017834083396158, 47.210852744747498 ], [ -0.017327198017579, 47.210831985692202 ], [ -0.017229635694223, 47.210829842416601 ], [ -0.017217190340426, 47.210829535968998 ], [ -0.017004833281226, 47.2108362389014 ], [ -0.016491844433549, 47.210845726225998 ] ] ], [ [ [ -0.034644640180572, 47.207671962163602 ], [ -0.034681609607533, 47.207619549896798 ], [ -0.034705128214083, 47.207614609141402 ], [ -0.03530300318472, 47.207455872530403 ], [ -0.035460686605757, 47.207396602394702 ], [ -0.035971962095089, 47.207198058044199 ], [ -0.036405739024133, 47.207043617057998 ], [ -0.037310261267653, 47.208346982760297 ], [ -0.037337920987702, 47.208397809124598 ], [ -0.037435433191543, 47.2085770253086 ], [ -0.037539068929307, 47.208767504723902 ], [ -0.037584594058122, 47.2088511611922 ], [ -0.037806619320007, 47.209259202344299 ], [ -0.036867213236553, 47.2094425203545 ], [ -0.035484609627738, 47.209717873714503 ], [ -0.035418270807632, 47.209697359170299 ], [ -0.035227350062273, 47.209320094697198 ], [ -0.035205608133571, 47.209286248644098 ], [ -0.034978513816026, 47.208825513862401 ], [ -0.034952520438836, 47.208493748850898 ], [ -0.034889218307975, 47.208156835069097 ], [ -0.034644640180572, 47.207671962163602 ] ] ], [ [ [ -0.026046638845739, 47.207756293468897 ], [ -0.026053540096013, 47.207721517268297 ], [ -0.026079484081931, 47.207672729496998 ], [ -0.026120198302639, 47.207623285512597 ], [ -0.026146883397672, 47.207604119105802 ], [ -0.026233723672554, 47.207566173024397 ], [ -0.026386987727619, 47.207519824258497 ], [ -0.026431817589993, 47.207510634482702 ], [ -0.026517562447381, 47.207493168022701 ], [ -0.026609578046439, 47.207474366409897 ], [ -0.026666827534803, 47.207462689735401 ], [ -0.026723289985193, 47.2074511236939 ], [ -0.026797666002479, 47.207436026283503 ], [ -0.02692235544515, 47.207410514417603 ], [ -0.026987581612841, 47.207397277702299 ], [ -0.02707201611133, 47.207380025256697 ], [ -0.027142593953233, 47.207365567453202 ], [ -0.027216111835083, 47.2073493209815 ], [ -0.027259854933797, 47.207339618722202 ], [ -0.027335845532319, 47.207322676884402 ], [ -0.027524759613591, 47.207287287040302 ], [ -0.027677573034734, 47.207254101949303 ], [ -0.027745352296839, 47.207243951327101 ], [ -0.027798036938845, 47.207266268590502 ], [ -0.028064638843918, 47.207490658671297 ], [ -0.028324806912079, 47.207699359942097 ], [ -0.028553227445905, 47.207832581609701 ], [ -0.028748601843036, 47.207951801611699 ], [ -0.028778946280338, 47.207978846975898 ], [ -0.028875899560867, 47.208064152695002 ], [ -0.028883545084265, 47.2080731422908 ], [ -0.02893372857376, 47.208130841152098 ], [ -0.028986346097084, 47.208215324217498 ], [ -0.02914710849969, 47.208473472133697 ], [ -0.029532804451776, 47.208974124304397 ], [ -0.029519085789264, 47.209012232349799 ], [ -0.028545536986252, 47.209306622785398 ], [ -0.028363091407777, 47.209372476754098 ], [ -0.028122380991143, 47.209469584621097 ], [ -0.027496737293437, 47.209842710434202 ], [ -0.02736928183601, 47.209924873729101 ], [ -0.027249364095628, 47.210021164711002 ], [ -0.027249670466579, 47.210043049405201 ], [ -0.026866147939775, 47.210411419461998 ], [ -0.026861214236445, 47.210416080095399 ], [ -0.026394759974973, 47.209413024907199 ], [ -0.026525430410617, 47.209387987982304 ], [ -0.026829814741041, 47.209329851600799 ], [ -0.026848653078828, 47.209326296103299 ], [ -0.026698263525956, 47.208937509032303 ], [ -0.026675784820309, 47.208878724889999 ], [ -0.026652084125484, 47.208809972305197 ], [ -0.02664089349362, 47.208777921200301 ], [ -0.026628104271696, 47.208740956730097 ], [ -0.026601094735716, 47.208662740697797 ], [ -0.02656961934219, 47.208570947157199 ], [ -0.026558581074488, 47.208539252436204 ], [ -0.026543719849643, 47.208474863600699 ], [ -0.026530856395367, 47.208427179938603 ], [ -0.026533095637552, 47.208365947971402 ], [ -0.02626326464484, 47.208359034347097 ], [ -0.026046638845739, 47.207756293468897 ] ] ], [ [ [ -0.029682046313014, 47.209039412281498 ], [ -0.029696087937791, 47.209018773917798 ], [ -0.029927181377842, 47.208973988315002 ], [ -0.029960150183117, 47.208970152730302 ], [ -0.030123161119153, 47.208951292903201 ], [ -0.030292351350871, 47.208931820700599 ], [ -0.030408602605712, 47.208918418277399 ], [ -0.030632036398108, 47.208892571126498 ], [ -0.030799124146491, 47.2088733333768 ], [ -0.031060715583586, 47.208841892081097 ], [ -0.03118621356764, 47.208816624793997 ], [ -0.031442998294183, 47.208756208172503 ], [ -0.031629627177561, 47.208687266593898 ], [ -0.031666231934018, 47.208672884476897 ], [ -0.03206808580246, 47.208514611197202 ], [ -0.032163068006029, 47.208471041840397 ], [ -0.032863208638017, 47.2082381965756 ], [ -0.032948790515388, 47.208424161253298 ], [ -0.03296265567557, 47.208454339936402 ], [ -0.032968814040491, 47.2084674224431 ], [ -0.032973906809377, 47.2084662980457 ], [ -0.033024849815154, 47.208452981501701 ], [ -0.033026053058628, 47.208455562709602 ], [ -0.033036054653295, 47.208478184596203 ], [ -0.03306044436984, 47.208533223802498 ], [ -0.033063297642392, 47.2085392754542 ], [ -0.033074218192992, 47.208564125615098 ], [ -0.03309410700186, 47.208558109042798 ], [ -0.033176932123371, 47.208533416519899 ], [ -0.033216450734935, 47.2085214802119 ], [ -0.033253516561951, 47.208517626470901 ], [ -0.033359057670363, 47.208506573695303 ], [ -0.033414885256858, 47.208490786610199 ], [ -0.033472195773681, 47.208466131469201 ], [ -0.033525571517467, 47.208432660077101 ], [ -0.033532471969237, 47.208428425119799 ], [ -0.033584861971153, 47.208412637893296 ], [ -0.033601643209243, 47.208407783751397 ], [ -0.033594469343054, 47.208390763747602 ], [ -0.033573729624735, 47.2083418455043 ], [ -0.033572338526826, 47.208338278190503 ], [ -0.033554477534604, 47.208295861386802 ], [ -0.033533280957115, 47.208245873977603 ], [ -0.033561907985892, 47.208237736475603 ], [ -0.033668099049271, 47.208207746686 ], [ -0.033675776241709, 47.208205563529901 ], [ -0.033704804343961, 47.208197505579598 ], [ -0.033711567584229, 47.208195526548401 ], [ -0.033769735474354, 47.208179047321103 ], [ -0.03371425247292, 47.208076712628298 ], [ -0.03369080121426, 47.208033631428201 ], [ -0.033685410792098, 47.207980256921097 ], [ -0.033852714206033, 47.207920376712302 ], [ -0.033860949489703, 47.207930431678001 ], [ -0.033871312142646, 47.207943043635503 ], [ -0.033885670583277, 47.207960866453703 ], [ -0.033894606544277, 47.207971623812803 ], [ -0.033930837810723, 47.208016262162303 ], [ -0.03394686672558, 47.2080355728082 ], [ -0.033970587697529, 47.208064682359499 ], [ -0.034041982169117, 47.208045964531699 ], [ -0.034325848459712, 47.207971227702501 ], [ -0.034239963548746, 47.207761216795902 ], [ -0.034303579021899, 47.207738197900703 ], [ -0.034369002015828, 47.207714410861698 ], [ -0.034456334127902, 47.207682932341498 ], [ -0.034555059913887, 47.207647191093301 ], [ -0.03477926215264, 47.208070883816603 ], [ -0.034810228279269, 47.208162778942103 ], [ -0.034862076969945, 47.208348274895897 ], [ -0.034857546224235, 47.208481191899097 ], [ -0.03486694330576, 47.208591490764299 ], [ -0.034884190960284, 47.208641761623603 ], [ -0.034885337874565, 47.2086925444763 ], [ -0.03488767237646, 47.208790144985798 ], [ -0.034900548588839, 47.208821520597397 ], [ -0.034905671407484, 47.2088560724725 ], [ -0.034933678729545, 47.208881465769302 ], [ -0.035077375212982, 47.209181046062902 ], [ -0.035337176312121, 47.209743360136997 ], [ -0.035275452896837, 47.209757771037197 ], [ -0.035206417685825, 47.209773815017797 ], [ -0.035030371618188, 47.209814736150797 ], [ -0.034695070434329, 47.209891903236503 ], [ -0.034507086071977, 47.209934487760002 ], [ -0.034434633157483, 47.209950891092603 ], [ -0.034356183491332, 47.209968802891503 ], [ -0.034300832018258, 47.209981334540402 ], [ -0.034194698885511, 47.210005377103101 ], [ -0.03425423924606, 47.210217069149202 ], [ -0.034020990901568, 47.210270568759803 ], [ -0.033967609176653, 47.210282868451699 ], [ -0.033881070106033, 47.210302703592902 ], [ -0.034137442217786, 47.210846550445098 ], [ -0.03408922923678, 47.210852047840604 ], [ -0.034075692216937, 47.210846456270197 ], [ -0.033945252533688, 47.210793564608899 ], [ -0.03308936730327, 47.2105206540623 ], [ -0.032535066919207, 47.210444624316402 ], [ -0.03248763169503, 47.210438118233903 ], [ -0.031833385269925, 47.210348124720902 ], [ -0.031548858155218, 47.2102847587635 ], [ -0.031352509080481, 47.210235301160502 ], [ -0.031127672470306, 47.2101519027417 ], [ -0.030935466874721, 47.210051613327202 ], [ -0.030823810904363, 47.209980027810403 ], [ -0.030753535959384, 47.209929522380897 ], [ -0.030694304640375, 47.209882601956899 ], [ -0.030582813495961, 47.209792813005102 ], [ -0.030383669755769, 47.209632701945999 ], [ -0.030354638462186, 47.209607874955701 ], [ -0.030129359943617, 47.209415653219502 ], [ -0.029866573443012, 47.209191257863097 ], [ -0.029682046313014, 47.209039412281498 ] ] ], [ [ [ -0.034601071570932, 47.210009145554103 ], [ -0.034642668208793, 47.2099660719974 ], [ -0.035461689263674, 47.209782621201498 ], [ -0.036184784428541, 47.209635464343798 ], [ -0.03721764676392, 47.2094297274922 ], [ -0.037833720895066, 47.209309025175301 ], [ -0.037929879052883, 47.209485744843001 ], [ -0.038179365708407, 47.209944256372502 ], [ -0.038178228332213, 47.2099444844144 ], [ -0.03888755321379, 47.209811321012502 ], [ -0.038957288733703, 47.2100519611013 ], [ -0.039160989794793, 47.211052604937599 ], [ -0.039198866153579, 47.2112245012814 ], [ -0.039231897338013, 47.211378505965101 ], [ -0.039245261626976, 47.211446536555599 ], [ -0.039258032095627, 47.2115180963876 ], [ -0.039274266000827, 47.211594790781497 ], [ -0.039322835640587, 47.211820192526602 ], [ -0.039336220158844, 47.211883898063398 ], [ -0.039348020434527, 47.211947645169701 ], [ -0.039453772805995, 47.212459576449099 ], [ -0.039414651300429, 47.2125066410157 ], [ -0.038380482528604, 47.212779099571001 ], [ -0.037803026617883, 47.212820373157903 ], [ -0.036993181984762, 47.212754939925198 ], [ -0.036535922501757, 47.212714403732299 ], [ -0.036147188890962, 47.2126042289472 ], [ -0.035993633452385, 47.2125424855491 ], [ -0.035963414935509, 47.212527150842298 ], [ -0.035784434939808, 47.212436612939499 ], [ -0.035597198926033, 47.212319263035603 ], [ -0.035495042949038, 47.212032018754797 ], [ -0.035388429445908, 47.211871923340098 ], [ -0.035233587781157, 47.2117030011838 ], [ -0.035010309484717, 47.211469382975402 ], [ -0.034800362494857, 47.211214243039898 ], [ -0.034755674551343, 47.211125230131699 ], [ -0.034991957437578, 47.211055162470103 ], [ -0.03486464147508, 47.210811641726501 ], [ -0.03480062974917, 47.2105957426229 ], [ -0.034840753712935, 47.210587483782398 ], [ -0.034881410820137, 47.210579301051503 ], [ -0.034812208921016, 47.210440117618802 ], [ -0.034610485288115, 47.210021331844501 ], [ -0.034601071570932, 47.210009145554103 ] ] ], [ [ [ -0.027639268283833, 47.209826371587397 ], [ -0.028117784553869, 47.209552320515598 ], [ -0.028191064546374, 47.209513015797597 ], [ -0.028445634561223, 47.209394373421901 ], [ -0.028926675077694, 47.209256834538003 ], [ -0.02924266778605, 47.209160729044399 ], [ -0.029630021481278, 47.209042935417102 ], [ -0.029700720163244, 47.2090986558295 ], [ -0.030382442756987, 47.209667239888503 ], [ -0.030760087109362, 47.209975388772698 ], [ -0.030782274717445, 47.209993727826998 ], [ -0.030892964156752, 47.2100856998251 ], [ -0.030974587402331, 47.210142845404803 ], [ -0.03103919225375, 47.210179534588796 ], [ -0.031119715927265, 47.210212473672897 ], [ -0.031343162141397, 47.210287619890899 ], [ -0.031442158910734, 47.210317552650899 ], [ -0.031448170241953, 47.210325683925497 ], [ -0.031485299318628, 47.210376876321398 ], [ -0.031506926738124, 47.210422798547597 ], [ -0.031509357474387, 47.210442465423597 ], [ -0.031444970489587, 47.210470638173398 ], [ -0.031370459742645, 47.2104833995663 ], [ -0.031225216013398, 47.210507922400701 ], [ -0.031092336198408, 47.210533653075302 ], [ -0.031019759752504, 47.210547895207803 ], [ -0.03095081858962, 47.210565645905 ], [ -0.030791837848113, 47.210606834600199 ], [ -0.030503890311951, 47.210684551982602 ], [ -0.030372263349137, 47.210716105108297 ], [ -0.030045732551202, 47.210261567200099 ], [ -0.030036274209521, 47.210248570891501 ], [ -0.030021378459069, 47.210228239067 ], [ -0.029566180085084, 47.210341141464099 ], [ -0.028205535833087, 47.210669347410601 ], [ -0.028090929923787, 47.210503058164498 ], [ -0.027639268283833, 47.209826371587397 ] ] ], [ [ [ -0.018855891603891, 47.209916266944703 ], [ -0.018871014808571, 47.209811184622602 ], [ -0.018923550499039, 47.209621250477497 ], [ -0.022406518344823, 47.210002050942101 ], [ -0.022174496255636, 47.210185769193501 ], [ -0.022072095408391, 47.210266912287103 ], [ -0.02211513776361, 47.2102705641433 ], [ -0.022010015475308, 47.210491512705801 ], [ -0.021930004485466, 47.210660542946002 ], [ -0.021893077670746, 47.210768086608503 ], [ -0.021857977894201, 47.210898736524797 ], [ -0.021840712502321, 47.210963243213897 ], [ -0.021811980764468, 47.211070753205 ], [ -0.020744471731323, 47.211007154735597 ], [ -0.019538953800573, 47.210906242236298 ], [ -0.019461527209475, 47.210690505813098 ], [ -0.019424391811282, 47.210613092948201 ], [ -0.019364144080761, 47.210514930528902 ], [ -0.019279469869179, 47.210410287483199 ], [ -0.019122440789034, 47.210234374898498 ], [ -0.018916531636835, 47.210004959612498 ], [ -0.018861960833013, 47.209944307879802 ], [ -0.018855891603891, 47.209916266944703 ] ] ], [ [ [ -0.019594345504664, 47.211115705996299 ], [ -0.01994484725735, 47.211094495242698 ], [ -0.019970810907337, 47.211020032051898 ], [ -0.019989461743801, 47.210966030467297 ], [ -0.020633196311557, 47.211015102011999 ], [ -0.021808062020616, 47.211085720813301 ], [ -0.02180311683088, 47.211103598181602 ], [ -0.021792834832644, 47.211141795648899 ], [ -0.021746618734485, 47.211314628827203 ], [ -0.021741581663186, 47.211314399866602 ], [ -0.021642173389367, 47.211495918237702 ], [ -0.021612242813684, 47.211504447071398 ], [ -0.021346906288978, 47.211996700353602 ], [ -0.021281723024713, 47.212128495077799 ], [ -0.021281699708876, 47.212139847415301 ], [ -0.0208365098453, 47.212163171239098 ], [ -0.020871592713051, 47.212274602304198 ], [ -0.020898528128995, 47.212358677375001 ], [ -0.020902299281771, 47.212402274155103 ], [ -0.020909705163008, 47.212487038758503 ], [ -0.020830575208693, 47.212492976535103 ], [ -0.020505082538145, 47.212517051180697 ], [ -0.020175643966671, 47.212541498072099 ], [ -0.020083605658319, 47.212548312474397 ], [ -0.020060825859334, 47.212549987548996 ], [ -0.019908186089092, 47.212301706894998 ], [ -0.01978624245572, 47.211969019426697 ], [ -0.019742485150752, 47.211801956558404 ], [ -0.019622913535832, 47.211233613757599 ], [ -0.019594345504664, 47.211115705996299 ] ] ], [ [ [ -0.017176888839067, 47.222177318134896 ], [ -0.017198192105412, 47.2221539698903 ], [ -0.017304422859569, 47.222069849546102 ], [ -0.017377088234368, 47.222014441945397 ], [ -0.017463693198007, 47.221948220475198 ], [ -0.01760290695847, 47.221841528410202 ], [ -0.017682780394507, 47.221780257007602 ], [ -0.017807809019291, 47.221687087691102 ], [ -0.017984043619617, 47.221554384980998 ], [ -0.018227716881892, 47.221360373744602 ], [ -0.018334549145077, 47.221275245656898 ], [ -0.018424076389671, 47.221195163074299 ], [ -0.018475230217099, 47.221142927882603 ], [ -0.018596637605715, 47.221008859811697 ], [ -0.018662947019553, 47.220920372732799 ], [ -0.018691995955911, 47.220874839727202 ], [ -0.018610132127093, 47.221152656439699 ], [ -0.018569164912281, 47.221289763821503 ], [ -0.018542565045292, 47.221378927900403 ], [ -0.018445341984561, 47.221703542308902 ], [ -0.018413494959668, 47.221809960648002 ], [ -0.018396001222159, 47.221865823409303 ], [ -0.01836067304235, 47.221978548813297 ], [ -0.018339939880786, 47.222047379204803 ], [ -0.018322287941589, 47.222105138012502 ], [ -0.018304361016256, 47.222165066202301 ], [ -0.018284131409376, 47.2222310905847 ], [ -0.018262376253558, 47.222302920632899 ], [ -0.018245872948151, 47.2223575863447 ], [ -0.018230206604561, 47.222415383487501 ], [ -0.018200023377847, 47.222525542258097 ], [ -0.017440040446544, 47.222570655446901 ], [ -0.017435506873208, 47.222565277883298 ], [ -0.017354171252999, 47.222440275741299 ], [ -0.01734735909306, 47.222429642060597 ], [ -0.017315937745529, 47.222381089719299 ], [ -0.017295531608831, 47.2223497284348 ], [ -0.017286937197007, 47.222337969966397 ], [ -0.017249803280424, 47.222286593337699 ], [ -0.017214000823534, 47.222233019799397 ], [ -0.017176888839067, 47.222177318134896 ] ] ], [ [ [ -0.029653370035036, 47.218568349987301 ], [ -0.029691550459489, 47.219077008784602 ], [ -0.029706439949415, 47.219411676011497 ], [ -0.029643455961922, 47.2194602618194 ], [ -0.028469212825754, 47.219481686464803 ], [ -0.028132450789305, 47.219427055380898 ], [ -0.028132476691077, 47.219427045694502 ], [ -0.028093786984869, 47.219294890381001 ], [ -0.027929716088859, 47.218734484271003 ], [ -0.027929390206141, 47.218733393652798 ], [ -0.027973915338714, 47.218727553978702 ], [ -0.028216196666941, 47.218689534936601 ], [ -0.029653370035036, 47.218568349987301 ] ] ], [ [ [ -0.02780151375745, 47.219412921101302 ], [ -0.028474184059112, 47.219525341770598 ], [ -0.028619328774733, 47.219522087711901 ], [ -0.028730547235987, 47.220055144061497 ], [ -0.02873375504284, 47.220069835467903 ], [ -0.027969270238263, 47.220151714377401 ], [ -0.027955663102696, 47.220090896829099 ], [ -0.027943157278422, 47.220035546171601 ], [ -0.027904635268959, 47.219863394113098 ], [ -0.027867209706167, 47.219696618964797 ], [ -0.027832215518167, 47.219540140958102 ], [ -0.02780151375745, 47.219412921101302 ] ] ], [ [ [ -0.01566448503832, 47.219782667487301 ], [ -0.016559899671607, 47.219825842717803 ], [ -0.016661707905351, 47.219830308907703 ], [ -0.017902066708955, 47.219914762374003 ], [ -0.018023750956913, 47.219924655689198 ], [ -0.018244136117369, 47.219937833345597 ], [ -0.019041715226014, 47.219985971033097 ], [ -0.018986023817472, 47.220117516287601 ], [ -0.01895241459927, 47.220197223283598 ], [ -0.018909631411174, 47.220299602421498 ], [ -0.018866517559625, 47.220419648320203 ], [ -0.017263317656977, 47.220312222552401 ], [ -0.017255063843559, 47.220195767574097 ], [ -0.015804761857857, 47.220081636649901 ], [ -0.01575909701025, 47.220007778335798 ], [ -0.01572701854246, 47.219930953630701 ], [ -0.01566448503832, 47.219782667487301 ] ] ], [ [ [ -0.016422182298286, 47.215841025940499 ], [ -0.016452715362306, 47.214285049329298 ], [ -0.017327376227695, 47.214299296459998 ], [ -0.017772529806431, 47.214305628133303 ], [ -0.018173158325013, 47.2143149201382 ], [ -0.018568988454004, 47.214323524971903 ], [ -0.020612588741341, 47.214358091256798 ], [ -0.020638398850106, 47.214382103663503 ], [ -0.02020610007422, 47.214614104046902 ], [ -0.019410054854462, 47.214996940842397 ], [ -0.018533000493568, 47.215352512608703 ], [ -0.018117067568602, 47.215504165849701 ], [ -0.017677251348834, 47.215666169753497 ], [ -0.017575572005042, 47.215694495074402 ], [ -0.017316286774498, 47.215737106295798 ], [ -0.017276701941565, 47.215738587879002 ], [ -0.016422182298286, 47.215841025940499 ] ] ], [ [ [ -0.027209529152987, 47.214398760426199 ], [ -0.027211377932405, 47.214330601596401 ], [ -0.027347652252639, 47.213895222907603 ], [ -0.02740482702881, 47.213884448957501 ], [ -0.027444934815417, 47.213906374459697 ], [ -0.027514096588333, 47.213944117719599 ], [ -0.02761199245624, 47.213963811967901 ], [ -0.027745547262694, 47.213975726942301 ], [ -0.028034700440801, 47.2140012325059 ], [ -0.028373652473188, 47.214037597978702 ], [ -0.028615098008768, 47.214065880998596 ], [ -0.028871315533161, 47.214095849394297 ], [ -0.029034892425916, 47.214147790132699 ], [ -0.029096497017868, 47.2141640176065 ], [ -0.029286171568387, 47.214205094964903 ], [ -0.029464852779024, 47.214243486461399 ], [ -0.029599940295901, 47.214273197728303 ], [ -0.029653685288925, 47.214281341892899 ], [ -0.029856589443894, 47.214317837916497 ], [ -0.02976039721038, 47.214640545899101 ], [ -0.029707825690607, 47.214812828096797 ], [ -0.029693887464557, 47.214896348838202 ], [ -0.029684187625311, 47.214949487347702 ], [ -0.029667257463172, 47.215040924457803 ], [ -0.029647172162677, 47.215146768927198 ], [ -0.029639087275485, 47.215198063318802 ], [ -0.029629297125037, 47.215240212788601 ], [ -0.029431673321423, 47.215227092554997 ], [ -0.029417027194592, 47.215323875469899 ], [ -0.029436754386608, 47.215380658897402 ], [ -0.029450869206368, 47.215581918617303 ], [ -0.029461369299853, 47.215730748454398 ], [ -0.029471029795919, 47.215895186385502 ], [ -0.029478637772567, 47.216023190196303 ], [ -0.029489210636371, 47.216203821043699 ], [ -0.029267994321625, 47.216196813159101 ], [ -0.02933351336408, 47.216594663467397 ], [ -0.028808253148262, 47.216647859693303 ], [ -0.028686131432602, 47.216646548127699 ], [ -0.02863980322045, 47.216641002436504 ], [ -0.028548086269856, 47.216630156716199 ], [ -0.028481601387361, 47.216555495878502 ], [ -0.028477353801231, 47.216184242528797 ], [ -0.028475331358381, 47.216000415049997 ], [ -0.028475272709014, 47.215982938489198 ], [ -0.02847406812449, 47.2158746778709 ], [ -0.028471156326001, 47.215696189126099 ], [ -0.028464958956905, 47.215285615864197 ], [ -0.028435500678229, 47.215286115769601 ], [ -0.028434770696443, 47.215237934943197 ], [ -0.028463311180916, 47.215188268093598 ], [ -0.028395193984029, 47.215183201915004 ], [ -0.027805676503588, 47.215139962349198 ], [ -0.027697061918655, 47.215131900139099 ], [ -0.027636712826838, 47.215102755756597 ], [ -0.027542146835718, 47.214975493188398 ], [ -0.027432943538799, 47.2148324864214 ], [ -0.027354669684724, 47.214733898016597 ], [ -0.027295077140813, 47.214643019809699 ], [ -0.02723311584804, 47.214535896600097 ], [ -0.027209529152987, 47.214398760426199 ] ] ], [ [ [ -0.014674618031992, 47.218109015701799 ], [ -0.015103617848748, 47.217727659826998 ], [ -0.015406670551836, 47.217451385467797 ], [ -0.016119293290884, 47.216815427667797 ], [ -0.016346928396586, 47.216625711227003 ], [ -0.016598090036257, 47.216405200542397 ], [ -0.016764336896996, 47.216257353282003 ], [ -0.016904297439221, 47.216140641727399 ], [ -0.017101912299011, 47.216002788078598 ], [ -0.017286589265567, 47.215903019944903 ], [ -0.017555169953648, 47.215764488111397 ], [ -0.017629985272629, 47.2157381239561 ], [ -0.017776591336936, 47.215678627237999 ], [ -0.017873213657945, 47.215647370333897 ], [ -0.018325569263338, 47.215494408578898 ], [ -0.018669294717566, 47.215377880616202 ], [ -0.018885348458786, 47.215297743164797 ], [ -0.019202269641721, 47.215179569712198 ], [ -0.019462569562251, 47.215075033876303 ], [ -0.019730295297365, 47.214961474729797 ], [ -0.019998970733121, 47.214843655801502 ], [ -0.020164568013247, 47.214769245894601 ], [ -0.02025155171529, 47.214728868563903 ], [ -0.020416844422404, 47.214940961824503 ], [ -0.020459618859003, 47.2149350715165 ], [ -0.020461754273795, 47.214980152403598 ], [ -0.020463183130617, 47.214991466856802 ], [ -0.020543306378551, 47.215097308889597 ], [ -0.020726371873645, 47.215338578864099 ], [ -0.020860894023926, 47.215515977348502 ], [ -0.020875605207029, 47.215535414140597 ], [ -0.020842085882454, 47.215548360754099 ], [ -0.020688110345829, 47.215643730434799 ], [ -0.021311603200057, 47.216042257487999 ], [ -0.021709033518147, 47.216297935205702 ], [ -0.021582436911921, 47.216480522538099 ], [ -0.021474627389097, 47.216630366383797 ], [ -0.021364936339757, 47.2167490870264 ], [ -0.021296200348371, 47.216813043966802 ], [ -0.021155365691766, 47.216942306710799 ], [ -0.021030713991181, 47.2170371821842 ], [ -0.020832275306224, 47.217164973720003 ], [ -0.020484137056792, 47.217365499370601 ], [ -0.020344954663404, 47.2174583204146 ], [ -0.020230910564074, 47.217565531359 ], [ -0.019954758525003, 47.217870668093603 ], [ -0.019864658247406, 47.2179922098031 ], [ -0.019731325666229, 47.218198664737201 ], [ -0.019663840349125, 47.218296733144399 ], [ -0.019623676671009, 47.2184292254993 ], [ -0.019212052099338, 47.218405989656397 ], [ -0.019128345930152, 47.218401234164503 ], [ -0.018902162139615, 47.218388299550398 ], [ -0.018683967974854, 47.218371642678598 ], [ -0.018369474378995, 47.218347314168099 ], [ -0.018142373281164, 47.218329807253802 ], [ -0.017813259865211, 47.218304146393997 ], [ -0.017161282075203, 47.218262839607199 ], [ -0.016995306241519, 47.218257702750101 ], [ -0.01630009547196, 47.218221210921499 ], [ -0.016185768407389, 47.2182127460038 ], [ -0.015856037662949, 47.218185474034001 ], [ -0.015668838399029, 47.218169716343603 ], [ -0.01535899987943, 47.218143456689802 ], [ -0.015235969487698, 47.218133055171201 ], [ -0.015065212329688, 47.218122814648403 ], [ -0.015004952737753, 47.218121139728503 ], [ -0.014674618031992, 47.218109015701799 ] ], [ [ -0.017727933573565, 47.217594276299501 ], [ -0.017781727841863, 47.217596208315797 ], [ -0.017781776313463, 47.217557016708398 ], [ -0.017728114122354, 47.2175550812523 ], [ -0.017727933573565, 47.217594276299501 ] ] ], [ [ [ -0.028878552129636, 47.216724492770098 ], [ -0.028934230561504, 47.216680062393301 ], [ -0.029061092109485, 47.2166669249252 ], [ -0.02919981783729, 47.217160161603601 ], [ -0.029531655935779, 47.2171473391044 ], [ -0.029592357128775, 47.2171451208946 ], [ -0.029604250184701, 47.217194271053401 ], [ -0.029734313924103, 47.217730798280002 ], [ -0.029361744376717, 47.217738920495897 ], [ -0.029270750119202, 47.217740939733602 ], [ -0.029187047130288, 47.217710424759503 ], [ -0.029079117016643, 47.217327287645297 ], [ -0.028968375937524, 47.216978729633901 ], [ -0.028878552129636, 47.216724492770098 ] ] ], [ [ [ -0.029653370035036, 47.218568349987301 ], [ -0.02822929159526, 47.218688426826297 ], [ -0.028173061469445, 47.218424662463498 ], [ -0.028127846443638, 47.218212548835098 ], [ -0.026691201280684, 47.218432263100901 ], [ -0.02663014894673, 47.218245023121298 ], [ -0.026580841082862, 47.218101982252897 ], [ -0.026508126489208, 47.217933065532897 ], [ -0.026423960181994, 47.217736879464702 ], [ -0.026395370113396, 47.2176705971319 ], [ -0.026345180578835, 47.217582355813498 ], [ -0.026284112243727, 47.217441784302302 ], [ -0.026197260220629, 47.217221343094401 ], [ -0.026167759426149, 47.217138867735997 ], [ -0.026129889812994, 47.2170557100659 ], [ -0.026052861251284, 47.216859427358798 ], [ -0.026922793673374, 47.216741830332303 ], [ -0.027368803257346, 47.216669001501401 ], [ -0.027690876635584, 47.216633105260698 ], [ -0.02788233831307, 47.216623596068999 ], [ -0.028116408229439, 47.216638108739097 ], [ -0.0282709893304, 47.216645239231298 ], [ -0.028649014655418, 47.2166848171955 ], [ -0.028745814631774, 47.216699043570799 ], [ -0.028852000456112, 47.216703834935899 ], [ -0.029068331679763, 47.217361174456002 ], [ -0.029036566270061, 47.2173653385438 ], [ -0.029057784504166, 47.217441543151402 ], [ -0.029076063629982, 47.217507824260103 ], [ -0.029102471341279, 47.2175047912907 ], [ -0.029129995116707, 47.217768044748603 ], [ -0.028528021450714, 47.217807028595601 ], [ -0.02853076739192, 47.217818218455598 ], [ -0.029146803347986, 47.217777695661397 ], [ -0.029516341134369, 47.217772085951701 ], [ -0.029588317087721, 47.217815069987999 ], [ -0.029599635142018, 47.2179220750442 ], [ -0.02961995231308, 47.218073801266499 ], [ -0.029635833154753, 47.2182993397766 ], [ -0.029653370035036, 47.218568349987301 ] ] ], [ [ [ -0.008413985929756, 47.225434014887099 ], [ -0.008453861782079, 47.225302886488102 ], [ -0.008488707289179, 47.225226034025802 ], [ -0.008602756685406, 47.2250047792717 ], [ -0.008734805567944, 47.224731794513502 ], [ -0.008873459742161, 47.224430349068697 ], [ -0.008889160765085, 47.224406066880697 ], [ -0.008902759355491, 47.224391479150199 ], [ -0.008941826789966, 47.224371184787898 ], [ -0.009021842123919, 47.2243382050112 ], [ -0.009087675532272, 47.224297575327199 ], [ -0.009141463215469, 47.224263835200802 ], [ -0.009217878684698, 47.224227975741101 ], [ -0.009248738339207, 47.224207534090802 ], [ -0.009313138484267, 47.224157842189797 ], [ -0.009331639640519, 47.224150514613903 ], [ -0.009436408404998, 47.224129774728702 ], [ -0.009705021107876, 47.224073426350103 ], [ -0.009882605838516, 47.2240328660275 ], [ -0.00999169794694, 47.2240515637736 ], [ -0.010065506401816, 47.224070727694397 ], [ -0.010411640708302, 47.224161285877798 ], [ -0.010424567622012, 47.224170139378998 ], [ -0.010433678971412, 47.224181704699497 ], [ -0.010433794880932, 47.224238099400601 ], [ -0.010427678354003, 47.224284745908001 ], [ -0.010339891580227, 47.224592259303101 ], [ -0.010240672549899, 47.225047550474201 ], [ -0.010204784661733, 47.225240379215798 ], [ -0.010145405739368, 47.225594722818499 ], [ -0.009884708733948, 47.225556359719803 ], [ -0.00977695937214, 47.225538077383703 ], [ -0.009694713522898, 47.225517060307403 ], [ -0.009546790201985, 47.225485136372598 ], [ -0.009442254672152, 47.225469923470797 ], [ -0.009359705615932, 47.225467112643003 ], [ -0.009243673581822, 47.2254780546169 ], [ -0.009151961465573, 47.225486382784901 ], [ -0.00902328156393, 47.225488733923598 ], [ -0.00889791664948, 47.2254841518277 ], [ -0.008744548883815, 47.225473089458099 ], [ -0.008700831116002, 47.225467017418801 ], [ -0.008526244395102, 47.225443082083601 ], [ -0.008483734155843, 47.225439681368698 ], [ -0.008413985929756, 47.225434014887099 ] ] ], [ [ [ -0.005795582535978, 47.2254578317484 ], [ -0.0060928136447, 47.224988308518697 ], [ -0.006278186115506, 47.225030166163499 ], [ -0.006300282374724, 47.2250350884065 ], [ -0.006312739741278, 47.225037918372301 ], [ -0.006409932534819, 47.225028279023299 ], [ -0.006415590867326, 47.2250277718232 ], [ -0.006520066883359, 47.225018303750701 ], [ -0.006647610078058, 47.2250122009997 ], [ -0.006745764905206, 47.225007941919998 ], [ -0.006878812946255, 47.2250033177041 ], [ -0.007201111098978, 47.224989276609598 ], [ -0.007402961923769, 47.2249805234935 ], [ -0.007442147594567, 47.224978875649299 ], [ -0.007723950510337, 47.2249643527228 ], [ -0.007737547331073, 47.2249639096419 ], [ -0.00791555105519, 47.2249567657379 ], [ -0.008015447584127, 47.224952910818601 ], [ -0.008118899565018, 47.224948783313302 ], [ -0.008123648575354, 47.224948569915398 ], [ -0.008123718369145, 47.224971091119798 ], [ -0.008245014897542, 47.224983347393298 ], [ -0.008425763731296, 47.225001627485497 ], [ -0.008565674212055, 47.225015652376698 ], [ -0.008440093962688, 47.225269549565603 ], [ -0.008380428111843, 47.225434615995503 ], [ -0.008335920734745, 47.225433339202901 ], [ -0.008223197147176, 47.225430139883898 ], [ -0.008125304328335, 47.225427276122304 ], [ -0.008025947619039, 47.2254266124949 ], [ -0.007936251274255, 47.225426058342101 ], [ -0.007753396292459, 47.225431616431798 ], [ -0.007477342619442, 47.225461485948699 ], [ -0.007217296634588, 47.225493822242598 ], [ -0.007209550488713, 47.225494834132803 ], [ -0.006914884743592, 47.225518248309598 ], [ -0.006645591545778, 47.225536588771099 ], [ -0.006534574520542, 47.225542622992897 ], [ -0.006458233479544, 47.2255467662645 ], [ -0.006416826296971, 47.225541804605299 ], [ -0.006298074517841, 47.225527768619898 ], [ -0.006025990826195, 47.225493836618099 ], [ -0.005795582535978, 47.2254578317484 ] ] ], [ [ [ -0.010180900906423, 47.2256003773145 ], [ -0.010261348221214, 47.225093230536601 ], [ -0.010330159162563, 47.224768011739698 ], [ -0.010368225968848, 47.224595216841998 ], [ -0.01042673610892, 47.224388376408697 ], [ -0.010472681958752, 47.224167357560198 ], [ -0.010605715277802, 47.2242002978332 ], [ -0.010676152261326, 47.224218287696303 ], [ -0.010795280844011, 47.224248525963198 ], [ -0.010888519934, 47.224272229572598 ], [ -0.010907299816799, 47.224276966853502 ], [ -0.010976249131313, 47.2242943645563 ], [ -0.011110364703994, 47.224327726598503 ], [ -0.011153424458504, 47.2243385897048 ], [ -0.011255524802722, 47.224355215704001 ], [ -0.0114208945288, 47.224382269410299 ], [ -0.011427857132464, 47.2243838001814 ], [ -0.011519716762482, 47.224404115646998 ], [ -0.011630656661284, 47.224429097334799 ], [ -0.011737766465267, 47.224453223508299 ], [ -0.011645223683727, 47.224621398925301 ], [ -0.011607781398043, 47.224689581038596 ], [ -0.011457879004253, 47.224917446870201 ], [ -0.011491437318257, 47.224926304531103 ], [ -0.011687379190291, 47.2249773385754 ], [ -0.011744043414832, 47.224902890855297 ], [ -0.011830132214189, 47.224789479058899 ], [ -0.011898765929662, 47.224694989879403 ], [ -0.011934944686391, 47.224634948813403 ], [ -0.011975113304611, 47.224568227270197 ], [ -0.01203718308429, 47.224465169687299 ], [ -0.012144092189404, 47.2242867102415 ], [ -0.013357975957107, 47.224623891207798 ], [ -0.013325130024045, 47.2246607824449 ], [ -0.013282556722623, 47.224724684085601 ], [ -0.013216756721128, 47.224862615021799 ], [ -0.013183146512055, 47.224904751439297 ], [ -0.013121239258397, 47.224975282121001 ], [ -0.013069017201275, 47.225034569620902 ], [ -0.012983619904945, 47.225127243178399 ], [ -0.012856971490722, 47.225264954441002 ], [ -0.012790312389138, 47.225340383376597 ], [ -0.012732661358721, 47.225432605455403 ], [ -0.012661306481994, 47.225549328566501 ], [ -0.012565489573243, 47.225751104120803 ], [ -0.012508219833089, 47.225864307625699 ], [ -0.012450239151303, 47.225976628654401 ], [ -0.012435319540195, 47.226005395632903 ], [ -0.012153388861236, 47.225918579488997 ], [ -0.011901745373082, 47.225890796535602 ], [ -0.011439428664772, 47.225832362243203 ], [ -0.011306987231437, 47.225817155604297 ], [ -0.011197842561437, 47.225804676729901 ], [ -0.011127207620743, 47.225792638364403 ], [ -0.011046759293269, 47.2257706745863 ], [ -0.010851581226516, 47.225721511501398 ], [ -0.010617256654201, 47.225677059131201 ], [ -0.010407381215521, 47.225637016174502 ], [ -0.010180900906423, 47.2256003773145 ] ] ], [ [ [ -0.012472307189992, 47.226014073768603 ], [ -0.01265189252308, 47.225638584495499 ], [ -0.012690701018501, 47.225557032874498 ], [ -0.012722345206228, 47.225505758346401 ], [ -0.012787282635489, 47.2254066799714 ], [ -0.012817870182992, 47.225355432887099 ], [ -0.012836132161013, 47.225324957262899 ], [ -0.01288798784669, 47.225268562368797 ], [ -0.013029758029923, 47.225115142115698 ], [ -0.013075139598687, 47.2250659426917 ], [ -0.013147912724816, 47.2249792732011 ], [ -0.013243208491819, 47.224874449874299 ], [ -0.013261895515601, 47.224846846065297 ], [ -0.013282424896268, 47.224797842460099 ], [ -0.013298845582954, 47.2247604775282 ], [ -0.01332209882604, 47.224719961835198 ], [ -0.01335600606969, 47.224671330996799 ], [ -0.01389238836725, 47.224878645259999 ], [ -0.014487442839641, 47.225125152265598 ], [ -0.014432905657559, 47.225159635166001 ], [ -0.014326000399327, 47.225227193062402 ], [ -0.014239403794951, 47.225274852629703 ], [ -0.014007457608102, 47.225402601700402 ], [ -0.013930223282106, 47.225445062380899 ], [ -0.013727655551313, 47.225554298397597 ], [ -0.013612906772375, 47.225621158689897 ], [ -0.013543196966011, 47.225656306077603 ], [ -0.013492661439077, 47.2256772606627 ], [ -0.01335897733635, 47.225743712279602 ], [ -0.013261631111497, 47.225804894215401 ], [ -0.013183901704173, 47.225850340282399 ], [ -0.013057046601422, 47.2259206680692 ], [ -0.012964923540241, 47.225975947993703 ], [ -0.012898468085927, 47.226024343984697 ], [ -0.012815212915296, 47.226091555618403 ], [ -0.012756867098318, 47.226119469880601 ], [ -0.012548770485784, 47.226033347340703 ], [ -0.012472307189992, 47.226014073768603 ] ] ], [ [ [ -0.015558994474799, 47.227224887013499 ], [ -0.015633714570387, 47.227144651979003 ], [ -0.015635091559033, 47.227143264753501 ], [ -0.016182769086802, 47.2265564714234 ], [ -0.016465638899117, 47.226256757253203 ], [ -0.016642106800504, 47.226292884367098 ], [ -0.016816980449244, 47.226357161558198 ], [ -0.016937316046633, 47.226401686962397 ], [ -0.017148659932034, 47.226463031947397 ], [ -0.017361079089684, 47.226515249220398 ], [ -0.017467649040094, 47.226550132339597 ], [ -0.017500190134498, 47.226569105151199 ], [ -0.017500839892814, 47.226585394955997 ], [ -0.017399939890119, 47.226771721250202 ], [ -0.017276917297321, 47.2270233999879 ], [ -0.017227818950646, 47.227105311313601 ], [ -0.017170236324901, 47.227222219215498 ], [ -0.01711701253785, 47.227350815669197 ], [ -0.017099089409239, 47.2274202931616 ], [ -0.017096644485656, 47.227440357335603 ], [ -0.017079375761737, 47.227512070088899 ], [ -0.016576178152736, 47.227420755556203 ], [ -0.016287704341496, 47.227368444688899 ], [ -0.016167207283714, 47.227344644024598 ], [ -0.015558994474799, 47.227224887013499 ] ] ], [ [ [ -0.018125269580686, 47.223118587177701 ], [ -0.018171041875753, 47.2229563091974 ], [ -0.018247707989807, 47.222684754833899 ], [ -0.018262265235475, 47.222633112888097 ], [ -0.018301401454076, 47.222493981308197 ], [ -0.018318531142637, 47.222433983808003 ], [ -0.018341437316237, 47.222352033391999 ], [ -0.018372666451535, 47.2222416671313 ], [ -0.019329628709264, 47.222350968112401 ], [ -0.019672084861114, 47.222408891047202 ], [ -0.019794791054817, 47.222418035270003 ], [ -0.020119156936014, 47.2224599414971 ], [ -0.020145337515897, 47.2224622320403 ], [ -0.020324890162512, 47.222492236712803 ], [ -0.020407511686945, 47.2224940467217 ], [ -0.020639812670726, 47.222507269801397 ], [ -0.020737110704353, 47.222513742093 ], [ -0.020737606744501, 47.222501386458703 ], [ -0.020738412371024, 47.222489833586202 ], [ -0.0201228805799, 47.222439123108103 ], [ -0.020124931039816, 47.222426186400703 ], [ -0.01988830155671, 47.222401813550398 ], [ -0.01966499070018, 47.222388534834003 ], [ -0.019302754618967, 47.222324550632798 ], [ -0.018383129007716, 47.222208961195598 ], [ -0.01840972673461, 47.222112679938903 ], [ -0.018467294065038, 47.221906129214098 ], [ -0.018488977341448, 47.221835382089402 ], [ -0.018490990594689, 47.221828842963497 ], [ -0.018609584067404, 47.221442048318302 ], [ -0.018658702309408, 47.221273466385703 ], [ -0.018761299832427, 47.220905647343102 ], [ -0.018809467405967, 47.220786100476801 ], [ -0.018876922115331, 47.220637942048498 ], [ -0.01889806531906, 47.220585858045801 ], [ -0.018937378061298, 47.220489965951899 ], [ -0.01993237608771, 47.220594215852401 ], [ -0.019913141146584, 47.2203741702602 ], [ -0.019888043124119, 47.219953190471102 ], [ -0.019191016708738, 47.219880094977498 ], [ -0.019221865488202, 47.219807757344597 ], [ -0.019190851855943, 47.219804151104 ], [ -0.019343593717288, 47.219418086813697 ], [ -0.019548459003231, 47.219442207311801 ], [ -0.01968623444961, 47.219458436386901 ], [ -0.019792864455943, 47.219471062660197 ], [ -0.019846375015603, 47.219477325616403 ], [ -0.019910006716199, 47.2194848562769 ], [ -0.019983089248314, 47.219493491914498 ], [ -0.020009181809409, 47.219496595582903 ], [ -0.02032522298221, 47.219534213210899 ], [ -0.020531439898662, 47.219558837309499 ], [ -0.021771179809053, 47.219719303872502 ], [ -0.021722164670149, 47.220103657164302 ], [ -0.021717766066031, 47.220145394786201 ], [ -0.021721869106085, 47.220543137659398 ], [ -0.021735287185358, 47.220779551565201 ], [ -0.021741415173842, 47.220886241788001 ], [ -0.021741435562257, 47.220945432227097 ], [ -0.021804834571766, 47.221275860551998 ], [ -0.021883028146528, 47.221568334212499 ], [ -0.021892667951774, 47.221626913345297 ], [ -0.021944532089797, 47.221827368282703 ], [ -0.022002285543271, 47.222017308894301 ], [ -0.022045895651877, 47.222143832738503 ], [ -0.022101391749428, 47.222305362866301 ], [ -0.022156170745898, 47.222451776088398 ], [ -0.022175700159691, 47.222507484508597 ], [ -0.022193986702755, 47.222557549504401 ], [ -0.021840305902546, 47.222547045224204 ], [ -0.021834543636475, 47.2230374802201 ], [ -0.021875794763857, 47.223034962736897 ], [ -0.022010478031664, 47.223026584531397 ], [ -0.022120062984588, 47.223032825271602 ], [ -0.022538866851242, 47.224164095214 ], [ -0.022293878512624, 47.224202919946897 ], [ -0.021984057811201, 47.224257669944897 ], [ -0.021893439795869, 47.2242736376433 ], [ -0.021438105063927, 47.2243300194041 ], [ -0.021183573738711, 47.224361432750797 ], [ -0.021146842712906, 47.224246711632901 ], [ -0.021004627267568, 47.2242623123852 ], [ -0.020956937998023, 47.224253825922503 ], [ -0.02093395677597, 47.2242496502626 ], [ -0.020885082909458, 47.224208310843402 ], [ -0.020808396830057, 47.224017962614703 ], [ -0.020449065538973, 47.224020033969801 ], [ -0.020001720423623, 47.224006740401698 ], [ -0.019986383018582, 47.223985608074997 ], [ -0.019916520139672, 47.224027340232801 ], [ -0.019726147814915, 47.224141494723398 ], [ -0.019600413233168, 47.224054949630897 ], [ -0.019303453012701, 47.223848899548599 ], [ -0.019173621095765, 47.2237623707097 ], [ -0.019021168089024, 47.2236427365984 ], [ -0.018926087892348, 47.223569806793002 ], [ -0.018700064127493, 47.223430557280302 ], [ -0.018546761303068, 47.223354639625001 ], [ -0.018125269580686, 47.223118587177701 ] ] ], [ [ [ -0.016971108850487, 47.225618084096297 ], [ -0.017058338318073, 47.225496890538203 ], [ -0.017112432400336, 47.2254026866229 ], [ -0.017131785916425, 47.2253516407565 ], [ -0.017143223668298, 47.2253080084255 ], [ -0.017148886842102, 47.225203894257398 ], [ -0.017128228897096, 47.225014877716397 ], [ -0.017079152116619, 47.224564522265197 ], [ -0.016967830009463, 47.2239475850375 ], [ -0.017282930731332, 47.223788924448399 ], [ -0.017747377497342, 47.223576821931303 ], [ -0.017827033208202, 47.223690696096298 ], [ -0.017823190142659, 47.223716472576101 ], [ -0.017777614473658, 47.224016586764101 ], [ -0.017773852922351, 47.224041460189198 ], [ -0.017700892911335, 47.224565266545 ], [ -0.017683810016656, 47.224633190789 ], [ -0.017663910025239, 47.224695692762801 ], [ -0.017614170371742, 47.2248203249396 ], [ -0.017545381759251, 47.2249519398909 ], [ -0.017442743131355, 47.225107229808302 ], [ -0.017388265909855, 47.225180452346599 ], [ -0.01730413609864, 47.225286159664599 ], [ -0.017195107973211, 47.225407740953699 ], [ -0.017087577191315, 47.225515949447697 ], [ -0.016971108850487, 47.225618084096297 ] ] ], [ [ [ -0.016482594493811, 47.226224242907598 ], [ -0.016694223953682, 47.226003141591598 ], [ -0.016848585311454, 47.225838577538497 ], [ -0.016922865809034, 47.225755289833799 ], [ -0.017211832749941, 47.225439468397497 ], [ -0.017293585446253, 47.2253503099911 ], [ -0.017463876649003, 47.225153887837202 ], [ -0.017516908520363, 47.225073765784003 ], [ -0.017614767566837, 47.224948781264402 ], [ -0.017683820118994, 47.224970316616698 ], [ -0.017740755395209, 47.224988023301599 ], [ -0.018156955641898, 47.224427527113001 ], [ -0.018231725253564, 47.224327108097498 ], [ -0.018240332765099, 47.224315532194097 ], [ -0.018285214729514, 47.224255172114901 ], [ -0.018451789969682, 47.224350744890302 ], [ -0.018572044141427, 47.224240761959202 ], [ -0.017897734554352, 47.223821740863798 ], [ -0.017950930643645, 47.223652692905702 ], [ -0.018028792492657, 47.2234589476313 ], [ -0.01805497560252, 47.2233764614978 ], [ -0.018111076168946, 47.223143732397098 ], [ -0.018158607217895, 47.223165918189103 ], [ -0.018240599092559, 47.223217747546798 ], [ -0.018664904136448, 47.223459131848898 ], [ -0.018681158804788, 47.223468348216301 ], [ -0.018914722672129, 47.223614698782903 ], [ -0.019195144636679, 47.2238324423816 ], [ -0.019680642676962, 47.224150699055301 ], [ -0.01969336763533, 47.224160637937601 ], [ -0.019822201445918, 47.224262327801199 ], [ -0.019908382841798, 47.224730094442798 ], [ -0.019430638651796, 47.224922101036199 ], [ -0.019127674515131, 47.225070811210301 ], [ -0.019380109005589, 47.225305770728298 ], [ -0.019250813869209, 47.225464369735597 ], [ -0.0188696148336, 47.225950982773 ], [ -0.018543780010451, 47.2263638075949 ], [ -0.018492294933252, 47.226436141832899 ], [ -0.018348378966523, 47.226412142763898 ], [ -0.018220957694498, 47.226380416327203 ], [ -0.018179681600472, 47.226373113007902 ], [ -0.017971996181426, 47.226398163328298 ], [ -0.017922768663928, 47.226414130709003 ], [ -0.017628616326277, 47.226526840324603 ], [ -0.017567813526721, 47.226541577464602 ], [ -0.017532589613783, 47.226540783122303 ], [ -0.017351448994583, 47.226485048786202 ], [ -0.016958457933134, 47.226380144897099 ], [ -0.0167111226317, 47.226292528827003 ], [ -0.016482594493811, 47.226224242907598 ] ] ], [ [ [ -0.01276678275614, 47.226272819276701 ], [ -0.012841075008982, 47.226166020004598 ], [ -0.012921731376034, 47.226094911881098 ], [ -0.01301991707844, 47.226020374778003 ], [ -0.013106143857725, 47.225963716588303 ], [ -0.013201153823159, 47.2259033162984 ], [ -0.013365025006029, 47.225809142152698 ], [ -0.013511350362985, 47.2257322713928 ], [ -0.01378357653426, 47.225591673508198 ], [ -0.014336474918564, 47.225300796243303 ], [ -0.014479469480573, 47.225214100678102 ], [ -0.014547589724527, 47.225162417060403 ], [ -0.014655708714546, 47.225081133328402 ], [ -0.014758748843205, 47.225024847135302 ], [ -0.014912396957675, 47.224953639927399 ], [ -0.015163823148249, 47.224850247439498 ], [ -0.01534639639104, 47.224776034521703 ], [ -0.015434635551074, 47.224731754830501 ], [ -0.015570082622681, 47.224663813294498 ], [ -0.015647380127546, 47.224622521002097 ], [ -0.015751775936841, 47.224562144419799 ], [ -0.0158293288895, 47.224515980356998 ], [ -0.015919419411163, 47.224462282465304 ], [ -0.016015822308635, 47.224410312108901 ], [ -0.016116693852099, 47.224360207363802 ], [ -0.016334514208794, 47.224251921150803 ], [ -0.016444782870529, 47.224197247001499 ], [ -0.016543142931094, 47.224151892059403 ], [ -0.016624739574168, 47.224114180919798 ], [ -0.016844262077165, 47.224012696392997 ], [ -0.016907694791845, 47.2245068234473 ], [ -0.016924050324196, 47.2246356802222 ], [ -0.016957605446244, 47.2249060748074 ], [ -0.01698206735394, 47.2251086863632 ], [ -0.016994328261961, 47.225211703111299 ], [ -0.016994665699112, 47.225278993378602 ], [ -0.0169591849416, 47.225377307253801 ], [ -0.016929061503854, 47.225434399455402 ], [ -0.016856967361117, 47.225570784785603 ], [ -0.016756314370155, 47.225761518681203 ], [ -0.016715847112268, 47.225825186615403 ], [ -0.016708081858061, 47.225837641377197 ], [ -0.016625925404362, 47.225929062131897 ], [ -0.01652397763354, 47.226042530200097 ], [ -0.01647468543825, 47.226097418561999 ], [ -0.016395023008875, 47.226186161509403 ], [ -0.016233867865891, 47.226352253128702 ], [ -0.016139116174417, 47.226450217753602 ], [ -0.016018603058702, 47.226574619324701 ], [ -0.015968589851709, 47.226626102693899 ], [ -0.015870570147601, 47.226727125182002 ], [ -0.015739299038545, 47.226862527440097 ], [ -0.014974425067751, 47.2267012584973 ], [ -0.014606155335533, 47.226614983148103 ], [ -0.014447980399567, 47.226572520997102 ], [ -0.014170497705422, 47.226499107728401 ], [ -0.014073635384469, 47.226479284776303 ], [ -0.014040627262295, 47.226475548778303 ], [ -0.013977872541787, 47.226479073257003 ], [ -0.013821005880357, 47.226507118477898 ], [ -0.013801721935779, 47.226502845219599 ], [ -0.013690838053249, 47.226478251432198 ], [ -0.013458740614873, 47.2264264492687 ], [ -0.013346653380379, 47.226401616181803 ], [ -0.01276678275614, 47.226272819276701 ] ] ], [ [ [ -0.026168840607528, 47.213285823804 ], [ -0.026414099730373, 47.212717053572398 ], [ -0.026518347603694, 47.212480807832499 ], [ -0.026636543546964, 47.2122128450047 ], [ -0.027765232370985, 47.212441913908897 ], [ -0.027347030495924, 47.213475494471801 ], [ -0.027230369280447, 47.213444217958902 ], [ -0.026552200138704, 47.2133431071084 ], [ -0.026168840607528, 47.213285823804 ] ] ], [ [ [ -0.017777442620514, 47.211942723697902 ], [ -0.017807907253974, 47.211625613610003 ], [ -0.017828884797229, 47.2114056906847 ], [ -0.017844405541071, 47.2112416774604 ], [ -0.017877856057724, 47.210890614487198 ], [ -0.018279051387777, 47.210905746752502 ], [ -0.019350812483631, 47.210946283236503 ], [ -0.019467880828543, 47.210992061818601 ], [ -0.01955209105866, 47.211295642278998 ], [ -0.019634837952988, 47.211674398408398 ], [ -0.019708585386989, 47.212010594892398 ], [ -0.019825985312413, 47.212321238007398 ], [ -0.019916990739124, 47.212547971835797 ], [ -0.020059013248642, 47.212814367721798 ], [ -0.020196185342392, 47.213017914902302 ], [ -0.020152974632872, 47.213063097083499 ], [ -0.018003452918034, 47.213043896889197 ], [ -0.018023656533834, 47.212798407818099 ], [ -0.018026448802379, 47.2127845508451 ], [ -0.018076203981562, 47.212292878561399 ], [ -0.018117345371139, 47.211961075317298 ], [ -0.018118450034235, 47.211952487701801 ], [ -0.017777442620514, 47.211942723697902 ] ] ], [ [ [ -0.017767662111306, 47.214268366414899 ], [ -0.017778240349902, 47.214004479090903 ], [ -0.017784525439224, 47.213854941358001 ], [ -0.017795540757011, 47.213589420926397 ], [ -0.017798332994244, 47.2135143008027 ], [ -0.017806280972849, 47.2132954382758 ], [ -0.017814229657718, 47.213074233294101 ], [ -0.019497716753529, 47.213091802643298 ], [ -0.020196776653497, 47.213099073285598 ], [ -0.020267619004402, 47.213133893925402 ], [ -0.020300529505736, 47.213150153441497 ], [ -0.020443052781471, 47.213345362350701 ], [ -0.020585317587473, 47.213524180909303 ], [ -0.020613622464418, 47.2135596601657 ], [ -0.020681695985286, 47.213639329001303 ], [ -0.020787084335412, 47.213750097765697 ], [ -0.02102330033213, 47.2139066451236 ], [ -0.021124051299825, 47.214064292826599 ], [ -0.020315356680579, 47.214049795842399 ], [ -0.020293720576911, 47.2143143324231 ], [ -0.017767662111306, 47.214268366414899 ] ] ], [ [ [ -0.024185158031833, 47.213822424244597 ], [ -0.024183330118368, 47.213773461291296 ], [ -0.024181454823958, 47.2137565727392 ], [ -0.024182911084195, 47.213737795340698 ], [ -0.024182865553001, 47.213736985691 ], [ -0.024187292688997, 47.213620559831 ], [ -0.024389381630751, 47.213640329228603 ], [ -0.024437774977476, 47.213515728076402 ], [ -0.024617465870589, 47.213529865475898 ], [ -0.024731057923159, 47.213539512271602 ], [ -0.024998932930679, 47.213579365224497 ], [ -0.025272884892685, 47.213628518635502 ], [ -0.025378523906076, 47.213644859235899 ], [ -0.02541186755781, 47.2135818240003 ], [ -0.025416413933261, 47.213573326581603 ], [ -0.025675537085828, 47.213575116959099 ], [ -0.02583504091034, 47.213575905446497 ], [ -0.025903953896933, 47.213576357529298 ], [ -0.025835302012603, 47.213564096411503 ], [ -0.025676361846563, 47.213535724672603 ], [ -0.025456919981667, 47.213496590266203 ], [ -0.025466968137419, 47.213475426179997 ], [ -0.025531110130443, 47.213353476306402 ], [ -0.026099518652076, 47.213419080966901 ], [ -0.026496538200732, 47.213509972761898 ], [ -0.02647003323049, 47.213588776168102 ], [ -0.026442070022251, 47.213672212421599 ], [ -0.026401347450058, 47.2140152704198 ], [ -0.026394639488183, 47.214074636946997 ], [ -0.026390678118098, 47.214107624482999 ], [ -0.026718083491286, 47.214105646465001 ], [ -0.02689072125583, 47.213564539666102 ], [ -0.02704663168135, 47.213586051753097 ], [ -0.027150106609229, 47.213610916075801 ], [ -0.027279459515955, 47.213698529655197 ], [ -0.027319871521055, 47.2138221625776 ], [ -0.027299513957706, 47.213888012276101 ], [ -0.027232649428343, 47.214102470052701 ], [ -0.027158097331946, 47.214342444876898 ], [ -0.027151701622106, 47.214390902015403 ], [ -0.027154727375291, 47.214461095687298 ], [ -0.02657600123245, 47.2144684707444 ], [ -0.026574827761871, 47.214532197325497 ], [ -0.026573823318681, 47.214587180444603 ], [ -0.02657211081387, 47.214685967374301 ], [ -0.026570368313823, 47.214781872100502 ], [ -0.02656878393361, 47.214873538309902 ], [ -0.026567030515568, 47.214973947975103 ], [ -0.026565115070802, 47.215071478886699 ], [ -0.026574307019619, 47.2151596201575 ], [ -0.026589810834318, 47.2153105716582 ], [ -0.026594231776332, 47.215353881071103 ], [ -0.026693500376215, 47.215346242031202 ], [ -0.026803951158014, 47.215337589961997 ], [ -0.027117143657445, 47.215313188816403 ], [ -0.0272032393057, 47.2153064341489 ], [ -0.02746930080365, 47.215285696280098 ], [ -0.027544209115143, 47.215279864406703 ], [ -0.027600905302337, 47.2152182903151 ], [ -0.027656409237859, 47.2152177404922 ], [ -0.027675538911708, 47.215249854237101 ], [ -0.027702645591693, 47.215252208883001 ], [ -0.027672152478521, 47.2151756158121 ], [ -0.02835085142235, 47.215224632922997 ], [ -0.028406496701078, 47.215268855411701 ], [ -0.028406697491537, 47.2152865084471 ], [ -0.028430462746026, 47.216560796968999 ], [ -0.0283735811302, 47.216600303425402 ], [ -0.028272127916049, 47.216599712380301 ], [ -0.027964726416382, 47.216597928133801 ], [ -0.027759697317565, 47.216596620536201 ], [ -0.02755098977266, 47.216607481207802 ], [ -0.02747016772294, 47.216618693000598 ], [ -0.027169056402029, 47.216660527532397 ], [ -0.027076426983729, 47.216673399007597 ], [ -0.026976966762356, 47.216689421982103 ], [ -0.026827682451055, 47.216712963223799 ], [ -0.026737962702993, 47.216725848486597 ], [ -0.026670527289179, 47.2167329260133 ], [ -0.02649744128698, 47.216754115656599 ], [ -0.026361522952708, 47.216775505206002 ], [ -0.02620745953799, 47.2167987200285 ], [ -0.026036470525185, 47.216819583909697 ], [ -0.025822010974957, 47.216138406134498 ], [ -0.025352170141076, 47.215681833601003 ], [ -0.02509539538795, 47.215458712165002 ], [ -0.02459233697608, 47.215020212043697 ], [ -0.024339588221251, 47.214807434717301 ], [ -0.02431282625644, 47.214785339898597 ], [ -0.02427043492131, 47.214661667720797 ], [ -0.024250881906138, 47.214527939463302 ], [ -0.024249497682619, 47.214421035050101 ], [ -0.025175045721527, 47.2144042537766 ], [ -0.02517331547199, 47.214502770809602 ], [ -0.025614727219024, 47.214491872258399 ], [ -0.025684317139981, 47.214490234676497 ], [ -0.025671172473642, 47.214310661909003 ], [ -0.024237327508003, 47.214315132989 ], [ -0.024223829077096, 47.214223230040297 ], [ -0.024203538334282, 47.214097539310799 ], [ -0.024200105940551, 47.214071772192902 ], [ -0.024185158031833, 47.213822424244597 ] ] ], [ [ [ -0.007248611559531, 47.2337901096179 ], [ -0.007259500832387, 47.233764871606603 ], [ -0.007337252455079, 47.233582399990503 ], [ -0.007407362633146, 47.2334501275365 ], [ -0.00744804278725, 47.233380511897501 ], [ -0.007488032400864, 47.233319833245098 ], [ -0.00761949989753, 47.233121102022501 ], [ -0.00767022099559, 47.233044198500501 ], [ -0.007752697110348, 47.2329154787368 ], [ -0.007854623804993, 47.232756163340198 ], [ -0.007865106504901, 47.2327402152563 ], [ -0.007911684838003, 47.232667293085299 ], [ -0.008031030875729, 47.232514372280399 ], [ -0.008098785349722, 47.232413332190099 ], [ -0.0081899520541, 47.232312314878499 ], [ -0.008418132498038, 47.232395401467002 ], [ -0.008582446625106, 47.232466992509202 ], [ -0.008755303476672, 47.232542325546 ], [ -0.008921719322433, 47.232618366144401 ], [ -0.009252449967576, 47.232758879372099 ], [ -0.009321773821832, 47.232789872410898 ], [ -0.009457821673004, 47.232850304240003 ], [ -0.009794283111819, 47.233005712481301 ], [ -0.009510012542566, 47.233215532420097 ], [ -0.009319199250624, 47.233351121294099 ], [ -0.009152577648871, 47.233481757178097 ], [ -0.009142566514972, 47.233489584871002 ], [ -0.009148442248365, 47.233492945863702 ], [ -0.009037726965327, 47.233575552241298 ], [ -0.008953655056023, 47.233637916725499 ], [ -0.008840844515094, 47.233713820419098 ], [ -0.008741929399392, 47.2337851288775 ], [ -0.008678570319818, 47.233841820087797 ], [ -0.008613213649452, 47.233900635235599 ], [ -0.008486875946211, 47.234013737303698 ], [ -0.008317583806345, 47.2341534503582 ], [ -0.008253247474693, 47.234202148510697 ], [ -0.008060792948796, 47.2341265125756 ], [ -0.007720850914736, 47.234008217365101 ], [ -0.007674830466093, 47.233991844003199 ], [ -0.007454019313243, 47.233901086980197 ], [ -0.007315813850227, 47.233847015231099 ], [ -0.00727122505583, 47.233823126946398 ], [ -0.007248611559531, 47.2337901096179 ] ] ], [ [ [ -0.005370250162799, 47.233539468245397 ], [ -0.00547900745955, 47.233398086449903 ], [ -0.005590274403359, 47.233282675923597 ], [ -0.005680458326258, 47.233197091947901 ], [ -0.00573723980771, 47.233143365888303 ], [ -0.005771775324225, 47.233110487491103 ], [ -0.005909184871498, 47.232980073886999 ], [ -0.005969981067803, 47.232922459698202 ], [ -0.006028642506166, 47.2328668828712 ], [ -0.006055577507206, 47.232844742281799 ], [ -0.006182106188167, 47.232739746171603 ], [ -0.006309106124126, 47.2326266294249 ], [ -0.006406701661266, 47.232536438014002 ], [ -0.006505323286024, 47.2324456793351 ], [ -0.006682254962703, 47.232286490948503 ], [ -0.00685791483611, 47.232357609781097 ], [ -0.007360997958818, 47.232578792300103 ], [ -0.007805071954222, 47.232723935473501 ], [ -0.007808727808536, 47.2327467238865 ], [ -0.007640482731703, 47.232997311860601 ], [ -0.007566019887288, 47.233110868309403 ], [ -0.00750026482189, 47.233212216483899 ], [ -0.007476370743093, 47.233248512985497 ], [ -0.007424774014181, 47.233347601698803 ], [ -0.00735975968513, 47.233478750907899 ], [ -0.007225572892792, 47.233754220384498 ], [ -0.007211956684371, 47.233796916863596 ], [ -0.007212477600793, 47.233810957651997 ], [ -0.007297634862433, 47.233853072718503 ], [ -0.007601580430391, 47.233978159404501 ], [ -0.007718882597291, 47.234022683132402 ], [ -0.007768221372626, 47.234036898234201 ], [ -0.007978694519587, 47.234110715522803 ], [ -0.008226971349228, 47.234207695618998 ], [ -0.008155267691518, 47.234268927542203 ], [ -0.008136509066347, 47.234285901306599 ], [ -0.008113084978536, 47.234306960218603 ], [ -0.007828664904, 47.234563987517902 ], [ -0.007824761689298, 47.2345675123197 ], [ -0.007823628335463, 47.234568532747197 ], [ -0.007811896934368, 47.234562170474199 ], [ -0.007745088659931, 47.2345333725237 ], [ -0.007745074948551, 47.234533363870398 ], [ -0.007370092852637, 47.234379850345498 ], [ -0.007289338744462, 47.234347891497798 ], [ -0.007282852961318, 47.2343454471619 ], [ -0.00726351762998, 47.234337930802198 ], [ -0.006670165747497, 47.234605494806601 ], [ -0.005986563237886, 47.234917379532099 ], [ -0.005711173561629, 47.234631184837099 ], [ -0.005693759363097, 47.234613077668001 ], [ -0.005899739643273, 47.2345237692072 ], [ -0.005761252085248, 47.2344102424602 ], [ -0.005827716563922, 47.234375905216801 ], [ -0.005977220764919, 47.234298512193 ], [ -0.00606901045198, 47.234251085180901 ], [ -0.006103467078169, 47.234233344156301 ], [ -0.00613714629604, 47.234215893563899 ], [ -0.006260043681496, 47.2341523437833 ], [ -0.006286908734853, 47.234138403321602 ], [ -0.00618542547961, 47.2341047292349 ], [ -0.006178059138508, 47.2341149205158 ], [ -0.006172512999891, 47.234122181641297 ], [ -0.006162293855709, 47.2341192034581 ], [ -0.005934705624615, 47.234051502695898 ], [ -0.005851713700141, 47.234026808260801 ], [ -0.005538056363135, 47.233943230959902 ], [ -0.005536446266291, 47.233942822263998 ], [ -0.005411763006304, 47.233920019719299 ], [ -0.005544886053288, 47.233729446533502 ], [ -0.005578444982288, 47.233681458148297 ], [ -0.005590936165004, 47.233663566276803 ], [ -0.005602080104436, 47.233647601273702 ], [ -0.00546885981482, 47.233585650193099 ], [ -0.005370250162799, 47.233539468245397 ] ] ], [ [ [ -0.008206106457776, 47.234291031598097 ], [ -0.008259600872357, 47.234235317515001 ], [ -0.008277926775511, 47.234220066706001 ], [ -0.008439678287335, 47.2340850540849 ], [ -0.008540374656455, 47.233988834342597 ], [ -0.008780809265142, 47.233777903001801 ], [ -0.008849972246489, 47.2337256557039 ], [ -0.008908991811757, 47.233681239465398 ], [ -0.008986252743204, 47.233627160145197 ], [ -0.009193073982267, 47.2334821469818 ], [ -0.009262867498523, 47.233427000098303 ], [ -0.009357315338143, 47.233346797987899 ], [ -0.009418220676325, 47.233298278354098 ], [ -0.0094960038175, 47.233244095003997 ], [ -0.009588431710721, 47.233179801308701 ], [ -0.009681938393855, 47.233111155103302 ], [ -0.009740889998018, 47.233067911354503 ], [ -0.009840882584307, 47.232989907169802 ], [ -0.009916030595826, 47.2329311972723 ], [ -0.009990657989155, 47.232877365805301 ], [ -0.010110444417175, 47.232791459647501 ], [ -0.010565618716362, 47.233063784132803 ], [ -0.010944249853854, 47.233280076723503 ], [ -0.010896940856054, 47.233325721331298 ], [ -0.010833111304267, 47.2333621553528 ], [ -0.010739419592051, 47.233415671878298 ], [ -0.010659012102514, 47.233467852158498 ], [ -0.010561812511633, 47.233548487232198 ], [ -0.010497684403806, 47.233603217458402 ], [ -0.010450971823456, 47.233642990394799 ], [ -0.010343426360363, 47.233718398449 ], [ -0.010270076435401, 47.233776160958499 ], [ -0.010212662981185, 47.2338208965582 ], [ -0.010040950360498, 47.233955089458199 ], [ -0.009856777798502, 47.234095912149499 ], [ -0.009780165149289, 47.234154479796999 ], [ -0.009730450114857, 47.234192618650503 ], [ -0.009678575282843, 47.234232345138203 ], [ -0.009434928053178, 47.234440208564898 ], [ -0.009391448869109, 47.234471608602703 ], [ -0.009339833782106, 47.234508895697097 ], [ -0.009110432856324, 47.2346452158773 ], [ -0.009031733540142, 47.234687800829697 ], [ -0.008657081345543, 47.234535544071299 ], [ -0.008396103531302, 47.234396010925799 ], [ -0.008206106457776, 47.234291031598097 ] ] ], [ [ [ -0.004072069237189, 47.234842070917203 ], [ -0.004135389271962, 47.234618894234202 ], [ -0.004143417400364, 47.234615803172403 ], [ -0.004273554211355, 47.2345657618242 ], [ -0.004503428734448, 47.2344921429751 ], [ -0.004603503850317, 47.2344651333106 ], [ -0.004729983524061, 47.234439601073298 ], [ -0.004926792156954, 47.234427560498098 ], [ -0.00495269363932, 47.234429501467702 ], [ -0.004989750210824, 47.234432234248601 ], [ -0.005076034589861, 47.234447204116798 ], [ -0.005000768252848, 47.234513391320597 ], [ -0.004877990362612, 47.234621712115803 ], [ -0.004787256000414, 47.234695147234703 ], [ -0.004745590512136, 47.234721183017598 ], [ -0.004722919181446, 47.2347202393385 ], [ -0.00467612823805, 47.234798931384397 ], [ -0.004503389536436, 47.234877195340196 ], [ -0.004072069237189, 47.234842070917203 ] ] ], [ [ [ -0.018388648449068, 47.233949208912897 ], [ -0.01871338110885, 47.233442899967201 ], [ -0.019479534093021, 47.2336603308392 ], [ -0.019481963414254, 47.233656483660397 ], [ -0.020333950692739, 47.233951313880098 ], [ -0.019993827830935, 47.234440100330403 ], [ -0.01998170717394, 47.234457443657902 ], [ -0.019974363614653, 47.234467995655997 ], [ -0.019846917660354, 47.234504471054102 ], [ -0.019409948956749, 47.234359548105601 ], [ -0.019399571690642, 47.2343561247284 ], [ -0.01907419332815, 47.234252708225902 ], [ -0.019071911186946, 47.2342568218357 ], [ -0.018833918860473, 47.234169056197402 ], [ -0.018419359170212, 47.234020302504298 ], [ -0.018388648449068, 47.233949208912897 ] ] ], [ [ [ -0.014481482857009, 47.235402119535401 ], [ -0.014599047859941, 47.235250679610203 ], [ -0.014870383722744, 47.234980191371299 ], [ -0.015112626879102, 47.234768839028199 ], [ -0.015487874657104, 47.234398435982399 ], [ -0.01571757807462, 47.234166417071499 ], [ -0.015919347077656, 47.233929268711798 ], [ -0.016400734168554, 47.233338527201198 ], [ -0.01647957213859, 47.233312690548303 ], [ -0.016711079880937, 47.233386395115701 ], [ -0.017053017082886, 47.233495152779803 ], [ -0.017228899772942, 47.233560484623403 ], [ -0.017249677131041, 47.233603097745103 ], [ -0.016711221965594, 47.234272807850601 ], [ -0.016690210596987, 47.234289661533197 ], [ -0.016509529979708, 47.2344995049259 ], [ -0.01629084425337, 47.234753401285197 ], [ -0.016270226290905, 47.2347772718214 ], [ -0.01666925013209, 47.234943825377499 ], [ -0.016698291631912, 47.235004061665897 ], [ -0.01648040891719, 47.235239288339102 ], [ -0.016399351562437, 47.235326985825999 ], [ -0.016424026492545, 47.235337695112101 ], [ -0.016355499035931, 47.2354318232954 ], [ -0.016296287693659, 47.235484536864703 ], [ -0.016190405767657, 47.235551798819998 ], [ -0.016063182626039, 47.235604120307997 ], [ -0.01597877831089, 47.235672264507897 ], [ -0.01590072152632, 47.2357050174544 ], [ -0.015869293285807, 47.235727187224001 ], [ -0.015728778528505, 47.235797242009497 ], [ -0.015631315866203, 47.235856626480398 ], [ -0.015563989018877, 47.235913244605797 ], [ -0.015159194841303, 47.235721701689798 ], [ -0.014951664826235, 47.235627549792198 ], [ -0.014726231461132, 47.235525484765702 ], [ -0.014537631535412, 47.235443362449203 ], [ -0.014481482857009, 47.235402119535401 ] ] ], [ [ [ -0.014303879632681, 47.238094361720101 ], [ -0.014323100973876, 47.238036112853699 ], [ -0.01433636082533, 47.237996577977199 ], [ -0.01443001793357, 47.237977745030001 ], [ -0.01457497375574, 47.237911270309297 ], [ -0.014645533394526, 47.237846190249499 ], [ -0.0146828039995, 47.2377890033233 ], [ -0.0147480461922, 47.237692799632697 ], [ -0.014757272525713, 47.237678054808299 ], [ -0.014788911626564, 47.237600653573502 ], [ -0.014859435604425, 47.237454761837597 ], [ -0.014897215193411, 47.237446751767003 ], [ -0.014993361129067, 47.237479386158903 ], [ -0.015162078880834, 47.2375370697265 ], [ -0.01517017063851, 47.237539832219397 ], [ -0.01561425849359, 47.237705307226797 ], [ -0.015623794749903, 47.2377173115689 ], [ -0.015461994053232, 47.2379079222043 ], [ -0.015463128689059, 47.237930505752999 ], [ -0.015465831013129, 47.2379315165375 ], [ -0.015399942519385, 47.237992601617002 ], [ -0.015254994795462, 47.237931867392902 ], [ -0.015076488128934, 47.237855339139998 ], [ -0.014745025545428, 47.238292259580497 ], [ -0.014726473818831, 47.238275174287999 ], [ -0.014645488314583, 47.238210973474303 ], [ -0.014572114235235, 47.238183422184697 ], [ -0.014560649557135, 47.238179486104698 ], [ -0.014533946041155, 47.238170360742103 ], [ -0.014470880507314, 47.238180379817599 ], [ -0.014461650340162, 47.238178547807003 ], [ -0.01442658901149, 47.238171351575197 ], [ -0.014388723114936, 47.238151885699402 ], [ -0.014303879632681, 47.238094361720101 ] ] ], [ [ [ -0.012395069966075, 47.236099993603297 ], [ -0.012616418659722, 47.2359474795675 ], [ -0.012760167205321, 47.235857164016601 ], [ -0.012970362717934, 47.235729894667102 ], [ -0.013127637991138, 47.235640217922104 ], [ -0.013329472606634, 47.235531363838099 ], [ -0.013370889609273, 47.235508034106402 ], [ -0.013459292571209, 47.235482851834497 ], [ -0.013548143677855, 47.235529371014302 ], [ -0.013671300703634, 47.235600313765403 ], [ -0.014001143051351, 47.235790477840801 ], [ -0.013782825486922, 47.235971024495299 ], [ -0.013669539253292, 47.2360596481995 ], [ -0.013540802913622, 47.236151106055203 ], [ -0.01346535849093, 47.236237574227196 ], [ -0.013384358346766, 47.236331123889798 ], [ -0.013324867122628, 47.236400149731097 ], [ -0.013282000955737, 47.2364495536576 ], [ -0.013210360762223, 47.236523670213501 ], [ -0.013173921616932, 47.236534347649197 ], [ -0.013124703072232, 47.236515266677898 ], [ -0.013002331157022, 47.236446555219104 ], [ -0.012776568165231, 47.236319719748899 ], [ -0.012668139685966, 47.236268483625899 ], [ -0.012603188364934, 47.236237739155797 ], [ -0.012453582187306, 47.236148023031198 ], [ -0.012395069966075, 47.236099993603297 ] ] ], [ [ [ -0.013242100103506, 47.2365636565195 ], [ -0.013284170383017, 47.236485894366098 ], [ -0.013303602531259, 47.236459712874897 ], [ -0.01339411093923, 47.236358798766098 ], [ -0.01347996892453, 47.236262239828399 ], [ -0.01352700188905, 47.236209303963797 ], [ -0.01355177865643, 47.236181722145297 ], [ -0.013798446955292, 47.235983050896699 ], [ -0.01390855777268, 47.235894419551997 ], [ -0.01402360761365, 47.235801875764203 ], [ -0.014039309996894, 47.235789395021698 ], [ -0.014063037863651, 47.2357667053247 ], [ -0.014301675685935, 47.235542835818698 ], [ -0.014385784286907, 47.235469385152797 ], [ -0.014443490462423, 47.235425180407901 ], [ -0.015029325447602, 47.2356891341161 ], [ -0.015142230686071, 47.235739981310097 ], [ -0.015528435834928, 47.235920836623301 ], [ -0.015518029434605, 47.235954621653498 ], [ -0.015416105279576, 47.236042951464903 ], [ -0.015303766357374, 47.236131912546497 ], [ -0.015192632995172, 47.2362022831907 ], [ -0.015128935911825, 47.236236373684797 ], [ -0.015094003102893, 47.2362550307314 ], [ -0.014913713115566, 47.236339993524503 ], [ -0.01481507799209, 47.2364445438199 ], [ -0.014680343575628, 47.2365870609501 ], [ -0.014589945879947, 47.2366828379865 ], [ -0.014566984204445, 47.236707399777004 ], [ -0.014543357036463, 47.236731888782501 ], [ -0.014346480708259, 47.236938635901303 ], [ -0.014276908468532, 47.236988284423703 ], [ -0.014248260027233, 47.236991642281701 ], [ -0.01411295576811, 47.236937683036601 ], [ -0.013965190917204, 47.236869092473903 ], [ -0.013880081027572, 47.236823287095397 ], [ -0.013740726108852, 47.236763126351697 ], [ -0.01358652151721, 47.236704703005998 ], [ -0.013242100103506, 47.2365636565195 ] ] ], [ [ [ -0.009931730365015, 47.2362448164778 ], [ -0.010031005572904, 47.236191696330302 ], [ -0.010120641269239, 47.236143601353703 ], [ -0.009969537838629, 47.2360388757048 ], [ -0.010134264359117, 47.2359427933064 ], [ -0.010231628085767, 47.235890983899402 ], [ -0.010830475863776, 47.2363143530687 ], [ -0.010906962650086, 47.236246418551502 ], [ -0.011072469283593, 47.236119413044001 ], [ -0.011102645464902, 47.2360961059766 ], [ -0.011416027705019, 47.235888679280201 ], [ -0.011487433310353, 47.235831597308902 ], [ -0.011529770210676, 47.235786892594 ], [ -0.011618598569751, 47.235790530094697 ], [ -0.011684557279184, 47.235803861186596 ], [ -0.011733195926181, 47.235822056897803 ], [ -0.011878531266424, 47.2358804428615 ], [ -0.011993055239152, 47.235929539232998 ], [ -0.012038086499858, 47.235949450239403 ], [ -0.012134272321457, 47.2359970411174 ], [ -0.012246275047144, 47.236062509410999 ], [ -0.012275305216112, 47.236080133515799 ], [ -0.012510869553765, 47.236233202119699 ], [ -0.012682248828086, 47.236324334135404 ], [ -0.012714814316206, 47.236343668060599 ], [ -0.012903968282358, 47.2364380314119 ], [ -0.013045841414694, 47.236521911900098 ], [ -0.013194855543304, 47.236598669464797 ], [ -0.013220866397977, 47.236609614964003 ], [ -0.013226550127878, 47.2366118996515 ], [ -0.013239146697874, 47.236617157800197 ], [ -0.012911041096703, 47.237014975960598 ], [ -0.012904357216588, 47.237023167915403 ], [ -0.012879433391344, 47.237036338695802 ], [ -0.012703025044911, 47.237249667897999 ], [ -0.012692482284149, 47.237245653617499 ], [ -0.012669364039459, 47.2372367589631 ], [ -0.012656501495004, 47.237231949116101 ], [ -0.012638821713132, 47.237225210410301 ], [ -0.012622334044996, 47.237218972251803 ], [ -0.012608785634706, 47.237229775125698 ], [ -0.012575460422382, 47.237215776332697 ], [ -0.012459129342571, 47.237167538280303 ], [ -0.012456828414484, 47.237166607085101 ], [ -0.012343504276105, 47.237120092589301 ], [ -0.012358993678795, 47.237096716527098 ], [ -0.012361557768467, 47.237088181242001 ], [ -0.012369599909811, 47.237064097852098 ], [ -0.012363657043249, 47.237026503864399 ], [ -0.01235368504739, 47.2370137898655 ], [ -0.012244893784332, 47.236882921594699 ], [ -0.012127117803513, 47.236841928133998 ], [ -0.011963019915033, 47.236850067404099 ], [ -0.011933633212451, 47.2368685793015 ], [ -0.011819435778799, 47.2369386658102 ], [ -0.011774543344098, 47.236970824159997 ], [ -0.011767169658003, 47.236976151035499 ], [ -0.01174150139188, 47.236994926604403 ], [ -0.011690302082081, 47.2370207622238 ], [ -0.011668279701508, 47.237043226875798 ], [ -0.011593033136216, 47.2370978861452 ], [ -0.01157003272353, 47.237114700411098 ], [ -0.01150037600645, 47.2371652503045 ], [ -0.011474017869908, 47.237124493069302 ], [ -0.011447972045189, 47.237101115426199 ], [ -0.011347627752061, 47.237102101404297 ], [ -0.011309642658893, 47.237137143184398 ], [ -0.011239318889013, 47.237201764563501 ], [ -0.011236544011503, 47.237204179055702 ], [ -0.011192404011786, 47.237245056510901 ], [ -0.011183845428861, 47.237252846613401 ], [ -0.01111285060912, 47.237284241482797 ], [ -0.011098362152877, 47.2372947983228 ], [ -0.011095313011753, 47.237297039754303 ], [ -0.011065752299717, 47.2373171775874 ], [ -0.010973502609773, 47.237380026118501 ], [ -0.010928187843847, 47.237411744627003 ], [ -0.010736584024686, 47.237474381549703 ], [ -0.010694815636772, 47.237460781770999 ], [ -0.010655465150265, 47.237447839894003 ], [ -0.010692832261225, 47.237333263399599 ], [ -0.010698462717935, 47.237296810145203 ], [ -0.010682221065039, 47.237297322205102 ], [ -0.010638784620317, 47.2372988110668 ], [ -0.010595844202465, 47.237271367577598 ], [ -0.010577920302521, 47.237284355987299 ], [ -0.010548256973114, 47.237262513601003 ], [ -0.010519340160843, 47.237230381355701 ], [ -0.010488214794704, 47.237239118035497 ], [ -0.010460470185361, 47.237220829450997 ], [ -0.010363926580829, 47.237284960227797 ], [ -0.010292026682182, 47.237241151502701 ], [ -0.010149263778154, 47.237153146624301 ], [ -0.010200991524267, 47.237096576703699 ], [ -0.010169470891273, 47.2370817195347 ], [ -0.010162029815992, 47.237078759615102 ], [ -0.010149690851392, 47.237066287108398 ], [ -0.010156531548571, 47.237006558782099 ], [ -0.010181506546854, 47.237015549840002 ], [ -0.010183939515346, 47.237016477649298 ], [ -0.010227867722893, 47.237016687920899 ], [ -0.010283428315989, 47.2369978569184 ], [ -0.010287071312368, 47.2369967712742 ], [ -0.010293623501684, 47.236988582901503 ], [ -0.010330709090227, 47.236944555659903 ], [ -0.010332342107502, 47.2369288372754 ], [ -0.010337167087289, 47.236920513585098 ], [ -0.010335764968395, 47.2369096489086 ], [ -0.010298678842721, 47.236889891216997 ], [ -0.0102334982803, 47.236883386074801 ], [ -0.010195193027776, 47.236917444785597 ], [ -0.010206044708264, 47.236905721245897 ], [ -0.010232739296312, 47.236876919185796 ], [ -0.010226421527032, 47.236872758898201 ], [ -0.010225888616594, 47.2368608806323 ], [ -0.010205994653672, 47.236871757962199 ], [ -0.010225387506448, 47.236835397688097 ], [ -0.010240107752329, 47.236828979155298 ], [ -0.010260645907419, 47.236820157194501 ], [ -0.010274379989792, 47.236815025559203 ], [ -0.010275675657805, 47.236814541442598 ], [ -0.010287415535397, 47.2368045065639 ], [ -0.010306825166019, 47.236775533360202 ], [ -0.010311219711237, 47.236764247824297 ], [ -0.010312247266453, 47.236761338195102 ], [ -0.010354328912973, 47.236766371245103 ], [ -0.010388536020808, 47.236739446093402 ], [ -0.010420471695374, 47.236594019192999 ], [ -0.010219093051202, 47.236425373485801 ], [ -0.010112916051187, 47.236355247370703 ], [ -0.01005139575694, 47.236312520271802 ], [ -0.009931730365015, 47.2362448164778 ] ], [ [ -0.011096227432119, 47.2369615142618 ], [ -0.011119953832604, 47.236990718121902 ], [ -0.011233001330568, 47.237039403172702 ], [ -0.011282687553326, 47.237057391683798 ], [ -0.011319740394274, 47.237050572862501 ], [ -0.011410855566685, 47.237000546538503 ], [ -0.011450805582973, 47.236910858032999 ], [ -0.011438697553439, 47.236881262214702 ], [ -0.011433049356263, 47.236867805135901 ], [ -0.011367219216229, 47.236814289596097 ], [ -0.01130616831592, 47.236820110405702 ], [ -0.011261406946193, 47.236842805509902 ], [ -0.01117195649639, 47.2368517066148 ], [ -0.011109506126361, 47.236896303147297 ], [ -0.011096227432119, 47.2369615142618 ] ] ], [ [ [ -0.011271498384303, 47.235587294157398 ], [ -0.011589733281106, 47.235346136492097 ], [ -0.011582745096401, 47.235341813517799 ], [ -0.011797283924184, 47.235216505522203 ], [ -0.012018793715562, 47.235109394642997 ], [ -0.012063294200935, 47.235086796058198 ], [ -0.012077529704522, 47.235095345121799 ], [ -0.012262604180891, 47.235001343234202 ], [ -0.012287323545292, 47.234989258973002 ], [ -0.012195607989103, 47.234934074416003 ], [ -0.012428603757418, 47.234762879044901 ], [ -0.012109125931151, 47.2345733422286 ], [ -0.012224859423173, 47.234556729890997 ], [ -0.012400993734748, 47.234503861839002 ], [ -0.012574705844463, 47.234436101222897 ], [ -0.012775988026908, 47.2343882545658 ], [ -0.012876871329336, 47.234349774956101 ], [ -0.012947519235521, 47.2342981171752 ], [ -0.013023914761458, 47.234228651873103 ], [ -0.013130155558064, 47.234132373867197 ], [ -0.013451553464947, 47.233940859037197 ], [ -0.013505276741476, 47.233920002021797 ], [ -0.013618268959057, 47.233856881973402 ], [ -0.013695988446701, 47.233813418331302 ], [ -0.013848650900282, 47.233745392324202 ], [ -0.014037940381092, 47.233660647289703 ], [ -0.014078700665642, 47.233649226471002 ], [ -0.014315704104067, 47.233629907931402 ], [ -0.014679247206399, 47.233569728418601 ], [ -0.014902630752622, 47.233524546221801 ], [ -0.015087806199822, 47.233498556381498 ], [ -0.01537395911896, 47.233471199840203 ], [ -0.015622892865816, 47.2331387683667 ], [ -0.015699722081766, 47.233105416785499 ], [ -0.015704156299879, 47.233106652762302 ], [ -0.015865765242976, 47.233148663869599 ], [ -0.016317984086746, 47.233266355307997 ], [ -0.016351574598928, 47.233315752309601 ], [ -0.015981327787688, 47.233772697093301 ], [ -0.015878739496496, 47.233898613201902 ], [ -0.015703739734485, 47.234113082346902 ], [ -0.015502158795494, 47.234318242697498 ], [ -0.015391583223898, 47.2344291405931 ], [ -0.015264761125948, 47.234554605576598 ], [ -0.015119994536405, 47.234697384528999 ], [ -0.015068230641866, 47.234748462219599 ], [ -0.01504052431396, 47.234775670180603 ], [ -0.014636671193068, 47.235183303023803 ], [ -0.014571638153872, 47.235245446610399 ], [ -0.014223077793841, 47.235580106289099 ], [ -0.014059140773589, 47.235730229361103 ], [ -0.014026677507747, 47.235759903163398 ], [ -0.014015614102964, 47.235770191129703 ], [ -0.013527287816586, 47.2354853178892 ], [ -0.013457344478627, 47.235476415876803 ], [ -0.013382183875674, 47.235492424775501 ], [ -0.01311542375712, 47.235632337158599 ], [ -0.013052985371581, 47.235667655060602 ], [ -0.01296331890684, 47.235724582208 ], [ -0.01260924781337, 47.235942260482098 ], [ -0.012387517993464, 47.236095054687802 ], [ -0.01214629717192, 47.235949610507603 ], [ -0.011959010450491, 47.235867269754699 ], [ -0.011397179120312, 47.235665561195802 ], [ -0.011271498384303, 47.235587294157398 ] ] ], [ [ [ -0.015606927733044, 47.235921767030803 ], [ -0.015678635203778, 47.235860710460301 ], [ -0.015725876636455, 47.2358280389074 ], [ -0.015796522781094, 47.235792866284797 ], [ -0.015918470148519, 47.2357219432809 ], [ -0.015997919287091, 47.235688072979599 ], [ -0.016024557996105, 47.235663054795403 ], [ -0.016062747618471, 47.235627015007204 ], [ -0.016083807641664, 47.2356180882988 ], [ -0.016153786129825, 47.235587527514198 ], [ -0.016196093715272, 47.235570660189303 ], [ -0.01627698608405, 47.235520085089597 ], [ -0.01633101686479, 47.235478767890399 ], [ -0.016385717187807, 47.235425811359299 ], [ -0.016449244903912, 47.2353486605219 ], [ -0.016514792391489, 47.235276862588101 ], [ -0.016529439045258, 47.235259724181901 ], [ -0.016586856203254, 47.235193903741198 ], [ -0.016607629036681, 47.235177506763598 ], [ -0.016806668178463, 47.234960068092697 ], [ -0.016434502377677, 47.234791284279702 ], [ -0.016409235201842, 47.234718156604899 ], [ -0.016767232787526, 47.234273872223497 ], [ -0.017294981055857, 47.233627864604401 ], [ -0.017352669110395, 47.233609335004097 ], [ -0.01741232061693, 47.233628142493103 ], [ -0.017689729149955, 47.233758398961299 ], [ -0.017696128707927, 47.233761655801104 ], [ -0.017699394526102, 47.233763282501002 ], [ -0.017785443294491, 47.233806988517699 ], [ -0.017808852576739, 47.233818721480503 ], [ -0.018076798877038, 47.233950034324799 ], [ -0.01833527462331, 47.234058709852903 ], [ -0.018379906871794, 47.234073853938398 ], [ -0.018795932022405, 47.2342157225915 ], [ -0.018639355448212, 47.234404760917201 ], [ -0.01851425997438, 47.234556131223499 ], [ -0.018414462301451, 47.2346586430861 ], [ -0.018289901430628, 47.2347865752158 ], [ -0.018272377417061, 47.234780725220098 ], [ -0.01825997347849, 47.234776543701201 ], [ -0.018115709218586, 47.234975260713199 ], [ -0.017790424429015, 47.235292928774598 ], [ -0.017591035310649, 47.235501729448998 ], [ -0.017585531751452, 47.235507368386202 ], [ -0.017508074670248, 47.235588486289402 ], [ -0.017490124609713, 47.235610395633302 ], [ -0.017269122847561, 47.235818316986702 ], [ -0.017212354314648, 47.235874481012701 ], [ -0.01716436959267, 47.235929245103897 ], [ -0.017120672590705, 47.2359684917894 ], [ -0.017062306811941, 47.236015057466801 ], [ -0.017023187950506, 47.236051031690401 ], [ -0.016954449579548, 47.236153183889101 ], [ -0.016857023994957, 47.2362980657877 ], [ -0.016848912311034, 47.236309088015503 ], [ -0.016800506306208, 47.2363752144919 ], [ -0.01677870995253, 47.236382809112001 ], [ -0.016607154795939, 47.2363381750366 ], [ -0.016393668590179, 47.236265262202402 ], [ -0.015609631536558, 47.235932237432102 ], [ -0.015606927733044, 47.235921767030803 ] ] ], [ [ [ -0.014226766502939, 47.237143826031897 ], [ -0.014310839346342, 47.237013078011202 ], [ -0.014429638383947, 47.236885931176502 ], [ -0.014911339622173, 47.236382578681301 ], [ -0.014937704024055, 47.236359730119602 ], [ -0.014973633975694, 47.236337623685799 ], [ -0.015183252725178, 47.236235500928302 ], [ -0.015282499260419, 47.236177241651603 ], [ -0.015575370470652, 47.235948714946097 ], [ -0.015775857080116, 47.236028093808798 ], [ -0.016385716688458, 47.236283847966497 ], [ -0.016615740483751, 47.2363662404302 ], [ -0.016660542408823, 47.2363796690355 ], [ -0.016779313506385, 47.236414776072898 ], [ -0.016536137709931, 47.236689670889902 ], [ -0.016264263207331, 47.237002430004601 ], [ -0.016153044278534, 47.237125507570198 ], [ -0.015662875669053, 47.237652329278198 ], [ -0.015540087041249, 47.237609307424897 ], [ -0.015498398953855, 47.237594806334201 ], [ -0.015179280691627, 47.237482927359302 ], [ -0.01495287348344, 47.237408456102003 ], [ -0.014820394989546, 47.237360099917403 ], [ -0.01465077605197, 47.237309916945499 ], [ -0.01462320384342, 47.237301805221101 ], [ -0.014360091019933, 47.237195494264597 ], [ -0.014226766502939, 47.237143826031897 ] ] ], [ [ [ -0.012601930469212, 47.237520499465496 ], [ -0.012601649868684, 47.237451766703401 ], [ -0.012621769286045, 47.237411873530498 ], [ -0.012729704724958, 47.237277263110798 ], [ -0.01286615088796, 47.237115604490697 ], [ -0.013251111740624, 47.236663063805302 ], [ -0.013317535259007, 47.236649264260102 ], [ -0.01342083782179, 47.236691623913003 ], [ -0.013650818750735, 47.236785104590197 ], [ -0.013815999043707, 47.236850539845904 ], [ -0.01400905653677, 47.236936601586898 ], [ -0.014229240760858, 47.237053489587197 ], [ -0.014253023981198, 47.237071880343898 ], [ -0.014185350868331, 47.237174273255597 ], [ -0.014059735918806, 47.237281326399298 ], [ -0.013979765539768, 47.237402688032802 ], [ -0.013953853498001, 47.237410028774804 ], [ -0.013674983747354, 47.237301062982901 ], [ -0.013280029101268, 47.2371270057183 ], [ -0.013295316694486, 47.237000930044097 ], [ -0.013212623162572, 47.236899114306503 ], [ -0.013203109887399, 47.236894586807303 ], [ -0.013145234196412, 47.236900416116299 ], [ -0.013104777876023, 47.236919666611101 ], [ -0.013045110666867, 47.236945452751897 ], [ -0.013030956613703, 47.236971406859297 ], [ -0.013026914764425, 47.237003134192101 ], [ -0.01303058922961, 47.237023849870603 ], [ -0.013012057115584, 47.2370472150523 ], [ -0.012959692112174, 47.237104163242599 ], [ -0.012960452668058, 47.237131891756597 ], [ -0.012966247506527, 47.237147957620998 ], [ -0.01303701389835, 47.2371738659374 ], [ -0.013176567978086, 47.2371833006328 ], [ -0.0130265450862, 47.237364682385802 ], [ -0.013032370225057, 47.2373812880098 ], [ -0.013053607101067, 47.237389654924101 ], [ -0.013084464210733, 47.237402096105399 ], [ -0.013214626881111, 47.237236906676699 ], [ -0.013198893873474, 47.237199297010399 ], [ -0.013241883096486, 47.2371733138298 ], [ -0.013284359061375, 47.237147614253701 ], [ -0.013309186465059, 47.2371586806034 ], [ -0.013622983825724, 47.237298451259797 ], [ -0.013675178832933, 47.237321058304701 ], [ -0.013784230167709, 47.2373597545755 ], [ -0.013979066747555, 47.237435049192598 ], [ -0.013985837204452, 47.237426044095599 ], [ -0.01408213647367, 47.237289212402302 ], [ -0.014159631830813, 47.237220438634701 ], [ -0.014187846173189, 47.237197542151897 ], [ -0.014221279179594, 47.2371969428008 ], [ -0.014393426707476, 47.2372615654048 ], [ -0.014585406503569, 47.237342519029497 ], [ -0.014616302481348, 47.2373603643153 ], [ -0.014842991033942, 47.237428072000597 ], [ -0.014766520403965, 47.237581145603102 ], [ -0.014705852527854, 47.237711735509798 ], [ -0.014641125769292, 47.237814772748699 ], [ -0.014614640844008, 47.237844921786603 ], [ -0.014567135374714, 47.2377927331043 ], [ -0.014496388061385, 47.2377530411324 ], [ -0.014452951358738, 47.237728584958496 ], [ -0.014407631519826, 47.2377130067594 ], [ -0.014352157447395, 47.237707422599698 ], [ -0.014185194997514, 47.237784830027202 ], [ -0.014146130275748, 47.237817107996399 ], [ -0.014128207660838, 47.237879647465398 ], [ -0.014143911639171, 47.2379285192563 ], [ -0.014152910095439, 47.237938015126701 ], [ -0.014197074581919, 47.237984885357299 ], [ -0.014212272979419, 47.237989354998298 ], [ -0.013973193899072, 47.238017294513 ], [ -0.014058091000663, 47.238169675046798 ], [ -0.014029309618593, 47.238198982744301 ], [ -0.013997192545246, 47.2382230617714 ], [ -0.013883900767784, 47.238163034089098 ], [ -0.013750044401742, 47.238090117434098 ], [ -0.013699572713532, 47.238062870908401 ], [ -0.013655932470264, 47.238039500837303 ], [ -0.013622384563403, 47.2380215440798 ], [ -0.013602460741375, 47.237994133737601 ], [ -0.013561222970119, 47.237997098065001 ], [ -0.013442004272645, 47.237935151988303 ], [ -0.013437468140736, 47.237896710639099 ], [ -0.013332494937234, 47.237822231616903 ], [ -0.013407348337251, 47.2377582118867 ], [ -0.013496862583359, 47.237707955272697 ], [ -0.01351042627549, 47.237659673688398 ], [ -0.013478261970707, 47.237638077239602 ], [ -0.013469196199175, 47.237632096652803 ], [ -0.013249796976583, 47.237654288609697 ], [ -0.013230450695027, 47.237656052946598 ], [ -0.013070696363547, 47.237670927757897 ], [ -0.013026631603587, 47.237680091650098 ], [ -0.013016561701391, 47.237682155309898 ], [ -0.013004661759788, 47.2376869693054 ], [ -0.012990688752543, 47.237692557934601 ], [ -0.012965196929476, 47.2377026803685 ], [ -0.012867210600183, 47.2376631550976 ], [ -0.012804277154013, 47.237637763756403 ], [ -0.012646530039662, 47.237603485757802 ], [ -0.012642945500963, 47.237598533804601 ], [ -0.012623169548112, 47.237571389737901 ], [ -0.012601930469212, 47.237520499465496 ] ] ], [ [ [ -0.010707529900301, 47.231122219617802 ], [ -0.010739939295043, 47.2310750702243 ], [ -0.010756936939859, 47.231050303723599 ], [ -0.010915933059296, 47.230819140433098 ], [ -0.010948309584666, 47.2307430722934 ], [ -0.010953218362858, 47.2307055565593 ], [ -0.010901105446692, 47.230464653404397 ], [ -0.011084382088248, 47.230518270282303 ], [ -0.011557212832104, 47.230758960066602 ], [ -0.011449849443821, 47.230931934328503 ], [ -0.011413864121329, 47.231014402850398 ], [ -0.011341015352829, 47.231109361191301 ], [ -0.011206314306273, 47.231299622572202 ], [ -0.01091198372331, 47.231202043856499 ], [ -0.010707529900301, 47.231122219617802 ] ] ], [ [ [ -0.010020562063347, 47.231368090288697 ], [ -0.010256483963225, 47.231124118611199 ], [ -0.010065203451842, 47.231322064818002 ], [ -0.010063460218036, 47.231324002034498 ], [ -0.010020562063347, 47.231368090288697 ] ] ], [ [ [ -0.019655362895748, 47.231716061773 ], [ -0.019703903830218, 47.231579478059501 ], [ -0.019806150228702, 47.231308788609098 ], [ -0.019865466436143, 47.2311474188351 ], [ -0.01995561524976, 47.230899207187299 ], [ -0.020137457156814, 47.230411482253601 ], [ -0.020208837427706, 47.230224752047199 ], [ -0.020301212446932, 47.2299785540554 ], [ -0.020389349265466, 47.2299347239287 ], [ -0.021042797405153, 47.2300113841168 ], [ -0.021289507677191, 47.230056844473303 ], [ -0.021403416552076, 47.230073874683796 ], [ -0.021521437230857, 47.2300816982182 ], [ -0.021732272373516, 47.230084218149898 ], [ -0.021766284769837, 47.230084592410897 ], [ -0.022309332231904, 47.230185386562802 ], [ -0.022431594016147, 47.230216882974098 ], [ -0.022894858216832, 47.230345341880103 ], [ -0.022929094702081, 47.230387332702598 ], [ -0.02294770086206, 47.230410091141103 ], [ -0.022753682233619, 47.230666691186499 ], [ -0.022625524459965, 47.230836165067899 ], [ -0.022624030660846, 47.2308378257013 ], [ -0.022397080532923, 47.231103932975302 ], [ -0.022199901560704, 47.231302054231001 ], [ -0.022007841708848, 47.231539502073602 ], [ -0.021903811873069, 47.231693570538297 ], [ -0.021850093464993, 47.2317967759558 ], [ -0.021768609050513, 47.231980166960902 ], [ -0.021762351570618, 47.232017087853301 ], [ -0.021722662699287, 47.232120467862899 ], [ -0.019655362895748, 47.231716061773 ] ] ], [ [ [ -0.010020562063347, 47.231368090288697 ], [ -0.010092830459044, 47.231399727091102 ], [ -0.010121849543734, 47.231412487007802 ], [ -0.010020562063347, 47.231368090288697 ] ] ], [ [ [ -0.001220159190588, 47.234017939168503 ], [ -0.001223505839042, 47.234011546087501 ], [ -0.00136090153455, 47.233747983447898 ], [ -0.001437150187025, 47.233587988011898 ], [ -0.001679925702073, 47.233032411437001 ], [ -0.001690705450498, 47.233007537208302 ], [ -0.001724930345602, 47.232931153926103 ], [ -0.001812600010387, 47.232764916227097 ], [ -0.001880559467254, 47.232615225359098 ], [ -0.001925649418482, 47.232522614311598 ], [ -0.002187705274923, 47.232151404553399 ], [ -0.002305047341323, 47.231986019199603 ], [ -0.002318789624562, 47.231966833987897 ], [ -0.002590319199723, 47.231594837073402 ], [ -0.003824223207933, 47.231961871633096 ], [ -0.003848560946719, 47.231968988580903 ], [ -0.004359537957237, 47.232118716607999 ], [ -0.004579398449157, 47.231809316746698 ], [ -0.004662655732442, 47.231692110740198 ], [ -0.004782779504359, 47.231550614880902 ], [ -0.004819690936984, 47.231546054004497 ], [ -0.005063497095654, 47.231613065828 ], [ -0.005248347238023, 47.231692507369601 ], [ -0.005375203154717, 47.231744803701297 ], [ -0.005757469537606, 47.231882368203799 ], [ -0.005883228405957, 47.231926854478303 ], [ -0.005969723911074, 47.231957494081598 ], [ -0.006181737407085, 47.232028301430297 ], [ -0.006209072875234, 47.232044079015303 ], [ -0.006258450688553, 47.232094510577397 ], [ -0.006303550746266, 47.232127575310997 ], [ -0.006408562327938, 47.232177103916598 ], [ -0.006626168427431, 47.232269837854403 ], [ -0.006236967546814, 47.232637510214801 ], [ -0.006201324813236, 47.232624560816902 ], [ -0.00594967773827, 47.2325333398149 ], [ -0.005923952813926, 47.232562926605098 ], [ -0.005636150621285, 47.232468498646298 ], [ -0.005220881556017, 47.233053784249798 ], [ -0.005203581371305, 47.233077927041499 ], [ -0.005172372567383, 47.233066213707701 ], [ -0.005121996488658, 47.233047609947903 ], [ -0.004966125088012, 47.2329897593483 ], [ -0.004730596065421, 47.233272088089997 ], [ -0.004857865500555, 47.233317527352 ], [ -0.005149917211591, 47.233421667072498 ], [ -0.005349520075594, 47.2334927978888 ], [ -0.00529087031205, 47.233579365543498 ], [ -0.005266324246458, 47.233615858634501 ], [ -0.005228152473756, 47.233709102467301 ], [ -0.005204143163533, 47.233802519528503 ], [ -0.005200410932439, 47.233899014362301 ], [ -0.005197617874348, 47.234059630067001 ], [ -0.005155892553085, 47.234318824661401 ], [ -0.005123052531408, 47.234405713820401 ], [ -0.005108557321255, 47.234418522378597 ], [ -0.005004395565842, 47.234405547706601 ], [ -0.004922218179102, 47.234395426321299 ], [ -0.004828232412098, 47.234398854550797 ], [ -0.004694242419224, 47.234410707540299 ], [ -0.004624716240229, 47.234423411431798 ], [ -0.004551743186908, 47.234440709233503 ], [ -0.004304463131033, 47.234517662389003 ], [ -0.004037978105077, 47.234615473566699 ], [ -0.003891268730033, 47.234650628693899 ], [ -0.003779966535293, 47.234668469143699 ], [ -0.003607827988622, 47.234684102579003 ], [ -0.003430693728627, 47.234686081238699 ], [ -0.003288989309744, 47.234675879924097 ], [ -0.003194073570451, 47.234636627540802 ], [ -0.003126301449309, 47.234612077263101 ], [ -0.003058363067609, 47.2346105946813 ], [ -0.002963279830641, 47.234596752259598 ], [ -0.002870886426036, 47.234595542957003 ], [ -0.00282832064758, 47.234622051817702 ], [ -0.002825923091146, 47.234621753581997 ], [ -0.002581444977997, 47.234597367535102 ], [ -0.002369525950155, 47.234504658857098 ], [ -0.002212634042786, 47.234435659654501 ], [ -0.00186010905502, 47.234286051461602 ], [ -0.001402843395664, 47.234096451926398 ], [ -0.001383127242916, 47.234082097522602 ], [ -0.00131575790859, 47.234057625879103 ], [ -0.001323126652662, 47.234045092490703 ], [ -0.001257782295084, 47.234023721566203 ], [ -0.00125212446007, 47.2340218860964 ], [ -0.001249698840948, 47.234025822853901 ], [ -0.001220159190588, 47.234017939168503 ] ] ], [ [ [ -0.006704657375645, 47.232285008720503 ], [ -0.007105483750146, 47.2320543327452 ], [ -0.007205818106424, 47.231996592633003 ], [ -0.007370362525287, 47.2319139422181 ], [ -0.007523905277643, 47.231828513992099 ], [ -0.007653409312113, 47.2317649711919 ], [ -0.007780475726565, 47.231660229463102 ], [ -0.008058740946959, 47.231489669357998 ], [ -0.008107655326559, 47.231475065901897 ], [ -0.008175650023604, 47.231468165424403 ], [ -0.008270357736277, 47.231473004044602 ], [ -0.00845711343731, 47.231498966644899 ], [ -0.008534719893811, 47.231510195132401 ], [ -0.008575432399131, 47.231512111062102 ], [ -0.008631408805617, 47.231514982018801 ], [ -0.008739749616901, 47.231501087525302 ], [ -0.00884116061854, 47.231479174519201 ], [ -0.008894546267619, 47.231461751861303 ], [ -0.009534895154278, 47.231729721807298 ], [ -0.010867901452701, 47.232301860627601 ], [ -0.009649058211213, 47.231778712544099 ], [ -0.009649577552102, 47.231778302650198 ], [ -0.01005826642896, 47.231479275250599 ], [ -0.010244521045739, 47.231578943206898 ], [ -0.010545653706181, 47.2312618338688 ], [ -0.010608463678866, 47.2311954257869 ], [ -0.011063099732192, 47.231342624447997 ], [ -0.011066340009167, 47.231343801531096 ], [ -0.011213692137673, 47.2313959193419 ], [ -0.011331431126046, 47.231445923649503 ], [ -0.01148727113312, 47.231533857324798 ], [ -0.011506939699163, 47.231544967995802 ], [ -0.0116471556722, 47.231608982706902 ], [ -0.011844309199703, 47.231709536090698 ], [ -0.011991619519999, 47.231791564579503 ], [ -0.012222750387857, 47.2319437577519 ], [ -0.012406901483383, 47.2320577115823 ], [ -0.012123604903473, 47.232270486117002 ], [ -0.011769483095422, 47.232531768451302 ], [ -0.011934758731419, 47.232622789736801 ], [ -0.011894794099307, 47.232650766053403 ], [ -0.01181196706262, 47.2327116589273 ], [ -0.011705952473062, 47.232814326439197 ], [ -0.011574570521975, 47.232936392273103 ], [ -0.011509676058481, 47.232982133842903 ], [ -0.011404783333409, 47.233038734910103 ], [ -0.011297478789389, 47.233092425520297 ], [ -0.011213856327095, 47.233134419290998 ], [ -0.011098061085793, 47.233192384489399 ], [ -0.011025108443964, 47.233228875515998 ], [ -0.010963173520714, 47.233266071209897 ], [ -0.010504010464621, 47.233009978290497 ], [ -0.010373588622885, 47.232929581274099 ], [ -0.010127290176608, 47.232778138891497 ], [ -0.010159442097101, 47.232752348194403 ], [ -0.010148319716329, 47.2327474118052 ], [ -0.009811858794098, 47.2329959764905 ], [ -0.009469959335287, 47.232835574302499 ], [ -0.009133891527994, 47.232689524490098 ], [ -0.008963994723551, 47.232615106139797 ], [ -0.008783930915239, 47.232536266777402 ], [ -0.00844552087673, 47.232388474032597 ], [ -0.008383282418527, 47.232361170480701 ], [ -0.008197926336857, 47.232294089492001 ], [ -0.00845093586294, 47.231974721869499 ], [ -0.008437076666511, 47.231968144636397 ], [ -0.008259892638328, 47.232186532759201 ], [ -0.008082565028481, 47.232404744098901 ], [ -0.008043975171615, 47.232452593640097 ], [ -0.007935496915498, 47.232591718580601 ], [ -0.007841254504643, 47.232725248537299 ], [ -0.007381493476054, 47.2325715935632 ], [ -0.007290713062542, 47.232532957924398 ], [ -0.007104511101382, 47.232453104136098 ], [ -0.006704657375645, 47.232285008720503 ] ] ], [ [ [ -0.019472382206931, 47.228432368291202 ], [ -0.01954797759469, 47.2282641776251 ], [ -0.019581370928739, 47.228189972081999 ], [ -0.01962441105928, 47.2280944334723 ], [ -0.019686402960188, 47.2279784003751 ], [ -0.019714230213161, 47.227934610913202 ], [ -0.019845851603983, 47.227739643760302 ], [ -0.020050585407336, 47.227360603640001 ], [ -0.020094367570709, 47.227275946636802 ], [ -0.02014246920685, 47.227183429058002 ], [ -0.020328654287864, 47.227237045615297 ], [ -0.020345849781377, 47.227211191256799 ], [ -0.020431080119706, 47.227082749726101 ], [ -0.020523998119348, 47.226942846126299 ], [ -0.021066779689429, 47.227093653635997 ], [ -0.02137042498632, 47.227178170567598 ], [ -0.021287769057291, 47.227298257190398 ], [ -0.021625142410351, 47.227401624225799 ], [ -0.021883761010289, 47.227492089061897 ], [ -0.02181581348172, 47.227579719481803 ], [ -0.021760949177137, 47.227650701875703 ], [ -0.021679191113651, 47.227756170347497 ], [ -0.021793166302075, 47.227793288978397 ], [ -0.021910624071979, 47.227838244813299 ], [ -0.022019559206708, 47.2278821615349 ], [ -0.022113882769962, 47.227920242898797 ], [ -0.022202650276017, 47.227955946524901 ], [ -0.022294140081779, 47.2279930205545 ], [ -0.022494002267859, 47.228073394839399 ], [ -0.022534866626676, 47.228089806758902 ], [ -0.022551784240173, 47.228096662918901 ], [ -0.02260700141847, 47.228119006862897 ], [ -0.022666947085897, 47.228143119366301 ], [ -0.023267329659954, 47.227655099038302 ], [ -0.02334136532209, 47.227678122785001 ], [ -0.023406106606642, 47.227698145689999 ], [ -0.023539225840979, 47.227739357788302 ], [ -0.023822951851521, 47.227827000975502 ], [ -0.024034941202166, 47.227901920866699 ], [ -0.024201717399479, 47.227965407571297 ], [ -0.024262405384841, 47.227988598962703 ], [ -0.024381884930081, 47.228020075774303 ], [ -0.023789807049192, 47.228582752195599 ], [ -0.023359865067924, 47.228392795272299 ], [ -0.02325486867627, 47.228374273195101 ], [ -0.02311515514269, 47.2285309860575 ], [ -0.022922804508607, 47.228746551128701 ], [ -0.022885124586068, 47.228793841795003 ], [ -0.0226630958508, 47.228763867601003 ], [ -0.022585932124041, 47.2287534478696 ], [ -0.022158977702526, 47.228694223022202 ], [ -0.022021935433555, 47.228675004131503 ], [ -0.021895950731805, 47.228657208439799 ], [ -0.021748643579107, 47.228636545197702 ], [ -0.021634925321473, 47.228620501439998 ], [ -0.021526152735647, 47.228650095597303 ], [ -0.021473816545631, 47.2286625418146 ], [ -0.021393933115483, 47.228681382197998 ], [ -0.021327066500466, 47.228687089952899 ], [ -0.021279950832583, 47.228684174312001 ], [ -0.020886747648522, 47.228618298794302 ], [ -0.020499945190132, 47.228553336211299 ], [ -0.020026687776474, 47.228505581243503 ], [ -0.019472382206931, 47.228432368291202 ] ] ], [ [ [ -0.014392812766975, 47.229320237918401 ], [ -0.014419831097423, 47.229240704327196 ], [ -0.014460273837547, 47.229136406475803 ], [ -0.014608457987852, 47.228752902476998 ], [ -0.01465703660473, 47.228623887748299 ], [ -0.014696762605549, 47.228518617399502 ], [ -0.014735431026852, 47.228415716945001 ], [ -0.01477652871647, 47.228308969385203 ], [ -0.014833306766424, 47.228161092091398 ], [ -0.014888253992342, 47.228018307560099 ], [ -0.014925863384886, 47.227920119357897 ], [ -0.014970670462298, 47.227860663693697 ], [ -0.015024955148092, 47.227788618734699 ], [ -0.0151238220931, 47.2276861335706 ], [ -0.015548264405064, 47.227245797430399 ], [ -0.015645626621554, 47.227265065629098 ], [ -0.015947079152766, 47.227324788157702 ], [ -0.016156760895114, 47.227368249887299 ], [ -0.016691527025839, 47.227468294045003 ], [ -0.017038441657276, 47.227527370625801 ], [ -0.017116718352312, 47.227512899505001 ], [ -0.017295823994315, 47.227482829231597 ], [ -0.017685820895985, 47.227529520367 ], [ -0.017919676126585, 47.227560637327599 ], [ -0.018145726049575, 47.227603488978701 ], [ -0.018299891748584, 47.227638032441902 ], [ -0.018332899004269, 47.227679425903901 ], [ -0.018253278580594, 47.228035112790103 ], [ -0.018222947684263, 47.2282157273415 ], [ -0.018204558637232, 47.2283475610799 ], [ -0.018154867631342, 47.228503724320497 ], [ -0.018044501564053, 47.229164633852299 ], [ -0.017991935517068, 47.229488713858402 ], [ -0.017970452362275, 47.2296196370459 ], [ -0.017882965863934, 47.229658583376903 ], [ -0.016816959756768, 47.229571656746799 ], [ -0.016804078528957, 47.2295707308473 ], [ -0.015697034081517, 47.229483060680899 ], [ -0.014641672723454, 47.229366467108797 ], [ -0.014503387336642, 47.229346280690201 ], [ -0.014392812766975, 47.229320237918401 ] ] ], [ [ [ -0.004758900776808, 47.227987925206897 ], [ -0.004848410500907, 47.227450278195903 ], [ -0.004878931472371, 47.227317231809401 ], [ -0.004902624047084, 47.2272229218135 ], [ -0.00493109149569, 47.227109929045199 ], [ -0.004988533464844, 47.226947445073797 ], [ -0.005015303799049, 47.226879812489102 ], [ -0.00505093357228, 47.226809787902297 ], [ -0.005131888618797, 47.226670478213599 ], [ -0.005228249774052, 47.226456623213402 ], [ -0.005394219407456, 47.226089788233303 ], [ -0.005410335278264, 47.226053964059901 ], [ -0.005592741615413, 47.225763550707597 ], [ -0.005757634506516, 47.2255076461066 ], [ -0.005801480740653, 47.225482904469402 ], [ -0.00601945051333, 47.2255187816016 ], [ -0.006144923276796, 47.225539490468897 ], [ -0.006243935502926, 47.225548182836803 ], [ -0.006398754342269, 47.225561553243701 ], [ -0.006497102591423, 47.225567830143902 ], [ -0.006781687078928, 47.225543867849197 ], [ -0.006962960330535, 47.225533667573998 ], [ -0.007118406682663, 47.225522785988197 ], [ -0.007180186012215, 47.225518389601802 ], [ -0.00740914815687, 47.225485959356597 ], [ -0.007555897358142, 47.225478005699898 ], [ -0.00769197618675, 47.2254684369329 ], [ -0.007903924110132, 47.225453384697197 ], [ -0.0079960076105, 47.225454057082203 ], [ -0.00813387881592, 47.225455252302801 ], [ -0.008285895334226, 47.225456350343798 ], [ -0.008443534980657, 47.225456311156996 ], [ -0.008515935642628, 47.225459746534497 ], [ -0.008707912996509, 47.225494311589699 ], [ -0.008648396354977, 47.226002354749198 ], [ -0.008623628661348, 47.226524000206801 ], [ -0.008489591975474, 47.226558292277602 ], [ -0.008417638162754, 47.2265723230962 ], [ -0.008340609149359, 47.226578377368099 ], [ -0.008214133107571, 47.226596526508402 ], [ -0.008068049685126, 47.226637707582498 ], [ -0.007941816429397, 47.2266672917996 ], [ -0.007818717270547, 47.226696163866897 ], [ -0.007541171096713, 47.2267609376959 ], [ -0.007338551929345, 47.2268080899957 ], [ -0.007221758316067, 47.226831482312903 ], [ -0.00719291233678, 47.226833582409697 ], [ -0.00708886555766, 47.2268413281056 ], [ -0.006908947543119, 47.226854556412299 ], [ -0.006790279571245, 47.226858627165001 ], [ -0.006618568112178, 47.226864885145098 ], [ -0.00658022492749, 47.226912367603497 ], [ -0.006559499958104, 47.226972185908302 ], [ -0.006543067366132, 47.227153697099403 ], [ -0.006534266790234, 47.227254107684999 ], [ -0.006499255896467, 47.227441596549298 ], [ -0.006463515432386, 47.227578202390603 ], [ -0.006318562962595, 47.227961340599599 ], [ -0.006274672979173, 47.228053922681298 ], [ -0.006232607659713, 47.228172043486701 ], [ -0.006217057875008, 47.228184879627896 ], [ -0.006032233125615, 47.228134088351098 ], [ -0.005897962768088, 47.228102796446898 ], [ -0.005807593333223, 47.2280713564883 ], [ -0.005750099146842, 47.228046000672698 ], [ -0.005612150544929, 47.227998587336302 ], [ -0.005523959860658, 47.227968261838498 ], [ -0.005429596147348, 47.227941069433903 ], [ -0.005345128374807, 47.227920557335302 ], [ -0.005316937030631, 47.227922549874798 ], [ -0.005272408388992, 47.227937488937997 ], [ -0.00524748558668, 47.227953000546599 ], [ -0.005201668618971, 47.228027703882802 ], [ -0.005169987704542, 47.228047715170597 ], [ -0.005119528983738, 47.228048843748702 ], [ -0.004758900776808, 47.227987925206897 ] ] ], [ [ [ -0.006268021147009, 47.2281714849887 ], [ -0.006316566565616, 47.228017880010299 ], [ -0.006344365801452, 47.227961571997497 ], [ -0.006389946176517, 47.227832999354803 ], [ -0.006493661111348, 47.227568591132901 ], [ -0.006549419851316, 47.227354797595801 ], [ -0.006563188456066, 47.227272276476299 ], [ -0.006586902157994, 47.2269726460123 ], [ -0.006597216843975, 47.226937152398598 ], [ -0.006619014594565, 47.226894153436902 ], [ -0.006633994158543, 47.226882953675599 ], [ -0.006779139918788, 47.226879367132099 ], [ -0.006936953507754, 47.226875271450702 ], [ -0.007237115340405, 47.226845948881397 ], [ -0.008127439475733, 47.226640219757002 ], [ -0.008249545820059, 47.2266054270589 ], [ -0.00843147111216, 47.226587910193103 ], [ -0.008541461956685, 47.226565864473798 ], [ -0.008635307243185, 47.2265412648823 ], [ -0.008642019162763, 47.226628119488197 ], [ -0.008625753009194, 47.2269684590933 ], [ -0.008653125511094, 47.2270487410076 ], [ -0.008654699402368, 47.227161945797803 ], [ -0.008664406810672, 47.2272007035561 ], [ -0.008720122066216, 47.227331331611303 ], [ -0.008722619950908, 47.227364150327801 ], [ -0.008673588789097, 47.227579842547897 ], [ -0.00863886741198, 47.227680205749103 ], [ -0.008595044893193, 47.227747921688596 ], [ -0.00857093469631, 47.227877199115802 ], [ -0.008540610820551, 47.2279994305187 ], [ -0.008545270487959, 47.228025976747901 ], [ -0.008564443310487, 47.228049533449898 ], [ -0.008573748379437, 47.228019651566001 ], [ -0.008567210429011, 47.227980811509603 ], [ -0.008586387690871, 47.227883915114198 ], [ -0.008604287556208, 47.227802007150501 ], [ -0.008618786832386, 47.227765683939502 ], [ -0.008682474418672, 47.227637000407803 ], [ -0.008712855846107, 47.227520533330299 ], [ -0.008750972722492, 47.227383955022702 ], [ -0.008749236617461, 47.227341116311003 ], [ -0.008681102484196, 47.227179999297299 ], [ -0.008678011296705, 47.227155484450599 ], [ -0.008680457194626, 47.227078662538602 ], [ -0.008663068648289, 47.227001905230303 ], [ -0.008648430150093, 47.226941202976299 ], [ -0.008664929254384, 47.226612118814998 ], [ -0.008668031128405, 47.226554109087303 ], [ -0.008659717614335, 47.226521351291602 ], [ -0.008646056597592, 47.226497020828099 ], [ -0.008669219927063, 47.2259939759807 ], [ -0.00873772791354, 47.225492996760401 ], [ -0.009038450517058, 47.225514016198701 ], [ -0.009137538249132, 47.225514595856701 ], [ -0.009366777760074, 47.225494226850998 ], [ -0.009460598244921, 47.225495213324898 ], [ -0.00958211053614, 47.225516021381097 ], [ -0.009666324355739, 47.225532032346798 ], [ -0.00984295206867, 47.225580598202399 ], [ -0.010329201148064, 47.225653192039097 ], [ -0.010718789032775, 47.225718926218001 ], [ -0.010820509724832, 47.225738175194401 ], [ -0.010994418442429, 47.225783026124901 ], [ -0.011099752130705, 47.225810109074203 ], [ -0.011036834802417, 47.225971297483099 ], [ -0.010955544607331, 47.226212965147397 ], [ -0.010927232938981, 47.2262694679549 ], [ -0.010914518329896, 47.226328178089901 ], [ -0.010875315771151, 47.226398027270399 ], [ -0.010867177430597, 47.226434545896097 ], [ -0.010808298900823, 47.226568691600797 ], [ -0.010801659228756, 47.226615441774101 ], [ -0.010801990348862, 47.226668587522198 ], [ -0.01080229339538, 47.226716508655699 ], [ -0.010791640412909, 47.226764804591902 ], [ -0.010771921608533, 47.226811804549101 ], [ -0.010718744093003, 47.226984001076403 ], [ -0.010693559132135, 47.227065648331497 ], [ -0.010566614726101, 47.227271474029401 ], [ -0.010482662362707, 47.227418433439098 ], [ -0.010337629919713, 47.227752389263998 ], [ -0.010262603315661, 47.227893440740097 ], [ -0.010184664621807, 47.228015558386097 ], [ -0.010145182367671, 47.228092261478999 ], [ -0.010083485860901, 47.228195037725698 ], [ -0.010054453594643, 47.228224531335897 ], [ -0.010019445346679, 47.2282488647596 ], [ -0.009877664360952, 47.228293720097703 ], [ -0.009837116534472, 47.2283136026766 ], [ -0.009813386256143, 47.228333859192297 ], [ -0.009713597899796, 47.228533482630098 ], [ -0.009677682617406, 47.228605408079197 ], [ -0.00962750570619, 47.228706082949202 ], [ -0.009323639419041, 47.229314438698502 ], [ -0.00906359009003, 47.229214703912099 ], [ -0.00884467264048, 47.229119666313601 ], [ -0.0087569221395, 47.2290854578089 ], [ -0.008543547017957, 47.229011447347602 ], [ -0.008517915676532, 47.229002473054699 ], [ -0.008304124877912, 47.228928112593103 ], [ -0.008263247936448, 47.228913768199902 ], [ -0.008130256853865, 47.228867580423703 ], [ -0.007921520425534, 47.228774799394799 ], [ -0.007492242340643, 47.228624047889397 ], [ -0.007383884600951, 47.228564246635401 ], [ -0.007337678914917, 47.2285421121544 ], [ -0.007185498457847, 47.228488583414403 ], [ -0.006985783520472, 47.228429351077203 ], [ -0.006854896503557, 47.228394729135502 ], [ -0.006586186413857, 47.228322061133397 ], [ -0.006489869513506, 47.228288343542999 ], [ -0.006300151623934, 47.228211553007803 ], [ -0.006274204185252, 47.228187451002903 ], [ -0.006268021147009, 47.2281714849887 ] ] ], [ [ [ -0.011242787315962, 47.228326178244899 ], [ -0.011384039056155, 47.228167999113097 ], [ -0.011412139391092, 47.228176187868002 ], [ -0.011503819427933, 47.2280444326842 ], [ -0.011563361265905, 47.227971712279 ], [ -0.011672378734247, 47.227800045934003 ], [ -0.01171008855757, 47.227705910450503 ], [ -0.01180252763748, 47.227531071195202 ], [ -0.011847872394842, 47.227445746389201 ], [ -0.011899260717378, 47.227350264222402 ], [ -0.011954444408184, 47.227251710317297 ], [ -0.012017587993479, 47.2271394356193 ], [ -0.012076627260141, 47.227038889467103 ], [ -0.012154464385174, 47.226938665392403 ], [ -0.012235152136367, 47.2268350337295 ], [ -0.012553703631875, 47.226506113093102 ], [ -0.012682660193168, 47.226359963729699 ], [ -0.012740847809733, 47.226298539323402 ], [ -0.012761837215324, 47.226293128538103 ], [ -0.01285937611425, 47.226308520453301 ], [ -0.013321868786801, 47.226421900908903 ], [ -0.013598798796885, 47.226464248720198 ], [ -0.013692455511762, 47.226497669286097 ], [ -0.013753695807367, 47.226521392218402 ], [ -0.013796740518524, 47.226524867219098 ], [ -0.014014228635277, 47.226518939268303 ], [ -0.01403123227547, 47.226522641167598 ], [ -0.014243142428306, 47.226570552892902 ], [ -0.014410064369176, 47.226610985893899 ], [ -0.014423213111865, 47.226588390994998 ], [ -0.014602510885818, 47.226634898279301 ], [ -0.014937643044112, 47.226710414064399 ], [ -0.015714110584776, 47.226877958219397 ], [ -0.015507906435179, 47.227118105932298 ], [ -0.015459193542453, 47.227166852432099 ], [ -0.015104737858561, 47.227515635068997 ], [ -0.015087807433385, 47.2275321120838 ], [ -0.014976725502944, 47.227699781526802 ], [ -0.014880649120268, 47.2278756191333 ], [ -0.012778476663398, 47.227350017942101 ], [ -0.012719579519082, 47.227453083350099 ], [ -0.012695029218921, 47.227494083024297 ], [ -0.012658887724665, 47.227559528793797 ], [ -0.012600537540027, 47.227665282663601 ], [ -0.01255515950545, 47.227747635606903 ], [ -0.012547403092077, 47.227760270002697 ], [ -0.012381700876359, 47.228031971863601 ], [ -0.012324047260123, 47.228133653290399 ], [ -0.012310032255325, 47.228183298067499 ], [ -0.012286676879546, 47.228266880137902 ], [ -0.012273614585292, 47.2282627151355 ], [ -0.012199247668826, 47.228391858639199 ], [ -0.012192782502722, 47.228401576485702 ], [ -0.012070475029739, 47.228614580700103 ], [ -0.011261981907562, 47.228383158128302 ], [ -0.011242787315962, 47.228326178244899 ] ] ], [ [ [ -0.009354576639941, 47.229328410252002 ], [ -0.009843730433711, 47.228365594143199 ], [ -0.009865489245372, 47.228336109357798 ], [ -0.009891233501931, 47.228321115940901 ], [ -0.00994610979664, 47.228302032306097 ], [ -0.010057264013234, 47.228253467957501 ], [ -0.010103090869196, 47.228219213606799 ], [ -0.010150995181626, 47.228141751175002 ], [ -0.010196974901464, 47.228062987339499 ], [ -0.010292578515012, 47.227899689113997 ], [ -0.010358123623352, 47.227787713430502 ], [ -0.010412648279536, 47.227660798482702 ], [ -0.010460900905301, 47.227542334936501 ], [ -0.010508705666793, 47.227425324469699 ], [ -0.010559292810151, 47.227332025985497 ], [ -0.010607963248282, 47.227242290868197 ], [ -0.010667201358062, 47.227157055999399 ], [ -0.010692764205965, 47.227115219644801 ], [ -0.010707189912368, 47.227091781204003 ], [ -0.010718259725926, 47.227065096558903 ], [ -0.010751175829394, 47.226982167289002 ], [ -0.010772751094498, 47.226885658527898 ], [ -0.010782032778181, 47.226848299378098 ], [ -0.010828062202851, 47.226723226557702 ], [ -0.010829947555283, 47.226610472316104 ], [ -0.010836944893587, 47.226570109386799 ], [ -0.01086173222932, 47.226523878613698 ], [ -0.010890150873778, 47.226433858779203 ], [ -0.010923390902407, 47.226352002110602 ], [ -0.010943449853424, 47.2263158043285 ], [ -0.010966544940773, 47.226248806216198 ], [ -0.010988795094993, 47.226185613924997 ], [ -0.01101814754307, 47.2261075520248 ], [ -0.011058286126155, 47.226000110021701 ], [ -0.011083571863928, 47.225917919453799 ], [ -0.011121623215481, 47.225820441798597 ], [ -0.011477997402492, 47.225859828858397 ], [ -0.011692924167062, 47.2258861346873 ], [ -0.011903643358891, 47.225917594668999 ], [ -0.012097490569469, 47.225935888996297 ], [ -0.012139568954058, 47.225941011380797 ], [ -0.012202644683056, 47.2259573899156 ], [ -0.012361779763566, 47.226014695298602 ], [ -0.012424834478773, 47.226033056291001 ], [ -0.012538551597382, 47.2260563162937 ], [ -0.012684071088639, 47.226111362607597 ], [ -0.012763493460437, 47.226148036988903 ], [ -0.012736989174092, 47.226198997665399 ], [ -0.012679629373103, 47.226272833274997 ], [ -0.012475743663465, 47.226493184879899 ], [ -0.012444197430211, 47.226527339234998 ], [ -0.012396819029549, 47.226573977581999 ], [ -0.012368154845503, 47.226602921722602 ], [ -0.012309805168179, 47.226673269255002 ], [ -0.012241140422715, 47.226764876414798 ], [ -0.012166386570381, 47.226842227084497 ], [ -0.012105675405505, 47.226910563769103 ], [ -0.011972610763295, 47.227082585538398 ], [ -0.011922587875681, 47.227169383414797 ], [ -0.011876182853444, 47.227264105414299 ], [ -0.011826593169912, 47.227346837826801 ], [ -0.011797447187516, 47.2273955245021 ], [ -0.011772494983276, 47.227436444319601 ], [ -0.011718905603147, 47.227535136858599 ], [ -0.011670557351712, 47.227623512716498 ], [ -0.011626818120965, 47.2277068136762 ], [ -0.011568585646246, 47.227817068509601 ], [ -0.011511328817087, 47.227925856469803 ], [ -0.011498583748133, 47.227950963072999 ], [ -0.011444891085045, 47.228017134874598 ], [ -0.011414852278222, 47.228061700391898 ], [ -0.011344174690889, 47.228171737988397 ], [ -0.011317179292655, 47.228213972070598 ], [ -0.011214966978813, 47.228327712115799 ], [ -0.011148345272096, 47.228396832441 ], [ -0.011071813464739, 47.228466120176201 ], [ -0.010996179960036, 47.228525474382103 ], [ -0.010909450320494, 47.228601603733402 ], [ -0.010635370225269, 47.228879542552598 ], [ -0.010611779970062, 47.228904660560197 ], [ -0.010521433279631, 47.229001244363801 ], [ -0.010477516757115, 47.229055449652499 ], [ -0.01044615480879, 47.229102391636197 ], [ -0.01039903196008, 47.2291914557157 ], [ -0.010343491021727, 47.229304973235003 ], [ -0.010341193310739, 47.229308816797499 ], [ -0.010287567474929, 47.229399851612499 ], [ -0.010241389827155, 47.229486909022597 ], [ -0.010187848940912, 47.229612536894102 ], [ -0.009862118549359, 47.229513789478901 ], [ -0.009605374506531, 47.2294235197513 ], [ -0.009354576639941, 47.229328410252002 ] ] ], [ [ [ -0.017131217965856, 47.227443691349698 ], [ -0.017132896302774, 47.227407610695202 ], [ -0.017161985423118, 47.227317932002798 ], [ -0.017249349498726, 47.227121327609602 ], [ -0.017281774120667, 47.2270651664656 ], [ -0.017341730268611, 47.226957566285698 ], [ -0.017422726114699, 47.2267841912075 ], [ -0.017537350658882, 47.2265808403398 ], [ -0.017710362258958, 47.226522368747901 ], [ -0.017881556479276, 47.226459799973703 ], [ -0.01798048504779, 47.226424519473298 ], [ -0.018045633950707, 47.2264141735183 ], [ -0.018078528442045, 47.226408812004799 ], [ -0.018118802361877, 47.226405330373098 ], [ -0.018229886052416, 47.226414599051701 ], [ -0.018270309222773, 47.226420843464297 ], [ -0.018294053221899, 47.226424459241201 ], [ -0.018494425727887, 47.226459960821799 ], [ -0.018585510052069, 47.226478128813099 ], [ -0.018716330702807, 47.226506793236197 ], [ -0.018801213414666, 47.2265252127387 ], [ -0.018869941578684, 47.226536215068499 ], [ -0.018939589139354, 47.226547103308903 ], [ -0.019122669852724, 47.226576117277297 ], [ -0.019248788000677, 47.226586975247002 ], [ -0.019286931740018, 47.226590305660501 ], [ -0.019360821942511, 47.226596668555104 ], [ -0.01948915349797, 47.226611612837701 ], [ -0.019606651139772, 47.226626749251402 ], [ -0.019983477881724, 47.226693325891702 ], [ -0.020037050560363, 47.226702920734198 ], [ -0.020132293680294, 47.226710348208698 ], [ -0.020219377019303, 47.226709069155802 ], [ -0.020381084531955, 47.226706024826299 ], [ -0.020622897391681, 47.226735217080098 ], [ -0.020624555984096, 47.226743552444802 ], [ -0.020313720383173, 47.227204280877601 ], [ -0.020136384214517, 47.227148091227299 ], [ -0.020045097092522, 47.227317051837097 ], [ -0.0198438243617, 47.227689424995503 ], [ -0.019737790249568, 47.227840751155298 ], [ -0.019583673207885, 47.228082611967999 ], [ -0.019444258900983, 47.228428506491198 ], [ -0.019397259749475, 47.228512436162902 ], [ -0.019352330502363, 47.228637934568802 ], [ -0.019285556399256, 47.228807787119599 ], [ -0.019277006190818, 47.2288298122944 ], [ -0.01924986265807, 47.228944666710603 ], [ -0.019234161615081, 47.229013636180902 ], [ -0.019227051137023, 47.229044813257097 ], [ -0.019203021486468, 47.229175082396999 ], [ -0.01916708144716, 47.229552515028999 ], [ -0.019147199971213, 47.2297707863761 ], [ -0.019081495911093, 47.229806643443403 ], [ -0.018580713995337, 47.229739959406302 ], [ -0.018078310877415, 47.2296797120215 ], [ -0.018027703003451, 47.229635803904102 ], [ -0.018059026786863, 47.229421018682302 ], [ -0.018120592321384, 47.229052288667098 ], [ -0.018141688030287, 47.228923898086002 ], [ -0.018155857406321, 47.2288205534119 ], [ -0.018181591368118, 47.228673482954797 ], [ -0.018210087397378, 47.228497871336202 ], [ -0.01821897673642, 47.228401781473799 ], [ -0.018248204385699, 47.228272187973303 ], [ -0.018261219833335, 47.2281388725428 ], [ -0.018277294103016, 47.228081245125701 ], [ -0.018292625711097, 47.228026880377698 ], [ -0.018314714424357, 47.2279515282506 ], [ -0.018361334072973, 47.227771300129497 ], [ -0.018360882327202, 47.227770320881703 ], [ -0.018363760523154, 47.2276166383309 ], [ -0.018144157452428, 47.227584970803903 ], [ -0.018006926781781, 47.227564671068201 ], [ -0.018005189768583, 47.227564355945397 ], [ -0.017857888642067, 47.227539002905402 ], [ -0.017754815380295, 47.227521687134001 ], [ -0.017734788880075, 47.227518334779099 ], [ -0.017657902896567, 47.227505742382 ], [ -0.017562969842165, 47.227494430800697 ], [ -0.017378314872724, 47.227472752801397 ], [ -0.017131217965856, 47.227443691349698 ] ] ], [ [ [ -0.023812743276329, 47.228593144901502 ], [ -0.024402168191673, 47.228037384657 ], [ -0.024435752274831, 47.228039571135596 ], [ -0.024594250640881, 47.228125165898497 ], [ -0.024686593139786, 47.228175008988003 ], [ -0.024676676356112, 47.228184457328403 ], [ -0.024357995093552, 47.228493505647997 ], [ -0.024115074835497, 47.2287293122913 ], [ -0.024010992816783, 47.228682387834098 ], [ -0.023812743276329, 47.228593144901502 ] ] ], [ [ [ -0.00380556651292, 47.2295567274127 ], [ -0.004096423462907, 47.229076565335603 ], [ -0.004215945005437, 47.228888868348697 ], [ -0.004276377683663, 47.2287963987959 ], [ -0.004348259146209, 47.228686334715803 ], [ -0.00448313992321, 47.228470580933099 ], [ -0.00474231127469, 47.228015292889197 ], [ -0.004915946344388, 47.228036285723803 ], [ -0.005118668042887, 47.228071298943703 ], [ -0.005155364276954, 47.2280747616458 ], [ -0.005193158836949, 47.228067114553397 ], [ -0.005228325038555, 47.228045571388897 ], [ -0.005268051937407, 47.227970755733303 ], [ -0.005320405438477, 47.227942009837498 ], [ -0.005350577757013, 47.227939965912697 ], [ -0.0054652428253, 47.2279683435086 ], [ -0.005525800727821, 47.227991728057297 ], [ -0.00571014005521, 47.228055145571503 ], [ -0.005807606835308, 47.228092888091503 ], [ -0.005864107521327, 47.228114665980698 ], [ -0.005991007412502, 47.228146599607101 ], [ -0.006164981531071, 47.228190194855699 ], [ -0.006339157100381, 47.228246847944199 ], [ -0.006461186208019, 47.228298097023803 ], [ -0.006161745353045, 47.228610106887302 ], [ -0.00604867430201, 47.228728538294497 ], [ -0.00582675871409, 47.229007904508499 ], [ -0.005492616859113, 47.229430364209399 ], [ -0.00515010866723, 47.229916194060102 ], [ -0.005111416896257, 47.229936206940302 ], [ -0.004999086742818, 47.229885785967703 ], [ -0.004756817666458, 47.2297917067825 ], [ -0.004701719145985, 47.229776108302602 ], [ -0.0045372011057, 47.229729022273098 ], [ -0.004476555827907, 47.229713567523099 ], [ -0.004264457348284, 47.229659967010797 ], [ -0.003980006347541, 47.229599142722698 ], [ -0.00380556651292, 47.2295567274127 ] ] ], [ [ [ -0.019181520616728, 47.2298425966125 ], [ -0.019197343613734, 47.229389560162303 ], [ -0.019212945029717, 47.229281132837698 ], [ -0.01923002676005, 47.229215550912897 ], [ -0.019256382418244, 47.229103149544201 ], [ -0.019269101415919, 47.229018761887502 ], [ -0.019295383621299, 47.228846180677699 ], [ -0.019347440232262, 47.228701577166902 ], [ -0.019367164451333, 47.228647728443299 ], [ -0.019467072421474, 47.228455570332699 ], [ -0.02038437132239, 47.228563106063199 ], [ -0.020542258104553, 47.228583765487301 ], [ -0.02062907139126, 47.228596457581503 ], [ -0.020693779972333, 47.228606482583501 ], [ -0.021181436570839, 47.2286821484455 ], [ -0.021331181470932, 47.228703829947101 ], [ -0.021363608826485, 47.228701903230998 ], [ -0.02163641485669, 47.228635237767897 ], [ -0.021674402247236, 47.228640463455399 ], [ -0.02184114762439, 47.228663412688903 ], [ -0.022128255362205, 47.228702952521999 ], [ -0.022226030619837, 47.228715357505401 ], [ -0.022284695565478, 47.228723737424403 ], [ -0.022346844796785, 47.2287329273503 ], [ -0.022481266256061, 47.228752574601899 ], [ -0.022502222458596, 47.228758334400901 ], [ -0.022574596423991, 47.228768248492798 ], [ -0.022320458858031, 47.2291199324724 ], [ -0.022275536327555, 47.229181916735001 ], [ -0.022108224257588, 47.229407728322002 ], [ -0.021843945917304, 47.229743819232297 ], [ -0.021625948885214, 47.230020953188003 ], [ -0.021589878043623, 47.230045137720801 ], [ -0.021531687831525, 47.230061700654197 ], [ -0.021473206169509, 47.230066018581901 ], [ -0.021419841620101, 47.230062545182101 ], [ -0.021329006877306, 47.230053652275799 ], [ -0.021282551594743, 47.230046034578102 ], [ -0.021216469931945, 47.230035144741201 ], [ -0.021118389182336, 47.230017341274397 ], [ -0.021003744979453, 47.229996636170902 ], [ -0.020906339240674, 47.229981427609303 ], [ -0.020597826119319, 47.229940010156398 ], [ -0.020369335770282, 47.229917497431998 ], [ -0.02016278341637, 47.229897025105998 ], [ -0.019772400879258, 47.229869721761098 ], [ -0.019684327989139, 47.229867602621503 ], [ -0.019471889462605, 47.229862418002298 ], [ -0.019372159235542, 47.229859971770999 ], [ -0.019260081711929, 47.2298543336018 ], [ -0.019181520616728, 47.2298425966125 ] ] ], [ [ [ -0.021653978542933, 47.230037249686099 ], [ -0.021825646466986, 47.229815920025601 ], [ -0.021965038069012, 47.229634532031902 ], [ -0.022112563589047, 47.229442571035598 ], [ -0.022331435865709, 47.2291599174997 ], [ -0.02235214173886, 47.229130637860997 ], [ -0.022503749026568, 47.228914875440303 ], [ -0.022608353416828, 47.228771151739998 ], [ -0.022873763668587, 47.228808192644202 ], [ -0.022914829270132, 47.228814058361003 ], [ -0.023215062107413, 47.228461350319002 ], [ -0.023236419818513, 47.228443675431897 ], [ -0.023264888754186, 47.228425454612498 ], [ -0.023298501521893, 47.228414036693501 ], [ -0.023328841429368, 47.228410271945997 ], [ -0.023363278795859, 47.228413517585601 ], [ -0.023388232303567, 47.228419803564698 ], [ -0.024376260177715, 47.228862859174797 ], [ -0.024194663197429, 47.229046162846302 ], [ -0.024154598856041, 47.229083966362197 ], [ -0.023980707740079, 47.229234995545298 ], [ -0.023814117753258, 47.229395924259698 ], [ -0.023723623891784, 47.229503604159099 ], [ -0.02367044923789, 47.229562290731799 ], [ -0.023637639272724, 47.229592697321003 ], [ -0.023569926766791, 47.229675097199703 ], [ -0.023426892638485, 47.229859825640297 ], [ -0.023391322520581, 47.2298976016693 ], [ -0.023326316357829, 47.229936416053903 ], [ -0.023275309857219, 47.229972522700997 ], [ -0.02325340703355, 47.229994626327503 ], [ -0.023118542230533, 47.230164726348299 ], [ -0.022972335592051, 47.2303495368933 ], [ -0.022312571079396, 47.230172418851403 ], [ -0.021653978542933, 47.230037249686099 ] ] ], [ [ [ -0.005161505803791, 47.229954457732902 ], [ -0.005167982743285, 47.2299354605655 ], [ -0.005626767231489, 47.229317512877003 ], [ -0.006038845333697, 47.228794019797398 ], [ -0.006070381973292, 47.2287501376859 ], [ -0.006486989182109, 47.228307788037696 ], [ -0.006646920033, 47.228360395808799 ], [ -0.007007356898337, 47.228455638566103 ], [ -0.007234364347499, 47.228522811314697 ], [ -0.007332178919262, 47.228559642649699 ], [ -0.007402693686828, 47.228593128380098 ], [ -0.007452154574335, 47.228616709904102 ], [ -0.007500267243298, 47.228644560723801 ], [ -0.007893354115455, 47.228786702012599 ], [ -0.008011841469632, 47.228836059442997 ], [ -0.008114284760264, 47.228882319717201 ], [ -0.008474174073596, 47.2290078431597 ], [ -0.008706076752333, 47.229096237803603 ], [ -0.008772738752367, 47.229117570275903 ], [ -0.008919326961114, 47.229177458577901 ], [ -0.009346652405625, 47.229349877771703 ], [ -0.0095118874693, 47.229412073888398 ], [ -0.009659982663814, 47.229468138283302 ], [ -0.009969245316271, 47.229565692399198 ], [ -0.010183587645436, 47.2296332786688 ], [ -0.01011591233039, 47.229754498828498 ], [ -0.009814740220755, 47.230262152903201 ], [ -0.009674769149812, 47.230514262356998 ], [ -0.009517713541319, 47.2307990682407 ], [ -0.009477921729566, 47.230858481337101 ], [ -0.009437026799423, 47.230919454629998 ], [ -0.009393736621851, 47.230975444968301 ], [ -0.009243303532182, 47.231111606909003 ], [ -0.009027960458228, 47.2313026986116 ], [ -0.00893763896364, 47.231354955054599 ], [ -0.008794705928299, 47.2314101091672 ], [ -0.008677849100363, 47.231439630554299 ], [ -0.008605704869523, 47.231445648063499 ], [ -0.008537377644161, 47.231437151722403 ], [ -0.008489792058442, 47.231425864500601 ], [ -0.008424638159952, 47.231410258535803 ], [ -0.008371120301764, 47.231387503442903 ], [ -0.008645968468805, 47.231014143648899 ], [ -0.008258635665908, 47.2308782516929 ], [ -0.008026865471418, 47.231172923139603 ], [ -0.007981542714666, 47.2311477028288 ], [ -0.00779793039037, 47.2310573323279 ], [ -0.007605452527065, 47.230981065815001 ], [ -0.00747051227564, 47.230933216051397 ], [ -0.007335348381171, 47.230886092675298 ], [ -0.007198811221477, 47.230842788644502 ], [ -0.00685868815189, 47.230744496420698 ], [ -0.006837844795764, 47.230738370525899 ], [ -0.00680098937901, 47.230725002342403 ], [ -0.006761838458754, 47.230710792797701 ], [ -0.006560015201674, 47.230637650058704 ], [ -0.00628030238179, 47.2305458068059 ], [ -0.006166021458184, 47.230500752944501 ], [ -0.006027422540159, 47.230422905825201 ], [ -0.005501290961087, 47.230124927030701 ], [ -0.005161505803791, 47.229954457732902 ] ], [ [ -0.006028144539029, 47.230421625808901 ], [ -0.006070869833016, 47.230428805791298 ], [ -0.00607981313584, 47.230404248983099 ], [ -0.006037214900202, 47.230396975616202 ], [ -0.006028144539029, 47.230421625808901 ] ] ], [ [ [ -0.009930008367017, 47.230180688483003 ], [ -0.009975820014836, 47.230096523699999 ], [ -0.009997055623898, 47.230057682953401 ], [ -0.01005364020309, 47.229974589647398 ], [ -0.01008969411033, 47.2299004082303 ], [ -0.010118318040149, 47.229844708495797 ], [ -0.010146469044207, 47.229790012049698 ], [ -0.010228429893908, 47.229642834604498 ], [ -0.01026558979153, 47.229581327348399 ], [ -0.010296209767309, 47.229492782206897 ], [ -0.010384670401247, 47.229315254916202 ], [ -0.0109244088515, 47.229468531118499 ], [ -0.010840943077904, 47.229612414823997 ], [ -0.01083316476502, 47.229627031671903 ], [ -0.010793409116903, 47.229701219458299 ], [ -0.010680498466553, 47.229907400982199 ], [ -0.011301805930053, 47.230059907421101 ], [ -0.011276855855416, 47.230115061531301 ], [ -0.011250487181904, 47.230173225538202 ], [ -0.011187427553141, 47.230313065524001 ], [ -0.010921868800778, 47.230235550451702 ], [ -0.010691068434557, 47.230183528580902 ], [ -0.010662345573173, 47.230256348508902 ], [ -0.010445986954186, 47.2302142213873 ], [ -0.010405974086021, 47.230293280648397 ], [ -0.009930008367017, 47.230180688483003 ] ] ], [ [ [ -0.01588528820478, 47.230459985793999 ], [ -0.016144670011429, 47.229616277210702 ], [ -0.016249062342469, 47.229562747638496 ], [ -0.017846199095192, 47.229693956285203 ], [ -0.01791760258636, 47.229752548423903 ], [ -0.017662353316888, 47.230730661782196 ], [ -0.01588528820478, 47.230459985793999 ] ] ], [ [ [ -0.017658948925221, 47.230917421639198 ], [ -0.017765687593974, 47.230545173240699 ], [ -0.01784654527278, 47.230232609208699 ], [ -0.017967215140357, 47.229764589830097 ], [ -0.018075742461575, 47.229721131304601 ], [ -0.018268341108274, 47.229738096834197 ], [ -0.01873855648473, 47.2297974702781 ], [ -0.01893627667407, 47.2298279052211 ], [ -0.019193435708797, 47.229863998395103 ], [ -0.019477648696668, 47.229882538702903 ], [ -0.019637759379301, 47.229883861712501 ], [ -0.019802079721441, 47.229889489312598 ], [ -0.020174941495263, 47.229922744900101 ], [ -0.020245978887492, 47.229974768469603 ], [ -0.020027362071154, 47.230573004597197 ], [ -0.019901794770311, 47.230906465946099 ], [ -0.019760709976103, 47.231283936189897 ], [ -0.017658948925221, 47.230917421639198 ] ] ], [ [ [ -0.00261184571993, 47.231580044773096 ], [ -0.002749471821474, 47.231342150035999 ], [ -0.002973875366054, 47.231014527131897 ], [ -0.00302085788242, 47.230936911769597 ], [ -0.003062593360787, 47.230867180255601 ], [ -0.00312191116546, 47.230768884423803 ], [ -0.003164830608982, 47.2306895724603 ], [ -0.003230117756953, 47.230589229912603 ], [ -0.003568388471735, 47.229996397252897 ], [ -0.003784058849578, 47.229593141498498 ], [ -0.003853487035979, 47.229607197710898 ], [ -0.004061375607211, 47.229649376370404 ], [ -0.004122378050831, 47.229661758953803 ], [ -0.004483612930919, 47.229754646544102 ], [ -0.00463203502528, 47.229800077940801 ], [ -0.004830662747444, 47.229872946415902 ], [ -0.004969300661748, 47.2299302529701 ], [ -0.005071791329001, 47.229972640725101 ], [ -0.005099011093228, 47.229984007053801 ], [ -0.005234079747375, 47.230048433032998 ], [ -0.005370802654812, 47.230116419623698 ], [ -0.005696800022622, 47.2302933722505 ], [ -0.006048373155878, 47.230492453692499 ], [ -0.006173384257803, 47.230552004326398 ], [ -0.006315054191453, 47.230606708102798 ], [ -0.00659131089725, 47.230702965366397 ], [ -0.006601662753363, 47.230694138030501 ], [ -0.007079606264328, 47.2308563330363 ], [ -0.007520018819767, 47.231000130565398 ], [ -0.007636506894796, 47.231044405113799 ], [ -0.007816014399186, 47.231125242592697 ], [ -0.007948267956302, 47.231193612564901 ], [ -0.007974546941257, 47.231209417167499 ], [ -0.008123319341077, 47.231298799974297 ], [ -0.008138983755109, 47.231321096447402 ], [ -0.008133913997873, 47.231341588822197 ], [ -0.008046602172145, 47.231416920012101 ], [ -0.007827254943852, 47.231550724780298 ], [ -0.007739548549481, 47.231621381181 ], [ -0.007649072203434, 47.231694541886199 ], [ -0.007437313753502, 47.231815085554103 ], [ -0.007297365445306, 47.2318787189893 ], [ -0.007094460719717, 47.231996779899497 ], [ -0.006928630103167, 47.232080093922598 ], [ -0.006648247565592, 47.232264940539203 ], [ -0.006354227007877, 47.232144459020901 ], [ -0.00629014594332, 47.232107832644999 ], [ -0.006272674545091, 47.232083961173998 ], [ -0.006254685062081, 47.232041364061402 ], [ -0.005843035491601, 47.231903482289098 ], [ -0.005413152237479, 47.2317469726026 ], [ -0.005376556914517, 47.231731164740403 ], [ -0.005250789109064, 47.231677038355002 ], [ -0.005122187670656, 47.231621904229399 ], [ -0.005191697014655, 47.231488297295698 ], [ -0.005227402904004, 47.231405387765399 ], [ -0.00505860866978, 47.231329223560401 ], [ -0.004976703363963, 47.231295491239898 ], [ -0.004872724614096, 47.231257286168699 ], [ -0.004862801111312, 47.231271417640002 ], [ -0.004922191568612, 47.231290418345502 ], [ -0.005062453307076, 47.231348313383798 ], [ -0.005188389816313, 47.231407841082799 ], [ -0.005177589797309, 47.2314630771343 ], [ -0.005098436180271, 47.231611078583597 ], [ -0.004931540191068, 47.231554685129304 ], [ -0.00478129515993, 47.231516959082001 ], [ -0.004640498248562, 47.231674306608603 ], [ -0.00455149739039, 47.231797607582401 ], [ -0.004348063206818, 47.232074328671999 ], [ -0.004314646589336, 47.232086997112901 ], [ -0.003255057214569, 47.231776711973602 ], [ -0.003053207555076, 47.231714915406798 ], [ -0.00261184571993, 47.231580044773096 ] ] ] ] } },
{ "type": "Feature", "properties": { "Name": null, "id": "" }, "geometry": { "type": "MultiPolygon", "coordinates": [ [ [ [ 0.038961383991979, 47.205372269196502 ], [ 0.038947684315847, 47.205246512647399 ], [ 0.038908088451357, 47.205144508570697 ], [ 0.038858033390739, 47.205071606628998 ], [ 0.038751490028602, 47.205090684408603 ], [ 0.03867380166867, 47.205085094324701 ], [ 0.038612151718903, 47.205057121339301 ], [ 0.038470359087613, 47.204948089375598 ], [ 0.038456893008644, 47.2049285556934 ], [ 0.038404244833315, 47.204900362325901 ], [ 0.038270816121984, 47.204829111825198 ], [ 0.038142054163949, 47.204761944504497 ], [ 0.037702595079477, 47.2045250272215 ], [ 0.037415774043396, 47.204375437004899 ], [ 0.03707711832025, 47.204192537649398 ], [ 0.036657813057089, 47.204053069502201 ], [ 0.035469913154766, 47.2036429344301 ], [ 0.034487115019335, 47.204425888229402 ], [ 0.03336128753273, 47.204294981297103 ], [ 0.033340290189209, 47.204292191149001 ], [ 0.033301027994741, 47.204287401566503 ], [ 0.033013723468117, 47.204249860930901 ], [ 0.032934224534089, 47.204248364751699 ], [ 0.032706560312933, 47.2042703699261 ], [ 0.03238380245009, 47.204353091776902 ], [ 0.032306704100743, 47.204375170445999 ], [ 0.031811740957949, 47.204641497839603 ], [ 0.03140722501467, 47.205077350663501 ], [ 0.031204621161557, 47.205311078695097 ], [ 0.031104574128646, 47.205426272035403 ], [ 0.03099964223493, 47.205547087876496 ], [ 0.031065025674511, 47.2055792148007 ], [ 0.031424932718133, 47.2057577216436 ], [ 0.031800554583617, 47.205938972415098 ], [ 0.031817538397083, 47.205947425788899 ], [ 0.031830720704011, 47.205952898820797 ], [ 0.032304395936208, 47.206173237730297 ], [ 0.032692793276556, 47.206350668608003 ], [ 0.032712001740679, 47.206359539203902 ], [ 0.03274515005464, 47.206374532763803 ], [ 0.033623960375488, 47.206775877218099 ], [ 0.034404963671665, 47.207126691804902 ], [ 0.034602265386663, 47.207216789453902 ], [ 0.034624857289175, 47.207226647251701 ], [ 0.034639540065772, 47.207233689908101 ], [ 0.034744630263376, 47.207279443975501 ], [ 0.03485450910962, 47.207329464718299 ], [ 0.035074551285399, 47.207429152792102 ], [ 0.035412452791473, 47.207580416251197 ], [ 0.035797844656492, 47.207750371728302 ], [ 0.035879159423706, 47.207788579221003 ], [ 0.036034167557069, 47.207856961087003 ], [ 0.036124177271729, 47.207900526085503 ], [ 0.036818738360541, 47.208213165102997 ], [ 0.0368319591609, 47.208201160920602 ], [ 0.03711224265562, 47.2079585999955 ], [ 0.037148655139293, 47.207926378111999 ], [ 0.037288558101196, 47.2078058119871 ], [ 0.037321724834631, 47.207825309180301 ], [ 0.03749294504116, 47.207925815675303 ], [ 0.037572906046261, 47.207971825201703 ], [ 0.037924049096857, 47.207683597047897 ], [ 0.037795000413933, 47.207611917711397 ], [ 0.038022258217282, 47.207417458292497 ], [ 0.038113026535746, 47.207291220188203 ], [ 0.038127518008469, 47.207184112593303 ], [ 0.038140215714541, 47.207116779207801 ], [ 0.038143106048103, 47.207054690544098 ], [ 0.038146391740719, 47.206802971063198 ], [ 0.038149773133375, 47.206799183637301 ], [ 0.038245433565643, 47.206742530475097 ], [ 0.038316234837752, 47.206700376775501 ], [ 0.038806306466801, 47.206445789051202 ], [ 0.038844161299692, 47.2063345039208 ], [ 0.038848844297666, 47.206280659330098 ], [ 0.038888239192503, 47.2058916639321 ], [ 0.038903576420035, 47.205740343317601 ], [ 0.038957638953047, 47.205406678191501 ], [ 0.038961383991979, 47.205372269196502 ] ] ], [ [ [ 0.037014893829755, 47.208369806102098 ], [ 0.035597781400977, 47.2077366926274 ], [ 0.035582164323737, 47.207729806368398 ], [ 0.035310411779789, 47.207954203611202 ], [ 0.035324970869929, 47.207963495274903 ], [ 0.035934079701591, 47.2082457539072 ], [ 0.035968051677297, 47.208325002262598 ], [ 0.0358393933262, 47.208454953825502 ], [ 0.035107207919086, 47.208124588868003 ], [ 0.033870058707758, 47.209536167107601 ], [ 0.033818072594369, 47.2095702414546 ], [ 0.033804901271264, 47.2095741384083 ], [ 0.033797041657895, 47.209582405659901 ], [ 0.033792144116269, 47.209592100131204 ], [ 0.033784521788683, 47.209603256364304 ], [ 0.03377489023405, 47.209607694421798 ], [ 0.033759491359445, 47.209608831599098 ], [ 0.033749401179488, 47.209611996638003 ], [ 0.033742076547503, 47.209617755044803 ], [ 0.033724426951603, 47.209657303345601 ], [ 0.033722177804513, 47.209669317910503 ], [ 0.033721456205612, 47.2096728129711 ], [ 0.033716329331105, 47.209681870930503 ], [ 0.033707575305755, 47.209689574725402 ], [ 0.033694879401326, 47.209692042390301 ], [ 0.033682349187428, 47.209689108849602 ], [ 0.033667560603586, 47.209679180477302 ], [ 0.033628040890648, 47.209643032923701 ], [ 0.033440997640249, 47.2097263511683 ], [ 0.033017040703018, 47.2099078355537 ], [ 0.033310795811882, 47.2103083361866 ], [ 0.033185438859442, 47.210447738991903 ], [ 0.033180496463623, 47.210458243107098 ], [ 0.033185407581657, 47.210534585711301 ], [ 0.033187596582442, 47.210566804192702 ], [ 0.033193828637803, 47.2105880450681 ], [ 0.033214494102797, 47.210623259354598 ], [ 0.033267724336943, 47.210715254124302 ], [ 0.033316339690198, 47.210787851233597 ], [ 0.033369172934631, 47.210851096818899 ], [ 0.033403133428499, 47.210887372312101 ], [ 0.033432550410115, 47.210912540350598 ], [ 0.033469881868077, 47.210928451556597 ], [ 0.033513526646331, 47.210937767637397 ], [ 0.033498927228644, 47.210917213391497 ], [ 0.033480644965996, 47.210891519736002 ], [ 0.033518496272596, 47.210881227829297 ], [ 0.03353680336107, 47.210906471660699 ], [ 0.0335626032622, 47.210942087644199 ], [ 0.033661266719788, 47.210948668574503 ], [ 0.03368566990634, 47.2109089328886 ], [ 0.033798155134829, 47.2107344249074 ], [ 0.03387852004938, 47.210612518089 ], [ 0.033960353075698, 47.210507135422098 ], [ 0.034072706403569, 47.210416498306898 ], [ 0.03413220336192, 47.210370904369199 ], [ 0.034258414731411, 47.210285486840597 ], [ 0.034372345157619, 47.210221376514198 ], [ 0.034513807125974, 47.210142295194601 ], [ 0.034654213250468, 47.210055979419401 ], [ 0.034784921745202, 47.209970496301999 ], [ 0.034831898795516, 47.209938545565301 ], [ 0.034858094127262, 47.209919035856302 ], [ 0.034953189922095, 47.209839217475597 ], [ 0.03511979762438, 47.209685283139699 ], [ 0.035184095954793, 47.209631703433601 ], [ 0.035972752693473, 47.209050533145998 ], [ 0.036796763955856, 47.208516028405 ], [ 0.037014893829755, 47.208369806102098 ] ] ], [ [ [ 0.01917172607338, 47.209594321442403 ], [ 0.019042914816528, 47.209516320461603 ], [ 0.019154922451313, 47.209427580206601 ], [ 0.018999935057741, 47.209332869201504 ], [ 0.019056810784274, 47.209284692662798 ], [ 0.019077703176214, 47.209267932819799 ], [ 0.018735418681712, 47.209015065115899 ], [ 0.018731358627412, 47.209011987590699 ], [ 0.018627426219028, 47.208935977837697 ], [ 0.018541953618189, 47.208872785707797 ], [ 0.018468150812611, 47.208816110232597 ], [ 0.018375062841256, 47.208849750455499 ], [ 0.018245594341292, 47.208695424076502 ], [ 0.017746458019138, 47.209011136643902 ], [ 0.017634028104806, 47.208900041747299 ], [ 0.017566363461845, 47.2088161359098 ], [ 0.01749280882822, 47.208721627733802 ], [ 0.017435660441345, 47.2086483531344 ], [ 0.017374654131599, 47.208570744848501 ], [ 0.017321767866427, 47.208499291678898 ], [ 0.01728511225549, 47.208430779033399 ], [ 0.017273728057959, 47.208409584616099 ], [ 0.017221770850284, 47.208462031194003 ], [ 0.016961271423097, 47.208067297730402 ], [ 0.017271429020992, 47.207924202205703 ], [ 0.017254203255162, 47.207879613715001 ], [ 0.017209050127926, 47.207890433028098 ], [ 0.017103877318414, 47.207922679888497 ], [ 0.017086517794437, 47.207870970690202 ], [ 0.016861627054868, 47.207942657153403 ], [ 0.016564058883738, 47.2080422913969 ], [ 0.016572835505554, 47.208055670849902 ], [ 0.016008567269608, 47.2083085261417 ], [ 0.016059244988075, 47.208376859951002 ], [ 0.01611697292853, 47.208437267125703 ], [ 0.016185523729103, 47.208500385564903 ], [ 0.016410281163539, 47.208702845582501 ], [ 0.016602839, 47.208889970946998 ], [ 0.017150456213257, 47.2095810232844 ], [ 0.017399623447531, 47.209782127713098 ], [ 0.017524230539946, 47.209862004311603 ], [ 0.017791941527636, 47.210019620673997 ], [ 0.018199542917881, 47.210293902596703 ], [ 0.018874189544896, 47.209805405593201 ], [ 0.018972065848066, 47.209735491252701 ], [ 0.019077649209425, 47.209660099431197 ], [ 0.01917172607338, 47.209594321442403 ] ] ], [ [ [ 0.026805598977513, 47.210400272636797 ], [ 0.026402206455472, 47.210142346598502 ], [ 0.025978378512051, 47.209873894193102 ], [ 0.025962370170518, 47.209888438267797 ], [ 0.025916811039404, 47.209930512157797 ], [ 0.025870701175804, 47.209970589884698 ], [ 0.025854652976325, 47.209985853650899 ], [ 0.025822269934699, 47.210014391811903 ], [ 0.025799630907691, 47.210034080975198 ], [ 0.025720851464625, 47.2101054822596 ], [ 0.025716894169568, 47.210117272666899 ], [ 0.025788832475756, 47.2101647961738 ], [ 0.026075304206524, 47.2103254871109 ], [ 0.026407969076172, 47.210494840782303 ], [ 0.026538511072579, 47.210560895531003 ], [ 0.026562354911801, 47.210560066192201 ], [ 0.026633451595536, 47.210515224181599 ], [ 0.026699581006557, 47.210469353705598 ], [ 0.026805598977513, 47.210400272636797 ] ] ], [ [ [ 0.025703822342434, 47.210128919109003 ], [ 0.025562437627052, 47.210041413491098 ], [ 0.025397181267479, 47.209938519663901 ], [ 0.025175908358761, 47.2097942764713 ], [ 0.025106512600811, 47.209758169341903 ], [ 0.024723453116011, 47.209966981165003 ], [ 0.024487912742873, 47.209758045004101 ], [ 0.024374354532383, 47.209659901223603 ], [ 0.024199066497875, 47.209738371725201 ], [ 0.024061627297788, 47.2097946610211 ], [ 0.023711060008873, 47.2097817791418 ], [ 0.023548292867904, 47.209791650649301 ], [ 0.023300715742672, 47.2098074505192 ], [ 0.023177330593898, 47.209812838070803 ], [ 0.023110869080204, 47.209816895731599 ], [ 0.02288852521919, 47.209830640533298 ], [ 0.02289395008326, 47.2099213216827 ], [ 0.022118039681915, 47.209794256626303 ], [ 0.022062759785589, 47.2101216685232 ], [ 0.022212622871731, 47.210161017512704 ], [ 0.022404778456669, 47.210219742090501 ], [ 0.022526516186187, 47.2102536828653 ], [ 0.022941764437257, 47.210354448098698 ], [ 0.02303084528775, 47.210366918041501 ], [ 0.023112104016241, 47.210363060543202 ], [ 0.023324564211977, 47.2102986101685 ], [ 0.023404192973149, 47.210271647226797 ], [ 0.023571269630058, 47.210222156407099 ], [ 0.023652975838156, 47.210200652158299 ], [ 0.023747587919948, 47.210182452498202 ], [ 0.023761689439718, 47.210183265311301 ], [ 0.023891357004968, 47.210284165976198 ], [ 0.023982655317557, 47.210364080372997 ], [ 0.024074673753708, 47.210442932096598 ], [ 0.024477580138889, 47.210769233133597 ], [ 0.024500542365794, 47.210770003208303 ], [ 0.02451094215089, 47.2107660360899 ], [ 0.0247544780087, 47.210620218296199 ], [ 0.024903868678407, 47.210534324889998 ], [ 0.024961147570298, 47.2105050750746 ], [ 0.025100358082142, 47.210438289537201 ], [ 0.02532713447292, 47.210337265887198 ], [ 0.025431304297434, 47.210284895518399 ], [ 0.025703822342434, 47.210128919109003 ] ] ], [ [ [ 0.021565468000072, 47.210640600407103 ], [ 0.020830670687807, 47.210277193534402 ], [ 0.020787747588076, 47.2103241081562 ], [ 0.020695832915187, 47.210427240847899 ], [ 0.020692724168484, 47.210426079786799 ], [ 0.020104757050479, 47.210977718858501 ], [ 0.020228682071082, 47.211015141774404 ], [ 0.020311216502553, 47.211045553732902 ], [ 0.020600718994654, 47.211163272773099 ], [ 0.020656921301154, 47.211184538543598 ], [ 0.020786180304103, 47.211233089179899 ], [ 0.021199471136875, 47.210932453500199 ], [ 0.021368181473687, 47.210805799548901 ], [ 0.021412952734471, 47.210768481928 ], [ 0.021565468000072, 47.210640600407103 ] ] ], [ [ [ 0.030240409680607, 47.215150863590203 ], [ 0.030241298979741, 47.215134760145098 ], [ 0.030236793197528, 47.215108608398502 ], [ 0.030212301646153, 47.215058881021697 ], [ 0.030113517611374, 47.214884365071001 ], [ 0.03005637867386, 47.214784160581303 ], [ 0.03004661807746, 47.214783730141299 ], [ 0.02970311476184, 47.214857805831699 ], [ 0.029494073642117, 47.214898481673004 ], [ 0.0295172503009, 47.215007905697902 ], [ 0.029537406646878, 47.215093017837503 ], [ 0.029539970572421, 47.215130381171299 ], [ 0.029528497683862, 47.2151417987629 ], [ 0.02955992970871, 47.215195127727299 ], [ 0.029662611826997, 47.215373257657802 ], [ 0.02974747737052, 47.215352100302901 ], [ 0.029816837904859, 47.215333968766899 ], [ 0.030100889170622, 47.215263863939199 ], [ 0.030167096884616, 47.215238173831203 ], [ 0.030186267453265, 47.2152262328094 ], [ 0.03023039294325, 47.215169435749502 ], [ 0.030240409680607, 47.215150863590203 ] ] ], [ [ [ 0.033931564384889, 47.212467493042801 ], [ 0.033932138393041, 47.212428318291899 ], [ 0.033840861092675, 47.212213456938301 ], [ 0.033815319076936, 47.2121539736222 ], [ 0.033783355898251, 47.212064686017101 ], [ 0.033736878766398, 47.211914936201097 ], [ 0.033690505557603, 47.211727350908603 ], [ 0.033650450985565, 47.211533080501397 ], [ 0.033638076342295, 47.211469790160898 ], [ 0.033622454434746, 47.211388668777602 ], [ 0.032601646994865, 47.211513152711099 ], [ 0.032572152996961, 47.211427081124398 ], [ 0.032313495565221, 47.211454328295801 ], [ 0.032145655191028, 47.211474622600598 ], [ 0.03172387278431, 47.211525346454003 ], [ 0.031706444841406, 47.211455439809903 ], [ 0.03169983324174, 47.2114267115846 ], [ 0.031684727743325, 47.211333891290401 ], [ 0.031679721495264, 47.2112976365732 ], [ 0.031640967266744, 47.211305111938699 ], [ 0.031615396278601, 47.211248600298298 ], [ 0.031544637324844, 47.211093362182197 ], [ 0.03150728420284, 47.2110107825672 ], [ 0.031477736114282, 47.210944889596703 ], [ 0.031449140880899, 47.210885687759202 ], [ 0.031350035311587, 47.210661974636103 ], [ 0.031350999549308, 47.2106492965383 ], [ 0.031435479337037, 47.210385873897401 ], [ 0.031296327445157, 47.2101499629984 ], [ 0.031271047942493, 47.2101025578839 ], [ 0.031196938363122, 47.209945792086799 ], [ 0.031172685044844, 47.209910935880302 ], [ 0.031111105360794, 47.2098098069877 ], [ 0.031022791280067, 47.209670875298201 ], [ 0.031003595159789, 47.209652184863799 ], [ 0.030981310819487, 47.209636748625798 ], [ 0.030964712104953, 47.209628485221401 ], [ 0.030947718151526, 47.209624986501296 ], [ 0.030930446076936, 47.209626525740397 ], [ 0.030615263543382, 47.209695923938398 ], [ 0.030551554538641, 47.209695641960003 ], [ 0.03018219499783, 47.209654369693403 ], [ 0.03011348984015, 47.209658373822798 ], [ 0.02946897615592, 47.209751666549899 ], [ 0.029466147588286, 47.209759792283897 ], [ 0.029468901551016, 47.2097697729223 ], [ 0.029628013707539, 47.210168361896997 ], [ 0.029738594445649, 47.210440299397902 ], [ 0.029791227307044, 47.210543001429798 ], [ 0.029921778936856, 47.210872298172703 ], [ 0.029940322308156, 47.210938720222003 ], [ 0.030014717604366, 47.211186035504703 ], [ 0.030069375682818, 47.211328699544502 ], [ 0.030170209448537, 47.211590476473297 ], [ 0.030184797993667, 47.211627967967502 ], [ 0.030219707101957, 47.211718863817602 ], [ 0.030255104693427, 47.211810492902302 ], [ 0.030293570939567, 47.211899227648502 ], [ 0.030369244477698, 47.212068376447803 ], [ 0.030538442705886, 47.212473708599397 ], [ 0.030554654007139, 47.2125297102438 ], [ 0.030565251127739, 47.212620343016802 ], [ 0.030551045895683, 47.212750700634601 ], [ 0.030649329421985, 47.212821689243697 ], [ 0.030836053046472, 47.212821070388799 ], [ 0.031239790877176, 47.212812409876598 ], [ 0.031364253230562, 47.212806770926598 ], [ 0.031500707457381, 47.212799457175997 ], [ 0.031885596628084, 47.212787338368599 ], [ 0.031993605739287, 47.212785151036499 ], [ 0.032104133330935, 47.212782847953299 ], [ 0.032334255848575, 47.212776852151698 ], [ 0.032394485152579, 47.212773170002599 ], [ 0.032578640596377, 47.212749599499801 ], [ 0.032804021812219, 47.2127169045391 ], [ 0.033026335296007, 47.212679896302902 ], [ 0.033821082562279, 47.212548087833603 ], [ 0.033869656065059, 47.212535187464098 ], [ 0.033903283300632, 47.212512805180097 ], [ 0.033919667369851, 47.212491422787302 ], [ 0.033931564384889, 47.212467493042801 ] ] ], [ [ [ 0.030526428590384, 47.212688897863998 ], [ 0.03052764850998, 47.212532711640698 ], [ 0.03047696087406, 47.2123875371027 ], [ 0.030419151288194, 47.2122564142906 ], [ 0.030343876279115, 47.212089618127003 ], [ 0.030236451592543, 47.211841816724203 ], [ 0.030122977759363, 47.2115503461727 ], [ 0.030042448878259, 47.211337468650001 ], [ 0.029954150857027, 47.211090517638503 ], [ 0.029915992986333, 47.210974673265703 ], [ 0.029901807112207, 47.2108963808599 ], [ 0.029886465108442, 47.210848599623702 ], [ 0.029855188545817, 47.210770950038899 ], [ 0.02982816810092, 47.210702418675901 ], [ 0.029602119481837, 47.210165625729999 ], [ 0.029432276910423, 47.209753067678598 ], [ 0.029294184212528, 47.209747093412403 ], [ 0.029198752979842, 47.209749060148297 ], [ 0.029108715414456, 47.209756300341198 ], [ 0.02899055349599, 47.209772458779099 ], [ 0.028890645318516, 47.209788454710001 ], [ 0.028699561494876, 47.209815535152899 ], [ 0.028522536429118, 47.209841804784297 ], [ 0.028373346778229, 47.209859599029997 ], [ 0.028224632631485, 47.209875963830001 ], [ 0.028111671529424, 47.209893696282599 ], [ 0.027852417611405, 47.209953350849602 ], [ 0.02748202822906, 47.210038351200502 ], [ 0.027341964661047, 47.210079982209002 ], [ 0.027282467499482, 47.210103950946198 ], [ 0.02696047198703, 47.210325148148101 ], [ 0.026830002041436, 47.210413241532997 ], [ 0.026719662562751, 47.2104863558773 ], [ 0.026600714543668, 47.210566906868898 ], [ 0.026601258430128, 47.210576200211399 ], [ 0.026610473386618, 47.210584094513798 ], [ 0.026815952081423, 47.210693694710002 ], [ 0.0271851833545, 47.210873714475902 ], [ 0.027927599705851, 47.2111743015599 ], [ 0.028246356401634, 47.211308427527399 ], [ 0.028505120975349, 47.211408490673399 ], [ 0.028604057982087, 47.211448416572601 ], [ 0.028677338902296, 47.211481287769303 ], [ 0.029053980314954, 47.211716446783797 ], [ 0.029503869336269, 47.212033033243102 ], [ 0.029671158010047, 47.2121544415118 ], [ 0.029852064081307, 47.212278270790399 ], [ 0.03005528812133, 47.212414564004803 ], [ 0.030211765507081, 47.212521099486104 ], [ 0.030471158843717, 47.212691354829303 ], [ 0.030526428590384, 47.212688897863998 ] ] ], [ [ [ 0.026538837814327, 47.210593246613797 ], [ 0.026529437973542, 47.210579131275097 ], [ 0.026330901364679, 47.210482681886603 ], [ 0.026059734691678, 47.210346438934799 ], [ 0.026015315999185, 47.210324847737503 ], [ 0.025848837912941, 47.210229671076 ], [ 0.025713389806509, 47.2101567326796 ], [ 0.025366848524717, 47.210338736298297 ], [ 0.025215876253591, 47.2104078327027 ], [ 0.02510960325819, 47.210455193855502 ], [ 0.024934543203142, 47.210539076808701 ], [ 0.024834079017846, 47.210591361754602 ], [ 0.024304488887932, 47.2109130763737 ], [ 0.024291869993718, 47.210926085669399 ], [ 0.024286507689394, 47.210944146318099 ], [ 0.024290459387857, 47.210963527349698 ], [ 0.024302337539502, 47.210983021930097 ], [ 0.024318146338945, 47.210998383207297 ], [ 0.024441595594614, 47.211075519512903 ], [ 0.024720783966087, 47.211229269777597 ], [ 0.024815680903804, 47.211287203530802 ], [ 0.02505061296915, 47.211440356679702 ], [ 0.024958765755617, 47.211525656240802 ], [ 0.02471713664676, 47.211754046940001 ], [ 0.024635161287855, 47.211854464874399 ], [ 0.024618157580645, 47.2119061007445 ], [ 0.024615471184379, 47.211933149159599 ], [ 0.024627691779132, 47.211967967975397 ], [ 0.02466458389986, 47.212001348447799 ], [ 0.024731970169283, 47.2120499267889 ], [ 0.024955000593878, 47.212205567113799 ], [ 0.025006057219269, 47.212236248181902 ], [ 0.025065192776766, 47.212271461096698 ], [ 0.025151011550194, 47.2123238459587 ], [ 0.025206587519747, 47.212358877282597 ], [ 0.025485320703335, 47.212573605350897 ], [ 0.025662444445233, 47.212696353228701 ], [ 0.025667075405584, 47.212696291963098 ], [ 0.025671683799533, 47.212694248115099 ], [ 0.025554246015617, 47.2121784341752 ], [ 0.025667969586331, 47.212120723237703 ], [ 0.025757038638162, 47.212061748477701 ], [ 0.025845301605506, 47.211986266292399 ], [ 0.025852586865962, 47.211971678425897 ], [ 0.025831735219473, 47.2117916816254 ], [ 0.025862633031732, 47.211742204191602 ], [ 0.02605321171796, 47.211435112258101 ], [ 0.026161776567637, 47.211255465303097 ], [ 0.026217037816584, 47.211167063332198 ], [ 0.026290750078523, 47.211051026636298 ], [ 0.026353937587184, 47.210879043409903 ], [ 0.026409387339008, 47.210760916138803 ], [ 0.026436199796269, 47.210723135607502 ], [ 0.026537413554151, 47.210599876789303 ], [ 0.026538837814327, 47.210593246613797 ] ] ], [ [ [ 0.030509374573652, 47.2127654883123 ], [ 0.030506270976987, 47.212752255485903 ], [ 0.029869204446521, 47.212322224202097 ], [ 0.029775325937584, 47.212260086641699 ], [ 0.029636052106304, 47.212160478240698 ], [ 0.029562380738452, 47.212108318234499 ], [ 0.029485988766115, 47.212052755041498 ], [ 0.029365737766011, 47.211970210862603 ], [ 0.029094017770515, 47.211779095918502 ], [ 0.029005073628499, 47.211718615783099 ], [ 0.028930014273742, 47.211672455825003 ], [ 0.028756686639541, 47.211559900562698 ], [ 0.028696124187273, 47.2115217700496 ], [ 0.028642192001564, 47.211495251141997 ], [ 0.028493602946656, 47.211432699922199 ], [ 0.028310158266458, 47.211359704595097 ], [ 0.027957523608923, 47.211209394063403 ], [ 0.027347737628838, 47.2109705901984 ], [ 0.027162444521559, 47.210890428329698 ], [ 0.026579317957448, 47.210607168838102 ], [ 0.026575078275375, 47.210607330271401 ], [ 0.026445401938148, 47.210755174000298 ], [ 0.026402448342965, 47.210829027023898 ], [ 0.026366733176768, 47.210927390456 ], [ 0.02632132968741, 47.211047937816701 ], [ 0.02630528293008, 47.211082300986597 ], [ 0.026267232490965, 47.211141595001699 ], [ 0.026257289745247, 47.211158817396203 ], [ 0.026075235923889, 47.211445677853902 ], [ 0.025867028432716, 47.211789434677499 ], [ 0.025900348886838, 47.211980652646901 ], [ 0.025759788497365, 47.212090918498902 ], [ 0.025677743339655, 47.212137641060998 ], [ 0.02561232518187, 47.212172988610298 ], [ 0.025595438959952, 47.212184266820103 ], [ 0.025586893032842, 47.212197741205699 ], [ 0.025585260325022, 47.212217699493003 ], [ 0.025619937917692, 47.212343726461803 ], [ 0.025680266081262, 47.212565368039499 ], [ 0.025700204513682, 47.212728404254797 ], [ 0.025689392699241, 47.212790019164601 ], [ 0.025664544702904, 47.212868751304804 ], [ 0.025618254522699, 47.212967023129401 ], [ 0.025517491077564, 47.213139392373797 ], [ 0.025394531592479, 47.213356867679103 ], [ 0.025374304341986, 47.213404637018201 ], [ 0.025367503072028, 47.213434372575797 ], [ 0.025368847888784, 47.213465038059098 ], [ 0.025375254661836, 47.213495022717403 ], [ 0.02539100047184, 47.213521103020099 ], [ 0.025423077659809, 47.213538773795499 ], [ 0.025463290024088, 47.213543229911203 ], [ 0.025526973022949, 47.213534504801302 ], [ 0.026272492952522, 47.213361032357199 ], [ 0.028069432192203, 47.212923813465302 ], [ 0.028161887007382, 47.212899248420698 ], [ 0.028393761265138, 47.212849611272397 ], [ 0.028656159946063, 47.2128098558887 ], [ 0.028748100796617, 47.212801763837099 ], [ 0.028816735515097, 47.212799109973098 ], [ 0.028973917148779, 47.212799538143699 ], [ 0.029167457205194, 47.212804772545098 ], [ 0.029470024419091, 47.212818118106902 ], [ 0.030375138493812, 47.212826011354601 ], [ 0.030501970187678, 47.212806199722301 ], [ 0.030509374573652, 47.2127654883123 ] ] ], [ [ [ 0.017346389132441, 47.211843400794201 ], [ 0.017330804298649, 47.211821647802303 ], [ 0.01724530265013, 47.211711246207301 ], [ 0.017168921785363, 47.211622340998801 ], [ 0.017157391854128, 47.211608530357502 ], [ 0.017022784534469, 47.211472899632199 ], [ 0.016982325979358, 47.211432397604902 ], [ 0.0169283830826, 47.2113680344061 ], [ 0.016859390768723, 47.211288959032601 ], [ 0.016816863146027, 47.211240475599098 ], [ 0.016734524869382, 47.211154119358703 ], [ 0.016725509997097, 47.211152175428701 ], [ 0.016703713260333, 47.211154226669798 ], [ 0.016675078027557, 47.211162768536902 ], [ 0.016464340881532, 47.211245990403299 ], [ 0.016430623741321, 47.211255572497301 ], [ 0.016177832254092, 47.2113127552281 ], [ 0.015758763916363, 47.211407185627998 ], [ 0.015789997665557, 47.211556731426803 ], [ 0.015825722330539, 47.211734951911701 ], [ 0.015827516909591, 47.211816981404098 ], [ 0.015816507931121, 47.211848590155199 ], [ 0.015798032826272, 47.211883700297399 ], [ 0.0157730740883, 47.211935580589397 ], [ 0.015771372325589, 47.2119614830928 ], [ 0.015779209703186, 47.211979883498401 ], [ 0.015801855733243, 47.212005422297899 ], [ 0.015927719823918, 47.212143712134001 ], [ 0.015947690312678, 47.212148370839799 ], [ 0.015965224928655, 47.212149273036999 ], [ 0.015986441829632, 47.212145765522997 ], [ 0.016441946695093, 47.212059570156399 ], [ 0.016553055567298, 47.212039638974801 ], [ 0.016741725622066, 47.2120015248993 ], [ 0.016833411393634, 47.211981363464901 ], [ 0.016920242057567, 47.2119605363701 ], [ 0.017256445471467, 47.211858382183998 ], [ 0.017346389132441, 47.211843400794201 ] ] ], [ [ [ 0.02565775055951, 47.212721458185896 ], [ 0.025434678478146, 47.212564106552001 ], [ 0.025186024275729, 47.212369700635399 ], [ 0.024970225612926, 47.212238661229399 ], [ 0.024650913597914, 47.212014240682301 ], [ 0.024604681883975, 47.211970439994801 ], [ 0.024594716743911, 47.211954598247303 ], [ 0.024593553177899, 47.211903937154801 ], [ 0.024617887798702, 47.211846453500399 ], [ 0.024712357470939, 47.211730500487597 ], [ 0.02499943354087, 47.211466880302098 ], [ 0.025005593082514, 47.2114535248434 ], [ 0.025004999403622, 47.211440356293203 ], [ 0.024995911292436, 47.211427780383801 ], [ 0.024805059706967, 47.2112975614601 ], [ 0.024700905800789, 47.211234885353001 ], [ 0.024631735094829, 47.211197072048499 ], [ 0.024571330779489, 47.2111657001862 ], [ 0.024478138568976, 47.211115197485299 ], [ 0.024289552219816, 47.2110062072503 ], [ 0.024273626334913, 47.210990572687599 ], [ 0.024261513326933, 47.210956207029497 ], [ 0.024260520932241, 47.2109359110231 ], [ 0.024271014430699, 47.210911135275602 ], [ 0.024367324196611, 47.210847933126502 ], [ 0.024445851038466, 47.210797877822898 ], [ 0.024445673973524, 47.210793909263401 ], [ 0.024169563884368, 47.210560686815299 ], [ 0.023920110868326, 47.210352293018097 ], [ 0.023800322478984, 47.210254439075499 ], [ 0.02373101888371, 47.210209504550399 ], [ 0.023703809690759, 47.210206643177003 ], [ 0.023668582323208, 47.210212494783399 ], [ 0.023575910837622, 47.210236239813902 ], [ 0.023410575484998, 47.210290099769701 ], [ 0.02324030018019, 47.210344823540296 ], [ 0.023147130191914, 47.210372789713098 ], [ 0.023106898293222, 47.210380674718301 ], [ 0.023068297905201, 47.210385358358899 ], [ 0.023028327364545, 47.210386132847702 ], [ 0.022974987527554, 47.210382419496497 ], [ 0.022876590252841, 47.2103662865768 ], [ 0.022620509701474, 47.210306370026302 ], [ 0.0220491665961, 47.210140328288396 ], [ 0.022016580020463, 47.2102274195368 ], [ 0.021992034025464, 47.210269581781603 ], [ 0.021931114598882, 47.210338286632997 ], [ 0.021889445360978, 47.2103792878533 ], [ 0.021802838484837, 47.2104534583614 ], [ 0.021726733442345, 47.210519430269599 ], [ 0.021602342448734, 47.210626503384098 ], [ 0.021280566753088, 47.210888592535703 ], [ 0.021159487299793, 47.210974038367702 ], [ 0.021012246430093, 47.2110782709413 ], [ 0.020876132413989, 47.211184501263901 ], [ 0.02081289411502, 47.211237740312001 ], [ 0.020812144207711, 47.211244117505402 ], [ 0.020821724602902, 47.211252562232303 ], [ 0.021113565761059, 47.211385385320703 ], [ 0.021197511118689, 47.211423760935098 ], [ 0.021251397228919, 47.211448660576501 ], [ 0.021298403111689, 47.2114736535272 ], [ 0.021387515137461, 47.211519008802 ], [ 0.021504128503792, 47.211573900149297 ], [ 0.021652420855598, 47.211641678189501 ], [ 0.021786845835515, 47.211699639883598 ], [ 0.0218793888311, 47.211742740603 ], [ 0.022057076770827, 47.211824066857801 ], [ 0.022336633047297, 47.211949633809297 ], [ 0.022430297880461, 47.211991591716497 ], [ 0.022719172692336, 47.212125595539298 ], [ 0.022849484821117, 47.212186243037699 ], [ 0.022955947286596, 47.212233484448099 ], [ 0.023028211992925, 47.212267954790299 ], [ 0.023106448042587, 47.212306812838101 ], [ 0.02321668756082, 47.212357484440901 ], [ 0.023319727199387, 47.212380583194502 ], [ 0.023356961634459, 47.212383882446197 ], [ 0.023459193496435, 47.212383356435197 ], [ 0.023561557218913, 47.212378058892199 ], [ 0.023746064782327, 47.212376854005903 ], [ 0.023892808538351, 47.2124034175947 ], [ 0.02392256262869, 47.212415263301502 ], [ 0.024572397214758, 47.212802502812501 ], [ 0.024949559496053, 47.213061562779203 ], [ 0.025245871503509, 47.213295571825299 ], [ 0.025307448893869, 47.2133559826758 ], [ 0.025315614875699, 47.213356552753098 ], [ 0.025383731354669, 47.213303526708302 ], [ 0.025604105618066, 47.212907289812499 ], [ 0.025635619861781, 47.212827557681599 ], [ 0.025651625656957, 47.2127652653312 ], [ 0.02565775055951, 47.212721458185896 ] ] ], [ [ [ 0.023184665738324, 47.212398553864702 ], [ 0.023156349187534, 47.212387015182799 ], [ 0.023079435937286, 47.2123553083728 ], [ 0.023047441101392, 47.212383945875096 ], [ 0.022981934278489, 47.212442353046299 ], [ 0.022946499193354, 47.212473424654 ], [ 0.022780405931899, 47.212622040280898 ], [ 0.022618040893539, 47.212767778510099 ], [ 0.022659558137275, 47.212791638762198 ], [ 0.022711219278861, 47.212818552564002 ], [ 0.022977491006668, 47.212582330595097 ], [ 0.023009339029433, 47.212553959610403 ], [ 0.023184665738324, 47.212398553864702 ] ] ], [ [ [ 0.019120081379936, 47.2120818387829 ], [ 0.019081373630272, 47.212059328803299 ], [ 0.019056786012963, 47.2120735610903 ], [ 0.01904289065906, 47.212076176492999 ], [ 0.019021098860466, 47.212073363371204 ], [ 0.019007687209981, 47.212067252358104 ], [ 0.018959456352474, 47.212040515207399 ], [ 0.018940483653267, 47.212053630701703 ], [ 0.018900104631688, 47.212028356886499 ], [ 0.018868297159011, 47.212008258692201 ], [ 0.018849903688525, 47.211996613958298 ], [ 0.018835692563172, 47.211988230063497 ], [ 0.018817939291935, 47.211976962166801 ], [ 0.018807008894243, 47.211969023073401 ], [ 0.018787108817423, 47.211948780872298 ], [ 0.018780042367868, 47.2119355357462 ], [ 0.01877785802016, 47.211929623586101 ], [ 0.01873445305967, 47.211894541957498 ], [ 0.018667363747699, 47.211847859543902 ], [ 0.018627087656444, 47.211813579136702 ], [ 0.018596954223246, 47.211796677147902 ], [ 0.018441534695487, 47.211707269901403 ], [ 0.018366481778117, 47.211663535500698 ], [ 0.017617297248157, 47.2120770465813 ], [ 0.017503413147037, 47.211975374002897 ], [ 0.017384660619687, 47.211858981122802 ], [ 0.017284730150048, 47.2118752369229 ], [ 0.017227095644276, 47.211889338555899 ], [ 0.017146985882494, 47.211912951607403 ], [ 0.017052895806744, 47.211940709137203 ], [ 0.016909231833968, 47.211985027951897 ], [ 0.016716488650443, 47.212027451868202 ], [ 0.016536826705842, 47.212060482538803 ], [ 0.016380767857871, 47.2120898866348 ], [ 0.016286810064561, 47.212108097271603 ], [ 0.016179960750961, 47.212127507293097 ], [ 0.01597604685991, 47.212166308852098 ], [ 0.015936266311487, 47.2121707795758 ], [ 0.015924548617678, 47.212167504674703 ], [ 0.015742145743969, 47.211973523073802 ], [ 0.015691219748009, 47.212004914180902 ], [ 0.015615747340504, 47.212052159555398 ], [ 0.015481023114282, 47.2121331039381 ], [ 0.015473782725567, 47.2121444490869 ], [ 0.01562685101033, 47.212419117987103 ], [ 0.015804907850161, 47.2127510078545 ], [ 0.015883442184531, 47.212915466055101 ], [ 0.015924593744158, 47.213000671645702 ], [ 0.015964395700123, 47.213081608149103 ], [ 0.016038768469692, 47.213221003661097 ], [ 0.016113901606102, 47.213358616867097 ], [ 0.016145421651689, 47.213433934449199 ], [ 0.016174981788242, 47.213504066319899 ], [ 0.016216170172838, 47.213579092383199 ], [ 0.016301982002155, 47.213710133556901 ], [ 0.016340376324744, 47.2137783307343 ], [ 0.016383342293504, 47.213868988318197 ], [ 0.016414275933817, 47.213935822099401 ], [ 0.016438165339653, 47.213969951434898 ], [ 0.016473737964844, 47.214007985349198 ], [ 0.016582831807065, 47.2141054813072 ], [ 0.016666482869089, 47.2141849342227 ], [ 0.016736201376888, 47.214260514674002 ], [ 0.016850206485541, 47.214383902962403 ], [ 0.017418240240055, 47.214176275347398 ], [ 0.017477938203612, 47.214151235558099 ], [ 0.017559032828445, 47.214093232684597 ], [ 0.01758596377622, 47.214074916826597 ], [ 0.017610493552554, 47.214052214754403 ], [ 0.017615916326295, 47.214025957616201 ], [ 0.017593705321204, 47.213990160023698 ], [ 0.017493510415198, 47.213865686603299 ], [ 0.017870580144827, 47.213720618107502 ], [ 0.018029233640089, 47.213692179633099 ], [ 0.018045112578748, 47.213687182941001 ], [ 0.018054935396633, 47.213684102439501 ], [ 0.018291612495176, 47.213600554317701 ], [ 0.01850204153286, 47.213527771701202 ], [ 0.018589089059994, 47.213493525297501 ], [ 0.018886123468217, 47.2133872949818 ], [ 0.018848549149859, 47.213349570679497 ], [ 0.018802948873971, 47.213303982033302 ], [ 0.018798455127792, 47.213299181627001 ], [ 0.018744946012172, 47.213246001911898 ], [ 0.01871842248435, 47.213209282717003 ], [ 0.018670103930378, 47.213131641627299 ], [ 0.018655993089694, 47.213107133955702 ], [ 0.018604502127101, 47.213010401906097 ], [ 0.0185787316396, 47.212964873102798 ], [ 0.018560221673407, 47.212938630539597 ], [ 0.018517681521254, 47.212885552853599 ], [ 0.018496493487622, 47.212862304449203 ], [ 0.018424705588771, 47.212804960307302 ], [ 0.018379289797474, 47.212770367356804 ], [ 0.018315989223498, 47.212714953351302 ], [ 0.01872025543965, 47.212408237786597 ], [ 0.018735770662803, 47.212395483791703 ], [ 0.019119914969297, 47.212081978646403 ], [ 0.019120081379936, 47.2120818387829 ] ] ], [ [ [ 0.034076912076131, 47.213181129382399 ], [ 0.034073747888432, 47.213027533876897 ], [ 0.034065198552614, 47.2129308278626 ], [ 0.03406311202536, 47.212891945357697 ], [ 0.034056650031316, 47.212870068041198 ], [ 0.034026445614325, 47.212664968975602 ], [ 0.034017420612657, 47.2126008635868 ], [ 0.034006805981368, 47.212567978956798 ], [ 0.033995316428086, 47.212565342390498 ], [ 0.033899809190512, 47.212582986952498 ], [ 0.033846438810835, 47.212589368058502 ], [ 0.033645927914998, 47.212624233483098 ], [ 0.033535839653735, 47.212640152973997 ], [ 0.033444958118276, 47.212657825544099 ], [ 0.03308425358344, 47.212715704426998 ], [ 0.03297625362309, 47.212736902147299 ], [ 0.032611311183865, 47.212797283658702 ], [ 0.03252235892081, 47.212811131042002 ], [ 0.032418994579625, 47.2128201946731 ], [ 0.032019532391917, 47.212832842750203 ], [ 0.030693897192728, 47.212862201435797 ], [ 0.031112007570796, 47.213129677711201 ], [ 0.03156206336405, 47.2134101332746 ], [ 0.031687610090252, 47.213495062937497 ], [ 0.031812008414728, 47.213591224366098 ], [ 0.031898333071927, 47.213651364748401 ], [ 0.032006857087033, 47.213714145969398 ], [ 0.032095904432154, 47.213758499988202 ], [ 0.032188339141079, 47.213798976732498 ], [ 0.032249345536828, 47.213826756200099 ], [ 0.032478702497756, 47.213906596824401 ], [ 0.033022052370307, 47.214061237322802 ], [ 0.033066165237623, 47.2140812862771 ], [ 0.033179042650703, 47.214151475184003 ], [ 0.033197540241811, 47.214166093194002 ], [ 0.033238773508727, 47.214209581985003 ], [ 0.033308591832249, 47.214293352672499 ], [ 0.033344243181193, 47.214339761538298 ], [ 0.033393313415186, 47.214392189772902 ], [ 0.033412559605224, 47.214400430480303 ], [ 0.033427210361468, 47.214400895787698 ], [ 0.03343996994456, 47.214399691027701 ], [ 0.033462212040945, 47.214391972319298 ], [ 0.033546499199525, 47.214326112482603 ], [ 0.033638162834832, 47.214239180101501 ], [ 0.033713487946891, 47.214158405867998 ], [ 0.033783873709768, 47.214059306794297 ], [ 0.033858462456049, 47.213907972645302 ], [ 0.033903430338871, 47.213775880079098 ], [ 0.033946570018196, 47.213624191010098 ], [ 0.034046612140522, 47.213299002923002 ], [ 0.034076912076131, 47.213181129382399 ] ] ], [ [ [ 0.022530125297497, 47.214577791907097 ], [ 0.022523426395304, 47.214572214246999 ], [ 0.022510033576109, 47.214560968962502 ], [ 0.02230547739384, 47.2143892222918 ], [ 0.022287403690653, 47.214374162911803 ], [ 0.022275114580696, 47.214364477518899 ], [ 0.022090549269461, 47.214218559933201 ], [ 0.022089664896618, 47.214217816468 ], [ 0.022259985533819, 47.2141171488135 ], [ 0.022389570289222, 47.2140405691868 ], [ 0.022169489830412, 47.2138700897939 ], [ 0.022116735966687, 47.213829228605803 ], [ 0.021899302143546, 47.213672825859 ], [ 0.021878573229613, 47.2136579684081 ], [ 0.0217457026824, 47.213562298758802 ], [ 0.021684034387718, 47.213517919816198 ], [ 0.021581205379336, 47.213443959589902 ], [ 0.021463297824926, 47.213536973928498 ], [ 0.021357788632983, 47.213460322924199 ], [ 0.021293791825457, 47.213413829802803 ], [ 0.021105424392733, 47.213276983951801 ], [ 0.020916461300051, 47.213139690004702 ], [ 0.020728324468548, 47.213003011571899 ], [ 0.020663311888958, 47.2129557802185 ], [ 0.020451370939928, 47.212801795097597 ], [ 0.020172784872463, 47.212985622010002 ], [ 0.020055311310608, 47.213063141427703 ], [ 0.020045436304745, 47.213069554127699 ], [ 0.020045558364126, 47.213069737450503 ], [ 0.020106539156825, 47.213133649436998 ], [ 0.020280098553735, 47.213315774307702 ], [ 0.020472706512874, 47.213492983390502 ], [ 0.020678032845971, 47.213681690551702 ], [ 0.020857970941948, 47.2138561405555 ], [ 0.020966130529803, 47.2139706354033 ], [ 0.02116316920669, 47.214218318335597 ], [ 0.021219110140506, 47.214320749144001 ], [ 0.021279744300465, 47.214472130015402 ], [ 0.021324054492779, 47.214553000145898 ], [ 0.021356566651067, 47.214612935995099 ], [ 0.021387023747063, 47.214655071030201 ], [ 0.021496453950958, 47.214806355136403 ], [ 0.021611345500038, 47.214959311088698 ], [ 0.02161247899904, 47.214960331236199 ], [ 0.021613617480648, 47.214961261420697 ], [ 0.021614887996432, 47.214962195000197 ], [ 0.021616295528959, 47.214963042011497 ], [ 0.021617840078227, 47.214963802454697 ], [ 0.02161938462754, 47.214964562897798 ], [ 0.021620939141992, 47.214965143415 ], [ 0.021622625690628, 47.214965727326998 ], [ 0.021624317221842, 47.214966221276001 ], [ 0.021626145769778, 47.214966628656803 ], [ 0.021627979300281, 47.214966946074597 ], [ 0.021629822795871, 47.2149670835664 ], [ 0.021631666291473, 47.214967221058103 ], [ 0.02163351476961, 47.214967268586697 ], [ 0.021635368230277, 47.214967226152403 ], [ 0.021637226673462, 47.2149670937549 ], [ 0.021639090099157, 47.214966871394502 ], [ 0.021640826473198, 47.214966555676099 ], [ 0.021642567829733, 47.214966149994602 ], [ 0.021644319151261, 47.2149655643871 ], [ 0.021645400336995, 47.214965141731099 ], [ 0.022159611845592, 47.214764575899103 ], [ 0.02238431680089, 47.2146560267526 ], [ 0.022530125297497, 47.214577791907097 ] ] ], [ [ [ 0.032084649380445, 47.213797130796898 ], [ 0.031863496144881, 47.213674075845503 ], [ 0.031681724278199, 47.2135394169362 ], [ 0.031581547872927, 47.213471533958298 ], [ 0.031236103249456, 47.213257634106597 ], [ 0.031182547580615, 47.213221846775703 ], [ 0.031118139823354, 47.213181456908401 ], [ 0.030992438689046, 47.2131017478846 ], [ 0.030854557666826, 47.213015149870401 ], [ 0.030796219616328, 47.212979780300003 ], [ 0.030624759996887, 47.212869167888996 ], [ 0.030444734937447, 47.212870588776298 ], [ 0.029906189337592, 47.212859123084499 ], [ 0.029488621246259, 47.212857244014501 ], [ 0.029378461124211, 47.212852887309701 ], [ 0.029225342426317, 47.212853104442402 ], [ 0.029277393493181, 47.213007053359703 ], [ 0.02941656155888, 47.213400625865603 ], [ 0.029438047552916, 47.213452078218403 ], [ 0.02947967388281, 47.213533867139297 ], [ 0.029618096811227, 47.213787779362598 ], [ 0.029739674830409, 47.214018736710699 ], [ 0.029774275187727, 47.2140721468962 ], [ 0.029803522621916, 47.214129113531399 ], [ 0.029865566261157, 47.214250615303499 ], [ 0.029977806878436, 47.214497459132602 ], [ 0.030064741201861, 47.214733293524098 ], [ 0.030075633449775, 47.214753933311201 ], [ 0.030137780908609, 47.214734715754098 ], [ 0.030494934674161, 47.214600177486503 ], [ 0.030854927813127, 47.214414179028701 ], [ 0.031163583853436, 47.214276683909603 ], [ 0.031534932288028, 47.214090884380099 ], [ 0.031862102667227, 47.213919717560401 ], [ 0.032084649380445, 47.213797130796898 ] ] ], [ [ [ 0.030030840569951, 47.214762965094501 ], [ 0.030018753383717, 47.214699321363902 ], [ 0.030001092466525, 47.214645624886003 ], [ 0.029920034810524, 47.214423094367298 ], [ 0.029902994563858, 47.2143868913925 ], [ 0.029842073663072, 47.214261814810001 ], [ 0.02977522720068, 47.214141090777197 ], [ 0.029710367203399, 47.214025102353801 ], [ 0.029645498974171, 47.213902086586501 ], [ 0.029603354619768, 47.213824879098603 ], [ 0.029529354042953, 47.213682890159902 ], [ 0.029456173719105, 47.213542814099597 ], [ 0.029411071346808, 47.213454539573597 ], [ 0.029390256931075, 47.213395716988799 ], [ 0.029335719289233, 47.213243686390101 ], [ 0.029295655314405, 47.213126441666397 ], [ 0.029264160424311, 47.213040768315999 ], [ 0.02919748636623, 47.2128499575403 ], [ 0.028931711791941, 47.212847915469901 ], [ 0.028728310410957, 47.212851256623601 ], [ 0.02860725341114, 47.212859863018899 ], [ 0.028491072122843, 47.212873549370599 ], [ 0.028389248378592, 47.212897784223202 ], [ 0.028118213110646, 47.212964614975299 ], [ 0.028042248602345, 47.212982666094597 ], [ 0.027922282237537, 47.213012200862899 ], [ 0.027706579658854, 47.213065855710099 ], [ 0.027470230758423, 47.213124656054902 ], [ 0.027212864175494, 47.2131881417885 ], [ 0.027187512633484, 47.2131946984154 ], [ 0.027131213250547, 47.213220551026701 ], [ 0.026650260886271, 47.213329558606802 ], [ 0.026545824684815, 47.213353184271803 ], [ 0.026241169857294, 47.213425363977699 ], [ 0.026333885157685, 47.213541979604798 ], [ 0.026444352147663, 47.213679501503599 ], [ 0.026637234283794, 47.2139214821932 ], [ 0.026868216398999, 47.214222909445297 ], [ 0.027453208786912, 47.214776937048498 ], [ 0.027582304040849, 47.214924395238 ], [ 0.027724085207982, 47.215093530308202 ], [ 0.027808581228789, 47.215193897448103 ], [ 0.02849323146564, 47.215000019577303 ], [ 0.028533881175884, 47.215063585394297 ], [ 0.02864432728139, 47.215010201900803 ], [ 0.028896215224862, 47.214983779835599 ], [ 0.029155098769293, 47.214943212209398 ], [ 0.029375871509668, 47.2149031981956 ], [ 0.029485291999775, 47.214880328404398 ], [ 0.029960364947044, 47.214782149239802 ], [ 0.030030840569951, 47.214762965094501 ] ] ], [ [ [ 0.021566675571368, 47.214975640183702 ], [ 0.021556322172115, 47.214947715989702 ], [ 0.021504256184746, 47.214866015911497 ], [ 0.021419466079774, 47.214754464982697 ], [ 0.021400690071542, 47.214723441270998 ], [ 0.021252570396359, 47.2144757555944 ], [ 0.021166783251508, 47.214284358016599 ], [ 0.021037505492178, 47.214123824237397 ], [ 0.020908537560438, 47.213952937765001 ], [ 0.020734572818034, 47.2137756684876 ], [ 0.020615114284114, 47.213659891760798 ], [ 0.020553307556884, 47.213603706686001 ], [ 0.020384553759628, 47.213439814249803 ], [ 0.020226236207789, 47.213280874751902 ], [ 0.020159722386236, 47.2132142078515 ], [ 0.019880933135588, 47.213346766959297 ], [ 0.019658682512179, 47.213451590613097 ], [ 0.019623028415596, 47.213410222243397 ], [ 0.019222128083323, 47.213603692687897 ], [ 0.018992353571253, 47.213376695446698 ], [ 0.01893551270137, 47.213388385910797 ], [ 0.018898394166356, 47.213399683024498 ], [ 0.018621381360099, 47.213500122319402 ], [ 0.018605171001552, 47.213508714210001 ], [ 0.01862279741781, 47.2135246636037 ], [ 0.018703305492875, 47.213582141928399 ], [ 0.018769656530398, 47.213639796370302 ], [ 0.018875614715089, 47.213741443682103 ], [ 0.018975273806743, 47.213830315990798 ], [ 0.01905542795388, 47.213908505927797 ], [ 0.019072090753839, 47.213920376337697 ], [ 0.019128540692088, 47.213968226066299 ], [ 0.019221972579561, 47.214059730709202 ], [ 0.019372231453192, 47.2142543204994 ], [ 0.019403646125644, 47.214291075272399 ], [ 0.019435718811245, 47.214320729758597 ], [ 0.019451746790368, 47.214327358479402 ], [ 0.019475978533104, 47.214326720717999 ], [ 0.019652622414245, 47.214281445400204 ], [ 0.019765413970624, 47.214255067794603 ], [ 0.019799824711262, 47.214252079213701 ], [ 0.020008859258126, 47.214574307987398 ], [ 0.020091548148338, 47.214699860211198 ], [ 0.020181979989355, 47.214828854830103 ], [ 0.020228882082419, 47.214913035362301 ], [ 0.02026729221058, 47.214981051280901 ], [ 0.02029820651529, 47.215043558981698 ], [ 0.020330508347694, 47.215112048380902 ], [ 0.020393014772615, 47.215243928087801 ], [ 0.020817463063563, 47.215174484038002 ], [ 0.021150519962824, 47.215105481061997 ], [ 0.021564931704996, 47.214983253089997 ], [ 0.021566675571368, 47.214975640183702 ] ] ], [ [ [ 0.032855773650726, 47.2140458969292 ], [ 0.032737919262652, 47.214010805652102 ], [ 0.03248427536707, 47.213944577689901 ], [ 0.032312613064749, 47.213887837036701 ], [ 0.032108180682725, 47.2138091752484 ], [ 0.031742640378266, 47.214007197528197 ], [ 0.031500339686507, 47.214130718876298 ], [ 0.031066800367036, 47.214341320885701 ], [ 0.030711397421848, 47.214513653755702 ], [ 0.0305755325483, 47.214586838139503 ], [ 0.030523941846323, 47.214613623905599 ], [ 0.030445681020366, 47.214644500739098 ], [ 0.03030792914508, 47.2146991678406 ], [ 0.030087081541241, 47.214776479254503 ], [ 0.030267479976813, 47.215108404140899 ], [ 0.030268044771278, 47.215150851365202 ], [ 0.030254378049521, 47.215182843562097 ], [ 0.030219254306871, 47.215229871344199 ], [ 0.030214637443876, 47.215241644956201 ], [ 0.03021908765707, 47.215247254586501 ], [ 0.030246901650697, 47.2152440036851 ], [ 0.030266558496355, 47.215235228293601 ], [ 0.030357353137889, 47.215216835141902 ], [ 0.030424799441883, 47.215195050546399 ], [ 0.030443048563298, 47.215185428220501 ], [ 0.030574613402628, 47.215115917545504 ], [ 0.030587110449369, 47.215107499104697 ], [ 0.03071596963852, 47.2150390900972 ], [ 0.030859343651344, 47.214964025929397 ], [ 0.031003309971395, 47.214887805594401 ], [ 0.031139762371672, 47.214825536749302 ], [ 0.031439404048082, 47.214686098110903 ], [ 0.031801421243299, 47.214520869523 ], [ 0.031844965067003, 47.214496129278103 ], [ 0.031980355890712, 47.2144554540507 ], [ 0.032089572996455, 47.214421855843803 ], [ 0.032307068056705, 47.214318959154703 ], [ 0.032608168174683, 47.2141769423528 ], [ 0.032795776192547, 47.214081297210598 ], [ 0.032855773650726, 47.2140458969292 ] ] ], [ [ [ 0.020359079289788, 47.215245487625502 ], [ 0.020221431776701, 47.214971132707397 ], [ 0.020171727294529, 47.214877870964202 ], [ 0.020139592457089, 47.214818304830402 ], [ 0.020065940929695, 47.214706228556999 ], [ 0.020013503698279, 47.214626500193198 ], [ 0.019951144669892, 47.214532552402403 ], [ 0.019927076042011, 47.214494455237798 ], [ 0.019780587032188, 47.214274737702297 ], [ 0.01974562820414, 47.214278072541099 ], [ 0.019720960328783, 47.214284194702302 ], [ 0.019431878089025, 47.214363784637399 ], [ 0.019361102620719, 47.214271421741103 ], [ 0.019277588352589, 47.214160802823997 ], [ 0.019220023305849, 47.214085356557703 ], [ 0.019190858182684, 47.214053344361098 ], [ 0.019082811217673, 47.213951193170203 ], [ 0.018863661103233, 47.213761496666201 ], [ 0.018801054185769, 47.213700695364601 ], [ 0.018690789085292, 47.213598036211202 ], [ 0.018655189687056, 47.213570002450702 ], [ 0.018576604365667, 47.213520771890501 ], [ 0.018259664250917, 47.213628290854999 ], [ 0.018074676855264, 47.213697673901699 ], [ 0.017884352573349, 47.213736918850003 ], [ 0.017685690286282, 47.213807300600401 ], [ 0.017583096561844, 47.213845290270598 ], [ 0.017537604212852, 47.213862137199797 ], [ 0.017528804967004, 47.213868217028399 ], [ 0.017526978426905, 47.213874926848902 ], [ 0.017634987512103, 47.214008700656898 ], [ 0.017640421276366, 47.214034696774704 ], [ 0.017636177901797, 47.2140468399407 ], [ 0.017625982760509, 47.2140637848876 ], [ 0.017566704537993, 47.214107484463398 ], [ 0.017489590815186, 47.214165229479299 ], [ 0.017392090633118, 47.214204341152097 ], [ 0.017193002235405, 47.214277594057002 ], [ 0.017027896754268, 47.214336496340898 ], [ 0.016863792276255, 47.214396415182101 ], [ 0.016895412784057, 47.214453266347498 ], [ 0.017016239880743, 47.214572866113897 ], [ 0.017058999452179, 47.214621985951702 ], [ 0.017171373659938, 47.214753349997501 ], [ 0.017329325321912, 47.214942645050797 ], [ 0.017415605284393, 47.215043877036003 ], [ 0.01745988744814, 47.215096549463503 ], [ 0.017503236223774, 47.2151398283427 ], [ 0.017691641228207, 47.215352249556901 ], [ 0.017763023566494, 47.215438412797099 ], [ 0.018072219247132, 47.215787908756901 ], [ 0.018332466644976, 47.215682444332003 ], [ 0.018611066225132, 47.215572676861399 ], [ 0.018708455650028, 47.2155379757628 ], [ 0.018798104225793, 47.215511724120901 ], [ 0.018913736106182, 47.215489024028898 ], [ 0.01902983357488, 47.215469849363203 ], [ 0.019425112832637, 47.2154066867853 ], [ 0.019734281673596, 47.215348875078398 ], [ 0.02023897929889, 47.215267713829398 ], [ 0.020359079289788, 47.215245487625502 ] ] ], [ [ [ 0.025018134080766, 47.219381762032903 ], [ 0.024948489923717, 47.219189791732397 ], [ 0.024890329906245, 47.2190531618092 ], [ 0.02461887872531, 47.218443392030501 ], [ 0.024611251948361, 47.218430673505601 ], [ 0.024433138130635, 47.218514297511099 ], [ 0.024336350326581, 47.218557217148501 ], [ 0.02422496576035, 47.218608230289099 ], [ 0.024231242167178, 47.2186214546972 ], [ 0.024072479735578, 47.218694674273202 ], [ 0.023984358935621, 47.218915475520198 ], [ 0.024134943635817, 47.219298266181603 ], [ 0.024180643347426, 47.219347008111498 ], [ 0.024580985677338, 47.2193863007329 ], [ 0.024798422771761, 47.219409362955503 ], [ 0.024889499725564, 47.219421882295102 ], [ 0.024901927199841, 47.2194267059986 ], [ 0.024976169467544, 47.219394558323401 ], [ 0.025018134080766, 47.219381762032903 ] ] ], [ [ [ 0.024055807475623, 47.219662542723597 ], [ 0.024052752472718, 47.219650842522199 ], [ 0.024051462948489, 47.219389816157303 ], [ 0.023875073528705, 47.218904649828502 ], [ 0.023863644493099, 47.218879401026101 ], [ 0.02384914638186, 47.218861821190799 ], [ 0.023828626641351, 47.2188455281036 ], [ 0.023812791155062, 47.218840166266297 ], [ 0.02379530660223, 47.218840708058799 ], [ 0.02377533829788, 47.218845510399703 ], [ 0.023698447457149, 47.218870562172299 ], [ 0.023311359984159, 47.219036203451203 ], [ 0.023278252161211, 47.219049046532596 ], [ 0.023240388305893, 47.219064199846699 ], [ 0.023192160359204, 47.219085032825497 ], [ 0.023121136323218, 47.219116361169299 ], [ 0.022947552040891, 47.219189738928101 ], [ 0.022903105791944, 47.219209137431001 ], [ 0.022867160075811, 47.219223078649598 ], [ 0.0228151772594, 47.219242463615103 ], [ 0.022709096261797, 47.219278836747499 ], [ 0.022628218053128, 47.219304235810199 ], [ 0.022522737181422, 47.219336930473297 ], [ 0.02247717690653, 47.219350174001796 ], [ 0.022443537987345, 47.219360660838099 ], [ 0.022174632895132, 47.219438434305097 ], [ 0.021784850772809, 47.2195331899118 ], [ 0.021645792028201, 47.219563308819701 ], [ 0.021564427081702, 47.219580766641698 ], [ 0.021598663903286, 47.219760027000802 ], [ 0.021664103709636, 47.220015765952603 ], [ 0.021715534632805, 47.220130512711201 ], [ 0.021756922686124, 47.220214100055401 ], [ 0.021790953539037, 47.220265786227898 ], [ 0.02180541147502, 47.220274536373999 ], [ 0.021818651083774, 47.2202790209233 ], [ 0.021830677344539, 47.220279149913402 ], [ 0.021916774527659, 47.220259831536801 ], [ 0.021972916907754, 47.220244157514799 ], [ 0.022155976119746, 47.220193187047499 ], [ 0.022807487061353, 47.2200047053961 ], [ 0.022844848521022, 47.219993863660797 ], [ 0.022884026188701, 47.219981266770702 ], [ 0.022986588254238, 47.219953541842401 ], [ 0.02307511600104, 47.219928519270901 ], [ 0.023188326242819, 47.219899536253898 ], [ 0.023280177305219, 47.2198718061099 ], [ 0.023296904781996, 47.219870614296902 ], [ 0.02334064411179, 47.219859215561797 ], [ 0.023709400477185, 47.219759680281001 ], [ 0.024055807475623, 47.219662542723597 ] ] ], [ [ [ 0.034136932354717, 47.222087661562597 ], [ 0.034098868742459, 47.2220537140308 ], [ 0.034056608183839, 47.2220143437061 ], [ 0.034017606262654, 47.221973435164699 ], [ 0.033837561676148, 47.221746932976302 ], [ 0.033751971267682, 47.221550957129701 ], [ 0.033676523150188, 47.221259835161597 ], [ 0.033581712662583, 47.220926595528503 ], [ 0.033582208782214, 47.220826517787998 ], [ 0.033587046145359, 47.220765199993899 ], [ 0.033595893065485, 47.220662363095997 ], [ 0.033602413026973, 47.220582529757003 ], [ 0.033535829616217, 47.220327310334497 ], [ 0.033499522585759, 47.220172866519498 ], [ 0.033486537082361, 47.220070281346999 ], [ 0.033465966555587, 47.2199853398415 ], [ 0.033404884552931, 47.219805396567303 ], [ 0.033377373605406, 47.219745592717601 ], [ 0.033321239154849, 47.219653343999099 ], [ 0.033002983552354, 47.219187894038498 ], [ 0.032729732553657, 47.218769632018201 ], [ 0.032611529948929, 47.218812550414398 ], [ 0.032451954395376, 47.218876751304201 ], [ 0.031899584825937, 47.219083501994497 ], [ 0.031603854022455, 47.219197186405601 ], [ 0.031450785212074, 47.219256057172402 ], [ 0.031346562430203, 47.219299602833097 ], [ 0.031190221509709, 47.219427308697199 ], [ 0.031063962716321, 47.219520289647498 ], [ 0.030997140008976, 47.219561820526998 ], [ 0.030895534428135, 47.2196034508856 ], [ 0.030737454584364, 47.219669219382297 ], [ 0.03052817538104, 47.219749801496597 ], [ 0.030444919903721, 47.219784784688201 ], [ 0.030165385534017, 47.219892394227699 ], [ 0.030005382872512, 47.2199570313823 ], [ 0.029972795065293, 47.219974844659703 ], [ 0.029965231487087, 47.219977713826097 ], [ 0.029895199331852, 47.220058171044002 ], [ 0.029840999143201, 47.220132097161603 ], [ 0.029800540248493, 47.220196645787702 ], [ 0.029799493903867, 47.220246709330603 ], [ 0.029798163024382, 47.220376135387298 ], [ 0.029795445585317, 47.220480390614298 ], [ 0.029715664359032, 47.220533840869699 ], [ 0.029599600140632, 47.220607351863201 ], [ 0.029554075276596, 47.2206367252736 ], [ 0.029682309317336, 47.220773797780403 ], [ 0.029807364890606, 47.220910968810401 ], [ 0.029922453441165, 47.221037073283199 ], [ 0.029977386327741, 47.221088752155801 ], [ 0.030030627517314, 47.221139937176197 ], [ 0.030051649138193, 47.2211615572892 ], [ 0.03008924384975, 47.221196755490297 ], [ 0.030170979914668, 47.221275517916602 ], [ 0.030200749036975, 47.221311146097001 ], [ 0.030231402801258, 47.221347517670203 ], [ 0.030316952148645, 47.221462594123302 ], [ 0.030252298565292, 47.221375729141698 ], [ 0.030138721024836, 47.221409466388401 ], [ 0.030099392089583, 47.221422422191097 ], [ 0.030120203042534, 47.221450253132097 ], [ 0.030176767374606, 47.221510712491202 ], [ 0.030311343576303, 47.221651298111396 ], [ 0.030471184547187, 47.221590151824799 ], [ 0.031174655901516, 47.2213210902027 ], [ 0.032250086045684, 47.222517631386502 ], [ 0.032310948944379, 47.222500271504202 ], [ 0.032426424489359, 47.2224589951254 ], [ 0.032450093812263, 47.222456628439097 ], [ 0.032475384440577, 47.222463222227503 ], [ 0.032532500870988, 47.222475406007199 ], [ 0.03255079173078, 47.222477045691903 ], [ 0.032616887026727, 47.2224487385581 ], [ 0.032653488696056, 47.222427694002903 ], [ 0.032594688675292, 47.222357358851802 ], [ 0.032518952417241, 47.2222680312262 ], [ 0.032485504661775, 47.222224741884901 ], [ 0.032496626960735, 47.222212504215499 ], [ 0.032556292068271, 47.222188086480202 ], [ 0.032574808251271, 47.222183245426002 ], [ 0.032613726943261, 47.222199287390502 ], [ 0.032647576986003, 47.222223307651099 ], [ 0.032686242484156, 47.222255919737897 ], [ 0.032726467839769, 47.222289022214703 ], [ 0.032742450184232, 47.222296548708997 ], [ 0.032780752463984, 47.222295007198703 ], [ 0.032871447949805, 47.222285798524801 ], [ 0.032950420490537, 47.222275749003003 ], [ 0.033020215820593, 47.222261860781302 ], [ 0.033066809585364, 47.222258639627 ], [ 0.033110803014403, 47.222259405927602 ], [ 0.033159750936626, 47.222266245057099 ], [ 0.033195136122018, 47.222267241327202 ], [ 0.033291251465264, 47.222238891784201 ], [ 0.033324530720734, 47.222237311556 ], [ 0.033368459177416, 47.222191319192902 ], [ 0.033436533561618, 47.222170269517498 ], [ 0.033465290198466, 47.2221667716327 ], [ 0.033556476713105, 47.222148656058302 ], [ 0.033612390262328, 47.2221299075144 ], [ 0.033653811855693, 47.222117364475601 ], [ 0.033692400772428, 47.222105829977103 ], [ 0.033726620069628, 47.222096796205399 ], [ 0.033741252003885, 47.222092846508403 ], [ 0.033823862012034, 47.222083970620901 ], [ 0.033861051158677, 47.222085823691401 ], [ 0.033968037569074, 47.222095319612201 ], [ 0.033985252073818, 47.222097291877198 ], [ 0.034045853379241, 47.222106230791397 ], [ 0.034078810808752, 47.222103290754802 ], [ 0.034136932354717, 47.222087661562597 ] ] ], [ [ [ 0.02927376645266, 47.220755844524803 ], [ 0.028774065401517, 47.220243386745601 ], [ 0.028184625290944, 47.220476737293801 ], [ 0.028229417598402, 47.220544373243897 ], [ 0.028147349458967, 47.220572178050197 ], [ 0.028114055102651, 47.220586008711997 ], [ 0.02809747284121, 47.220594141928601 ], [ 0.028135379781636, 47.220649979583101 ], [ 0.028286974404432, 47.220840446112597 ], [ 0.02832819239964, 47.220831593457802 ], [ 0.028344521304174, 47.2208495799931 ], [ 0.028409185353771, 47.220830427766302 ], [ 0.028419373608041, 47.2208351035448 ], [ 0.028449618607471, 47.220862095723298 ], [ 0.028459861559497, 47.220865781904102 ], [ 0.028489190160437, 47.220856714313904 ], [ 0.028498717577711, 47.220856598331203 ], [ 0.028540754412072, 47.220899929076801 ], [ 0.028545839699165, 47.220901230691098 ], [ 0.028584825251237, 47.220911239714297 ], [ 0.028654084917588, 47.220883106073501 ], [ 0.028692259846605, 47.220924535894497 ], [ 0.028711594338993, 47.220928815598 ], [ 0.028719173654711, 47.220930451443699 ], [ 0.028753806605738, 47.220940258681601 ], [ 0.028779641978468, 47.220948939365798 ], [ 0.028788978338209, 47.220954674348398 ], [ 0.028797782792015, 47.220970035383601 ], [ 0.028802006831156, 47.220977350968397 ], [ 0.028819301949089, 47.221008965893397 ], [ 0.028834906200667, 47.221028104945397 ], [ 0.029026586896453, 47.220902389475697 ], [ 0.02927376645266, 47.220755844524803 ] ] ], [ [ [ 0.026541298387501, 47.2239519791341 ], [ 0.026216989233406, 47.223488967727498 ], [ 0.026104359100036, 47.223524094868701 ], [ 0.025898532398252, 47.223587280104198 ], [ 0.02588507305338, 47.223591529207901 ], [ 0.025798920257305, 47.223618957337997 ], [ 0.025900791520999, 47.223768780648001 ], [ 0.025212468347633, 47.223979037927101 ], [ 0.025223866277454, 47.223997709085502 ], [ 0.025238199638509, 47.224020689875601 ], [ 0.02525615858522, 47.224047457473098 ], [ 0.025277860569516, 47.224083059968002 ], [ 0.025295204067921, 47.2241090009394 ], [ 0.025361762561716, 47.224211070870702 ], [ 0.025390159780547, 47.224247565967801 ], [ 0.025498764807618, 47.224203957708099 ], [ 0.025587546183309, 47.224160110678199 ], [ 0.025681388760336, 47.224127564757602 ], [ 0.025742494831386, 47.2241106649304 ], [ 0.025788913788466, 47.224108252979804 ], [ 0.025858414766396, 47.2240997668533 ], [ 0.026097672212154, 47.224049061489303 ], [ 0.026225961572667, 47.224022534524998 ], [ 0.026265567811766, 47.2240141817161 ], [ 0.026316288980663, 47.224003321377502 ], [ 0.026381379006087, 47.223988505472697 ], [ 0.026429767887182, 47.223976774407497 ], [ 0.02650405432897, 47.223960662934303 ], [ 0.026541298387501, 47.2239519791341 ] ] ], [ [ [ 0.025364125586537, 47.2242615823031 ], [ 0.025175419275499, 47.223962681109199 ], [ 0.02504939625251, 47.223778543041 ], [ 0.024945081650091, 47.223811540259199 ], [ 0.024615022418369, 47.223916308064801 ], [ 0.024945535863328, 47.224360204084398 ], [ 0.025146641027993, 47.224313115535999 ], [ 0.025258948214214, 47.224295818933598 ], [ 0.025364125586537, 47.2242615823031 ] ] ], [ [ [ 0.02230077115432, 47.224572621072902 ], [ 0.022300740617858, 47.224515863106298 ], [ 0.022293912897043, 47.2244624439777 ], [ 0.022260777445623, 47.224320510177897 ], [ 0.022200644502631, 47.224095359287602 ], [ 0.022176616719526, 47.223987173299498 ], [ 0.022170389680525, 47.223934850676599 ], [ 0.022173553412852, 47.223863399905497 ], [ 0.022188721697476, 47.223785320697402 ], [ 0.022218873741345, 47.223627716075903 ], [ 0.022222513693927, 47.223597809396999 ], [ 0.022223612183211, 47.2235660355785 ], [ 0.022223188171104, 47.223521159460098 ], [ 0.022218700716576, 47.223513836854501 ], [ 0.022212523926405, 47.223503587921599 ], [ 0.020762614609797, 47.223878207012604 ], [ 0.020210205321206, 47.2240218394303 ], [ 0.020020035093372, 47.224071993586598 ], [ 0.01983421996525, 47.224119917103998 ], [ 0.019522774840743, 47.224201185338302 ], [ 0.019297079634483, 47.224259974051598 ], [ 0.019303333152721, 47.224271216122901 ], [ 0.019581829406755, 47.224891719625603 ], [ 0.019647200238071, 47.22503889803 ], [ 0.019686802273383, 47.225123701266298 ], [ 0.01972408497795, 47.225200246553499 ], [ 0.019786696214077, 47.225335191590602 ], [ 0.019884849388872, 47.225542312654703 ], [ 0.019977300091335, 47.2257401877512 ], [ 0.021199439366913, 47.225400712661397 ], [ 0.021409754165673, 47.225698374317901 ], [ 0.021446651448119, 47.225681665115502 ], [ 0.021452036066803, 47.225672794470903 ], [ 0.021464696516735, 47.225651948624503 ], [ 0.021475739828636, 47.225634034197803 ], [ 0.021486122794262, 47.2256256524145 ], [ 0.021505635384962, 47.225610027803903 ], [ 0.021531536721708, 47.225584116904002 ], [ 0.021548886498118, 47.225564562782203 ], [ 0.021557779406336, 47.225554430962198 ], [ 0.02157892898357, 47.225545064685797 ], [ 0.02161499387956, 47.225529054760301 ], [ 0.021656074545685, 47.225510831404698 ], [ 0.021672751489187, 47.225503422221401 ], [ 0.021681148514083, 47.225499854270197 ], [ 0.021697130266995, 47.2254930578477 ], [ 0.021703770641775, 47.225490165463398 ], [ 0.021714689261315, 47.225488824509597 ], [ 0.021726836289523, 47.2254915692167 ], [ 0.021737789799239, 47.225499148142298 ], [ 0.021756250779683, 47.2254881811781 ], [ 0.02177943351632, 47.225475533773199 ], [ 0.021809296473087, 47.225459274271898 ], [ 0.021824139524189, 47.225465872083603 ], [ 0.021836142041111, 47.225471225696303 ], [ 0.021848276620384, 47.225476582702498 ], [ 0.021953109641984, 47.225443871758898 ], [ 0.021944291483538, 47.225433554928898 ], [ 0.021931222498717, 47.225423579285902 ], [ 0.02190453639069, 47.225408749078099 ], [ 0.021907596161754, 47.225401260106104 ], [ 0.021918312916529, 47.225396400405401 ], [ 0.02193800472864, 47.225387086685402 ], [ 0.02202251309171, 47.225403763518301 ], [ 0.022064951573961, 47.225396836267201 ], [ 0.022137414615716, 47.225349238980598 ], [ 0.022201814086776, 47.225265758464502 ], [ 0.022215017243643, 47.2252351066006 ], [ 0.022234341899483, 47.225148845899703 ], [ 0.022230850281039, 47.225071007842303 ], [ 0.022220541532782, 47.225001643278297 ], [ 0.022222117903256, 47.224913484947201 ], [ 0.022239326790209, 47.224805728257202 ], [ 0.022284935281701, 47.224672304897503 ], [ 0.022295885654267, 47.224629793231401 ], [ 0.02230077115432, 47.224572621072902 ] ] ], [ [ [ 0.02590220488554, 47.223107281298397 ], [ 0.025864008062693, 47.2230327867426 ], [ 0.025847402223402, 47.2230078557781 ], [ 0.025752351381854, 47.222882982371601 ], [ 0.025715197868552, 47.222894821404402 ], [ 0.025668581599644, 47.222910381473099 ], [ 0.0255768612947, 47.222940459293397 ], [ 0.025083110137689, 47.223102287179699 ], [ 0.025112348986513, 47.223142677892199 ], [ 0.024729474670384, 47.223243657278701 ], [ 0.024816833475368, 47.223390406235197 ], [ 0.025021258457089, 47.223335835613902 ], [ 0.025081145477132, 47.2233194453881 ], [ 0.025120170741582, 47.223309636607603 ], [ 0.025224150784721, 47.223282666738299 ], [ 0.02525443367563, 47.223320922038603 ], [ 0.0253736315133, 47.223281820178201 ], [ 0.025468922968466, 47.223251744103997 ], [ 0.025552115397895, 47.223225231217697 ], [ 0.025619456563869, 47.223203176207697 ], [ 0.02590220488554, 47.223107281298397 ] ] ], [ [ [ 0.024271439911904, 47.223398020631798 ], [ 0.024062549062692, 47.223057787733197 ], [ 0.023893238059222, 47.223111096531397 ], [ 0.023847041945961, 47.223121441414399 ], [ 0.023755795553485, 47.223135764119498 ], [ 0.023557181861519, 47.223159400516799 ], [ 0.023798917736489, 47.223524982839997 ], [ 0.02410607433343, 47.223442151750902 ], [ 0.024271439911904, 47.223398020631798 ] ] ], [ [ [ 0.025032100710929, 47.223758909602402 ], [ 0.024824750429795, 47.223452862218402 ], [ 0.024669883418377, 47.223202126594003 ], [ 0.024400162665765, 47.223282407111 ], [ 0.024444085542578, 47.223351373542201 ], [ 0.024321537852096, 47.223384082075697 ], [ 0.024513685158856, 47.223718659103099 ], [ 0.024615265322512, 47.223892800633699 ], [ 0.025032100710929, 47.223758909602402 ] ] ], [ [ [ 0.024204757091949, 47.224571811320999 ], [ 0.024127275721591, 47.224442523012797 ], [ 0.024098297785294, 47.224385471995298 ], [ 0.023992426993582, 47.224193291760898 ], [ 0.023862176780557, 47.223949403687399 ], [ 0.023833161070255, 47.223931270799604 ], [ 0.023801609015688, 47.223915955650298 ], [ 0.023774593368551, 47.223878414530297 ], [ 0.023675086603582, 47.2237074786336 ], [ 0.023576046357953, 47.223535293338898 ], [ 0.023717221835013, 47.223495766777098 ], [ 0.02350406419178, 47.223175333247703 ], [ 0.023329767461882, 47.2231753595971 ], [ 0.023070385062501, 47.2231620281066 ], [ 0.023011379355887, 47.223167268695299 ], [ 0.022992934255878, 47.223173191166602 ], [ 0.02295233921576, 47.223192238251301 ], [ 0.022919398541863, 47.223221121732202 ], [ 0.022961360033028, 47.223351750558599 ], [ 0.022968753345723, 47.223383021860599 ], [ 0.022965290144563, 47.223388248223699 ], [ 0.023181347906119, 47.223790019156397 ], [ 0.02321795391575, 47.223847806992403 ], [ 0.023216297903128, 47.223968486044001 ], [ 0.023188687379209, 47.224209219798603 ], [ 0.02328262696933, 47.224203615403603 ], [ 0.023344258218544, 47.224303848262601 ], [ 0.023362307791642, 47.224307465183898 ], [ 0.023404533946979, 47.224316297887697 ], [ 0.023457788335872, 47.2243313599011 ], [ 0.023480973534787, 47.224344928636299 ], [ 0.023503466327499, 47.224366227379498 ], [ 0.023509275084098, 47.224387908297103 ], [ 0.023509673826844, 47.224390260900101 ], [ 0.02353238210267, 47.2244458897352 ], [ 0.023688592416918, 47.224751166183502 ], [ 0.023717313448577, 47.224741183224197 ], [ 0.024204757091949, 47.224571811320999 ] ] ], [ [ [ 0.021763190010039, 47.221292289140401 ], [ 0.021743340151619, 47.221232859385204 ], [ 0.02155040154952, 47.220970329164402 ], [ 0.02146991448136, 47.220859700237199 ], [ 0.021330088732597, 47.220672049324399 ], [ 0.0212531876724, 47.220575476512103 ], [ 0.021268913888004, 47.220568493419201 ], [ 0.021413177897324, 47.220487427172799 ], [ 0.021512007019189, 47.220448346163003 ], [ 0.021601121783145, 47.220410366680902 ], [ 0.021668296614932, 47.220376958256502 ], [ 0.021712490142316, 47.220347823881198 ], [ 0.021744288605735, 47.2203061184616 ], [ 0.021756955145723, 47.220277975365597 ], [ 0.021666919000135, 47.220089082274697 ], [ 0.021632803707331, 47.220005501688199 ], [ 0.021529258108906, 47.219590222880598 ], [ 0.021462948776442, 47.219605635270099 ], [ 0.021205489235965, 47.219674871914499 ], [ 0.020873201084826, 47.2197629046209 ], [ 0.020495295707699, 47.219869943529702 ], [ 0.020347153735658, 47.219913611222601 ], [ 0.019872749246411, 47.2200462744592 ], [ 0.019637599034754, 47.220113739254401 ], [ 0.019432296000224, 47.220177106605398 ], [ 0.019278578599511, 47.220228287261101 ], [ 0.019132630035585, 47.220263361141903 ], [ 0.019003708470118, 47.220287071062401 ], [ 0.018993854096387, 47.2203002410523 ], [ 0.018986293911886, 47.220322118818203 ], [ 0.018987464278654, 47.220334401318297 ], [ 0.019026220600978, 47.220400984897303 ], [ 0.019112541516636, 47.220520774905602 ], [ 0.019166941320912, 47.2206033467019 ], [ 0.019199570101461, 47.220646889415399 ], [ 0.019287337810446, 47.220745364915203 ], [ 0.01951346587718, 47.221014879312598 ], [ 0.019537881971261, 47.221027669765498 ], [ 0.019561897133157, 47.221035765165702 ], [ 0.019681281915671, 47.221036223907603 ], [ 0.01976486407383, 47.221033689398702 ], [ 0.019773995394425, 47.2210335639421 ], [ 0.020232595863363, 47.221432031165399 ], [ 0.020308154181544, 47.2214979391768 ], [ 0.020458092889679, 47.221629544555299 ], [ 0.020778809205593, 47.221891398645703 ], [ 0.020839978085673, 47.221935404491397 ], [ 0.020870020963068, 47.221937348245199 ], [ 0.021224761549878, 47.2218166490428 ], [ 0.021326720093298, 47.221780801791702 ], [ 0.02142692199676, 47.221740855198902 ], [ 0.021469644243537, 47.221721593070697 ], [ 0.021515296507498, 47.221697180986197 ], [ 0.021605761287826, 47.221637253996199 ], [ 0.021626660183972, 47.221613286566502 ], [ 0.021633187977147, 47.221600481301103 ], [ 0.021662974153962, 47.221470975634297 ], [ 0.021678645772889, 47.221441107990799 ], [ 0.021727379679136, 47.2213777656942 ], [ 0.021753767187302, 47.221333488711899 ], [ 0.021759706922388, 47.221321749412603 ], [ 0.021763190010039, 47.221292289140401 ] ] ], [ [ [ 0.023917624944866, 47.221160536892597 ], [ 0.023915162815522, 47.221147680746 ], [ 0.023879324325198, 47.221066489145997 ], [ 0.023756127988454, 47.220819538392298 ], [ 0.023706155080081, 47.220718974419299 ], [ 0.023660186391502, 47.220624909742703 ], [ 0.023632835077308, 47.220557629892902 ], [ 0.023598666129275, 47.220460625070999 ], [ 0.023551187318266, 47.220346070907198 ], [ 0.023537617899064, 47.220318875189598 ], [ 0.023496353905996, 47.220230607020497 ], [ 0.023459124057661, 47.220153073206198 ], [ 0.023397264947586, 47.220030762009998 ], [ 0.023322108842441, 47.219893063920402 ], [ 0.023306766422327, 47.2198883453284 ], [ 0.022919235676396, 47.219999739341397 ], [ 0.022430974371602, 47.220134399162099 ], [ 0.02224165712451, 47.220188542557501 ], [ 0.022033466751903, 47.2202467951332 ], [ 0.022010488101029, 47.2202534117095 ], [ 0.021937010182873, 47.220271703196097 ], [ 0.022309974435021, 47.220774448041297 ], [ 0.022336023192994, 47.220803135854503 ], [ 0.022353274367126, 47.2208163721739 ], [ 0.022397503316301, 47.220829581172303 ], [ 0.022430814433468, 47.220829806722001 ], [ 0.022481700433453, 47.220827871339601 ], [ 0.022540407111044, 47.220820821577099 ], [ 0.02274611958568, 47.221117822778901 ], [ 0.022920331051921, 47.221386716485398 ], [ 0.02296328340169, 47.221439712597103 ], [ 0.023067269175376, 47.221541574755797 ], [ 0.023080588892629, 47.221544619753097 ], [ 0.023090896232107, 47.221542362072903 ], [ 0.02332091745514, 47.221445749225701 ], [ 0.023394368738782, 47.221416014621603 ], [ 0.023447148159472, 47.221394217379398 ], [ 0.023496257607509, 47.221374217728503 ], [ 0.023630747360987, 47.221323978979697 ], [ 0.023865319092331, 47.221238292902001 ], [ 0.023894563827177, 47.221225981026898 ], [ 0.023907147986808, 47.221216033957297 ], [ 0.023914016172051, 47.221194678693898 ], [ 0.023917624944866, 47.221160536892597 ] ] ], [ [ [ 0.0265960812208, 47.2219211205771 ], [ 0.026593962214591, 47.221880525387803 ], [ 0.026591775399169, 47.221833982472702 ], [ 0.026589215037937, 47.221789411964103 ], [ 0.026557989959594, 47.221775367202 ], [ 0.026551932802474, 47.2217725090158 ], [ 0.026534680718019, 47.221764048143299 ], [ 0.02645077199838, 47.221717479749401 ], [ 0.026416174630605, 47.221716591719698 ], [ 0.026383556981324, 47.221675123594302 ], [ 0.026396420006767, 47.2216386066696 ], [ 0.026377719575226, 47.221620468891501 ], [ 0.026335840023752, 47.2215671413134 ], [ 0.026309680770099, 47.221528451568197 ], [ 0.026300298980021, 47.221513976418898 ], [ 0.026309093100445, 47.2215032110878 ], [ 0.026327381385178, 47.221480977667298 ], [ 0.026330848289669, 47.2214661116017 ], [ 0.026327095372715, 47.221400068876697 ], [ 0.026304350665502, 47.221345070264 ], [ 0.026269489800794, 47.221260481153003 ], [ 0.026267187127578, 47.221254295877003 ], [ 0.026252192602114, 47.221216973786902 ], [ 0.026242942528118, 47.2211977272027 ], [ 0.026232770399359, 47.221176024499499 ], [ 0.026216096791241, 47.221140371024703 ], [ 0.026207943343623, 47.221125206668802 ], [ 0.026180230751437, 47.221069179587801 ], [ 0.026142413450051, 47.220961541392903 ], [ 0.026074770824381, 47.220824128317403 ], [ 0.026018894261355, 47.220729810342 ], [ 0.025950929534798, 47.220638875722003 ], [ 0.025943838354043, 47.220633198139801 ], [ 0.025902302530486, 47.220595194605302 ], [ 0.025877583147014, 47.220575911204499 ], [ 0.025757554458162, 47.220481928082698 ], [ 0.02563789884914, 47.2204075040977 ], [ 0.025627003229141, 47.220401278360796 ], [ 0.025563849489813, 47.220364431370001 ], [ 0.025483444381252, 47.220319123310603 ], [ 0.025296944431296, 47.220217216638098 ], [ 0.025154494874159, 47.220167612410997 ], [ 0.025047131157849, 47.2201339541854 ], [ 0.02498742715855, 47.220111249614398 ], [ 0.024928221245655, 47.2200843235346 ], [ 0.024915631419484, 47.220075261401703 ], [ 0.024840025492935, 47.220024490485301 ], [ 0.024792151854887, 47.2199719993028 ], [ 0.024741982931149, 47.219906025614698 ], [ 0.024646305320808, 47.219744828240898 ], [ 0.024586412607075, 47.219629955670896 ], [ 0.024523712703702, 47.219475010619497 ], [ 0.024514547175598, 47.219435135228103 ], [ 0.024513462808656, 47.219423665838001 ], [ 0.024100695878903, 47.219391441268101 ], [ 0.024093829912242, 47.219455769950201 ], [ 0.024107917774774, 47.2195978447782 ], [ 0.024107600627763, 47.219637026155198 ], [ 0.024118469285803, 47.219660458706599 ], [ 0.024135760795135, 47.219682524704801 ], [ 0.024229336583273, 47.219845830735899 ], [ 0.024334340994661, 47.220055917099799 ], [ 0.024446125372592, 47.220215186070597 ], [ 0.024501481530591, 47.220283004840297 ], [ 0.024553504235561, 47.220303530372803 ], [ 0.024615993319009, 47.220318919250097 ], [ 0.024791009191587, 47.220334405292 ], [ 0.024842555433964, 47.220342035468697 ], [ 0.02486402236321, 47.220350785042598 ], [ 0.024879906109823, 47.220362454314397 ], [ 0.024949672260247, 47.220449471895101 ], [ 0.02501940526896, 47.2205609932683 ], [ 0.025053566546693, 47.220612771829799 ], [ 0.025087149923972, 47.220665436445998 ], [ 0.02521506952695, 47.2208534073945 ], [ 0.02523843208389, 47.220890043614403 ], [ 0.025355179997283, 47.221064844517301 ], [ 0.025554500263304, 47.221389243915198 ], [ 0.025606748262791, 47.221472658043297 ], [ 0.025734980130744, 47.221655050655698 ], [ 0.025939373053581, 47.221921290752199 ], [ 0.026020533456287, 47.222029501089303 ], [ 0.026127912507496, 47.222165771959901 ], [ 0.026250700122268, 47.2221286533157 ], [ 0.026508941444411, 47.2220501461222 ], [ 0.026513158999739, 47.222043227300702 ], [ 0.026523265577086, 47.222025468568503 ], [ 0.026539986097744, 47.221995717351703 ], [ 0.0265960812208, 47.2219211205771 ] ] ], [ [ [ 0.026098102051094, 47.222176358148701 ], [ 0.025912578423705, 47.221944296739203 ], [ 0.025663099544522, 47.221618159907898 ], [ 0.025566470584123, 47.221474056364201 ], [ 0.025427568564955, 47.221255082985401 ], [ 0.025408117444739, 47.221219448156297 ], [ 0.025322226663663, 47.2210892237756 ], [ 0.02521755359121, 47.220930408697001 ], [ 0.025149611290708, 47.220822356915001 ], [ 0.025064893232888, 47.220699639940399 ], [ 0.024966371130449, 47.220549180790201 ], [ 0.024918841554974, 47.220468950556999 ], [ 0.02488145894652, 47.220415647765599 ], [ 0.024864199671872, 47.220400159355101 ], [ 0.024824294993901, 47.2203757109177 ], [ 0.024763619878708, 47.220365774191997 ], [ 0.024495552086867, 47.2203351953086 ], [ 0.024403881183784, 47.220233020075298 ], [ 0.02434431843291, 47.220140858767699 ], [ 0.024320712164733, 47.220094306081002 ], [ 0.024289785535366, 47.220036664359299 ], [ 0.024195218632345, 47.2198410804193 ], [ 0.024153296948802, 47.2197694623991 ], [ 0.02409732872106, 47.2196983844306 ], [ 0.024086495552737, 47.219688646599799 ], [ 0.024074319841106, 47.219686441911499 ], [ 0.023346382594463, 47.219882156006598 ], [ 0.023393281970913, 47.219978497051002 ], [ 0.023414617539688, 47.220020667244199 ], [ 0.023447217733919, 47.2200862802217 ], [ 0.023472009254007, 47.220135296013197 ], [ 0.023498176228671, 47.220188130954099 ], [ 0.02352360317888, 47.220237613511003 ], [ 0.023553574892506, 47.220295771461203 ], [ 0.023578446282418, 47.220343347819302 ], [ 0.023616636988824, 47.220458474154 ], [ 0.023664153647633, 47.220579515793098 ], [ 0.023683023166989, 47.220623244192801 ], [ 0.023721902798357, 47.220694874294303 ], [ 0.023760222247011, 47.220774237798203 ], [ 0.023904226668299, 47.2210633450686 ], [ 0.023941592426773, 47.221143224532298 ], [ 0.023962342144736, 47.2212151095001 ], [ 0.023929589649198, 47.221233457454602 ], [ 0.023695451627109, 47.221320866527499 ], [ 0.023612540436959, 47.221351889815303 ], [ 0.023470775471848, 47.221404554254597 ], [ 0.023414901549958, 47.221424920635798 ], [ 0.023358195442846, 47.221445986335098 ], [ 0.023316024631597, 47.221462470491701 ], [ 0.023285095425662, 47.221476540760698 ], [ 0.023234889696307, 47.221502007697197 ], [ 0.023168020933419, 47.221537046525697 ], [ 0.023140557394543, 47.221553007627698 ], [ 0.023121166285901, 47.221566473429903 ], [ 0.023118395906104, 47.221573519417397 ], [ 0.023135092243365, 47.221599173882801 ], [ 0.023148987947571, 47.221618089658698 ], [ 0.023173846811969, 47.221653953943097 ], [ 0.023204197055321, 47.221690950323499 ], [ 0.023277432966538, 47.221779769773498 ], [ 0.023309450212425, 47.2218177098623 ], [ 0.023337077224597, 47.221848960507401 ], [ 0.023368122808318, 47.221885344066898 ], [ 0.023398650189143, 47.221921534120398 ], [ 0.023437063576903, 47.221965764682302 ], [ 0.023495880916686, 47.222030789895904 ], [ 0.023524113624759, 47.222063047048998 ], [ 0.023540842431991, 47.222080954467799 ], [ 0.023559893237418, 47.222095137727599 ], [ 0.023573504696127, 47.222100082065602 ], [ 0.023606091268628, 47.222091910198202 ], [ 0.023647796784914, 47.222081450058703 ], [ 0.023781795555648, 47.2220496671044 ], [ 0.023829116887422, 47.2220380899021 ], [ 0.023872935144585, 47.222027683959702 ], [ 0.023885028926235, 47.222024210829602 ], [ 0.023983757040776, 47.222163775129097 ], [ 0.024193907907092, 47.2224668332737 ], [ 0.024345056038242, 47.222674771186099 ], [ 0.025277228752506, 47.2224141138596 ], [ 0.025760642207273, 47.2222740921002 ], [ 0.026098102051094, 47.222176358148701 ] ] ], [ [ [ 0.02351901004608, 47.222109853231203 ], [ 0.023505385417619, 47.222083647119803 ], [ 0.023429173706847, 47.221991237844897 ], [ 0.023324816966794, 47.221867384378299 ], [ 0.023189597161548, 47.221706250975302 ], [ 0.023126985689389, 47.221630947820998 ], [ 0.022998380466424, 47.221508002454598 ], [ 0.022948576362068, 47.221454560012397 ], [ 0.022907794257905, 47.221407745844601 ], [ 0.022851023505228, 47.221327277248903 ], [ 0.022805143404649, 47.221253124586802 ], [ 0.022727722709838, 47.221134827611301 ], [ 0.022626642620805, 47.2209852916098 ], [ 0.022562455393765, 47.220893100594502 ], [ 0.022545734716278, 47.220872670672499 ], [ 0.022532753942482, 47.220863508139203 ], [ 0.022519962546561, 47.2208557018348 ], [ 0.022488549840418, 47.220849849378403 ], [ 0.022459720858071, 47.220847486774701 ], [ 0.022409686911868, 47.220848362957298 ], [ 0.022341547355524, 47.220849044018102 ], [ 0.022046057401454, 47.220451625186499 ], [ 0.021927328498744, 47.220298481586703 ], [ 0.021912384708816, 47.220291340603303 ], [ 0.021866873271617, 47.220294134618896 ], [ 0.02180170676756, 47.220319937054803 ], [ 0.021673239660059, 47.220407085621197 ], [ 0.021423063922468, 47.220509483365802 ], [ 0.021363537609121, 47.220538493674702 ], [ 0.021305354049527, 47.220579070120998 ], [ 0.02130128792155, 47.220585632301002 ], [ 0.021302750345829, 47.220595039361903 ], [ 0.021348607911081, 47.220664777669903 ], [ 0.021785247243737, 47.221264117190501 ], [ 0.021786625078378, 47.221284603246403 ], [ 0.021769306717109, 47.221341816203001 ], [ 0.021749703587918, 47.221380591875899 ], [ 0.021693106497041, 47.221461750209599 ], [ 0.021679069312716, 47.221490758965103 ], [ 0.021669713665994, 47.2215235818026 ], [ 0.021676545375189, 47.221581685883997 ], [ 0.021708426832615, 47.221622055413199 ], [ 0.021747174964283, 47.2216578266437 ], [ 0.021777673708826, 47.221687349696801 ], [ 0.02180657043322, 47.221714759466302 ], [ 0.021947160197191, 47.221843329642397 ], [ 0.02207840979509, 47.221961479267399 ], [ 0.022215619754336, 47.222081854017397 ], [ 0.022330226771544, 47.222180566369602 ], [ 0.022388773983566, 47.222250450130304 ], [ 0.022582156572949, 47.222469295962 ], [ 0.022609399266949, 47.222469275381897 ], [ 0.022647273295467, 47.222461149573597 ], [ 0.022710884889936, 47.222441973388101 ], [ 0.022813870160647, 47.222406691763801 ], [ 0.022982569336287, 47.222342918300697 ], [ 0.023234602056236, 47.222247682008998 ], [ 0.023431129984371, 47.222158947092197 ], [ 0.02351901004608, 47.222109853231203 ] ] ], [ [ [ 0.022569322091494, 47.222901672310002 ], [ 0.022503490922765, 47.222822412214803 ], [ 0.022458454824386, 47.222759272250997 ], [ 0.022426928240203, 47.222705308384299 ], [ 0.022417350024077, 47.222658575341903 ], [ 0.022398669573778, 47.222568454845202 ], [ 0.022570499083248, 47.2225007083291 ], [ 0.022520325617194, 47.222439598523003 ], [ 0.022468575143333, 47.2223807004302 ], [ 0.022418790684938, 47.222326897927303 ], [ 0.022353403839227, 47.222239631040303 ], [ 0.02227586350666, 47.222156916630297 ], [ 0.022070736002175, 47.221980651547902 ], [ 0.021883665975894, 47.221815030526798 ], [ 0.021682375511251, 47.221629223579697 ], [ 0.021652529603568, 47.2216308887322 ], [ 0.02157018475809, 47.221689853336102 ], [ 0.021511100687201, 47.221725181471598 ], [ 0.021431977219569, 47.221757021352801 ], [ 0.021309767574762, 47.221805140911997 ], [ 0.021100986749091, 47.221878692235997 ], [ 0.020882774812764, 47.221957766490803 ], [ 0.020912092232655, 47.2219895116706 ], [ 0.021233921260424, 47.222295807775303 ], [ 0.021424451624673, 47.222482509963299 ], [ 0.021506386243908, 47.222562274840399 ], [ 0.021580851399315, 47.222638424165702 ], [ 0.021702639144955, 47.222755520077797 ], [ 0.021770265462489, 47.222823835727297 ], [ 0.021835156203886, 47.222893792734503 ], [ 0.02190249882468, 47.222962461364901 ], [ 0.022030853590501, 47.223120987291097 ], [ 0.022569322091494, 47.222901672310002 ] ] ], [ [ [ 0.024456785250228, 47.222866200817599 ], [ 0.024443511571048, 47.222845589480102 ], [ 0.024371413111113, 47.222750493754198 ], [ 0.024353711794202, 47.222726255141602 ], [ 0.024297328898666, 47.2226506622494 ], [ 0.024269461476573, 47.222614180429296 ], [ 0.024168197897214, 47.222475001764003 ], [ 0.024035232620673, 47.222285008264798 ], [ 0.023876858211982, 47.222061929148801 ], [ 0.023842709200153, 47.222062493326199 ], [ 0.023663113082225, 47.222103375254797 ], [ 0.023550675829502, 47.222132648955402 ], [ 0.023527589407942, 47.222138812620599 ], [ 0.023458701679222, 47.222167313213902 ], [ 0.023344632902319, 47.222218887320302 ], [ 0.023176428151867, 47.222292854258001 ], [ 0.023003511216367, 47.222358771881602 ], [ 0.022818910919119, 47.222423127741401 ], [ 0.022679098149218, 47.222471517091797 ], [ 0.022613438588831, 47.222499019074199 ], [ 0.022447429428264, 47.222566735063197 ], [ 0.02242997127848, 47.2225834937081 ], [ 0.022437875444895, 47.222650904615001 ], [ 0.022455287463616, 47.222718559885003 ], [ 0.022489106353633, 47.222774114201499 ], [ 0.022535864178001, 47.222837208310501 ], [ 0.022803495484647, 47.222777959656803 ], [ 0.022858491706833, 47.222766309792 ], [ 0.022895787456573, 47.222739970696402 ], [ 0.023007387908032, 47.222658963974297 ], [ 0.023296193631525, 47.223103415339402 ], [ 0.023448775882903, 47.223101479784198 ], [ 0.02350642109132, 47.223096924747601 ], [ 0.023672606954102, 47.223083356333198 ], [ 0.023814514494966, 47.223064028813901 ], [ 0.023848766128647, 47.223059232999603 ], [ 0.02391983019734, 47.223036824147698 ], [ 0.024456785250228, 47.222866200817599 ] ] ], [ [ [ 0.022194003446608, 47.223463111567398 ], [ 0.022191220238323, 47.223453670585698 ], [ 0.022184278511891, 47.223440519083397 ], [ 0.022169261423374, 47.223417970752699 ], [ 0.02202257449937, 47.2231964507708 ], [ 0.021975929013986, 47.2231193952654 ], [ 0.021716430017375, 47.222828848201203 ], [ 0.021490457526286, 47.222603937752197 ], [ 0.021327829269072, 47.222441106458199 ], [ 0.021108024028169, 47.222224281713501 ], [ 0.021016508147372, 47.222136071870104 ], [ 0.020909692214524, 47.222035216137897 ], [ 0.020835176392009, 47.221967173197399 ], [ 0.020788204125995, 47.221929478435499 ], [ 0.020628623967054, 47.221802400405998 ], [ 0.020472398114733, 47.221676849855903 ], [ 0.020142727957559, 47.221402422051099 ], [ 0.019988589998635, 47.221270257742802 ], [ 0.019798396649516, 47.221115814112899 ], [ 0.019688819120073, 47.221091103047797 ], [ 0.019637295238568, 47.221085453158203 ], [ 0.019573555445043, 47.221083092605902 ], [ 0.019525897537101, 47.221098353148903 ], [ 0.019376746968481, 47.220919198661399 ], [ 0.019295703305217, 47.220821076437097 ], [ 0.019221274262238, 47.220734836175602 ], [ 0.019144678511205, 47.220635206631897 ], [ 0.019078808595653, 47.220540087299803 ], [ 0.018955659403867, 47.220361871484698 ], [ 0.018907510028016, 47.220302523722502 ], [ 0.018871588738171, 47.220292139783403 ], [ 0.018847436471498, 47.220293680441998 ], [ 0.017933009693637, 47.220360776806601 ], [ 0.017508140500041, 47.220398848756503 ], [ 0.017467623519739, 47.220409337290398 ], [ 0.017298629918967, 47.220411653059202 ], [ 0.016900215106692, 47.220440043441101 ], [ 0.016791328290682, 47.220438680953599 ], [ 0.016611144575048, 47.220423410058899 ], [ 0.016410387499514, 47.220397608901401 ], [ 0.016250914169185, 47.220371339160302 ], [ 0.016018349387534, 47.220318231255803 ], [ 0.015721768931438, 47.220248698837203 ], [ 0.015557005615785, 47.2202129223596 ], [ 0.015324679632346, 47.220174594136502 ], [ 0.015206344912356, 47.220160013589798 ], [ 0.014883512477461, 47.220141785223298 ], [ 0.014899323154533, 47.2203000324782 ], [ 0.014945601070593, 47.22042636167 ], [ 0.015023380390964, 47.220540259114003 ], [ 0.015140673064848, 47.220709409493601 ], [ 0.015177752166586, 47.220763248391101 ], [ 0.015225057248685, 47.220830594151103 ], [ 0.015275289698668, 47.2208999973152 ], [ 0.015399661887892, 47.221051221438699 ], [ 0.015508168890037, 47.221180955345801 ], [ 0.015624685408931, 47.221321255949803 ], [ 0.015767223684851, 47.221485920706002 ], [ 0.015861400974232, 47.2215951046676 ], [ 0.015935984247772, 47.221714234404303 ], [ 0.01613315002715, 47.222035983182899 ], [ 0.016218127434431, 47.222172767984901 ], [ 0.016303839936124, 47.222312995100097 ], [ 0.016466216414337, 47.2225730356515 ], [ 0.016595212235574, 47.222781675203301 ], [ 0.016685660200552, 47.222927159090602 ], [ 0.016807334210621, 47.223089032715301 ], [ 0.016966910137472, 47.223289990619897 ], [ 0.017082989198721, 47.223457395562498 ], [ 0.017195753031718, 47.223620210453099 ], [ 0.017228051866908, 47.223679240823799 ], [ 0.017294293912971, 47.223801037595301 ], [ 0.017394728391111, 47.2239906522003 ], [ 0.017451060806545, 47.2240956169871 ], [ 0.017508963149643, 47.224200892424903 ], [ 0.017566053417687, 47.2243065072824 ], [ 0.017622147334592, 47.224411015361497 ], [ 0.017678276756398, 47.224510118859698 ], [ 0.017769132886096, 47.224605431496997 ], [ 0.017882645684928, 47.2247405167982 ], [ 0.018073159558905, 47.224979927164199 ], [ 0.01821123937023, 47.225153752849103 ], [ 0.018289745801715, 47.2252953241602 ], [ 0.018331055623992, 47.2253731447626 ], [ 0.018403073274283, 47.225531576154701 ], [ 0.018436920872974, 47.225608033480803 ], [ 0.018471804808404, 47.225689652642501 ], [ 0.018500718832011, 47.225769226249497 ], [ 0.018547785632394, 47.225924492867399 ], [ 0.018580368644659, 47.2260309178466 ], [ 0.018639519437805, 47.226166224914301 ], [ 0.018749333157632, 47.226289412054001 ], [ 0.018767403585007, 47.226328435921303 ], [ 0.01877856820553, 47.226344128739399 ], [ 0.018937993851467, 47.226600575325797 ], [ 0.019008903811714, 47.226705103360501 ], [ 0.019252861781044, 47.226643901937102 ], [ 0.019289919555538, 47.226633864243198 ], [ 0.01941057158053, 47.226599760672201 ], [ 0.019453963509183, 47.226585201156297 ], [ 0.019629472029301, 47.226527733586899 ], [ 0.019677344166757, 47.226508694607503 ], [ 0.019711374485068, 47.226493623911402 ], [ 0.019806524465418, 47.226416160899802 ], [ 0.019799653089797, 47.2263922001776 ], [ 0.019750907407744, 47.226317252019399 ], [ 0.019737751781771, 47.2262969134554 ], [ 0.019721959916681, 47.226276416986003 ], [ 0.019588086118397, 47.226095764581103 ], [ 0.019640756792168, 47.226080813059603 ], [ 0.019678641381836, 47.226070165884401 ], [ 0.019724551947953, 47.226055490884299 ], [ 0.019795270389138, 47.226032264733298 ], [ 0.019863885763966, 47.2260088042635 ], [ 0.019911697519479, 47.225990844734099 ], [ 0.019941511307251, 47.225980260152099 ], [ 0.019945690124485, 47.225974061280702 ], [ 0.019958233972734, 47.2259577171261 ], [ 0.01997466757067, 47.225935617116697 ], [ 0.019987869288537, 47.225916947519103 ], [ 0.020001701384026, 47.2258988346791 ], [ 0.020017835920772, 47.225877357607501 ], [ 0.020031937251616, 47.225854386785002 ], [ 0.019981185567822, 47.2258681265645 ], [ 0.01997278641533, 47.225855027540298 ], [ 0.019972323300587, 47.225844294821002 ], [ 0.019955991311392, 47.225807297865799 ], [ 0.019874059859555, 47.225629603412102 ], [ 0.019804245279252, 47.225474292812997 ], [ 0.019768424899913, 47.225397605001803 ], [ 0.019731515821047, 47.225319087352297 ], [ 0.019695040339212, 47.225242292566001 ], [ 0.019619411201574, 47.225086922321999 ], [ 0.0195845207413, 47.225010168260098 ], [ 0.019561003821446, 47.224959652941898 ], [ 0.019548436867305, 47.224933473572598 ], [ 0.019532439188261, 47.224899998674204 ], [ 0.019512871355397, 47.224856972385901 ], [ 0.019484588499229, 47.224794622623897 ], [ 0.01945993072179, 47.224740834654597 ], [ 0.019442941523956, 47.224706163048801 ], [ 0.019429876377756, 47.224679430298998 ], [ 0.019241450972113, 47.224266290643698 ], [ 0.01922554345596, 47.224231196367697 ], [ 0.01923773019064, 47.224228446823801 ], [ 0.01982174831545, 47.2240777040277 ], [ 0.019875727539354, 47.224062966282403 ], [ 0.020492220654105, 47.223901253641003 ], [ 0.02068046374374, 47.223854832991002 ], [ 0.020861946739266, 47.223808688663503 ], [ 0.022194003446608, 47.223463111567398 ] ] ], [ [ [ 0.026829907103171, 47.217565648900802 ], [ 0.026716133586852, 47.217545161007202 ], [ 0.026725143808631, 47.217348724005802 ], [ 0.026743609108695, 47.217344783505602 ], [ 0.02666952214147, 47.217209187097197 ], [ 0.026617219733156, 47.217102888775898 ], [ 0.026717048587279, 47.217071847278703 ], [ 0.026700436065177, 47.217039889084603 ], [ 0.026656697231243, 47.216970027096401 ], [ 0.026589616214024, 47.216858394411297 ], [ 0.026555811731873, 47.216802571273803 ], [ 0.02652451378456, 47.216749244917303 ], [ 0.026520286268622, 47.216751568853503 ], [ 0.026421629043682, 47.216785342974298 ], [ 0.026338130356354, 47.2166645498585 ], [ 0.026498379059286, 47.216597761957097 ], [ 0.02654627475119, 47.216578090325001 ], [ 0.026481730172251, 47.2164899462759 ], [ 0.026450418821904, 47.216451214263301 ], [ 0.026409124235434, 47.216404117789203 ], [ 0.026334065733252, 47.216388947627998 ], [ 0.026300950143, 47.216370890154899 ], [ 0.026299145977816, 47.216365258205101 ], [ 0.026293089443546, 47.216362399999298 ], [ 0.026252151376791, 47.216316033341798 ], [ 0.026241968334938, 47.216301717747001 ], [ 0.026201092167612, 47.2163092270074 ], [ 0.026124207259901, 47.216348604895501 ], [ 0.025667150886112, 47.216589214678301 ], [ 0.025645936998909, 47.216547228160103 ], [ 0.025593040582077, 47.216492355935998 ], [ 0.025531862689341, 47.216429433123999 ], [ 0.025507944537285, 47.216402872770601 ], [ 0.025460828542033, 47.216353464270398 ], [ 0.025423280053531, 47.216317544796603 ], [ 0.025387196961071, 47.2162885999401 ], [ 0.025379488687777, 47.216284528087598 ], [ 0.025370357860332, 47.216279879158797 ], [ 0.025162447728745, 47.216146971205099 ], [ 0.025065257100583, 47.2160849250754 ], [ 0.024872065129679, 47.215965637916 ], [ 0.024723361149996, 47.216038846301601 ], [ 0.024331815252221, 47.216252034174502 ], [ 0.024223520173361, 47.216314207790099 ], [ 0.024278159462012, 47.2163805670084 ], [ 0.0243481939784, 47.216476961597301 ], [ 0.024393745950197, 47.216554618954802 ], [ 0.024403060719716, 47.2166013451615 ], [ 0.024407769574796, 47.216657232419699 ], [ 0.024392483025137, 47.216756660517397 ], [ 0.0243750845023, 47.2168201781625 ], [ 0.024364428938295, 47.216864589554199 ], [ 0.024359306907477, 47.216916530546399 ], [ 0.024357779322864, 47.216958473685601 ], [ 0.024369557126375, 47.216986974695601 ], [ 0.02440860594559, 47.217038789051998 ], [ 0.024489317596026, 47.217150142590697 ], [ 0.024651991551196, 47.217082608637099 ], [ 0.025064381898647, 47.216908603954501 ], [ 0.025691863202892, 47.216639669471697 ], [ 0.025701767512984, 47.2166590230484 ], [ 0.025193894883874, 47.216874001725799 ], [ 0.024979125590898, 47.216965423944501 ], [ 0.024807087832516, 47.217037312479199 ], [ 0.024500950653346, 47.2171717028627 ], [ 0.024742129113675, 47.217470512918098 ], [ 0.024812066054735, 47.217563931622202 ], [ 0.024836017429025, 47.217601844409401 ], [ 0.024881385113335, 47.217694812217701 ], [ 0.024928820819459, 47.217788643930703 ], [ 0.024978644557666, 47.217901456031399 ], [ 0.025007329799148, 47.217980481696401 ], [ 0.025554591749505, 47.217904624339297 ], [ 0.025563039151718, 47.217928805410999 ], [ 0.025584756659108, 47.218038192798801 ], [ 0.025718331922319, 47.218023424139297 ], [ 0.025962465248925, 47.217970142090401 ], [ 0.026161904515771, 47.217931207795402 ], [ 0.026150621023045, 47.217838755206003 ], [ 0.026149975265127, 47.2178026122033 ], [ 0.026155817227708, 47.2177997891798 ], [ 0.026280528982143, 47.217801819514101 ], [ 0.026277689404814, 47.217779043730602 ], [ 0.026335269383253, 47.217780341659498 ], [ 0.026336007730576, 47.217790901240001 ], [ 0.026410233027491, 47.217799653504798 ], [ 0.026409363647802, 47.217772333668101 ], [ 0.02648962886178, 47.217791421187897 ], [ 0.026542488778114, 47.217803949297299 ], [ 0.026524976324954, 47.217850437093901 ], [ 0.026519842912906, 47.217864359493703 ], [ 0.026541679518234, 47.217864019100297 ], [ 0.02665281829233, 47.217862817724999 ], [ 0.026763038194214, 47.217866277380899 ], [ 0.026769614963723, 47.2178358153094 ], [ 0.026775909106401, 47.217793724268901 ], [ 0.026785785993271, 47.217727490755898 ], [ 0.026797310654862, 47.217645803913598 ], [ 0.026825008521418, 47.217637505733201 ], [ 0.0268273196692, 47.217602880088499 ], [ 0.026829907103171, 47.217565648900802 ] ] ], [ [ [ 0.023823281178523, 47.216476539574103 ], [ 0.02379073122158, 47.216441108336703 ], [ 0.02374024887895, 47.216399991068499 ], [ 0.023682549353206, 47.216357877519201 ], [ 0.023622386017569, 47.2163148898128 ], [ 0.023529960005873, 47.216248009781097 ], [ 0.023420538231561, 47.216163305376398 ], [ 0.023315807813768, 47.216077460137498 ], [ 0.023187587173242, 47.215974074020899 ], [ 0.02313175684264, 47.215926873014098 ], [ 0.023059095421816, 47.215868428502397 ], [ 0.02297694469221, 47.215797487680398 ], [ 0.022699634130114, 47.215547384796999 ], [ 0.022653199200972, 47.215504839479799 ], [ 0.022602250155618, 47.215457853740702 ], [ 0.022543585757229, 47.215404543465901 ], [ 0.022442754445855, 47.215315193919203 ], [ 0.021641787367843, 47.215655867518201 ], [ 0.021628287315814, 47.215663268240299 ], [ 0.021613882924604, 47.215679835001303 ], [ 0.021598113303609, 47.215706727134503 ], [ 0.021592076986496, 47.215722608143601 ], [ 0.021597211398224, 47.215746884577001 ], [ 0.021629891502769, 47.215801419147603 ], [ 0.021750233937708, 47.215958659181197 ], [ 0.02177515905643, 47.2160266881572 ], [ 0.0217880788343, 47.216089453452902 ], [ 0.021835286035911, 47.216194452084302 ], [ 0.021872682637856, 47.216252170921202 ], [ 0.021899476357611, 47.216281688917597 ], [ 0.021952017526624, 47.2163357429814 ], [ 0.021997453704087, 47.216393938730398 ], [ 0.022067795703717, 47.2165109735584 ], [ 0.022330892746627, 47.216953327073398 ], [ 0.022343451747043, 47.2169820285798 ], [ 0.022347605258057, 47.217024027674299 ], [ 0.023155213668915, 47.216723700228101 ], [ 0.023823281178523, 47.216476539574103 ] ] ], [ [ [ 0.022419593260931, 47.215296490247198 ], [ 0.02219280030161, 47.2151084059402 ], [ 0.021948752300092, 47.214914381957598 ], [ 0.021850548992035, 47.214954290064497 ], [ 0.021662333058443, 47.2150199020573 ], [ 0.021392666237422, 47.215107023204901 ], [ 0.021106708600841, 47.215180301218197 ], [ 0.021010547212094, 47.215202423101999 ], [ 0.02083142529949, 47.215239888949803 ], [ 0.020679046673997, 47.2152647989776 ], [ 0.020535075823616, 47.215288303429602 ], [ 0.020250828296353, 47.2153330644649 ], [ 0.020008637538227, 47.215368095838699 ], [ 0.019744794940703, 47.215409686852801 ], [ 0.0193466960295, 47.215471246406601 ], [ 0.019042421586934, 47.215524228043002 ], [ 0.018824902223638, 47.215562594621098 ], [ 0.018729147656762, 47.215586887310003 ], [ 0.018679752978474, 47.215602553175302 ], [ 0.018604847290265, 47.215629995006999 ], [ 0.018260775444075, 47.215771140647298 ], [ 0.018109883880262, 47.215833563600398 ], [ 0.018025233529784, 47.215872195809197 ], [ 0.018477330493504, 47.216506183444601 ], [ 0.018690466686956, 47.216825997310401 ], [ 0.018756536611495, 47.216812472311702 ], [ 0.018951238866821, 47.216763608532098 ], [ 0.019358729987591, 47.216644903708598 ], [ 0.019421164651733, 47.216692186428297 ], [ 0.019462799792119, 47.216735420381198 ], [ 0.019495026978178, 47.216800484584901 ], [ 0.019528748376899, 47.216881533355497 ], [ 0.019546519435424, 47.216928297447602 ], [ 0.019567406821309, 47.216983249919302 ], [ 0.019601845886861, 47.217065668489298 ], [ 0.019661449733297, 47.217149725495702 ], [ 0.019783757987699, 47.217295306289799 ], [ 0.019874996312221, 47.217405042173901 ], [ 0.019926451466081, 47.217500150765801 ], [ 0.020057896183258, 47.217752904391403 ], [ 0.020656994488015, 47.217576870847097 ], [ 0.020887182120001, 47.217505672967 ], [ 0.021635749247127, 47.217261765896303 ], [ 0.022012096792192, 47.217137115888697 ], [ 0.022271144879905, 47.217050891353601 ], [ 0.022299468303153, 47.217028916487003 ], [ 0.022312579823705, 47.217009433498902 ], [ 0.02231138862585, 47.216978411564597 ], [ 0.022287703386297, 47.216940505034799 ], [ 0.022185506129884, 47.216768326601198 ], [ 0.022140679649355, 47.216691948229901 ], [ 0.022097128805753, 47.216611638622901 ], [ 0.022038313887282, 47.2165132787377 ], [ 0.021976078621082, 47.216407443413701 ], [ 0.021942533363683, 47.216361355290097 ], [ 0.021876187969711, 47.216286765922902 ], [ 0.021853118728784, 47.216264010416097 ], [ 0.021833026565303, 47.2162376377103 ], [ 0.021812907013508, 47.216209372383602 ], [ 0.021769947448988, 47.216106464955999 ], [ 0.021748263416857, 47.216025275923002 ], [ 0.021730817098347, 47.215979781818298 ], [ 0.021663565668738, 47.215878592130402 ], [ 0.021610051178984, 47.215811089307103 ], [ 0.021574648168756, 47.215750808978598 ], [ 0.021563913480023, 47.215713055063198 ], [ 0.021577266665329, 47.215662947387202 ], [ 0.021834905721136, 47.215551912660203 ], [ 0.021841412825939, 47.215549016862198 ], [ 0.022112774938253, 47.215431307258299 ], [ 0.02212144937786, 47.215427476160897 ], [ 0.022419593260931, 47.215296490247198 ] ] ], [ [ [ 0.018019565207478, 47.215809886923601 ], [ 0.018018497264165, 47.215798147568201 ], [ 0.017979467806455, 47.2157484935409 ], [ 0.017582559884426, 47.215292593471503 ], [ 0.017519100923447, 47.215228075841203 ], [ 0.017426693176888, 47.2151443440669 ], [ 0.016990525254487, 47.2146359885677 ], [ 0.016759171189674, 47.214356513011403 ], [ 0.016576391735498, 47.2141619829098 ], [ 0.016526616242199, 47.214103492835797 ], [ 0.016447252211686, 47.214030186354897 ], [ 0.016397641219657, 47.213973502280702 ], [ 0.016357268001753, 47.213912371379699 ], [ 0.016311594756303, 47.213815698018799 ], [ 0.016288564492354, 47.213761320216797 ], [ 0.016261390443829, 47.213717286269599 ], [ 0.016214441973858, 47.213645985782897 ], [ 0.016132377222733, 47.213514140145797 ], [ 0.016078117274338, 47.213374452033598 ], [ 0.016013586001158, 47.213241166040604 ], [ 0.015941805153533, 47.2131146302712 ], [ 0.015883019080494, 47.213004105138701 ], [ 0.015829618708981, 47.212896601646499 ], [ 0.015802962414723, 47.2128408690062 ], [ 0.015780804601407, 47.212789846920202 ], [ 0.015723793255426, 47.212675943923898 ], [ 0.015658491048572, 47.212568494042301 ], [ 0.015557569788368, 47.212388143263603 ], [ 0.01549556560066, 47.212266543782803 ], [ 0.015438067798749, 47.212168574253099 ], [ 0.015426409490994, 47.2121689945822 ], [ 0.015396219148612, 47.212176955529202 ], [ 0.015344486745569, 47.212199046288198 ], [ 0.015299397806196, 47.2122229298636 ], [ 0.01524848130177, 47.212254140847399 ], [ 0.015196908441732, 47.212294794503698 ], [ 0.014930741221329, 47.212449919802701 ], [ 0.014767039738034, 47.212540747404198 ], [ 0.014605070600865, 47.212638466390501 ], [ 0.014517392013255, 47.212688819958402 ], [ 0.014462393263252, 47.2127268624415 ], [ 0.014424760708533, 47.2127593163951 ], [ 0.014359931354863, 47.212819628320801 ], [ 0.014273162691252, 47.212915501385403 ], [ 0.014247791411563, 47.212946199237599 ], [ 0.014185999293569, 47.2130351483749 ], [ 0.014131387313517, 47.213135273736697 ], [ 0.014067595297263, 47.213253090638098 ], [ 0.014001463481005, 47.213355891996997 ], [ 0.013932705023618, 47.213446463252502 ], [ 0.013873175475022, 47.213506551185901 ], [ 0.013754223705781, 47.213605738410799 ], [ 0.013666340778309, 47.213674014321199 ], [ 0.013661767529647, 47.213687320050703 ], [ 0.013665206747225, 47.213694435858301 ], [ 0.013675618605958, 47.213702181890099 ], [ 0.013791005590813, 47.213757680055799 ], [ 0.013853847328059, 47.213792724089998 ], [ 0.013923338574018, 47.2138413631424 ], [ 0.013975873557087, 47.213883438812701 ], [ 0.014069282353674, 47.2139871095982 ], [ 0.014321300136247, 47.214284691428396 ], [ 0.014365077011559, 47.214344018892298 ], [ 0.014434585783762, 47.214437613687203 ], [ 0.014486856919015, 47.214522565822101 ], [ 0.014511561520591, 47.214582482737598 ], [ 0.014526567206041, 47.214648005610698 ], [ 0.014533572940446, 47.2147004392139 ], [ 0.014537049299419, 47.214785485043599 ], [ 0.014529787917346, 47.214856740402801 ], [ 0.014522641487129, 47.214887817941701 ], [ 0.014505555167361, 47.214993144908597 ], [ 0.01449657230432, 47.215157330250399 ], [ 0.014495789472251, 47.215254788999502 ], [ 0.014503527416015, 47.215346431232199 ], [ 0.014504562701427, 47.215373034885097 ], [ 0.014525535776342, 47.215433486231902 ], [ 0.014568144922192, 47.215628190860201 ], [ 0.014590752145131, 47.215747333807499 ], [ 0.014606168712991, 47.215817371789498 ], [ 0.014619603854682, 47.215875466635502 ], [ 0.01463925780801, 47.215985884669401 ], [ 0.014667033189187, 47.216250117813999 ], [ 0.014671613295821, 47.216374832233697 ], [ 0.014674228460006, 47.216456342237301 ], [ 0.014675250140319, 47.216587992066401 ], [ 0.014677645590897, 47.216749677718198 ], [ 0.014680029809678, 47.216882984290997 ], [ 0.01469742734193, 47.217355601430498 ], [ 0.014705437842632, 47.217482836661901 ], [ 0.014752100056038, 47.217485480643496 ], [ 0.014880792345945, 47.217384831643301 ], [ 0.014983726891375, 47.2173003658488 ], [ 0.015114950982192, 47.217187439332498 ], [ 0.01551519470916, 47.216868378074302 ], [ 0.015671286344172, 47.216740956315 ], [ 0.015829454898324, 47.2166142185024 ], [ 0.015917698298248, 47.216549013367498 ], [ 0.016024640891694, 47.216485190775998 ], [ 0.016221291698171, 47.216396471286799 ], [ 0.016346821753938, 47.216350334633397 ], [ 0.016488201501049, 47.216299741146003 ], [ 0.016562344202459, 47.216274172903901 ], [ 0.016669120824734, 47.216239535050903 ], [ 0.016764947792065, 47.216209209764202 ], [ 0.017066215576581, 47.216108047792602 ], [ 0.0173726684965, 47.216013505145199 ], [ 0.017718762206026, 47.215905117238698 ], [ 0.017897927097495, 47.215850269592302 ], [ 0.017983157206227, 47.215822643532903 ], [ 0.018019565207478, 47.215809886923601 ] ] ], [ [ [ 0.03424753333851, 47.217063987763296 ], [ 0.034228480812063, 47.216982688780199 ], [ 0.034208799545284, 47.216886418666 ], [ 0.03417170813223, 47.216753396308199 ], [ 0.034141750321797, 47.216634880966801 ], [ 0.034112170287816, 47.216533492483599 ], [ 0.034015596205723, 47.216241919219797 ], [ 0.033999869731239, 47.216191426198897 ], [ 0.03391950564533, 47.216001529638099 ], [ 0.033876127421013, 47.215922580651302 ], [ 0.033793593921807, 47.215786412487198 ], [ 0.033709316354574, 47.215636325634698 ], [ 0.033618578188037, 47.215469136221998 ], [ 0.03356079147077, 47.2153445926145 ], [ 0.033534505690669, 47.215284189385599 ], [ 0.033397192666006, 47.214875535292698 ], [ 0.033370069883794, 47.214756011114602 ], [ 0.033344677212054, 47.2145955399914 ], [ 0.033336463091121, 47.214569473603198 ], [ 0.03333155002396, 47.214567455869201 ], [ 0.033321802363865, 47.214569188211399 ], [ 0.033189935782224, 47.214661036646 ], [ 0.033089889901426, 47.214722528617003 ], [ 0.033003223913102, 47.214771570349598 ], [ 0.032919122018335, 47.214824461506701 ], [ 0.032838552134466, 47.214875641267298 ], [ 0.032684221121326, 47.214981598492798 ], [ 0.032644761257677, 47.215047344824903 ], [ 0.032566804661217, 47.215101474253203 ], [ 0.032403334241028, 47.215205305090699 ], [ 0.03225273238109, 47.215293969814098 ], [ 0.032216866028177, 47.215318546555999 ], [ 0.032195740944731, 47.2153467442362 ], [ 0.032146345222002, 47.215451155011699 ], [ 0.032116826205984, 47.215487696227903 ], [ 0.032027490333172, 47.215551533823501 ], [ 0.031977173077984, 47.215581596123997 ], [ 0.031806420462222, 47.215671185433798 ], [ 0.031631667888067, 47.215742203414599 ], [ 0.031427663994629, 47.215820940037801 ], [ 0.031167297949095, 47.215917060749398 ], [ 0.030782378192683, 47.216058637286501 ], [ 0.030650646792413, 47.216097603206698 ], [ 0.030400826027411, 47.216132010162198 ], [ 0.030281980949218, 47.216136350828798 ], [ 0.030036056094138, 47.216138514316697 ], [ 0.029864579020502, 47.216116640062701 ], [ 0.029763407755261, 47.216093054781098 ], [ 0.030001360671142, 47.216625465999797 ], [ 0.029401268064337, 47.216755665175498 ], [ 0.029376814646407, 47.216623865969801 ], [ 0.029359159597743, 47.216541340547202 ], [ 0.029347720125874, 47.216492308091603 ], [ 0.029278960418767, 47.2161716234694 ], [ 0.02916565643631, 47.216252772338997 ], [ 0.0288999460418, 47.2163904630589 ], [ 0.028695127926758, 47.216502958173599 ], [ 0.028686786516246, 47.216517519098197 ], [ 0.028673833998514, 47.216553313256902 ], [ 0.028659702707791, 47.216643942456201 ], [ 0.028629081932368, 47.216815230369903 ], [ 0.028621597313747, 47.2168286420873 ], [ 0.028561761924446, 47.216911252007101 ], [ 0.028807737908312, 47.216910624410403 ], [ 0.028805160276876, 47.216954882945799 ], [ 0.0288045566497, 47.2169682008943 ], [ 0.028798349043877, 47.217030294381203 ], [ 0.028707150026901, 47.2170320092292 ], [ 0.028689397060776, 47.217032634950002 ], [ 0.028660045318499, 47.217173774999203 ], [ 0.028655754767267, 47.217208349882803 ], [ 0.028655389090475, 47.217212574768197 ], [ 0.028636677623805, 47.217469844428997 ], [ 0.028600790658435, 47.2177268536837 ], [ 0.028640223493949, 47.217726333616902 ], [ 0.028806725145514, 47.217711505101697 ], [ 0.029039199819767, 47.2176968368357 ], [ 0.029582390474971, 47.217608333647597 ], [ 0.030592388220974, 47.217360982983401 ], [ 0.030590810790875, 47.217358420009397 ], [ 0.030856566525854, 47.217294150496997 ], [ 0.031305842965436, 47.217194133041602 ], [ 0.031774250674586, 47.217092441923199 ], [ 0.031864718399664, 47.217070435535298 ], [ 0.032182369822261, 47.217004970220998 ], [ 0.032285235016728, 47.216988326210398 ], [ 0.032414497112787, 47.216979745782602 ], [ 0.032529564373636, 47.216974405204297 ], [ 0.032624679685009, 47.216973598490497 ], [ 0.032684865000228, 47.216975590656702 ], [ 0.032854401098413, 47.2170015550806 ], [ 0.033702044708139, 47.217156057275098 ], [ 0.033773248287336, 47.217164457169503 ], [ 0.033813339786797, 47.217159177422303 ], [ 0.033971195851739, 47.217133219233098 ], [ 0.034164289112611, 47.217086901653701 ], [ 0.03424753333851, 47.217063987763296 ] ] ], [ [ [ 0.025478017906385, 47.215390112874502 ], [ 0.025190549657525, 47.215079664639099 ], [ 0.02478006859302, 47.214497674916203 ], [ 0.024479349208059, 47.214054090032697 ], [ 0.024439318596386, 47.214053512167901 ], [ 0.024248144410669, 47.214065177781698 ], [ 0.023941875976619, 47.214085147428399 ], [ 0.023799339191323, 47.2140971610172 ], [ 0.023508862872216, 47.214144742795497 ], [ 0.023416334079866, 47.214170563599701 ], [ 0.02330065258347, 47.214208582283497 ], [ 0.023167832253001, 47.214269584081698 ], [ 0.022766991462504, 47.214507483002897 ], [ 0.022372511989843, 47.214733111558701 ], [ 0.022009684621711, 47.2148909031581 ], [ 0.022186454542217, 47.215039142932 ], [ 0.022404756919235, 47.215213405255803 ], [ 0.02255072701704, 47.215335266806903 ], [ 0.022940844012373, 47.215690072260202 ], [ 0.023276392971966, 47.215972572330301 ], [ 0.023462703917105, 47.216118172182497 ], [ 0.023560404387572, 47.216206809647602 ], [ 0.023814494146212, 47.216405952753199 ], [ 0.023876105562222, 47.216458617291103 ], [ 0.023997369526555, 47.216596959316902 ], [ 0.024082833051875, 47.216708435277098 ], [ 0.024216824079023, 47.216855752723703 ], [ 0.024294982268302, 47.216931995449201 ], [ 0.024304214589112, 47.216922863153599 ], [ 0.024328974468781, 47.216848183158802 ], [ 0.024351812007194, 47.216793904422701 ], [ 0.024358645812655, 47.216646510991602 ], [ 0.024349974918627, 47.216571422670199 ], [ 0.024339302834536, 47.216532499503899 ], [ 0.024328192921003, 47.2165062679138 ], [ 0.024293402484803, 47.216461139539902 ], [ 0.02417617580983, 47.216309568081002 ], [ 0.024596725079046, 47.2160788372355 ], [ 0.024772744682888, 47.2159827267716 ], [ 0.02495244838494, 47.215889323310002 ], [ 0.024928367139397, 47.215834650250699 ], [ 0.024913916069736, 47.215804278807703 ], [ 0.024903125132115, 47.215781839281398 ], [ 0.024889137532983, 47.215752650920201 ], [ 0.024864842393682, 47.2157018462594 ], [ 0.024886837117692, 47.215693852529 ], [ 0.024837576131375, 47.215623487534899 ], [ 0.025097618317454, 47.215528633735403 ], [ 0.025478017906385, 47.215390112874502 ] ] ], [ [ [ 0.025085864592475, 47.218217275386202 ], [ 0.025028784158495, 47.218082655186699 ], [ 0.024937194081273, 47.217869129956597 ], [ 0.024855597289448, 47.217694870635299 ], [ 0.024783992799122, 47.217590958594897 ], [ 0.024658627646313, 47.217431070579103 ], [ 0.024444753383758, 47.2171573763368 ], [ 0.024375687601207, 47.217074520384003 ], [ 0.024229941510368, 47.216924558819798 ], [ 0.024175279875462, 47.216870541492099 ], [ 0.024087023810152, 47.2167736787042 ], [ 0.02399817477674, 47.2166684221433 ], [ 0.023976683754632, 47.216641022905399 ], [ 0.023942845277345, 47.216597810790702 ], [ 0.023915810900014, 47.216563061843701 ], [ 0.023880256412752, 47.216529355263198 ], [ 0.023837962860899, 47.216490790795802 ], [ 0.02303913340832, 47.216783150170798 ], [ 0.022584320427141, 47.216949480767902 ], [ 0.022353303046325, 47.217038138245599 ], [ 0.022327383662923, 47.2170525171842 ], [ 0.022315056873616, 47.217069768069898 ], [ 0.022314262338305, 47.217086504576898 ], [ 0.02232880441572, 47.217112824601102 ], [ 0.022408485443188, 47.217223612654898 ], [ 0.022421435557584, 47.217242864644 ], [ 0.022443661014349, 47.217273706514597 ], [ 0.022480675317729, 47.217328802629098 ], [ 0.022520806393499, 47.217387312207698 ], [ 0.022586967442087, 47.217477211847999 ], [ 0.022626632804662, 47.2175321958618 ], [ 0.022853516905848, 47.217821543443499 ], [ 0.022935638903709, 47.217924105414099 ], [ 0.022969892888601, 47.217943094008 ], [ 0.02300002326285, 47.217943417879297 ], [ 0.023029226679102, 47.217936600734703 ], [ 0.023100598084463, 47.217908524673 ], [ 0.023150736038499, 47.217893776926402 ], [ 0.023191892858902, 47.217886005643798 ], [ 0.023275591719755, 47.217957706676103 ], [ 0.023291464879651, 47.217983880574799 ], [ 0.023303994182645, 47.2179940224473 ], [ 0.023515267044307, 47.218254949106303 ], [ 0.023638200380921, 47.218449190596402 ], [ 0.024057166773737, 47.218276078924703 ], [ 0.024097917244906, 47.218258927424003 ], [ 0.02415410387123, 47.2182352354491 ], [ 0.024580814715987, 47.218055924449203 ], [ 0.024651287119507, 47.218182690598603 ], [ 0.024736709524094, 47.218335606656403 ], [ 0.025023083593353, 47.218238275904902 ], [ 0.025085864592475, 47.218217275386202 ] ] ], [ [ [ 0.033690944823281, 47.217184692101597 ], [ 0.033664822460176, 47.2171692483344 ], [ 0.033607688545904, 47.217155082510203 ], [ 0.033438100928484, 47.217125243998701 ], [ 0.033202979858139, 47.2170848979803 ], [ 0.033001499549718, 47.217045953666798 ], [ 0.032834867129877, 47.2170152890398 ], [ 0.032694466100214, 47.216998088970598 ], [ 0.032557294579667, 47.216996647221599 ], [ 0.032398737474361, 47.217006549408197 ], [ 0.032269781925486, 47.217028741354298 ], [ 0.032096472631545, 47.217059166208699 ], [ 0.031926696399954, 47.217092654324098 ], [ 0.03172283642054, 47.217139953607102 ], [ 0.031571390502615, 47.217171928915299 ], [ 0.031367236031095, 47.2172197605843 ], [ 0.030984600637988, 47.217310225002201 ], [ 0.030589101365676, 47.2174013494352 ], [ 0.030457905954548, 47.217432941508903 ], [ 0.030270757171793, 47.217476882877001 ], [ 0.029979865944137, 47.217548524708498 ], [ 0.029872578465063, 47.217575774119702 ], [ 0.029567806934753, 47.217647329324201 ], [ 0.029326492063748, 47.217687988334099 ], [ 0.029109410828881, 47.217716025023002 ], [ 0.028880390324718, 47.217739971278696 ], [ 0.028848596000641, 47.217741047707698 ], [ 0.028714981907549, 47.217751764857802 ], [ 0.028543669140614, 47.217765118472897 ], [ 0.028488438232198, 47.2179199190509 ], [ 0.028371595170141, 47.218330618403002 ], [ 0.028310920447239, 47.218452306039801 ], [ 0.028304661643952, 47.218488992587403 ], [ 0.028318261441851, 47.218625738805798 ], [ 0.028326727144298, 47.218625685702001 ], [ 0.028311778070964, 47.218781339328999 ], [ 0.028302684017956, 47.218838223550001 ], [ 0.028295439735906, 47.218904704836099 ], [ 0.028295431698568, 47.218940740911698 ], [ 0.028334013500541, 47.2189412801835 ], [ 0.028409763795879, 47.218936826902002 ], [ 0.028364537518925, 47.2190373791558 ], [ 0.028348420080102, 47.219073001986303 ], [ 0.028326747283121, 47.219173257516097 ], [ 0.028295596250851, 47.219246422872203 ], [ 0.028228525960583, 47.219397676318202 ], [ 0.028201768947574, 47.2194248279365 ], [ 0.028196241880196, 47.219436307847502 ], [ 0.028183953062454, 47.219488785741 ], [ 0.02817697196069, 47.219528967279601 ], [ 0.028181462092072, 47.219533857273802 ], [ 0.02819884552116, 47.2196021415049 ], [ 0.028235754707371, 47.219673629346197 ], [ 0.028245893589643, 47.2196839795944 ], [ 0.028279975529219, 47.2197180973493 ], [ 0.028310413299511, 47.219758337867901 ], [ 0.028577646675656, 47.219698705796098 ], [ 0.02871688743646, 47.219849485371 ], [ 0.028889184566554, 47.220012283796102 ], [ 0.028981722899602, 47.220094117044901 ], [ 0.029032544889464, 47.220141186471203 ], [ 0.029051997568449, 47.220155289035198 ], [ 0.02965820488594, 47.2205255207231 ], [ 0.029714386455429, 47.220485159187199 ], [ 0.029727317943542, 47.220473688880197 ], [ 0.0297311096911, 47.220438560679099 ], [ 0.029736864352959, 47.220334383322303 ], [ 0.029744635890619, 47.2202056629406 ], [ 0.029813024910616, 47.220097505865603 ], [ 0.029917453869739, 47.2199664888429 ], [ 0.029944062600137, 47.219934828517999 ], [ 0.030099865364146, 47.219874408123999 ], [ 0.030184367894116, 47.219845583301897 ], [ 0.030298587702087, 47.219798240842998 ], [ 0.030563048164876, 47.2196906049737 ], [ 0.030729474916036, 47.219626942554001 ], [ 0.030844936837635, 47.219578640417801 ], [ 0.030903020189204, 47.219554092932398 ], [ 0.030980341232333, 47.219509227548599 ], [ 0.031163534909702, 47.219378966873002 ], [ 0.031243843591568, 47.219311114704702 ], [ 0.031288843196597, 47.219281637116602 ], [ 0.031449322007979, 47.219210704126603 ], [ 0.031660131728684, 47.219126285744899 ], [ 0.031807508011549, 47.2190723139285 ], [ 0.032119257764033, 47.218960661053302 ], [ 0.032288174365159, 47.218897330543399 ], [ 0.032433334425818, 47.218842760639497 ], [ 0.032574479289171, 47.218781871460997 ], [ 0.032692084220868, 47.2187282170215 ], [ 0.032683943409281, 47.2186600802398 ], [ 0.032675245631272, 47.218597244529697 ], [ 0.032656929773334, 47.218478666679403 ], [ 0.032619389186983, 47.218181307183102 ], [ 0.032639281235318, 47.218125149779901 ], [ 0.032692867958042, 47.218052648181001 ], [ 0.032787428374017, 47.217961286075102 ], [ 0.032944614072593, 47.217849275581699 ], [ 0.033067417800259, 47.217780438569498 ], [ 0.033203488807515, 47.217694013205801 ], [ 0.033305220755905, 47.217616438044203 ], [ 0.033364637918712, 47.217565256750603 ], [ 0.033469894404962, 47.2174525463167 ], [ 0.033573346545041, 47.217338978773 ], [ 0.033683133884518, 47.217204041732103 ], [ 0.033690944823281, 47.217184692101597 ] ] ], [ [ [ 0.023507550278128, 47.218298805294097 ], [ 0.023301165389223, 47.2180403465971 ], [ 0.023261362079663, 47.217990224219101 ], [ 0.023218736305244, 47.2179457050255 ], [ 0.023181038927724, 47.217917258561201 ], [ 0.023148918113015, 47.217921838589596 ], [ 0.023018965438701, 47.217961922866799 ], [ 0.022965043228214, 47.2179853121295 ], [ 0.022931097908077, 47.217955971006297 ], [ 0.0228566795047, 47.217871895488003 ], [ 0.022765386845993, 47.217755854382602 ], [ 0.022735626967379, 47.217713017024899 ], [ 0.022708196776486, 47.217683032455 ], [ 0.022649656568329, 47.217610716337497 ], [ 0.022455298865334, 47.2173381504562 ], [ 0.022392185086088, 47.217248148872699 ], [ 0.022267405662857, 47.217073047718102 ], [ 0.021864010990013, 47.2172061924595 ], [ 0.021075903158713, 47.217466922175497 ], [ 0.020954365799367, 47.217503076374101 ], [ 0.020847472340286, 47.217537444873798 ], [ 0.020731428076743, 47.217572298658801 ], [ 0.020616664192735, 47.217607905990803 ], [ 0.020501386948221, 47.217643229735302 ], [ 0.020426611501433, 47.217665901294197 ], [ 0.020355435986313, 47.217688034766297 ], [ 0.020277857648648, 47.217711174682499 ], [ 0.020067831004342, 47.2177740610949 ], [ 0.020128710654351, 47.217901934889099 ], [ 0.020370110440498, 47.2183753566799 ], [ 0.020392683902012, 47.218409451177898 ], [ 0.020409537702776, 47.21842267761 ], [ 0.020432154310368, 47.218424971064401 ], [ 0.020602253289517, 47.218393039361999 ], [ 0.020654382893272, 47.218382938536898 ], [ 0.020744055028335, 47.218365875214097 ], [ 0.020828761713589, 47.218354900405998 ], [ 0.020873443323976, 47.218424338511902 ], [ 0.02091662526546, 47.2184922064814 ], [ 0.020960036513844, 47.218560710964297 ], [ 0.020992638001322, 47.218611910237897 ], [ 0.021028647694904, 47.218668422423697 ], [ 0.021140834974878, 47.218875093228696 ], [ 0.021240803211831, 47.219032620366598 ], [ 0.021324769997446, 47.219151987823402 ], [ 0.021363535850614, 47.219216048296303 ], [ 0.021489732303811, 47.219422898684797 ], [ 0.021518253898184, 47.219466605407099 ], [ 0.021567745780055, 47.219530401023597 ], [ 0.022058276107972, 47.219421569235003 ], [ 0.022236979984916, 47.219375171466403 ], [ 0.022492705094802, 47.219296608647099 ], [ 0.022575504251399, 47.219272340141103 ], [ 0.022814720263016, 47.219191009949398 ], [ 0.022876394528503, 47.219168540686702 ], [ 0.022952120135061, 47.219140666677603 ], [ 0.023180447201036, 47.219045812556701 ], [ 0.023297122970557, 47.218997188615504 ], [ 0.022983244755646, 47.218494883891204 ], [ 0.023507550278128, 47.218298805294097 ] ] ], [ [ [ 0.021525553520578, 47.219540127142103 ], [ 0.021482893167365, 47.219472362970301 ], [ 0.021432280367197, 47.219395385207797 ], [ 0.021391693124119, 47.219323620201898 ], [ 0.021270537333698, 47.2191236561208 ], [ 0.021254976272568, 47.219094246689401 ], [ 0.021181336410605, 47.218991361104202 ], [ 0.021106005442957, 47.218864107400002 ], [ 0.02092861282323, 47.218557470398501 ], [ 0.020869229870162, 47.218459816114603 ], [ 0.020834742500407, 47.218416406218402 ], [ 0.02081607489109, 47.218402502566498 ], [ 0.020790782697227, 47.218391221363298 ], [ 0.020747791669776, 47.218389124713703 ], [ 0.020379687614038, 47.218462630985798 ], [ 0.020330811766421, 47.218368670112497 ], [ 0.020271194010252, 47.218249027220402 ], [ 0.020216800534006, 47.218142491785002 ], [ 0.020159724271224, 47.218029490836201 ], [ 0.020097199799596, 47.217912205507602 ], [ 0.019954998055604, 47.217624490151003 ], [ 0.019852104959223, 47.217436345517903 ], [ 0.01981454001787, 47.217386459617899 ], [ 0.019697527482812, 47.217255069333703 ], [ 0.019625083504455, 47.217164105342803 ], [ 0.019565473071091, 47.217058696546196 ], [ 0.019542639976099, 47.217003063376602 ], [ 0.01951619058768, 47.216922021540597 ], [ 0.019500799039767, 47.216868111375 ], [ 0.019490314114094, 47.216844958445797 ], [ 0.019469242169211, 47.216798109409403 ], [ 0.019419538886517, 47.216726289147402 ], [ 0.0194004936689, 47.216709672782798 ], [ 0.019373767702592, 47.2166956516078 ], [ 0.019349300942612, 47.216690967948502 ], [ 0.019315922589128, 47.216692000992701 ], [ 0.019268542763274, 47.216702313498899 ], [ 0.018787106296603, 47.216831097112497 ], [ 0.018719530902282, 47.216857466423299 ], [ 0.018492050292343, 47.216944225378803 ], [ 0.018324971831933, 47.217012358235898 ], [ 0.018260910848482, 47.217044493495301 ], [ 0.01825032237144, 47.217089987273198 ], [ 0.018287605703958, 47.217154461253799 ], [ 0.018328845620648, 47.217214352318202 ], [ 0.018375740443281, 47.2172819565777 ], [ 0.018429580682864, 47.217357847787099 ], [ 0.018462677551791, 47.217404826342097 ], [ 0.018530602668049, 47.217503332537298 ], [ 0.018600996623606, 47.217607397784903 ], [ 0.018645621959882, 47.217684943616099 ], [ 0.018666526848929, 47.217727644302698 ], [ 0.018687817116945, 47.2177848595787 ], [ 0.018676180679213, 47.217818254191101 ], [ 0.018612581994288, 47.217856347568599 ], [ 0.018401261776432, 47.217968747869698 ], [ 0.018385146278017, 47.217992297324798 ], [ 0.018401921998979, 47.218049846908798 ], [ 0.018452665985364, 47.218172055315399 ], [ 0.018561115777926, 47.218369623628398 ], [ 0.018675834592184, 47.218568614420498 ], [ 0.018707120830203, 47.218622032821401 ], [ 0.018822705686046, 47.218812577144199 ], [ 0.018979727684105, 47.219064278401902 ], [ 0.019245096901056, 47.2196061578273 ], [ 0.01936875326119, 47.219849161926398 ], [ 0.019473143883062, 47.220043741729903 ], [ 0.019494728324739, 47.220078982114899 ], [ 0.019510934176006, 47.220103903826001 ], [ 0.01954863267083, 47.220094152898596 ], [ 0.020001843138485, 47.219978873881097 ], [ 0.02027085390506, 47.219894531395397 ], [ 0.020469841480323, 47.219835324540199 ], [ 0.020954793999972, 47.219691218357703 ], [ 0.021419829862575, 47.219570021765001 ], [ 0.021525553520578, 47.219540127142103 ] ] ], [ [ [ 0.017173477707875, 47.220365006757902 ], [ 0.017109871528608, 47.220238682860497 ], [ 0.017083748028441, 47.2201875591687 ], [ 0.016976310420377, 47.219974159588403 ], [ 0.016939113738212, 47.219827073904099 ], [ 0.01691106922203, 47.219753377897497 ], [ 0.01688864883743, 47.219697484576201 ], [ 0.016857309738395, 47.219635505653898 ], [ 0.016815856610971, 47.219534166696299 ], [ 0.016783843801576, 47.219458116172099 ], [ 0.016743308511623, 47.219375990233303 ], [ 0.016709555693008, 47.219286020826097 ], [ 0.016704702654487, 47.219256706301003 ], [ 0.016680308800206, 47.219181572670898 ], [ 0.016647020425297, 47.2191094532511 ], [ 0.016593572536234, 47.219002670067098 ], [ 0.01652680530693, 47.2188499576624 ], [ 0.016515624346214, 47.218794083421699 ], [ 0.016499420318745, 47.218742944735801 ], [ 0.016477488559506, 47.2186925594401 ], [ 0.016448300408203, 47.218632347486697 ], [ 0.016416110750653, 47.218566652743498 ], [ 0.016386612783965, 47.218516793280202 ], [ 0.016350821401077, 47.218444519177403 ], [ 0.016310154059296, 47.218376714123899 ], [ 0.016265750673259, 47.218299983880399 ], [ 0.016237170039743, 47.218247895713198 ], [ 0.016194591953118, 47.218157338395301 ], [ 0.016179148374642, 47.2180567591274 ], [ 0.016079989011628, 47.2178515896912 ], [ 0.015948530527481, 47.2177137872077 ], [ 0.015611072248764, 47.217375629876997 ], [ 0.015507990755209, 47.2172721619472 ], [ 0.015423182645862, 47.217196822759803 ], [ 0.01532900669099, 47.217106827520801 ], [ 0.015303931479817, 47.217108343628396 ], [ 0.015273803762554, 47.217131801922001 ], [ 0.015163273847259, 47.217217333527501 ], [ 0.014965139121495, 47.2173803384268 ], [ 0.014868089058567, 47.217463604477501 ], [ 0.014749635135611, 47.217570373251398 ], [ 0.014694938724758, 47.217621937388898 ], [ 0.014632096592694, 47.217684462900799 ], [ 0.01453645477703, 47.217792359918803 ], [ 0.014471756130723, 47.217874026957702 ], [ 0.014449022157474, 47.217914342504599 ], [ 0.014428049876519, 47.217970559526499 ], [ 0.014420816769475, 47.218012716033797 ], [ 0.014409863569767, 47.2181504536549 ], [ 0.014406078773795, 47.2182638711812 ], [ 0.014412384983983, 47.218388449829099 ], [ 0.014415857216245, 47.2184307020567 ], [ 0.01445065121825, 47.218563762756602 ], [ 0.014477090324355, 47.218652012912301 ], [ 0.014501734957782, 47.218727333752902 ], [ 0.014524516708897, 47.218798102009202 ], [ 0.014577471379249, 47.218947036282103 ], [ 0.014603203235258, 47.219017069718298 ], [ 0.014616563657763, 47.219043180138897 ], [ 0.014691212164372, 47.219244385794703 ], [ 0.014704167509728, 47.2192825579925 ], [ 0.014736853768345, 47.219386915188799 ], [ 0.014742089702731, 47.219414077498797 ], [ 0.01475090740503, 47.219448179045301 ], [ 0.01475964240235, 47.219486152383602 ], [ 0.014781361269501, 47.219554640879998 ], [ 0.014802904776669, 47.219631052881098 ], [ 0.014835204438286, 47.219761436435597 ], [ 0.014880064729543, 47.219941874005102 ], [ 0.014894188977717, 47.220018545245097 ], [ 0.014898710437152, 47.220101455604997 ], [ 0.01506908399574, 47.220114764697499 ], [ 0.015295052469728, 47.220143740342401 ], [ 0.015442501211825, 47.220167449358101 ], [ 0.015685327233043, 47.220219111061503 ], [ 0.015757298840117, 47.220232767057198 ], [ 0.015921352190022, 47.2202694258687 ], [ 0.016188220193402, 47.220335850103602 ], [ 0.016553066959177, 47.220388130184503 ], [ 0.016632107842029, 47.2203959315761 ], [ 0.016803075835259, 47.220408082206497 ], [ 0.017104951975676, 47.220401260780903 ], [ 0.0171442579365, 47.2203935340154 ], [ 0.017158489492587, 47.220389666171897 ], [ 0.017171700004394, 47.220380366568698 ], [ 0.017173477707875, 47.220365006757902 ] ] ], [ [ [ 0.019445066051505, 47.220085091843899 ], [ 0.019439790377442, 47.220056217064098 ], [ 0.019261068547862, 47.219680623645402 ], [ 0.01917323638962, 47.219507010424003 ], [ 0.019070012059371, 47.219298586238899 ], [ 0.019042424924692, 47.219242830697603 ], [ 0.01901328822617, 47.219186404634698 ], [ 0.018984136867554, 47.219125473629397 ], [ 0.018941687144089, 47.219051587645801 ], [ 0.018901312708296, 47.218980818144502 ], [ 0.018857505495773, 47.218905185455199 ], [ 0.018812430213691, 47.218830961568301 ], [ 0.018639277414865, 47.218545871521002 ], [ 0.01849083007092, 47.218273128853703 ], [ 0.018420207163732, 47.218154102558401 ], [ 0.018360912279081, 47.218002484505298 ], [ 0.018349360158618, 47.217958042492398 ], [ 0.018373464740093, 47.217945419522103 ], [ 0.018418128127415, 47.217929271602301 ], [ 0.018521628961905, 47.217882205207502 ], [ 0.018612291711181, 47.217835348857598 ], [ 0.018640223277274, 47.217815707127798 ], [ 0.018656884096986, 47.217794243771102 ], [ 0.018658751070713, 47.217777264591803 ], [ 0.018653647717785, 47.217752448270701 ], [ 0.018625105783723, 47.217685316504998 ], [ 0.018580001917055, 47.217611632269303 ], [ 0.018450899904738, 47.2174240729884 ], [ 0.01841586028415, 47.217369206493203 ], [ 0.018396357116962, 47.217346542069102 ], [ 0.018349230704988, 47.217275958851403 ], [ 0.018266259926793, 47.217157875820902 ], [ 0.018225847277031, 47.217097375385997 ], [ 0.018221416700624, 47.217074738539203 ], [ 0.018232236083615, 47.217041773384103 ], [ 0.018251172031001, 47.217010278429903 ], [ 0.018371283197245, 47.216964090208499 ], [ 0.018607120066214, 47.216874483452699 ], [ 0.018647507382012, 47.216859126318802 ], [ 0.018654220121811, 47.216838217746798 ], [ 0.018589385561408, 47.216726908085398 ], [ 0.018495288065851, 47.216582952904503 ], [ 0.018336704601861, 47.216354814211101 ], [ 0.017994060035087, 47.215878780787001 ], [ 0.017929420512322, 47.215899909820898 ], [ 0.017879088418413, 47.215918163870199 ], [ 0.017684447407343, 47.215975495966603 ], [ 0.017532033456207, 47.216024815765103 ], [ 0.017460477780583, 47.216046667386202 ], [ 0.017380581096462, 47.216071097025598 ], [ 0.017233331393597, 47.216115504303502 ], [ 0.017090727686575, 47.216159580582399 ], [ 0.016996328444758, 47.216190393355099 ], [ 0.016753178546607, 47.216268817372303 ], [ 0.016526468165087, 47.216344060656901 ], [ 0.016334144985172, 47.216411990933103 ], [ 0.016164220521242, 47.216478966315599 ], [ 0.01606690937009, 47.216519343118797 ], [ 0.016010849759314, 47.216550241811497 ], [ 0.015807616028205, 47.216707531051298 ], [ 0.015679828092357, 47.216815771990497 ], [ 0.015593177872063, 47.216885612659702 ], [ 0.015503353506359, 47.216955461579602 ], [ 0.01538355329599, 47.217048412302297 ], [ 0.015354845900654, 47.217070105384302 ], [ 0.015362970146274, 47.217090495166502 ], [ 0.015400416469565, 47.217137676830902 ], [ 0.015548723260344, 47.217276815029599 ], [ 0.015739416469951, 47.217476595327 ], [ 0.016091765850706, 47.217825226033703 ], [ 0.016114967117835, 47.217855103330002 ], [ 0.016174174859151, 47.2179914950406 ], [ 0.016203845594444, 47.218052530346398 ], [ 0.016218701327286, 47.218127959009401 ], [ 0.016231509500132, 47.218175947187497 ], [ 0.01624973286035, 47.2182097503349 ], [ 0.016298900941245, 47.2182983151746 ], [ 0.016428003790555, 47.218523895448598 ], [ 0.016453117170502, 47.218571750058103 ], [ 0.016477507755929, 47.218623099602098 ], [ 0.016485814619177, 47.218642593067401 ], [ 0.016528215696688, 47.218743506169901 ], [ 0.016550316300697, 47.218826598912301 ], [ 0.016606479680393, 47.2189583172377 ], [ 0.016659061313607, 47.219056879809898 ], [ 0.016701323290028, 47.219160311787199 ], [ 0.016721353318949, 47.219223531086897 ], [ 0.016734846938175, 47.219275861199797 ], [ 0.016759572599353, 47.219347399710102 ], [ 0.016854070384162, 47.219558033918602 ], [ 0.016907452760244, 47.219685085757703 ], [ 0.016971181089301, 47.219854476542203 ], [ 0.017011261476411, 47.219990104799301 ], [ 0.017033593519756, 47.220033292957098 ], [ 0.017177388639196, 47.2203135753292 ], [ 0.017208921231055, 47.220364928357498 ], [ 0.017223437936124, 47.220377374342902 ], [ 0.017242599349128, 47.220382372261597 ], [ 0.017273488405778, 47.220383347759203 ], [ 0.017357785175975, 47.220375067576001 ], [ 0.017401366109547, 47.2203713247089 ], [ 0.017579389780301, 47.220354015872097 ], [ 0.017742763067801, 47.220343356722601 ], [ 0.017922472877643, 47.220331406145498 ], [ 0.018343628665647, 47.220298282221698 ], [ 0.018466978774048, 47.220289204571401 ], [ 0.018680410374153, 47.220272444985802 ], [ 0.01883454988322, 47.220261366492899 ], [ 0.019009428300879, 47.220248298911002 ], [ 0.019084289644596, 47.220236080954102 ], [ 0.019175002017072, 47.220214631071002 ], [ 0.019357714910032, 47.220165187593899 ], [ 0.019390336062929, 47.220151612346299 ], [ 0.01941797692612, 47.220134845856997 ], [ 0.019443039472442, 47.220109724648701 ], [ 0.019445066051505, 47.220085091843899 ] ] ] ] } }
]
}
