{
"type": "FeatureCollection",
"name": "doc_regions",
"crs": { "type": "name", "properties": { "name": "urn:ogc:def:crs:OGC:1.3:CRS84" } },
"features": [
{ "type": "Feature", "properties": { "name": "Vinho Verde", "region_type": "DOC", "color": "#2ecc71", "island": false, "source": "gisco_nuts3+gadm_level2" }, "geometry": { "type": "MultiPolygon", "coordinates": [ [ [ [ -8.32071442199998, 41.345855973000027 ], [ -8.329637, 41.341439499000046 ], [ -8.332742499999938, 41.339674999000067 ], [ -8.33521049999996, 41.337747999000044 ], [ -8.339752499999975, 41.334968999000068 ], [ -8.357319, 41.333693499000049 ], [ -8.370961847999979, 41.333123083000032 ], [ -8.383467002999964, 41.336864132000073 ], [ -8.394793, 41.333421999000052 ], [ -8.399801, 41.32916349900006 ], [ -8.393419, 41.322936499000036 ], [ -8.396759781999947, 41.312397424000039 ], [ -8.406574499999977, 41.306068999000047 ], [ -8.414358, 41.304453499000033 ], [ -8.42217949999997, 41.301420999000072 ], [ -8.427815499999951, 41.298568499000055 ], [ -8.429898, 41.297974999000076 ], [ -8.429331499999932, 41.293591499000058 ], [ -8.428886499999976, 41.289194999000074 ], [ -8.429272499999968, 41.286889999000039 ], [ -8.430404, 41.284598499000026 ], [ -8.43381, 41.277968499000053 ], [ -8.438076499999966, 41.274100999000041 ], [ -8.442103, 41.270794999000032 ], [ -8.444338, 41.268580499000052 ], [ -8.446094887999948, 41.266660472000069 ], [ -8.450334, 41.262027499000055 ], [ -8.452345, 41.247179999000025 ], [ -8.450942993999945, 41.243726030000062 ], [ -8.446094887999948, 41.244052521000071 ], [ -8.440111, 41.244455499000026 ], [ -8.433265647999974, 41.251901167000028 ], [ -8.426709, 41.253190999000026 ], [ -8.412709864999954, 41.256075845000055 ], [ -8.404487218999975, 41.248651941000048 ], [ -8.407786486999953, 41.243170545000055 ], [ -8.398182, 41.242757499000049 ], [ -8.384072, 41.247568499000067 ], [ -8.372388, 41.257960999000034 ], [ -8.372220499999969, 41.25796249900003 ], [ -8.343285634999972, 41.25921881000005 ], [ -8.334815499999934, 41.251864499000078 ], [ -8.33351, 41.256492499000046 ], [ -8.313182896999933, 41.250436970000067 ], [ -8.309102, 41.246244499000056 ], [ -8.308695499999942, 41.244959999000059 ], [ -8.309303499999942, 41.239089499000045 ], [ -8.306778935999944, 41.233522955000069 ], [ -8.296195499999953, 41.230810999000028 ], [ -8.318542, 41.209318499000062 ], [ -8.322808926999926, 41.199968630000058 ], [ -8.330840353999974, 41.195522738000079 ], [ -8.339243159999967, 41.196458387000064 ], [ -8.350725499999953, 41.185988999000074 ], [ -8.347936, 41.182081999000047 ], [ -8.344592499999976, 41.173152999000081 ], [ -8.349292025999944, 41.169941635000043 ], [ -8.360292, 41.169647499000064 ], [ -8.371043912999937, 41.158784769000079 ], [ -8.377919, 41.157328999000072 ], [ -8.379446, 41.156020999000077 ], [ -8.378840141999945, 41.14758721700008 ], [ -8.371088499999928, 41.140290499000059 ], [ -8.381106942999963, 41.13568504400007 ], [ -8.392196644999956, 41.126133390000064 ], [ -8.379337499999963, 41.105798999000058 ], [ -8.378445787999965, 41.104285816000072 ], [ -8.372323030999951, 41.094937251000033 ], [ -8.369385499999964, 41.074917999000036 ], [ -8.369439144999944, 41.069283655000049 ], [ -8.372570499999938, 41.070929499000044 ], [ -8.37970519299995, 41.054631022000081 ], [ -8.375227, 41.050122499000054 ], [ -8.398979499999939, 41.05142599900006 ], [ -8.397207522999963, 41.04612402500004 ], [ -8.400419165999949, 41.033117486000037 ], [ -8.395877628999926, 41.027016618000061 ], [ -8.384091239999975, 41.023031737000053 ], [ -8.386888983999938, 41.013108056000078 ], [ -8.384186, 41.003652999000053 ], [ -8.358523380999941, 41.002323811000053 ], [ -8.355378203999976, 40.999039121000067 ], [ -8.358552047999979, 40.992473176000033 ], [ -8.354756499999951, 40.989498499000035 ], [ -8.352542290999963, 40.991694009000071 ], [ -8.346703887999979, 40.991884455000047 ], [ -8.337904, 40.981298999000046 ], [ -8.326023427999928, 40.98306285700005 ], [ -8.323124684999925, 40.980614768000066 ], [ -8.322356499999955, 40.973860999000067 ], [ -8.32016, 40.964899999000068 ], [ -8.309995107999953, 40.962612144000047 ], [ -8.293503572999953, 40.962920543000052 ], [ -8.252656133999949, 40.967480497000054 ], [ -8.240793499999938, 40.963626999000041 ], [ -8.244671296999968, 40.990864852000072 ], [ -8.242936945999929, 40.999516321000044 ], [ -8.235112362999928, 41.001998871000069 ], [ -8.23712949999998, 41.006210499000076 ], [ -8.233470268999952, 41.008789820000061 ], [ -8.234710499999949, 41.011792999000079 ], [ -8.222996278999972, 41.015671006000048 ], [ -8.215291603999958, 41.012857408000059 ], [ -8.208089979999954, 41.012933080000039 ], [ -8.203755, 41.00943249900007 ], [ -8.210568328999955, 41.004008748000047 ], [ -8.208863319999978, 40.997945666000078 ], [ -8.212957, 40.994041999000046 ], [ -8.193793153999934, 40.99755779700007 ], [ -8.190108395999971, 40.995444182000028 ], [ -8.187425582999936, 40.993905250000068 ], [ -8.178956483999968, 40.989046918000042 ], [ -8.166097678999961, 40.986579401000029 ], [ -8.159374992999972, 40.988729900000067 ], [ -8.143166448999978, 40.979187116000048 ], [ -8.13367795299996, 40.979115706000073 ], [ -8.122302432999959, 40.986508154000035 ], [ -8.117386693999947, 40.99711320800003 ], [ -8.108679384999959, 41.000981897000031 ], [ -8.103573341999947, 41.003250425000033 ], [ -8.099068, 41.013444499000059 ], [ -8.09776549999998, 41.013686999000072 ], [ -8.09123649199995, 41.008118210000077 ], [ -8.089172, 40.987555499000052 ], [ -8.099372418999963, 40.980381504000036 ], [ -8.102179289999981, 40.974036774000069 ], [ -8.108679384999959, 40.970160195000062 ], [ -8.112080759999969, 40.968131565000078 ], [ -8.12237208199997, 40.955053623000026 ], [ -8.131587484999955, 40.949801794000052 ], [ -8.13207304499997, 40.943260057000032 ], [ -8.127001, 40.928244999000071 ], [ -8.121487, 40.920942499000034 ], [ -8.126761311999928, 40.898386372000061 ], [ -8.116308978999939, 40.889664454000069 ], [ -8.104055990999939, 40.864597502000038 ], [ -8.108020464999981, 40.855495568000038 ], [ -8.127915499999972, 40.849079999000026 ], [ -8.149071585999934, 40.855445188000033 ], [ -8.163187669999957, 40.864398317000052 ], [ -8.169102, 40.86543049900007 ], [ -8.190108395999971, 40.847344887000077 ], [ -8.19313649999998, 40.846412999000052 ], [ -8.205794236999964, 40.848642845000029 ], [ -8.231537615999969, 40.864059594000025 ], [ -8.255088, 40.855841999000063 ], [ -8.237083199999972, 40.826930326000024 ], [ -8.244018976999939, 40.807527451000055 ], [ -8.248613499999976, 40.803668499000025 ], [ -8.256390606999958, 40.799065882000036 ], [ -8.255972919999977, 40.790141576000053 ], [ -8.266815838999946, 40.780959583000026 ], [ -8.266229267999961, 40.774712694000073 ], [ -8.273369, 40.763173499000061 ], [ -8.273859474999938, 40.767636942000024 ], [ -8.279618012999947, 40.77179557900007 ], [ -8.286113823999926, 40.784188990000075 ], [ -8.29534194699994, 40.782926123000038 ], [ -8.304171068999949, 40.777126643000031 ], [ -8.314118684999926, 40.785613076000061 ], [ -8.322751, 40.786291999000071 ], [ -8.329098551999948, 40.779288145000066 ], [ -8.334879499999943, 40.777385499000047 ], [ -8.340185210999948, 40.777546305000044 ], [ -8.357661499999949, 40.787920499000052 ], [ -8.366880311999978, 40.798352609000062 ], [ -8.371535, 40.79934649900008 ], [ -8.387017250999975, 40.796425535000026 ], [ -8.393229743999939, 40.797359064000034 ], [ -8.39849819799997, 40.788929928000073 ], [ -8.406152499999962, 40.788028499000063 ], [ -8.407788212999947, 40.776376606000042 ], [ -8.414787087999969, 40.77194895100007 ], [ -8.415937, 40.768081499000061 ], [ -8.426919055999974, 40.771160101000078 ], [ -8.435070810999946, 40.779034828000079 ], [ -8.446094887999948, 40.779580779000071 ], [ -8.453431661999957, 40.779944119000049 ], [ -8.460592499999962, 40.77503099900008 ], [ -8.470475715999953, 40.77622653800006 ], [ -8.49360577799996, 40.770176908000053 ], [ -8.499363358999972, 40.762098739000066 ], [ -8.504723117999959, 40.759675727000058 ], [ -8.514639838999926, 40.760635316000048 ], [ -8.526383, 40.76530499900008 ], [ -8.519473486999971, 40.769405738000046 ], [ -8.51589, 40.776024999000072 ], [ -8.520774312999947, 40.779553111000041 ], [ -8.525140427999929, 40.77944683000004 ], [ -8.539515269999981, 40.784109067000031 ], [ -8.547707, 40.788155999000026 ], [ -8.548100244999944, 40.813580647000038 ], [ -8.534228569999925, 40.81896858600004 ], [ -8.533274795999944, 40.825950442000078 ], [ -8.525069499999972, 40.831694999000035 ], [ -8.539304, 40.833702499000026 ], [ -8.54101462899996, 40.840664986000036 ], [ -8.54998209799993, 40.846236890000057 ], [ -8.548185499999931, 40.85154699900005 ], [ -8.526465499999972, 40.861890999000025 ], [ -8.527756127999965, 40.865275542000063 ], [ -8.525140427999929, 40.866587722000077 ], [ -8.525140427999929, 40.869555761000072 ], [ -8.528684106999947, 40.873485387000073 ], [ -8.525140427999929, 40.879556881000042 ], [ -8.523237, 40.890535999000065 ], [ -8.525140427999929, 40.891118141000049 ], [ -8.533031095999945, 40.889885341000024 ], [ -8.540546168999981, 40.880839929000047 ], [ -8.554063609999957, 40.872587266000039 ], [ -8.571631760999935, 40.875400850000062 ], [ -8.578815181999971, 40.884921740000038 ], [ -8.586748, 40.889660499000058 ], [ -8.580736062999961, 40.896100191000073 ], [ -8.581792116999964, 40.909544412000059 ], [ -8.594872499999951, 40.924398499000063 ], [ -8.593645969999955, 40.933428701000025 ], [ -8.598866, 40.938887499000032 ], [ -8.60271, 40.941266499000051 ], [ -8.603888499999925, 40.950507999000081 ], [ -8.600873499999977, 40.963581999000041 ], [ -8.600715254999955, 40.968843995000043 ], [ -8.606653499999936, 40.97544749900004 ], [ -8.610929, 40.975955499000065 ], [ -8.612544025999966, 40.972108396000067 ], [ -8.620246305999956, 40.968848546000061 ], [ -8.653119499999946, 40.964778499000033 ], [ -8.648439, 40.984407999000041 ], [ -8.647897, 40.999138999000024 ], [ -8.644973, 41.015968999000052 ], [ -8.646996591999937, 41.032122901000037 ], [ -8.65085449999998, 41.04056999900007 ], [ -8.656408926999973, 41.050176862000058 ], [ -8.659050499999978, 41.068669499000066 ], [ -8.659601, 41.095615999000074 ], [ -8.662565624999957, 41.104285816000072 ], [ -8.665252, 41.109442999000066 ], [ -8.663894659999926, 41.116687052000032 ], [ -8.670828656999959, 41.132036711000069 ], [ -8.667845579999948, 41.139115430000061 ], [ -8.670727223999961, 41.143474598000068 ], [ -8.688640730999964, 41.165414333000058 ], [ -8.69012349999997, 41.173398499000029 ], [ -8.706514852999931, 41.187353171000041 ], [ -8.71661415799997, 41.204961635000075 ], [ -8.716490499999964, 41.215426499000046 ], [ -8.716934341999945, 41.222050022000076 ], [ -8.72035077299995, 41.228207647000033 ], [ -8.728184668999972, 41.242324924000059 ], [ -8.724262472999953, 41.255766939000068 ], [ -8.728624499999967, 41.270340999000041 ], [ -8.732526499999949, 41.28646849900008 ], [ -8.739522499999964, 41.305370499000048 ], [ -8.739438, 41.322927999000058 ], [ -8.739838, 41.332351499000026 ], [ -8.742576669999949, 41.337463755000044 ], [ -8.74807149999998, 41.339932499000042 ], [ -8.751777217999972, 41.341630677000069 ], [ -8.75461745299998, 41.342932209000026 ], [ -8.755653796999979, 41.35562324600005 ], [ -8.766836621999971, 41.371234640000068 ], [ -8.763322, 41.372418999000047 ], [ -8.768679083999928, 41.375654753000049 ], [ -8.775069, 41.391166999000063 ], [ -8.780115401999979, 41.396226560000059 ], [ -8.779565888999969, 41.402513992000024 ], [ -8.783705760999965, 41.409292958000037 ], [ -8.789006499999971, 41.416314499000066 ], [ -8.77952149999993, 41.444896999000036 ], [ -8.776428, 41.471971499000063 ], [ -8.777321069999971, 41.479582045000029 ], [ -8.790469711999947, 41.50174875700003 ], [ -8.787350126999968, 41.512811881000061 ], [ -8.792382247999967, 41.525752280000063 ], [ -8.792076499999951, 41.541324499000041 ], [ -8.798904499999935, 41.568344999000033 ], [ -8.80565271699993, 41.585302296000066 ], [ -8.807986, 41.601664499000037 ], [ -8.811574499999949, 41.611567499000046 ], [ -8.820586005999928, 41.62897689700003 ], [ -8.820126, 41.63329999900003 ], [ -8.826403499999969, 41.64806549900004 ], [ -8.826711, 41.672418999000058 ], [ -8.837446, 41.682049999000071 ], [ -8.846972256999948, 41.683626938000032 ], [ -8.850152499999979, 41.694055999000057 ], [ -8.858067123999945, 41.702690133000033 ], [ -8.869340499999964, 41.72625799900004 ], [ -8.871705918999965, 41.726549074000047 ], [ -8.880564714999934, 41.75200187400003 ], [ -8.877423499999963, 41.765058999000075 ], [ -8.871785328999977, 41.779209611000056 ], [ -8.874257499999942, 41.796043999000062 ], [ -8.871705918999965, 41.800201633000029 ], [ -8.866013, 41.807945499000027 ], [ -8.865733312999964, 41.812016428000049 ], [ -8.870635485999969, 41.815454707000072 ], [ -8.876608499999975, 41.829449499000077 ], [ -8.875897723999969, 41.839642879000053 ], [ -8.871705918999965, 41.84425185200007 ], [ -8.869077409999932, 41.845393735000073 ], [ -8.867461006999974, 41.849426442000038 ], [ -8.871164938999925, 41.863401950000025 ], [ -8.867302, 41.868255999000041 ], [ -8.863186, 41.872066499000027 ], [ -8.850983189999965, 41.877465301000029 ], [ -8.842375, 41.884528999000054 ], [ -8.830433, 41.900706999000079 ], [ -8.825660499999969, 41.903480499000068 ], [ -8.818515, 41.906516999000075 ], [ -8.806967, 41.910365999000078 ], [ -8.801975499999969, 41.912029499000027 ], [ -8.787089499999979, 41.917593999000076 ], [ -8.782809499999928, 41.919688999000073 ], [ -8.77863949999994, 41.922202999000035 ], [ -8.773417499999937, 41.925933999000051 ], [ -8.767504, 41.929191499000069 ], [ -8.762391, 41.931071999000039 ], [ -8.759932499999934, 41.931976499000029 ], [ -8.757166, 41.933501999000043 ], [ -8.754648, 41.935565999000062 ], [ -8.751777217999972, 41.938897360000055 ], [ -8.747809923999966, 41.943500869000047 ], [ -8.74588932599994, 41.95087214800003 ], [ -8.747631597999941, 41.959964349000074 ], [ -8.743483499999968, 41.965667499000062 ], [ -8.73001, 41.973491499000033 ], [ -8.72035077299995, 41.976669930000071 ], [ -8.699444482999979, 41.983548738000025 ], [ -8.68886353299996, 41.989247571000078 ], [ -8.681896, 41.990123499000049 ], [ -8.662165499999958, 42.003543999000044 ], [ -8.658293, 42.02177049900007 ], [ -8.656659588999958, 42.031406609000044 ], [ -8.644899499999951, 42.037612999000032 ], [ -8.63962242499997, 42.045044669000049 ], [ -8.633035330999974, 42.048763524000037 ], [ -8.606218499999954, 42.053554499000029 ], [ -8.603770499999939, 42.054107499000054 ], [ -8.594418499999961, 42.055167999000048 ], [ -8.590767, 42.054851499000051 ], [ -8.578262499999937, 42.052554999000051 ], [ -8.555231, 42.052924999000027 ], [ -8.546941499999946, 42.054504499000075 ], [ -8.527033499999959, 42.063543499000048 ], [ -8.52722448399993, 42.077016204000074 ], [ -8.507881106999946, 42.078332236000051 ], [ -8.496532499999944, 42.079772999000056 ], [ -8.470695964999948, 42.08166874300008 ], [ -8.453901499999972, 42.08290099900006 ], [ -8.446094887999948, 42.082383302000039 ], [ -8.440616499999976, 42.082019999000067 ], [ -8.430669411999929, 42.073242092000044 ], [ -8.421524, 42.072883499000056 ], [ -8.40349966499997, 42.080271486000072 ], [ -8.39475168599995, 42.080327202000035 ], [ -8.391662499999939, 42.078174499000056 ], [ -8.38890220299993, 42.075982869000029 ], [ -8.380029, 42.07811749900003 ], [ -8.376752383999928, 42.08166874300008 ], [ -8.369969499999968, 42.089019499000074 ], [ -8.354669316999946, 42.090278926000053 ], [ -8.338941499999976, 42.084590999000056 ], [ -8.33032676299996, 42.085697511000035 ], [ -8.325833436999972, 42.090266112000052 ], [ -8.325248, 42.095843999000067 ], [ -8.323031724999964, 42.100807194000026 ], [ -8.318085502999963, 42.103741429000081 ], [ -8.301464, 42.105277999000066 ], [ -8.29019349999993, 42.112170999000057 ], [ -8.274748805999934, 42.122715805000041 ], [ -8.265853, 42.121173999000064 ], [ -8.257713499999966, 42.122993499000074 ], [ -8.256166499999949, 42.12728099900005 ], [ -8.257192499999974, 42.132495999000071 ], [ -8.256532, 42.13415549900003 ], [ -8.243255977999979, 42.139121856000031 ], [ -8.233266077999929, 42.134100999000054 ], [ -8.224680909999961, 42.13327603700003 ], [ -8.204296, 42.144641999000044 ], [ -8.199000499999954, 42.154418999000029 ], [ -8.190108395999971, 42.138056921000043 ], [ -8.189412581999932, 42.136776397000062 ], [ -8.190108395999971, 42.134795182000062 ], [ -8.192922083999974, 42.126783046000071 ], [ -8.190108395999971, 42.116427681000062 ], [ -8.190108395999971, 42.115470918000028 ], [ -8.183898, 42.069400999000038 ], [ -8.181053497999926, 42.067022225000073 ], [ -8.17474231999995, 42.067019161000076 ], [ -8.151132514999972, 42.079146618000038 ], [ -8.137552577999941, 42.076639541000077 ], [ -8.126691864999941, 42.08166874300008 ], [ -8.124690542999929, 42.082595439000045 ], [ -8.118478, 42.082122999000035 ], [ -8.104496, 42.074607999000079 ], [ -8.096643366999956, 42.070970751000061 ], [ -8.08692949999994, 42.053363499000056 ], [ -8.083388165999963, 42.027747355000031 ], [ -8.08599281599993, 42.01698852700008 ], [ -8.094315499999936, 42.012840499000049 ], [ -8.108679384999959, 42.00734398700007 ], [ -8.114364014999978, 42.00516856400003 ], [ -8.126624568999944, 42.005303684000069 ], [ -8.141438194999978, 41.988610555000037 ], [ -8.162318652999943, 41.982696284000042 ], [ -8.164215678999938, 41.973654493000026 ], [ -8.170101708999937, 41.963875550000068 ], [ -8.175365258999932, 41.960648578000075 ], [ -8.176217665999957, 41.955265101000066 ], [ -8.187425582999936, 41.94728862900007 ], [ -8.190108395999971, 41.945379172000059 ], [ -8.196960292999961, 41.940502163000076 ], [ -8.205924676999928, 41.92640606100008 ], [ -8.210223, 41.923693999000079 ], [ -8.216527403999976, 41.912989915000026 ], [ -8.213683, 41.900634999000033 ], [ -8.213648228999944, 41.898126458000036 ], [ -8.205071103999956, 41.89274858400006 ], [ -8.198553070999935, 41.880620853000039 ], [ -8.199762719999967, 41.87544573200006 ], [ -8.197117499999933, 41.875297499000055 ], [ -8.190108395999971, 41.875345067000069 ], [ -8.187425582999936, 41.875363275000041 ], [ -8.183113830999957, 41.875392537000039 ], [ -8.17152357599997, 41.878368 ], [ -8.169686290999948, 41.877115424000067 ], [ -8.166416190999939, 41.863666236000029 ], [ -8.161857494999936, 41.859054727000057 ], [ -8.165075499999944, 41.818301999000028 ], [ -8.152625887999932, 41.817494988000078 ], [ -8.129058194999971, 41.809066757000039 ], [ -8.108679384999959, 41.812004681000076 ], [ -8.094769699999972, 41.809859606000032 ], [ -8.057909670999948, 41.817169307000029 ], [ -8.05186249999997, 41.820613999000045 ], [ -8.045145704999925, 41.809495662000074 ], [ -8.045725124999933, 41.802930874000026 ], [ -8.057069587999933, 41.797459970000034 ], [ -8.061505499999953, 41.789289999000061 ], [ -8.063512220999939, 41.784044115000029 ], [ -8.062186557999951, 41.762330089000045 ], [ -8.076949286999934, 41.748003608000033 ], [ -8.086810106999962, 41.715940927000076 ], [ -8.095814735999966, 41.707210338000039 ], [ -8.108679384999959, 41.70254114100004 ], [ -8.119465, 41.689237999000056 ], [ -8.108679384999959, 41.689071660000025 ], [ -8.105167499999936, 41.689017499000045 ], [ -8.078804527999978, 41.695250944000065 ], [ -8.066975499999955, 41.692238499000041 ], [ -8.04824690199996, 41.693158569000047 ], [ -8.037783808999961, 41.700322324000069 ], [ -8.029589027999975, 41.698346699000069 ], [ -8.02341, 41.696856999000033 ], [ -8.01741211999996, 41.689609992000044 ], [ -7.996609450999927, 41.68708188100004 ], [ -7.981778, 41.678984999000079 ], [ -7.985841, 41.669649499000059 ], [ -7.99447410199997, 41.663204224000026 ], [ -7.997941087999948, 41.654827263000072 ], [ -7.994479448999925, 41.649206587000037 ], [ -8.001157052999929, 41.639572952000037 ], [ -8.002949, 41.621093999000038 ], [ -8.000876, 41.616198499000063 ], [ -7.996701499999972, 41.603144499000052 ], [ -7.986022, 41.60076949900008 ], [ -7.966437540999948, 41.603562259000057 ], [ -7.95482549999997, 41.594408999000052 ], [ -7.932619016999979, 41.594990317000054 ], [ -7.905219, 41.586948999000072 ], [ -7.891627034999942, 41.592626850000045 ], [ -7.882989728999974, 41.58835100500005 ], [ -7.876585766999938, 41.589748599000075 ], [ -7.857266645999971, 41.602130190000025 ], [ -7.850913, 41.615072999000063 ], [ -7.840284421999968, 41.611052966000045 ], [ -7.830154452999977, 41.602463116000081 ], [ -7.816272214999969, 41.58558315700003 ], [ -7.818735795999942, 41.580652272000066 ], [ -7.81383, 41.579907999000056 ], [ -7.812149499999975, 41.578498999000033 ], [ -7.81093930399993, 41.573525188000076 ], [ -7.812644499999976, 41.570389499000044 ], [ -7.822643164999931, 41.556530981000037 ], [ -7.832447326999954, 41.556528452000066 ], [ -7.838032919999932, 41.553719138000076 ], [ -7.837093073999938, 41.548614469000029 ], [ -7.832567568999934, 41.54651821300007 ], [ -7.840559110999948, 41.542094297000062 ], [ -7.838151918999927, 41.537096679000058 ], [ -7.850115240999969, 41.532125101000076 ], [ -7.852807499999926, 41.527255499000034 ], [ -7.863165518999949, 41.524198271000046 ], [ -7.862849414999971, 41.511656404000064 ], [ -7.888584499999979, 41.508965999000054 ], [ -7.892910684999947, 41.512910355000031 ], [ -7.89580626399993, 41.510795782000059 ], [ -7.897333332999949, 41.50571962500004 ], [ -7.895060549999926, 41.499954067000033 ], [ -7.904196499999955, 41.488942999000074 ], [ -7.905844370999944, 41.485370060000037 ], [ -7.903674253999952, 41.477821877000054 ], [ -7.909256737999954, 41.46660263800004 ], [ -7.885657, 41.442599499000039 ], [ -7.878428461999931, 41.439450239000053 ], [ -7.869361499999968, 41.441433999000026 ], [ -7.856413155999974, 41.44405782900003 ], [ -7.841717226999947, 41.437436503000072 ], [ -7.826296522999939, 41.426834882000037 ], [ -7.820381101999942, 41.414930353000045 ], [ -7.809575797999969, 41.412447500000042 ], [ -7.794713, 41.411657499000057 ], [ -7.78868749999998, 41.411410499000056 ], [ -7.795018028999948, 41.400247824000076 ], [ -7.805421438999929, 41.393849555000031 ], [ -7.809575797999969, 41.393148156000052 ], [ -7.815937, 41.391841499000066 ], [ -7.816452499999968, 41.388971499000036 ], [ -7.817091, 41.38744949900007 ], [ -7.818768499999976, 41.384562999000025 ], [ -7.821644499999934, 41.378654999000048 ], [ -7.820888010999965, 41.375654753000049 ], [ -7.819593451999935, 41.365425997000045 ], [ -7.825437, 41.355565999000078 ], [ -7.830938499999945, 41.347185499000034 ], [ -7.834283, 41.343504499000062 ], [ -7.839873, 41.339726499000051 ], [ -7.845555, 41.334522999000058 ], [ -7.852980196999965, 41.328246669000066 ], [ -7.870363188999931, 41.325156378000031 ], [ -7.888499499999966, 41.317626999000026 ], [ -7.898038, 41.313233999000033 ], [ -7.898881530999972, 41.307995241000071 ], [ -7.907641, 41.302666999000053 ], [ -7.931155765999961, 41.318696070000044 ], [ -7.938999296999953, 41.321633628000029 ], [ -7.955772004999972, 41.323479451000026 ], [ -7.96395, 41.329575499000043 ], [ -7.964485518999936, 41.332997637000062 ], [ -7.958758554999974, 41.342070313000079 ], [ -7.950304808999931, 41.34648792400003 ], [ -7.948188156999947, 41.352331151000044 ], [ -7.956471797999939, 41.358266334000064 ], [ -7.97205646499998, 41.360788200000059 ], [ -7.970355898999969, 41.371612459000062 ], [ -7.974168, 41.375195999000027 ], [ -7.973761534999937, 41.375654753000049 ], [ -7.973103, 41.376397999000062 ], [ -7.967465789999949, 41.390070301000037 ], [ -7.969536816999948, 41.392368935000036 ], [ -7.976160207999953, 41.39069449200008 ], [ -7.97949495599994, 41.392517978000058 ], [ -7.979821597999944, 41.394906750000075 ], [ -7.974459488999969, 41.397520365000048 ], [ -7.975742, 41.402103999000076 ], [ -7.963940774999969, 41.401523746000066 ], [ -7.965943185999947, 41.412438060000056 ], [ -7.962301499999967, 41.416768499000057 ], [ -7.941117499999962, 41.430900999000073 ], [ -7.938691, 41.447046499000066 ], [ -7.948540347999938, 41.447342301000049 ], [ -7.969955499999969, 41.456145999000057 ], [ -7.982064, 41.459145999000043 ], [ -7.984245499999929, 41.459425999000075 ], [ -7.990978, 41.461779499000045 ], [ -7.993345499999975, 41.463381499000036 ], [ -8.00418235799998, 41.468373804000066 ], [ -8.006505601999947, 41.471762652000052 ], [ -8.005233499999974, 41.475502999000071 ], [ -8.009756537999976, 41.478733233000071 ], [ -8.022493204999932, 41.47518008600008 ], [ -8.029589027999975, 41.478433711000037 ], [ -8.039123056999927, 41.477547626000046 ], [ -8.047889973999929, 41.48189158200006 ], [ -8.05884072899994, 41.483530146000078 ], [ -8.066308499999934, 41.487936499000057 ], [ -8.067012425999962, 41.481721174000029 ], [ -8.072880221999981, 41.473638291000043 ], [ -8.070042499999943, 41.459768499000063 ], [ -8.086156499999959, 41.445324999000036 ], [ -8.097615275999942, 41.439846853000063 ], [ -8.09995026799993, 41.42699192200007 ], [ -8.110186, 41.421874499000069 ], [ -8.110532, 41.421113499000057 ], [ -8.108679384999959, 41.416017651000061 ], [ -8.106405499999937, 41.409762499000067 ], [ -8.108679384999959, 41.400821685000039 ], [ -8.110434961999943, 41.393917995000038 ], [ -8.116685343999961, 41.391532341000072 ], [ -8.114116185999933, 41.388626479000038 ], [ -8.11634, 41.383310999000059 ], [ -8.117677568999966, 41.377154836000045 ], [ -8.125740590999953, 41.375654753000049 ], [ -8.140281, 41.372949499000072 ], [ -8.140190142999927, 41.375654753000049 ], [ -8.140135524999948, 41.377280966000058 ], [ -8.144889499999977, 41.377689499000041 ], [ -8.154713, 41.380596499000035 ], [ -8.159338532999925, 41.382512765000058 ], [ -8.165832, 41.400283499000068 ], [ -8.179441499999939, 41.397486499000081 ], [ -8.183487582999931, 41.406379487000038 ], [ -8.187880499999949, 41.409849499000075 ], [ -8.190108395999971, 41.409877474000041 ], [ -8.20492349999995, 41.410063499000046 ], [ -8.214881223999953, 41.411688534000064 ], [ -8.223311499999966, 41.408724999000071 ], [ -8.221584, 41.395824499000071 ], [ -8.226302499999974, 41.392598999000029 ], [ -8.229273994999971, 41.394562156000063 ], [ -8.236194037999951, 41.392902624000044 ], [ -8.245686499999977, 41.39396399900005 ], [ -8.247120499999937, 41.391957999000056 ], [ -8.247267633999968, 41.389283859000045 ], [ -8.256160030999979, 41.384405385000036 ], [ -8.260581499999944, 41.378284499000074 ], [ -8.264462364999929, 41.375654753000049 ], [ -8.269800245999932, 41.372037534000071 ], [ -8.276512499999967, 41.370397999000033 ], [ -8.274857195999971, 41.36374048600004 ], [ -8.277620499999955, 41.351902499000062 ], [ -8.278378499999974, 41.345827999000051 ], [ -8.28552179199994, 41.34277071200006 ], [ -8.296716739999965, 41.342143426000064 ], [ -8.304078549999929, 41.343829149000044 ], [ -8.310971222999967, 41.349856904000035 ], [ -8.316449499999976, 41.351259499000037 ], [ -8.32071442199998, 41.345855973000027 ] ] ], [ [ [ -8.713917539999954, 41.181685360000074 ], [ -8.711240948999944, 41.185549023000078 ], [ -8.708858735999968, 41.184583604000068 ], [ -8.709765913999945, 41.180391340000028 ], [ -8.713917539999954, 41.181685360000074 ] ] ] ] } },
{ "type": "Feature", "properties": { "name": "Trás-os-Montes", "region_type": "DOC", "color": "#e67e22", "island": false, "source": "gisco_nuts3+gadm_level2" }, "geometry": { "type": "Polygon", "coordinates": [ [ [ -6.741732635999938, 41.941340409000077 ], [ -6.727703185999928, 41.937642572000073 ], [ -6.718922158999931, 41.938136669000073 ], [ -6.706292, 41.935272499000064 ], [ -6.695408335999957, 41.933698833000051 ], [ -6.637177819999977, 41.941880644000037 ], [ -6.619824955999945, 41.940467284000079 ], [ -6.612086449999936, 41.946952907000025 ], [ -6.598733875999926, 41.949395134000042 ], [ -6.588461499999937, 41.967761999000061 ], [ -6.583211499999948, 41.965385499000035 ], [ -6.57756349999994, 41.961707999000055 ], [ -6.573791, 41.960673999000051 ], [ -6.561255, 41.952663499000039 ], [ -6.556378499999937, 41.94871499900006 ], [ -6.552587, 41.946239499000058 ], [ -6.549125499999946, 41.944511499000043 ], [ -6.545839, 41.935939499000028 ], [ -6.545971499999951, 41.930686999000045 ], [ -6.557019740999976, 41.911392862000071 ], [ -6.560716176999961, 41.897342728000069 ], [ -6.566187075999949, 41.893275018000054 ], [ -6.571177499999976, 41.883632499000043 ], [ -6.537620148999963, 41.876742683000032 ], [ -6.519841281999959, 41.875407863000078 ], [ -6.51673276799994, 41.872898229000043 ], [ -6.524675582999976, 41.860740951000025 ], [ -6.523070102999952, 41.854292496000028 ], [ -6.527484356999935, 41.848845174000076 ], [ -6.526781490999952, 41.84228508700005 ], [ -6.531463816999974, 41.835417676000077 ], [ -6.528809044999946, 41.820977269000025 ], [ -6.533938853999928, 41.818802258000062 ], [ -6.534166149999976, 41.814522387000068 ], [ -6.537623, 41.812984499000038 ], [ -6.538239510999972, 41.807652609000058 ], [ -6.54174648999998, 41.804910831000029 ], [ -6.540443420999964, 41.801700996000079 ], [ -6.546215253999947, 41.793905749000032 ], [ -6.545206005999944, 41.778382738000062 ], [ -6.549242394999965, 41.776488133000043 ], [ -6.554886, 41.767627999000069 ], [ -6.555908063999937, 41.756570900000042 ], [ -6.565392157999952, 41.750702574000059 ], [ -6.568414957999948, 41.744645944000069 ], [ -6.556674569999927, 41.737406606000036 ], [ -6.557426499999963, 41.730090999000026 ], [ -6.555390864999936, 41.725974320000034 ], [ -6.550358392999954, 41.72496527100003 ], [ -6.55402394999993, 41.720985465000069 ], [ -6.542816172999949, 41.701954886000067 ], [ -6.545013801999971, 41.699289150000027 ], [ -6.550041588999932, 41.701726189000055 ], [ -6.553285156999948, 41.700976648000051 ], [ -6.553484, 41.693500499000038 ], [ -6.548242499999958, 41.685638499000049 ], [ -6.541843, 41.680423499000028 ], [ -6.5369, 41.677746999000078 ], [ -6.534637499999974, 41.676521499000046 ], [ -6.527686, 41.675040999000032 ], [ -6.525796499999956, 41.672973499000079 ], [ -6.519133, 41.66883849900006 ], [ -6.518204499999968, 41.666785999000069 ], [ -6.515032499999961, 41.664550499000029 ], [ -6.512102499999969, 41.661262499000031 ], [ -6.500208, 41.657492999000056 ], [ -6.488572172999966, 41.657667778000075 ], [ -6.46966619899996, 41.666019792000043 ], [ -6.458283062999953, 41.667270184000074 ], [ -6.451345499999945, 41.681594999000026 ], [ -6.446235028999979, 41.684172810000064 ], [ -6.439797, 41.684200499000042 ], [ -6.43691292799997, 41.681725510000035 ], [ -6.425674898999944, 41.679552213000079 ], [ -6.413123833999975, 41.678584707000027 ], [ -6.405939842999942, 41.680702390000079 ], [ -6.378255499999966, 41.674457499000027 ], [ -6.361753584999974, 41.676494046000073 ], [ -6.354150397999945, 41.67633320200008 ], [ -6.322498, 41.66698449900008 ], [ -6.319628499999965, 41.666900499000064 ], [ -6.31536449999993, 41.665454999000076 ], [ -6.302936, 41.66290249900004 ], [ -6.288076968999974, 41.65626436000008 ], [ -6.254721333999953, 41.633922025000061 ], [ -6.234897499999931, 41.607047999000031 ], [ -6.228089120999925, 41.603510787000062 ], [ -6.208334053999977, 41.599034804000041 ], [ -6.202377533999936, 41.595397276000028 ], [ -6.189352, 41.575046499000052 ], [ -6.209266596999953, 41.561977481000042 ], [ -6.215668499999936, 41.552932499000065 ], [ -6.218778664999945, 41.541710050000063 ], [ -6.240701499999943, 41.520484999000075 ], [ -6.244879012999945, 41.516290973000025 ], [ -6.255198924999945, 41.513163461000033 ], [ -6.25236319399994, 41.499024905000056 ], [ -6.266890719999935, 41.496281992000036 ], [ -6.267415405999941, 41.493038956000078 ], [ -6.262384, 41.486495999000056 ], [ -6.268624144999933, 41.486587205000035 ], [ -6.285378, 41.477969999000038 ], [ -6.286335572999974, 41.46700723500004 ], [ -6.296783878999975, 41.45922071800004 ], [ -6.305976, 41.448146499000075 ], [ -6.297141318999934, 41.43896563900006 ], [ -6.29662934199996, 41.43328165500003 ], [ -6.310178683999936, 41.419252893000078 ], [ -6.317868664999935, 41.415969586000074 ], [ -6.328150656999981, 41.415181340000061 ], [ -6.333286679999958, 41.409593056000062 ], [ -6.331449432999932, 41.405301677000068 ], [ -6.318878005999977, 41.398628242000029 ], [ -6.316335730999981, 41.390205446000039 ], [ -6.318309499999941, 41.386142499000073 ], [ -6.326678499999957, 41.386817999000073 ], [ -6.349659265999946, 41.378502709000031 ], [ -6.361753584999974, 41.383212613000069 ], [ -6.367747189999932, 41.393078026000069 ], [ -6.391473, 41.383746999000039 ], [ -6.392934035999929, 41.369369993000078 ], [ -6.387597142999937, 41.364177501000029 ], [ -6.379969953999932, 41.363593306000041 ], [ -6.377569422999954, 41.361215027000071 ], [ -6.387204, 41.353320999000061 ], [ -6.393779494999933, 41.350441394000029 ], [ -6.413577769999961, 41.348574869000061 ], [ -6.419983499999944, 41.343623999000044 ], [ -6.426602207999963, 41.33440267900005 ], [ -6.420217245999936, 41.32630886000004 ], [ -6.435335939999959, 41.31823864200004 ], [ -6.438992907999932, 41.312179021000077 ], [ -6.439288106999925, 41.304718391000051 ], [ -6.448282554999935, 41.299587247000034 ], [ -6.45576, 41.298426499000072 ], [ -6.469705780999959, 41.30057019000003 ], [ -6.479713, 41.294379999000057 ], [ -6.487837627999966, 41.290326042000061 ], [ -6.491153847999954, 41.285909982000078 ], [ -6.480019757999969, 41.277601612000069 ], [ -6.479525193999962, 41.274665656000025 ], [ -6.501112, 41.265147999000078 ], [ -6.511488988999929, 41.264827317000027 ], [ -6.519147, 41.275246999000046 ], [ -6.546120565999956, 41.258087655000054 ], [ -6.552484558999936, 41.245427157000051 ], [ -6.567409, 41.242701999000076 ], [ -6.571266499999979, 41.239062999000055 ], [ -6.576430499999958, 41.238822999000035 ], [ -6.581348, 41.239524499000026 ], [ -6.585563621999938, 41.24364115700007 ], [ -6.586832165999965, 41.252351497000063 ], [ -6.590868739999962, 41.254918184000076 ], [ -6.598916903999964, 41.244971989000078 ], [ -6.609111803999951, 41.249341285000071 ], [ -6.629852036999978, 41.243066347000081 ], [ -6.642783895999969, 41.247773800000061 ], [ -6.647899, 41.247269499000026 ], [ -6.653144378999968, 41.235990496000056 ], [ -6.662105576999977, 41.232484158000034 ], [ -6.680126497999936, 41.21848581100005 ], [ -6.690735767999968, 41.208941495000033 ], [ -6.689786, 41.205241499000067 ], [ -6.69847866799995, 41.207821473000081 ], [ -6.703720116999932, 41.212282548000076 ], [ -6.724122527999953, 41.231543111000065 ], [ -6.736976, 41.248599999000078 ], [ -6.741732635999938, 41.24651889200004 ], [ -6.763991016999967, 41.23677960100008 ], [ -6.77494877099997, 41.22292318500007 ], [ -6.781838636999964, 41.202265895000039 ], [ -6.811689499999943, 41.193576999000072 ], [ -6.814630574999967, 41.196855428000049 ], [ -6.834300736999978, 41.201082818000032 ], [ -6.836461705999966, 41.207906639000043 ], [ -6.84499421199996, 41.211456588000033 ], [ -6.852408, 41.226574999000036 ], [ -6.891898339999955, 41.225533520000056 ], [ -6.896970198999952, 41.223519002000046 ], [ -6.901888499999927, 41.225535999000044 ], [ -6.912227727999948, 41.227711901000077 ], [ -6.920933, 41.24138399900005 ], [ -6.930014926999945, 41.240195758000027 ], [ -6.934981886999935, 41.246937586000058 ], [ -6.951178349999964, 41.245485169000062 ], [ -6.960663214999954, 41.249927908000075 ], [ -6.963494048999962, 41.248779863000038 ], [ -6.966704654999944, 41.247477778000075 ], [ -6.975718499999971, 41.25244249900004 ], [ -6.977692499999932, 41.254511999000044 ], [ -6.987307330999954, 41.25533497400005 ], [ -6.999537970999938, 41.260897708000073 ], [ -7.021501412999953, 41.274388947000034 ], [ -7.047293237999952, 41.301310903000058 ], [ -7.053841739999939, 41.30169821700008 ], [ -7.069548499999939, 41.309119499000076 ], [ -7.071022, 41.304789999000036 ], [ -7.075340454999946, 41.300712163000071 ], [ -7.081932244999962, 41.283141535000027 ], [ -7.088578537999979, 41.278618380000069 ], [ -7.089511, 41.273869999000055 ], [ -7.09067869699993, 41.264229815000078 ], [ -7.087913980999929, 41.259995202000027 ], [ -7.091598894999947, 41.243411971000057 ], [ -7.097197, 41.23436999900008 ], [ -7.121878760999948, 41.248406595000063 ], [ -7.150507, 41.257606499000076 ], [ -7.151247587999933, 41.254606215000081 ], [ -7.157566499999973, 41.250960999000029 ], [ -7.164961823999931, 41.254719503000047 ], [ -7.175030141999969, 41.252867560000027 ], [ -7.175438, 41.248693999000068 ], [ -7.182585100999972, 41.243631617000062 ], [ -7.185141964999957, 41.236489875000075 ], [ -7.194883, 41.231808499000067 ], [ -7.203143652999927, 41.234400108000045 ], [ -7.219197836999967, 41.228267343000027 ], [ -7.230933499999935, 41.230141499000069 ], [ -7.239339, 41.250510999000028 ], [ -7.242654380999966, 41.255374346000053 ], [ -7.239511499999935, 41.264248499000075 ], [ -7.246285107999938, 41.267070376000049 ], [ -7.2379, 41.29229699900003 ], [ -7.257690414999956, 41.291178951000063 ], [ -7.266384, 41.293194999000036 ], [ -7.272399338999946, 41.295079757000053 ], [ -7.286035380999976, 41.291774332000045 ], [ -7.29718227199993, 41.298664256000052 ], [ -7.292283, 41.305783999000028 ], [ -7.286176126999976, 41.311758440000062 ], [ -7.276768812999933, 41.313266204000058 ], [ -7.271274626999968, 41.331958576000034 ], [ -7.278668103999962, 41.334888312000032 ], [ -7.29548449999993, 41.335901499000045 ], [ -7.299704039999938, 41.334434306000048 ], [ -7.314704499999948, 41.338389999000071 ], [ -7.315550887999962, 41.341507146000026 ], [ -7.318253219999974, 41.342375986000036 ], [ -7.346831105999968, 41.351563491000036 ], [ -7.35436737699996, 41.356762050000043 ], [ -7.361736819999976, 41.366714341000034 ], [ -7.353400285999953, 41.375654753000049 ], [ -7.353083, 41.375994999000056 ], [ -7.360732539999958, 41.382098270000029 ], [ -7.359094746999972, 41.387661143000059 ], [ -7.365213, 41.396352999000044 ], [ -7.366220164999959, 41.402622294000025 ], [ -7.363426774999937, 41.406805745000042 ], [ -7.365763681999965, 41.415067545000056 ], [ -7.360221586999955, 41.428750107000042 ], [ -7.365323, 41.440422999000077 ], [ -7.374623572999951, 41.453073669000048 ], [ -7.390566, 41.455747999000039 ], [ -7.405406, 41.460396499000069 ], [ -7.402827262999949, 41.477888679000046 ], [ -7.395766864999928, 41.482244073000061 ], [ -7.390007088999937, 41.482864102000065 ], [ -7.38401749999997, 41.489202999000042 ], [ -7.399932994999972, 41.500628205000055 ], [ -7.401926499999945, 41.51288499900005 ], [ -7.406941132999975, 41.521497657000054 ], [ -7.417860499999961, 41.526836499000069 ], [ -7.420911917999945, 41.526790640000058 ], [ -7.430161314999964, 41.513095944000042 ], [ -7.446397142999956, 41.497778134000043 ], [ -7.454473145999941, 41.499481379000031 ], [ -7.456494274999955, 41.494745875000035 ], [ -7.459788752999941, 41.493756141000063 ], [ -7.481187, 41.499844499000062 ], [ -7.471845624999958, 41.477921446000039 ], [ -7.473968421999928, 41.46893975100005 ], [ -7.483566741999937, 41.459735855000076 ], [ -7.48346, 41.456628499000033 ], [ -7.488929234999944, 41.454538383000056 ], [ -7.496446718999948, 41.446148827000059 ], [ -7.497015, 41.439646499000048 ], [ -7.521822499999928, 41.450883999000041 ], [ -7.530470967999975, 41.443048159000057 ], [ -7.538897842999972, 41.439759154000058 ], [ -7.559557815999938, 41.437893390000056 ], [ -7.568396499999949, 41.427981999000053 ], [ -7.588776499999938, 41.403605499000037 ], [ -7.593683499999941, 41.399153999000077 ], [ -7.595139499999959, 41.398220999000046 ], [ -7.601381, 41.393519999000034 ], [ -7.611446368999964, 41.392211842000052 ], [ -7.619062216999964, 41.401156658000048 ], [ -7.620626885999968, 41.409294380000063 ], [ -7.625848902999962, 41.411723072000029 ], [ -7.639125499999977, 41.404322499000045 ], [ -7.650940499999933, 41.396093499000074 ], [ -7.659867, 41.399123499000041 ], [ -7.679346499999951, 41.40622649900007 ], [ -7.683975, 41.408096499000067 ], [ -7.734401, 41.421524999000042 ], [ -7.739477, 41.413746999000068 ], [ -7.747693935999962, 41.405804194000041 ], [ -7.764318985999978, 41.403999726000052 ], [ -7.775203862999945, 41.410999533000052 ], [ -7.78868749999998, 41.411410499000056 ], [ -7.794713, 41.411657499000057 ], [ -7.809575797999969, 41.412447500000042 ], [ -7.820381101999942, 41.414930353000045 ], [ -7.826296522999939, 41.426834882000037 ], [ -7.841717226999947, 41.437436503000072 ], [ -7.856413155999974, 41.44405782900003 ], [ -7.869361499999968, 41.441433999000026 ], [ -7.878428461999931, 41.439450239000053 ], [ -7.885657, 41.442599499000039 ], [ -7.909256737999954, 41.46660263800004 ], [ -7.903674253999952, 41.477821877000054 ], [ -7.905844370999944, 41.485370060000037 ], [ -7.904196499999955, 41.488942999000074 ], [ -7.895060549999926, 41.499954067000033 ], [ -7.897333332999949, 41.50571962500004 ], [ -7.89580626399993, 41.510795782000059 ], [ -7.892910684999947, 41.512910355000031 ], [ -7.888584499999979, 41.508965999000054 ], [ -7.862849414999971, 41.511656404000064 ], [ -7.863165518999949, 41.524198271000046 ], [ -7.852807499999926, 41.527255499000034 ], [ -7.850115240999969, 41.532125101000076 ], [ -7.838151918999927, 41.537096679000058 ], [ -7.840559110999948, 41.542094297000062 ], [ -7.832567568999934, 41.54651821300007 ], [ -7.837093073999938, 41.548614469000029 ], [ -7.838032919999932, 41.553719138000076 ], [ -7.832447326999954, 41.556528452000066 ], [ -7.822643164999931, 41.556530981000037 ], [ -7.812644499999976, 41.570389499000044 ], [ -7.81093930399993, 41.573525188000076 ], [ -7.812149499999975, 41.578498999000033 ], [ -7.81383, 41.579907999000056 ], [ -7.818735795999942, 41.580652272000066 ], [ -7.816272214999969, 41.58558315700003 ], [ -7.830154452999977, 41.602463116000081 ], [ -7.840284421999968, 41.611052966000045 ], [ -7.850913, 41.615072999000063 ], [ -7.857266645999971, 41.602130190000025 ], [ -7.876585766999938, 41.589748599000075 ], [ -7.882989728999974, 41.58835100500005 ], [ -7.891627034999942, 41.592626850000045 ], [ -7.905219, 41.586948999000072 ], [ -7.932619016999979, 41.594990317000054 ], [ -7.95482549999997, 41.594408999000052 ], [ -7.966437540999948, 41.603562259000057 ], [ -7.986022, 41.60076949900008 ], [ -7.996701499999972, 41.603144499000052 ], [ -8.000876, 41.616198499000063 ], [ -8.002949, 41.621093999000038 ], [ -8.001157052999929, 41.639572952000037 ], [ -7.994479448999925, 41.649206587000037 ], [ -7.997941087999948, 41.654827263000072 ], [ -7.99447410199997, 41.663204224000026 ], [ -7.985841, 41.669649499000059 ], [ -7.981778, 41.678984999000079 ], [ -7.996609450999927, 41.68708188100004 ], [ -8.01741211999996, 41.689609992000044 ], [ -8.02341, 41.696856999000033 ], [ -8.029589027999975, 41.698346699000069 ], [ -8.037783808999961, 41.700322324000069 ], [ -8.04824690199996, 41.693158569000047 ], [ -8.066975499999955, 41.692238499000041 ], [ -8.078804527999978, 41.695250944000065 ], [ -8.105167499999936, 41.689017499000045 ], [ -8.108679384999959, 41.689071660000025 ], [ -8.119465, 41.689237999000056 ], [ -8.108679384999959, 41.70254114100004 ], [ -8.095814735999966, 41.707210338000039 ], [ -8.086810106999962, 41.715940927000076 ], [ -8.076949286999934, 41.748003608000033 ], [ -8.062186557999951, 41.762330089000045 ], [ -8.063512220999939, 41.784044115000029 ], [ -8.061505499999953, 41.789289999000061 ], [ -8.057069587999933, 41.797459970000034 ], [ -8.045725124999933, 41.802930874000026 ], [ -8.045145704999925, 41.809495662000074 ], [ -8.05186249999997, 41.820613999000045 ], [ -8.044991499999981, 41.824081499000044 ], [ -8.036535583999978, 41.830154207000078 ], [ -8.029589027999975, 41.830036404000055 ], [ -8.013468195999963, 41.82976302000003 ], [ -8.004466449999939, 41.847227779000036 ], [ -8.000092499999937, 41.850360999000031 ], [ -7.995267578999972, 41.852302130000055 ], [ -7.988216310999974, 41.867496127000038 ], [ -7.980832, 41.872394499000052 ], [ -7.971971378999967, 41.875412579000056 ], [ -7.958938713999942, 41.875326535000056 ], [ -7.946326591999934, 41.871276313000067 ], [ -7.922070499999961, 41.879478499000072 ], [ -7.910009344999935, 41.905771069000025 ], [ -7.908987184999944, 41.921715307000056 ], [ -7.905759499999931, 41.92737949900004 ], [ -7.888485615999969, 41.926900973000045 ], [ -7.884049699999935, 41.922345139000072 ], [ -7.887045015999945, 41.906226295000067 ], [ -7.88436644799998, 41.881443515000058 ], [ -7.891440499999931, 41.859000999000045 ], [ -7.87462249999993, 41.850782499000047 ], [ -7.862664241999937, 41.860888732000035 ], [ -7.845441588999961, 41.864599106000071 ], [ -7.84250944799993, 41.86975869500003 ], [ -7.843974317999937, 41.881034930000055 ], [ -7.812701499999946, 41.881862499000079 ], [ -7.809575797999969, 41.881951833000073 ], [ -7.80257649999993, 41.88215199900003 ], [ -7.788263097999959, 41.884448023000061 ], [ -7.77504, 41.890033999000025 ], [ -7.762476634999928, 41.89915516700006 ], [ -7.754968223999981, 41.898819669000034 ], [ -7.744040858999938, 41.893690229000072 ], [ -7.725957499999936, 41.898578499000052 ], [ -7.722326499999951, 41.900783499000056 ], [ -7.713703, 41.904441999000028 ], [ -7.704728499999931, 41.907623499000067 ], [ -7.70408249999997, 41.907851999000059 ], [ -7.697696768999947, 41.907254808000062 ], [ -7.689450991999934, 41.903117059000067 ], [ -7.678795665999928, 41.894331296000075 ], [ -7.668943948999981, 41.892978078000056 ], [ -7.654995397999926, 41.882134005000069 ], [ -7.638998, 41.880119499000045 ], [ -7.627151684999944, 41.880192375000036 ], [ -7.618134315999953, 41.884537213000044 ], [ -7.606633212999952, 41.879616370000065 ], [ -7.58865678799998, 41.880263111000033 ], [ -7.586246499999959, 41.882049499000061 ], [ -7.583659, 41.878890499000079 ], [ -7.584597499999973, 41.877025499000069 ], [ -7.601312800999949, 41.866916834000051 ], [ -7.600909209999941, 41.861104071000057 ], [ -7.607141858999967, 41.849501253000028 ], [ -7.612247289999971, 41.845482581000056 ], [ -7.614833490999956, 41.833310383000025 ], [ -7.611815, 41.829475499000068 ], [ -7.597817518999932, 41.832994965000069 ], [ -7.573521254999946, 41.830438340000057 ], [ -7.541382499999941, 41.837089499000058 ], [ -7.521065499999963, 41.841941499000029 ], [ -7.514766, 41.845492999000044 ], [ -7.511380499999973, 41.846659999000053 ], [ -7.509706499999936, 41.848376999000038 ], [ -7.505387499999927, 41.850490499000045 ], [ -7.50647749999996, 41.85177199900005 ], [ -7.507221, 41.855495499000028 ], [ -7.510559, 41.857581999000047 ], [ -7.513123499999949, 41.862178999000037 ], [ -7.511030499999947, 41.865638499000056 ], [ -7.506742499999973, 41.866851499000063 ], [ -7.502121, 41.869651499000042 ], [ -7.500386499999934, 41.870020999000076 ], [ -7.497339, 41.870669999000029 ], [ -7.490970499999946, 41.871432999000035 ], [ -7.490520499999946, 41.86946849900005 ], [ -7.485009499999933, 41.861300999000036 ], [ -7.474298, 41.863837999000054 ], [ -7.467859499999975, 41.863906999000051 ], [ -7.465266499999927, 41.863341999000056 ], [ -7.458426499999973, 41.863879999000062 ], [ -7.452781, 41.865161999000065 ], [ -7.446205499999962, 41.856834499000058 ], [ -7.448628911999947, 41.851351633000036 ], [ -7.445296484999972, 41.841592043000048 ], [ -7.426733499999955, 41.832961999000077 ], [ -7.425553971999932, 41.828086656000039 ], [ -7.429501055999935, 41.822924456000067 ], [ -7.425097517999973, 41.816911555000047 ], [ -7.428548353999929, 41.812560941000072 ], [ -7.427273499999956, 41.807499499000073 ], [ -7.417897499999981, 41.811469999000053 ], [ -7.39607988399996, 41.827926667000042 ], [ -7.389440458999957, 41.841572696000071 ], [ -7.363812499999938, 41.852733499000067 ], [ -7.357378499999982, 41.842014499000072 ], [ -7.354440507999925, 41.840801909000049 ], [ -7.337693882999929, 41.845142614000054 ], [ -7.32602449999996, 41.844271999000057 ], [ -7.318253219999974, 41.843877616000043 ], [ -7.314009519999956, 41.843662252000058 ], [ -7.300003552999954, 41.851692480000054 ], [ -7.285816499999953, 41.852428499000041 ], [ -7.251501766999979, 41.867190453000035 ], [ -7.244182267999975, 41.868838226000037 ], [ -7.23198722799998, 41.867888926000035 ], [ -7.210211929999957, 41.879591608000055 ], [ -7.200464499999953, 41.87974949900007 ], [ -7.195689295999955, 41.882029986000077 ], [ -7.185633420999977, 41.896673097000075 ], [ -7.182616499999938, 41.912051999000028 ], [ -7.182030499999939, 41.913238499000045 ], [ -7.174656926999944, 41.919259024000041 ], [ -7.186504682999953, 41.941460463000055 ], [ -7.186014427999964, 41.94799250300008 ], [ -7.182140884999967, 41.952393768000036 ], [ -7.186495684999954, 41.957611149000059 ], [ -7.184726499999954, 41.972461499000076 ], [ -7.176406285999974, 41.979803513000036 ], [ -7.157666527999936, 41.977152843000056 ], [ -7.150901760999943, 41.986478742000031 ], [ -7.141821740999944, 41.990314009000031 ], [ -7.120856014999958, 41.986849899000049 ], [ -7.115358, 41.983699999000066 ], [ -7.08823616199993, 41.97382209400007 ], [ -7.075305499999956, 41.951335999000037 ], [ -7.054125548999934, 41.949184440000067 ], [ -7.043705517999967, 41.954701893000049 ], [ -7.03529251599997, 41.95122262600006 ], [ -7.008706633999964, 41.950090181000064 ], [ -6.998971381999979, 41.962544563000051 ], [ -6.985800499999925, 41.971446999000079 ], [ -6.977645421999966, 41.973653675000037 ], [ -6.963494048999962, 41.970309529000076 ], [ -6.958503511999936, 41.969130161000066 ], [ -6.943593499999963, 41.944896499000038 ], [ -6.933661625999946, 41.946269166000036 ], [ -6.895076079999967, 41.94006226700003 ], [ -6.885361, 41.94045249900006 ], [ -6.871924, 41.946155499000042 ], [ -6.867228830999977, 41.946961575000046 ], [ -6.846660699999973, 41.942488787000059 ], [ -6.831011, 41.944118499000069 ], [ -6.820931449999932, 41.947284875000037 ], [ -6.811496499999976, 41.967387999000039 ], [ -6.810209499999928, 41.970199499000046 ], [ -6.81147, 41.992530999000053 ], [ -6.805578499999967, 41.990916999000035 ], [ -6.780574023999975, 41.987999050000042 ], [ -6.768689, 41.983905999000058 ], [ -6.766362596999954, 41.973395206000077 ], [ -6.750022412999954, 41.943525301000079 ], [ -6.741732635999938, 41.941340409000077 ] ] ] } },
{ "type": "Feature", "properties": { "name": "Douro", "region_type": "DOC", "color": "#8e44ad", "island": false, "source": "gisco_nuts3+gadm_level2" }, "geometry": { "type": "Polygon", "coordinates": [ [ [ -7.399932994999972, 41.500628205000055 ], [ -7.38401749999997, 41.489202999000042 ], [ -7.390007088999937, 41.482864102000065 ], [ -7.395766864999928, 41.482244073000061 ], [ -7.402827262999949, 41.477888679000046 ], [ -7.405406, 41.460396499000069 ], [ -7.390566, 41.455747999000039 ], [ -7.374623572999951, 41.453073669000048 ], [ -7.365323, 41.440422999000077 ], [ -7.360221586999955, 41.428750107000042 ], [ -7.365763681999965, 41.415067545000056 ], [ -7.363426774999937, 41.406805745000042 ], [ -7.366220164999959, 41.402622294000025 ], [ -7.365213, 41.396352999000044 ], [ -7.359094746999972, 41.387661143000059 ], [ -7.360732539999958, 41.382098270000029 ], [ -7.353083, 41.375994999000056 ], [ -7.353400285999953, 41.375654753000049 ], [ -7.361736819999976, 41.366714341000034 ], [ -7.35436737699996, 41.356762050000043 ], [ -7.346831105999968, 41.351563491000036 ], [ -7.318253219999974, 41.342375986000036 ], [ -7.315550887999962, 41.341507146000026 ], [ -7.314704499999948, 41.338389999000071 ], [ -7.299704039999938, 41.334434306000048 ], [ -7.29548449999993, 41.335901499000045 ], [ -7.278668103999962, 41.334888312000032 ], [ -7.271274626999968, 41.331958576000034 ], [ -7.276768812999933, 41.313266204000058 ], [ -7.286176126999976, 41.311758440000062 ], [ -7.292283, 41.305783999000028 ], [ -7.29718227199993, 41.298664256000052 ], [ -7.286035380999976, 41.291774332000045 ], [ -7.272399338999946, 41.295079757000053 ], [ -7.266384, 41.293194999000036 ], [ -7.257690414999956, 41.291178951000063 ], [ -7.2379, 41.29229699900003 ], [ -7.246285107999938, 41.267070376000049 ], [ -7.239511499999935, 41.264248499000075 ], [ -7.242654380999966, 41.255374346000053 ], [ -7.239339, 41.250510999000028 ], [ -7.230933499999935, 41.230141499000069 ], [ -7.219197836999967, 41.228267343000027 ], [ -7.203143652999927, 41.234400108000045 ], [ -7.194883, 41.231808499000067 ], [ -7.185141964999957, 41.236489875000075 ], [ -7.182585100999972, 41.243631617000062 ], [ -7.175438, 41.248693999000068 ], [ -7.175030141999969, 41.252867560000027 ], [ -7.164961823999931, 41.254719503000047 ], [ -7.157566499999973, 41.250960999000029 ], [ -7.151247587999933, 41.254606215000081 ], [ -7.150507, 41.257606499000076 ], [ -7.121878760999948, 41.248406595000063 ], [ -7.097197, 41.23436999900008 ], [ -7.091598894999947, 41.243411971000057 ], [ -7.087913980999929, 41.259995202000027 ], [ -7.09067869699993, 41.264229815000078 ], [ -7.089511, 41.273869999000055 ], [ -7.088578537999979, 41.278618380000069 ], [ -7.081932244999962, 41.283141535000027 ], [ -7.075340454999946, 41.300712163000071 ], [ -7.071022, 41.304789999000036 ], [ -7.069548499999939, 41.309119499000076 ], [ -7.053841739999939, 41.30169821700008 ], [ -7.047293237999952, 41.301310903000058 ], [ -7.021501412999953, 41.274388947000034 ], [ -6.999537970999938, 41.260897708000073 ], [ -6.987307330999954, 41.25533497400005 ], [ -6.977692499999932, 41.254511999000044 ], [ -6.975718499999971, 41.25244249900004 ], [ -6.966704654999944, 41.247477778000075 ], [ -6.963494048999962, 41.248779863000038 ], [ -6.960663214999954, 41.249927908000075 ], [ -6.951178349999964, 41.245485169000062 ], [ -6.934981886999935, 41.246937586000058 ], [ -6.930014926999945, 41.240195758000027 ], [ -6.920933, 41.24138399900005 ], [ -6.912227727999948, 41.227711901000077 ], [ -6.901888499999927, 41.225535999000044 ], [ -6.896970198999952, 41.223519002000046 ], [ -6.891898339999955, 41.225533520000056 ], [ -6.852408, 41.226574999000036 ], [ -6.84499421199996, 41.211456588000033 ], [ -6.836461705999966, 41.207906639000043 ], [ -6.834300736999978, 41.201082818000032 ], [ -6.814630574999967, 41.196855428000049 ], [ -6.811689499999943, 41.193576999000072 ], [ -6.781838636999964, 41.202265895000039 ], [ -6.77494877099997, 41.22292318500007 ], [ -6.763991016999967, 41.23677960100008 ], [ -6.741732635999938, 41.24651889200004 ], [ -6.736976, 41.248599999000078 ], [ -6.724122527999953, 41.231543111000065 ], [ -6.703720116999932, 41.212282548000076 ], [ -6.69847866799995, 41.207821473000081 ], [ -6.689786, 41.205241499000067 ], [ -6.689486633999934, 41.198916583000027 ], [ -6.692265087999942, 41.194627528000069 ], [ -6.698233553999955, 41.192599426000072 ], [ -6.696829499999978, 41.189262499000051 ], [ -6.69876157799996, 41.183756688000074 ], [ -6.709968767999953, 41.173111075000065 ], [ -6.729295346999947, 41.162881472000038 ], [ -6.741732635999938, 41.150406606000047 ], [ -6.749213, 41.142902499000058 ], [ -6.76788849999997, 41.133510499000067 ], [ -6.769824783999979, 41.12430725400003 ], [ -6.754304678999972, 41.104285816000072 ], [ -6.756372358999954, 41.099222815000076 ], [ -6.771841590999941, 41.084494771000038 ], [ -6.774760499999957, 41.073898499000052 ], [ -6.791245289999949, 41.05637504200007 ], [ -6.808114436999972, 41.044532549000053 ], [ -6.808375, 41.036525999000048 ], [ -6.812536, 41.035899999000037 ], [ -6.814616, 41.035255499000073 ], [ -6.822433499999931, 41.031844999000043 ], [ -6.827956499999971, 41.031093499000065 ], [ -6.83292, 41.02911399900006 ], [ -6.853061499999967, 41.027023499000052 ], [ -6.87782479699996, 41.028369005000059 ], [ -6.914426721999973, 41.038575691000062 ], [ -6.929903499999966, 41.02946649900008 ], [ -6.934506499999941, 41.029287999000076 ], [ -6.955314261999945, 41.030586134000032 ], [ -6.963494048999962, 41.033755864000057 ], [ -6.969272734999947, 41.035995058000026 ], [ -6.976319602999979, 41.033075307000047 ], [ -6.983586, 41.026249499000073 ], [ -6.97754310299996, 41.01737330800006 ], [ -6.984489022999981, 41.009305443000073 ], [ -6.996438, 40.983337999000071 ], [ -7.046555283999965, 40.967600891000075 ], [ -7.059061342999939, 40.967435581000075 ], [ -7.082312195999975, 40.973233359000062 ], [ -7.094360668999968, 40.973420339000029 ], [ -7.100696, 40.973328499000047 ], [ -7.10259549999995, 40.973053499000059 ], [ -7.101709, 40.971213499000044 ], [ -7.106018640999935, 40.964238078000051 ], [ -7.124230022999939, 40.951148083000078 ], [ -7.131236668999975, 40.942940471000043 ], [ -7.13569549999994, 40.923158499000067 ], [ -7.141247285999953, 40.923473220000062 ], [ -7.158503204999931, 40.931764805000057 ], [ -7.170153383999946, 40.931464456000072 ], [ -7.181708499999957, 40.934548999000071 ], [ -7.184385296999949, 40.936225383000078 ], [ -7.177806511999961, 40.94084433900008 ], [ -7.174947553999971, 40.954129254000065 ], [ -7.169552185999976, 40.96016876300007 ], [ -7.167453499999965, 40.973106499000039 ], [ -7.173548580999977, 40.975665542000058 ], [ -7.182274579999955, 40.984897992000072 ], [ -7.185149327999966, 40.995973247000052 ], [ -7.184272198999963, 41.004454594000038 ], [ -7.180727677999926, 41.008227279000039 ], [ -7.168119499999932, 41.005826499000079 ], [ -7.16776312199994, 41.012023531000068 ], [ -7.177533246999928, 41.029077761000053 ], [ -7.201012499999933, 41.036593499000048 ], [ -7.211052259999974, 41.03714343300004 ], [ -7.22268777599993, 41.034227964000024 ], [ -7.231129499999952, 41.027183499000046 ], [ -7.233968162999929, 41.017485392000026 ], [ -7.246098, 41.006450999000037 ], [ -7.261586564999959, 41.018124239000031 ], [ -7.277049396999928, 41.018632276000062 ], [ -7.295679499999949, 41.015606999000056 ], [ -7.318253219999974, 41.016874374000054 ], [ -7.333514, 41.023471499000038 ], [ -7.340675566999948, 41.01261291600008 ], [ -7.351124299999981, 41.01122785900003 ], [ -7.363984244999926, 41.014099118000047 ], [ -7.37587494099995, 41.013759542000059 ], [ -7.378783749999968, 41.012411838000048 ], [ -7.379444, 41.006742999000039 ], [ -7.375856526999939, 40.999475403000076 ], [ -7.377931556999954, 40.991838298000062 ], [ -7.368461210999953, 40.991102262000027 ], [ -7.354276689999949, 40.982511356000032 ], [ -7.343274, 40.980931499000064 ], [ -7.338363114999936, 40.98027071000007 ], [ -7.331107499999973, 40.976458499000046 ], [ -7.325686003999976, 40.970559188000038 ], [ -7.334185488999935, 40.94499305100004 ], [ -7.332593245999931, 40.938681064000036 ], [ -7.336567676999948, 40.934429876000024 ], [ -7.358357560999934, 40.927345337000077 ], [ -7.37341631399994, 40.91284855400005 ], [ -7.375465, 40.904575499000032 ], [ -7.375779866999949, 40.888917177000053 ], [ -7.38340065899996, 40.880496122000068 ], [ -7.378150113999936, 40.874678092000067 ], [ -7.379605201999937, 40.869996326000035 ], [ -7.389931676999936, 40.878509444000031 ], [ -7.402436454999929, 40.878596579000032 ], [ -7.414088641999967, 40.856284875000028 ], [ -7.422376499999928, 40.847403999000051 ], [ -7.424, 40.845732499000064 ], [ -7.434215, 40.829018499000028 ], [ -7.436745415999951, 40.824079378000079 ], [ -7.448061208999945, 40.815398025000036 ], [ -7.454204, 40.812607999000079 ], [ -7.463666803999956, 40.821468052000057 ], [ -7.465229058999967, 40.827100813000072 ], [ -7.471702499999935, 40.828734499000063 ], [ -7.480505, 40.833849499000053 ], [ -7.483697866999933, 40.840335904000028 ], [ -7.495685340999955, 40.849033124000073 ], [ -7.498248639999929, 40.855290685000057 ], [ -7.510652299999947, 40.859817523000061 ], [ -7.514489, 40.869449999000039 ], [ -7.529934821999973, 40.872921168000062 ], [ -7.558532, 40.873158999000054 ], [ -7.579628, 40.859818499000028 ], [ -7.587995544999956, 40.849183746000051 ], [ -7.591335, 40.829917499000032 ], [ -7.59698149999997, 40.832911999000032 ], [ -7.604222, 40.837592499000039 ], [ -7.607155499999976, 40.841019499000026 ], [ -7.608457, 40.842769999000041 ], [ -7.609434499999963, 40.846384499000067 ], [ -7.612308499999926, 40.852805999000054 ], [ -7.619496, 40.86426349900006 ], [ -7.632215063999979, 40.873991904000036 ], [ -7.644658, 40.869999499000073 ], [ -7.662705843999959, 40.863643257000035 ], [ -7.662534304999951, 40.854240358000027 ], [ -7.678695661999939, 40.858733031000043 ], [ -7.687923499999954, 40.854384499000048 ], [ -7.702891859999966, 40.875520273000063 ], [ -7.716059499999972, 40.886384999000029 ], [ -7.697924805999946, 40.904619387000025 ], [ -7.688913, 40.932372499000053 ], [ -7.68788253699995, 40.93627646300007 ], [ -7.69205321499993, 40.941294326000047 ], [ -7.699111499999958, 40.944135999000025 ], [ -7.708899096999971, 40.941532514000073 ], [ -7.71627177199997, 40.943622377000054 ], [ -7.74361565199996, 40.939151186000061 ], [ -7.752507499999979, 40.94234349900006 ], [ -7.750080499999967, 40.945017499000073 ], [ -7.752092499999947, 40.947838999000055 ], [ -7.756075, 40.95287249900008 ], [ -7.757334499999956, 40.954252999000062 ], [ -7.761990932999936, 40.960717417000069 ], [ -7.754189984999925, 40.966247361000057 ], [ -7.755991778999942, 40.973285949000058 ], [ -7.779772, 40.97749249900005 ], [ -7.792257499999948, 40.981361499000059 ], [ -7.809575797999969, 40.963802778000058 ], [ -7.81867, 40.955449499000053 ], [ -7.833464, 40.965906499000027 ], [ -7.837868, 40.970237999000062 ], [ -7.843018, 40.974886499000036 ], [ -7.845725499999958, 40.978652499000077 ], [ -7.848223, 40.981979999000032 ], [ -7.856358569999941, 40.986521115000073 ], [ -7.864574891999951, 40.987839076000057 ], [ -7.877010499999926, 40.995562499000073 ], [ -7.894360090999953, 40.996281159000034 ], [ -7.901535499999966, 40.99395049900005 ], [ -7.880201830999965, 41.023144198000068 ], [ -7.907252634999963, 41.022134162000043 ], [ -7.915681, 41.019973999000058 ], [ -7.908197, 41.040229499000077 ], [ -7.90359449999994, 41.048009894000074 ], [ -7.883586, 41.065444999000078 ], [ -7.879767, 41.071824999000057 ], [ -7.878533499999946, 41.072892499000034 ], [ -7.878940499999942, 41.077161499000056 ], [ -7.875715499999956, 41.080945499000052 ], [ -7.870531, 41.087968999000054 ], [ -7.868474, 41.093997999000067 ], [ -7.869447, 41.097173499000064 ], [ -7.867023, 41.099625499000069 ], [ -7.863255, 41.100400999000044 ], [ -7.860313499999961, 41.102734499000064 ], [ -7.860192, 41.102832999000043 ], [ -7.85997703299995, 41.104285816000072 ], [ -7.851013646999945, 41.111568669000064 ], [ -7.853009, 41.119748499000025 ], [ -7.859737519999953, 41.125911965000057 ], [ -7.863354163999929, 41.135324224000044 ], [ -7.873618080999961, 41.143907680000041 ], [ -7.874115341999925, 41.148338193000029 ], [ -7.88012649999996, 41.150508499000068 ], [ -7.884704, 41.143552499000066 ], [ -7.887941669999975, 41.134598428000061 ], [ -7.897048264999967, 41.131174234000071 ], [ -7.89978549999995, 41.120497999000065 ], [ -7.907600499999944, 41.119048999000029 ], [ -7.911864, 41.119889499000067 ], [ -7.912595, 41.137563999000065 ], [ -7.901187, 41.147269999000059 ], [ -7.902555571999926, 41.154393283000047 ], [ -7.900114, 41.156004999000061 ], [ -7.890745150999976, 41.162897394000026 ], [ -7.898941, 41.172861499000078 ], [ -7.887970499999938, 41.189086499000041 ], [ -7.890342499999974, 41.202439999000035 ], [ -7.893538959999944, 41.208849907000058 ], [ -7.884421499999974, 41.225893499000051 ], [ -7.875579499999958, 41.242047999000079 ], [ -7.884038527999962, 41.247585007000055 ], [ -7.895730499999956, 41.248927999000045 ], [ -7.894935499999974, 41.249925499000028 ], [ -7.897156055999972, 41.267537652000044 ], [ -7.903878102999954, 41.271557682000036 ], [ -7.915206544999933, 41.273108319000073 ], [ -7.914559183999927, 41.279947072000027 ], [ -7.919423499999937, 41.287178499000049 ], [ -7.920462346999955, 41.290266578000058 ], [ -7.915261868999949, 41.297192399000039 ], [ -7.907641, 41.302666999000053 ], [ -7.898881530999972, 41.307995241000071 ], [ -7.898038, 41.313233999000033 ], [ -7.888499499999966, 41.317626999000026 ], [ -7.870363188999931, 41.325156378000031 ], [ -7.852980196999965, 41.328246669000066 ], [ -7.845555, 41.334522999000058 ], [ -7.839873, 41.339726499000051 ], [ -7.834283, 41.343504499000062 ], [ -7.830938499999945, 41.347185499000034 ], [ -7.825437, 41.355565999000078 ], [ -7.819593451999935, 41.365425997000045 ], [ -7.820888010999965, 41.375654753000049 ], [ -7.821644499999934, 41.378654999000048 ], [ -7.818768499999976, 41.384562999000025 ], [ -7.817091, 41.38744949900007 ], [ -7.816452499999968, 41.388971499000036 ], [ -7.815937, 41.391841499000066 ], [ -7.809575797999969, 41.393148156000052 ], [ -7.805421438999929, 41.393849555000031 ], [ -7.795018028999948, 41.400247824000076 ], [ -7.78868749999998, 41.411410499000056 ], [ -7.775203862999945, 41.410999533000052 ], [ -7.764318985999978, 41.403999726000052 ], [ -7.747693935999962, 41.405804194000041 ], [ -7.739477, 41.413746999000068 ], [ -7.734401, 41.421524999000042 ], [ -7.683975, 41.408096499000067 ], [ -7.679346499999951, 41.40622649900007 ], [ -7.659867, 41.399123499000041 ], [ -7.650940499999933, 41.396093499000074 ], [ -7.639125499999977, 41.404322499000045 ], [ -7.625848902999962, 41.411723072000029 ], [ -7.620626885999968, 41.409294380000063 ], [ -7.619062216999964, 41.401156658000048 ], [ -7.611446368999964, 41.392211842000052 ], [ -7.601381, 41.393519999000034 ], [ -7.595139499999959, 41.398220999000046 ], [ -7.593683499999941, 41.399153999000077 ], [ -7.588776499999938, 41.403605499000037 ], [ -7.568396499999949, 41.427981999000053 ], [ -7.559557815999938, 41.437893390000056 ], [ -7.538897842999972, 41.439759154000058 ], [ -7.530470967999975, 41.443048159000057 ], [ -7.521822499999928, 41.450883999000041 ], [ -7.497015, 41.439646499000048 ], [ -7.496446718999948, 41.446148827000059 ], [ -7.488929234999944, 41.454538383000056 ], [ -7.48346, 41.456628499000033 ], [ -7.483566741999937, 41.459735855000076 ], [ -7.473968421999928, 41.46893975100005 ], [ -7.471845624999958, 41.477921446000039 ], [ -7.481187, 41.499844499000062 ], [ -7.459788752999941, 41.493756141000063 ], [ -7.456494274999955, 41.494745875000035 ], [ -7.454473145999941, 41.499481379000031 ], [ -7.446397142999956, 41.497778134000043 ], [ -7.430161314999964, 41.513095944000042 ], [ -7.420911917999945, 41.526790640000058 ], [ -7.417860499999961, 41.526836499000069 ], [ -7.406941132999975, 41.521497657000054 ], [ -7.401926499999945, 41.51288499900005 ], [ -7.399932994999972, 41.500628205000055 ] ], [ [ -7.425366008999958, 40.88700172700004 ], [ -7.405277206999926, 40.880434860000037 ], [ -7.398350891999939, 40.880612204000045 ], [ -7.387223038999934, 40.886858227000062 ], [ -7.382895625999936, 40.899270848000072 ], [ -7.379721169999925, 40.901704525000071 ], [ -7.381251499999962, 40.907301499000027 ], [ -7.393790499999966, 40.909898999000063 ], [ -7.395258, 40.911554499000033 ], [ -7.398347, 40.914129499000069 ], [ -7.401929499999937, 40.916478999000049 ], [ -7.409520499999928, 40.921820999000033 ], [ -7.417884499999957, 40.921805499000072 ], [ -7.428679607999925, 40.906801296000026 ], [ -7.430244, 40.895333999000059 ], [ -7.425366008999958, 40.88700172700004 ] ] ] } },
{ "type": "Feature", "properties": { "name": "Porto", "region_type": "DOC", "color": "#c0392b", "island": false, "source": "gisco_nuts3+gadm_level2" }, "geometry": { "type": "Polygon", "coordinates": [ [ [ -7.399932994999972, 41.500628205000055 ], [ -7.38401749999997, 41.489202999000042 ], [ -7.390007088999937, 41.482864102000065 ], [ -7.395766864999928, 41.482244073000061 ], [ -7.402827262999949, 41.477888679000046 ], [ -7.405406, 41.460396499000069 ], [ -7.390566, 41.455747999000039 ], [ -7.374623572999951, 41.453073669000048 ], [ -7.365323, 41.440422999000077 ], [ -7.360221586999955, 41.428750107000042 ], [ -7.365763681999965, 41.415067545000056 ], [ -7.363426774999937, 41.406805745000042 ], [ -7.366220164999959, 41.402622294000025 ], [ -7.365213, 41.396352999000044 ], [ -7.359094746999972, 41.387661143000059 ], [ -7.360732539999958, 41.382098270000029 ], [ -7.353083, 41.375994999000056 ], [ -7.353400285999953, 41.375654753000049 ], [ -7.361736819999976, 41.366714341000034 ], [ -7.35436737699996, 41.356762050000043 ], [ -7.346831105999968, 41.351563491000036 ], [ -7.318253219999974, 41.342375986000036 ], [ -7.315550887999962, 41.341507146000026 ], [ -7.314704499999948, 41.338389999000071 ], [ -7.299704039999938, 41.334434306000048 ], [ -7.29548449999993, 41.335901499000045 ], [ -7.278668103999962, 41.334888312000032 ], [ -7.271274626999968, 41.331958576000034 ], [ -7.276768812999933, 41.313266204000058 ], [ -7.286176126999976, 41.311758440000062 ], [ -7.292283, 41.305783999000028 ], [ -7.29718227199993, 41.298664256000052 ], [ -7.286035380999976, 41.291774332000045 ], [ -7.272399338999946, 41.295079757000053 ], [ -7.266384, 41.293194999000036 ], [ -7.257690414999956, 41.291178951000063 ], [ -7.2379, 41.29229699900003 ], [ -7.246285107999938, 41.267070376000049 ], [ -7.239511499999935, 41.264248499000075 ], [ -7.242654380999966, 41.255374346000053 ], [ -7.239339, 41.250510999000028 ], [ -7.230933499999935, 41.230141499000069 ], [ -7.219197836999967, 41.228267343000027 ], [ -7.203143652999927, 41.234400108000045 ], [ -7.194883, 41.231808499000067 ], [ -7.185141964999957, 41.236489875000075 ], [ -7.182585100999972, 41.243631617000062 ], [ -7.175438, 41.248693999000068 ], [ -7.175030141999969, 41.252867560000027 ], [ -7.164961823999931, 41.254719503000047 ], [ -7.157566499999973, 41.250960999000029 ], [ -7.151247587999933, 41.254606215000081 ], [ -7.150507, 41.257606499000076 ], [ -7.121878760999948, 41.248406595000063 ], [ -7.097197, 41.23436999900008 ], [ -7.091598894999947, 41.243411971000057 ], [ -7.087913980999929, 41.259995202000027 ], [ -7.09067869699993, 41.264229815000078 ], [ -7.089511, 41.273869999000055 ], [ -7.088578537999979, 41.278618380000069 ], [ -7.081932244999962, 41.283141535000027 ], [ -7.075340454999946, 41.300712163000071 ], [ -7.071022, 41.304789999000036 ], [ -7.069548499999939, 41.309119499000076 ], [ -7.053841739999939, 41.30169821700008 ], [ -7.047293237999952, 41.301310903000058 ], [ -7.021501412999953, 41.274388947000034 ], [ -6.999537970999938, 41.260897708000073 ], [ -6.987307330999954, 41.25533497400005 ], [ -6.977692499999932, 41.254511999000044 ], [ -6.975718499999971, 41.25244249900004 ], [ -6.966704654999944, 41.247477778000075 ], [ -6.963494048999962, 41.248779863000038 ], [ -6.960663214999954, 41.249927908000075 ], [ -6.951178349999964, 41.245485169000062 ], [ -6.934981886999935, 41.246937586000058 ], [ -6.930014926999945, 41.240195758000027 ], [ -6.920933, 41.24138399900005 ], [ -6.912227727999948, 41.227711901000077 ], [ -6.901888499999927, 41.225535999000044 ], [ -6.896970198999952, 41.223519002000046 ], [ -6.891898339999955, 41.225533520000056 ], [ -6.852408, 41.226574999000036 ], [ -6.84499421199996, 41.211456588000033 ], [ -6.836461705999966, 41.207906639000043 ], [ -6.834300736999978, 41.201082818000032 ], [ -6.814630574999967, 41.196855428000049 ], [ -6.811689499999943, 41.193576999000072 ], [ -6.781838636999964, 41.202265895000039 ], [ -6.77494877099997, 41.22292318500007 ], [ -6.763991016999967, 41.23677960100008 ], [ -6.741732635999938, 41.24651889200004 ], [ -6.736976, 41.248599999000078 ], [ -6.724122527999953, 41.231543111000065 ], [ -6.703720116999932, 41.212282548000076 ], [ -6.69847866799995, 41.207821473000081 ], [ -6.689786, 41.205241499000067 ], [ -6.689486633999934, 41.198916583000027 ], [ -6.692265087999942, 41.194627528000069 ], [ -6.698233553999955, 41.192599426000072 ], [ -6.696829499999978, 41.189262499000051 ], [ -6.69876157799996, 41.183756688000074 ], [ -6.709968767999953, 41.173111075000065 ], [ -6.729295346999947, 41.162881472000038 ], [ -6.741732635999938, 41.150406606000047 ], [ -6.749213, 41.142902499000058 ], [ -6.76788849999997, 41.133510499000067 ], [ -6.769824783999979, 41.12430725400003 ], [ -6.754304678999972, 41.104285816000072 ], [ -6.756372358999954, 41.099222815000076 ], [ -6.771841590999941, 41.084494771000038 ], [ -6.774760499999957, 41.073898499000052 ], [ -6.791245289999949, 41.05637504200007 ], [ -6.808114436999972, 41.044532549000053 ], [ -6.808375, 41.036525999000048 ], [ -6.812536, 41.035899999000037 ], [ -6.814616, 41.035255499000073 ], [ -6.822433499999931, 41.031844999000043 ], [ -6.827956499999971, 41.031093499000065 ], [ -6.83292, 41.02911399900006 ], [ -6.853061499999967, 41.027023499000052 ], [ -6.87782479699996, 41.028369005000059 ], [ -6.914426721999973, 41.038575691000062 ], [ -6.929903499999966, 41.02946649900008 ], [ -6.934506499999941, 41.029287999000076 ], [ -6.955314261999945, 41.030586134000032 ], [ -6.963494048999962, 41.033755864000057 ], [ -6.969272734999947, 41.035995058000026 ], [ -6.976319602999979, 41.033075307000047 ], [ -6.983586, 41.026249499000073 ], [ -6.97754310299996, 41.01737330800006 ], [ -6.984489022999981, 41.009305443000073 ], [ -6.996438, 40.983337999000071 ], [ -7.046555283999965, 40.967600891000075 ], [ -7.059061342999939, 40.967435581000075 ], [ -7.082312195999975, 40.973233359000062 ], [ -7.094360668999968, 40.973420339000029 ], [ -7.100696, 40.973328499000047 ], [ -7.10259549999995, 40.973053499000059 ], [ -7.101709, 40.971213499000044 ], [ -7.106018640999935, 40.964238078000051 ], [ -7.124230022999939, 40.951148083000078 ], [ -7.131236668999975, 40.942940471000043 ], [ -7.13569549999994, 40.923158499000067 ], [ -7.141247285999953, 40.923473220000062 ], [ -7.158503204999931, 40.931764805000057 ], [ -7.170153383999946, 40.931464456000072 ], [ -7.181708499999957, 40.934548999000071 ], [ -7.184385296999949, 40.936225383000078 ], [ -7.177806511999961, 40.94084433900008 ], [ -7.174947553999971, 40.954129254000065 ], [ -7.169552185999976, 40.96016876300007 ], [ -7.167453499999965, 40.973106499000039 ], [ -7.173548580999977, 40.975665542000058 ], [ -7.182274579999955, 40.984897992000072 ], [ -7.185149327999966, 40.995973247000052 ], [ -7.184272198999963, 41.004454594000038 ], [ -7.180727677999926, 41.008227279000039 ], [ -7.168119499999932, 41.005826499000079 ], [ -7.16776312199994, 41.012023531000068 ], [ -7.177533246999928, 41.029077761000053 ], [ -7.201012499999933, 41.036593499000048 ], [ -7.211052259999974, 41.03714343300004 ], [ -7.22268777599993, 41.034227964000024 ], [ -7.231129499999952, 41.027183499000046 ], [ -7.233968162999929, 41.017485392000026 ], [ -7.246098, 41.006450999000037 ], [ -7.261586564999959, 41.018124239000031 ], [ -7.277049396999928, 41.018632276000062 ], [ -7.295679499999949, 41.015606999000056 ], [ -7.318253219999974, 41.016874374000054 ], [ -7.333514, 41.023471499000038 ], [ -7.340675566999948, 41.01261291600008 ], [ -7.351124299999981, 41.01122785900003 ], [ -7.363984244999926, 41.014099118000047 ], [ -7.37587494099995, 41.013759542000059 ], [ -7.378783749999968, 41.012411838000048 ], [ -7.379444, 41.006742999000039 ], [ -7.375856526999939, 40.999475403000076 ], [ -7.377931556999954, 40.991838298000062 ], [ -7.368461210999953, 40.991102262000027 ], [ -7.354276689999949, 40.982511356000032 ], [ -7.343274, 40.980931499000064 ], [ -7.338363114999936, 40.98027071000007 ], [ -7.331107499999973, 40.976458499000046 ], [ -7.325686003999976, 40.970559188000038 ], [ -7.334185488999935, 40.94499305100004 ], [ -7.332593245999931, 40.938681064000036 ], [ -7.336567676999948, 40.934429876000024 ], [ -7.358357560999934, 40.927345337000077 ], [ -7.37341631399994, 40.91284855400005 ], [ -7.375465, 40.904575499000032 ], [ -7.375779866999949, 40.888917177000053 ], [ -7.38340065899996, 40.880496122000068 ], [ -7.378150113999936, 40.874678092000067 ], [ -7.379605201999937, 40.869996326000035 ], [ -7.389931676999936, 40.878509444000031 ], [ -7.402436454999929, 40.878596579000032 ], [ -7.414088641999967, 40.856284875000028 ], [ -7.422376499999928, 40.847403999000051 ], [ -7.424, 40.845732499000064 ], [ -7.434215, 40.829018499000028 ], [ -7.436745415999951, 40.824079378000079 ], [ -7.448061208999945, 40.815398025000036 ], [ -7.454204, 40.812607999000079 ], [ -7.463666803999956, 40.821468052000057 ], [ -7.465229058999967, 40.827100813000072 ], [ -7.471702499999935, 40.828734499000063 ], [ -7.480505, 40.833849499000053 ], [ -7.483697866999933, 40.840335904000028 ], [ -7.495685340999955, 40.849033124000073 ], [ -7.498248639999929, 40.855290685000057 ], [ -7.510652299999947, 40.859817523000061 ], [ -7.514489, 40.869449999000039 ], [ -7.529934821999973, 40.872921168000062 ], [ -7.558532, 40.873158999000054 ], [ -7.579628, 40.859818499000028 ], [ -7.587995544999956, 40.849183746000051 ], [ -7.591335, 40.829917499000032 ], [ -7.59698149999997, 40.832911999000032 ], [ -7.604222, 40.837592499000039 ], [ -7.607155499999976, 40.841019499000026 ], [ -7.608457, 40.842769999000041 ], [ -7.609434499999963, 40.846384499000067 ], [ -7.612308499999926, 40.852805999000054 ], [ -7.619496, 40.86426349900006 ], [ -7.632215063999979, 40.873991904000036 ], [ -7.644658, 40.869999499000073 ], [ -7.662705843999959, 40.863643257000035 ], [ -7.662534304999951, 40.854240358000027 ], [ -7.678695661999939, 40.858733031000043 ], [ -7.687923499999954, 40.854384499000048 ], [ -7.702891859999966, 40.875520273000063 ], [ -7.716059499999972, 40.886384999000029 ], [ -7.697924805999946, 40.904619387000025 ], [ -7.688913, 40.932372499000053 ], [ -7.68788253699995, 40.93627646300007 ], [ -7.69205321499993, 40.941294326000047 ], [ -7.699111499999958, 40.944135999000025 ], [ -7.708899096999971, 40.941532514000073 ], [ -7.71627177199997, 40.943622377000054 ], [ -7.74361565199996, 40.939151186000061 ], [ -7.752507499999979, 40.94234349900006 ], [ -7.750080499999967, 40.945017499000073 ], [ -7.752092499999947, 40.947838999000055 ], [ -7.756075, 40.95287249900008 ], [ -7.757334499999956, 40.954252999000062 ], [ -7.761990932999936, 40.960717417000069 ], [ -7.754189984999925, 40.966247361000057 ], [ -7.755991778999942, 40.973285949000058 ], [ -7.779772, 40.97749249900005 ], [ -7.792257499999948, 40.981361499000059 ], [ -7.809575797999969, 40.963802778000058 ], [ -7.81867, 40.955449499000053 ], [ -7.833464, 40.965906499000027 ], [ -7.837868, 40.970237999000062 ], [ -7.843018, 40.974886499000036 ], [ -7.845725499999958, 40.978652499000077 ], [ -7.848223, 40.981979999000032 ], [ -7.856358569999941, 40.986521115000073 ], [ -7.864574891999951, 40.987839076000057 ], [ -7.877010499999926, 40.995562499000073 ], [ -7.894360090999953, 40.996281159000034 ], [ -7.901535499999966, 40.99395049900005 ], [ -7.880201830999965, 41.023144198000068 ], [ -7.907252634999963, 41.022134162000043 ], [ -7.915681, 41.019973999000058 ], [ -7.908197, 41.040229499000077 ], [ -7.90359449999994, 41.048009894000074 ], [ -7.883586, 41.065444999000078 ], [ -7.879767, 41.071824999000057 ], [ -7.878533499999946, 41.072892499000034 ], [ -7.878940499999942, 41.077161499000056 ], [ -7.875715499999956, 41.080945499000052 ], [ -7.870531, 41.087968999000054 ], [ -7.868474, 41.093997999000067 ], [ -7.869447, 41.097173499000064 ], [ -7.867023, 41.099625499000069 ], [ -7.863255, 41.100400999000044 ], [ -7.860313499999961, 41.102734499000064 ], [ -7.860192, 41.102832999000043 ], [ -7.85997703299995, 41.104285816000072 ], [ -7.851013646999945, 41.111568669000064 ], [ -7.853009, 41.119748499000025 ], [ -7.859737519999953, 41.125911965000057 ], [ -7.863354163999929, 41.135324224000044 ], [ -7.873618080999961, 41.143907680000041 ], [ -7.874115341999925, 41.148338193000029 ], [ -7.88012649999996, 41.150508499000068 ], [ -7.884704, 41.143552499000066 ], [ -7.887941669999975, 41.134598428000061 ], [ -7.897048264999967, 41.131174234000071 ], [ -7.89978549999995, 41.120497999000065 ], [ -7.907600499999944, 41.119048999000029 ], [ -7.911864, 41.119889499000067 ], [ -7.912595, 41.137563999000065 ], [ -7.901187, 41.147269999000059 ], [ -7.902555571999926, 41.154393283000047 ], [ -7.900114, 41.156004999000061 ], [ -7.890745150999976, 41.162897394000026 ], [ -7.898941, 41.172861499000078 ], [ -7.887970499999938, 41.189086499000041 ], [ -7.890342499999974, 41.202439999000035 ], [ -7.893538959999944, 41.208849907000058 ], [ -7.884421499999974, 41.225893499000051 ], [ -7.875579499999958, 41.242047999000079 ], [ -7.884038527999962, 41.247585007000055 ], [ -7.895730499999956, 41.248927999000045 ], [ -7.894935499999974, 41.249925499000028 ], [ -7.897156055999972, 41.267537652000044 ], [ -7.903878102999954, 41.271557682000036 ], [ -7.915206544999933, 41.273108319000073 ], [ -7.914559183999927, 41.279947072000027 ], [ -7.919423499999937, 41.287178499000049 ], [ -7.920462346999955, 41.290266578000058 ], [ -7.915261868999949, 41.297192399000039 ], [ -7.907641, 41.302666999000053 ], [ -7.898881530999972, 41.307995241000071 ], [ -7.898038, 41.313233999000033 ], [ -7.888499499999966, 41.317626999000026 ], [ -7.870363188999931, 41.325156378000031 ], [ -7.852980196999965, 41.328246669000066 ], [ -7.845555, 41.334522999000058 ], [ -7.839873, 41.339726499000051 ], [ -7.834283, 41.343504499000062 ], [ -7.830938499999945, 41.347185499000034 ], [ -7.825437, 41.355565999000078 ], [ -7.819593451999935, 41.365425997000045 ], [ -7.820888010999965, 41.375654753000049 ], [ -7.821644499999934, 41.378654999000048 ], [ -7.818768499999976, 41.384562999000025 ], [ -7.817091, 41.38744949900007 ], [ -7.816452499999968, 41.388971499000036 ], [ -7.815937, 41.391841499000066 ], [ -7.809575797999969, 41.393148156000052 ], [ -7.805421438999929, 41.393849555000031 ], [ -7.795018028999948, 41.400247824000076 ], [ -7.78868749999998, 41.411410499000056 ], [ -7.775203862999945, 41.410999533000052 ], [ -7.764318985999978, 41.403999726000052 ], [ -7.747693935999962, 41.405804194000041 ], [ -7.739477, 41.413746999000068 ], [ -7.734401, 41.421524999000042 ], [ -7.683975, 41.408096499000067 ], [ -7.679346499999951, 41.40622649900007 ], [ -7.659867, 41.399123499000041 ], [ -7.650940499999933, 41.396093499000074 ], [ -7.639125499999977, 41.404322499000045 ], [ -7.625848902999962, 41.411723072000029 ], [ -7.620626885999968, 41.409294380000063 ], [ -7.619062216999964, 41.401156658000048 ], [ -7.611446368999964, 41.392211842000052 ], [ -7.601381, 41.393519999000034 ], [ -7.595139499999959, 41.398220999000046 ], [ -7.593683499999941, 41.399153999000077 ], [ -7.588776499999938, 41.403605499000037 ], [ -7.568396499999949, 41.427981999000053 ], [ -7.559557815999938, 41.437893390000056 ], [ -7.538897842999972, 41.439759154000058 ], [ -7.530470967999975, 41.443048159000057 ], [ -7.521822499999928, 41.450883999000041 ], [ -7.497015, 41.439646499000048 ], [ -7.496446718999948, 41.446148827000059 ], [ -7.488929234999944, 41.454538383000056 ], [ -7.48346, 41.456628499000033 ], [ -7.483566741999937, 41.459735855000076 ], [ -7.473968421999928, 41.46893975100005 ], [ -7.471845624999958, 41.477921446000039 ], [ -7.481187, 41.499844499000062 ], [ -7.459788752999941, 41.493756141000063 ], [ -7.456494274999955, 41.494745875000035 ], [ -7.454473145999941, 41.499481379000031 ], [ -7.446397142999956, 41.497778134000043 ], [ -7.430161314999964, 41.513095944000042 ], [ -7.420911917999945, 41.526790640000058 ], [ -7.417860499999961, 41.526836499000069 ], [ -7.406941132999975, 41.521497657000054 ], [ -7.401926499999945, 41.51288499900005 ], [ -7.399932994999972, 41.500628205000055 ] ], [ [ -7.425366008999958, 40.88700172700004 ], [ -7.405277206999926, 40.880434860000037 ], [ -7.398350891999939, 40.880612204000045 ], [ -7.387223038999934, 40.886858227000062 ], [ -7.382895625999936, 40.899270848000072 ], [ -7.379721169999925, 40.901704525000071 ], [ -7.381251499999962, 40.907301499000027 ], [ -7.393790499999966, 40.909898999000063 ], [ -7.395258, 40.911554499000033 ], [ -7.398347, 40.914129499000069 ], [ -7.401929499999937, 40.916478999000049 ], [ -7.409520499999928, 40.921820999000033 ], [ -7.417884499999957, 40.921805499000072 ], [ -7.428679607999925, 40.906801296000026 ], [ -7.430244, 40.895333999000059 ], [ -7.425366008999958, 40.88700172700004 ] ] ] } },
{ "type": "Feature", "properties": { "name": "Távora-Varosa", "region_type": "DOC", "color": "#f39c12", "island": false, "source": "gisco_nuts3+gadm_level2" }, "geometry": { "type": "Polygon", "coordinates": [ [ [ -7.4823, 40.8392 ], [ -7.4859, 40.8426 ], [ -7.4927, 40.8479 ], [ -7.4963, 40.8485 ], [ -7.4956, 40.8526 ], [ -7.498, 40.8557 ], [ -7.5108, 40.8594 ], [ -7.5142, 40.8639 ], [ -7.5141, 40.8693 ], [ -7.5293, 40.873 ], [ -7.5584, 40.8732 ], [ -7.5635, 40.8713 ], [ -7.5662, 40.8675 ], [ -7.5768, 40.8628 ], [ -7.5879, 40.8499 ], [ -7.5913, 40.8299 ], [ -7.6042, 40.8376 ], [ -7.6084, 40.8428 ], [ -7.6119, 40.8521 ], [ -7.6192, 40.864 ], [ -7.6328, 40.8748 ], [ -7.6446, 40.87 ], [ -7.6481, 40.8724 ], [ -7.6606, 40.8735 ], [ -7.6493, 40.88 ], [ -7.6478, 40.8855 ], [ -7.6496, 40.8884 ], [ -7.6456, 40.8928 ], [ -7.6343, 40.8971 ], [ -7.6281, 40.9044 ], [ -7.6245, 40.906 ], [ -7.6215, 40.9112 ], [ -7.6135, 40.9127 ], [ -7.5939, 40.9207 ], [ -7.5643, 40.9233 ], [ -7.552, 40.9296 ], [ -7.5478, 40.9372 ], [ -7.5529, 40.9408 ], [ -7.558, 40.9503 ], [ -7.5539, 40.9584 ], [ -7.5482, 40.9622 ], [ -7.5386, 40.9617 ], [ -7.5379, 40.9755 ], [ -7.5337, 40.9901 ], [ -7.5345, 40.9961 ], [ -7.5372, 40.9983 ], [ -7.5347, 40.9985 ], [ -7.5351, 41.0018 ], [ -7.532, 41.0036 ], [ -7.530838091769846, 41.006011507647486 ], [ -7.5319, 41.0061 ], [ -7.5365, 41.0074 ], [ -7.5527, 41.0221 ], [ -7.5558, 41.02 ], [ -7.5659, 41.0292 ], [ -7.5717, 41.0369 ], [ -7.5843, 41.0411 ], [ -7.5948, 41.0423 ], [ -7.5976, 41.0439 ], [ -7.5961, 41.0473 ], [ -7.5994, 41.0502 ], [ -7.6098, 41.0517 ], [ -7.6151, 41.0567 ], [ -7.621027698574339, 41.059071079429735 ], [ -7.6209, 41.0577 ], [ -7.6253, 41.0535 ], [ -7.6252, 41.05 ], [ -7.6293, 41.0484 ], [ -7.63, 41.0446 ], [ -7.6336, 41.042 ], [ -7.6318, 41.0349 ], [ -7.6324, 41.0307 ], [ -7.6379, 41.0265 ], [ -7.6372, 41.0221 ], [ -7.6342, 41.019 ], [ -7.6536, 41.0217 ], [ -7.6598, 41.0319 ], [ -7.6603, 41.0291 ], [ -7.6654, 41.0163 ], [ -7.6736, 41.0053 ], [ -7.6864, 41.0126 ], [ -7.6862, 41.0153 ], [ -7.6921, 41.0161 ], [ -7.6922, 41.0196 ], [ -7.694, 41.0217 ], [ -7.7022, 41.0242 ], [ -7.7039, 41.0263 ], [ -7.7186, 41.0267 ], [ -7.7256, 41.0252 ], [ -7.7275, 41.0158 ], [ -7.7265, 41.0049 ], [ -7.724, 41.0023 ], [ -7.7249, 40.9945 ], [ -7.7285, 40.9859 ], [ -7.728, 40.9613 ], [ -7.7428, 40.9593 ], [ -7.7573, 40.9543 ], [ -7.7629, 40.9612 ], [ -7.7536, 40.9658 ], [ -7.7549, 40.9725 ], [ -7.7582, 40.9748 ], [ -7.7674, 40.9742 ], [ -7.7925, 40.9813 ], [ -7.7927, 40.9786 ], [ -7.7953, 40.9757 ], [ -7.8018, 40.9732 ], [ -7.8045, 40.9682 ], [ -7.807, 40.9678 ], [ -7.8069, 40.9653 ], [ -7.8183, 40.9553 ], [ -7.8311, 40.9636 ], [ -7.843, 40.9749 ], [ -7.8482, 40.982 ], [ -7.8506, 40.9885 ], [ -7.8481, 40.9815 ], [ -7.8499, 40.9828 ], [ -7.8545, 40.9867 ], [ -7.8608, 40.988 ], [ -7.8641, 40.9871 ], [ -7.8705, 40.9933 ], [ -7.8765, 40.9959 ], [ -7.8773, 40.9947 ], [ -7.8832, 40.9952 ], [ -7.8854, 40.9976 ], [ -7.8898, 40.9959 ], [ -7.8955, 40.9967 ], [ -7.8968, 40.9953 ], [ -7.8979, 40.9964 ], [ -7.9027, 40.994 ], [ -7.8974, 41.0023 ], [ -7.8911, 41.0053 ], [ -7.8916, 41.0078 ], [ -7.8868, 41.0121 ], [ -7.8873, 41.0151 ], [ -7.8815, 41.0214 ], [ -7.8766, 41.0233 ], [ -7.8766, 41.0262 ], [ -7.8797, 41.0263 ], [ -7.879, 41.0245 ], [ -7.882, 41.0244 ], [ -7.8871, 41.021 ], [ -7.8929, 41.0224 ], [ -7.9062, 41.0207 ], [ -7.9068, 41.0233 ], [ -7.9111, 41.0201 ], [ -7.9156, 41.02 ], [ -7.9105, 41.0294 ], [ -7.9113, 41.0336 ], [ -7.9065, 41.0444 ], [ -7.8935, 41.057 ], [ -7.8901, 41.0573 ], [ -7.8836, 41.0654 ], [ -7.8785, 41.0729 ], [ -7.8789, 41.0772 ], [ -7.8705, 41.088 ], [ -7.8685, 41.094 ], [ -7.8694, 41.0972 ], [ -7.867, 41.0996 ], [ -7.863, 41.1006 ], [ -7.8602, 41.1028 ], [ -7.8598, 41.1054 ], [ -7.8507, 41.1112 ], [ -7.8506, 41.1143 ], [ -7.8536, 41.1207 ], [ -7.861, 41.1267 ], [ -7.8589, 41.1303 ], [ -7.8608, 41.1305 ], [ -7.8628, 41.1352 ], [ -7.8748, 41.1445 ], [ -7.8733, 41.1489 ], [ -7.8809, 41.1507 ], [ -7.8795, 41.1531 ], [ -7.8747, 41.1568 ], [ -7.8603, 41.1584 ], [ -7.8516, 41.1556 ], [ -7.842, 41.155 ], [ -7.8264, 41.1512 ], [ -7.8202, 41.1473 ], [ -7.8138, 41.1457 ], [ -7.8088, 41.1492 ], [ -7.8052, 41.1586 ], [ -7.7975, 41.1618 ], [ -7.7873, 41.159 ], [ -7.7831, 41.1548 ], [ -7.7767, 41.1521 ], [ -7.7635, 41.1524 ], [ -7.7423, 41.1464 ], [ -7.73, 41.1448 ], [ -7.7163, 41.1449 ], [ -7.6974, 41.1416 ], [ -7.6914, 41.1444 ], [ -7.6853, 41.1519 ], [ -7.6652, 41.1626 ], [ -7.6578, 41.1629 ], [ -7.6403, 41.1588 ], [ -7.6139, 41.1608 ], [ -7.5901, 41.1563 ], [ -7.5752, 41.1603 ], [ -7.5709, 41.1654 ], [ -7.5557, 41.1738 ], [ -7.5479, 41.1884 ], [ -7.5431, 41.1883 ], [ -7.5286, 41.1808 ], [ -7.5235, 41.1797 ], [ -7.519, 41.1828 ], [ -7.5131, 41.1927 ], [ -7.5042, 41.199 ], [ -7.4977, 41.2 ], [ -7.4804, 41.1983 ], [ -7.4691, 41.1995 ], [ -7.4642, 41.2018 ], [ -7.4562, 41.2125 ], [ -7.446, 41.2147 ], [ -7.3911, 41.1958 ], [ -7.3886, 41.1929 ], [ -7.3861, 41.1836 ], [ -7.3825, 41.178 ], [ -7.3746, 41.1725 ], [ -7.3726, 41.1686 ], [ -7.3746, 41.1585 ], [ -7.3621, 41.1573 ], [ -7.3572, 41.1478 ], [ -7.3391, 41.1437 ], [ -7.327, 41.1467 ], [ -7.3211, 41.1434 ], [ -7.3094, 41.1469 ], [ -7.3072, 41.1456 ], [ -7.3064, 41.1412 ], [ -7.3046, 41.1395 ], [ -7.308, 41.1371 ], [ -7.3182, 41.121 ], [ -7.3229, 41.1191 ], [ -7.3241, 41.117 ], [ -7.326, 41.1064 ], [ -7.3282, 41.1044 ], [ -7.328, 41.093 ], [ -7.3317, 41.0868 ], [ -7.3299, 41.0784 ], [ -7.3326, 41.0746 ], [ -7.3361, 41.0736 ], [ -7.3399, 41.0644 ], [ -7.3405, 41.0584 ], [ -7.342913010685104, 41.057067441860461 ], [ -7.3457, 41.0464 ], [ -7.3402, 41.0443 ], [ -7.3439, 41.0409 ], [ -7.3443, 41.0378 ], [ -7.3383, 41.0341 ], [ -7.3404, 41.0311 ], [ -7.3375, 41.029 ], [ -7.3417, 41.0279 ], [ -7.3401, 41.0278 ], [ -7.3399, 41.0262 ], [ -7.3372, 41.0272 ], [ -7.3332, 41.0242 ], [ -7.3374, 41.0144 ], [ -7.348, 41.0111 ], [ -7.3558, 41.0114 ], [ -7.3628, 41.0142 ], [ -7.379, 41.0134 ], [ -7.38, 41.0058 ], [ -7.3754, 40.9995 ], [ -7.3788, 40.9912 ], [ -7.3708, 40.9919 ], [ -7.3646, 40.9898 ], [ -7.3627, 40.9864 ], [ -7.3554, 40.9827 ], [ -7.338, 40.9804 ], [ -7.3253, 40.972 ], [ -7.331, 40.9585 ], [ -7.331, 40.9539 ], [ -7.3348, 40.9434 ], [ -7.3312, 40.9404 ], [ -7.3362, 40.9341 ], [ -7.3423, 40.9334 ], [ -7.3589, 40.9276 ], [ -7.3742, 40.9125 ], [ -7.375576184690158, 40.904636087484811 ], [ -7.3755, 40.9046 ], [ -7.3746, 40.9025 ], [ -7.3761, 40.8976 ], [ -7.3742, 40.8943 ], [ -7.3763, 40.887 ], [ -7.3843, 40.8807 ], [ -7.3774, 40.8746 ], [ -7.38, 40.8687 ], [ -7.3811, 40.8682 ], [ -7.3816, 40.8711 ], [ -7.3893, 40.8788 ], [ -7.4032, 40.8785 ], [ -7.4078, 40.8706 ], [ -7.4067, 40.8688 ], [ -7.4139, 40.8564 ], [ -7.4259, 40.842 ], [ -7.429, 40.8416 ], [ -7.4282, 40.8356 ], [ -7.4335, 40.8301 ], [ -7.436, 40.8243 ], [ -7.4422, 40.8206 ], [ -7.4456, 40.8161 ], [ -7.4542, 40.8126 ], [ -7.4572, 40.8182 ], [ -7.4644, 40.8215 ], [ -7.4645, 40.8273 ], [ -7.4733, 40.8294 ], [ -7.4828, 40.8352 ], [ -7.4823, 40.8392 ] ], [ [ -7.5131, 41.022 ], [ -7.513071100917427, 41.022031651376146 ], [ -7.51312390829694, 41.021995742358079 ], [ -7.5131, 41.022 ] ], [ [ -7.498, 41.0065 ], [ -7.4757, 41.0023 ], [ -7.498032416690535, 41.006549088131386 ], [ -7.498, 41.0065 ] ], [ [ -7.446529577464787, 41.051076056338033 ], [ -7.4488, 41.048 ], [ -7.4508, 41.0404 ], [ -7.446529577464787, 41.051076056338033 ] ], [ [ -7.4368, 41.0608 ], [ -7.4426, 41.0564 ], [ -7.4446273015873, 41.053653333333337 ], [ -7.4368, 41.0608 ] ], [ [ -7.4405, 40.9454 ], [ -7.443256521739131, 40.950913043478259 ], [ -7.4434, 40.9506 ], [ -7.4405, 40.9454 ] ], [ [ -7.4297, 40.9047 ], [ -7.4303, 40.8944 ], [ -7.4263, 40.8872 ], [ -7.4048, 40.88 ], [ -7.3985, 40.8803 ], [ -7.3881, 40.8851 ], [ -7.3818, 40.897 ], [ -7.384, 40.8994 ], [ -7.3788, 40.9012 ], [ -7.3812, 40.9073 ], [ -7.3816, 40.9075 ], [ -7.3934, 40.9097 ], [ -7.3963, 40.9124 ], [ -7.4095, 40.9218 ], [ -7.41717155963303, 40.9218 ], [ -7.4243, 40.9144 ], [ -7.4297, 40.9047 ] ], [ [ -7.8003, 41.034 ], [ -7.800153333333333, 41.034019234972675 ], [ -7.8062, 41.0362 ], [ -7.8003, 41.034 ] ], [ [ -7.7715, 41.036 ], [ -7.766789227166293, 41.038966042154556 ], [ -7.774830898627704, 41.035241478530324 ], [ -7.7715, 41.036 ] ], [ [ -7.7661, 41.0394 ], [ -7.7675, 41.0417 ], [ -7.766514908256881, 41.039138761467889 ], [ -7.7661, 41.0394 ] ], [ [ -7.7591, 41.0459 ], [ -7.759042291838419, 41.045996867271228 ], [ -7.7617, 41.0458 ], [ -7.7591, 41.0459 ] ], [ [ -7.763242342342344, 41.051771471471476 ], [ -7.7627, 41.0511 ], [ -7.762098689002183, 41.051053022578294 ], [ -7.763242342342344, 41.051771471471476 ] ], [ [ -7.768328258118936, 41.054966469843947 ], [ -7.7684, 41.0547 ], [ -7.767510975609751, 41.054453048780481 ], [ -7.768328258118936, 41.054966469843947 ] ], [ [ -7.7667, 41.0614 ], [ -7.7688, 41.0579 ], [ -7.767974314214464, 41.057449625935163 ], [ -7.7667, 41.0614 ] ], [ [ -7.7495, 41.0723 ], [ -7.7553, 41.0739 ], [ -7.749627220630369, 41.072208118433622 ], [ -7.7495, 41.0723 ] ], [ [ -7.7554, 41.0805 ], [ -7.722049625139585, 41.080300893284416 ], [ -7.7223, 41.0804 ], [ -7.756266403162051, 41.080599802371538 ], [ -7.755391570881226, 41.079943678160923 ], [ -7.7554, 41.0805 ] ], [ [ -7.7136, 41.0747 ], [ -7.7175, 41.0785 ], [ -7.721690819081894, 41.080158865886581 ], [ -7.7136, 41.0747 ] ], [ [ -7.6998, 41.0628 ], [ -7.698859344552702, 41.062878387953944 ], [ -7.7047, 41.0714 ], [ -7.6998, 41.0628 ] ], [ [ -7.7035, 41.0587 ], [ -7.6986, 41.0625 ], [ -7.698772699696663, 41.062751971688577 ], [ -7.7035, 41.0587 ] ], [ [ -7.6923, 41.0424 ], [ -7.692160182370825, 41.042515501519752 ], [ -7.6951, 41.0428 ], [ -7.6923, 41.0424 ] ], [ [ -7.688248344370861, 41.045747019867548 ], [ -7.6889, 41.0462 ], [ -7.691597709923655, 41.042980152671767 ], [ -7.688248344370861, 41.045747019867548 ] ], [ [ -7.678, 41.0384 ], [ -7.6751, 41.0382 ], [ -7.680519185774449, 41.040425737014509 ], [ -7.678, 41.0384 ] ], [ [ -7.672888135593221, 41.028971186440678 ], [ -7.6725, 41.0313 ], [ -7.6751, 41.0382 ], [ -7.672888135593221, 41.028971186440678 ] ], [ [ -7.6722, 41.0261 ], [ -7.67205908529048, 41.026134610630407 ], [ -7.672246251993621, 41.026292982456141 ], [ -7.6722, 41.0261 ] ], [ [ -7.756302777777779, 41.080627083333333 ], [ -7.756471428571429, 41.082271428571431 ], [ -7.7572, 41.0813 ], [ -7.756302777777779, 41.080627083333333 ] ], [ [ -7.6277, 41.101 ], [ -7.62690823723229, 41.098800658978583 ], [ -7.6271, 41.1058 ], [ -7.6277, 41.101 ] ], [ [ -7.6361, 41.1336 ], [ -7.635778929765886, 41.13359464882943 ], [ -7.636042857142857, 41.134914285714288 ], [ -7.6361, 41.1336 ] ], [ [ -7.636, 41.1359 ], [ -7.63600532731377, 41.135777471783292 ], [ -7.6264, 41.1396 ], [ -7.636, 41.1359 ] ], [ [ -7.5481, 41.1718 ], [ -7.5512, 41.1723 ], [ -7.548103044496487, 41.171719320843096 ], [ -7.5481, 41.1718 ] ], [ [ -7.548298368298369, 41.16654324009324 ], [ -7.548135802469136, 41.170851234567905 ], [ -7.5488, 41.1667 ], [ -7.548298368298369, 41.16654324009324 ] ], [ [ -7.513709497206705, 41.087733519553069 ], [ -7.5062, 41.0886 ], [ -7.5136, 41.0885 ], [ -7.513709497206705, 41.087733519553069 ] ], [ [ -7.5106, 41.0835 ], [ -7.513757142857143, 41.0874 ], [ -7.5139, 41.0864 ], [ -7.5106, 41.0835 ] ], [ [ -7.5035, 41.0407 ], [ -7.503517046238785, 41.04080489993099 ], [ -7.513, 41.0331 ], [ -7.5035, 41.0407 ] ], [ [ -7.5107, 41.0316 ], [ -7.507644067796609, 41.031939548022592 ], [ -7.513, 41.0331 ], [ -7.5107, 41.0316 ] ], [ [ -7.5089, 41.0266 ], [ -7.507, 41.0318 ], [ -7.507179634641408, 41.031838920838972 ], [ -7.510796616102683, 41.024522753792297 ], [ -7.5089, 41.0266 ] ] ] } },
{ "type": "Feature", "properties": { "name": "Lafões", "region_type": "DOC", "color": "#1abc9c", "island": false, "source": "gisco_nuts3+gadm_level2" }, "geometry": { "type": "Polygon", "coordinates": [ [ [ -8.1606, 40.5989 ], [ -8.1632, 40.5955 ], [ -8.1633, 40.5923 ], [ -8.1693, 40.588 ], [ -8.1706, 40.5851 ], [ -8.1825, 40.5769 ], [ -8.1873, 40.5713 ], [ -8.1892, 40.5661 ], [ -8.1969, 40.5639 ], [ -8.2046, 40.564 ], [ -8.2087, 40.566 ], [ -8.2106, 40.5793 ], [ -8.2105, 40.5838 ], [ -8.2038, 40.5887 ], [ -8.2038, 40.5928 ], [ -8.2111, 40.5959 ], [ -8.2132, 40.5949 ], [ -8.2224, 40.5994 ], [ -8.2253, 40.5985 ], [ -8.232, 40.6104 ], [ -8.2434, 40.6111 ], [ -8.2473, 40.6139 ], [ -8.2454, 40.6164 ], [ -8.2492, 40.6185 ], [ -8.26, 40.6252 ], [ -8.2743, 40.6307 ], [ -8.2799, 40.6331 ], [ -8.2851, 40.6305 ], [ -8.2932, 40.6337 ], [ -8.2954, 40.6374 ], [ -8.2948, 40.6455 ], [ -8.2966, 40.6514 ], [ -8.2929, 40.6528 ], [ -8.2888, 40.669 ], [ -8.2917, 40.6689 ], [ -8.2981, 40.6758 ], [ -8.2989, 40.6817 ], [ -8.2966, 40.6902 ], [ -8.2975, 40.6941 ], [ -8.3071, 40.6926 ], [ -8.3101, 40.6954 ], [ -8.3138, 40.7038 ], [ -8.3212, 40.7056 ], [ -8.3258, 40.7106 ], [ -8.3235, 40.7195 ], [ -8.3273, 40.7268 ], [ -8.3316, 40.7298 ], [ -8.3336, 40.737 ], [ -8.332, 40.7401 ], [ -8.3254, 40.7394 ], [ -8.3212, 40.7427 ], [ -8.3155, 40.7415 ], [ -8.3088, 40.7426 ], [ -8.3046, 40.7456 ], [ -8.2958, 40.7478 ], [ -8.2938, 40.7508 ], [ -8.2874, 40.7519 ], [ -8.2791, 40.7582 ], [ -8.2729, 40.7567 ], [ -8.2721, 40.7603 ], [ -8.2766, 40.7621 ], [ -8.2767, 40.7642 ], [ -8.2749, 40.7652 ], [ -8.2736, 40.7631 ], [ -8.2691, 40.7673 ], [ -8.2674, 40.7702 ], [ -8.2686, 40.772 ], [ -8.265, 40.7776 ], [ -8.2681, 40.7805 ], [ -8.2613, 40.7856 ], [ -8.2584, 40.7856 ], [ -8.2595, 40.7871 ], [ -8.2566, 40.7884 ], [ -8.2549, 40.7917 ], [ -8.2571, 40.7984 ], [ -8.2518, 40.8039 ], [ -8.2438, 40.8011 ], [ -8.2486, 40.8037 ], [ -8.2434, 40.8073 ], [ -8.2443, 40.8115 ], [ -8.2395, 40.8182 ], [ -8.2368, 40.8275 ], [ -8.2473, 40.8432 ], [ -8.2495, 40.8495 ], [ -8.2551, 40.8559 ], [ -8.231, 40.8647 ], [ -8.2063, 40.8485 ], [ -8.1905, 40.8461 ], [ -8.1674, 40.8662 ], [ -8.1492, 40.8552 ], [ -8.1427, 40.8543 ], [ -8.1337, 40.8492 ], [ -8.1249, 40.8494 ], [ -8.1133, 40.8527 ], [ -8.1064, 40.8552 ], [ -8.103, 40.8669 ], [ -8.1101, 40.8736 ], [ -8.112, 40.8784 ], [ -8.1111, 40.882 ], [ -8.1157, 40.8863 ], [ -8.1156, 40.8903 ], [ -8.1246, 40.8944 ], [ -8.1281, 40.8988 ], [ -8.1269, 40.9023 ], [ -8.1248, 40.9036 ], [ -8.1227, 40.9164 ], [ -8.1204, 40.9179 ], [ -8.1215, 40.9209 ], [ -8.1198, 40.9244 ], [ -8.1213, 40.9275 ], [ -8.1185, 40.9312 ], [ -8.1186, 40.9339 ], [ -8.1139, 40.9324 ], [ -8.1132, 40.9362 ], [ -8.1044, 40.9364 ], [ -8.1067, 40.9314 ], [ -8.1022, 40.9287 ], [ -8.0983, 40.9342 ], [ -8.0891, 40.9307 ], [ -8.0852, 40.9322 ], [ -8.0845, 40.9351 ], [ -8.0828, 40.9356 ], [ -8.08, 40.9334 ], [ -8.0747, 40.9334 ], [ -8.0741, 40.9305 ], [ -8.0668, 40.9318 ], [ -8.064, 40.9296 ], [ -8.065, 40.9275 ], [ -8.0606, 40.927 ], [ -8.061, 40.9217 ], [ -8.0644, 40.9181 ], [ -8.0639, 40.9164 ], [ -8.0601, 40.9194 ], [ -8.0535, 40.9163 ], [ -8.0476, 40.9181 ], [ -8.0436, 40.9149 ], [ -8.0405, 40.9191 ], [ -8.0362, 40.9182 ], [ -8.0368, 40.9155 ], [ -8.0413, 40.9129 ], [ -8.0392, 40.9094 ], [ -8.049, 40.8994 ], [ -8.0501, 40.8925 ], [ -8.0481, 40.8877 ], [ -8.0364, 40.8856 ], [ -8.0267, 40.8896 ], [ -8.0215, 40.888 ], [ -8.0191, 40.8907 ], [ -8.0196, 40.8942 ], [ -8.0177, 40.8988 ], [ -8.0139, 40.8974 ], [ -8.0099, 40.8919 ], [ -8.0159, 40.8879 ], [ -8.0143, 40.8862 ], [ -8.0164, 40.8817 ], [ -8.0067, 40.8684 ], [ -8.0011, 40.8751 ], [ -7.9919, 40.8758 ], [ -7.9918, 40.8611 ], [ -7.9988, 40.8543 ], [ -7.9994, 40.8504 ], [ -7.9944, 40.8471 ], [ -7.9785, 40.8416 ], [ -7.9691, 40.8392 ], [ -7.9624, 40.8411 ], [ -7.9628, 40.8365 ], [ -7.9614, 40.8352 ], [ -7.9645, 40.8329 ], [ -7.9646, 40.8273 ], [ -7.9704, 40.8214 ], [ -7.962, 40.8186 ], [ -7.945, 40.8188 ], [ -7.943, 40.8149 ], [ -7.9402, 40.8137 ], [ -7.9381, 40.8043 ], [ -7.9355, 40.8035 ], [ -7.9352, 40.8012 ], [ -7.9335, 40.8005 ], [ -7.9362, 40.7963 ], [ -7.9333, 40.7954 ], [ -7.9279, 40.7995 ], [ -7.9281, 40.7924 ], [ -7.9378, 40.7859 ], [ -7.936, 40.7845 ], [ -7.9372, 40.783 ], [ -7.9474, 40.7792 ], [ -7.9524, 40.7712 ], [ -7.9549, 40.7712 ], [ -7.9661, 40.7631 ], [ -7.9684, 40.7637 ], [ -7.9754, 40.7605 ], [ -7.9791, 40.7633 ], [ -7.9838, 40.7612 ], [ -7.9925, 40.7655 ], [ -7.9929, 40.7611 ], [ -7.9994, 40.7594 ], [ -8.003, 40.7611 ], [ -8.0017, 40.7649 ], [ -8.0059, 40.7668 ], [ -8.0191, 40.7645 ], [ -8.0224, 40.7623 ], [ -8.0225, 40.7596 ], [ -8.0272, 40.7576 ], [ -8.0309, 40.7444 ], [ -8.032030134086096, 40.743469301340859 ], [ -8.0231, 40.7468 ], [ -8.0161, 40.7466 ], [ -8.0127, 40.7438 ], [ -8.0112, 40.7328 ], [ -8.0072, 40.7293 ], [ -8.0084, 40.7255 ], [ -8.0143, 40.7186 ], [ -8.018, 40.7049 ], [ -8.0216, 40.7007 ], [ -8.0219, 40.6982 ], [ -8.0187, 40.6933 ], [ -8.0324, 40.6857 ], [ -8.0393, 40.6694 ], [ -8.0477, 40.6656 ], [ -8.0591, 40.6578 ], [ -8.072, 40.6528 ], [ -8.0916, 40.6349 ], [ -8.1048, 40.6394 ], [ -8.1197, 40.6387 ], [ -8.1321, 40.6407 ], [ -8.1375, 40.6389 ], [ -8.1396, 40.6377 ], [ -8.144, 40.627 ], [ -8.1473, 40.6233 ], [ -8.1452, 40.6159 ], [ -8.1573, 40.6071 ], [ -8.161, 40.6013 ], [ -8.161213333333354, 40.601315238095239 ], [ -8.1607, 40.6012 ], [ -8.1606, 40.5989 ] ], [ [ -8.261501466096519, 40.674624068417842 ], [ -8.2619, 40.6734 ], [ -8.2616, 40.6628 ], [ -8.261501466096519, 40.674624068417842 ] ], [ [ -8.21, 40.694 ], [ -8.1929, 40.698 ], [ -8.210301075268818, 40.694089646007008 ], [ -8.21, 40.694 ] ], [ [ -8.124, 40.7336 ], [ -8.1311, 40.736 ], [ -8.131380701754386, 40.735952280701753 ], [ -8.1295, 40.7352 ], [ -8.124, 40.7336 ] ], [ [ -8.116769281045752, 40.735261111111114 ], [ -8.1175, 40.7355 ], [ -8.124, 40.7336 ], [ -8.116769281045752, 40.735261111111114 ] ], [ [ -8.1098, 40.7293 ], [ -8.1096881305638, 40.729350148367956 ], [ -8.1123, 40.7338 ], [ -8.1098, 40.7293 ] ], [ [ -8.1028, 40.7293 ], [ -8.102606751875522, 40.729386690747432 ], [ -8.1069, 40.7306 ], [ -8.1028, 40.7293 ] ], [ [ -8.0674, 40.7375 ], [ -8.0694, 40.7409 ], [ -8.069597084745762, 40.740747864406785 ], [ -8.0674, 40.7375 ] ], [ [ -8.048047368421043, 40.7499 ], [ -8.0483, 40.7501 ], [ -8.0515, 40.7499 ], [ -8.048047368421043, 40.7499 ] ], [ [ -8.0416, 40.7399 ], [ -8.040491415214607, 40.740313472163201 ], [ -8.041701709858405, 40.740061982367088 ], [ -8.0416, 40.7399 ] ], [ [ -8.194023304047265, 40.604607359930874 ], [ -8.1918, 40.6035 ], [ -8.1766, 40.6006 ], [ -8.194023304047265, 40.604607359930874 ] ], [ [ -8.168571264367811, 40.6018408045977 ], [ -8.1722, 40.6021 ], [ -8.1766, 40.6006 ], [ -8.168571264367811, 40.6018408045977 ] ], [ [ -8.225, 40.7993 ], [ -8.225208638272358, 40.799319976004803 ], [ -8.2199, 40.7971 ], [ -8.225, 40.7993 ] ], [ [ -8.219229012185638, 40.794483147523984 ], [ -8.219, 40.7948 ], [ -8.2199, 40.7971 ], [ -8.219229012185638, 40.794483147523984 ] ], [ [ -8.2263, 40.7847 ], [ -8.223537273593903, 40.788522402287889 ], [ -8.228426785714285, 40.783590372670808 ], [ -8.2263, 40.7847 ] ], [ [ -8.2325, 40.7784 ], [ -8.231742906047925, 40.78024541650818 ], [ -8.2419, 40.77 ], [ -8.2325, 40.7784 ] ] ] } },
{ "type": "Feature", "properties": { "name": "Dão", "region_type": "DOC", "color": "#27ae60", "island": false, "source": "gisco_nuts3+gadm_level2" }, "geometry": { "type": "Polygon", "coordinates": [ [ [ -7.880201830999965, 41.023144198000068 ], [ -7.901535499999966, 40.99395049900005 ], [ -7.894360090999953, 40.996281159000034 ], [ -7.877010499999926, 40.995562499000073 ], [ -7.864574891999951, 40.987839076000057 ], [ -7.856358569999941, 40.986521115000073 ], [ -7.848223, 40.981979999000032 ], [ -7.845725499999958, 40.978652499000077 ], [ -7.843018, 40.974886499000036 ], [ -7.837868, 40.970237999000062 ], [ -7.833464, 40.965906499000027 ], [ -7.81867, 40.955449499000053 ], [ -7.809575797999969, 40.963802778000058 ], [ -7.792257499999948, 40.981361499000059 ], [ -7.779772, 40.97749249900005 ], [ -7.755991778999942, 40.973285949000058 ], [ -7.754189984999925, 40.966247361000057 ], [ -7.761990932999936, 40.960717417000069 ], [ -7.757334499999956, 40.954252999000062 ], [ -7.756075, 40.95287249900008 ], [ -7.752092499999947, 40.947838999000055 ], [ -7.750080499999967, 40.945017499000073 ], [ -7.752507499999979, 40.94234349900006 ], [ -7.74361565199996, 40.939151186000061 ], [ -7.71627177199997, 40.943622377000054 ], [ -7.708899096999971, 40.941532514000073 ], [ -7.699111499999958, 40.944135999000025 ], [ -7.69205321499993, 40.941294326000047 ], [ -7.68788253699995, 40.93627646300007 ], [ -7.688913, 40.932372499000053 ], [ -7.697924805999946, 40.904619387000025 ], [ -7.716059499999972, 40.886384999000029 ], [ -7.702891859999966, 40.875520273000063 ], [ -7.687923499999954, 40.854384499000048 ], [ -7.678695661999939, 40.858733031000043 ], [ -7.662534304999951, 40.854240358000027 ], [ -7.662705843999959, 40.863643257000035 ], [ -7.644658, 40.869999499000073 ], [ -7.632215063999979, 40.873991904000036 ], [ -7.619496, 40.86426349900006 ], [ -7.612308499999926, 40.852805999000054 ], [ -7.609434499999963, 40.846384499000067 ], [ -7.608457, 40.842769999000041 ], [ -7.607155499999976, 40.841019499000026 ], [ -7.604222, 40.837592499000039 ], [ -7.59698149999997, 40.832911999000032 ], [ -7.591335, 40.829917499000032 ], [ -7.587995544999956, 40.849183746000051 ], [ -7.579628, 40.859818499000028 ], [ -7.558532, 40.873158999000054 ], [ -7.529934821999973, 40.872921168000062 ], [ -7.514489, 40.869449999000039 ], [ -7.510652299999947, 40.859817523000061 ], [ -7.498248639999929, 40.855290685000057 ], [ -7.495685340999955, 40.849033124000073 ], [ -7.483697866999933, 40.840335904000028 ], [ -7.480505, 40.833849499000053 ], [ -7.471702499999935, 40.828734499000063 ], [ -7.465229058999967, 40.827100813000072 ], [ -7.463666803999956, 40.821468052000057 ], [ -7.454204, 40.812607999000079 ], [ -7.454102, 40.807903499000076 ], [ -7.466594698999927, 40.802913179000029 ], [ -7.462172, 40.792719499000043 ], [ -7.461344499999939, 40.79150899900003 ], [ -7.454235942999958, 40.786074099000075 ], [ -7.44724, 40.784317999000052 ], [ -7.42426250799997, 40.771115808000047 ], [ -7.42215015499994, 40.765642058000026 ], [ -7.424471499999981, 40.758091499000045 ], [ -7.434878125999944, 40.750508870000033 ], [ -7.448061208999945, 40.74517591700004 ], [ -7.464706, 40.744556999000054 ], [ -7.470583231999967, 40.735146310000061 ], [ -7.477942222999957, 40.72919801200004 ], [ -7.472616, 40.713834999000028 ], [ -7.472397964999971, 40.710533632000079 ], [ -7.48012770899993, 40.703747975000056 ], [ -7.494022499999971, 40.698143499000025 ], [ -7.505426328999931, 40.700644237000063 ], [ -7.521767, 40.699089499000024 ], [ -7.529615, 40.694480499000065 ], [ -7.535142, 40.690301999000042 ], [ -7.539069201999951, 40.685002868000026 ], [ -7.544325693999951, 40.684709154000075 ], [ -7.550898356999937, 40.676808451000056 ], [ -7.552062933999935, 40.667819862000044 ], [ -7.545995, 40.662467499000059 ], [ -7.542102499999942, 40.659388499000045 ], [ -7.565821, 40.645329999000069 ], [ -7.562272967999945, 40.635432903000037 ], [ -7.569339, 40.623010499000031 ], [ -7.573845499999948, 40.616576499000075 ], [ -7.586006, 40.593051999000068 ], [ -7.588564187999964, 40.579922850000059 ], [ -7.586266949999981, 40.57646687700003 ], [ -7.580309, 40.574958499000047 ], [ -7.606599, 40.56503249900004 ], [ -7.61312533499995, 40.567186118000052 ], [ -7.61909719199997, 40.564931841000032 ], [ -7.634080508999944, 40.567741382000065 ], [ -7.654623234999974, 40.559667801000046 ], [ -7.662822, 40.559581999000045 ], [ -7.665016, 40.559710499000062 ], [ -7.669809137999948, 40.552367293000032 ], [ -7.682155473999956, 40.551544306000039 ], [ -7.689723581999942, 40.546615072000066 ], [ -7.697892232999948, 40.54785998400007 ], [ -7.705841996999936, 40.546107797000047 ], [ -7.713501503999964, 40.542746430000079 ], [ -7.721113499999944, 40.535516999000038 ], [ -7.721347, 40.535290499000041 ], [ -7.745631852999963, 40.526367647000029 ], [ -7.753447499999936, 40.52698299900004 ], [ -7.758776782999973, 40.525595496000051 ], [ -7.763429312999961, 40.519811552000078 ], [ -7.771738840999944, 40.517576778000034 ], [ -7.785640499999943, 40.507037499000035 ], [ -7.809575797999969, 40.508158019000064 ], [ -7.821230176999961, 40.508234316000028 ], [ -7.823152, 40.502344999000059 ], [ -7.823805991999961, 40.49975968900003 ], [ -7.828315, 40.498545499000045 ], [ -7.840042533999963, 40.493752917000052 ], [ -7.847177000999977, 40.49467792300004 ], [ -7.86294, 40.486410999000043 ], [ -7.866786224999942, 40.480429579000031 ], [ -7.878178331999948, 40.476254477000055 ], [ -7.888167, 40.46916199900005 ], [ -7.895741499999929, 40.461794499000064 ], [ -7.90054280499993, 40.460607756000059 ], [ -7.903596499999935, 40.456445999000039 ], [ -7.905045609999945, 40.453296785000077 ], [ -7.916924727999969, 40.44671347600007 ], [ -7.918745240999954, 40.441197913000053 ], [ -7.930957905999946, 40.429599824000036 ], [ -7.947505499999977, 40.422685999000066 ], [ -7.955133425999975, 40.422947436000072 ], [ -7.971594499999981, 40.407991999000046 ], [ -7.977435, 40.404236499000035 ], [ -7.987853295999969, 40.401712339000028 ], [ -8.005924332999939, 40.390862693000031 ], [ -8.016291499999966, 40.388941499000055 ], [ -8.017492499999946, 40.388633999000035 ], [ -8.029589027999975, 40.38732083900004 ], [ -8.040097709999941, 40.386180030000048 ], [ -8.046193499999958, 40.380580999000074 ], [ -8.057399159999932, 40.372553204000042 ], [ -8.066957, 40.373847999000077 ], [ -8.075640347999979, 40.363054680000062 ], [ -8.090087499999981, 40.359975499000029 ], [ -8.108679384999959, 40.345885505000069 ], [ -8.117132380999976, 40.339478367000027 ], [ -8.131609653999931, 40.342176438000081 ], [ -8.132247, 40.335453999000038 ], [ -8.135462027999949, 40.334270300000071 ], [ -8.138518499999975, 40.337761499000067 ], [ -8.154410871999971, 40.338089747000026 ], [ -8.170582254999943, 40.344261586000073 ], [ -8.177178499999968, 40.336775499000055 ], [ -8.18468560599996, 40.334126268000034 ], [ -8.186818, 40.338444999000046 ], [ -8.181077141999936, 40.340749069000026 ], [ -8.181093661999967, 40.347210861000065 ], [ -8.175532595999925, 40.351550594000059 ], [ -8.173808263999945, 40.362762598000074 ], [ -8.165203, 40.36743799900006 ], [ -8.171814884999947, 40.369361620000063 ], [ -8.178090138999949, 40.376791698000034 ], [ -8.172539997999934, 40.38615001900007 ], [ -8.165764, 40.389298499000063 ], [ -8.160756855999978, 40.401575792000074 ], [ -8.166658766999944, 40.403953729000079 ], [ -8.163039425999955, 40.408818999000061 ], [ -8.168040683999948, 40.416940723000039 ], [ -8.159915889999979, 40.438903328000038 ], [ -8.160573, 40.443433499000037 ], [ -8.157866499999955, 40.449239999000042 ], [ -8.164303065999945, 40.450599600000032 ], [ -8.171636382999964, 40.469483728000057 ], [ -8.187425582999936, 40.472321544000067 ], [ -8.190108395999971, 40.47280371800008 ], [ -8.199392481999951, 40.479551662000063 ], [ -8.20050133999996, 40.486539511000046 ], [ -8.213788244999932, 40.508897449000074 ], [ -8.221655263999935, 40.514368360000049 ], [ -8.231262499999957, 40.516700999000079 ], [ -8.242904499999952, 40.51384549900007 ], [ -8.250661, 40.514891499000043 ], [ -8.261402938999936, 40.525595496000051 ], [ -8.271187634999933, 40.535344143000032 ], [ -8.285153113999968, 40.540375601000051 ], [ -8.288841312999978, 40.56747118800007 ], [ -8.299180706999948, 40.577781206000054 ], [ -8.30842, 40.596407999000064 ], [ -8.302009711999972, 40.60186721000008 ], [ -8.297956003999957, 40.601290489000064 ], [ -8.292326269999933, 40.605025856000054 ], [ -8.276457731999926, 40.605171852000069 ], [ -8.247408, 40.614316999000039 ], [ -8.249194, 40.618485999000029 ], [ -8.27427849999998, 40.630742499000064 ], [ -8.27944587199994, 40.632484703000046 ], [ -8.285183405999931, 40.631029054000066 ], [ -8.293577729999981, 40.634720619000063 ], [ -8.294351499999948, 40.652690499000073 ], [ -8.289438029999928, 40.667819935000068 ], [ -8.29803372899994, 40.676389798000059 ], [ -8.29829, 40.694534999000041 ], [ -8.306723, 40.692529999000044 ], [ -8.313920419999931, 40.703193531000068 ], [ -8.325202816999933, 40.710150401000078 ], [ -8.324164373999963, 40.720407073000047 ], [ -8.333588, 40.737000999000031 ], [ -8.32226049999997, 40.742368999000064 ], [ -8.309848600999942, 40.742601387000036 ], [ -8.290783499999975, 40.751289499000052 ], [ -8.279735329999937, 40.757563072000039 ], [ -8.272705, 40.757792499000061 ], [ -8.275850817999981, 40.762862559000041 ], [ -8.273369, 40.763173499000061 ], [ -8.266229267999961, 40.774712694000073 ], [ -8.266815838999946, 40.780959583000026 ], [ -8.255972919999977, 40.790141576000053 ], [ -8.256390606999958, 40.799065882000036 ], [ -8.248613499999976, 40.803668499000025 ], [ -8.244018976999939, 40.807527451000055 ], [ -8.237083199999972, 40.826930326000024 ], [ -8.255088, 40.855841999000063 ], [ -8.231537615999969, 40.864059594000025 ], [ -8.205794236999964, 40.848642845000029 ], [ -8.19313649999998, 40.846412999000052 ], [ -8.190108395999971, 40.847344887000077 ], [ -8.169102, 40.86543049900007 ], [ -8.163187669999957, 40.864398317000052 ], [ -8.149071585999934, 40.855445188000033 ], [ -8.127915499999972, 40.849079999000026 ], [ -8.108020464999981, 40.855495568000038 ], [ -8.104055990999939, 40.864597502000038 ], [ -8.116308978999939, 40.889664454000069 ], [ -8.126761311999928, 40.898386372000061 ], [ -8.121487, 40.920942499000034 ], [ -8.127001, 40.928244999000071 ], [ -8.13207304499997, 40.943260057000032 ], [ -8.131587484999955, 40.949801794000052 ], [ -8.12237208199997, 40.955053623000026 ], [ -8.112080759999969, 40.968131565000078 ], [ -8.108679384999959, 40.970160195000062 ], [ -8.102179289999981, 40.974036774000069 ], [ -8.099372418999963, 40.980381504000036 ], [ -8.089172, 40.987555499000052 ], [ -8.077369073999932, 40.983753361000026 ], [ -8.062237634999974, 40.982145083000034 ], [ -8.051016261999962, 40.985872021000034 ], [ -8.041103562999979, 40.984225863000063 ], [ -8.039357, 40.98109099900006 ], [ -8.037324, 40.979350499000077 ], [ -8.029589027999975, 40.972971986000061 ], [ -8.020299737999949, 40.965310915000032 ], [ -8.00197449999996, 40.967987999000059 ], [ -7.996310911999956, 40.968058880000058 ], [ -7.981628631999968, 40.975281958000039 ], [ -7.974047528999961, 40.975370674000033 ], [ -7.97036449999996, 40.972169499000074 ], [ -7.965417, 40.977159499000038 ], [ -7.951213591999931, 40.990825510000036 ], [ -7.95119, 40.999297999000078 ], [ -7.943767391999927, 41.012339643000075 ], [ -7.935529, 41.017257999000037 ], [ -7.926854477999939, 41.016113133000033 ], [ -7.915681, 41.019973999000058 ], [ -7.907252634999963, 41.022134162000043 ], [ -7.880201830999965, 41.023144198000068 ] ] ] } },
{ "type": "Feature", "properties": { "name": "Bairrada", "region_type": "DOC", "color": "#16a085", "island": false, "source": "gisco_nuts3+gadm_level2" }, "geometry": { "type": "MultiPolygon", "coordinates": [ [ [ [ -8.6896, 40.6378 ], [ -8.6897, 40.6379 ], [ -8.6896, 40.6379 ], [ -8.6896, 40.6378 ] ] ], [ [ [ -8.726, 40.6688 ], [ -8.7249, 40.6651 ], [ -8.7265, 40.6624 ], [ -8.7365, 40.6565 ], [ -8.7404, 40.6468 ], [ -8.754, 40.6463 ], [ -8.7632, 40.6432 ], [ -8.7601, 40.6457 ], [ -8.7535, 40.6471 ], [ -8.7515, 40.6512 ], [ -8.7437, 40.6718 ], [ -8.7338, 40.7066 ], [ -8.7165, 40.7027 ], [ -8.7174, 40.7018 ], [ -8.7207, 40.6924 ], [ -8.7179, 40.6785 ], [ -8.7237, 40.6699 ], [ -8.726, 40.6688 ] ] ], [ [ [ -8.6868, 40.6813 ], [ -8.6904, 40.6749 ], [ -8.6926, 40.6749 ], [ -8.6932, 40.6715 ], [ -8.6799, 40.6813 ], [ -8.6785, 40.6815 ], [ -8.6765, 40.6787 ], [ -8.6851, 40.6765 ], [ -8.6885, 40.6704 ], [ -8.6938, 40.6696 ], [ -8.7007, 40.6629 ], [ -8.7151, 40.6618 ], [ -8.716, 40.664 ], [ -8.7138, 40.6657 ], [ -8.7104, 40.6646 ], [ -8.7126, 40.6679 ], [ -8.7124, 40.6746 ], [ -8.7065, 40.6771 ], [ -8.6949, 40.6785 ], [ -8.6882, 40.6882 ], [ -8.6863, 40.6876 ], [ -8.6874, 40.6901 ], [ -8.6854, 40.6935 ], [ -8.6835, 40.6946 ], [ -8.6821, 40.6935 ], [ -8.6779, 40.6913 ], [ -8.6793, 40.6879 ], [ -8.6782, 40.6846 ], [ -8.6868, 40.6813 ] ] ], [ [ [ -8.6893, 40.7007 ], [ -8.6912, 40.6951 ], [ -8.6951, 40.6924 ], [ -8.6946, 40.6899 ], [ -8.6962, 40.6899 ], [ -8.6921, 40.6885 ], [ -8.696, 40.6824 ], [ -8.6985, 40.6838 ], [ -8.7024, 40.6801 ], [ -8.7126, 40.6793 ], [ -8.7112, 40.6857 ], [ -8.7065, 40.6851 ], [ -8.7046, 40.6901 ], [ -8.6976, 40.6907 ], [ -8.7054, 40.6915 ], [ -8.7074, 40.6868 ], [ -8.7112, 40.6865 ], [ -8.7118, 40.6929 ], [ -8.7104, 40.6954 ], [ -8.699, 40.6999 ], [ -8.6976, 40.7026 ], [ -8.6987, 40.7043 ], [ -8.686, 40.7071 ], [ -8.6874, 40.7062 ], [ -8.6865, 40.7057 ], [ -8.6835, 40.7082 ], [ -8.6799, 40.7074 ], [ -8.6774, 40.7071 ], [ -8.6749, 40.7024 ], [ -8.6799, 40.7007 ], [ -8.6893, 40.7007 ] ] ], [ [ [ -8.6868, 40.6957 ], [ -8.6896, 40.6899 ], [ -8.6935, 40.6913 ], [ -8.6879, 40.6999 ], [ -8.6849, 40.699 ], [ -8.6846, 40.6971 ], [ -8.6796, 40.6971 ], [ -8.6796, 40.6963 ], [ -8.6868, 40.6957 ] ] ], [ [ [ -8.7104, 40.6979 ], [ -8.7096, 40.6999 ], [ -8.7118, 40.6999 ], [ -8.7101, 40.7029 ], [ -8.7076, 40.7012 ], [ -8.7043, 40.7054 ], [ -8.7032, 40.7038 ], [ -8.7029, 40.7015 ], [ -8.7007, 40.7004 ], [ -8.7082, 40.6976 ], [ -8.7104, 40.6979 ] ] ], [ [ [ -8.7015, 40.7124 ], [ -8.6974, 40.7129 ], [ -8.6996, 40.711 ], [ -8.7029, 40.7096 ], [ -8.7032, 40.7071 ], [ -8.7065, 40.7071 ], [ -8.7015, 40.7124 ] ] ], [ [ [ -8.6735, 40.7146 ], [ -8.6757, 40.7135 ], [ -8.6776, 40.7149 ], [ -8.6746, 40.7182 ], [ -8.6699, 40.7174 ], [ -8.6657, 40.716 ], [ -8.671, 40.7124 ], [ -8.6726, 40.7124 ], [ -8.6735, 40.7146 ] ] ], [ [ [ -8.4328, 40.1204 ], [ -8.4458, 40.1203 ], [ -8.4471, 40.1174 ], [ -8.4524, 40.116 ], [ -8.4599, 40.1176 ], [ -8.4642, 40.1131 ], [ -8.4815, 40.1194 ], [ -8.4831, 40.1246 ], [ -8.4972, 40.1245 ], [ -8.4942, 40.133 ], [ -8.4925, 40.1474 ], [ -8.4856, 40.1513 ], [ -8.4854, 40.1632 ], [ -8.4921, 40.1661 ], [ -8.4998, 40.1606 ], [ -8.5067, 40.1599 ], [ -8.5123, 40.1635 ], [ -8.5195, 40.1652 ], [ -8.5235, 40.1689 ], [ -8.5293, 40.1709 ], [ -8.5317, 40.1695 ], [ -8.5371, 40.1747 ], [ -8.5449, 40.1785 ], [ -8.5494, 40.1657 ], [ -8.547, 40.1564 ], [ -8.5495, 40.1551 ], [ -8.5491, 40.1525 ], [ -8.5513, 40.1538 ], [ -8.556, 40.1644 ], [ -8.5559, 40.1681 ], [ -8.5641, 40.1802 ], [ -8.5627, 40.181 ], [ -8.5622, 40.1896 ], [ -8.5595, 40.1972 ], [ -8.5475, 40.1997 ], [ -8.5502, 40.2102 ], [ -8.5516, 40.2148 ], [ -8.5692, 40.2156 ], [ -8.5695, 40.2179 ], [ -8.575, 40.2232 ], [ -8.5777, 40.2322 ], [ -8.5757, 40.2414 ], [ -8.5827, 40.2475 ], [ -8.5827, 40.2505 ], [ -8.5855, 40.2533 ], [ -8.5851, 40.257 ], [ -8.5887, 40.2623 ], [ -8.5917, 40.2636 ], [ -8.587, 40.2712 ], [ -8.5884, 40.2824 ], [ -8.588077528089913, 40.282618820224705 ], [ -8.5883, 40.2825 ], [ -8.5948, 40.2814 ], [ -8.5993, 40.2759 ], [ -8.6086, 40.2723 ], [ -8.6184, 40.2766 ], [ -8.6132, 40.2806 ], [ -8.6144, 40.2822 ], [ -8.6316, 40.293 ], [ -8.6288, 40.2964 ], [ -8.6338, 40.3036 ], [ -8.6362, 40.3003 ], [ -8.6449, 40.3018 ], [ -8.6504, 40.2999 ], [ -8.6509, 40.298 ], [ -8.6545, 40.2995 ], [ -8.6782, 40.3 ], [ -8.6935, 40.304 ], [ -8.7219, 40.3053 ], [ -8.7295, 40.3082 ], [ -8.7452, 40.311 ], [ -8.747, 40.3066 ], [ -8.7413, 40.2966 ], [ -8.7415, 40.292 ], [ -8.7569, 40.2911 ], [ -8.7745, 40.2967 ], [ -8.7863, 40.2954 ], [ -8.8137, 40.3112 ], [ -8.8463, 40.3269 ], [ -8.8257, 40.3889 ], [ -8.769, 40.3767 ], [ -8.7373, 40.3771 ], [ -8.7262, 40.372 ], [ -8.7135, 40.371 ], [ -8.7058, 40.3724 ], [ -8.7027, 40.3778 ], [ -8.7037, 40.3794 ], [ -8.7017, 40.3818 ], [ -8.7022, 40.3878 ], [ -8.6986, 40.3923 ], [ -8.6987, 40.3969 ], [ -8.6874, 40.4071 ], [ -8.688, 40.4136 ], [ -8.6897, 40.4141 ], [ -8.6924, 40.4201 ], [ -8.6922, 40.4248 ], [ -8.682, 40.4242 ], [ -8.6851, 40.4319 ], [ -8.6833, 40.4363 ], [ -8.6872, 40.4401 ], [ -8.6627, 40.4285 ], [ -8.6487, 40.4242 ], [ -8.6357, 40.4256 ], [ -8.6312, 40.4344 ], [ -8.6335, 40.4531 ], [ -8.6333, 40.4563 ], [ -8.6305, 40.4598 ], [ -8.6321, 40.4623 ], [ -8.6316, 40.4658 ], [ -8.6249, 40.4729 ], [ -8.6206, 40.4821 ], [ -8.617714271653542, 40.483841387795273 ], [ -8.6197, 40.4896 ], [ -8.6242, 40.4905 ], [ -8.6307, 40.4958 ], [ -8.6259, 40.4983 ], [ -8.6294, 40.5028 ], [ -8.6244, 40.5086 ], [ -8.6241, 40.5113 ], [ -8.626, 40.5124 ], [ -8.6206, 40.515 ], [ -8.6195, 40.5202 ], [ -8.6237, 40.5359 ], [ -8.6117, 40.5482 ], [ -8.609, 40.549 ], [ -8.6038, 40.5418 ], [ -8.6113, 40.5546 ], [ -8.6108, 40.5594 ], [ -8.6079, 40.5633 ], [ -8.6086, 40.5706 ], [ -8.6151, 40.5742 ], [ -8.622, 40.5743 ], [ -8.6184, 40.5871 ], [ -8.622, 40.5864 ], [ -8.6269, 40.5915 ], [ -8.6372, 40.5938 ], [ -8.644, 40.6023 ], [ -8.6543, 40.6097 ], [ -8.6547, 40.6124 ], [ -8.6612, 40.6172 ], [ -8.6628, 40.6216 ], [ -8.6718, 40.6282 ], [ -8.6853, 40.631 ], [ -8.6895, 40.6376 ], [ -8.6771, 40.6387 ], [ -8.674, 40.6407 ], [ -8.6793, 40.6415 ], [ -8.689, 40.6393 ], [ -8.6985, 40.6543 ], [ -8.6985, 40.6593 ], [ -8.6971, 40.6593 ], [ -8.6943, 40.6654 ], [ -8.6882, 40.666 ], [ -8.6799, 40.6754 ], [ -8.6718, 40.6768 ], [ -8.6637, 40.6813 ], [ -8.6626, 40.6846 ], [ -8.6663, 40.6807 ], [ -8.6699, 40.6799 ], [ -8.6687, 40.6815 ], [ -8.6696, 40.6824 ], [ -8.6743, 40.6796 ], [ -8.6726, 40.6846 ], [ -8.6737, 40.6882 ], [ -8.6715, 40.6913 ], [ -8.6663, 40.6926 ], [ -8.664, 40.6899 ], [ -8.6621, 40.6899 ], [ -8.6637, 40.6915 ], [ -8.6624, 40.6921 ], [ -8.6568, 40.6893 ], [ -8.6588, 40.6926 ], [ -8.6546, 40.6943 ], [ -8.6599, 40.6937 ], [ -8.6613, 40.6954 ], [ -8.6668, 40.6943 ], [ -8.6685, 40.699 ], [ -8.6674, 40.7021 ], [ -8.6693, 40.7021 ], [ -8.6676, 40.7065 ], [ -8.6704, 40.7051 ], [ -8.6721, 40.7107 ], [ -8.6654, 40.7151 ], [ -8.6626, 40.7188 ], [ -8.6504, 40.721 ], [ -8.6471, 40.7193 ], [ -8.6449, 40.7201 ], [ -8.6449, 40.7218 ], [ -8.6485, 40.7229 ], [ -8.6493, 40.7263 ], [ -8.6446, 40.7257 ], [ -8.6371, 40.721 ], [ -8.6319, 40.7226 ], [ -8.6298, 40.7197 ], [ -8.6295, 40.7136 ], [ -8.6241, 40.7131 ], [ -8.6194, 40.7088 ], [ -8.6144, 40.7084 ], [ -8.6046, 40.7033 ], [ -8.6014, 40.7009 ], [ -8.6014, 40.6983 ], [ -8.5972, 40.693 ], [ -8.5879, 40.6921 ], [ -8.5841, 40.6895 ], [ -8.5794, 40.678 ], [ -8.5792, 40.6739 ], [ -8.5748, 40.6696 ], [ -8.5742, 40.6665 ], [ -8.5691, 40.6647 ], [ -8.57, 40.6627 ], [ -8.5724, 40.6633 ], [ -8.5727, 40.6564 ], [ -8.5707, 40.658 ], [ -8.5658, 40.6573 ], [ -8.5674, 40.6538 ], [ -8.5636, 40.6551 ], [ -8.563, 40.651 ], [ -8.5563, 40.6437 ], [ -8.555, 40.6346 ], [ -8.5451, 40.6291 ], [ -8.5312, 40.6106 ], [ -8.5233, 40.6091 ], [ -8.5217, 40.598 ], [ -8.5241, 40.5966 ], [ -8.5253, 40.5917 ], [ -8.5221, 40.5878 ], [ -8.521, 40.5837 ], [ -8.5377, 40.5775 ], [ -8.5414, 40.5706 ], [ -8.5501, 40.5676 ], [ -8.558, 40.5626 ], [ -8.558436363636362, 40.562654545454549 ], [ -8.5581, 40.5626 ], [ -8.5533, 40.5585 ], [ -8.5463, 40.5563 ], [ -8.5316, 40.5544 ], [ -8.5252, 40.5501 ], [ -8.5187, 40.5525 ], [ -8.5101, 40.5588 ], [ -8.5041, 40.5595 ], [ -8.4955, 40.554 ], [ -8.4956, 40.5502 ], [ -8.5007, 40.5464 ], [ -8.5016, 40.5436 ], [ -8.4984, 40.5398 ], [ -8.4824, 40.5286 ], [ -8.4721, 40.5277 ], [ -8.4649, 40.5232 ], [ -8.4624, 40.5189 ], [ -8.4642, 40.5126 ], [ -8.461, 40.5114 ], [ -8.4592, 40.508 ], [ -8.4624, 40.5052 ], [ -8.4734, 40.507 ], [ -8.4502, 40.5022 ], [ -8.4408, 40.5024 ], [ -8.4357, 40.5076 ], [ -8.3928, 40.4999 ], [ -8.3783, 40.5032 ], [ -8.3672, 40.5094 ], [ -8.34, 40.5125 ], [ -8.3321, 40.5106 ], [ -8.3284, 40.5056 ], [ -8.322, 40.5024 ], [ -8.3189, 40.4987 ], [ -8.3115, 40.4959 ], [ -8.3253, 40.4917 ], [ -8.3303, 40.493 ], [ -8.3313, 40.4893 ], [ -8.3356, 40.486 ], [ -8.3337, 40.4851 ], [ -8.3347, 40.4828 ], [ -8.3327, 40.482 ], [ -8.3358, 40.4809 ], [ -8.3349, 40.4755 ], [ -8.3319, 40.4716 ], [ -8.3283, 40.4701 ], [ -8.3284, 40.4675 ], [ -8.3232, 40.4637 ], [ -8.3188, 40.4571 ], [ -8.318, 40.4534 ], [ -8.3199, 40.4478 ], [ -8.3176, 40.4412 ], [ -8.3203, 40.4395 ], [ -8.3268, 40.44 ], [ -8.3318, 40.4372 ], [ -8.3374, 40.4301 ], [ -8.3445, 40.425 ], [ -8.3448, 40.423 ], [ -8.3404, 40.4219 ], [ -8.338, 40.4188 ], [ -8.3458, 40.4105 ], [ -8.3549, 40.4089 ], [ -8.3501, 40.3973 ], [ -8.3524, 40.396 ], [ -8.3575, 40.3966 ], [ -8.3541, 40.3956 ], [ -8.3538, 40.3919 ], [ -8.3554, 40.3906 ], [ -8.3542, 40.385 ], [ -8.356, 40.3808 ], [ -8.3544, 40.378 ], [ -8.3584, 40.3756 ], [ -8.3594, 40.3718 ], [ -8.3547, 40.3619 ], [ -8.3562, 40.3672 ], [ -8.354, 40.3696 ], [ -8.3465, 40.3708 ], [ -8.3423, 40.3695 ], [ -8.3345, 40.3591 ], [ -8.3292, 40.3548 ], [ -8.3252, 40.3548 ], [ -8.3254, 40.3614 ], [ -8.3203, 40.362 ], [ -8.31, 40.3615 ], [ -8.2989, 40.3578 ], [ -8.2931, 40.3543 ], [ -8.293, 40.3515 ], [ -8.2895, 40.3476 ], [ -8.2827, 40.3449 ], [ -8.2811, 40.3403 ], [ -8.2765, 40.3357 ], [ -8.2634, 40.3338 ], [ -8.2591, 40.3275 ], [ -8.2508, 40.3232 ], [ -8.2471, 40.3236 ], [ -8.2426, 40.3265 ], [ -8.237, 40.3226 ], [ -8.2332, 40.3228 ], [ -8.2329, 40.3255 ], [ -8.2318, 40.3249 ], [ -8.2318, 40.3315 ], [ -8.2106, 40.3413 ], [ -8.1994, 40.3388 ], [ -8.1937, 40.3431 ], [ -8.1909, 40.3431 ], [ -8.187, 40.339 ], [ -8.1862, 40.3343 ], [ -8.1831, 40.3338 ], [ -8.1767, 40.3371 ], [ -8.1708, 40.3451 ], [ -8.1672, 40.3422 ], [ -8.1556, 40.3379 ], [ -8.1403, 40.3383 ], [ -8.1373, 40.3369 ], [ -8.1352, 40.3333 ], [ -8.1322, 40.3355 ], [ -8.1295, 40.3348 ], [ -8.1267, 40.3312 ], [ -8.1163, 40.3322 ], [ -8.1179, 40.3269 ], [ -8.1153, 40.3241 ], [ -8.1166, 40.3216 ], [ -8.1148, 40.3202 ], [ -8.1159, 40.3182 ], [ -8.1143, 40.3164 ], [ -8.1177, 40.3142 ], [ -8.1147, 40.3129 ], [ -8.1165, 40.3087 ], [ -8.1117, 40.3088 ], [ -8.1129, 40.3074 ], [ -8.1097, 40.3064 ], [ -8.1102, 40.3044 ], [ -8.1082, 40.3032 ], [ -8.1104, 40.3005 ], [ -8.1154, 40.3014 ], [ -8.1216, 40.2984 ], [ -8.1314, 40.2976 ], [ -8.1353, 40.2956 ], [ -8.1418, 40.2877 ], [ -8.1497, 40.2894 ], [ -8.1599, 40.2862 ], [ -8.1614, 40.2839 ], [ -8.1604, 40.2784 ], [ -8.1633, 40.2744 ], [ -8.1617, 40.2706 ], [ -8.1654, 40.2687 ], [ -8.1679, 40.2645 ], [ -8.1748, 40.2615 ], [ -8.1764, 40.2583 ], [ -8.1814, 40.2597 ], [ -8.1919, 40.2587 ], [ -8.1941, 40.2561 ], [ -8.1946, 40.2584 ], [ -8.1997, 40.2603 ], [ -8.2069, 40.2571 ], [ -8.2071, 40.2539 ], [ -8.2152, 40.2521 ], [ -8.2524, 40.2539 ], [ -8.2534, 40.2465 ], [ -8.2523, 40.2447 ], [ -8.2599, 40.2453 ], [ -8.2691, 40.2415 ], [ -8.272, 40.2455 ], [ -8.2757, 40.2453 ], [ -8.2778, 40.2481 ], [ -8.281, 40.2476 ], [ -8.2805, 40.2437 ], [ -8.2874, 40.24 ], [ -8.3004, 40.2451 ], [ -8.2996, 40.2405 ], [ -8.3007, 40.2395 ], [ -8.306, 40.2399 ], [ -8.3124, 40.2363 ], [ -8.319, 40.2376 ], [ -8.3233, 40.2294 ], [ -8.333, 40.2255 ], [ -8.3348, 40.2213 ], [ -8.339952516071824, 40.218770583019285 ], [ -8.3361, 40.2147 ], [ -8.3266, 40.2118 ], [ -8.3215, 40.2078 ], [ -8.3151, 40.2085 ], [ -8.3149, 40.2048 ], [ -8.3194, 40.2045 ], [ -8.3199, 40.1985 ], [ -8.3129, 40.1909 ], [ -8.3445, 40.1944 ], [ -8.3468, 40.1936 ], [ -8.3452, 40.1892 ], [ -8.3467, 40.1831 ], [ -8.3529, 40.1814 ], [ -8.357, 40.1833 ], [ -8.3636, 40.1831 ], [ -8.3672, 40.1811 ], [ -8.368, 40.1748 ], [ -8.3621, 40.1639 ], [ -8.3532, 40.1613 ], [ -8.348, 40.1562 ], [ -8.3515, 40.1524 ], [ -8.3545, 40.1582 ], [ -8.3638, 40.1622 ], [ -8.3686, 40.1595 ], [ -8.369, 40.1577 ], [ -8.3775, 40.1572 ], [ -8.3796, 40.155 ], [ -8.3778, 40.1542 ], [ -8.3749, 40.1559 ], [ -8.3738, 40.1546 ], [ -8.3742, 40.1519 ], [ -8.379, 40.1477 ], [ -8.373, 40.1482 ], [ -8.3714, 40.1446 ], [ -8.3731, 40.1436 ], [ -8.3651, 40.1407 ], [ -8.3695, 40.1406 ], [ -8.3692, 40.1389 ], [ -8.3656, 40.1379 ], [ -8.3637, 40.1397 ], [ -8.3608, 40.1381 ], [ -8.3585, 40.1323 ], [ -8.3594, 40.1246 ], [ -8.3641, 40.1251 ], [ -8.3605, 40.1219 ], [ -8.3651, 40.1152 ], [ -8.3781, 40.1137 ], [ -8.3812, 40.1087 ], [ -8.4036, 40.0989 ], [ -8.4027, 40.101 ], [ -8.4061, 40.1037 ], [ -8.4068, 40.1066 ], [ -8.4047, 40.1086 ], [ -8.4059, 40.1115 ], [ -8.4049, 40.1133 ], [ -8.4098, 40.1174 ], [ -8.4068, 40.1206 ], [ -8.4144, 40.1229 ], [ -8.42, 40.1274 ], [ -8.424, 40.1291 ], [ -8.4259, 40.1268 ], [ -8.4313, 40.1262 ], [ -8.4328, 40.1204 ] ], [ [ -8.5794, 40.4124 ], [ -8.579705494505495, 40.422099450549453 ], [ -8.5798, 40.4208 ], [ -8.5794, 40.4124 ] ], [ [ -8.5053, 40.4161 ], [ -8.5048, 40.4222 ], [ -8.5081, 40.4075 ], [ -8.5053, 40.4161 ] ], [ [ -8.4441, 40.401 ], [ -8.452620883116882, 40.397936311688312 ], [ -8.452, 40.3976 ], [ -8.4441, 40.401 ] ], [ [ -8.376048790896158, 40.397122617354199 ], [ -8.4, 40.3993 ], [ -8.3761, 40.3971 ], [ -8.376048790896158, 40.397122617354199 ] ], [ [ -8.3644, 40.4024 ], [ -8.3701, 40.39975 ], [ -8.364296665724781, 40.402313139304887 ], [ -8.3644, 40.4024 ] ], [ [ -8.57900188679244, 40.287466037735854 ], [ -8.5738, 40.2892 ], [ -8.57175777777778, 40.291335050505047 ], [ -8.57900188679244, 40.287466037735854 ] ], [ [ -8.571392397660818, 40.291530196703881 ], [ -8.5661, 40.2923 ], [ -8.5707, 40.2919 ], [ -8.571392397660818, 40.291530196703881 ] ], [ [ -8.4463, 40.2985 ], [ -8.4493, 40.309 ], [ -8.4482, 40.3044 ], [ -8.4463, 40.2985 ] ], [ [ -8.448627888446216, 40.317257370517929 ], [ -8.4293, 40.3237 ], [ -8.4486, 40.3176 ], [ -8.448627888446216, 40.317257370517929 ] ], [ [ -8.367960536398471, 40.326178927203067 ], [ -8.3679, 40.3263 ], [ -8.3758, 40.3364 ], [ -8.367960536398471, 40.326178927203067 ] ], [ [ -8.375532739130433, 40.316618695652174 ], [ -8.3825, 40.3176 ], [ -8.38250337423313, 40.317584815950916 ], [ -8.3756, 40.3165 ], [ -8.375532739130433, 40.316618695652174 ] ], [ [ -8.3726, 40.2797 ], [ -8.3783, 40.2805 ], [ -8.387, 40.2816 ], [ -8.3726, 40.2797 ] ], [ [ -8.3644, 40.2488 ], [ -8.364153308364545, 40.247917103620473 ], [ -8.3593, 40.2551 ], [ -8.3644, 40.2488 ] ], [ [ -8.3625, 40.242 ], [ -8.361633398437498, 40.240997460937493 ], [ -8.363603471295061, 40.245949265687585 ], [ -8.3625, 40.242 ] ], [ [ -8.3466, 40.2231 ], [ -8.344574204947003, 40.222009187279156 ], [ -8.347679510426104, 40.224486038077963 ], [ -8.3466, 40.2231 ] ], [ [ -8.5208, 40.2919 ], [ -8.521975425038635, 40.291290520350337 ], [ -8.5119, 40.2909 ], [ -8.5208, 40.2919 ] ], [ [ -8.524817073170732, 40.29159756097561 ], [ -8.5248, 40.2914 ], [ -8.524569268292684, 40.29139105691057 ], [ -8.524817073170732, 40.29159756097561 ] ], [ [ -8.52982347826087, 40.315418260869563 ], [ -8.5299, 40.3145 ], [ -8.5255, 40.2995 ], [ -8.52982347826087, 40.315418260869563 ] ], [ [ -8.52980159453303, 40.315680865603646 ], [ -8.5119, 40.3122 ], [ -8.5247, 40.3153 ], [ -8.5298, 40.3157 ], [ -8.52980159453303, 40.315680865603646 ] ], [ [ -8.483996495195026, 40.378983776144715 ], [ -8.4842, 40.3783 ], [ -8.481, 40.3758 ], [ -8.483996495195026, 40.378983776144715 ] ], [ [ -8.4813, 40.3857 ], [ -8.481763241106719, 40.38648750988142 ], [ -8.483395437731199, 40.381003329223169 ], [ -8.4813, 40.3857 ] ], [ [ -8.4833, 40.3891 ], [ -8.4934, 40.396 ], [ -8.482053541076484, 40.386981019830024 ], [ -8.4833, 40.3891 ] ], [ [ -8.5813, 40.5362 ], [ -8.5773, 40.5358 ], [ -8.577205239179957, 40.535907517084283 ], [ -8.5813, 40.5362 ] ], [ [ -8.566431141868515, 40.562152595155702 ], [ -8.565638578680202, 40.563554822335028 ], [ -8.566, 40.5636 ], [ -8.566431141868515, 40.562152595155702 ] ], [ [ -8.555360912052118, 40.482386598417868 ], [ -8.5554, 40.4824 ], [ -8.556, 40.477 ], [ -8.555360912052118, 40.482386598417868 ] ], [ [ -8.552, 40.4812 ], [ -8.551934653465347, 40.481211881188123 ], [ -8.552198994974873, 40.481302512562813 ], [ -8.552, 40.4812 ] ] ], [ [ [ -8.669, 40.6982 ], [ -8.6676, 40.6943 ], [ -8.6726, 40.6932 ], [ -8.6715, 40.6979 ], [ -8.669, 40.6982 ] ] ] ] } },
{ "type": "Feature", "properties": { "name": "Beira Interior", "region_type": "DOC", "color": "#795548", "island": false, "source": "gisco_nuts3+gadm_level2" }, "geometry": { "type": "MultiPolygon", "coordinates": [ [ [ [ -6.963494048999962, 40.239134442000079 ], [ -6.97006412199994, 40.237412266000035 ], [ -6.977076771999975, 40.240010245000065 ], [ -6.982838668999932, 40.239493616000061 ], [ -6.997395420999965, 40.235367804000077 ], [ -7.009746953999979, 40.227510091000056 ], [ -7.019186365999929, 40.198959495000054 ], [ -7.027693375999945, 40.186959663000039 ], [ -7.016794861999927, 40.17720084900003 ], [ -7.018791204999957, 40.16804766100006 ], [ -7.013707354999951, 40.153373412000064 ], [ -7.017951186999937, 40.144802856000069 ], [ -7.009610546999966, 40.126713854000059 ], [ -6.995855009999957, 40.119032301000061 ], [ -6.992533981999941, 40.114351525000075 ], [ -6.984803450999948, 40.118170203000034 ], [ -6.963494048999962, 40.113677176000067 ], [ -6.960803386999942, 40.110408221000057 ], [ -6.953081440999938, 40.113475157000039 ], [ -6.942676884999969, 40.112516634000031 ], [ -6.942796958999963, 40.104792657000075 ], [ -6.935353263999957, 40.102889528000048 ], [ -6.932988, 40.099425999000061 ], [ -6.92046, 40.083636999000078 ], [ -6.916214127999979, 40.065988682000068 ], [ -6.910073471999965, 40.066041934000054 ], [ -6.903784773999973, 40.061677470000063 ], [ -6.893218239999953, 40.059583580000037 ], [ -6.895989607999979, 40.051911020000034 ], [ -6.88187613499997, 40.041541479000045 ], [ -6.881540461999975, 40.033700319000047 ], [ -6.875561083999969, 40.023744633000035 ], [ -6.876066315999935, 40.017873448000046 ], [ -6.865731375999928, 40.013997441000072 ], [ -6.866542, 40.008906999000033 ], [ -6.874626499999977, 40.006362999000032 ], [ -6.874204033999945, 39.995835299000078 ], [ -6.885026692999929, 39.980092796000065 ], [ -6.880778537999959, 39.97116537200003 ], [ -6.888052300999959, 39.962424931000044 ], [ -6.886280147999969, 39.94161491300008 ], [ -6.893090565999955, 39.934218642000076 ], [ -6.901671627999974, 39.929615038000065 ], [ -6.906932565999966, 39.920502165000073 ], [ -6.900988353999935, 39.908659675000081 ], [ -6.901102879999939, 39.900450363000061 ], [ -6.905776871999933, 39.891228126000044 ], [ -6.903890147999959, 39.873374639000076 ], [ -6.916378, 39.858470999000076 ], [ -6.927804718999937, 39.855743543000074 ], [ -6.936387499999967, 39.842834499000048 ], [ -6.93571329699995, 39.838988909000079 ], [ -6.940026075999981, 39.835369042000025 ], [ -6.945301680999933, 39.833904053000026 ], [ -6.952627848999953, 39.826568511000062 ], [ -6.958585966999976, 39.824790574000076 ], [ -6.963494048999962, 39.825299345000076 ], [ -6.968502863999959, 39.82581855400008 ], [ -6.982161837999968, 39.81831924200003 ], [ -6.986630890999947, 39.809080278000067 ], [ -6.988051728999949, 39.799346215000071 ], [ -6.988720624999928, 39.79476317600006 ], [ -6.983898095999962, 39.789882787000067 ], [ -6.977205460999926, 39.773989589000053 ], [ -6.985846421999952, 39.76486897400008 ], [ -6.988466, 39.753158499000051 ], [ -6.992295153999976, 39.733053706000078 ], [ -6.987997722999978, 39.727240619000042 ], [ -6.99929517399994, 39.713521820000039 ], [ -7.008213884999975, 39.684501339000064 ], [ -7.013884066999935, 39.678236524000056 ], [ -7.015627983999934, 39.67171520800008 ], [ -7.064807499999972, 39.657966499000054 ], [ -7.094360668999968, 39.663660360000051 ], [ -7.125557064999953, 39.663834442000052 ], [ -7.146702, 39.653033999000058 ], [ -7.150592499999959, 39.65299249900005 ], [ -7.15272, 39.653312499000037 ], [ -7.161517499999945, 39.655662499000073 ], [ -7.167959, 39.656024999000067 ], [ -7.176556, 39.657903499000042 ], [ -7.178868499999965, 39.658408999000073 ], [ -7.184388, 39.659335999000064 ], [ -7.187313499999959, 39.659541999000055 ], [ -7.189041499999973, 39.660373499000059 ], [ -7.19236449999994, 39.660774999000068 ], [ -7.203110580999976, 39.662355820000073 ], [ -7.21716416199996, 39.660781064000048 ], [ -7.245339667999929, 39.66692305600003 ], [ -7.257099, 39.666045999000062 ], [ -7.264247, 39.665935499000057 ], [ -7.268731499999944, 39.664629499000057 ], [ -7.272316, 39.663585499000078 ], [ -7.275522, 39.663600999000039 ], [ -7.287077499999953, 39.661483499000042 ], [ -7.290071, 39.659766999000055 ], [ -7.29138949999998, 39.657855999000049 ], [ -7.318446509999944, 39.64920627500004 ], [ -7.325141499999972, 39.644832499000074 ], [ -7.333922522999956, 39.641552164000075 ], [ -7.375551994999967, 39.651339979000056 ], [ -7.38919008299996, 39.650589232000073 ], [ -7.401201588999982, 39.64707672000003 ], [ -7.425748499999941, 39.651923999000076 ], [ -7.453935041999955, 39.66333992400007 ], [ -7.515898499999935, 39.666721499000062 ], [ -7.521055499999932, 39.667102999000065 ], [ -7.528841499999942, 39.667327999000065 ], [ -7.531266, 39.667884499000024 ], [ -7.535988499999974, 39.667750999000077 ], [ -7.53957, 39.666946499000062 ], [ -7.542808499999978, 39.665504499000065 ], [ -7.545092, 39.66355149900005 ], [ -7.542929, 39.662814999000034 ], [ -7.551896767999949, 39.658053757000062 ], [ -7.566975093999929, 39.66005627100003 ], [ -7.579292600999963, 39.658546004000073 ], [ -7.590968473999965, 39.653079410000032 ], [ -7.59602, 39.646611499000073 ], [ -7.596677235999948, 39.640462460000037 ], [ -7.63246694999998, 39.624437202000024 ], [ -7.639932316999932, 39.622905845000048 ], [ -7.648671499999978, 39.625038499000027 ], [ -7.660550980999972, 39.634633415000053 ], [ -7.669043422999948, 39.647209816000043 ], [ -7.676468499999942, 39.646942499000033 ], [ -7.703235499999948, 39.63661649900007 ], [ -7.715751399999931, 39.624625858000059 ], [ -7.713170789999936, 39.609075782000048 ], [ -7.720267, 39.596552999000039 ], [ -7.724966101999939, 39.592197291000048 ], [ -7.735140562999959, 39.593100011000047 ], [ -7.754750213999955, 39.587940797000044 ], [ -7.768510986999956, 39.565920249000044 ], [ -7.782282643999963, 39.559275655000079 ], [ -7.788121499999932, 39.553109499000072 ], [ -7.796941819999972, 39.545368339000049 ], [ -7.809575797999969, 39.543284063000044 ], [ -7.825104, 39.537364999000033 ], [ -7.827675302999978, 39.544874936000042 ], [ -7.821858417999977, 39.557905237000057 ], [ -7.808988, 39.565782999000078 ], [ -7.81594838999996, 39.573768554000026 ], [ -7.817864416999953, 39.583760152000025 ], [ -7.834836631999963, 39.595170418000066 ], [ -7.83428773299994, 39.598985937000066 ], [ -7.839123613999959, 39.60093091300007 ], [ -7.839918021999949, 39.606616168000073 ], [ -7.847235662999935, 39.609508109000046 ], [ -7.848962936999953, 39.621891302000051 ], [ -7.859491081999977, 39.625262876000079 ], [ -7.865507, 39.638369499000078 ], [ -7.871422755999959, 39.637461496000071 ], [ -7.880806072999974, 39.643631800000037 ], [ -7.89139414999994, 39.644227534000038 ], [ -7.892520084999944, 39.651986768000029 ], [ -7.900931551999975, 39.655248354000037 ], [ -7.898469596999973, 39.658851174000063 ], [ -7.905078499999945, 39.660973499000079 ], [ -7.910042702999931, 39.66179667800003 ], [ -7.910667029999956, 39.665042653000057 ], [ -7.916246593999972, 39.66772368900007 ], [ -7.92614279299994, 39.667085129000043 ], [ -7.927254931999926, 39.662287304000074 ], [ -7.931522038999958, 39.662604889000079 ], [ -7.935750019999944, 39.659445026000071 ], [ -7.940029530999936, 39.661678193000057 ], [ -7.956792327999949, 39.662102380000078 ], [ -7.95909649999993, 39.664215999000078 ], [ -7.955178761999946, 39.670838389000039 ], [ -7.955890432999979, 39.676388777000057 ], [ -7.951152018999949, 39.679199185000073 ], [ -7.950874240999951, 39.685926859000062 ], [ -7.95818989299994, 39.740308105000054 ], [ -7.969339754999964, 39.745324561000075 ], [ -7.973442452999961, 39.738444990000062 ], [ -7.985018126999933, 39.73136020100003 ], [ -7.989493141999958, 39.728897835000055 ], [ -7.998714682999946, 39.733690270000068 ], [ -8.006038049999972, 39.743258940000032 ], [ -8.024321196999949, 39.740853008000045 ], [ -8.033299260999968, 39.742979821000063 ], [ -8.035753, 39.746924999000043 ], [ -8.027992366999968, 39.74951460300008 ], [ -8.026210685999956, 39.754875586000026 ], [ -8.019271433999961, 39.753811807000034 ], [ -8.021298, 39.761553999000057 ], [ -8.010738654999955, 39.763822693000066 ], [ -8.007898525999963, 39.768571351000048 ], [ -7.998124526999959, 39.767181324000035 ], [ -7.987792379999973, 39.769463401000053 ], [ -7.985018126999933, 39.767985337000027 ], [ -7.972866, 39.777551999000025 ], [ -7.961343530999955, 39.784667893000062 ], [ -7.960440419999941, 39.791777440000033 ], [ -7.953629744999944, 39.795779813000024 ], [ -7.948768837999978, 39.80230046500003 ], [ -7.944760110999937, 39.798465332000035 ], [ -7.937907418999941, 39.797926654000037 ], [ -7.931527295999956, 39.806403015000058 ], [ -7.931575463999934, 39.811491888000035 ], [ -7.921781, 39.816261499000063 ], [ -7.92218134999996, 39.822611123000058 ], [ -7.916969877999975, 39.836118100000078 ], [ -7.916517499999941, 39.853570999000056 ], [ -7.928162751999935, 39.861112534000029 ], [ -7.94742, 39.86690549900004 ], [ -7.964200730999949, 39.873099180000054 ], [ -7.984215449999965, 39.876800162000052 ], [ -7.986824786999932, 39.88539292400003 ], [ -7.992889038999976, 39.888597060000052 ], [ -7.994995450999966, 39.896630260000052 ], [ -8.002647499999966, 39.900964499000054 ], [ -8.013408201999937, 39.904653538000048 ], [ -8.039003536999928, 39.903723918000026 ], [ -8.044579499999941, 39.907511499000066 ], [ -8.052043503999926, 39.920500832000073 ], [ -8.069770559999938, 39.926318847000061 ], [ -8.086898499999961, 39.943230999000036 ], [ -8.083039750999944, 39.947970420000047 ], [ -8.087791739999943, 39.955797672000074 ], [ -8.08566643599994, 39.964625090000027 ], [ -8.080443945999946, 39.962509471000033 ], [ -8.077998864999927, 39.958023386000036 ], [ -8.067551992999938, 39.955171654000026 ], [ -8.062032443999954, 39.956621292000079 ], [ -8.056248413999981, 39.968906729000025 ], [ -8.048583338999947, 39.963789105000046 ], [ -8.035542, 39.961351499000045 ], [ -8.030370260999973, 39.964159560000041 ], [ -8.033609479999939, 39.97116537200003 ], [ -8.035955529999967, 39.976238980000062 ], [ -8.032110562999947, 39.983255017000033 ], [ -8.029589027999975, 39.981139295000048 ], [ -8.019099036999933, 39.972336847000065 ], [ -8.005384, 39.972238499000071 ], [ -8.014384796999934, 39.988312332000078 ], [ -8.008545363999929, 39.987950918000024 ], [ -7.998747023999954, 39.979076012000064 ], [ -7.99394861299993, 39.978146195000079 ], [ -7.991377045999968, 39.97921681300005 ], [ -7.991535417999955, 39.986891483000079 ], [ -7.984722499999975, 39.989700999000036 ], [ -7.974512303999973, 39.987452872000063 ], [ -7.964604350999934, 39.979945647000079 ], [ -7.953487499999937, 39.996027499000036 ], [ -7.95191785999998, 40.00184026800008 ], [ -7.920020358999977, 39.99886996400005 ], [ -7.915283713999941, 40.000840487000062 ], [ -7.914358581999977, 40.006597874000079 ], [ -7.901960499999973, 40.002860999000063 ], [ -7.90953486899997, 40.024934766000058 ], [ -7.913414887999977, 40.027592041000048 ], [ -7.915048585999955, 40.032968354000047 ], [ -7.902523523999946, 40.04238470100006 ], [ -7.892163571999959, 40.041786513000034 ], [ -7.87776, 40.047365999000078 ], [ -7.859838499999967, 40.059049499000025 ], [ -7.838587884999981, 40.051661696000053 ], [ -7.824732322999978, 40.049502808000057 ], [ -7.808312, 40.035736499000052 ], [ -7.80326139999994, 40.045422018000068 ], [ -7.807911768999929, 40.050948837000078 ], [ -7.801791192999929, 40.059249199000078 ], [ -7.804963388999965, 40.069148217000077 ], [ -7.801266675999955, 40.075071243000025 ], [ -7.81184621999995, 40.074576327000045 ], [ -7.814468399999953, 40.077072585000053 ], [ -7.79957103199996, 40.085984920000044 ], [ -7.792278797999927, 40.085876186000064 ], [ -7.785169954999958, 40.073654698000041 ], [ -7.775779719999946, 40.067231715000048 ], [ -7.772209099999941, 40.072627856000054 ], [ -7.753670499999942, 40.086561499000027 ], [ -7.753594499999963, 40.086603999000033 ], [ -7.746383296999966, 40.089683042000047 ], [ -7.742269885999974, 40.094364975000076 ], [ -7.744036989999927, 40.097052914000074 ], [ -7.750565587999972, 40.098297727000045 ], [ -7.750441060999947, 40.100108386000045 ], [ -7.732649242999969, 40.105565718000037 ], [ -7.736047997999947, 40.123291119000044 ], [ -7.747384, 40.130039499000077 ], [ -7.769433, 40.141764499000033 ], [ -7.77382576499997, 40.146072213000025 ], [ -7.773933499999941, 40.15513499900004 ], [ -7.77914832099998, 40.158353202000058 ], [ -7.795693924999966, 40.160736689000032 ], [ -7.800985522999952, 40.167751615000043 ], [ -7.801658774999964, 40.176571716000069 ], [ -7.808949, 40.181771999000034 ], [ -7.809045, 40.18177649900008 ], [ -7.795901410999932, 40.201037275000033 ], [ -7.784343499999977, 40.208187499000076 ], [ -7.782392, 40.229918499000064 ], [ -7.787861810999971, 40.239590202000045 ], [ -7.80237916699997, 40.254617579000069 ], [ -7.809575797999969, 40.255887091000034 ], [ -7.822179464999977, 40.257386039000039 ], [ -7.825534499999947, 40.266298499000072 ], [ -7.817688808999947, 40.272346187000039 ], [ -7.818011499999955, 40.282241999000064 ], [ -7.809575797999969, 40.289779453000051 ], [ -7.806013585999949, 40.304429388000074 ], [ -7.801909499999965, 40.309058499000059 ], [ -7.793824085999972, 40.309394080000061 ], [ -7.780075168999929, 40.317761424000025 ], [ -7.771728362999966, 40.31580748500005 ], [ -7.765771522999955, 40.31689745400007 ], [ -7.759198, 40.334883499000057 ], [ -7.763022, 40.336545999000066 ], [ -7.768738699999972, 40.336034994000045 ], [ -7.77259231599993, 40.338375215000042 ], [ -7.778480836999961, 40.336676142000044 ], [ -7.787506057999963, 40.345822338000062 ], [ -7.803899, 40.349081999000077 ], [ -7.804812499999969, 40.35350949900004 ], [ -7.803922648999958, 40.35782273600006 ], [ -7.796369499999969, 40.364345999000079 ], [ -7.798897136999926, 40.368797518000065 ], [ -7.796352810999963, 40.37433339200004 ], [ -7.798112, 40.380641999000034 ], [ -7.798375, 40.381079999000065 ], [ -7.797168499999941, 40.405046499000036 ], [ -7.809062499999925, 40.405767499000035 ], [ -7.824950041999955, 40.403909470000031 ], [ -7.831967499999962, 40.407012999000074 ], [ -7.833973499999956, 40.408506999000053 ], [ -7.845129, 40.414085499000066 ], [ -7.845283499999937, 40.417936499000064 ], [ -7.845311, 40.42131899900005 ], [ -7.845462, 40.424044499000047 ], [ -7.849099, 40.42740849900008 ], [ -7.842766479999966, 40.432805173000077 ], [ -7.825939231999939, 40.440229016000046 ], [ -7.810709, 40.439614499000072 ], [ -7.809575797999969, 40.441040414000042 ], [ -7.804203499999971, 40.44779999900004 ], [ -7.802958499999932, 40.449534999000036 ], [ -7.79923649999995, 40.454179499000077 ], [ -7.796946499999933, 40.457422999000073 ], [ -7.798678499999937, 40.458637499000076 ], [ -7.803690499999959, 40.463016999000047 ], [ -7.809575797999969, 40.466948217000038 ], [ -7.827042547999952, 40.482357965000062 ], [ -7.828315, 40.498545499000045 ], [ -7.823805991999961, 40.49975968900003 ], [ -7.823152, 40.502344999000059 ], [ -7.821230176999961, 40.508234316000028 ], [ -7.809575797999969, 40.508158019000064 ], [ -7.785640499999943, 40.507037499000035 ], [ -7.771738840999944, 40.517576778000034 ], [ -7.763429312999961, 40.519811552000078 ], [ -7.758776782999973, 40.525595496000051 ], [ -7.753447499999936, 40.52698299900004 ], [ -7.745631852999963, 40.526367647000029 ], [ -7.721347, 40.535290499000041 ], [ -7.721113499999944, 40.535516999000038 ], [ -7.713501503999964, 40.542746430000079 ], [ -7.705841996999936, 40.546107797000047 ], [ -7.697892232999948, 40.54785998400007 ], [ -7.689723581999942, 40.546615072000066 ], [ -7.682155473999956, 40.551544306000039 ], [ -7.669809137999948, 40.552367293000032 ], [ -7.665016, 40.559710499000062 ], [ -7.662822, 40.559581999000045 ], [ -7.654623234999974, 40.559667801000046 ], [ -7.634080508999944, 40.567741382000065 ], [ -7.61909719199997, 40.564931841000032 ], [ -7.61312533499995, 40.567186118000052 ], [ -7.606599, 40.56503249900004 ], [ -7.580309, 40.574958499000047 ], [ -7.586266949999981, 40.57646687700003 ], [ -7.588564187999964, 40.579922850000059 ], [ -7.586006, 40.593051999000068 ], [ -7.573845499999948, 40.616576499000075 ], [ -7.569339, 40.623010499000031 ], [ -7.562272967999945, 40.635432903000037 ], [ -7.565821, 40.645329999000069 ], [ -7.542102499999942, 40.659388499000045 ], [ -7.545995, 40.662467499000059 ], [ -7.552062933999935, 40.667819862000044 ], [ -7.550898356999937, 40.676808451000056 ], [ -7.544325693999951, 40.684709154000075 ], [ -7.539069201999951, 40.685002868000026 ], [ -7.535142, 40.690301999000042 ], [ -7.529615, 40.694480499000065 ], [ -7.521767, 40.699089499000024 ], [ -7.505426328999931, 40.700644237000063 ], [ -7.494022499999971, 40.698143499000025 ], [ -7.48012770899993, 40.703747975000056 ], [ -7.472397964999971, 40.710533632000079 ], [ -7.472616, 40.713834999000028 ], [ -7.477942222999957, 40.72919801200004 ], [ -7.470583231999967, 40.735146310000061 ], [ -7.464706, 40.744556999000054 ], [ -7.448061208999945, 40.74517591700004 ], [ -7.434878125999944, 40.750508870000033 ], [ -7.424471499999981, 40.758091499000045 ], [ -7.42215015499994, 40.765642058000026 ], [ -7.42426250799997, 40.771115808000047 ], [ -7.44724, 40.784317999000052 ], [ -7.454235942999958, 40.786074099000075 ], [ -7.461344499999939, 40.79150899900003 ], [ -7.462172, 40.792719499000043 ], [ -7.466594698999927, 40.802913179000029 ], [ -7.454102, 40.807903499000076 ], [ -7.454204, 40.812607999000079 ], [ -7.448061208999945, 40.815398025000036 ], [ -7.436745415999951, 40.824079378000079 ], [ -7.434215, 40.829018499000028 ], [ -7.424, 40.845732499000064 ], [ -7.422376499999928, 40.847403999000051 ], [ -7.414088641999967, 40.856284875000028 ], [ -7.402436454999929, 40.878596579000032 ], [ -7.389931676999936, 40.878509444000031 ], [ -7.379605201999937, 40.869996326000035 ], [ -7.378150113999936, 40.874678092000067 ], [ -7.38340065899996, 40.880496122000068 ], [ -7.375779866999949, 40.888917177000053 ], [ -7.375465, 40.904575499000032 ], [ -7.37341631399994, 40.91284855400005 ], [ -7.358357560999934, 40.927345337000077 ], [ -7.336567676999948, 40.934429876000024 ], [ -7.332593245999931, 40.938681064000036 ], [ -7.334185488999935, 40.94499305100004 ], [ -7.325686003999976, 40.970559188000038 ], [ -7.331107499999973, 40.976458499000046 ], [ -7.338363114999936, 40.98027071000007 ], [ -7.343274, 40.980931499000064 ], [ -7.354276689999949, 40.982511356000032 ], [ -7.368461210999953, 40.991102262000027 ], [ -7.377931556999954, 40.991838298000062 ], [ -7.375856526999939, 40.999475403000076 ], [ -7.379444, 41.006742999000039 ], [ -7.378783749999968, 41.012411838000048 ], [ -7.37587494099995, 41.013759542000059 ], [ -7.363984244999926, 41.014099118000047 ], [ -7.351124299999981, 41.01122785900003 ], [ -7.340675566999948, 41.01261291600008 ], [ -7.333514, 41.023471499000038 ], [ -7.318253219999974, 41.016874374000054 ], [ -7.295679499999949, 41.015606999000056 ], [ -7.277049396999928, 41.018632276000062 ], [ -7.261586564999959, 41.018124239000031 ], [ -7.246098, 41.006450999000037 ], [ -7.233968162999929, 41.017485392000026 ], [ -7.231129499999952, 41.027183499000046 ], [ -7.22268777599993, 41.034227964000024 ], [ -7.211052259999974, 41.03714343300004 ], [ -7.201012499999933, 41.036593499000048 ], [ -7.177533246999928, 41.029077761000053 ], [ -7.16776312199994, 41.012023531000068 ], [ -7.168119499999932, 41.005826499000079 ], [ -7.180727677999926, 41.008227279000039 ], [ -7.184272198999963, 41.004454594000038 ], [ -7.185149327999966, 40.995973247000052 ], [ -7.182274579999955, 40.984897992000072 ], [ -7.173548580999977, 40.975665542000058 ], [ -7.167453499999965, 40.973106499000039 ], [ -7.169552185999976, 40.96016876300007 ], [ -7.174947553999971, 40.954129254000065 ], [ -7.177806511999961, 40.94084433900008 ], [ -7.184385296999949, 40.936225383000078 ], [ -7.181708499999957, 40.934548999000071 ], [ -7.170153383999946, 40.931464456000072 ], [ -7.158503204999931, 40.931764805000057 ], [ -7.141247285999953, 40.923473220000062 ], [ -7.13569549999994, 40.923158499000067 ], [ -7.131236668999975, 40.942940471000043 ], [ -7.124230022999939, 40.951148083000078 ], [ -7.106018640999935, 40.964238078000051 ], [ -7.101709, 40.971213499000044 ], [ -7.10259549999995, 40.973053499000059 ], [ -7.100696, 40.973328499000047 ], [ -7.094360668999968, 40.973420339000029 ], [ -7.082312195999975, 40.973233359000062 ], [ -7.059061342999939, 40.967435581000075 ], [ -7.046555283999965, 40.967600891000075 ], [ -6.996438, 40.983337999000071 ], [ -6.984489022999981, 41.009305443000073 ], [ -6.97754310299996, 41.01737330800006 ], [ -6.983586, 41.026249499000073 ], [ -6.976319602999979, 41.033075307000047 ], [ -6.969272734999947, 41.035995058000026 ], [ -6.963494048999962, 41.033755864000057 ], [ -6.955314261999945, 41.030586134000032 ], [ -6.934506499999941, 41.029287999000076 ], [ -6.929903499999966, 41.02946649900008 ], [ -6.930719529999976, 41.016887306000058 ], [ -6.921198261999962, 41.003599657000052 ], [ -6.908565317999944, 40.99840890300004 ], [ -6.903157267999973, 40.989115822000031 ], [ -6.892533320999974, 40.981422980000048 ], [ -6.886423854999975, 40.971332104000055 ], [ -6.870719, 40.958812499000032 ], [ -6.867800896999938, 40.957122815000048 ], [ -6.860683206999965, 40.949460362000025 ], [ -6.858105499999965, 40.943164999000032 ], [ -6.857432499999959, 40.942420999000035 ], [ -6.849554424999951, 40.924839366000072 ], [ -6.849657, 40.903216999000051 ], [ -6.838592681999955, 40.889870717000065 ], [ -6.819492003999926, 40.881459545000041 ], [ -6.810122777999936, 40.88210640300008 ], [ -6.807457, 40.876678499000036 ], [ -6.801935, 40.861045999000055 ], [ -6.802198499999975, 40.845142499000076 ], [ -6.806734645999938, 40.845965893000027 ], [ -6.811999102999948, 40.84266537700006 ], [ -6.824332624999954, 40.844312979000051 ], [ -6.825860123999973, 40.842782789000069 ], [ -6.821976631999974, 40.836734737000029 ], [ -6.822810749999974, 40.819298678000052 ], [ -6.817756964999944, 40.807986739000057 ], [ -6.819902, 40.794551999000078 ], [ -6.825492499999939, 40.783416999000053 ], [ -6.828349499999945, 40.759483999000054 ], [ -6.83083260199993, 40.752916800000037 ], [ -6.829591036999943, 40.741182968000032 ], [ -6.824264396999979, 40.730201585000032 ], [ -6.81216, 40.71890649900007 ], [ -6.812801541999931, 40.707178723000027 ], [ -6.803174155999955, 40.682729264000045 ], [ -6.804586, 40.672999999000069 ], [ -6.803829959999973, 40.667350895000027 ], [ -6.793930499999931, 40.661743499000067 ], [ -6.799236864999955, 40.654479562000063 ], [ -6.804381, 40.638301999000078 ], [ -6.806013, 40.633426499000052 ], [ -6.807910499999934, 40.629581499000039 ], [ -6.811306, 40.625693999000077 ], [ -6.813009499999964, 40.622371999000052 ], [ -6.821252236999953, 40.610233720000053 ], [ -6.836443173999953, 40.595498383000063 ], [ -6.837706499999967, 40.58937049900004 ], [ -6.836757, 40.585693499000058 ], [ -6.836991, 40.582976999000039 ], [ -6.837812499999927, 40.579780499000037 ], [ -6.841026499999941, 40.57648449900006 ], [ -6.841444, 40.574721999000076 ], [ -6.84361, 40.570670999000072 ], [ -6.844637, 40.566791499000033 ], [ -6.805623404999949, 40.554230994000079 ], [ -6.801402155999938, 40.549356438000075 ], [ -6.804995031999965, 40.539997672000027 ], [ -6.803016499999956, 40.529777499000033 ], [ -6.799714082999969, 40.525595496000051 ], [ -6.797523038999941, 40.522820731000024 ], [ -6.795825767999929, 40.511898880000047 ], [ -6.814015538999968, 40.502026509000075 ], [ -6.819965, 40.488208499000052 ], [ -6.821765, 40.486259499000028 ], [ -6.822769499999936, 40.483810499000072 ], [ -6.827457, 40.480575499000054 ], [ -6.829376, 40.479682499000035 ], [ -6.833463499999937, 40.476798999000039 ], [ -6.848108, 40.455440499000076 ], [ -6.84924609899997, 40.451175487000057 ], [ -6.845052, 40.436332499000059 ], [ -6.835348770999929, 40.409329909000064 ], [ -6.823321604999933, 40.397237980000057 ], [ -6.811312, 40.389903999000069 ], [ -6.808842873999936, 40.384507786000029 ], [ -6.800592499999937, 40.379001499000026 ], [ -6.794294367999953, 40.372981202000062 ], [ -6.784780463999937, 40.369670863000067 ], [ -6.781906985999967, 40.365557683000077 ], [ -6.793352533999951, 40.355339711000056 ], [ -6.791007499999978, 40.333877499000039 ], [ -6.794292638999934, 40.329432603000043 ], [ -6.801507992999973, 40.325890626000046 ], [ -6.815944718999958, 40.325862158000064 ], [ -6.820109, 40.323817999000028 ], [ -6.840090852999936, 40.314398259000029 ], [ -6.861078499999962, 40.299762499000053 ], [ -6.863516488999949, 40.293748903000051 ], [ -6.862602391999928, 40.28202011500008 ], [ -6.862282422999954, 40.277914103000057 ], [ -6.865144, 40.270694499000058 ], [ -6.866708499999959, 40.266379999000037 ], [ -6.867907499999944, 40.265151999000068 ], [ -6.871761499999934, 40.262221999000076 ], [ -6.875544, 40.260746499000049 ], [ -6.880262, 40.259372499000051 ], [ -6.88509, 40.25869749900005 ], [ -6.889831499999957, 40.260211999000035 ], [ -6.894553499999972, 40.259917999000038 ], [ -6.90051, 40.257022999000071 ], [ -6.904327499999965, 40.256354999000052 ], [ -6.907892499999946, 40.254981999000051 ], [ -6.910782, 40.254741499000033 ], [ -6.914764, 40.255912499000033 ], [ -6.918953, 40.256389499000079 ], [ -6.923401, 40.25802599900004 ], [ -6.95129849999995, 40.257445999000026 ], [ -6.963494048999962, 40.239134442000079 ] ] ], [ [ [ -7.425366008999958, 40.88700172700004 ], [ -7.430244, 40.895333999000059 ], [ -7.428679607999925, 40.906801296000026 ], [ -7.417884499999957, 40.921805499000072 ], [ -7.409520499999928, 40.921820999000033 ], [ -7.401929499999937, 40.916478999000049 ], [ -7.398347, 40.914129499000069 ], [ -7.395258, 40.911554499000033 ], [ -7.393790499999966, 40.909898999000063 ], [ -7.381251499999962, 40.907301499000027 ], [ -7.379721169999925, 40.901704525000071 ], [ -7.382895625999936, 40.899270848000072 ], [ -7.387223038999934, 40.886858227000062 ], [ -7.398350891999939, 40.880612204000045 ], [ -7.405277206999926, 40.880434860000037 ], [ -7.425366008999958, 40.88700172700004 ] ] ] ] } },
{ "type": "Feature", "properties": { "name": "Encostas d'Aire", "region_type": "DOC", "color": "#3498db", "island": false, "source": "gisco_nuts3+gadm_level2" }, "geometry": { "type": "MultiPolygon", "coordinates": [ [ [ [ -8.7457, 39.5213 ], [ -8.7442, 39.5193 ], [ -8.7433, 39.5097 ], [ -8.7365, 39.5002 ], [ -8.7322, 39.4991 ], [ -8.7352, 39.4978 ], [ -8.7338, 39.4964 ], [ -8.7347, 39.4925 ], [ -8.7326, 39.4901 ], [ -8.7337, 39.4882 ], [ -8.7318, 39.4876 ], [ -8.7324, 39.4842 ], [ -8.7304, 39.4839 ], [ -8.7314, 39.4824 ], [ -8.7293, 39.48 ], [ -8.7358, 39.4794 ], [ -8.7359, 39.4805 ], [ -8.7387, 39.4806 ], [ -8.7414, 39.4777 ], [ -8.7477, 39.4802 ], [ -8.7594, 39.4757 ], [ -8.7657, 39.4763 ], [ -8.7719, 39.479 ], [ -8.789, 39.4791 ], [ -8.8024, 39.483 ], [ -8.8184, 39.478 ], [ -8.8464, 39.4725 ], [ -8.8634, 39.4755 ], [ -8.8814, 39.4744 ], [ -8.8855, 39.4724 ], [ -8.8926, 39.4653 ], [ -8.9034, 39.466 ], [ -8.9241, 39.4321 ], [ -8.9324, 39.4232 ], [ -8.9346, 39.4131 ], [ -8.94, 39.4057 ], [ -8.9457, 39.391 ], [ -8.9574, 39.3932 ], [ -8.9654, 39.3925 ], [ -8.9686, 39.3943 ], [ -8.9722, 39.3925 ], [ -8.975, 39.3877 ], [ -8.9836, 39.3848 ], [ -8.9829, 39.3886 ], [ -8.9862, 39.3914 ], [ -8.9862, 39.3942 ], [ -8.9908, 39.3972 ], [ -8.9886, 39.4001 ], [ -8.9857, 39.3985 ], [ -8.9872, 39.401 ], [ -8.9858, 39.4021 ], [ -8.9865, 39.4036 ], [ -8.9931, 39.4018 ], [ -8.9973, 39.4025 ], [ -9.0131, 39.4159 ], [ -9.008, 39.4196 ], [ -9.0046, 39.4169 ], [ -8.993, 39.4275 ], [ -8.9894, 39.4285 ], [ -8.9915, 39.4315 ], [ -8.9854, 39.4333 ], [ -8.9861, 39.4375 ], [ -8.9851, 39.4463 ], [ -8.9827, 39.4503 ], [ -8.9837, 39.4513 ], [ -8.9861, 39.4527 ], [ -8.9906, 39.4517 ], [ -8.9918, 39.4542 ], [ -9.0124, 39.4548 ], [ -9.0221, 39.4643 ], [ -9.0274, 39.4644 ], [ -9.0308, 39.4665 ], [ -9.0496, 39.4702 ], [ -9.0519, 39.4723 ], [ -9.0585, 39.4722 ], [ -9.0649, 39.4745 ], [ -9.0711, 39.4749 ], [ -9.079, 39.4731 ], [ -9.0817, 39.474 ], [ -9.0795, 39.4699 ], [ -9.082, 39.4691 ], [ -9.083, 39.4667 ], [ -9.0887, 39.4667 ], [ -9.0921, 39.462 ], [ -9.1006, 39.4577 ], [ -9.1206, 39.4619 ], [ -9.1242, 39.479 ], [ -9.1382, 39.4865 ], [ -9.1411, 39.4925 ], [ -9.15, 39.5013 ], [ -9.1488, 39.5045 ], [ -9.1433, 39.5026 ], [ -9.1397, 39.5033 ], [ -9.1355, 39.5083 ], [ -9.1375, 39.5126 ], [ -9.1424, 39.5099 ], [ -9.1446, 39.5107 ], [ -9.1415, 39.514 ], [ -9.1457, 39.5218 ], [ -9.1404, 39.521 ], [ -9.1338, 39.5243 ], [ -9.1287, 39.5287 ], [ -9.1246, 39.539 ], [ -9.1176, 39.541 ], [ -9.1149, 39.544 ], [ -9.1115, 39.5448 ], [ -9.1086, 39.5421 ], [ -9.1023, 39.5445 ], [ -9.1003, 39.5438 ], [ -9.1015, 39.543 ], [ -9.099, 39.5404 ], [ -9.0984, 39.5349 ], [ -9.0929, 39.5291 ], [ -9.0925, 39.5237 ], [ -9.0951, 39.519 ], [ -9.0735, 39.511 ], [ -9.0662, 39.5141 ], [ -9.0612, 39.5203 ], [ -9.0631, 39.5256 ], [ -9.0617, 39.5265 ], [ -9.0639, 39.53 ], [ -9.0633, 39.533 ], [ -9.0598, 39.5322 ], [ -9.0669, 39.5401 ], [ -9.066, 39.5524 ], [ -9.0603, 39.5588 ], [ -9.0623, 39.5632 ], [ -9.0614, 39.5665 ], [ -9.0684, 39.5734 ], [ -9.0573, 39.5725 ], [ -9.0375, 39.5772 ], [ -9.025, 39.5779 ], [ -9.0113, 39.5745 ], [ -9.0037, 39.5706 ], [ -8.9985, 39.5727 ], [ -8.9942, 39.5779 ], [ -8.9933, 39.5819 ], [ -8.9892, 39.5837 ], [ -8.9909, 39.5916 ], [ -8.9895, 39.5963 ], [ -8.9903, 39.5987 ], [ -8.9952, 39.5964 ], [ -8.9922, 39.602 ], [ -8.9976, 39.6079 ], [ -8.9963, 39.6081 ], [ -8.9982, 39.6151 ], [ -8.9849, 39.6102 ], [ -8.983, 39.618 ], [ -8.9832, 39.6291 ], [ -8.9742, 39.6389 ], [ -8.971, 39.6447 ], [ -8.9761, 39.6434 ], [ -8.9835, 39.6454 ], [ -8.9878, 39.6501 ], [ -9.0079, 39.6487 ], [ -9.0278, 39.6449 ], [ -9.0364, 39.6361 ], [ -9.0433, 39.6369 ], [ -9.0477, 39.6352 ], [ -9.0634, 39.6466 ], [ -9.0725, 39.6476 ], [ -9.0615, 39.6738 ], [ -9.0607, 39.6804 ], [ -9.0588, 39.6818 ], [ -9.0599, 39.6849 ], [ -9.0501, 39.7004 ], [ -9.0504, 39.7057 ], [ -9.0521, 39.7068 ], [ -9.0504, 39.7076 ], [ -9.0493, 39.7121 ], [ -9.0493, 39.7165 ], [ -9.051, 39.719 ], [ -9.0401, 39.7414 ], [ -9.0009, 39.7152 ], [ -8.9966, 39.7137 ], [ -8.9847, 39.713 ], [ -8.9723, 39.7274 ], [ -8.9733, 39.724 ], [ -8.9718, 39.7174 ], [ -8.9701, 39.7168 ], [ -8.9709, 39.7146 ], [ -8.9679, 39.7103 ], [ -8.9664, 39.7033 ], [ -8.962, 39.6998 ], [ -8.9579, 39.7006 ], [ -8.9554, 39.696 ], [ -8.9534, 39.6972 ], [ -8.952, 39.6932 ], [ -8.9484, 39.6932 ], [ -8.9464, 39.6907 ], [ -8.9411, 39.6912 ], [ -8.9343, 39.6885 ], [ -8.9405, 39.6865 ], [ -8.9321, 39.6891 ], [ -8.9359, 39.6922 ], [ -8.9336, 39.6945 ], [ -8.9267, 39.6962 ], [ -8.9213, 39.7044 ], [ -8.9242, 39.7147 ], [ -8.9223, 39.7153 ], [ -8.92, 39.7136 ], [ -8.9162, 39.7149 ], [ -8.9085, 39.7292 ], [ -8.9037, 39.7275 ], [ -8.9026, 39.7248 ], [ -8.8961, 39.7234 ], [ -8.8846, 39.7376 ], [ -8.8777, 39.7406 ], [ -8.8732, 39.7401 ], [ -8.8769, 39.7527 ], [ -8.8736, 39.7573 ], [ -8.8722, 39.7638 ], [ -8.869, 39.7671 ], [ -8.868, 39.7734 ], [ -8.8688, 39.7756 ], [ -8.8806, 39.7794 ], [ -8.8843, 39.7837 ], [ -8.8919, 39.7823 ], [ -8.8955, 39.7842 ], [ -8.8977, 39.7817 ], [ -8.9045, 39.7852 ], [ -8.9065, 39.7892 ], [ -8.9063, 39.7938 ], [ -8.9118, 39.8012 ], [ -8.9064, 39.8038 ], [ -8.9023, 39.8113 ], [ -8.899, 39.8127 ], [ -8.8956, 39.8178 ], [ -8.9004, 39.8323 ], [ -8.9174, 39.8426 ], [ -8.9281, 39.8631 ], [ -8.9196, 39.8633 ], [ -8.9008, 39.8699 ], [ -8.8938, 39.8795 ], [ -8.9047, 39.8837 ], [ -8.9074, 39.8885 ], [ -8.9124, 39.8891 ], [ -8.9321, 39.8907 ], [ -8.9362, 39.8831 ], [ -8.946, 39.8874 ], [ -8.9682, 39.8865 ], [ -8.955, 39.9146 ], [ -8.9557, 39.9179 ], [ -8.9537, 39.9176 ], [ -8.9499, 39.9246 ], [ -8.9307, 39.9649 ], [ -8.8927, 39.9513 ], [ -8.8768, 39.9418 ], [ -8.8699, 39.9447 ], [ -8.8693, 39.9396 ], [ -8.85, 39.9363 ], [ -8.7944, 39.9151 ], [ -8.7945, 39.9131 ], [ -8.7804, 39.9089 ], [ -8.7705, 39.9016 ], [ -8.7609, 39.8983 ], [ -8.755, 39.8739 ], [ -8.7518, 39.8674 ], [ -8.738, 39.8585 ], [ -8.735, 39.8506 ], [ -8.7315, 39.8466 ], [ -8.7297, 39.8395 ], [ -8.7154, 39.8318 ], [ -8.7101, 39.8307 ], [ -8.7076, 39.8345 ], [ -8.7001, 39.8363 ], [ -8.6878, 39.8349 ], [ -8.682, 39.8307 ], [ -8.6761, 39.8301 ], [ -8.6747, 39.8262 ], [ -8.6554, 39.8179 ], [ -8.6495, 39.8133 ], [ -8.6453, 39.8136 ], [ -8.6394, 39.8077 ], [ -8.6359, 39.8069 ], [ -8.6311, 39.8019 ], [ -8.6264, 39.8 ], [ -8.6233, 39.7962 ], [ -8.6239, 39.7896 ], [ -8.6351, 39.7899 ], [ -8.6407, 39.7853 ], [ -8.6479, 39.7835 ], [ -8.6512, 39.7811 ], [ -8.6686, 39.7752 ], [ -8.6761, 39.7742 ], [ -8.6804, 39.7678 ], [ -8.6788, 39.7605 ], [ -8.6815, 39.7485 ], [ -8.6796, 39.7468 ], [ -8.6779, 39.7383 ], [ -8.6716, 39.7326 ], [ -8.6722, 39.7299 ], [ -8.6642, 39.7251 ], [ -8.6678, 39.7227 ], [ -8.6756, 39.7236 ], [ -8.6795, 39.7205 ], [ -8.6806, 39.7183 ], [ -8.6792, 39.7089 ], [ -8.6738, 39.7098 ], [ -8.6554, 39.7025 ], [ -8.6405, 39.7013 ], [ -8.6321, 39.6955 ], [ -8.6352, 39.6937 ], [ -8.6372, 39.6881 ], [ -8.6423, 39.6868 ], [ -8.6433, 39.6828 ], [ -8.646, 39.6805 ], [ -8.6419, 39.6743 ], [ -8.6494, 39.6607 ], [ -8.6616, 39.6569 ], [ -8.6717, 39.6511 ], [ -8.6763, 39.6509 ], [ -8.6773, 39.6469 ], [ -8.6803, 39.6453 ], [ -8.6831, 39.6459 ], [ -8.6974, 39.6403 ], [ -8.7003, 39.6411 ], [ -8.701853969840872, 39.638073848204613 ], [ -8.7012, 39.637 ], [ -8.7022, 39.6355 ], [ -8.6991, 39.6282 ], [ -8.6919, 39.6204 ], [ -8.6875, 39.6099 ], [ -8.6897, 39.5976 ], [ -8.6895, 39.5888 ], [ -8.6857, 39.5809 ], [ -8.6859, 39.5752 ], [ -8.6773, 39.5666 ], [ -8.6711, 39.5636 ], [ -8.6715, 39.5618 ], [ -8.6873, 39.5509 ], [ -8.6902, 39.5534 ], [ -8.6874, 39.5509 ], [ -8.69, 39.5473 ], [ -8.6901, 39.5421 ], [ -8.6929, 39.5398 ], [ -8.6952, 39.5324 ], [ -8.6979, 39.5328 ], [ -8.7003, 39.5297 ], [ -8.7037, 39.5286 ], [ -8.7054, 39.5296 ], [ -8.7145, 39.5208 ], [ -8.7322, 39.533 ], [ -8.7337, 39.5362 ], [ -8.737, 39.537 ], [ -8.74, 39.5339 ], [ -8.7418, 39.5341 ], [ -8.742, 39.5318 ], [ -8.7456, 39.5301 ], [ -8.7468, 39.5271 ], [ -8.7447, 39.5237 ], [ -8.7457, 39.5213 ] ], [ [ -8.9416, 39.6773 ], [ -8.940751376146787, 39.677198165137618 ], [ -8.94, 39.6782 ], [ -8.9416, 39.6773 ] ], [ [ -8.9386, 39.6729 ], [ -8.938136971046767, 39.67280445434298 ], [ -8.938638915094339, 39.673219103773583 ], [ -8.9386, 39.6729 ] ], [ [ -8.932765409772992, 39.671696036937284 ], [ -8.9335, 39.6722 ], [ -8.934484677419354, 39.672050806451608 ], [ -8.932765409772992, 39.671696036937284 ] ], [ [ -8.9327, 39.6705 ], [ -8.929532817337464, 39.669478328173376 ], [ -8.93236497461929, 39.671421319796949 ], [ -8.9327, 39.6705 ] ], [ [ -8.9168, 39.6324 ], [ -8.910976441433998, 39.636961787543363 ], [ -8.9112, 39.6369 ], [ -8.9168, 39.6324 ] ], [ [ -8.8846, 39.6479 ], [ -8.88311975570897, 39.648653106744561 ], [ -8.8876, 39.6488 ], [ -8.8846, 39.6479 ] ], [ [ -8.8684, 39.645 ], [ -8.873737078260866, 39.651325426086956 ], [ -8.873795253164555, 39.651294462025312 ], [ -8.8684, 39.645 ] ], [ [ -8.8583, 39.6776 ], [ -8.8628, 39.6773 ], [ -8.863321951219516, 39.676647560975603 ], [ -8.8583, 39.6776 ] ], [ [ -8.709575038588746, 39.650752194046291 ], [ -8.7175, 39.6651 ], [ -8.718527899759037, 39.665453199036151 ], [ -8.709575038588746, 39.650752194046291 ] ], [ [ -8.9299, 39.6105 ], [ -8.929779042386187, 39.610336970172689 ], [ -8.9335, 39.6262 ], [ -8.9299, 39.6105 ] ] ], [ [ [ -8.3417, 39.8962 ], [ -8.3388, 39.8981 ], [ -8.3284, 39.8977 ], [ -8.3255, 39.8959 ], [ -8.3249, 39.8973 ], [ -8.3061, 39.9012 ], [ -8.3017, 39.8947 ], [ -8.3015, 39.8841 ], [ -8.3068, 39.8753 ], [ -8.3112, 39.8718 ], [ -8.311, 39.8668 ], [ -8.3137, 39.8647 ], [ -8.3161, 39.8654 ], [ -8.3176, 39.862 ], [ -8.3312, 39.8482 ], [ -8.3286, 39.8444 ], [ -8.3281, 39.8389 ], [ -8.3311, 39.8325 ], [ -8.3308, 39.8261 ], [ -8.335, 39.8195 ], [ -8.3332, 39.8149 ], [ -8.3365, 39.7999 ], [ -8.3355, 39.798 ], [ -8.3332, 39.7979 ], [ -8.3259, 39.7878 ], [ -8.3257, 39.781 ], [ -8.3277, 39.7798 ], [ -8.327, 39.7773 ], [ -8.3294, 39.7771 ], [ -8.3302, 39.7748 ], [ -8.3245, 39.7657 ], [ -8.3326, 39.7609 ], [ -8.3405, 39.7727 ], [ -8.3451, 39.7744 ], [ -8.3477, 39.7736 ], [ -8.3504, 39.7698 ], [ -8.3613, 39.7685 ], [ -8.3685, 39.7611 ], [ -8.3736, 39.7591 ], [ -8.3758, 39.7547 ], [ -8.3801, 39.7519 ], [ -8.3851, 39.7534 ], [ -8.3923, 39.7603 ], [ -8.4043, 39.7603 ], [ -8.4147, 39.7546 ], [ -8.4185, 39.756 ], [ -8.4231, 39.7542 ], [ -8.4236, 39.7479 ], [ -8.426, 39.7471 ], [ -8.4306, 39.7411 ], [ -8.4439, 39.7378 ], [ -8.4467, 39.7339 ], [ -8.4528, 39.7309 ], [ -8.4515, 39.737 ], [ -8.4547, 39.7399 ], [ -8.4551, 39.7441 ], [ -8.4509, 39.749 ], [ -8.4504, 39.7531 ], [ -8.4509, 39.7554 ], [ -8.4536, 39.7572 ], [ -8.4535, 39.7598 ], [ -8.4578, 39.7631 ], [ -8.4572, 39.7659 ], [ -8.4626, 39.7732 ], [ -8.4619, 39.7812 ], [ -8.464, 39.7832 ], [ -8.4629, 39.7854 ], [ -8.4654, 39.793 ], [ -8.4647, 39.8 ], [ -8.4624, 39.8042 ], [ -8.4673, 39.8069 ], [ -8.4704, 39.8173 ], [ -8.4742, 39.8209 ], [ -8.4744, 39.8344 ], [ -8.4812, 39.8413 ], [ -8.4805, 39.8473 ], [ -8.4839, 39.8537 ], [ -8.4837, 39.8602 ], [ -8.4759, 39.8676 ], [ -8.4759, 39.8701 ], [ -8.4784, 39.8719 ], [ -8.4736, 39.8755 ], [ -8.4728, 39.8822 ], [ -8.47, 39.8882 ], [ -8.4714, 39.8913 ], [ -8.4698, 39.8963 ], [ -8.481, 39.8967 ], [ -8.4919, 39.8997 ], [ -8.4951, 39.9045 ], [ -8.5005, 39.9041 ], [ -8.5089, 39.9101 ], [ -8.51, 39.9156 ], [ -8.5193, 39.9224 ], [ -8.5251, 39.9292 ], [ -8.5291, 39.9363 ], [ -8.5279, 39.939 ], [ -8.5296, 39.9419 ], [ -8.5388, 39.9488 ], [ -8.5294, 39.9561 ], [ -8.5247, 39.9628 ], [ -8.5206, 39.9796 ], [ -8.5222, 39.9845 ], [ -8.5036, 39.9844 ], [ -8.4906, 39.9861 ], [ -8.4865, 39.9925 ], [ -8.473, 39.998 ], [ -8.4667, 40.0031 ], [ -8.4603, 40.0057 ], [ -8.4572, 40.0125 ], [ -8.4575, 40.0178 ], [ -8.4555, 40.0156 ], [ -8.4479, 40.0139 ], [ -8.4471, 40.0111 ], [ -8.4414, 40.0101 ], [ -8.4333, 40.003 ], [ -8.4314, 39.999 ], [ -8.4271, 39.9977 ], [ -8.4246, 40.0007 ], [ -8.4278, 40.0037 ], [ -8.4248, 40.0068 ], [ -8.4251, 40.0082 ], [ -8.4283, 40.0067 ], [ -8.4305, 40.0074 ], [ -8.4301, 40.0098 ], [ -8.4334, 40.0128 ], [ -8.436, 40.0128 ], [ -8.4369, 40.0155 ], [ -8.4345, 40.0194 ], [ -8.4351, 40.0215 ], [ -8.427, 40.0267 ], [ -8.4215, 40.023 ], [ -8.4209, 40.0203 ], [ -8.4163, 40.0186 ], [ -8.4165, 40.0144 ], [ -8.4135, 40.0128 ], [ -8.411, 40.0087 ], [ -8.4092, 40.0084 ], [ -8.4105, 40.0104 ], [ -8.4083, 40.0111 ], [ -8.4066, 40.0089 ], [ -8.4067, 40.0059 ], [ -8.4044, 40.0058 ], [ -8.3989, 39.9882 ], [ -8.4026, 39.9786 ], [ -8.3948, 39.9749 ], [ -8.3799, 39.9554 ], [ -8.3809, 39.9514 ], [ -8.3904, 39.9512 ], [ -8.3925, 39.9497 ], [ -8.3932, 39.9375 ], [ -8.4002, 39.9348 ], [ -8.4071, 39.9347 ], [ -8.4089, 39.9318 ], [ -8.407, 39.9317 ], [ -8.4073, 39.9297 ], [ -8.3998, 39.9262 ], [ -8.3858, 39.9239 ], [ -8.3799, 39.9275 ], [ -8.3764, 39.9245 ], [ -8.3722, 39.9241 ], [ -8.3737, 39.9269 ], [ -8.3734, 39.9327 ], [ -8.3593, 39.9356 ], [ -8.3555, 39.9433 ], [ -8.3521, 39.9435 ], [ -8.35, 39.9463 ], [ -8.3456, 39.9482 ], [ -8.3348, 39.9191 ], [ -8.3513, 39.9135 ], [ -8.3575, 39.9095 ], [ -8.364, 39.9082 ], [ -8.357637284346239, 39.890251443902073 ], [ -8.356, 39.892 ], [ -8.3425, 39.8927 ], [ -8.3417, 39.8962 ] ], [ [ -8.4169, 39.8596 ], [ -8.416596488549621, 39.859491603053435 ], [ -8.4263, 39.8672 ], [ -8.4169, 39.8596 ] ], [ [ -8.4346, 39.8699 ], [ -8.438229885903569, 39.86993945528156 ], [ -8.4263, 39.8672 ], [ -8.4346, 39.8699 ] ], [ [ -8.405785135135135, 39.855630405405407 ], [ -8.4057, 39.8556 ], [ -8.4036, 39.8601 ], [ -8.405785135135135, 39.855630405405407 ] ], [ [ -8.39, 39.8657 ], [ -8.384058957654723, 39.867063517915312 ], [ -8.3841, 39.8671 ], [ -8.39, 39.8657 ] ], [ [ -8.3733, 39.8575 ], [ -8.3645, 39.8596 ], [ -8.361921976149908, 39.860645144804089 ], [ -8.3733, 39.8575 ] ], [ [ -8.361076507584166, 39.860987902330741 ], [ -8.3608, 39.8611 ], [ -8.3657, 39.8663 ], [ -8.361076507584166, 39.860987902330741 ] ], [ [ -8.4645, 39.8658 ], [ -8.4526, 39.863 ], [ -8.451633802816904, 39.863322065727701 ], [ -8.4645, 39.8658 ] ] ] ] } },
{ "type": "Feature", "properties": { "name": "Óbidos", "region_type": "DOC", "color": "#9b59b6", "island": false, "source": "gisco_nuts3+gadm_level2" }, "geometry": { "type": "MultiPolygon", "coordinates": [ [ [ [ -9.1264, 39.2453 ], [ -9.132, 39.2446 ], [ -9.1323, 39.2414 ], [ -9.1358, 39.2411 ], [ -9.1377, 39.2344 ], [ -9.1436, 39.2286 ], [ -9.1519, 39.2335 ], [ -9.1595, 39.2215 ], [ -9.1643, 39.2227 ], [ -9.1724, 39.2214 ], [ -9.1717, 39.2196 ], [ -9.178, 39.2115 ], [ -9.1831, 39.2126 ], [ -9.1877, 39.2189 ], [ -9.1865, 39.227 ], [ -9.1938, 39.2302 ], [ -9.1988, 39.2348 ], [ -9.1986, 39.238 ], [ -9.2024, 39.2477 ], [ -9.1975, 39.2495 ], [ -9.196, 39.2537 ], [ -9.1971, 39.2588 ], [ -9.1911, 39.2671 ], [ -9.187, 39.2689 ], [ -9.1881, 39.2735 ], [ -9.1919, 39.2753 ], [ -9.1965, 39.2811 ], [ -9.2001, 39.2934 ], [ -9.1998, 39.2977 ], [ -9.2034, 39.3006 ], [ -9.2005, 39.3023 ], [ -9.2146, 39.3038 ], [ -9.2176, 39.3019 ], [ -9.2188, 39.3044 ], [ -9.2239, 39.3069 ], [ -9.2255, 39.3068 ], [ -9.226, 39.3049 ], [ -9.2279, 39.3063 ], [ -9.238591982015736, 39.306000224803292 ], [ -9.2386, 39.3059 ], [ -9.2454, 39.3049 ], [ -9.2475, 39.3088 ], [ -9.2526, 39.3102 ], [ -9.2549, 39.3139 ], [ -9.2543, 39.3161 ], [ -9.26, 39.3214 ], [ -9.2564, 39.3176 ], [ -9.2614, 39.314 ], [ -9.263, 39.3152 ], [ -9.2714, 39.3088 ], [ -9.2763, 39.3083 ], [ -9.2779, 39.3011 ], [ -9.2881, 39.2976 ], [ -9.2882, 39.2938 ], [ -9.2905, 39.2931 ], [ -9.2909, 39.2903 ], [ -9.2954, 39.287 ], [ -9.2954, 39.2843 ], [ -9.2969, 39.2835 ], [ -9.3071, 39.2898 ], [ -9.3094, 39.2888 ], [ -9.3112, 39.2905 ], [ -9.3174, 39.2888 ], [ -9.3174, 39.2909 ], [ -9.3415, 39.2929 ], [ -9.3432, 39.2935 ], [ -9.3424, 39.2968 ], [ -9.3471, 39.3004 ], [ -9.3454, 39.3028 ], [ -9.3468, 39.311 ], [ -9.3574, 39.3193 ], [ -9.3601, 39.3237 ], [ -9.3629, 39.324 ], [ -9.3615, 39.326 ], [ -9.3588, 39.3254 ], [ -9.3588, 39.3346 ], [ -9.3654, 39.349 ], [ -9.3696, 39.3504 ], [ -9.371, 39.3532 ], [ -9.3729, 39.3526 ], [ -9.3732, 39.3551 ], [ -9.3754, 39.3532 ], [ -9.3776, 39.3535 ], [ -9.3751, 39.3488 ], [ -9.3763, 39.3482 ], [ -9.3796, 39.3526 ], [ -9.3835, 39.3524 ], [ -9.3836, 39.354 ], [ -9.3922, 39.3527 ], [ -9.4095, 39.3598 ], [ -9.4035, 39.3675 ], [ -9.3971, 39.3705 ], [ -9.3854, 39.3713 ], [ -9.3783, 39.3691 ], [ -9.3771, 39.372 ], [ -9.3793, 39.3761 ], [ -9.3717, 39.3706 ], [ -9.3736, 39.3675 ], [ -9.3728, 39.3653 ], [ -9.3707, 39.3654 ], [ -9.3721, 39.3649 ], [ -9.3707, 39.3632 ], [ -9.3589, 39.3604 ], [ -9.3534, 39.3612 ], [ -9.34, 39.3679 ], [ -9.339, 39.371 ], [ -9.3419, 39.3728 ], [ -9.341, 39.3796 ], [ -9.3397, 39.375 ], [ -9.3376, 39.3741 ], [ -9.3232, 39.3751 ], [ -9.3054, 39.3824 ], [ -9.2916, 39.3907 ], [ -9.271, 39.3609 ], [ -9.2915, 39.391 ], [ -9.2757, 39.4001 ], [ -9.2485, 39.4207 ], [ -9.2437, 39.4224 ], [ -9.2415, 39.4257 ], [ -9.2338, 39.4251 ], [ -9.2265, 39.4199 ], [ -9.2235, 39.4199 ], [ -9.2201, 39.411 ], [ -9.2171, 39.4082 ], [ -9.2121, 39.4071 ], [ -9.2121, 39.4054 ], [ -9.2168, 39.4026 ], [ -9.2235, 39.4007 ], [ -9.2229, 39.3996 ], [ -9.2168, 39.3999 ], [ -9.2157, 39.3985 ], [ -9.2232, 39.3924 ], [ -9.2265, 39.386 ], [ -9.2215, 39.3904 ], [ -9.2196, 39.3904 ], [ -9.2187, 39.3926 ], [ -9.2163, 39.3929 ], [ -9.2154, 39.3951 ], [ -9.2129, 39.3946 ], [ -9.2085, 39.3968 ], [ -9.2076, 39.3999 ], [ -9.1985, 39.3988 ], [ -9.1971, 39.4026 ], [ -9.1913, 39.404 ], [ -9.1876, 39.401 ], [ -9.1774, 39.4013 ], [ -9.1859, 39.4014 ], [ -9.184, 39.4032 ], [ -9.189, 39.4057 ], [ -9.1893, 39.4076 ], [ -9.1929, 39.404389189189189 ], [ -9.1929, 39.4043 ], [ -9.193, 39.4043 ], [ -9.2015, 39.4035 ], [ -9.2057, 39.4212 ], [ -9.2107, 39.4257 ], [ -9.2154, 39.426 ], [ -9.2176, 39.4282 ], [ -9.2229, 39.4276 ], [ -9.2263, 39.4296 ], [ -9.2282, 39.4324 ], [ -9.2279, 39.4362 ], [ -9.2221, 39.4426 ], [ -9.2212, 39.446 ], [ -9.2115, 39.456 ], [ -9.209, 39.4618 ], [ -9.2039, 39.4676 ], [ -9.2037, 39.4731 ], [ -9.1953, 39.4751 ], [ -9.1876, 39.4847 ], [ -9.1844, 39.4856 ], [ -9.1809, 39.4915 ], [ -9.1767, 39.4953 ], [ -9.1718, 39.4969 ], [ -9.1718, 39.5009 ], [ -9.1674, 39.5036 ], [ -9.1618, 39.5044 ], [ -9.1529, 39.5096 ], [ -9.1457, 39.5091 ], [ -9.15, 39.5013 ], [ -9.1411, 39.4925 ], [ -9.1382, 39.4865 ], [ -9.1242, 39.479 ], [ -9.1206, 39.4619 ], [ -9.1006, 39.4577 ], [ -9.0921, 39.462 ], [ -9.0887, 39.4667 ], [ -9.083, 39.4667 ], [ -9.082, 39.4691 ], [ -9.0795, 39.4699 ], [ -9.0817, 39.474 ], [ -9.079, 39.4731 ], [ -9.0711, 39.4749 ], [ -9.0649, 39.4745 ], [ -9.0585, 39.4722 ], [ -9.0519, 39.4723 ], [ -9.0496, 39.4702 ], [ -9.0308, 39.4665 ], [ -9.0274, 39.4644 ], [ -9.0221, 39.4643 ], [ -9.0124, 39.4548 ], [ -8.9918, 39.4542 ], [ -8.9906, 39.4517 ], [ -8.9861, 39.4527 ], [ -8.9827, 39.4503 ], [ -8.9851, 39.4463 ], [ -8.9854, 39.4333 ], [ -8.9915, 39.4315 ], [ -8.9894, 39.4285 ], [ -8.993, 39.4275 ], [ -9.0046, 39.4169 ], [ -9.008, 39.4196 ], [ -9.0131, 39.4159 ], [ -8.9973, 39.4025 ], [ -8.9931, 39.4018 ], [ -8.9869, 39.4039 ], [ -8.9858, 39.4021 ], [ -8.9872, 39.401 ], [ -8.9857, 39.3985 ], [ -8.9886, 39.4001 ], [ -8.9908, 39.3972 ], [ -8.9862, 39.3942 ], [ -8.9862, 39.3914 ], [ -8.9825, 39.387 ], [ -8.9847, 39.3818 ], [ -8.9918, 39.3759 ], [ -8.9918, 39.373 ], [ -8.9986, 39.3609 ], [ -8.9982, 39.358 ], [ -9.0016, 39.3546 ], [ -9.0002, 39.3459 ], [ -8.9982, 39.3433 ], [ -8.9991, 39.3332 ], [ -8.9969, 39.3285 ], [ -8.9909, 39.3234 ], [ -8.9864, 39.3188 ], [ -8.9927, 39.2991 ], [ -9.0034, 39.2915 ], [ -9.0106, 39.2918 ], [ -9.0153, 39.294 ], [ -9.0265, 39.2932 ], [ -9.031, 39.3035 ], [ -9.0393, 39.3102 ], [ -9.0458, 39.3114 ], [ -9.0508, 39.3101 ], [ -9.0558, 39.312 ], [ -9.06, 39.3084 ], [ -9.0637, 39.3077 ], [ -9.0664, 39.3098 ], [ -9.0737, 39.3022 ], [ -9.0722, 39.2994 ], [ -9.084962125084061, 39.296508581035646 ], [ -9.0848, 39.2952 ], [ -9.0903, 39.2934 ], [ -9.0927, 39.2902 ], [ -9.1012, 39.2897 ], [ -9.1052, 39.285 ], [ -9.106, 39.2789 ], [ -9.1085, 39.2761 ], [ -9.1129, 39.2732 ], [ -9.1213, 39.2709 ], [ -9.1231, 39.2665 ], [ -9.1219, 39.2646 ], [ -9.123, 39.263 ], [ -9.1207, 39.261 ], [ -9.1224, 39.2591 ], [ -9.1211, 39.2569 ], [ -9.1235, 39.2539 ], [ -9.1232, 39.2507 ], [ -9.1269, 39.2483 ], [ -9.1264, 39.2453 ] ], [ [ -9.261, 39.328 ], [ -9.261551457238413, 39.328209173435262 ], [ -9.26, 39.3214 ], [ -9.261, 39.328 ] ], [ [ -9.234955876494025, 39.314903386454176 ], [ -9.2382, 39.3109 ], [ -9.2354, 39.313 ], [ -9.234955876494025, 39.314903386454176 ] ], [ [ -9.2335, 39.3167 ], [ -9.233918640017373, 39.316183380404091 ], [ -9.2249, 39.3183 ], [ -9.2335, 39.3167 ] ], [ [ -9.1954, 39.3364 ], [ -9.195536111111103, 39.336306284153011 ], [ -9.1895, 39.3369 ], [ -9.1954, 39.3364 ] ], [ [ -9.1828, 39.3381 ], [ -9.1866, 39.3382 ], [ -9.17, 39.3337 ], [ -9.1828, 39.3381 ] ], [ [ -9.093944910660507, 39.325163601686413 ], [ -9.093944910660509, 39.325163601686413 ], [ -9.0884, 39.3215 ], [ -9.093944910660507, 39.325163601686413 ] ], [ [ -9.0647, 39.3458 ], [ -9.059088692579504, 39.336260777385156 ], [ -9.0598, 39.3393 ], [ -9.0647, 39.3458 ] ], [ [ -9.0587, 39.3346 ], [ -9.058924489795917, 39.335559183673467 ], [ -9.0664, 39.3342 ], [ -9.066285832987122, 39.333343747403411 ], [ -9.0587, 39.3346 ] ] ], [ [ [ -9.509, 39.4118 ], [ -9.5124, 39.4074 ], [ -9.5143, 39.4082 ], [ -9.514, 39.4099 ], [ -9.5165, 39.409 ], [ -9.5165, 39.4143 ], [ -9.5129, 39.4196 ], [ -9.5051, 39.4212 ], [ -9.501, 39.4185 ], [ -9.504, 39.4135 ], [ -9.509, 39.4118 ] ] ], [ [ [ -9.5451, 39.4749 ], [ -9.5446, 39.4735 ], [ -9.5446, 39.4724 ], [ -9.5465, 39.4726 ], [ -9.5451, 39.4749 ] ] ], [ [ [ -9.5435, 39.4799 ], [ -9.5399, 39.4785 ], [ -9.5468, 39.476 ], [ -9.5463, 39.4799 ], [ -9.5435, 39.4799 ] ] ], [ [ [ -9.0925, 39.5237 ], [ -9.0929, 39.5291 ], [ -9.0984, 39.5349 ], [ -9.099, 39.5404 ], [ -9.1015, 39.543 ], [ -9.1004, 39.5439 ], [ -9.1023, 39.5445 ], [ -9.1086, 39.5421 ], [ -9.111, 39.5447 ], [ -9.1118, 39.544 ], [ -9.1145, 39.544 ], [ -9.1099, 39.5476 ], [ -9.1065, 39.5532 ], [ -9.0762, 39.5879 ], [ -9.0721, 39.5843 ], [ -9.0729, 39.5868 ], [ -9.0757, 39.5885 ], [ -9.0732, 39.5926 ], [ -9.0746, 39.6024 ], [ -9.0868, 39.6035 ], [ -9.0832, 39.6074 ], [ -9.0837, 39.6215 ], [ -9.0726, 39.6476 ], [ -9.0634, 39.6466 ], [ -9.0477, 39.6352 ], [ -9.0433, 39.6369 ], [ -9.0364, 39.6361 ], [ -9.0278, 39.6449 ], [ -9.0079, 39.6487 ], [ -8.9878, 39.6501 ], [ -8.9835, 39.6454 ], [ -8.9761, 39.6434 ], [ -8.971, 39.6447 ], [ -8.9742, 39.6389 ], [ -8.9832, 39.6291 ], [ -8.983, 39.618 ], [ -8.9849, 39.6102 ], [ -8.9982, 39.6151 ], [ -8.9963, 39.6081 ], [ -8.9976, 39.6079 ], [ -8.9922, 39.602 ], [ -8.9952, 39.5964 ], [ -8.9903, 39.5987 ], [ -8.9895, 39.5963 ], [ -8.9909, 39.5916 ], [ -8.9891, 39.584 ], [ -8.9933, 39.5819 ], [ -8.9943, 39.5778 ], [ -8.9988, 39.5725 ], [ -9.0037, 39.5706 ], [ -9.0199, 39.5769 ], [ -9.0311, 39.578 ], [ -9.0573, 39.5725 ], [ -9.0684, 39.5734 ], [ -9.0614, 39.5665 ], [ -9.0623, 39.5632 ], [ -9.0603, 39.5587 ], [ -9.0655, 39.5538 ], [ -9.0669, 39.5401 ], [ -9.0598, 39.5322 ], [ -9.0633, 39.533 ], [ -9.0639, 39.53 ], [ -9.0618, 39.5275 ], [ -9.0631, 39.5256 ], [ -9.0613, 39.5195 ], [ -9.0663, 39.5141 ], [ -9.0708, 39.512 ], [ -9.0735, 39.511 ], [ -9.078, 39.5121 ], [ -9.0951, 39.519 ], [ -9.0925, 39.5237 ] ] ] ] } },
{ "type": "Feature", "properties": { "name": "Alenquer", "region_type": "DOC", "color": "#e74c3c", "island": false, "source": "gisco_nuts3+gadm_level2" }, "geometry": { "type": "Polygon", "coordinates": [ [ [ -8.9404, 39.0007 ], [ -8.9452, 39.0019 ], [ -8.9584, 39.0104 ], [ -8.9748, 39.0156 ], [ -8.9805, 39.0148 ], [ -8.9832, 39.0098 ], [ -8.9865, 39.0088 ], [ -8.9862, 39.0058 ], [ -8.9892, 39.0022 ], [ -8.9942, 39.0052 ], [ -9.0024, 39.0016 ], [ -9.0082, 39.0077 ], [ -9.0081, 39.014 ], [ -9.0101, 39.0155 ], [ -9.0178, 39.0126 ], [ -9.0263, 39.0172 ], [ -9.035, 39.0099 ], [ -9.0388, 39.0088 ], [ -9.0426, 39.0136 ], [ -9.0422, 39.0211 ], [ -9.0468, 39.0251 ], [ -9.047, 39.0225 ], [ -9.049, 39.0207 ], [ -9.0537, 39.0217 ], [ -9.0584, 39.0201 ], [ -9.0663, 39.0215 ], [ -9.0705, 39.0151 ], [ -9.0739, 39.0174 ], [ -9.081, 39.0181 ], [ -9.0813, 39.0203 ], [ -9.0836, 39.0208 ], [ -9.0825, 39.024 ], [ -9.0876, 39.0244 ], [ -9.0924, 39.0285 ], [ -9.0956, 39.0286 ], [ -9.0967, 39.0267 ], [ -9.0958, 39.0244 ], [ -9.0927, 39.0241 ], [ -9.0939, 39.0203 ], [ -9.0971, 39.0199 ], [ -9.1004, 39.0264 ], [ -9.108, 39.0316 ], [ -9.122, 39.0357 ], [ -9.1267, 39.0356 ], [ -9.1258, 39.0374 ], [ -9.1289, 39.045 ], [ -9.1274, 39.0513 ], [ -9.1329, 39.0618 ], [ -9.1297, 39.0653 ], [ -9.1315, 39.0693 ], [ -9.1274, 39.0753 ], [ -9.1356, 39.0838 ], [ -9.1522, 39.0919 ], [ -9.1639, 39.1063 ], [ -9.1532, 39.1133 ], [ -9.1483, 39.1196 ], [ -9.143, 39.1222 ], [ -9.1359, 39.1321 ], [ -9.1429, 39.1472 ], [ -9.1414, 39.1481 ], [ -9.1439, 39.1496 ], [ -9.1434, 39.154 ], [ -9.1561, 39.1794 ], [ -9.1544, 39.1839 ], [ -9.1451, 39.1838 ], [ -9.1383, 39.1874 ], [ -9.1329, 39.1814 ], [ -9.1221, 39.1781 ], [ -9.1232, 39.1774 ], [ -9.1215, 39.1743 ], [ -9.1166, 39.1759 ], [ -9.1074, 39.1676 ], [ -9.0858, 39.174 ], [ -9.0671, 39.177 ], [ -9.0583, 39.1739 ], [ -9.0485, 39.1734 ], [ -9.0388, 39.1791 ], [ -9.0297, 39.1793 ], [ -9.0211, 39.1834 ], [ -9.0194, 39.1887 ], [ -9.0128, 39.1883 ], [ -9.0099, 39.1854 ], [ -9.004695108695651, 39.186509239130437 ], [ -9.0044, 39.1931 ], [ -8.9972, 39.207 ], [ -8.9964, 39.2134 ], [ -8.9948, 39.2132 ], [ -8.9941, 39.2196 ], [ -8.991, 39.2233 ], [ -8.991, 39.2285 ], [ -8.9878, 39.2307 ], [ -8.9884, 39.241 ], [ -8.9854, 39.2442 ], [ -8.9838, 39.2496 ], [ -8.9752, 39.2505 ], [ -8.9627, 39.2555 ], [ -8.9506, 39.2472 ], [ -8.939, 39.2421 ], [ -8.9374, 39.2399 ], [ -8.9285, 39.2393 ], [ -8.9253, 39.2375 ], [ -8.9197, 39.2408 ], [ -8.9116, 39.2349 ], [ -8.9056, 39.2399 ], [ -8.9077, 39.2443 ], [ -8.9031, 39.2434 ], [ -8.8959, 39.2448 ], [ -8.8937, 39.2486 ], [ -8.8908, 39.2498 ], [ -8.877, 39.2517 ], [ -8.8752, 39.2504 ], [ -8.8723, 39.2421 ], [ -8.8623, 39.2304 ], [ -8.8515, 39.228 ], [ -8.8429, 39.2238 ], [ -8.8353, 39.2253 ], [ -8.8328, 39.2232 ], [ -8.8293, 39.2154 ], [ -8.8207, 39.2048 ], [ -8.8189, 39.1947 ], [ -8.8224, 39.1896 ], [ -8.8259, 39.1885 ], [ -8.8265, 39.1859 ], [ -8.8355, 39.1849 ], [ -8.835, 39.1839 ], [ -8.8384, 39.1838 ], [ -8.8378, 39.1825 ], [ -8.8401, 39.1831 ], [ -8.8398, 39.1814 ], [ -8.8413, 39.182 ], [ -8.8415, 39.1806 ], [ -8.8468, 39.1831 ], [ -8.8552, 39.1787 ], [ -8.872, 39.1876 ], [ -8.8846, 39.1868 ], [ -8.8915, 39.1833 ], [ -8.8934, 39.1768 ], [ -8.8971, 39.1734 ], [ -8.9012, 39.1715 ], [ -8.913, 39.1745 ], [ -8.9126, 39.17 ], [ -8.9091, 39.1663 ], [ -8.907, 39.1665 ], [ -8.9045, 39.1625 ], [ -8.8986, 39.162 ], [ -8.8982, 39.1598 ], [ -8.8924, 39.1579 ], [ -8.8898, 39.1532 ], [ -8.8876, 39.1536 ], [ -8.8817, 39.149 ], [ -8.8792, 39.1413 ], [ -8.8731, 39.1323 ], [ -8.8681, 39.1286 ], [ -8.8602, 39.1282 ], [ -8.8452, 39.1165 ], [ -8.8358, 39.1133 ], [ -8.8297, 39.1119 ], [ -8.8258, 39.1156 ], [ -8.8216, 39.1108 ], [ -8.8199, 39.112 ], [ -8.8076, 39.1045 ], [ -8.8048, 39.0995 ], [ -8.7978, 39.0958 ], [ -8.8054, 39.0922 ], [ -8.8041, 39.091 ], [ -8.8052, 39.0905 ], [ -8.7938, 39.0796 ], [ -8.7819, 39.0584 ], [ -8.7942, 39.057 ], [ -8.801, 39.0539 ], [ -8.8085, 39.0451 ], [ -8.8148, 39.0325 ], [ -8.821, 39.0286 ], [ -8.8322, 39.0279 ], [ -8.8445, 39.0299 ], [ -8.8631, 39.0287 ], [ -8.8897, 39.0316 ], [ -8.8942, 39.0233 ], [ -8.8929, 39.0202 ], [ -8.8809, 39.0174 ], [ -8.8783, 39.0144 ], [ -8.879, 39.0124 ], [ -8.8834, 39.0096 ], [ -8.8961, 39.0098 ], [ -8.9064, 39.0062 ], [ -8.9138, 39.0078 ], [ -8.9192, 39.014 ], [ -8.9167, 39.0183 ], [ -8.91, 39.0239 ], [ -8.9117, 39.028 ], [ -8.9226, 39.024 ], [ -8.9303, 39.018 ], [ -8.9404, 39.0007 ] ], [ [ -9.0032, 39.1836 ], [ -8.9993, 39.1804 ], [ -9.003479452054794, 39.18504383561644 ], [ -9.0032, 39.1836 ] ], [ [ -8.9379, 39.152 ], [ -8.9365, 39.1551 ], [ -8.936699596774195, 39.154954838709671 ], [ -8.9379, 39.152 ] ], [ [ -8.918800220675607, 39.106509234425388 ], [ -8.9187, 39.1065 ], [ -8.9199, 39.111 ], [ -8.918800220675607, 39.106509234425388 ] ], [ [ -8.9597, 39.0414 ], [ -8.9597, 39.040857142857142 ], [ -8.959527076222981, 39.041326507394771 ], [ -8.9597, 39.0414 ] ] ] } },
{ "type": "Feature", "properties": { "name": "Arruda", "region_type": "DOC", "color": "#34495e", "island": false, "source": "gisco_nuts3+gadm_level2" }, "geometry": { "type": "Polygon", "coordinates": [ [ [ -9.0971, 39.0199 ], [ -9.0939, 39.0203 ], [ -9.0927, 39.0241 ], [ -9.0964, 39.0249 ], [ -9.0956, 39.0286 ], [ -9.0924, 39.0285 ], [ -9.0875, 39.0243 ], [ -9.0825, 39.024 ], [ -9.0836, 39.0208 ], [ -9.0813, 39.0203 ], [ -9.081, 39.0181 ], [ -9.0739, 39.0174 ], [ -9.0704, 39.0151 ], [ -9.0663, 39.0215 ], [ -9.0584, 39.0201 ], [ -9.0537, 39.0217 ], [ -9.049, 39.0207 ], [ -9.047, 39.0225 ], [ -9.0468, 39.0251 ], [ -9.0422, 39.0211 ], [ -9.0426, 39.0136 ], [ -9.04, 39.0114 ], [ -9.0361, 39.0019 ], [ -9.0298, 38.9982 ], [ -9.0317, 38.9923 ], [ -9.0233, 38.9876 ], [ -9.0243, 38.9848 ], [ -9.0227, 38.983 ], [ -9.0219, 38.9774 ], [ -9.0253, 38.9714 ], [ -9.0256, 38.9602 ], [ -9.0348, 38.9636 ], [ -9.044, 38.9625 ], [ -9.0463, 38.9597 ], [ -9.0497, 38.9586 ], [ -9.0499, 38.955 ], [ -9.0569, 38.9536 ], [ -9.0643, 38.9556 ], [ -9.0721, 38.9626 ], [ -9.0774, 38.9625 ], [ -9.0789, 38.9646 ], [ -9.0831, 38.965 ], [ -9.0843, 38.9689 ], [ -9.0862, 38.9685 ], [ -9.0872, 38.966 ], [ -9.0906, 38.9677 ], [ -9.0945, 38.9672 ], [ -9.0948, 38.9653 ], [ -9.0925, 38.9643 ], [ -9.1015, 38.9577 ], [ -9.095, 38.9509 ], [ -9.0871, 38.9476 ], [ -9.0861, 38.9403 ], [ -9.0821, 38.9373 ], [ -9.0839, 38.9356 ], [ -9.0803, 38.9333 ], [ -9.0796, 38.9309 ], [ -9.0828, 38.9323 ], [ -9.0798, 38.9284 ], [ -9.0864, 38.9287 ], [ -9.0954, 38.9221 ], [ -9.1052, 38.922 ], [ -9.1078, 38.9246 ], [ -9.111, 38.9225 ], [ -9.113, 38.9289 ], [ -9.1159, 38.9295 ], [ -9.1167, 38.9269 ], [ -9.1201, 38.9297 ], [ -9.1237, 38.9363 ], [ -9.1321, 38.9409 ], [ -9.145, 38.9365 ], [ -9.1497, 38.9405 ], [ -9.1594, 38.9298 ], [ -9.1601, 38.9325 ], [ -9.1645, 38.9338 ], [ -9.1642, 38.9369 ], [ -9.1606, 38.938 ], [ -9.1626, 38.9411 ], [ -9.1608, 38.9496 ], [ -9.1624, 38.9542 ], [ -9.1689, 38.9607 ], [ -9.1646, 38.9563 ], [ -9.1687, 38.9561 ], [ -9.1734, 38.9581 ], [ -9.1793, 38.9551 ], [ -9.1799, 38.9521 ], [ -9.1851, 38.9531 ], [ -9.1884, 38.9514 ], [ -9.189, 38.9557 ], [ -9.1901, 38.9557 ], [ -9.189, 38.9582 ], [ -9.1956, 38.9567 ], [ -9.2008, 38.9584 ], [ -9.2056, 38.9558 ], [ -9.2103, 38.9572 ], [ -9.2112, 38.9559 ], [ -9.2089, 38.9543 ], [ -9.2102, 38.9523 ], [ -9.2267, 38.9506 ], [ -9.2314, 38.9485 ], [ -9.2405, 38.9485 ], [ -9.2396, 38.951 ], [ -9.2345, 38.952 ], [ -9.2353, 38.9533 ], [ -9.2323, 38.9547 ], [ -9.2289, 38.9535 ], [ -9.2308, 38.9633 ], [ -9.2168, 38.968 ], [ -9.2134, 38.9661 ], [ -9.2067, 38.9684 ], [ -9.2046, 38.9713 ], [ -9.2057, 38.9759 ], [ -9.2042, 38.9814 ], [ -9.2016, 38.9833 ], [ -9.2045, 38.9904 ], [ -9.2046, 38.9992 ], [ -9.2124, 39.0104 ], [ -9.2076, 39.0114 ], [ -9.2051, 39.0149 ], [ -9.2032, 39.0148 ], [ -9.2025, 39.0074 ], [ -9.1991, 39.0042 ], [ -9.1986, 39.0058 ], [ -9.1963, 39.0043 ], [ -9.1944, 39.0065 ], [ -9.195, 39.0042 ], [ -9.1938, 39.0041 ], [ -9.1925, 39.0061 ], [ -9.1946, 39.007 ], [ -9.1942, 39.0086 ], [ -9.1971, 39.0082 ], [ -9.1931, 39.0089 ], [ -9.1948, 39.0093 ], [ -9.1933, 39.0094 ], [ -9.1933, 39.0119 ], [ -9.1899, 39.0116 ], [ -9.1879, 39.0093 ], [ -9.1835, 39.0103 ], [ -9.1839, 39.0084 ], [ -9.1817, 39.0088 ], [ -9.1806, 39.0131 ], [ -9.177, 39.0115 ], [ -9.1746, 39.0122 ], [ -9.1753, 39.011 ], [ -9.174, 39.0101 ], [ -9.1689, 39.0104 ], [ -9.1699, 39.0122 ], [ -9.1671, 39.0124 ], [ -9.1678, 39.0148 ], [ -9.1628, 39.015 ], [ -9.1625, 39.0168 ], [ -9.1674, 39.0222 ], [ -9.1611, 39.0265 ], [ -9.1597, 39.026 ], [ -9.1596, 39.0273 ], [ -9.1567, 39.0275 ], [ -9.1563, 39.0313 ], [ -9.1532, 39.0329 ], [ -9.1473, 39.0315 ], [ -9.1358, 39.0349 ], [ -9.1334, 39.0323 ], [ -9.1283, 39.0353 ], [ -9.1212, 39.0355 ], [ -9.108, 39.0316 ], [ -9.1004, 39.0263 ], [ -9.098758020477815, 39.0210843003413 ], [ -9.0971, 39.0199 ] ], [ [ -9.1079, 38.9846 ], [ -9.1143, 38.9847 ], [ -9.1101, 38.9844 ], [ -9.1079, 38.9846 ] ], [ [ -9.104, 39.0061 ], [ -9.1051, 38.9988 ], [ -9.104867857142857, 38.998578571428574 ], [ -9.104, 39.0061 ] ], [ [ -9.1032, 39.0113 ], [ -9.10322953586498, 39.011382278481015 ], [ -9.1057, 39.0099 ], [ -9.1032, 39.0113 ] ], [ [ -9.1035, 39.0225 ], [ -9.1043, 39.019 ], [ -9.104166442953021, 39.018077242220862 ], [ -9.1035, 39.0225 ] ], [ [ -9.173164903090624, 38.982705238344685 ], [ -9.1732, 38.9827 ], [ -9.1722, 38.9801 ], [ -9.173164903090624, 38.982705238344685 ] ] ] } },
{ "type": "Feature", "properties": { "name": "Torres Vedras", "region_type": "DOC", "color": "#1a6b3c", "island": false, "source": "gisco_nuts3+gadm_level2" }, "geometry": { "type": "Polygon", "coordinates": [ [ [ -9.2316, 38.8634 ], [ -9.2331, 38.8643 ], [ -9.2376, 38.8624 ], [ -9.2415, 38.865 ], [ -9.2399, 38.8703 ], [ -9.2412, 38.8722 ], [ -9.2479, 38.8731 ], [ -9.2563, 38.8692 ], [ -9.2698, 38.8844 ], [ -9.2722, 38.8938 ], [ -9.2846, 38.8929 ], [ -9.2867, 38.8891 ], [ -9.2911, 38.8862 ], [ -9.2988, 38.8866 ], [ -9.3023, 38.8804 ], [ -9.3143, 38.8833 ], [ -9.3158, 38.8807 ], [ -9.324, 38.8792 ], [ -9.3253, 38.8805 ], [ -9.3262, 38.8781 ], [ -9.3282, 38.8782 ], [ -9.3301, 38.8822 ], [ -9.3361, 38.8843 ], [ -9.3456, 38.8833 ], [ -9.3436, 38.8852 ], [ -9.35, 38.8906 ], [ -9.3493, 38.8938 ], [ -9.3506, 38.8952 ], [ -9.3496, 38.8957 ], [ -9.3518, 38.8962 ], [ -9.3514, 38.8983 ], [ -9.3532, 38.8987 ], [ -9.3607, 38.8944 ], [ -9.3619, 38.8953 ], [ -9.3608, 38.8975 ], [ -9.3635, 38.8985 ], [ -9.3651, 38.9024 ], [ -9.3668, 38.9002 ], [ -9.3689, 38.9004 ], [ -9.3723, 38.9012 ], [ -9.3728, 38.9032 ], [ -9.3749, 38.904 ], [ -9.3762, 38.9027 ], [ -9.3803, 38.9051 ], [ -9.3807, 38.9064 ], [ -9.3789, 38.9071 ], [ -9.3805, 38.9102 ], [ -9.3775, 38.911 ], [ -9.3799, 38.914 ], [ -9.3794, 38.9186 ], [ -9.3854, 38.9209 ], [ -9.3953, 38.9307 ], [ -9.4031, 38.9313 ], [ -9.4044, 38.9292 ], [ -9.4126, 38.9275 ], [ -9.4195, 38.932 ], [ -9.4208, 38.9348 ], [ -9.4182, 38.9426 ], [ -9.4165, 38.9435 ], [ -9.4165, 38.9415 ], [ -9.4129, 38.9385 ], [ -9.4104, 38.9388 ], [ -9.4154, 38.9435 ], [ -9.4152, 38.9494 ], [ -9.4175, 38.956 ], [ -9.4158, 38.9564 ], [ -9.4159, 38.9593 ], [ -9.4204, 38.9609 ], [ -9.4188, 38.9631 ], [ -9.42, 38.9651 ], [ -9.4233, 38.9636 ], [ -9.4199, 38.9659 ], [ -9.4216, 38.9702 ], [ -9.4203, 38.9766 ], [ -9.4227, 38.9794 ], [ -9.4223, 38.9825 ], [ -9.4191, 38.986 ], [ -9.4261, 38.9958 ], [ -9.4245, 38.9995 ], [ -9.4278, 39.0023 ], [ -9.4274, 39.0046 ], [ -9.4251, 39.0049 ], [ -9.4268, 39.0089 ], [ -9.4219, 39.012 ], [ -9.425, 39.0191 ], [ -9.4236, 39.0208 ], [ -9.424, 39.0239 ], [ -9.4188, 39.0324 ], [ -9.4196, 39.0359 ], [ -9.4161, 39.0432 ], [ -9.4179, 39.0507 ], [ -9.4165, 39.0547 ], [ -9.4153, 39.0571 ], [ -9.4163, 39.0638 ], [ -9.422, 39.0747 ], [ -9.4146, 39.0863 ], [ -9.4149, 39.0885 ], [ -9.406, 39.0972 ], [ -9.3943, 39.1124 ], [ -9.3929, 39.1168 ], [ -9.3943, 39.1213 ], [ -9.3734, 39.1481 ], [ -9.3668, 39.1615 ], [ -9.3589, 39.1724 ], [ -9.358, 39.1761 ], [ -9.3592, 39.1773 ], [ -9.3569, 39.1773 ], [ -9.3563, 39.1795 ], [ -9.3584, 39.1817 ], [ -9.3559, 39.1835 ], [ -9.3515, 39.1917 ], [ -9.3318, 39.1954 ], [ -9.324, 39.1897 ], [ -9.3226, 39.1856 ], [ -9.3244, 39.1828 ], [ -9.3217, 39.1792 ], [ -9.3223, 39.1769 ], [ -9.3142, 39.1748 ], [ -9.3021, 39.1796 ], [ -9.2989, 39.1828 ], [ -9.2955, 39.1827 ], [ -9.2918, 39.1796 ], [ -9.2811, 39.1916 ], [ -9.2773, 39.1933 ], [ -9.2372, 39.1983 ], [ -9.2394, 39.2048 ], [ -9.2391, 39.213 ], [ -9.2414, 39.2156 ], [ -9.2298, 39.2162 ], [ -9.2228, 39.2146 ], [ -9.2091, 39.2156 ], [ -9.2008, 39.2141 ], [ -9.1962, 39.2082 ], [ -9.191, 39.2082 ], [ -9.1745, 39.1937 ], [ -9.1784, 39.1978 ], [ -9.1759, 39.2005 ], [ -9.178, 39.2115 ], [ -9.1717, 39.2196 ], [ -9.1724, 39.2214 ], [ -9.1643, 39.2227 ], [ -9.1595, 39.2215 ], [ -9.1519, 39.2335 ], [ -9.1485, 39.2325 ], [ -9.1476, 39.2301 ], [ -9.1431, 39.229 ], [ -9.1377, 39.2344 ], [ -9.1358, 39.2411 ], [ -9.1323, 39.2414 ], [ -9.132, 39.2446 ], [ -9.1264, 39.2453 ], [ -9.1269, 39.2483 ], [ -9.1248, 39.2487 ], [ -9.1239, 39.2518 ], [ -9.1225, 39.2519 ], [ -9.1236, 39.2542 ], [ -9.1211, 39.2569 ], [ -9.1224, 39.2591 ], [ -9.1207, 39.261 ], [ -9.123, 39.263 ], [ -9.1219, 39.2646 ], [ -9.1231, 39.2687 ], [ -9.121, 39.269 ], [ -9.1213, 39.2709 ], [ -9.1129, 39.2732 ], [ -9.1085, 39.2761 ], [ -9.106, 39.2789 ], [ -9.1052, 39.285 ], [ -9.1011, 39.2897 ], [ -9.0927, 39.2902 ], [ -9.0903, 39.2934 ], [ -9.0848, 39.2952 ], [ -9.085, 39.2965 ], [ -9.0722, 39.2994 ], [ -9.0737, 39.3022 ], [ -9.0664, 39.3098 ], [ -9.0637, 39.3077 ], [ -9.0578, 39.3095 ], [ -9.0558, 39.312 ], [ -9.0508, 39.3101 ], [ -9.0458, 39.3114 ], [ -9.0395, 39.3103 ], [ -9.031, 39.3035 ], [ -9.0265, 39.2932 ], [ -9.0153, 39.294 ], [ -9.0106, 39.2918 ], [ -9.0039, 39.2914 ], [ -8.9982, 39.2965 ], [ -8.9927, 39.2967 ], [ -8.9902, 39.2905 ], [ -8.9866, 39.2901 ], [ -8.9837, 39.2869 ], [ -8.9801, 39.2884 ], [ -8.9752, 39.2871 ], [ -8.9839, 39.2535 ], [ -8.9813, 39.2494 ], [ -8.9838, 39.2496 ], [ -8.9854, 39.2442 ], [ -8.9884, 39.241 ], [ -8.9878, 39.2307 ], [ -8.991, 39.2285 ], [ -8.991, 39.2233 ], [ -8.9941, 39.2196 ], [ -8.9948, 39.2132 ], [ -8.9964, 39.2134 ], [ -8.9972, 39.207 ], [ -9.0044, 39.1931 ], [ -9.0047, 39.1864 ], [ -9.0099, 39.1854 ], [ -9.0128, 39.1883 ], [ -9.0194, 39.1887 ], [ -9.0211, 39.1834 ], [ -9.0297, 39.1793 ], [ -9.0388, 39.1791 ], [ -9.0485, 39.1734 ], [ -9.0638, 39.1757 ], [ -9.0671, 39.177 ], [ -9.0858, 39.174 ], [ -9.1074, 39.1676 ], [ -9.1166, 39.1759 ], [ -9.1215, 39.1743 ], [ -9.1232, 39.1774 ], [ -9.1221, 39.1781 ], [ -9.1329, 39.1814 ], [ -9.1383, 39.1874 ], [ -9.1451, 39.1838 ], [ -9.1544, 39.1839 ], [ -9.1561, 39.1794 ], [ -9.1434, 39.154 ], [ -9.1439, 39.1496 ], [ -9.1414, 39.1481 ], [ -9.1429, 39.1472 ], [ -9.1359, 39.1321 ], [ -9.143, 39.1222 ], [ -9.1483, 39.1196 ], [ -9.1532, 39.1133 ], [ -9.1639, 39.1063 ], [ -9.1522, 39.0919 ], [ -9.1356, 39.0838 ], [ -9.1274, 39.0753 ], [ -9.1315, 39.0693 ], [ -9.1297, 39.0653 ], [ -9.1329, 39.0618 ], [ -9.1274, 39.0515 ], [ -9.1289, 39.045 ], [ -9.1258, 39.0369 ], [ -9.1334, 39.0323 ], [ -9.1358, 39.0349 ], [ -9.1473, 39.0315 ], [ -9.154, 39.0328 ], [ -9.1563, 39.0313 ], [ -9.1567, 39.0275 ], [ -9.1596, 39.0273 ], [ -9.1597, 39.026 ], [ -9.1611, 39.0265 ], [ -9.1674, 39.0222 ], [ -9.1625, 39.0168 ], [ -9.1628, 39.015 ], [ -9.1678, 39.0148 ], [ -9.1671, 39.0124 ], [ -9.1699, 39.0122 ], [ -9.1689, 39.0104 ], [ -9.174, 39.0101 ], [ -9.1753, 39.011 ], [ -9.1746, 39.0122 ], [ -9.177, 39.0115 ], [ -9.1806, 39.0131 ], [ -9.1817, 39.0088 ], [ -9.1839, 39.0084 ], [ -9.1835, 39.0103 ], [ -9.1879, 39.0093 ], [ -9.1899, 39.0116 ], [ -9.1933, 39.0119 ], [ -9.1933, 39.0094 ], [ -9.1948, 39.0093 ], [ -9.1931, 39.0089 ], [ -9.1971, 39.0082 ], [ -9.1942, 39.0086 ], [ -9.1946, 39.007 ], [ -9.1925, 39.0061 ], [ -9.1938, 39.0041 ], [ -9.195, 39.0042 ], [ -9.1944, 39.0065 ], [ -9.1963, 39.0043 ], [ -9.1986, 39.0058 ], [ -9.1991, 39.0042 ], [ -9.2025, 39.0074 ], [ -9.2032, 39.0148 ], [ -9.2051, 39.0149 ], [ -9.2076, 39.0114 ], [ -9.2124, 39.0104 ], [ -9.2148, 39.0157 ], [ -9.2123, 39.0101 ], [ -9.2046, 38.9992 ], [ -9.2045, 38.9904 ], [ -9.2016, 38.9833 ], [ -9.2042, 38.9814 ], [ -9.2057, 38.9759 ], [ -9.2046, 38.9713 ], [ -9.2067, 38.9684 ], [ -9.2134, 38.9661 ], [ -9.2168, 38.968 ], [ -9.2308, 38.9633 ], [ -9.2289, 38.9535 ], [ -9.2323, 38.9547 ], [ -9.2353, 38.9533 ], [ -9.2345, 38.952 ], [ -9.2396, 38.951 ], [ -9.2405, 38.9485 ], [ -9.2314, 38.9485 ], [ -9.2267, 38.9506 ], [ -9.2102, 38.9523 ], [ -9.2089, 38.9543 ], [ -9.2112, 38.9559 ], [ -9.2103, 38.9572 ], [ -9.2056, 38.9558 ], [ -9.2008, 38.9584 ], [ -9.1956, 38.9567 ], [ -9.189, 38.9582 ], [ -9.1901, 38.9557 ], [ -9.189, 38.9557 ], [ -9.1884, 38.9514 ], [ -9.1851, 38.9531 ], [ -9.1799, 38.9521 ], [ -9.1793, 38.9551 ], [ -9.1734, 38.9581 ], [ -9.1687, 38.9561 ], [ -9.1646, 38.9564 ], [ -9.1608, 38.9496 ], [ -9.1626, 38.9411 ], [ -9.1606, 38.938 ], [ -9.1651, 38.9357 ], [ -9.1627, 38.9325 ], [ -9.1601, 38.9325 ], [ -9.1594, 38.9298 ], [ -9.163, 38.9214 ], [ -9.1684, 38.9221 ], [ -9.1711, 38.9158 ], [ -9.1801, 38.9171 ], [ -9.18, 38.9113 ], [ -9.1849, 38.9066 ], [ -9.1892, 38.9079 ], [ -9.1909, 38.9073 ], [ -9.1892, 38.9069 ], [ -9.19, 38.9033 ], [ -9.1998, 38.9074 ], [ -9.2025, 38.9128 ], [ -9.205, 38.9142 ], [ -9.2093, 38.9131 ], [ -9.2253, 38.9168 ], [ -9.2288, 38.9159 ], [ -9.2278, 38.9134 ], [ -9.231, 38.9108 ], [ -9.2303, 38.9093 ], [ -9.2348, 38.9068 ], [ -9.2336, 38.9037 ], [ -9.2274, 38.8983 ], [ -9.2294, 38.894 ], [ -9.2272, 38.8912 ], [ -9.2276, 38.8871 ], [ -9.2256, 38.8852 ], [ -9.2276, 38.8829 ], [ -9.2251, 38.8813 ], [ -9.2299, 38.8761 ], [ -9.2279, 38.8748 ], [ -9.2285, 38.8728 ], [ -9.2269, 38.871 ], [ -9.2279, 38.868 ], [ -9.2316, 38.8634 ] ], [ [ -9.156186804151504, 39.188225946893112 ], [ -9.1563, 39.1885 ], [ -9.1745, 39.1937 ], [ -9.156186804151504, 39.188225946893112 ] ], [ [ -9.3157505072241, 39.012275960651706 ], [ -9.3158, 39.0123 ], [ -9.33, 39.01 ], [ -9.3157505072241, 39.012275960651706 ] ], [ [ -9.3082, 39.0052 ], [ -9.307409615384614, 39.00612211538462 ], [ -9.309131647776807, 39.005868875326939 ], [ -9.3082, 39.0052 ] ], [ [ -9.304, 39.0101 ], [ -9.304035294117647, 39.010158823529409 ], [ -9.304197647058819, 39.009869411764711 ], [ -9.304, 39.0101 ] ], [ [ -9.2996, 39.028 ], [ -9.299094936708862, 39.029262658227843 ], [ -9.3015, 39.028 ], [ -9.2996, 39.028 ] ], [ [ -9.2911, 39.0268 ], [ -9.2975, 39.0301 ], [ -9.29818070417673, 39.029742630307211 ], [ -9.2911, 39.0268 ] ], [ [ -9.244, 39.0056 ], [ -9.2403, 39.0069 ], [ -9.2441, 39.0057 ], [ -9.2491, 39.0081 ], [ -9.244, 39.0056 ] ] ] } },
{ "type": "Feature", "properties": { "name": "Lourinhã", "region_type": "DOC", "color": "#e91e63", "island": false, "source": "gisco_nuts3+gadm_level2" }, "geometry": { "type": "Polygon", "coordinates": [ [ [ -9.2756, 39.1933 ], [ -9.2811, 39.1916 ], [ -9.2918, 39.1796 ], [ -9.2955, 39.1827 ], [ -9.2989, 39.1828 ], [ -9.3021, 39.1796 ], [ -9.3159, 39.1745 ], [ -9.3223, 39.1769 ], [ -9.3217, 39.1792 ], [ -9.3244, 39.1828 ], [ -9.3226, 39.1856 ], [ -9.324, 39.1897 ], [ -9.3318, 39.1954 ], [ -9.3515, 39.1917 ], [ -9.3457, 39.2032 ], [ -9.3454, 39.209 ], [ -9.3474, 39.2129 ], [ -9.3446, 39.2135 ], [ -9.3399, 39.2254 ], [ -9.3399, 39.2287 ], [ -9.3415, 39.2301 ], [ -9.3401, 39.2315 ], [ -9.3404, 39.2368 ], [ -9.344, 39.241 ], [ -9.3407, 39.2454 ], [ -9.3396, 39.2537 ], [ -9.3346, 39.2624 ], [ -9.3346, 39.264 ], [ -9.3365, 39.264 ], [ -9.3365, 39.2829 ], [ -9.3382, 39.2835 ], [ -9.3385, 39.2863 ], [ -9.3432, 39.2874 ], [ -9.3435, 39.2896 ], [ -9.3411, 39.292 ], [ -9.3363, 39.2929 ], [ -9.3174, 39.2909 ], [ -9.3174, 39.2888 ], [ -9.3112, 39.2905 ], [ -9.3094, 39.2888 ], [ -9.3071, 39.2898 ], [ -9.2969, 39.2835 ], [ -9.2954, 39.2843 ], [ -9.2954, 39.287 ], [ -9.2909, 39.2903 ], [ -9.2905, 39.2931 ], [ -9.2882, 39.2938 ], [ -9.2881, 39.2976 ], [ -9.2779, 39.3011 ], [ -9.2763, 39.3083 ], [ -9.2714, 39.3088 ], [ -9.263, 39.3152 ], [ -9.2614, 39.314 ], [ -9.2556, 39.3177 ], [ -9.2526, 39.3102 ], [ -9.2475, 39.3088 ], [ -9.2454, 39.3049 ], [ -9.237, 39.3065 ], [ -9.2342, 39.3052 ], [ -9.2278, 39.3063 ], [ -9.226, 39.3049 ], [ -9.2255, 39.3068 ], [ -9.2239, 39.3069 ], [ -9.2188, 39.3044 ], [ -9.2176, 39.3019 ], [ -9.2146, 39.3038 ], [ -9.2005, 39.3023 ], [ -9.2034, 39.3006 ], [ -9.1998, 39.2977 ], [ -9.2001, 39.2934 ], [ -9.1965, 39.2811 ], [ -9.1919, 39.2753 ], [ -9.1881, 39.2735 ], [ -9.187, 39.2689 ], [ -9.1911, 39.2671 ], [ -9.1971, 39.2588 ], [ -9.196, 39.2537 ], [ -9.1975, 39.2495 ], [ -9.2024, 39.2477 ], [ -9.1986, 39.238 ], [ -9.1988, 39.2348 ], [ -9.1938, 39.2302 ], [ -9.1865, 39.227 ], [ -9.1876, 39.2185 ], [ -9.1831, 39.2126 ], [ -9.178, 39.2115 ], [ -9.1759, 39.2005 ], [ -9.1784, 39.1978 ], [ -9.1895, 39.2071 ], [ -9.1916, 39.2084 ], [ -9.1957, 39.2078 ], [ -9.2001, 39.2135 ], [ -9.2036, 39.2148 ], [ -9.2393, 39.216 ], [ -9.2414, 39.2156 ], [ -9.2391, 39.213 ], [ -9.2394, 39.2048 ], [ -9.2366, 39.1986 ], [ -9.2756, 39.1933 ] ] ] } },
{ "type": "Feature", "properties": { "name": "Bucelas", "region_type": "DOC", "color": "#607d8b", "island": false, "source": "gisco_nuts3+gadm_level2" }, "geometry": { "type": "Polygon", "coordinates": [ [ [ -9.3022, 38.7471 ], [ -9.3039, 38.752 ], [ -9.3085, 38.7507 ], [ -9.3067, 38.7481 ], [ -9.3085, 38.7445 ], [ -9.3119, 38.7449 ], [ -9.3206, 38.7407 ], [ -9.3245, 38.7462 ], [ -9.3241, 38.7483 ], [ -9.3298, 38.7521 ], [ -9.3323, 38.7514 ], [ -9.3359, 38.7467 ], [ -9.3457, 38.7449 ], [ -9.3489, 38.7466 ], [ -9.3549, 38.741 ], [ -9.3627, 38.7386 ], [ -9.3642, 38.7403 ], [ -9.3662, 38.7396 ], [ -9.37, 38.747 ], [ -9.3723, 38.746 ], [ -9.3786, 38.7495 ], [ -9.3821, 38.7579 ], [ -9.3886, 38.7556 ], [ -9.3945, 38.7555 ], [ -9.3997, 38.7529 ], [ -9.4034, 38.7573 ], [ -9.4056, 38.7565 ], [ -9.4112, 38.759 ], [ -9.4083, 38.7602 ], [ -9.4102, 38.7617 ], [ -9.4131, 38.7585 ], [ -9.4189, 38.759 ], [ -9.4227, 38.7659 ], [ -9.4389, 38.767 ], [ -9.441, 38.769 ], [ -9.4434, 38.7674 ], [ -9.4689, 38.7677 ], [ -9.4754, 38.7658 ], [ -9.4838, 38.7574 ], [ -9.4847, 38.7616 ], [ -9.4874, 38.7605 ], [ -9.4878, 38.7624 ], [ -9.4912, 38.763 ], [ -9.4909, 38.766 ], [ -9.4932, 38.7673 ], [ -9.4935, 38.7663 ], [ -9.4934, 38.7685 ], [ -9.4951, 38.7687 ], [ -9.4949, 38.7737 ], [ -9.4933, 38.7755 ], [ -9.4983, 38.7766 ], [ -9.5004, 38.781 ], [ -9.4957, 38.7859 ], [ -9.4965, 38.7881 ], [ -9.4923, 38.7903 ], [ -9.4935, 38.7927 ], [ -9.4919, 38.7927 ], [ -9.4937, 38.7939 ], [ -9.4898, 38.7951 ], [ -9.4908, 38.7959 ], [ -9.4894, 38.7966 ], [ -9.4895, 38.8006 ], [ -9.4846, 38.8024 ], [ -9.4843, 38.8077 ], [ -9.4801, 38.8101 ], [ -9.4762, 38.8154 ], [ -9.4762, 38.8179 ], [ -9.4732, 38.8215 ], [ -9.4735, 38.8243 ], [ -9.4712, 38.8257 ], [ -9.4688, 38.824 ], [ -9.4703, 38.8283 ], [ -9.4675, 38.8351 ], [ -9.4624, 38.8403 ], [ -9.4506, 38.8602 ], [ -9.4492, 38.8639 ], [ -9.4514, 38.8671 ], [ -9.4442, 38.8746 ], [ -9.4441, 38.88 ], [ -9.4394, 38.8873 ], [ -9.4392, 38.8937 ], [ -9.4365, 38.8979 ], [ -9.4348, 38.8969 ], [ -9.4355, 38.9005 ], [ -9.4312, 38.9121 ], [ -9.4262, 38.9185 ], [ -9.4236, 38.927 ], [ -9.4198, 38.9324 ], [ -9.4126, 38.9275 ], [ -9.4044, 38.9292 ], [ -9.4031, 38.9313 ], [ -9.3953, 38.9307 ], [ -9.3854, 38.9209 ], [ -9.3794, 38.9186 ], [ -9.3799, 38.914 ], [ -9.3775, 38.911 ], [ -9.3805, 38.9102 ], [ -9.3789, 38.9071 ], [ -9.3807, 38.9064 ], [ -9.3803, 38.9051 ], [ -9.3762, 38.9027 ], [ -9.3749, 38.904 ], [ -9.3728, 38.9032 ], [ -9.3723, 38.9012 ], [ -9.3689, 38.9004 ], [ -9.3668, 38.9002 ], [ -9.3651, 38.9024 ], [ -9.3635, 38.8985 ], [ -9.3608, 38.8975 ], [ -9.3619, 38.8953 ], [ -9.3607, 38.8944 ], [ -9.3532, 38.8987 ], [ -9.3514, 38.8983 ], [ -9.3518, 38.8962 ], [ -9.3496, 38.8957 ], [ -9.3506, 38.8952 ], [ -9.3493, 38.8938 ], [ -9.35, 38.8906 ], [ -9.3436, 38.8852 ], [ -9.3456, 38.8833 ], [ -9.3361, 38.8843 ], [ -9.3301, 38.8822 ], [ -9.3282, 38.8782 ], [ -9.3262, 38.8781 ], [ -9.3253, 38.8805 ], [ -9.324, 38.8792 ], [ -9.3158, 38.8807 ], [ -9.3143, 38.8833 ], [ -9.3023, 38.8804 ], [ -9.2988, 38.8866 ], [ -9.2911, 38.8862 ], [ -9.2867, 38.8891 ], [ -9.2846, 38.8929 ], [ -9.2722, 38.8938 ], [ -9.2698, 38.8844 ], [ -9.2563, 38.8693 ], [ -9.2479, 38.8731 ], [ -9.2404, 38.8717 ], [ -9.2415, 38.865 ], [ -9.2366, 38.861 ], [ -9.2394, 38.8638 ], [ -9.2376, 38.8624 ], [ -9.2331, 38.8643 ], [ -9.2316, 38.8634 ], [ -9.227, 38.8689 ], [ -9.2279, 38.8747 ], [ -9.2299, 38.8761 ], [ -9.2251, 38.8813 ], [ -9.2276, 38.8829 ], [ -9.2256, 38.8852 ], [ -9.2276, 38.8871 ], [ -9.2272, 38.8912 ], [ -9.2294, 38.894 ], [ -9.2274, 38.8983 ], [ -9.2336, 38.9037 ], [ -9.2348, 38.9068 ], [ -9.2303, 38.9093 ], [ -9.231, 38.9108 ], [ -9.2278, 38.9134 ], [ -9.2288, 38.9159 ], [ -9.2253, 38.9168 ], [ -9.2093, 38.9131 ], [ -9.205, 38.9142 ], [ -9.2025, 38.9128 ], [ -9.1998, 38.9074 ], [ -9.19, 38.9033 ], [ -9.1892, 38.9069 ], [ -9.1909, 38.9073 ], [ -9.1849, 38.9066 ], [ -9.18, 38.9113 ], [ -9.18, 38.9172 ], [ -9.1711, 38.9158 ], [ -9.1684, 38.9221 ], [ -9.163, 38.9214 ], [ -9.1594, 38.9298 ], [ -9.1498, 38.9405 ], [ -9.145, 38.9365 ], [ -9.1325, 38.9409 ], [ -9.1237, 38.9364 ], [ -9.1201, 38.9297 ], [ -9.1167, 38.9269 ], [ -9.1159, 38.9295 ], [ -9.113, 38.9289 ], [ -9.111, 38.9225 ], [ -9.1078, 38.9246 ], [ -9.1052, 38.922 ], [ -9.0954, 38.9221 ], [ -9.0868, 38.9286 ], [ -9.0836, 38.9293 ], [ -9.0789, 38.9189 ], [ -9.0712, 38.9194 ], [ -9.0722, 38.911 ], [ -9.0705, 38.9053 ], [ -9.0731, 38.9029 ], [ -9.0741, 38.898 ], [ -9.0858, 38.8953 ], [ -9.0907, 38.8967 ], [ -9.11, 38.8939 ], [ -9.1178, 38.8914 ], [ -9.1016, 38.8741 ], [ -9.1021, 38.872 ], [ -9.0995, 38.8693 ], [ -9.099, 38.865 ], [ -9.1164, 38.861 ], [ -9.1148, 38.8566 ], [ -9.1125, 38.8557 ], [ -9.116, 38.8527 ], [ -9.1163, 38.85 ], [ -9.1142, 38.8491 ], [ -9.1142, 38.8466 ], [ -9.1184, 38.839 ], [ -9.1078, 38.8384 ], [ -9.1042, 38.8354 ], [ -9.1017, 38.8357 ], [ -9.0997, 38.833 ], [ -9.101, 38.8302 ], [ -9.0982, 38.8319 ], [ -9.0932, 38.829 ], [ -9.0867, 38.8297 ], [ -9.0863, 38.831 ], [ -9.0792, 38.8285 ], [ -9.0854, 38.8196 ], [ -9.0899, 38.8007 ], [ -9.089, 38.7971 ], [ -9.0915, 38.7968 ], [ -9.0893, 38.7924 ], [ -9.0907, 38.7815 ], [ -9.0997, 38.7791 ], [ -9.0991, 38.7752 ], [ -9.1062, 38.7748 ], [ -9.1131, 38.7801 ], [ -9.1242, 38.7826 ], [ -9.1357, 38.7851 ], [ -9.1425, 38.7885 ], [ -9.1451, 38.7881 ], [ -9.1461, 38.7941 ], [ -9.1526, 38.7975 ], [ -9.1509, 38.8 ], [ -9.1554, 38.8022 ], [ -9.1563, 38.8 ], [ -9.1587, 38.7997 ], [ -9.1574, 38.8061 ], [ -9.1589, 38.8068 ], [ -9.1683, 38.8074 ], [ -9.1704, 38.8047 ], [ -9.1706, 38.8005 ], [ -9.182, 38.8115 ], [ -9.1881, 38.8151 ], [ -9.1961, 38.8122 ], [ -9.1985, 38.8136 ], [ -9.1997, 38.8118 ], [ -9.2046, 38.8117 ], [ -9.203, 38.8191 ], [ -9.2056, 38.8231 ], [ -9.2077, 38.8223 ], [ -9.2166, 38.8256 ], [ -9.2163, 38.827 ], [ -9.2209, 38.8278 ], [ -9.2232, 38.8305 ], [ -9.2274, 38.8279 ], [ -9.233514250614252, 38.827375921375925 ], [ -9.2328, 38.827 ], [ -9.2336, 38.8251 ], [ -9.2306, 38.8211 ], [ -9.2336, 38.8191 ], [ -9.2367, 38.8216 ], [ -9.2411, 38.8198 ], [ -9.238, 38.8159 ], [ -9.2386, 38.8107 ], [ -9.235, 38.8073 ], [ -9.2242, 38.8069 ], [ -9.2221, 38.8035 ], [ -9.2234, 38.7998 ], [ -9.2207, 38.7986 ], [ -9.2247, 38.795 ], [ -9.2266, 38.7962 ], [ -9.2305, 38.794 ], [ -9.2309, 38.7958 ], [ -9.2343, 38.7952 ], [ -9.2375, 38.797 ], [ -9.2442, 38.7947 ], [ -9.2441, 38.7851 ], [ -9.2525, 38.7754 ], [ -9.2538, 38.77 ], [ -9.2537, 38.7675 ], [ -9.2506, 38.7666 ], [ -9.2514, 38.7624 ], [ -9.2483, 38.7572 ], [ -9.249, 38.7514 ], [ -9.247, 38.751 ], [ -9.249, 38.7493 ], [ -9.2473, 38.7475 ], [ -9.2477, 38.7429 ], [ -9.2485, 38.7438 ], [ -9.2516, 38.7419 ], [ -9.2514, 38.7396 ], [ -9.2572, 38.7423 ], [ -9.2643, 38.741 ], [ -9.2633, 38.7423 ], [ -9.265, 38.744 ], [ -9.2601, 38.7474 ], [ -9.2651, 38.7465 ], [ -9.2712, 38.749 ], [ -9.2769, 38.7483 ], [ -9.2862, 38.7518 ], [ -9.2855, 38.7471 ], [ -9.2869, 38.7487 ], [ -9.2878, 38.7476 ], [ -9.3022, 38.7471 ] ], [ [ -9.2347, 38.828 ], [ -9.23452117647059, 38.827905882352944 ], [ -9.234566666666668, 38.828133333333334 ], [ -9.2347, 38.828 ] ] ] } },
{ "type": "Feature", "properties": { "name": "Carcavelos", "region_type": "DOC", "color": "#ff5722", "island": false, "source": "gisco_nuts3+gadm_level2" }, "geometry": { "type": "MultiPolygon", "coordinates": [ [ [ [ -9.4757, 38.7293 ], [ -9.4755, 38.7292 ], [ -9.4761, 38.7292 ], [ -9.4757, 38.7293 ] ] ], [ [ [ -9.4751, 38.753 ], [ -9.4751, 38.7529 ], [ -9.4752, 38.7528 ], [ -9.4752, 38.7529 ], [ -9.4751, 38.753 ] ] ], [ [ [ -9.4757, 38.7533 ], [ -9.4756, 38.7533 ], [ -9.4757, 38.7532 ], [ -9.4757, 38.7533 ] ] ], [ [ [ -9.4754, 38.7534 ], [ -9.4752, 38.7534 ], [ -9.4754, 38.7531 ], [ -9.4756, 38.7532 ], [ -9.4754, 38.7534 ] ] ], [ [ [ -9.4776, 38.7542 ], [ -9.4772, 38.7545 ], [ -9.4773, 38.7543 ], [ -9.4774, 38.7542 ], [ -9.4776, 38.7542 ] ] ], [ [ [ -9.4771, 38.7545 ], [ -9.4769, 38.7545 ], [ -9.4769, 38.7543 ], [ -9.4772, 38.7543 ], [ -9.4771, 38.7545 ] ] ], [ [ [ -9.4783, 38.7542 ], [ -9.4785, 38.7544 ], [ -9.4776, 38.7547 ], [ -9.4778, 38.7544 ], [ -9.4783, 38.7542 ] ] ], [ [ [ -9.4793, 38.7555 ], [ -9.4794, 38.7555 ], [ -9.4794, 38.7556 ], [ -9.4793, 38.7556 ], [ -9.4793, 38.7555 ] ] ], [ [ [ -9.4797, 38.7557 ], [ -9.4796, 38.7557 ], [ -9.4796, 38.7556 ], [ -9.4797, 38.7557 ] ] ], [ [ [ -9.4793, 38.7555 ], [ -9.4788, 38.7559 ], [ -9.479, 38.7556 ], [ -9.4791, 38.7556 ], [ -9.4793, 38.7555 ] ] ], [ [ [ -9.4801, 38.7563 ], [ -9.4798, 38.7564 ], [ -9.4799, 38.7559 ], [ -9.4804, 38.7556 ], [ -9.4801, 38.7563 ] ] ], [ [ [ -9.483, 38.7567 ], [ -9.4834, 38.7567 ], [ -9.4832, 38.7571 ], [ -9.483, 38.7568 ], [ -9.483, 38.7567 ] ] ], [ [ [ -9.4819, 38.7573 ], [ -9.4818, 38.7573 ], [ -9.4819, 38.7569 ], [ -9.482, 38.7571 ], [ -9.4819, 38.7573 ] ] ], [ [ [ -9.4828, 38.7573 ], [ -9.4827, 38.7572 ], [ -9.4828, 38.7571 ], [ -9.4829, 38.7572 ], [ -9.4828, 38.7573 ] ] ], [ [ [ -9.4826, 38.7578 ], [ -9.4825, 38.7577 ], [ -9.4827, 38.7577 ], [ -9.4827, 38.7578 ], [ -9.4826, 38.7578 ] ] ], [ [ [ -9.2976, 38.6613 ], [ -9.2979, 38.659 ], [ -9.3001, 38.6596 ], [ -9.2999, 38.6618 ], [ -9.2976, 38.6613 ] ] ], [ [ [ -9.4604, 38.6951 ], [ -9.4604, 38.6952 ], [ -9.46035, 38.6952 ], [ -9.460333333333333, 38.695166666666665 ], [ -9.4604, 38.6951 ] ] ], [ [ [ -9.3074, 38.7511 ], [ -9.3039, 38.752 ], [ -9.3022, 38.7471 ], [ -9.2941, 38.7466 ], [ -9.2869, 38.7487 ], [ -9.2856, 38.7471 ], [ -9.2862, 38.7518 ], [ -9.2769, 38.7483 ], [ -9.2712, 38.749 ], [ -9.2651, 38.7465 ], [ -9.2601, 38.7474 ], [ -9.265, 38.744 ], [ -9.2633, 38.7421 ], [ -9.2653, 38.7398 ], [ -9.2582, 38.7356 ], [ -9.2579, 38.7319 ], [ -9.2554, 38.7359 ], [ -9.2551, 38.7334 ], [ -9.2457, 38.737 ], [ -9.2347, 38.7345 ], [ -9.2254, 38.7345 ], [ -9.2112, 38.722 ], [ -9.2187, 38.7183 ], [ -9.2223, 38.714 ], [ -9.2233, 38.7101 ], [ -9.2222, 38.7068 ], [ -9.2261, 38.7042 ], [ -9.2275, 38.6987 ], [ -9.2264, 38.6976 ], [ -9.2287, 38.6974 ], [ -9.23, 38.6947 ], [ -9.2424, 38.6989 ], [ -9.2498, 38.6992 ], [ -9.2511, 38.6975 ], [ -9.2548, 38.6996 ], [ -9.262, 38.6998 ], [ -9.276, 38.697 ], [ -9.2809, 38.6987 ], [ -9.2893, 38.6956 ], [ -9.2932, 38.6909 ], [ -9.2957, 38.6908 ], [ -9.2935, 38.6906 ], [ -9.2982, 38.6897 ], [ -9.3047, 38.6852 ], [ -9.3139, 38.684 ], [ -9.3171, 38.6775 ], [ -9.3238, 38.6754 ], [ -9.3238, 38.6732 ], [ -9.327, 38.6744 ], [ -9.326611702127659, 38.676263829787231 ], [ -9.3274, 38.6759 ], [ -9.3417, 38.6815 ], [ -9.3468, 38.6807 ], [ -9.3499, 38.684 ], [ -9.3584, 38.6864 ], [ -9.3663, 38.692 ], [ -9.3708, 38.6937 ], [ -9.3724, 38.6921 ], [ -9.3733, 38.6938 ], [ -9.3878, 38.699 ], [ -9.3922, 38.702 ], [ -9.3991, 38.7015 ], [ -9.4058, 38.7036 ], [ -9.4085, 38.7013 ], [ -9.417, 38.7001 ], [ -9.4201, 38.6963 ], [ -9.4149, 38.6926 ], [ -9.4193, 38.69 ], [ -9.4214, 38.6917 ], [ -9.4207, 38.6901 ], [ -9.4234, 38.6894 ], [ -9.4302, 38.6899 ], [ -9.4397, 38.6958 ], [ -9.4455, 38.6945 ], [ -9.4603, 38.6951 ], [ -9.460333333333333, 38.695166666666665 ], [ -9.4603, 38.6952 ], [ -9.46035, 38.6952 ], [ -9.4604, 38.6953 ], [ -9.4608, 38.6956 ], [ -9.4619, 38.696 ], [ -9.4623, 38.6966 ], [ -9.4652, 38.6974 ], [ -9.467, 38.6991 ], [ -9.4775, 38.7018 ], [ -9.4805, 38.704 ], [ -9.4797, 38.705 ], [ -9.4825, 38.7052 ], [ -9.4862, 38.7081 ], [ -9.4845, 38.7149 ], [ -9.4791, 38.7203 ], [ -9.4798, 38.723 ], [ -9.4772, 38.7246 ], [ -9.4761, 38.7272 ], [ -9.4771, 38.7287 ], [ -9.4755, 38.7292 ], [ -9.4721, 38.7367 ], [ -9.4738, 38.7403 ], [ -9.472, 38.7415 ], [ -9.4733, 38.7438 ], [ -9.4718, 38.7463 ], [ -9.4733, 38.7479 ], [ -9.4717, 38.7482 ], [ -9.472, 38.7502 ], [ -9.4744, 38.7508 ], [ -9.4731, 38.7518 ], [ -9.4741, 38.7535 ], [ -9.4758, 38.7538 ], [ -9.4773, 38.7531 ], [ -9.4763, 38.7548 ], [ -9.4782, 38.7553 ], [ -9.4789, 38.7545 ], [ -9.4785, 38.756 ], [ -9.48, 38.7567 ], [ -9.4813, 38.7559 ], [ -9.4814, 38.7574 ], [ -9.4822, 38.7578 ], [ -9.4827, 38.7579 ], [ -9.4831, 38.7577 ], [ -9.4833, 38.7578 ], [ -9.4838, 38.7574 ], [ -9.4736, 38.7668 ], [ -9.4629, 38.7683 ], [ -9.4434, 38.7674 ], [ -9.441, 38.769 ], [ -9.4389, 38.767 ], [ -9.4227, 38.7659 ], [ -9.4189, 38.759 ], [ -9.4168, 38.7581 ], [ -9.4131, 38.7585 ], [ -9.4102, 38.7617 ], [ -9.4083, 38.7602 ], [ -9.4112, 38.759 ], [ -9.4056, 38.7565 ], [ -9.4034, 38.7573 ], [ -9.3997, 38.7529 ], [ -9.3945, 38.7555 ], [ -9.3886, 38.7556 ], [ -9.3821, 38.7579 ], [ -9.3786, 38.7495 ], [ -9.3723, 38.746 ], [ -9.37, 38.747 ], [ -9.3662, 38.7396 ], [ -9.3642, 38.7403 ], [ -9.3627, 38.7386 ], [ -9.3549, 38.741 ], [ -9.3489, 38.7466 ], [ -9.3457, 38.7449 ], [ -9.3359, 38.7467 ], [ -9.3323, 38.7514 ], [ -9.3296, 38.7521 ], [ -9.3241, 38.7483 ], [ -9.3245, 38.7462 ], [ -9.3206, 38.7407 ], [ -9.3119, 38.7449 ], [ -9.3085, 38.7445 ], [ -9.308226315789474, 38.743268421052633 ], [ -9.3067, 38.748 ], [ -9.3084, 38.7503 ], [ -9.3074, 38.7511 ] ], [ [ -9.3193, 38.6996 ], [ -9.323089518413598, 38.703583852691217 ], [ -9.3231, 38.7035 ], [ -9.3193, 38.6996 ] ], [ [ -9.318709137931032, 38.730130344827586 ], [ -9.316069911504403, 38.731932743362847 ], [ -9.3189, 38.7303 ], [ -9.318709137931032, 38.730130344827586 ] ], [ [ -9.310829887453107, 38.735511296373488 ], [ -9.3107, 38.7356 ], [ -9.310157142857143, 38.737282857142851 ], [ -9.310829887453107, 38.735511296373488 ] ] ], [ [ [ -9.474, 38.7404 ], [ -9.474, 38.7405 ], [ -9.4739, 38.7405 ], [ -9.4739, 38.7404 ], [ -9.474, 38.7404 ] ] ], [ [ [ -9.474, 38.7406 ], [ -9.474, 38.7405 ], [ -9.4741, 38.7404 ], [ -9.4741, 38.7405 ], [ -9.474, 38.7406 ] ] ], [ [ [ -9.4736, 38.7413 ], [ -9.4734, 38.7411 ], [ -9.4736, 38.7411 ], [ -9.4736, 38.7412 ], [ -9.4736, 38.7413 ] ] ], [ [ [ -9.4729, 38.7414 ], [ -9.4726, 38.7413 ], [ -9.4727, 38.7412 ], [ -9.4728, 38.7413 ], [ -9.4729, 38.7414 ] ] ], [ [ [ -9.4731, 38.7445 ], [ -9.473, 38.7444 ], [ -9.4732, 38.7444 ], [ -9.4733, 38.7445 ], [ -9.4731, 38.7445 ] ] ], [ [ [ -9.473, 38.7449 ], [ -9.4731, 38.745 ], [ -9.473, 38.745 ], [ -9.473, 38.7449 ] ] ], [ [ [ -9.4731, 38.7457 ], [ -9.4732, 38.7457 ], [ -9.4732, 38.7458 ], [ -9.4731, 38.7457 ] ] ], [ [ [ -9.4729, 38.746 ], [ -9.4729, 38.7459 ], [ -9.473, 38.7458 ], [ -9.473, 38.7459 ], [ -9.4729, 38.746 ] ] ], [ [ [ -9.4739, 38.7516 ], [ -9.4738, 38.7516 ], [ -9.4736, 38.7515 ], [ -9.4738, 38.7515 ], [ -9.4739, 38.7516 ] ] ], [ [ [ -9.4734, 38.7517 ], [ -9.4737, 38.7518 ], [ -9.4735, 38.7519 ], [ -9.4733, 38.7518 ], [ -9.4734, 38.7517 ] ] ], [ [ [ -9.4735, 38.7521 ], [ -9.4735, 38.752 ], [ -9.4736, 38.752 ], [ -9.4735, 38.7521 ] ] ] ] } },
{ "type": "Feature", "properties": { "name": "Colares", "region_type": "DOC", "color": "#00acc1", "island": false, "source": "gisco_nuts3+gadm_level2" }, "geometry": { "type": "Polygon", "coordinates": [ [ [ -9.2878, 38.7476 ], [ -9.3022, 38.7471 ], [ -9.3039, 38.752 ], [ -9.3085, 38.7507 ], [ -9.3067, 38.7481 ], [ -9.3085, 38.7445 ], [ -9.3119, 38.7449 ], [ -9.3206, 38.7407 ], [ -9.3245, 38.7462 ], [ -9.3241, 38.7483 ], [ -9.3298, 38.7521 ], [ -9.3323, 38.7514 ], [ -9.3359, 38.7467 ], [ -9.3457, 38.7449 ], [ -9.3489, 38.7466 ], [ -9.3549, 38.741 ], [ -9.3627, 38.7386 ], [ -9.3642, 38.7403 ], [ -9.3662, 38.7396 ], [ -9.37, 38.747 ], [ -9.3723, 38.746 ], [ -9.3786, 38.7495 ], [ -9.3821, 38.7579 ], [ -9.3886, 38.7556 ], [ -9.3945, 38.7555 ], [ -9.3997, 38.7529 ], [ -9.4034, 38.7573 ], [ -9.4056, 38.7565 ], [ -9.4112, 38.759 ], [ -9.4083, 38.7602 ], [ -9.4102, 38.7617 ], [ -9.4131, 38.7585 ], [ -9.4189, 38.759 ], [ -9.4227, 38.7659 ], [ -9.4389, 38.767 ], [ -9.441, 38.769 ], [ -9.4434, 38.7674 ], [ -9.4689, 38.7677 ], [ -9.4754, 38.7658 ], [ -9.4838, 38.7574 ], [ -9.4847, 38.7616 ], [ -9.4874, 38.7605 ], [ -9.4878, 38.7624 ], [ -9.4912, 38.763 ], [ -9.4909, 38.766 ], [ -9.4932, 38.7673 ], [ -9.4935, 38.7663 ], [ -9.4934, 38.7685 ], [ -9.4951, 38.7687 ], [ -9.4949, 38.7737 ], [ -9.4933, 38.7755 ], [ -9.4983, 38.7766 ], [ -9.5004, 38.781 ], [ -9.4957, 38.7859 ], [ -9.4965, 38.7881 ], [ -9.4923, 38.7903 ], [ -9.4935, 38.7927 ], [ -9.4919, 38.7927 ], [ -9.4937, 38.7939 ], [ -9.4898, 38.7951 ], [ -9.4908, 38.7959 ], [ -9.4894, 38.7966 ], [ -9.4895, 38.8006 ], [ -9.4846, 38.8024 ], [ -9.4843, 38.8077 ], [ -9.4801, 38.8101 ], [ -9.4762, 38.8154 ], [ -9.4762, 38.8179 ], [ -9.4732, 38.8215 ], [ -9.4735, 38.8243 ], [ -9.4712, 38.8257 ], [ -9.4688, 38.824 ], [ -9.4703, 38.8283 ], [ -9.4675, 38.8351 ], [ -9.4624, 38.8403 ], [ -9.4506, 38.8602 ], [ -9.4492, 38.8639 ], [ -9.4514, 38.8671 ], [ -9.4442, 38.8746 ], [ -9.4441, 38.88 ], [ -9.4394, 38.8873 ], [ -9.4392, 38.8937 ], [ -9.4365, 38.8979 ], [ -9.4348, 38.8969 ], [ -9.4355, 38.9005 ], [ -9.4312, 38.9121 ], [ -9.4262, 38.9185 ], [ -9.4236, 38.927 ], [ -9.4198, 38.9324 ], [ -9.4126, 38.9275 ], [ -9.4044, 38.9292 ], [ -9.4031, 38.9313 ], [ -9.3953, 38.9307 ], [ -9.3854, 38.9209 ], [ -9.3794, 38.9186 ], [ -9.3799, 38.914 ], [ -9.3775, 38.911 ], [ -9.3805, 38.9102 ], [ -9.3789, 38.9071 ], [ -9.3807, 38.9064 ], [ -9.3803, 38.9051 ], [ -9.3762, 38.9027 ], [ -9.3749, 38.904 ], [ -9.3728, 38.9032 ], [ -9.3723, 38.9012 ], [ -9.3689, 38.9004 ], [ -9.3668, 38.9002 ], [ -9.3651, 38.9024 ], [ -9.3635, 38.8985 ], [ -9.3608, 38.8975 ], [ -9.3619, 38.8953 ], [ -9.3607, 38.8944 ], [ -9.3532, 38.8987 ], [ -9.3514, 38.8983 ], [ -9.3518, 38.8962 ], [ -9.3496, 38.8957 ], [ -9.3506, 38.8952 ], [ -9.3493, 38.8938 ], [ -9.35, 38.8906 ], [ -9.3436, 38.8852 ], [ -9.3456, 38.8833 ], [ -9.3361, 38.8843 ], [ -9.3301, 38.8822 ], [ -9.3282, 38.8782 ], [ -9.3262, 38.8781 ], [ -9.3253, 38.8805 ], [ -9.324, 38.8792 ], [ -9.3158, 38.8807 ], [ -9.3143, 38.8833 ], [ -9.3023, 38.8804 ], [ -9.2988, 38.8866 ], [ -9.2911, 38.8862 ], [ -9.2867, 38.8891 ], [ -9.2846, 38.8929 ], [ -9.2722, 38.8938 ], [ -9.2698, 38.8844 ], [ -9.2563, 38.8693 ], [ -9.2479, 38.8731 ], [ -9.2404, 38.8717 ], [ -9.2415, 38.865 ], [ -9.2366, 38.861 ], [ -9.236, 38.8557 ], [ -9.2326, 38.8508 ], [ -9.2339, 38.8491 ], [ -9.2332, 38.8458 ], [ -9.2314, 38.8461 ], [ -9.2331, 38.8455 ], [ -9.2359, 38.8457 ], [ -9.2398, 38.8475 ], [ -9.2411, 38.8446 ], [ -9.246, 38.8427 ], [ -9.243, 38.8417 ], [ -9.2379, 38.8433 ], [ -9.2374, 38.8414 ], [ -9.2413, 38.8382 ], [ -9.2374, 38.8359 ], [ -9.2384, 38.8347 ], [ -9.2358, 38.8343 ], [ -9.2338, 38.8289 ], [ -9.2347, 38.828 ], [ -9.2328, 38.827 ], [ -9.2336, 38.8251 ], [ -9.2306, 38.8211 ], [ -9.2336, 38.8191 ], [ -9.2367, 38.8216 ], [ -9.2411, 38.8198 ], [ -9.238, 38.8159 ], [ -9.2386, 38.8107 ], [ -9.235, 38.8073 ], [ -9.2242, 38.8069 ], [ -9.2221, 38.8035 ], [ -9.2234, 38.7998 ], [ -9.2207, 38.7986 ], [ -9.2247, 38.795 ], [ -9.2266, 38.7962 ], [ -9.2305, 38.794 ], [ -9.2309, 38.7958 ], [ -9.2343, 38.7952 ], [ -9.2375, 38.797 ], [ -9.2442, 38.7947 ], [ -9.2441, 38.7851 ], [ -9.2525, 38.7754 ], [ -9.2538, 38.77 ], [ -9.2537, 38.7675 ], [ -9.2506, 38.7666 ], [ -9.2514, 38.7624 ], [ -9.2483, 38.7572 ], [ -9.249, 38.7514 ], [ -9.247, 38.751 ], [ -9.249, 38.7493 ], [ -9.2473, 38.7475 ], [ -9.2477, 38.7429 ], [ -9.2485, 38.7438 ], [ -9.2516, 38.7419 ], [ -9.2514, 38.7396 ], [ -9.2572, 38.7423 ], [ -9.2643, 38.741 ], [ -9.2633, 38.7423 ], [ -9.265, 38.744 ], [ -9.2601, 38.7474 ], [ -9.2651, 38.7465 ], [ -9.2712, 38.749 ], [ -9.2769, 38.7483 ], [ -9.2862, 38.7518 ], [ -9.2855, 38.7471 ], [ -9.2869, 38.7487 ], [ -9.2878, 38.7476 ] ] ] } },
{ "type": "Feature", "properties": { "name": "DoTejo", "region_type": "DOC", "color": "#1abc9c", "island": false, "source": "gisco_nuts3+gadm_level2" }, "geometry": { "type": "Polygon", "coordinates": [ [ [ -8.181502560999945, 39.228478683000048 ], [ -8.183633, 39.218582499000036 ], [ -8.190108395999971, 39.216197037000029 ], [ -8.196181011999954, 39.21395988200004 ], [ -8.234753601999955, 39.182307825000066 ], [ -8.252733003999936, 39.180360257000075 ], [ -8.269700759999978, 39.170961544000079 ], [ -8.29825982899996, 39.161710971000048 ], [ -8.304058323999925, 39.149211386000047 ], [ -8.315571518999946, 39.138637678000066 ], [ -8.323089885999934, 39.125539641000046 ], [ -8.333809642999938, 39.114391381000075 ], [ -8.342314973999976, 39.109790817000032 ], [ -8.342655172999969, 39.099943218000078 ], [ -8.333791674999929, 39.095019369000056 ], [ -8.310034, 39.089242499000079 ], [ -8.307417805999933, 39.084250509000071 ], [ -8.291420324999933, 39.080185168000071 ], [ -8.290272783999967, 39.059349877000045 ], [ -8.287223340999958, 39.055626148000044 ], [ -8.281671168999935, 39.051242921000039 ], [ -8.268383896999978, 39.051610263000043 ], [ -8.260332674999972, 39.013069029000064 ], [ -8.245505745999935, 39.000038613000072 ], [ -8.227098070999944, 39.003631805000055 ], [ -8.21990631999995, 38.991647964000038 ], [ -8.227915, 38.98738699900008 ], [ -8.241437591999954, 38.974276853000049 ], [ -8.234984016999931, 38.968133990000069 ], [ -8.242693738999947, 38.939157470000055 ], [ -8.250857296999925, 38.928045022000049 ], [ -8.266008074999945, 38.916404392000061 ], [ -8.271311941999954, 38.908032787000025 ], [ -8.257521329999975, 38.900429808000069 ], [ -8.211201890999973, 38.884468310000045 ], [ -8.208105656999976, 38.875408672000049 ], [ -8.202074499999981, 38.878380499000059 ], [ -8.193141777999926, 38.874082368000074 ], [ -8.190108395999971, 38.87501979700005 ], [ -8.180851104999931, 38.877880571000048 ], [ -8.160978027999931, 38.866277444000048 ], [ -8.163052652999966, 38.862859445000026 ], [ -8.184173353999938, 38.850827089000063 ], [ -8.186727851999933, 38.839635677000047 ], [ -8.180883876999928, 38.833081847000074 ], [ -8.168171623999967, 38.828745049000077 ], [ -8.158481140999982, 38.809414808000042 ], [ -8.15392548899996, 38.810733570000025 ], [ -8.147193266999977, 38.818705089000048 ], [ -8.135440166999956, 38.81468998400004 ], [ -8.124310499999979, 38.804967999000041 ], [ -8.140030689999946, 38.787596712000038 ], [ -8.142432235999934, 38.773177544000077 ], [ -8.152626, 38.773430499000028 ], [ -8.162032269999941, 38.776309587000071 ], [ -8.174775820999969, 38.782549173000064 ], [ -8.178293, 38.786722999000062 ], [ -8.174820672999942, 38.800974256000075 ], [ -8.185356165999963, 38.801836538000032 ], [ -8.190108395999971, 38.796966824000037 ], [ -8.192304734999936, 38.794716075000053 ], [ -8.203254048999952, 38.798886893000031 ], [ -8.198554945999945, 38.809046850000072 ], [ -8.221731731999967, 38.828553199000055 ], [ -8.244654499999967, 38.816677999000035 ], [ -8.266080758999976, 38.830511534000038 ], [ -8.263965259999964, 38.842295096000043 ], [ -8.272739527999931, 38.844137274000047 ], [ -8.286723452999979, 38.851309370000024 ], [ -8.301816558999974, 38.863249513000028 ], [ -8.311001878999946, 38.849459583000055 ], [ -8.321269, 38.859255999000027 ], [ -8.336443926999948, 38.841985116000046 ], [ -8.342655172999969, 38.838868793000074 ], [ -8.355790430999946, 38.843755729000065 ], [ -8.367896348999977, 38.853318653000031 ], [ -8.377870743999949, 38.855379240000048 ], [ -8.388248989999965, 38.847434271000054 ], [ -8.383406797999953, 38.840153785000041 ], [ -8.408566690999976, 38.823989970000071 ], [ -8.417502684999931, 38.827529342000048 ], [ -8.419469978999928, 38.836741341000049 ], [ -8.429757424999934, 38.833736656000042 ], [ -8.43905781199993, 38.826609460000043 ], [ -8.449731104999955, 38.807274355000061 ], [ -8.470197665999933, 38.795025291000059 ], [ -8.48014926999997, 38.80265204400007 ], [ -8.499347695999973, 38.806981695000047 ], [ -8.518756499999938, 38.790238999000053 ], [ -8.523067, 38.788920499000028 ], [ -8.525140427999929, 38.784938663000048 ], [ -8.526127499999973, 38.783042999000031 ], [ -8.535165, 38.774046999000063 ], [ -8.541822, 38.767558999000073 ], [ -8.546797499999968, 38.76343599900008 ], [ -8.557812178999939, 38.769025321000072 ], [ -8.573264286999972, 38.771834070000068 ], [ -8.585789774999967, 38.767544483000052 ], [ -8.606874322999943, 38.777798060000066 ], [ -8.611888901999976, 38.782550560000061 ], [ -8.604917787999966, 38.79484353600003 ], [ -8.605196063999927, 38.825960369000029 ], [ -8.60008720999997, 38.830830197000068 ], [ -8.596962667999946, 38.84053509000006 ], [ -8.610227523999981, 38.839246929000069 ], [ -8.628629528999966, 38.830388304000053 ], [ -8.631304424999939, 38.821864237000057 ], [ -8.640297385999929, 38.809783908000043 ], [ -8.658837644999949, 38.813367333000031 ], [ -8.66921149999996, 38.821624999000051 ], [ -8.685912942999948, 38.827005564000046 ], [ -8.696496723999928, 38.839713593000056 ], [ -8.708031, 38.84542299900005 ], [ -8.704613857999959, 38.840180683000028 ], [ -8.707797023999944, 38.829845386000045 ], [ -8.742756091999979, 38.778838248000056 ], [ -8.751777217999972, 38.745576267000047 ], [ -8.764431926999976, 38.738969863000079 ], [ -8.76654149999996, 38.737868499000058 ], [ -8.778806156999963, 38.734203338000043 ], [ -8.788902853999957, 38.734107984000048 ], [ -8.797826329999964, 38.738969863000079 ], [ -8.801549215999955, 38.740998148000074 ], [ -8.810296, 38.74011899900006 ], [ -8.825032377999946, 38.754212520000067 ], [ -8.839220521999948, 38.760583361000045 ], [ -8.887565437999967, 38.743261375000031 ], [ -8.904018054999938, 38.744467667000038 ], [ -8.907309037999937, 38.738969863000079 ], [ -8.902394318999939, 38.733586753000054 ], [ -8.906457588999956, 38.732566789000032 ], [ -8.910491331999935, 38.738969863000079 ], [ -8.913703656999928, 38.744068625000068 ], [ -8.923089335999975, 38.751003166000032 ], [ -8.924881, 38.758673999000052 ], [ -8.931220131999964, 38.768700634000027 ], [ -8.942053333999979, 38.800607020000029 ], [ -8.95329980799994, 38.814905491000047 ], [ -8.959055798999941, 38.819786305000036 ], [ -8.968466, 38.827764999000067 ], [ -8.963254943999971, 38.837062917000026 ], [ -8.959055798999941, 38.839708040000062 ], [ -8.94669718199998, 38.847492404000036 ], [ -8.938492874999952, 38.859140917000047 ], [ -8.93197775699997, 38.868912987000044 ], [ -8.91284683899994, 38.88667104700005 ], [ -8.910459386999946, 38.904543736000051 ], [ -8.903417757999932, 38.914779897000074 ], [ -8.892277234999938, 38.92354501300008 ], [ -8.894016785999952, 38.934756945000061 ], [ -8.891852476999929, 38.943322796000075 ], [ -8.88592906699995, 38.947644840000066 ], [ -8.877328534999947, 38.949370542000054 ], [ -8.871277, 38.950634499000046 ], [ -8.851101227999948, 38.96163206500006 ], [ -8.877328534999947, 38.96981119000003 ], [ -8.878219394999974, 38.972138564000034 ], [ -8.877328534999947, 38.974361974000033 ], [ -8.863624552999966, 38.98057381700005 ], [ -8.864286363999952, 38.989819442000055 ], [ -8.860682289999943, 38.997655819000045 ], [ -8.842488941999932, 39.016665002000025 ], [ -8.858857943999965, 39.024744838000061 ], [ -8.860694499999966, 39.028656499000078 ], [ -8.877328534999947, 39.030000808000068 ], [ -8.881457, 39.030335499000046 ], [ -8.884825, 39.030724999000029 ], [ -8.886942499999975, 39.031013999000038 ], [ -8.889706499999932, 39.031574999000043 ], [ -8.893415696999966, 39.022601919000067 ], [ -8.890734859999952, 39.019320768000057 ], [ -8.879521734999969, 39.01511522100003 ], [ -8.883359890999941, 39.009811323000065 ], [ -8.895068558999981, 39.009686617000057 ], [ -8.906755005999969, 39.006544732000066 ], [ -8.913884569999937, 39.008185507000064 ], [ -8.917679464999935, 39.014526375000059 ], [ -8.910768066999935, 39.023059894000028 ], [ -8.912397440999939, 39.027282194000065 ], [ -8.922306740999943, 39.024019666000072 ], [ -8.930277, 39.018024999000033 ], [ -8.93590263699997, 39.034454025000059 ], [ -8.948350885999957, 39.032990449000067 ], [ -8.959055798999941, 39.038131908000025 ], [ -8.959450499999946, 39.041418499000031 ], [ -8.95611807399996, 39.041655828000046 ], [ -8.951375309999946, 39.05420876200003 ], [ -8.947582764999936, 39.056174448000036 ], [ -8.943011499999955, 39.07430849900004 ], [ -8.940237428999978, 39.086649099000056 ], [ -8.946942499999977, 39.097597499000074 ], [ -8.945008564999966, 39.099417756000037 ], [ -8.954264972999965, 39.103242412000043 ], [ -8.953898079999931, 39.108875643000033 ], [ -8.91950146299996, 39.106724331000066 ], [ -8.925793499999941, 39.12267599900008 ], [ -8.93660596899997, 39.133882590000042 ], [ -8.938398212999971, 39.151958152000077 ], [ -8.947806957999944, 39.14802658900004 ], [ -8.959055798999941, 39.158309022000026 ], [ -8.970839, 39.162610499000039 ], [ -8.968902188999948, 39.175751146000039 ], [ -8.980607886999962, 39.180996700000037 ], [ -8.990607195999928, 39.182117348000077 ], [ -8.999292499999967, 39.180363499000066 ], [ -9.004746499999953, 39.186395499000071 ], [ -9.003897780999978, 39.19421206100003 ], [ -8.988522173999968, 39.230445877000079 ], [ -8.988009214999977, 39.240785326000037 ], [ -8.981314, 39.249381499000037 ], [ -8.983887, 39.253523999000038 ], [ -8.979104, 39.273961499000052 ], [ -8.975703459999977, 39.28633500400008 ], [ -8.984485499999948, 39.287603999000055 ], [ -8.994503, 39.296697499000061 ], [ -8.987061928999935, 39.317967040000042 ], [ -8.991229, 39.323667499000067 ], [ -8.998720726999977, 39.333147134000058 ], [ -9.001255064999953, 39.353357465000045 ], [ -8.997305, 39.362624999000047 ], [ -8.991171841999972, 39.37595239400008 ], [ -8.983578499999965, 39.38482299900005 ], [ -8.976172489999954, 39.387332728000047 ], [ -8.969411192999928, 39.393657184000062 ], [ -8.959055798999941, 39.392512084000032 ], [ -8.945712, 39.391036499000052 ], [ -8.941453499999966, 39.40181749900006 ], [ -8.940011499999969, 39.405660499000078 ], [ -8.93456649999996, 39.413054999000053 ], [ -8.934209, 39.414963499000066 ], [ -8.932405499999959, 39.42324049900003 ], [ -8.923016, 39.433278499000039 ], [ -8.903421, 39.466007499000057 ], [ -8.895709499999953, 39.465714499000057 ], [ -8.89256649999993, 39.465250999000034 ], [ -8.884431444999962, 39.472684564000076 ], [ -8.877328534999947, 39.474314997000079 ], [ -8.866182979999962, 39.475531301000046 ], [ -8.84512531699994, 39.472806605000073 ], [ -8.808783499999947, 39.481655499000055 ], [ -8.802341499999955, 39.483009499000048 ], [ -8.795259, 39.480573499000059 ], [ -8.788944, 39.479117999000039 ], [ -8.773415120999971, 39.478973314000029 ], [ -8.759381499999961, 39.475741499000037 ], [ -8.751777217999972, 39.478317190000041 ], [ -8.748308250999969, 39.479492153000081 ], [ -8.742818344999932, 39.478334184000062 ], [ -8.728931499999931, 39.481061999000076 ], [ -8.742572086999928, 39.508894595000072 ], [ -8.746735499999943, 39.527481499000032 ], [ -8.736051, 39.536579999000026 ], [ -8.714485, 39.520784499000058 ], [ -8.706255880999947, 39.528504006000048 ], [ -8.695254876999968, 39.533194522000031 ], [ -8.687380499999961, 39.550876499000026 ], [ -8.67142, 39.562180999000077 ], [ -8.685714840999935, 39.575659504000043 ], [ -8.68941999499998, 39.589437644000043 ], [ -8.688021302999971, 39.610976731000051 ], [ -8.702185, 39.637418499000034 ], [ -8.69943782799993, 39.640835754000079 ], [ -8.679396876999931, 39.646003725000071 ], [ -8.669826499999942, 39.652603499000065 ], [ -8.649573989999965, 39.660907379000037 ], [ -8.64292949999998, 39.67270699900007 ], [ -8.645235554999942, 39.680916505000027 ], [ -8.633979714999953, 39.695133179000038 ], [ -8.64029915499998, 39.700762657000041 ], [ -8.651235499999927, 39.702844999000035 ], [ -8.67351713499994, 39.709298125000032 ], [ -8.679198499999927, 39.708898999000041 ], [ -8.679039750999948, 39.71993754600004 ], [ -8.67570823099993, 39.722926048000033 ], [ -8.66528414499993, 39.725076952000052 ], [ -8.677131216999953, 39.738301169000067 ], [ -8.680963060999943, 39.748667316000081 ], [ -8.679969338999967, 39.767495045000032 ], [ -8.675484, 39.774363999000059 ], [ -8.67079149999995, 39.774769499000058 ], [ -8.634442141999955, 39.789468026000065 ], [ -8.623900499999934, 39.789563999000052 ], [ -8.611653935999925, 39.78788899500006 ], [ -8.603426499999955, 39.779540499000063 ], [ -8.592166812999949, 39.777509439000028 ], [ -8.576565, 39.785551999000063 ], [ -8.565358998999955, 39.79137898700003 ], [ -8.555858067999964, 39.792662024000037 ], [ -8.547588499999961, 39.79774149900004 ], [ -8.546035531999962, 39.799346215000071 ], [ -8.534360040999957, 39.811409557000047 ], [ -8.526589499999943, 39.818458999000029 ], [ -8.525140427999929, 39.820042880000074 ], [ -8.52354349999996, 39.827798499000039 ], [ -8.517075568999928, 39.827094922000072 ], [ -8.506111593999947, 39.815981308000062 ], [ -8.494399965999946, 39.82884296900005 ], [ -8.487881872999935, 39.830669894000039 ], [ -8.477953499999956, 39.838728999000068 ], [ -8.468958486999952, 39.811409557000047 ], [ -8.463608499999964, 39.801386499000046 ], [ -8.464030929999979, 39.799346215000071 ], [ -8.465272422999931, 39.793349603000024 ], [ -8.462177348999944, 39.773569702000032 ], [ -8.450973192999982, 39.753791530000058 ], [ -8.454861041999948, 39.742803476000063 ], [ -8.452636974999962, 39.73197882900007 ], [ -8.443162252999969, 39.737485981000077 ], [ -8.431197, 39.74066749900004 ], [ -8.423465499999963, 39.751743499000042 ], [ -8.421233067999935, 39.754774086000054 ], [ -8.411667, 39.757271499000069 ], [ -8.39672337899998, 39.760433816000045 ], [ -8.379764233999936, 39.752570339000044 ], [ -8.360794276999968, 39.768142682000075 ], [ -8.350438409999981, 39.770275310000045 ], [ -8.345228569999961, 39.773956134000059 ], [ -8.339524365999978, 39.771440134000045 ], [ -8.332589, 39.760941499000069 ], [ -8.32661174499998, 39.766228589000036 ], [ -8.32982881199996, 39.775011383000049 ], [ -8.325869054999941, 39.785896448000074 ], [ -8.333460241999944, 39.799346215000071 ], [ -8.335722, 39.803352999000026 ], [ -8.322404217999974, 39.799346215000071 ], [ -8.30435042299996, 39.793914182000037 ], [ -8.290905641999927, 39.796982711000055 ], [ -8.285089, 39.795760499000039 ], [ -8.28506892799993, 39.799346215000071 ], [ -8.29134089799993, 39.804856491000066 ], [ -8.290664707999952, 39.809598439000069 ], [ -8.280688933999954, 39.818849029000035 ], [ -8.273028950999958, 39.820853728000031 ], [ -8.273374499999932, 39.828602499000056 ], [ -8.27722599699996, 39.836797347000072 ], [ -8.274719997999966, 39.842517542000053 ], [ -8.258462824999981, 39.84211076400004 ], [ -8.248623688999942, 39.846015300000033 ], [ -8.234805929999936, 39.846620248000079 ], [ -8.227638136999929, 39.855317399000057 ], [ -8.225429499999962, 39.855635499000073 ], [ -8.223233, 39.854599999000072 ], [ -8.212605383999971, 39.85118248200007 ], [ -8.200962476999962, 39.856290345000048 ], [ -8.197704484999974, 39.865725811000061 ], [ -8.190108395999971, 39.870952547000059 ], [ -8.186982702999956, 39.873103165000032 ], [ -8.187425582999936, 39.878358658000025 ], [ -8.184538379999935, 39.88085738400008 ], [ -8.169624, 39.875132999000073 ], [ -8.164102911999976, 39.882017116000043 ], [ -8.147052499999972, 39.887717499000075 ], [ -8.140748809999934, 39.89426908400003 ], [ -8.140393779999954, 39.902725179000072 ], [ -8.129210763999936, 39.92434011000006 ], [ -8.120424614999934, 39.929970637000054 ], [ -8.118679499999928, 39.934089999000037 ], [ -8.120253249999962, 39.941665445000069 ], [ -8.114828799999941, 39.948124395000036 ], [ -8.108679384999959, 39.94557564400003 ], [ -8.098741392999955, 39.941456438000046 ], [ -8.086898499999961, 39.943230999000036 ], [ -8.069770559999938, 39.926318847000061 ], [ -8.052043503999926, 39.920500832000073 ], [ -8.044579499999941, 39.907511499000066 ], [ -8.039003536999928, 39.903723918000026 ], [ -8.013408201999937, 39.904653538000048 ], [ -8.002647499999966, 39.900964499000054 ], [ -7.994995450999966, 39.896630260000052 ], [ -7.992889038999976, 39.888597060000052 ], [ -7.986824786999932, 39.88539292400003 ], [ -7.984215449999965, 39.876800162000052 ], [ -7.964200730999949, 39.873099180000054 ], [ -7.94742, 39.86690549900004 ], [ -7.928162751999935, 39.861112534000029 ], [ -7.916517499999941, 39.853570999000056 ], [ -7.916969877999975, 39.836118100000078 ], [ -7.92218134999996, 39.822611123000058 ], [ -7.921781, 39.816261499000063 ], [ -7.931575463999934, 39.811491888000035 ], [ -7.931527295999956, 39.806403015000058 ], [ -7.937907418999941, 39.797926654000037 ], [ -7.944760110999937, 39.798465332000035 ], [ -7.948768837999978, 39.80230046500003 ], [ -7.953629744999944, 39.795779813000024 ], [ -7.960440419999941, 39.791777440000033 ], [ -7.961343530999955, 39.784667893000062 ], [ -7.972866, 39.777551999000025 ], [ -7.985018126999933, 39.767985337000027 ], [ -7.987792379999973, 39.769463401000053 ], [ -7.998124526999959, 39.767181324000035 ], [ -8.007898525999963, 39.768571351000048 ], [ -8.010738654999955, 39.763822693000066 ], [ -8.021298, 39.761553999000057 ], [ -8.019271433999961, 39.753811807000034 ], [ -8.026210685999956, 39.754875586000026 ], [ -8.027992366999968, 39.74951460300008 ], [ -8.035753, 39.746924999000043 ], [ -8.033299260999968, 39.742979821000063 ], [ -8.024321196999949, 39.740853008000045 ], [ -8.006038049999972, 39.743258940000032 ], [ -7.998714682999946, 39.733690270000068 ], [ -7.989493141999958, 39.728897835000055 ], [ -7.985018126999933, 39.73136020100003 ], [ -7.973442452999961, 39.738444990000062 ], [ -7.969339754999964, 39.745324561000075 ], [ -7.95818989299994, 39.740308105000054 ], [ -7.950874240999951, 39.685926859000062 ], [ -7.951152018999949, 39.679199185000073 ], [ -7.955890432999979, 39.676388777000057 ], [ -7.955178761999946, 39.670838389000039 ], [ -7.95909649999993, 39.664215999000078 ], [ -7.956792327999949, 39.662102380000078 ], [ -7.940029530999936, 39.661678193000057 ], [ -7.935750019999944, 39.659445026000071 ], [ -7.931522038999958, 39.662604889000079 ], [ -7.927254931999926, 39.662287304000074 ], [ -7.92614279299994, 39.667085129000043 ], [ -7.916246593999972, 39.66772368900007 ], [ -7.910667029999956, 39.665042653000057 ], [ -7.910042702999931, 39.66179667800003 ], [ -7.905078499999945, 39.660973499000079 ], [ -7.898469596999973, 39.658851174000063 ], [ -7.900931551999975, 39.655248354000037 ], [ -7.892520084999944, 39.651986768000029 ], [ -7.89139414999994, 39.644227534000038 ], [ -7.880806072999974, 39.643631800000037 ], [ -7.871422755999959, 39.637461496000071 ], [ -7.865507, 39.638369499000078 ], [ -7.859491081999977, 39.625262876000079 ], [ -7.848962936999953, 39.621891302000051 ], [ -7.847235662999935, 39.609508109000046 ], [ -7.839918021999949, 39.606616168000073 ], [ -7.839123613999959, 39.60093091300007 ], [ -7.83428773299994, 39.598985937000066 ], [ -7.834836631999963, 39.595170418000066 ], [ -7.817864416999953, 39.583760152000025 ], [ -7.81594838999996, 39.573768554000026 ], [ -7.808988, 39.565782999000078 ], [ -7.821858417999977, 39.557905237000057 ], [ -7.827675302999978, 39.544874936000042 ], [ -7.825104, 39.537364999000033 ], [ -7.838452761999974, 39.515648235000072 ], [ -7.851099499999975, 39.509868999000048 ], [ -7.872879434999959, 39.527395192000029 ], [ -7.898225187999969, 39.537837978000027 ], [ -7.906374390999929, 39.541815137000071 ], [ -7.911118359999932, 39.548271773000067 ], [ -7.94865705199993, 39.558691295000074 ], [ -7.954771, 39.565085999000075 ], [ -7.96896413099995, 39.549363127000049 ], [ -7.967621599999973, 39.544752481000046 ], [ -7.970267637999939, 39.536881158000028 ], [ -7.985018126999933, 39.512894877000065 ], [ -7.993510295999954, 39.51057673300005 ], [ -8.000446499999953, 39.501726499000029 ], [ -8.003890994999949, 39.49523352500006 ], [ -8.000673992999964, 39.484933134000073 ], [ -7.995021, 39.479820999000026 ], [ -8.003835640999966, 39.478661206000027 ], [ -8.008884, 39.473172499000043 ], [ -8.005744842999945, 39.461533976000055 ], [ -7.995074947999967, 39.448729954000044 ], [ -7.985018126999933, 39.445061399000053 ], [ -7.974672762999944, 39.436508307000054 ], [ -7.969662287999938, 39.435752195000077 ], [ -7.963822110999956, 39.428657795000049 ], [ -7.947986101999959, 39.423946318000048 ], [ -7.942085, 39.418652499000075 ], [ -7.940632414999925, 39.409108066000044 ], [ -7.949790551999968, 39.400280525000028 ], [ -7.957937466999965, 39.397202924000055 ], [ -7.959963671999958, 39.391411514000026 ], [ -7.968684, 39.382309999000029 ], [ -7.985018126999933, 39.384315756000035 ], [ -7.989799499999947, 39.383080999000072 ], [ -7.998741505999931, 39.37463942800008 ], [ -8.001961725999934, 39.367759289000048 ], [ -8.030049608999946, 39.36304666500007 ], [ -8.027358255999957, 39.341071001000046 ], [ -8.040365700999928, 39.330940289000068 ], [ -8.046838499999978, 39.32038299900006 ], [ -8.049848, 39.312491499000032 ], [ -8.057472021999956, 39.309180873000059 ], [ -8.07450778499998, 39.292450588000065 ], [ -8.080234548999954, 39.277805459000035 ], [ -8.089316091999933, 39.275613234000048 ], [ -8.108679384999959, 39.277513400000032 ], [ -8.110863341999959, 39.277727713000047 ], [ -8.116265218999956, 39.280504491000045 ], [ -8.116025428999933, 39.287474277000058 ], [ -8.135046256999942, 39.286712907000037 ], [ -8.15345109499998, 39.271721387000071 ], [ -8.155611042999965, 39.263226856000074 ], [ -8.151520371999936, 39.250577392000025 ], [ -8.162032269999941, 39.239564809000058 ], [ -8.172599499999933, 39.233313499000076 ], [ -8.181502560999945, 39.228478683000048 ] ] ] } },
{ "type": "Feature", "properties": { "name": "Setúbal", "region_type": "DOC", "color": "#e91e63", "island": false, "source": "gisco_nuts3+gadm_level2" }, "geometry": { "type": "MultiPolygon", "coordinates": [ [ [ [ -9.1891, 38.4138 ], [ -9.189, 38.4138 ], [ -9.1889, 38.4138 ], [ -9.189, 38.4137 ], [ -9.1891, 38.4138 ] ] ], [ [ [ -9.1274, 38.4319 ], [ -9.1273, 38.4318 ], [ -9.1274, 38.4318 ], [ -9.1275, 38.4319 ], [ -9.1274, 38.4319 ] ] ], [ [ [ -9.1248, 38.4319 ], [ -9.1248, 38.4318 ], [ -9.1249, 38.4318 ], [ -9.1249, 38.4319 ], [ -9.1248, 38.4319 ] ] ], [ [ [ -9.1305, 38.4322 ], [ -9.1303, 38.4318 ], [ -9.1305, 38.4319 ], [ -9.1306, 38.432 ], [ -9.1305, 38.4322 ] ] ], [ [ [ -9.1273, 38.4321 ], [ -9.127, 38.432 ], [ -9.1272, 38.4319 ], [ -9.1275, 38.432 ], [ -9.1273, 38.4321 ] ] ], [ [ [ -9.1252, 38.4322 ], [ -9.1249, 38.432 ], [ -9.1252, 38.432 ], [ -9.1254, 38.4321 ], [ -9.1252, 38.4322 ] ] ], [ [ [ -9.1275, 38.4322 ], [ -9.1275, 38.4323 ], [ -9.1271, 38.4322 ], [ -9.1273, 38.4322 ], [ -9.1275, 38.4322 ] ] ], [ [ [ -9.1241, 38.4324 ], [ -9.1242, 38.4324 ], [ -9.1242, 38.4325 ], [ -9.1241, 38.4324 ] ] ], [ [ [ -9.0812, 38.4362 ], [ -9.0811, 38.4361 ], [ -9.0812, 38.436 ], [ -9.0813, 38.4361 ], [ -9.0812, 38.4362 ] ] ], [ [ [ -9.0798, 38.4362 ], [ -9.0797, 38.4361 ], [ -9.0798, 38.436 ], [ -9.08, 38.4361 ], [ -9.0798, 38.4362 ] ] ], [ [ [ -9.0785, 38.436115217391304 ], [ -9.078484444444445, 38.43611555555556 ], [ -9.0785, 38.4361 ], [ -9.0785, 38.436115217391304 ] ] ], [ [ [ -9.0783, 38.436119565217396 ], [ -9.078259090909091, 38.43612045454546 ], [ -9.0783, 38.4361 ], [ -9.0783, 38.436119565217396 ] ] ], [ [ [ -9.0947, 38.4392 ], [ -9.0946, 38.4392 ], [ -9.0947, 38.439 ], [ -9.0948, 38.4391 ], [ -9.0947, 38.4392 ] ] ], [ [ [ -9.0942, 38.4393 ], [ -9.0943, 38.4396 ], [ -9.0935, 38.4395 ], [ -9.0934, 38.4393 ], [ -9.0942, 38.4393 ] ] ], [ [ [ -9.0768, 38.4362 ], [ -9.0769, 38.4362 ], [ -9.0769, 38.43615 ], [ -9.078259090909091, 38.43612045454546 ], [ -9.0781, 38.4362 ], [ -9.0782, 38.4362 ], [ -9.0783, 38.4362 ], [ -9.0783, 38.436119565217396 ], [ -9.078484444444445, 38.43611555555556 ], [ -9.0784, 38.4362 ], [ -9.0785, 38.4362 ], [ -9.0785, 38.436115217391304 ], [ -9.0792, 38.4361 ], [ -9.0804, 38.4364 ], [ -9.0824, 38.4364 ], [ -9.0953, 38.4414 ], [ -9.1081, 38.4429 ], [ -9.1158, 38.4393 ], [ -9.1143, 38.4378 ], [ -9.115, 38.436 ], [ -9.1122, 38.4382 ], [ -9.1136, 38.437 ], [ -9.1115, 38.4369 ], [ -9.1137, 38.4369 ], [ -9.1124, 38.4362 ], [ -9.115, 38.4359 ], [ -9.1146, 38.4346 ], [ -9.1072, 38.4385 ], [ -9.1135, 38.4346 ], [ -9.1228, 38.4336 ], [ -9.1256, 38.4322 ], [ -9.1301, 38.433 ], [ -9.1342, 38.4291 ], [ -9.1456, 38.4309 ], [ -9.1474, 38.4296 ], [ -9.1586, 38.431 ], [ -9.1689, 38.4297 ], [ -9.1717, 38.4266 ], [ -9.1753, 38.4262 ], [ -9.1803, 38.4212 ], [ -9.187, 38.4188 ], [ -9.1895, 38.416 ], [ -9.1892, 38.4134 ], [ -9.1961, 38.4095 ], [ -9.2222, 38.4133 ], [ -9.2228, 38.4143 ], [ -9.2198, 38.4149 ], [ -9.2197, 38.4169 ], [ -9.2209, 38.417 ], [ -9.2175, 38.4185 ], [ -9.2185, 38.4218 ], [ -9.2149, 38.4232 ], [ -9.218, 38.4273 ], [ -9.2098, 38.4371 ], [ -9.2107, 38.4406 ], [ -9.2075, 38.4436 ], [ -9.206, 38.4488 ], [ -9.2018, 38.4502 ], [ -9.2018, 38.4524 ], [ -9.1989, 38.4537 ], [ -9.199, 38.4566 ], [ -9.194, 38.4621 ], [ -9.1902, 38.4706 ], [ -9.1844, 38.4885 ], [ -9.1837, 38.5001 ], [ -9.1818, 38.5057 ], [ -9.1682, 38.5121 ], [ -9.1657, 38.516 ], [ -9.161, 38.5163 ], [ -9.1574, 38.5207 ], [ -9.1529, 38.5199 ], [ -9.144, 38.5226 ], [ -9.1451, 38.5243 ], [ -9.1551, 38.521 ], [ -9.161, 38.5235 ], [ -9.1763, 38.5137 ], [ -9.1815, 38.5157 ], [ -9.1826, 38.5288 ], [ -9.1878, 38.5503 ], [ -9.1861, 38.5507 ], [ -9.184, 38.5511 ], [ -9.1866, 38.5585 ], [ -9.1834, 38.5603 ], [ -9.1827, 38.5638 ], [ -9.1628, 38.5722 ], [ -9.1458, 38.5758 ], [ -9.1242, 38.5752 ], [ -9.1183, 38.5645 ], [ -9.1144, 38.5642 ], [ -9.1066, 38.5553 ], [ -9.1009, 38.5518 ], [ -9.0885, 38.5546 ], [ -9.0775, 38.562 ], [ -9.0738, 38.5624 ], [ -9.0717, 38.5519 ], [ -9.0726, 38.544 ], [ -9.067, 38.5406 ], [ -9.0513, 38.5469 ], [ -9.0561, 38.5528 ], [ -9.0536, 38.5686 ], [ -9.0476, 38.5785 ], [ -9.0449, 38.5776 ], [ -9.0373, 38.5796 ], [ -9.0343, 38.5807 ], [ -9.0293, 38.5781 ], [ -9.0259, 38.5783 ], [ -9.0233, 38.5796 ], [ -9.0228, 38.5818 ], [ -9.0187, 38.5813 ], [ -9.0168, 38.5853 ], [ -9.019, 38.5859 ], [ -9.0131, 38.5926 ], [ -8.9972, 38.5932 ], [ -8.9979, 38.5952 ], [ -9.012, 38.5958 ], [ -9.0125, 38.6012 ], [ -8.9898, 38.6072 ], [ -8.9776, 38.6083 ], [ -8.9842, 38.6255 ], [ -8.9816, 38.6353 ], [ -8.9792, 38.6361 ], [ -8.9679, 38.6319 ], [ -8.9541, 38.6183 ], [ -8.9523, 38.6196 ], [ -8.9506, 38.6256 ], [ -8.9529, 38.6262 ], [ -8.9484, 38.6315 ], [ -8.9462, 38.6378 ], [ -8.9449, 38.6373 ], [ -8.9533, 38.6521 ], [ -8.9423, 38.6547 ], [ -8.9449, 38.6601 ], [ -8.9229, 38.6565 ], [ -8.9166, 38.6593 ], [ -8.9104, 38.6597 ], [ -8.9127, 38.6715 ], [ -8.8393, 38.6791 ], [ -8.8396, 38.6881 ], [ -8.836, 38.6874 ], [ -8.8359, 38.6955 ], [ -8.832, 38.6975 ], [ -8.8294, 38.7018 ], [ -8.8237, 38.7061 ], [ -8.8247, 38.7125 ], [ -8.8103, 38.7401 ], [ -8.8019, 38.7416 ], [ -8.7916, 38.7342 ], [ -8.7792, 38.7339 ], [ -8.7665, 38.7379 ], [ -8.7649, 38.7342 ], [ -8.7479, 38.7329 ], [ -8.7178, 38.723 ], [ -8.7091, 38.7217 ], [ -8.7255, 38.6977 ], [ -8.7308, 38.6999 ], [ -8.7299, 38.7012 ], [ -8.7318, 38.702 ], [ -8.7339, 38.7012 ], [ -8.7411, 38.7041 ], [ -8.7465, 38.6961 ], [ -8.7516, 38.6982 ], [ -8.7562, 38.6913 ], [ -8.7754, 38.6948 ], [ -8.7823, 38.6851 ], [ -8.7786, 38.6739 ], [ -8.7792, 38.6694 ], [ -8.7676, 38.6687 ], [ -8.7648, 38.6665 ], [ -8.764, 38.6694 ], [ -8.76, 38.6692 ], [ -8.7373, 38.6904 ], [ -8.7306, 38.6908 ], [ -8.7137, 38.685 ], [ -8.6919, 38.6828 ], [ -8.6776, 38.6771 ], [ -8.679, 38.6739 ], [ -8.6862, 38.6683 ], [ -8.6884, 38.6682 ], [ -8.6925, 38.6629 ], [ -8.6738, 38.6564 ], [ -8.6636, 38.6476 ], [ -8.6302, 38.6608 ], [ -8.6184, 38.6622 ], [ -8.6124, 38.6447 ], [ -8.6215, 38.6336 ], [ -8.6322, 38.6281 ], [ -8.6367, 38.6204 ], [ -8.6478, 38.613 ], [ -8.6535, 38.6123 ], [ -8.6529, 38.6108 ], [ -8.6565, 38.6078 ], [ -8.6584, 38.6035 ], [ -8.6514, 38.5933 ], [ -8.6482, 38.5773 ], [ -8.6409, 38.5675 ], [ -8.6391, 38.5495 ], [ -8.6452, 38.5481 ], [ -8.6571, 38.5483 ], [ -8.6816, 38.5425 ], [ -8.6836, 38.5373 ], [ -8.6892, 38.5316 ], [ -8.7039, 38.5212 ], [ -8.7034, 38.5185 ], [ -8.7083, 38.5205 ], [ -8.7073, 38.5175 ], [ -8.7089, 38.5165 ], [ -8.7093, 38.5196 ], [ -8.7129, 38.5193 ], [ -8.714, 38.5163 ], [ -8.7168, 38.5171 ], [ -8.7168, 38.5143 ], [ -8.7179, 38.5143 ], [ -8.7268, 38.5182 ], [ -8.7224, 38.5193 ], [ -8.7224, 38.5238 ], [ -8.7251, 38.5226 ], [ -8.7268, 38.526 ], [ -8.7274, 38.5238 ], [ -8.7307, 38.5243 ], [ -8.729, 38.5179 ], [ -8.7335, 38.5179 ], [ -8.7399, 38.5229 ], [ -8.7401, 38.5321 ], [ -8.7424, 38.5376 ], [ -8.7393, 38.5399 ], [ -8.7382, 38.5454 ], [ -8.7354, 38.5476 ], [ -8.7379, 38.5479 ], [ -8.7404, 38.551 ], [ -8.7399, 38.5551 ], [ -8.7426, 38.5599 ], [ -8.7362, 38.5676 ], [ -8.7249, 38.5696 ], [ -8.729, 38.5701 ], [ -8.7293, 38.5729 ], [ -8.731, 38.5699 ], [ -8.7362, 38.5687 ], [ -8.7362, 38.571 ], [ -8.7335, 38.5701 ], [ -8.7346, 38.5721 ], [ -8.7374, 38.5717 ], [ -8.7387, 38.5693 ], [ -8.744, 38.5687 ], [ -8.7496, 38.564 ], [ -8.7476, 38.5626 ], [ -8.7449, 38.5646 ], [ -8.7468, 38.5615 ], [ -8.7457, 38.5549 ], [ -8.7479, 38.5543 ], [ -8.7468, 38.5529 ], [ -8.7476, 38.5507 ], [ -8.7535, 38.5482 ], [ -8.7604, 38.5371 ], [ -8.7612, 38.5299 ], [ -8.7649, 38.5321 ], [ -8.7635, 38.5271 ], [ -8.7693, 38.5271 ], [ -8.7762, 38.5321 ], [ -8.7796, 38.5321 ], [ -8.784, 38.5396 ], [ -8.7885, 38.5429 ], [ -8.789, 38.5415 ], [ -8.7832, 38.534 ], [ -8.7843, 38.5307 ], [ -8.7821, 38.5274 ], [ -8.7904, 38.5279 ], [ -8.789, 38.5307 ], [ -8.7904, 38.5363 ], [ -8.7874, 38.5371 ], [ -8.7893, 38.5388 ], [ -8.7924, 38.5379 ], [ -8.794, 38.534 ], [ -8.7935, 38.5313 ], [ -8.7924, 38.5343 ], [ -8.7899, 38.5326 ], [ -8.7932, 38.5276 ], [ -8.7879, 38.5251 ], [ -8.7824, 38.5254 ], [ -8.7774, 38.5238 ], [ -8.7821, 38.5149 ], [ -8.7876, 38.5118 ], [ -8.7999, 38.5093 ], [ -8.8035, 38.5101 ], [ -8.8037, 38.5115 ], [ -8.8013, 38.5115 ], [ -8.8029, 38.514 ], [ -8.8051, 38.5126 ], [ -8.8029, 38.5082 ], [ -8.8065, 38.5076 ], [ -8.8104, 38.5096 ], [ -8.811, 38.5088 ], [ -8.8043, 38.5051 ], [ -8.8024, 38.5076 ], [ -8.7996, 38.5082 ], [ -8.7979, 38.5079 ], [ -8.7982, 38.5054 ], [ -8.7954, 38.5051 ], [ -8.7876, 38.5093 ], [ -8.784, 38.5093 ], [ -8.7829, 38.5074 ], [ -8.7774, 38.5074 ], [ -8.7746, 38.5043 ], [ -8.7735, 38.5051 ], [ -8.7751, 38.5076 ], [ -8.7646, 38.5049 ], [ -8.7574, 38.5054 ], [ -8.7582, 38.5043 ], [ -8.7543, 38.5018 ], [ -8.754, 38.4974 ], [ -8.7568, 38.496 ], [ -8.754, 38.4963 ], [ -8.754, 38.4949 ], [ -8.7554, 38.4868 ], [ -8.7576, 38.484 ], [ -8.7612, 38.4846 ], [ -8.766, 38.4824 ], [ -8.7718, 38.4832 ], [ -8.7726, 38.4899 ], [ -8.7732, 38.4832 ], [ -8.7762, 38.4843 ], [ -8.7774, 38.4871 ], [ -8.7776, 38.4843 ], [ -8.7754, 38.4818 ], [ -8.779, 38.4799 ], [ -8.779, 38.4771 ], [ -8.7824, 38.4768 ], [ -8.7815, 38.4743 ], [ -8.7807, 38.4757 ], [ -8.7793, 38.4751 ], [ -8.7799, 38.4724 ], [ -8.7871, 38.4718 ], [ -8.7885, 38.4743 ], [ -8.789, 38.4712 ], [ -8.7963, 38.4721 ], [ -8.7979, 38.4688 ], [ -8.7982, 38.4718 ], [ -8.801, 38.4726 ], [ -8.8021, 38.4793 ], [ -8.7993, 38.4826 ], [ -8.7949, 38.4826 ], [ -8.7938, 38.4837 ], [ -8.7946, 38.486 ], [ -8.8085, 38.4865 ], [ -8.8068, 38.4776 ], [ -8.8085, 38.474 ], [ -8.8104, 38.4768 ], [ -8.809, 38.4824 ], [ -8.8124, 38.4843 ], [ -8.8157, 38.4835 ], [ -8.8135, 38.4868 ], [ -8.8185, 38.4863 ], [ -8.8229, 38.4882 ], [ -8.8246, 38.4907 ], [ -8.8324, 38.4932 ], [ -8.8399, 38.4993 ], [ -8.8426, 38.4999 ], [ -8.8421, 38.5018 ], [ -8.8468, 38.5057 ], [ -8.8549, 38.5085 ], [ -8.8576, 38.5115 ], [ -8.8615, 38.511 ], [ -8.8615, 38.5093 ], [ -8.8649, 38.5096 ], [ -8.8663, 38.511 ], [ -8.8649, 38.5143 ], [ -8.887, 38.5218 ], [ -8.8876, 38.5208 ], [ -8.8859, 38.5204 ], [ -8.9009, 38.5197 ], [ -8.8997, 38.519 ], [ -8.9093, 38.5151 ], [ -8.9134, 38.5107 ], [ -8.9188, 38.5107 ], [ -8.9248, 38.5068 ], [ -8.9258, 38.5066 ], [ -8.9271, 38.5081 ], [ -8.9289, 38.5085 ], [ -8.926, 38.505 ], [ -8.9291, 38.5026 ], [ -8.9305, 38.4955 ], [ -8.9338, 38.492 ], [ -8.9339, 38.4883 ], [ -8.9464, 38.4833 ], [ -8.9486, 38.4846 ], [ -8.9607, 38.4849 ], [ -8.9686, 38.4836 ], [ -8.9695, 38.4804 ], [ -8.981, 38.4791 ], [ -8.9842, 38.4762 ], [ -8.9826, 38.4736 ], [ -8.9969, 38.4607 ], [ -9.0069, 38.4559 ], [ -9.0173, 38.454 ], [ -9.024, 38.4657 ], [ -9.0177, 38.4541 ], [ -9.0288, 38.4459 ], [ -9.0378, 38.448 ], [ -9.042, 38.447 ], [ -9.0446, 38.4439 ], [ -9.0537, 38.4397 ], [ -9.0543, 38.441 ], [ -9.0616, 38.4406 ], [ -9.0642, 38.4348 ], [ -9.0657, 38.4355 ], [ -9.067, 38.4349 ], [ -9.068181818181809, 38.434990909090907 ], [ -9.0682, 38.435 ], [ -9.0682025, 38.4349925 ], [ -9.0722, 38.4353 ], [ -9.0746, 38.4362 ], [ -9.07684888888889, 38.436151111111116 ], [ -9.0768, 38.4362 ] ], [ [ -9.1346, 38.4296 ], [ -9.1345, 38.4296 ], [ -9.1345, 38.4297 ], [ -9.1346, 38.4296 ] ], [ [ -9.0683, 38.4352 ], [ -9.0683, 38.4351 ], [ -9.0681, 38.4352 ], [ -9.0682, 38.4352 ], [ -9.0683, 38.4352 ] ], [ [ -9.025, 38.4494 ], [ -9.0249, 38.4495 ], [ -9.025, 38.4495 ], [ -9.025, 38.4494 ] ], [ [ -8.7707, 38.5678 ], [ -8.8041, 38.5547 ], [ -8.8074, 38.5528 ], [ -8.7707, 38.5678 ] ] ], [ [ [ -8.5774, 38.0712 ], [ -8.5825, 38.076 ], [ -8.5833, 38.0748 ], [ -8.5894, 38.0766 ], [ -8.5928, 38.0757 ], [ -8.5946, 38.078 ], [ -8.592, 38.0809 ], [ -8.5942, 38.0846 ], [ -8.6002, 38.0852 ], [ -8.6007, 38.0871 ], [ -8.6085, 38.0852 ], [ -8.6174, 38.0853 ], [ -8.6316, 38.09 ], [ -8.6316, 38.0931 ], [ -8.635, 38.0973 ], [ -8.6391, 38.0981 ], [ -8.6391, 38.1045 ], [ -8.6406, 38.1071 ], [ -8.6487, 38.1141 ], [ -8.6522, 38.1212 ], [ -8.6519, 38.1251 ], [ -8.6566, 38.127 ], [ -8.6571, 38.1236 ], [ -8.6744, 38.1233 ], [ -8.677, 38.1244 ], [ -8.6773, 38.1189 ], [ -8.6953, 38.1219 ], [ -8.6954, 38.1199 ], [ -8.6876, 38.1151 ], [ -8.6909, 38.1093 ], [ -8.689, 38.1088 ], [ -8.6878, 38.101 ], [ -8.6982, 38.1023 ], [ -8.7015, 38.0997 ], [ -8.7024, 38.1016 ], [ -8.7067, 38.1022 ], [ -8.7102, 38.1049 ], [ -8.7197, 38.1046 ], [ -8.7257, 38.1085 ], [ -8.7345, 38.1108 ], [ -8.7456, 38.1175 ], [ -8.7527, 38.1186 ], [ -8.7557, 38.115 ], [ -8.7693, 38.1193 ], [ -8.7848, 38.1198 ], [ -8.7861, 38.1225 ], [ -8.7965, 38.1214 ], [ -8.7818, 38.1721 ], [ -8.7751, 38.2212 ], [ -8.7746, 38.2401 ], [ -8.7768, 38.2818 ], [ -8.7818, 38.3185 ], [ -8.786, 38.334 ], [ -8.7846, 38.3376 ], [ -8.7868, 38.3379 ], [ -8.7896, 38.344 ], [ -8.7904, 38.3515 ], [ -8.7946, 38.3585 ], [ -8.7949, 38.3624 ], [ -8.8024, 38.3807 ], [ -8.8046, 38.3829 ], [ -8.8046, 38.3857 ], [ -8.8068, 38.3868 ], [ -8.8071, 38.3901 ], [ -8.8126, 38.4007 ], [ -8.826, 38.4215 ], [ -8.8285, 38.4218 ], [ -8.8282, 38.424 ], [ -8.8357, 38.431 ], [ -8.8354, 38.4324 ], [ -8.8368, 38.4321 ], [ -8.8457, 38.4401 ], [ -8.8515, 38.4432 ], [ -8.8651, 38.4549 ], [ -8.8779, 38.4618 ], [ -8.8879, 38.4718 ], [ -8.8957, 38.4771 ], [ -8.8962, 38.4799 ], [ -8.8982, 38.4793 ], [ -8.9057, 38.4879 ], [ -8.9071, 38.4912 ], [ -8.9057, 38.4938 ], [ -8.8976, 38.494 ], [ -8.889, 38.491 ], [ -8.8887, 38.4849 ], [ -8.884, 38.4832 ], [ -8.8857, 38.4787 ], [ -8.884, 38.4787 ], [ -8.8818, 38.4826 ], [ -8.8862, 38.4854 ], [ -8.8865, 38.4874 ], [ -8.879, 38.4849 ], [ -8.8788, 38.4813 ], [ -8.8729, 38.476 ], [ -8.871, 38.4765 ], [ -8.8676, 38.4696 ], [ -8.8551, 38.4588 ], [ -8.8249, 38.4449 ], [ -8.8201, 38.4274 ], [ -8.8221, 38.4276 ], [ -8.8221, 38.4263 ], [ -8.8201, 38.4254 ], [ -8.8196, 38.4226 ], [ -8.8165, 38.4215 ], [ -8.814, 38.414 ], [ -8.8065, 38.4071 ], [ -8.8057, 38.4035 ], [ -8.8026, 38.4015 ], [ -8.8032, 38.3999 ], [ -8.801, 38.3996 ], [ -8.801, 38.3921 ], [ -8.7906, 38.3819 ], [ -8.7872, 38.3619 ], [ -8.7758, 38.3217 ], [ -8.7672, 38.313 ], [ -8.7582, 38.3111 ], [ -8.7405, 38.3129 ], [ -8.7325, 38.3036 ], [ -8.7246, 38.3005 ], [ -8.6885, 38.2953 ], [ -8.6738, 38.2944 ], [ -8.6645, 38.2985 ], [ -8.6469, 38.2979 ], [ -8.6158, 38.3022 ], [ -8.621, 38.293 ], [ -8.6114, 38.2795 ], [ -8.6055, 38.2645 ], [ -8.5816, 38.2571 ], [ -8.5637, 38.2603 ], [ -8.5271, 38.2499 ], [ -8.5214, 38.2523 ], [ -8.5111, 38.242 ], [ -8.5001, 38.2425 ], [ -8.4823, 38.2403 ], [ -8.4786, 38.2459 ], [ -8.4788, 38.2525 ], [ -8.4644, 38.2608 ], [ -8.4654, 38.2463 ], [ -8.4516, 38.2328 ], [ -8.4096, 38.207 ], [ -8.4103, 38.1998 ], [ -8.3798, 38.1809 ], [ -8.3694, 38.1824 ], [ -8.354, 38.1784 ], [ -8.3457, 38.1901 ], [ -8.3149, 38.1906 ], [ -8.3019, 38.1876 ], [ -8.3023, 38.1926 ], [ -8.2957, 38.1945 ], [ -8.2913, 38.2028 ], [ -8.2759, 38.2165 ], [ -8.2563, 38.1977 ], [ -8.2433, 38.1892 ], [ -8.2382, 38.1817 ], [ -8.2397, 38.1795 ], [ -8.2439, 38.1787 ], [ -8.2536, 38.1823 ], [ -8.2663, 38.1801 ], [ -8.2785, 38.1874 ], [ -8.2843, 38.1866 ], [ -8.2853, 38.1805 ], [ -8.2899, 38.1703 ], [ -8.2872, 38.1612 ], [ -8.2912, 38.1559 ], [ -8.2925, 38.1509 ], [ -8.2912, 38.1391 ], [ -8.3021, 38.137 ], [ -8.3107, 38.1381 ], [ -8.3146, 38.1407 ], [ -8.3139, 38.1437 ], [ -8.3336, 38.1552 ], [ -8.3365, 38.1513 ], [ -8.338, 38.1412 ], [ -8.3421, 38.1404 ], [ -8.3504, 38.1419 ], [ -8.3557, 38.1382 ], [ -8.3535, 38.1213 ], [ -8.3603, 38.1126 ], [ -8.3598, 38.1076 ], [ -8.3634, 38.1039 ], [ -8.3693, 38.1032 ], [ -8.3783, 38.1116 ], [ -8.3863, 38.1161 ], [ -8.3888, 38.1151 ], [ -8.3944, 38.1072 ], [ -8.3935, 38.1009 ], [ -8.4008, 38.0788 ], [ -8.4097, 38.0728 ], [ -8.4077, 38.0664 ], [ -8.4117, 38.0628 ], [ -8.4093, 38.0585 ], [ -8.4129, 38.0534 ], [ -8.4093, 38.0515 ], [ -8.4121, 38.0483 ], [ -8.4069, 38.0452 ], [ -8.4091, 38.0431 ], [ -8.4133, 38.0443 ], [ -8.4148, 38.0421 ], [ -8.4181, 38.0419 ], [ -8.4145, 38.0361 ], [ -8.4218, 38.0344 ], [ -8.4191, 38.0308 ], [ -8.4309, 38.027 ], [ -8.4348, 38.0235 ], [ -8.4546, 38.0291 ], [ -8.4567, 38.0241 ], [ -8.467, 38.0348 ], [ -8.4731, 38.035 ], [ -8.4743, 38.0336 ], [ -8.4761, 38.0356 ], [ -8.4785, 38.0346 ], [ -8.4843, 38.0378 ], [ -8.4861, 38.0365 ], [ -8.4888, 38.0387 ], [ -8.493, 38.0387 ], [ -8.4926, 38.0399 ], [ -8.4943, 38.0401 ], [ -8.4988, 38.0462 ], [ -8.5024, 38.0452 ], [ -8.5141, 38.05 ], [ -8.5174, 38.049 ], [ -8.5274, 38.0503 ], [ -8.5325, 38.0522 ], [ -8.5331, 38.054 ], [ -8.5359, 38.0534 ], [ -8.5408, 38.056 ], [ -8.5442, 38.0612 ], [ -8.5475, 38.0622 ], [ -8.5515, 38.067 ], [ -8.5569, 38.066 ], [ -8.5604, 38.0709 ], [ -8.5731, 38.07 ], [ -8.5774, 38.0712 ] ] ], [ [ [ -8.7986, 38.3905 ], [ -8.7986, 38.3904 ], [ -8.7988, 38.3904 ], [ -8.7987, 38.3906 ], [ -8.7986, 38.3905 ] ] ], [ [ [ -9.068181818181809, 38.434990909090907 ], [ -9.068, 38.4349 ], [ -9.0682, 38.4346 ], [ -9.0683, 38.4347 ], [ -9.0682025, 38.4349925 ], [ -9.068181818181809, 38.434990909090907 ] ] ], [ [ [ -9.0753, 38.4357 ], [ -9.0753, 38.4356 ], [ -9.0754, 38.4357 ], [ -9.0754, 38.4358 ], [ -9.0753, 38.4357 ] ] ], [ [ [ -9.0757, 38.4358 ], [ -9.0757, 38.4357 ], [ -9.0758, 38.4357 ], [ -9.0759, 38.4358 ], [ -9.0757, 38.4358 ] ] ], [ [ [ -9.076, 38.436 ], [ -9.0761, 38.436 ], [ -9.0761, 38.4361 ], [ -9.076, 38.4361 ], [ -9.076, 38.436 ] ] ], [ [ [ -9.0769, 38.43615 ], [ -9.07684888888889, 38.436151111111116 ], [ -9.0769, 38.4361 ], [ -9.0769, 38.43615 ] ] ], [ [ [ -8.9952, 38.4621 ], [ -8.995, 38.4621 ], [ -8.9951, 38.462 ], [ -8.9952, 38.462 ], [ -8.9952, 38.4621 ] ] ], [ [ [ -8.7635, 38.506 ], [ -8.7671, 38.5071 ], [ -8.7654, 38.5082 ], [ -8.7632, 38.5076 ], [ -8.7635, 38.506 ] ] ], [ [ [ -8.7649, 38.509 ], [ -8.766, 38.5118 ], [ -8.764, 38.5143 ], [ -8.7615, 38.5151 ], [ -8.7604, 38.514 ], [ -8.7585, 38.5118 ], [ -8.7562, 38.5068 ], [ -8.7621, 38.5062 ], [ -8.7615, 38.5076 ], [ -8.7649, 38.509 ] ] ], [ [ [ -8.7749, 38.5121 ], [ -8.7738, 38.5132 ], [ -8.7751, 38.514 ], [ -8.7746, 38.5154 ], [ -8.779, 38.516 ], [ -8.7765, 38.521 ], [ -8.7694, 38.5213 ], [ -8.7643, 38.5199 ], [ -8.7612, 38.5168 ], [ -8.7682, 38.5154 ], [ -8.7707, 38.511 ], [ -8.7749, 38.5121 ] ] ], [ [ [ -8.781, 38.5299 ], [ -8.7782, 38.5288 ], [ -8.7776, 38.5271 ], [ -8.7801, 38.5274 ], [ -8.7824, 38.5304 ], [ -8.781, 38.5299 ] ] ] ] } },
{ "type": "Feature", "properties": { "name": "Palmela", "region_type": "DOC", "color": "#ff9800", "island": false, "source": "gisco_nuts3+gadm_level2" }, "geometry": { "type": "MultiPolygon", "coordinates": [ [ [ [ -8.9951, 38.462 ], [ -8.9952, 38.462 ], [ -8.9952, 38.4621 ], [ -8.995, 38.4621 ], [ -8.9951, 38.462 ] ] ], [ [ [ -9.056, 38.6257 ], [ -9.0554, 38.6237 ], [ -9.0582, 38.6251 ], [ -9.0579, 38.6263 ], [ -9.056, 38.6257 ] ] ], [ [ [ -9.0376, 38.5789 ], [ -9.0485, 38.5775 ], [ -9.0508, 38.5833 ], [ -9.05, 38.5846 ], [ -9.0511, 38.5843 ], [ -9.0499, 38.585 ], [ -9.0515, 38.5864 ], [ -9.0503, 38.5883 ], [ -9.0523, 38.5885 ], [ -9.0527, 38.5922 ], [ -9.0489, 38.5948 ], [ -9.0507, 38.5963 ], [ -9.0483, 38.5968 ], [ -9.0511, 38.604 ], [ -9.0492, 38.6052 ], [ -9.0488, 38.6104 ], [ -9.0514, 38.6153 ], [ -9.0561, 38.6186 ], [ -9.0536, 38.6244 ], [ -9.0536, 38.629 ], [ -9.0614, 38.6354 ], [ -9.0669, 38.6341 ], [ -9.0646, 38.6407 ], [ -9.066, 38.649 ], [ -9.0732, 38.6526 ], [ -9.0768, 38.6511 ], [ -9.0808, 38.6519 ], [ -9.0796, 38.6565 ], [ -9.0821, 38.6593 ], [ -9.0832, 38.6571 ], [ -9.0813, 38.6557 ], [ -9.0832, 38.654 ], [ -9.0874, 38.6546 ], [ -9.0901, 38.6576 ], [ -9.0915, 38.6567 ], [ -9.0897, 38.6561 ], [ -9.0929, 38.6563 ], [ -9.0894, 38.6621 ], [ -9.0748, 38.6658 ], [ -9.0757, 38.6676 ], [ -9.0729, 38.6672 ], [ -9.073, 38.6688 ], [ -9.0718, 38.667 ], [ -9.0702, 38.6677 ], [ -9.0753, 38.6707 ], [ -9.0592, 38.6756 ], [ -9.0616, 38.682 ], [ -9.0583, 38.6839 ], [ -9.0544, 38.6776 ], [ -9.045381966259454, 38.677698022105879 ], [ -9.0454, 38.6779 ], [ -9.0421, 38.679 ], [ -9.0437, 38.6763 ], [ -9.0424, 38.6726 ], [ -9.0429, 38.6676 ], [ -9.0385, 38.6615 ], [ -9.036, 38.6629 ], [ -9.0354, 38.6651 ], [ -9.0324, 38.664 ], [ -9.0343, 38.6618 ], [ -9.0337, 38.6582 ], [ -9.0304, 38.6582 ], [ -9.0312, 38.6607 ], [ -9.0299, 38.6629 ], [ -9.0321, 38.6685 ], [ -9.0243, 38.6682 ], [ -9.021, 38.6704 ], [ -9.0162, 38.6654 ], [ -9.0113, 38.6651 ], [ -9.0099, 38.6629 ], [ -9.0076, 38.6626 ], [ -9.0065, 38.6587 ], [ -9.0012, 38.656 ], [ -9.0004, 38.6526 ], [ -8.9976, 38.6515 ], [ -8.9965, 38.6529 ], [ -8.9951, 38.6512 ], [ -8.9964, 38.656 ], [ -8.9987, 38.6565 ], [ -8.9987, 38.6626 ], [ -9.0018, 38.6679 ], [ -9.0129, 38.6701 ], [ -9.0121, 38.6765 ], [ -9.0099, 38.6829 ], [ -9.006, 38.6874 ], [ -9.0032, 38.6871 ], [ -9.0029, 38.689 ], [ -9.0013, 38.6888 ], [ -8.9937, 38.6824 ], [ -8.994, 38.6849 ], [ -8.9971, 38.6857 ], [ -8.9976, 38.6874 ], [ -8.9954, 38.689 ], [ -8.9893, 38.6896 ], [ -8.9932, 38.6907 ], [ -8.9932, 38.6926 ], [ -8.9832, 38.6926 ], [ -8.9801, 38.6901 ], [ -8.981, 38.6888 ], [ -8.9779, 38.6871 ], [ -8.9771, 38.6823 ], [ -8.9777, 38.6868 ], [ -8.9762, 38.6854 ], [ -8.9757, 38.6862 ], [ -8.9821, 38.6937 ], [ -8.9904, 38.6963 ], [ -8.9865, 38.6996 ], [ -8.9696, 38.7004 ], [ -8.9774, 38.7007 ], [ -8.9779, 38.7038 ], [ -8.984, 38.7015 ], [ -8.9901, 38.7026 ], [ -8.996, 38.6996 ], [ -9.0013, 38.7007 ], [ -9.0065, 38.6996 ], [ -9.0093, 38.7026 ], [ -9.0196, 38.7004 ], [ -9.0321, 38.7007 ], [ -9.0493, 38.6899 ], [ -9.0485, 38.7057 ], [ -9.0449, 38.7157 ], [ -9.034, 38.7226 ], [ -9.024, 38.7257 ], [ -9.0081, 38.7172 ], [ -9.0025, 38.7184 ], [ -9.0026, 38.7197 ], [ -8.9913, 38.7205 ], [ -8.9845, 38.7254 ], [ -8.9833, 38.7236 ], [ -8.9803, 38.7236 ], [ -8.9786, 38.7257 ], [ -8.9781, 38.7248 ], [ -8.9668, 38.7275 ], [ -8.9658, 38.7257 ], [ -8.9626, 38.7261 ], [ -8.9607, 38.7234 ], [ -8.9566, 38.7225 ], [ -8.9513, 38.7237 ], [ -8.9318, 38.7133 ], [ -8.9299, 38.716 ], [ -8.9231, 38.7087 ], [ -8.9215, 38.71 ], [ -8.9207, 38.7061 ], [ -8.9188, 38.7055 ], [ -8.9119, 38.6812 ], [ -8.911314903022602, 38.671643416035806 ], [ -8.8393, 38.6791 ], [ -8.8396, 38.6881 ], [ -8.836, 38.6874 ], [ -8.8359, 38.6955 ], [ -8.832, 38.6975 ], [ -8.8294, 38.7018 ], [ -8.8237, 38.7061 ], [ -8.8247, 38.7125 ], [ -8.8103, 38.7401 ], [ -8.8019, 38.7416 ], [ -8.7916, 38.7342 ], [ -8.7792, 38.7339 ], [ -8.7665, 38.7379 ], [ -8.7535, 38.7429 ], [ -8.7517, 38.7451 ], [ -8.7487, 38.7522 ], [ -8.7439, 38.7775 ], [ -8.7339, 38.7934 ], [ -8.7094, 38.8259 ], [ -8.7062, 38.8331 ], [ -8.704, 38.843 ], [ -8.708, 38.8454 ], [ -8.6958, 38.8394 ], [ -8.686, 38.8266 ], [ -8.6765, 38.8228 ], [ -8.6707, 38.8225 ], [ -8.6585, 38.8122 ], [ -8.6548, 38.8125 ], [ -8.6479, 38.8095 ], [ -8.639, 38.8095 ], [ -8.638, 38.8144 ], [ -8.6307, 38.8221 ], [ -8.6293, 38.8307 ], [ -8.6172, 38.8341 ], [ -8.6122, 38.8388 ], [ -8.596, 38.8412 ], [ -8.5957, 38.8378 ], [ -8.6005, 38.8294 ], [ -8.606, 38.8264 ], [ -8.6038, 38.8226 ], [ -8.6067, 38.8088 ], [ -8.604, 38.8013 ], [ -8.6045, 38.7963 ], [ -8.6054, 38.7918 ], [ -8.6114, 38.7873 ], [ -8.6132, 38.7833 ], [ -8.6099, 38.7816 ], [ -8.6072, 38.7774 ], [ -8.5988, 38.7758 ], [ -8.5965, 38.7716 ], [ -8.5846, 38.7667 ], [ -8.578, 38.7719 ], [ -8.5724, 38.772 ], [ -8.5574, 38.7693 ], [ -8.5481, 38.7627 ], [ -8.5245, 38.7618 ], [ -8.5145, 38.7649 ], [ -8.491, 38.7613 ], [ -8.4917, 38.7546 ], [ -8.5056, 38.7458 ], [ -8.5108, 38.7361 ], [ -8.5114, 38.7324 ], [ -8.5091, 38.7277 ], [ -8.5067, 38.7279 ], [ -8.5009, 38.7222 ], [ -8.5025, 38.7181 ], [ -8.501, 38.7155 ], [ -8.52, 38.709 ], [ -8.5312, 38.6919 ], [ -8.5402, 38.6888 ], [ -8.5408, 38.6857 ], [ -8.5523, 38.6822 ], [ -8.5586, 38.6776 ], [ -8.5674, 38.6779 ], [ -8.579, 38.6716 ], [ -8.5774, 38.6676 ], [ -8.5837, 38.6627 ], [ -8.5907, 38.6541 ], [ -8.6028, 38.6457 ], [ -8.6124, 38.6447 ], [ -8.6215, 38.6336 ], [ -8.6322, 38.6281 ], [ -8.6367, 38.6204 ], [ -8.6478, 38.613 ], [ -8.6535, 38.6123 ], [ -8.6529, 38.6108 ], [ -8.6565, 38.6078 ], [ -8.6584, 38.6035 ], [ -8.6514, 38.5933 ], [ -8.6482, 38.5773 ], [ -8.6409, 38.5675 ], [ -8.6391, 38.5495 ], [ -8.6452, 38.5481 ], [ -8.6571, 38.5483 ], [ -8.6816, 38.5425 ], [ -8.6836, 38.5373 ], [ -8.6892, 38.5316 ], [ -8.7039, 38.5212 ], [ -8.7034, 38.5185 ], [ -8.7083, 38.5205 ], [ -8.7073, 38.5175 ], [ -8.7089, 38.5165 ], [ -8.7093, 38.5196 ], [ -8.7129, 38.5193 ], [ -8.714, 38.5163 ], [ -8.7168, 38.5171 ], [ -8.7168, 38.5143 ], [ -8.7179, 38.5143 ], [ -8.7268, 38.5182 ], [ -8.7224, 38.5193 ], [ -8.7224, 38.5238 ], [ -8.7251, 38.5226 ], [ -8.7268, 38.526 ], [ -8.7274, 38.5238 ], [ -8.7307, 38.5243 ], [ -8.729, 38.5179 ], [ -8.7335, 38.5179 ], [ -8.7399, 38.5229 ], [ -8.7401, 38.5321 ], [ -8.7424, 38.5376 ], [ -8.7393, 38.5399 ], [ -8.7382, 38.5454 ], [ -8.7354, 38.5476 ], [ -8.7379, 38.5479 ], [ -8.7404, 38.551 ], [ -8.7399, 38.5551 ], [ -8.7426, 38.5599 ], [ -8.7362, 38.5676 ], [ -8.7249, 38.5696 ], [ -8.729, 38.5701 ], [ -8.7293, 38.5729 ], [ -8.731, 38.5699 ], [ -8.7362, 38.5687 ], [ -8.7362, 38.571 ], [ -8.7335, 38.5701 ], [ -8.7346, 38.5721 ], [ -8.7374, 38.5717 ], [ -8.7387, 38.5693 ], [ -8.744, 38.5687 ], [ -8.7496, 38.564 ], [ -8.7476, 38.5626 ], [ -8.7449, 38.5646 ], [ -8.7468, 38.5615 ], [ -8.7457, 38.5549 ], [ -8.7479, 38.5543 ], [ -8.7468, 38.5529 ], [ -8.7476, 38.5507 ], [ -8.7535, 38.5482 ], [ -8.7604, 38.5371 ], [ -8.7612, 38.5299 ], [ -8.7649, 38.5321 ], [ -8.7635, 38.5271 ], [ -8.7693, 38.5271 ], [ -8.7762, 38.5321 ], [ -8.7796, 38.5321 ], [ -8.784, 38.5396 ], [ -8.7885, 38.5429 ], [ -8.789, 38.5415 ], [ -8.7832, 38.534 ], [ -8.7843, 38.5307 ], [ -8.7821, 38.5274 ], [ -8.7904, 38.5279 ], [ -8.789, 38.5307 ], [ -8.7904, 38.5363 ], [ -8.7874, 38.5371 ], [ -8.7893, 38.5388 ], [ -8.7924, 38.5379 ], [ -8.794, 38.534 ], [ -8.7935, 38.5313 ], [ -8.7924, 38.5343 ], [ -8.7899, 38.5326 ], [ -8.7932, 38.5276 ], [ -8.7879, 38.5251 ], [ -8.7824, 38.5254 ], [ -8.7774, 38.5238 ], [ -8.7821, 38.5149 ], [ -8.7876, 38.5118 ], [ -8.7999, 38.5093 ], [ -8.8035, 38.5101 ], [ -8.8037, 38.5115 ], [ -8.8013, 38.5115 ], [ -8.8029, 38.514 ], [ -8.8051, 38.5126 ], [ -8.8029, 38.5082 ], [ -8.8065, 38.5076 ], [ -8.8104, 38.5096 ], [ -8.811, 38.5088 ], [ -8.8043, 38.5051 ], [ -8.8024, 38.5076 ], [ -8.7996, 38.5082 ], [ -8.7979, 38.5079 ], [ -8.7982, 38.5054 ], [ -8.7954, 38.5051 ], [ -8.7876, 38.5093 ], [ -8.784, 38.5093 ], [ -8.7829, 38.5074 ], [ -8.7774, 38.5074 ], [ -8.7746, 38.5043 ], [ -8.7735, 38.5051 ], [ -8.7751, 38.5076 ], [ -8.7646, 38.5049 ], [ -8.7574, 38.5054 ], [ -8.7582, 38.5043 ], [ -8.7543, 38.5018 ], [ -8.754, 38.4974 ], [ -8.7568, 38.496 ], [ -8.754, 38.4963 ], [ -8.754, 38.4949 ], [ -8.7554, 38.4868 ], [ -8.7576, 38.484 ], [ -8.7612, 38.4846 ], [ -8.766, 38.4824 ], [ -8.7718, 38.4832 ], [ -8.7726, 38.4899 ], [ -8.7732, 38.4832 ], [ -8.7762, 38.4843 ], [ -8.7774, 38.4871 ], [ -8.7776, 38.4843 ], [ -8.7754, 38.4818 ], [ -8.779, 38.4799 ], [ -8.779, 38.4771 ], [ -8.7824, 38.4768 ], [ -8.7815, 38.4743 ], [ -8.7807, 38.4757 ], [ -8.7793, 38.4751 ], [ -8.7799, 38.4724 ], [ -8.7871, 38.4718 ], [ -8.7885, 38.4743 ], [ -8.789, 38.4712 ], [ -8.7963, 38.4721 ], [ -8.7979, 38.4688 ], [ -8.7982, 38.4718 ], [ -8.801, 38.4726 ], [ -8.8021, 38.4793 ], [ -8.7993, 38.4826 ], [ -8.7949, 38.4826 ], [ -8.7938, 38.4837 ], [ -8.7946, 38.486 ], [ -8.8085, 38.4865 ], [ -8.8068, 38.4776 ], [ -8.8085, 38.474 ], [ -8.8104, 38.4768 ], [ -8.809, 38.4824 ], [ -8.8124, 38.4843 ], [ -8.8157, 38.4835 ], [ -8.8135, 38.4868 ], [ -8.8185, 38.4863 ], [ -8.8229, 38.4882 ], [ -8.8246, 38.4907 ], [ -8.8324, 38.4932 ], [ -8.8399, 38.4993 ], [ -8.8426, 38.4999 ], [ -8.8421, 38.5018 ], [ -8.8468, 38.5057 ], [ -8.8549, 38.5085 ], [ -8.8576, 38.5115 ], [ -8.8615, 38.511 ], [ -8.8615, 38.5093 ], [ -8.8649, 38.5096 ], [ -8.8663, 38.511 ], [ -8.8649, 38.5143 ], [ -8.887, 38.5218 ], [ -8.8876, 38.5208 ], [ -8.8859, 38.5204 ], [ -8.9009, 38.5197 ], [ -8.8997, 38.519 ], [ -8.9093, 38.5151 ], [ -8.9134, 38.5107 ], [ -8.9188, 38.5107 ], [ -8.9248, 38.5068 ], [ -8.9258, 38.5066 ], [ -8.9271, 38.5081 ], [ -8.9289, 38.5085 ], [ -8.926, 38.505 ], [ -8.9291, 38.5026 ], [ -8.9305, 38.4955 ], [ -8.9338, 38.492 ], [ -8.9339, 38.4883 ], [ -8.9464, 38.4833 ], [ -8.9486, 38.4846 ], [ -8.9607, 38.4849 ], [ -8.9686, 38.4836 ], [ -8.9695, 38.4804 ], [ -8.981, 38.4791 ], [ -8.9842, 38.4762 ], [ -8.9826, 38.4736 ], [ -8.9969, 38.4607 ], [ -9.0069, 38.4559 ], [ -9.0173, 38.454 ], [ -9.024, 38.4657 ], [ -9.0341, 38.4766 ], [ -9.0346, 38.4796 ], [ -9.0371, 38.4804 ], [ -9.0382, 38.4827 ], [ -9.0468, 38.4849 ], [ -9.0464, 38.4865 ], [ -9.0518, 38.4915 ], [ -9.0522, 38.4951 ], [ -9.0552, 38.4965 ], [ -9.0556, 38.499 ], [ -9.0545, 38.5042 ], [ -9.0476, 38.5132 ], [ -9.0459, 38.5196 ], [ -9.0466, 38.5277 ], [ -9.0432, 38.5354 ], [ -9.0451, 38.5412 ], [ -9.0383, 38.5509 ], [ -9.0353, 38.5522 ], [ -9.0317, 38.5632 ], [ -9.037145607476635, 38.579147850467287 ], [ -9.0376, 38.5789 ] ], [ [ -8.924209184993533, 38.656714230271668 ], [ -8.9229, 38.6565 ], [ -8.920721052631581, 38.657468421052634 ], [ -8.924209184993533, 38.656714230271668 ] ], [ [ -8.9434, 38.6604 ], [ -8.9449, 38.6601 ], [ -8.932630769230746, 38.658092307692307 ], [ -8.9434, 38.6604 ] ], [ [ -8.953699524187153, 38.652800079302139 ], [ -8.9449, 38.6373 ], [ -8.9533, 38.6521 ], [ -8.9423, 38.6547 ], [ -8.953699524187153, 38.652800079302139 ] ], [ [ -8.9541, 38.6183 ], [ -8.9523, 38.6196 ], [ -8.952192806394315, 38.619978330373002 ], [ -8.9541, 38.6183 ] ], [ [ -8.9678, 38.6319 ], [ -8.9792, 38.6361 ], [ -8.9679, 38.6319 ], [ -8.9541, 38.6183 ], [ -8.9678, 38.6319 ] ], [ [ -9.011655489598374, 38.601687774747312 ], [ -9.011671488704177, 38.601418989769819 ], [ -8.9898, 38.6072 ], [ -9.011655489598374, 38.601687774747312 ] ], [ [ -9.0449, 38.6723 ], [ -9.044938461538461, 38.672730769230768 ], [ -9.044915102974828, 38.672286956521738 ], [ -9.0449, 38.6723 ] ], [ [ -9.049259782608695, 38.66581956521739 ], [ -9.0456, 38.6676 ], [ -9.0493, 38.6659 ], [ -9.049259782608695, 38.66581956521739 ] ], [ [ -9.050283783783783, 38.660732432432432 ], [ -9.0485, 38.6643 ], [ -9.0506, 38.6614 ], [ -9.050283783783783, 38.660732432432432 ] ], [ [ -9.048873553719009, 38.64135645263827 ], [ -9.0501, 38.6473 ], [ -9.0491, 38.6414 ], [ -9.048873553719009, 38.64135645263827 ] ], [ [ -8.9757, 38.6707 ], [ -8.9757, 38.6815 ], [ -8.9758, 38.6708 ], [ -8.972, 38.6639 ], [ -8.9757, 38.6707 ] ], [ [ -8.8074, 38.5528 ], [ -8.7707, 38.5678 ], [ -8.8041, 38.5547 ], [ -8.8074, 38.5528 ] ], [ [ -8.7137, 38.685 ], [ -8.7302, 38.6908 ], [ -8.730543596161869, 38.690780642469754 ], [ -8.7137, 38.685 ] ] ], [ [ [ -9.0745, 38.6702 ], [ -9.0744, 38.6701 ], [ -9.0746, 38.6702 ], [ -9.0745, 38.6702 ] ] ], [ [ [ -9.0349, 38.6874 ], [ -9.0346, 38.6857 ], [ -9.036, 38.6835 ], [ -9.0382, 38.684 ], [ -9.0365, 38.6874 ], [ -9.0349, 38.6874 ] ] ], [ [ [ -8.7654, 38.5082 ], [ -8.7632, 38.5076 ], [ -8.7635, 38.506 ], [ -8.7671, 38.5071 ], [ -8.7654, 38.5082 ] ] ], [ [ [ -8.7615, 38.5076 ], [ -8.7649, 38.509 ], [ -8.766, 38.5118 ], [ -8.764, 38.5143 ], [ -8.7615, 38.5151 ], [ -8.7604, 38.514 ], [ -8.7585, 38.5118 ], [ -8.7562, 38.5068 ], [ -8.7621, 38.5062 ], [ -8.7615, 38.5076 ] ] ], [ [ [ -8.7707, 38.511 ], [ -8.7749, 38.5121 ], [ -8.7738, 38.5132 ], [ -8.7751, 38.514 ], [ -8.7746, 38.5154 ], [ -8.779, 38.516 ], [ -8.7765, 38.521 ], [ -8.7694, 38.5213 ], [ -8.7643, 38.5199 ], [ -8.7612, 38.5168 ], [ -8.7682, 38.5154 ], [ -8.7707, 38.511 ] ] ], [ [ [ -8.7824, 38.5304 ], [ -8.781, 38.5299 ], [ -8.7782, 38.5288 ], [ -8.7776, 38.5271 ], [ -8.7801, 38.5274 ], [ -8.7824, 38.5304 ] ] ] ] } },
{ "type": "Feature", "properties": { "name": "Alentejo", "region_type": "DOC", "color": "#ff9800", "island": false, "source": "gisco_nuts3+gadm_level2" }, "geometry": { "type": "MultiPolygon", "coordinates": [ [ [ [ -7.102758967999932, 38.18607213100006 ], [ -7.098014778999925, 38.180369646000031 ], [ -7.089620207999928, 38.17741115900003 ], [ -7.083649104999949, 38.171068745000071 ], [ -7.067951912999945, 38.17887283500005 ], [ -7.065612787999953, 38.186166360000072 ], [ -7.05783032599993, 38.18577923600003 ], [ -7.057165672999929, 38.179226351000068 ], [ -7.049313019999943, 38.181246428000065 ], [ -7.04602891199994, 38.186588106000045 ], [ -7.02782781999997, 38.183648702000028 ], [ -7.021729900999958, 38.18713106000007 ], [ -7.01676056499997, 38.19545738000005 ], [ -7.011239667999973, 38.197562682000068 ], [ -7.008898278999936, 38.204114235000077 ], [ -6.996320201999936, 38.204265753000072 ], [ -6.981633995999971, 38.209924499000067 ], [ -6.971417527999961, 38.204115028000047 ], [ -6.963494048999962, 38.210013823000054 ], [ -6.954627394999932, 38.216614217000028 ], [ -6.949654757999951, 38.216741543000069 ], [ -6.946701770999937, 38.213371650000056 ], [ -6.938564195999959, 38.217774859000031 ], [ -6.937109565999947, 38.209045604000039 ], [ -6.931738499999938, 38.208377999000049 ], [ -6.935933392999971, 38.200013311000077 ], [ -6.957212771999934, 38.182542086000069 ], [ -6.963494048999962, 38.173011416000065 ], [ -6.968531298999949, 38.165367423000077 ], [ -6.968499901999962, 38.160522828000069 ], [ -6.963494048999962, 38.156033359000048 ], [ -6.954547842999943, 38.153116387000068 ], [ -6.959326202999932, 38.146048075000067 ], [ -6.959241137999925, 38.136349765000034 ], [ -6.963494048999962, 38.133709600000032 ], [ -6.966173657999946, 38.132474392000063 ], [ -6.971678521999934, 38.110951176000071 ], [ -6.975883803999977, 38.105334863000053 ], [ -6.987446, 38.103954499000054 ], [ -6.988858499999935, 38.09807949900005 ], [ -6.989780499999938, 38.096362999000064 ], [ -6.989173499999936, 38.094436499000039 ], [ -6.98991, 38.091819999000052 ], [ -6.988016701999925, 38.075526754000066 ], [ -6.990326492999941, 38.05677933000004 ], [ -7.001202497999941, 38.047129581000036 ], [ -6.999760778999928, 38.035078938000026 ], [ -7.002969849999943, 38.023613772000033 ], [ -7.007530819999943, 38.021269886000027 ], [ -7.024808225999948, 38.024549845000024 ], [ -7.044464298999969, 38.015240525000024 ], [ -7.051452774999973, 38.018623779000052 ], [ -7.060044919999939, 38.018235270000048 ], [ -7.063228300999981, 38.020356357000026 ], [ -7.062842131999957, 38.02634054300006 ], [ -7.068399849999935, 38.033341427000039 ], [ -7.075760049999928, 38.033162074000074 ], [ -7.093281499999932, 38.040737499000045 ], [ -7.098780683999962, 38.043228802000044 ], [ -7.107454630999939, 38.040680073000033 ], [ -7.117077117999941, 38.031866211000079 ], [ -7.127671092999947, 38.029558817000066 ], [ -7.126032596999949, 38.024698980000039 ], [ -7.13048314599996, 38.021684415000038 ], [ -7.128713920999928, 38.011710535000077 ], [ -7.122665953999956, 38.004941240000051 ], [ -7.136115528999937, 37.999693275000027 ], [ -7.147224797999968, 38.001938603000042 ], [ -7.156223111999964, 37.994535244000076 ], [ -7.173118367999962, 37.993997851000074 ], [ -7.176858868999943, 37.996975083000052 ], [ -7.183295041999941, 37.997885003000079 ], [ -7.187060499999973, 38.003005999000038 ], [ -7.202615186999935, 38.002804799000046 ], [ -7.207997128999978, 37.997083050000072 ], [ -7.216252721999979, 37.995411197000067 ], [ -7.225485057999947, 37.989210912000033 ], [ -7.241151265999974, 37.991860213000052 ], [ -7.247028919999934, 37.990284502000065 ], [ -7.262755624999954, 37.97865420100004 ], [ -7.251406915999951, 37.967854934000059 ], [ -7.250943499999948, 37.964594999000042 ], [ -7.249391526999943, 37.955157114000031 ], [ -7.257558681999967, 37.932613484000058 ], [ -7.255604183999935, 37.924153620000027 ], [ -7.261542937999934, 37.922394743000041 ], [ -7.274733220999963, 37.899654813000041 ], [ -7.281956197999932, 37.897019478000061 ], [ -7.280287309999949, 37.877205256000025 ], [ -7.28661649999998, 37.865565999000069 ], [ -7.297397718999946, 37.856191786000068 ], [ -7.299542892999966, 37.847349015000077 ], [ -7.300604499999963, 37.842972499000041 ], [ -7.303359, 37.839553999000032 ], [ -7.305399499999965, 37.838748499000076 ], [ -7.307987499999967, 37.837726499000041 ], [ -7.309795, 37.836555499000042 ], [ -7.312114, 37.833488499000055 ], [ -7.314340499999958, 37.828639999000075 ], [ -7.316535, 37.826343999000073 ], [ -7.320276499999977, 37.823711499000069 ], [ -7.324905882999929, 37.816066406000061 ], [ -7.365556388999948, 37.791973923000057 ], [ -7.394942549999939, 37.76649608300005 ], [ -7.406985132999978, 37.766550186000075 ], [ -7.420282403999977, 37.758246601000053 ], [ -7.41985666599993, 37.745205466000073 ], [ -7.428058499999963, 37.741126999000073 ], [ -7.427097157999981, 37.732761542000048 ], [ -7.437817472999939, 37.713361056000053 ], [ -7.43928649999998, 37.701152499000045 ], [ -7.446761694999964, 37.698636689000068 ], [ -7.444280940999931, 37.688191900000049 ], [ -7.451630114999944, 37.677977664000025 ], [ -7.44532092299994, 37.665266668000072 ], [ -7.455977, 37.661910999000042 ], [ -7.452459147999946, 37.657923523000079 ], [ -7.454278415999966, 37.648086156000033 ], [ -7.457320248999963, 37.646381763000079 ], [ -7.466673488999959, 37.648612984000067 ], [ -7.464440038999953, 37.641665942000031 ], [ -7.47032649099998, 37.635102413000027 ], [ -7.471385841999961, 37.625382908000063 ], [ -7.481438279999963, 37.623983029000044 ], [ -7.481131778999952, 37.618227412000067 ], [ -7.489244336999946, 37.604410886000039 ], [ -7.49692620899998, 37.606120163000071 ], [ -7.502856722999979, 37.604390618000025 ], [ -7.497144353999943, 37.593550359000062 ], [ -7.501396499999942, 37.583743999000035 ], [ -7.502066499999955, 37.581340999000076 ], [ -7.501495499999976, 37.578437999000073 ], [ -7.514926503999959, 37.569867724000062 ], [ -7.513992719999976, 37.56685979000008 ], [ -7.507843005999973, 37.565538552000078 ], [ -7.50740271799998, 37.558060385000033 ], [ -7.517086942999981, 37.559501591000071 ], [ -7.521518825999976, 37.55777841400004 ], [ -7.52294349999994, 37.553451499000062 ], [ -7.519933496999954, 37.547351501000037 ], [ -7.517086942999981, 37.544177338000054 ], [ -7.512980348999974, 37.538012737000031 ], [ -7.51269149999996, 37.526256499000056 ], [ -7.517086942999981, 37.527996339000026 ], [ -7.525403762999929, 37.527764907000062 ], [ -7.53035691599996, 37.523980146000042 ], [ -7.540966564999962, 37.523611884000047 ], [ -7.544216773999949, 37.520778072000041 ], [ -7.548185966999938, 37.525057 ], [ -7.563100697999971, 37.522671359000071 ], [ -7.565370744999939, 37.526784826000039 ], [ -7.574688611999932, 37.528259396000067 ], [ -7.58085583899998, 37.516148200000032 ], [ -7.584433037999929, 37.514007906000074 ], [ -7.589236003999929, 37.515918381000063 ], [ -7.594330827999954, 37.514117709000061 ], [ -7.597297182999966, 37.503756070000065 ], [ -7.61436796299995, 37.499422673000026 ], [ -7.619444499999929, 37.490956999000048 ], [ -7.637008506999962, 37.499826628000051 ], [ -7.647901908999927, 37.494988181000053 ], [ -7.652517824999961, 37.498394443000052 ], [ -7.651739445999965, 37.501595334000058 ], [ -7.657335058999934, 37.501001268000039 ], [ -7.662359484999968, 37.505010642000059 ], [ -7.66892457199998, 37.503137902000049 ], [ -7.675130165999974, 37.505100387000027 ], [ -7.683578499999953, 37.501939499000059 ], [ -7.689887877999979, 37.501432530000045 ], [ -7.705585462999977, 37.498906089000059 ], [ -7.713137181999969, 37.501007037000079 ], [ -7.722781056999963, 37.493250901000067 ], [ -7.730896684999948, 37.496301239000047 ], [ -7.734654149999926, 37.490803406000055 ], [ -7.743059951999953, 37.490969872000051 ], [ -7.744857882999952, 37.485757274000036 ], [ -7.750598499999967, 37.481818499000042 ], [ -7.763226087999954, 37.485252504000073 ], [ -7.764607663999925, 37.480215371000043 ], [ -7.772642775999941, 37.478765602000067 ], [ -7.785313790999965, 37.470009274000063 ], [ -7.794566341999939, 37.469636025000057 ], [ -7.818449285999975, 37.45369381200004 ], [ -7.82193467999997, 37.45452614800007 ], [ -7.821471458999952, 37.460721898000031 ], [ -7.82388930999997, 37.461062836000053 ], [ -7.831713916999945, 37.450040409000053 ], [ -7.853542715999936, 37.447721225000066 ], [ -7.858134303999975, 37.437989559000073 ], [ -7.869973978999951, 37.438310059000059 ], [ -7.879323382999928, 37.432770308000045 ], [ -7.891528, 37.434595499000068 ], [ -7.896036998999932, 37.426198728000031 ], [ -7.892015527999945, 37.425306660000047 ], [ -7.889015305999976, 37.41771514900006 ], [ -7.891015, 37.415407499000025 ], [ -7.900688662999926, 37.416783137000039 ], [ -7.907568701999935, 37.407100018000051 ], [ -7.911360667999929, 37.409544549000032 ], [ -7.919618242999945, 37.408725894000042 ], [ -7.923853507999979, 37.412118073000045 ], [ -7.937724049999929, 37.404636696000068 ], [ -7.941175017999967, 37.405204601000037 ], [ -7.943574874999968, 37.409161382000036 ], [ -7.953924558999972, 37.405906309000045 ], [ -7.96238998299998, 37.409274468000035 ], [ -7.973150662999956, 37.403339420000066 ], [ -7.982604627999933, 37.405329810000069 ], [ -7.984691568999949, 37.398102047000066 ], [ -7.999030625999978, 37.396237763000045 ], [ -8.003197831999955, 37.388352954000027 ], [ -8.001203517999954, 37.382606852000038 ], [ -8.004466880999928, 37.377857197000026 ], [ -7.999471723999932, 37.370322240000064 ], [ -7.994860825999979, 37.369953757000076 ], [ -7.992176885999982, 37.364104846000032 ], [ -7.998043718999952, 37.363106139000024 ], [ -8.002233868999951, 37.359533400000032 ], [ -8.00661187399993, 37.36178198500005 ], [ -8.014428635999934, 37.359978349000073 ], [ -8.020600104999971, 37.35405325000005 ], [ -8.02730603599997, 37.353275332000067 ], [ -8.035712, 37.347735999000065 ], [ -8.036971180999956, 37.338754337000069 ], [ -8.041642283999977, 37.339182743000038 ], [ -8.043261499999971, 37.33684899900004 ], [ -8.048027494999928, 37.330870607000065 ], [ -8.066048094999928, 37.320307025000034 ], [ -8.082907675999934, 37.328124843000069 ], [ -8.108679384999959, 37.328275180000048 ], [ -8.111905499999978, 37.328293999000039 ], [ -8.122521210999935, 37.331330368000067 ], [ -8.147473790999982, 37.331950857000038 ], [ -8.182331690999945, 37.342092243000025 ], [ -8.187239, 37.341098999000053 ], [ -8.198352456999942, 37.348174517000075 ], [ -8.200332426999978, 37.354096197000047 ], [ -8.209144568999932, 37.355445757000041 ], [ -8.224929762999977, 37.367672162000076 ], [ -8.230909119999978, 37.368365491000077 ], [ -8.244611499999962, 37.377498499000069 ], [ -8.250086685999975, 37.384866997000074 ], [ -8.259811207999974, 37.387585269000056 ], [ -8.266355739999938, 37.384462358000064 ], [ -8.274487256999976, 37.388856646000079 ], [ -8.275195942999972, 37.40211129100004 ], [ -8.266704465999965, 37.406977434000055 ], [ -8.266442499999926, 37.409258999000031 ], [ -8.277360490999968, 37.413164677000054 ], [ -8.278449144999968, 37.425390776000029 ], [ -8.283462644999929, 37.429830813000081 ], [ -8.293898503999969, 37.430714211000065 ], [ -8.299394763999942, 37.43382529400003 ], [ -8.309877377999953, 37.431975678000072 ], [ -8.317151854999963, 37.43851442700003 ], [ -8.32348441399995, 37.427773408000064 ], [ -8.329607143999965, 37.423915287000057 ], [ -8.336380734999977, 37.432346519000077 ], [ -8.344060404999937, 37.426260183000068 ], [ -8.359261367999977, 37.431353856000044 ], [ -8.366607554999973, 37.430883876000053 ], [ -8.371724680999932, 37.426745074000053 ], [ -8.377926499999944, 37.427264999000045 ], [ -8.404256418999978, 37.424221748000036 ], [ -8.408847800999979, 37.419589292000069 ], [ -8.417330095999944, 37.418983046000051 ], [ -8.41906357199997, 37.410765284000036 ], [ -8.424075003999974, 37.408994098000051 ], [ -8.422250321999968, 37.39360404200005 ], [ -8.428422224999963, 37.385381786000039 ], [ -8.431377084999951, 37.383950218000052 ], [ -8.447035315999926, 37.385365752000041 ], [ -8.454543, 37.373718999000062 ], [ -8.460495, 37.375069499000062 ], [ -8.480761873999938, 37.383427640000036 ], [ -8.494330520999938, 37.385654041000066 ], [ -8.507259921999946, 37.385138461000054 ], [ -8.515084499999944, 37.378717499000061 ], [ -8.568610722999949, 37.410114393000072 ], [ -8.573101544999929, 37.411196661000076 ], [ -8.580307499999947, 37.406223499000077 ], [ -8.590620272999956, 37.402901728000074 ], [ -8.621214725999948, 37.399824988000034 ], [ -8.63340454799993, 37.386495901000046 ], [ -8.637742006999929, 37.377897724000036 ], [ -8.644786, 37.376813999000035 ], [ -8.647348119999947, 37.383724390000054 ], [ -8.65375242999994, 37.385514490000048 ], [ -8.660071131999928, 37.398200103000079 ], [ -8.664304784999956, 37.400135822000038 ], [ -8.669673096999929, 37.398569786000053 ], [ -8.676523807999956, 37.401824327000043 ], [ -8.680635059999929, 37.39801594000005 ], [ -8.682720499999959, 37.400293499000043 ], [ -8.690306758999952, 37.396814161000066 ], [ -8.719863458999953, 37.399985978000075 ], [ -8.733199227999933, 37.39780053100003 ], [ -8.740107851999937, 37.412690940000061 ], [ -8.746771378999938, 37.417403573000058 ], [ -8.746670063999943, 37.422102798000026 ], [ -8.751777217999972, 37.430457705000038 ], [ -8.760282158999928, 37.430796228000077 ], [ -8.770610310999928, 37.435917929000027 ], [ -8.789492282999959, 37.435431184000038 ], [ -8.796321499999976, 37.442947999000069 ], [ -8.801501207999934, 37.446646674000078 ], [ -8.798502398999972, 37.45981405200007 ], [ -8.800021125999933, 37.47265602300007 ], [ -8.795397364999928, 37.482442527000046 ], [ -8.795266077999941, 37.498620820000042 ], [ -8.791466244999981, 37.505907336000064 ], [ -8.793336063999959, 37.510316917000068 ], [ -8.786012318999951, 37.533087523000063 ], [ -8.794771719999972, 37.555178493000028 ], [ -8.792954828999939, 37.558798910000064 ], [ -8.804662145999941, 37.576751099000035 ], [ -8.812094396999953, 37.58139746300003 ], [ -8.811776302999931, 37.586296164000032 ], [ -8.818385155999977, 37.597796212000048 ], [ -8.816578000999925, 37.60661480400006 ], [ -8.811903792999942, 37.610812711000051 ], [ -8.810038499999962, 37.629887499000063 ], [ -8.807972166999946, 37.635795635000079 ], [ -8.801897080999936, 37.653062313000078 ], [ -8.802241595999931, 37.661137484000051 ], [ -8.795979561999957, 37.675055652000026 ], [ -8.792210077999925, 37.695209154000054 ], [ -8.794544021999968, 37.702000603000045 ], [ -8.786664084999927, 37.714551817000029 ], [ -8.788871, 37.717816999000036 ], [ -8.797673869999926, 37.735749992000081 ], [ -8.809392357999968, 37.74191085700005 ], [ -8.811533180999959, 37.746462290000068 ], [ -8.804897356999959, 37.76878382600006 ], [ -8.80630064099995, 37.774950239000077 ], [ -8.80210935499997, 37.780671820000066 ], [ -8.801343737999957, 37.795721095000033 ], [ -8.794754560999934, 37.813312663000033 ], [ -8.792970499999967, 37.81956199900003 ], [ -8.790679157999932, 37.837778143000037 ], [ -8.794238471999961, 37.847349015000077 ], [ -8.795550178999974, 37.850875837000046 ], [ -8.792890217999968, 37.866506487000038 ], [ -8.79765, 37.89460899900007 ], [ -8.800539620999928, 37.907958182000073 ], [ -8.810468011999944, 37.927690489000042 ], [ -8.832891435999954, 37.93713260800007 ], [ -8.840491836999945, 37.937408237000056 ], [ -8.84862758099996, 37.933730746000037 ], [ -8.855222316999971, 37.937397787000066 ], [ -8.856019826999955, 37.942828416000054 ], [ -8.864652206999949, 37.949553016000038 ], [ -8.883019847999947, 37.950452750000068 ], [ -8.887470833999942, 37.953945242000032 ], [ -8.885541756999942, 37.961408199000061 ], [ -8.872077313999966, 37.96973700500007 ], [ -8.856856729999947, 37.99045323200005 ], [ -8.825615, 38.04929499900004 ], [ -8.796724, 38.121358499000053 ], [ -8.782593016999954, 38.172784384000067 ], [ -8.77680952999998, 38.211160522000057 ], [ -8.775818499999957, 38.244998999000074 ], [ -8.780563696999934, 38.30238888100007 ], [ -8.787130274999981, 38.335811045000071 ], [ -8.79850926599994, 38.368410238000024 ], [ -8.813173992999964, 38.399179953000043 ], [ -8.834738364999964, 38.429378894000024 ], [ -8.864649102999977, 38.453485735000072 ], [ -8.899245495999935, 38.477112289000047 ], [ -8.910446192999927, 38.487781639000048 ], [ -8.910077930999933, 38.492429069000025 ], [ -8.900581103999968, 38.493941655000071 ], [ -8.890644768999948, 38.491123753000068 ], [ -8.879603507999946, 38.484372559000064 ], [ -8.853729081999973, 38.458570322000071 ], [ -8.82553194299993, 38.444374270000026 ], [ -8.819853638999973, 38.421321572000068 ], [ -8.80852910699997, 38.408167430000049 ], [ -8.798632, 38.390515999000058 ], [ -8.798192190999941, 38.394830021000075 ], [ -8.794002168999953, 38.395469074000061 ], [ -8.791631032999931, 38.406973661000052 ], [ -8.787443275999976, 38.408962737000024 ], [ -8.787750116999973, 38.413626254000064 ], [ -8.791297913999927, 38.417421494000052 ], [ -8.796992117999935, 38.418734320000056 ], [ -8.794410227999947, 38.422481831000027 ], [ -8.797774353999955, 38.425937402000045 ], [ -8.808770226999968, 38.427639649000071 ], [ -8.80561875799998, 38.441355623000049 ], [ -8.798038396999971, 38.440270808000037 ], [ -8.797774190999974, 38.435561287000041 ], [ -8.78895151699993, 38.422224604000064 ], [ -8.783633373999976, 38.422480086000064 ], [ -8.77673251899995, 38.41916733100004 ], [ -8.775353162999977, 38.409101728000053 ], [ -8.761703746999956, 38.40746587600006 ], [ -8.759453181999959, 38.411655923000069 ], [ -8.751777217999972, 38.415047560000062 ], [ -8.746543243999952, 38.417360108000025 ], [ -8.73661765099996, 38.418920096000079 ], [ -8.693521499999974, 38.41568649900006 ], [ -8.65044796899997, 38.40432303800003 ], [ -8.650676502999943, 38.407168557000034 ], [ -8.663745821999953, 38.412235829000053 ], [ -8.700250695999955, 38.442790856000045 ], [ -8.710674235999932, 38.443459306000079 ], [ -8.71580309899997, 38.439711967000051 ], [ -8.719800061999933, 38.440906981000069 ], [ -8.725767158999929, 38.501357640000037 ], [ -8.728786840999931, 38.512497101000065 ], [ -8.734463372999926, 38.51270174800004 ], [ -8.735063, 38.515672499000061 ], [ -8.715331327999934, 38.514386846000036 ], [ -8.699733530999936, 38.523148805000062 ], [ -8.682011345999967, 38.541651389000037 ], [ -8.656981609999946, 38.54801498900008 ], [ -8.639114, 38.549490999000056 ], [ -8.641201559999956, 38.567158488000075 ], [ -8.648208611999962, 38.577886247000038 ], [ -8.65730190499994, 38.605032970000025 ], [ -8.652722388999962, 38.611823453000056 ], [ -8.637714170999971, 38.619822989000056 ], [ -8.63161101999998, 38.628246217000026 ], [ -8.621629604999953, 38.633920032000049 ], [ -8.612390499999947, 38.644689499000037 ], [ -8.60620849999998, 38.64528849900006 ], [ -8.601521, 38.645885999000029 ], [ -8.578773711999929, 38.666693045000045 ], [ -8.577676272999952, 38.672143776000041 ], [ -8.566213499999947, 38.678179999000065 ], [ -8.558433066999953, 38.67819477900008 ], [ -8.541924322999932, 38.685695968000061 ], [ -8.531003643999952, 38.692592504000061 ], [ -8.525140427999929, 38.701203878000058 ], [ -8.519349346999945, 38.708924265000064 ], [ -8.501935895999964, 38.715821943000037 ], [ -8.501655997999933, 38.722435853000036 ], [ -8.509705108999981, 38.729219375000071 ], [ -8.510602404999929, 38.736320779000039 ], [ -8.50909816099994, 38.738969863000079 ], [ -8.505075603999956, 38.74605340100004 ], [ -8.49173449999995, 38.754604499000038 ], [ -8.491530871999942, 38.760643505000075 ], [ -8.495664422999937, 38.762366343000053 ], [ -8.513320648999979, 38.76461207300008 ], [ -8.525140427999929, 38.76182736800007 ], [ -8.543203499999947, 38.763260499000069 ], [ -8.546797499999968, 38.76343599900008 ], [ -8.541822, 38.767558999000073 ], [ -8.535165, 38.774046999000063 ], [ -8.526127499999973, 38.783042999000031 ], [ -8.525140427999929, 38.784938663000048 ], [ -8.523067, 38.788920499000028 ], [ -8.518756499999938, 38.790238999000053 ], [ -8.499347695999973, 38.806981695000047 ], [ -8.48014926999997, 38.80265204400007 ], [ -8.470197665999933, 38.795025291000059 ], [ -8.449731104999955, 38.807274355000061 ], [ -8.43905781199993, 38.826609460000043 ], [ -8.429757424999934, 38.833736656000042 ], [ -8.419469978999928, 38.836741341000049 ], [ -8.417502684999931, 38.827529342000048 ], [ -8.408566690999976, 38.823989970000071 ], [ -8.383406797999953, 38.840153785000041 ], [ -8.388248989999965, 38.847434271000054 ], [ -8.377870743999949, 38.855379240000048 ], [ -8.367896348999977, 38.853318653000031 ], [ -8.355790430999946, 38.843755729000065 ], [ -8.342655172999969, 38.838868793000074 ], [ -8.336443926999948, 38.841985116000046 ], [ -8.321269, 38.859255999000027 ], [ -8.311001878999946, 38.849459583000055 ], [ -8.301816558999974, 38.863249513000028 ], [ -8.286723452999979, 38.851309370000024 ], [ -8.272739527999931, 38.844137274000047 ], [ -8.263965259999964, 38.842295096000043 ], [ -8.266080758999976, 38.830511534000038 ], [ -8.244654499999967, 38.816677999000035 ], [ -8.221731731999967, 38.828553199000055 ], [ -8.198554945999945, 38.809046850000072 ], [ -8.203254048999952, 38.798886893000031 ], [ -8.192304734999936, 38.794716075000053 ], [ -8.190108395999971, 38.796966824000037 ], [ -8.185356165999963, 38.801836538000032 ], [ -8.174820672999942, 38.800974256000075 ], [ -8.178293, 38.786722999000062 ], [ -8.174775820999969, 38.782549173000064 ], [ -8.162032269999941, 38.776309587000071 ], [ -8.152626, 38.773430499000028 ], [ -8.142432235999934, 38.773177544000077 ], [ -8.140030689999946, 38.787596712000038 ], [ -8.124310499999979, 38.804967999000041 ], [ -8.135440166999956, 38.81468998400004 ], [ -8.147193266999977, 38.818705089000048 ], [ -8.15392548899996, 38.810733570000025 ], [ -8.158481140999982, 38.809414808000042 ], [ -8.168171623999967, 38.828745049000077 ], [ -8.180883876999928, 38.833081847000074 ], [ -8.186727851999933, 38.839635677000047 ], [ -8.184173353999938, 38.850827089000063 ], [ -8.163052652999966, 38.862859445000026 ], [ -8.160978027999931, 38.866277444000048 ], [ -8.180851104999931, 38.877880571000048 ], [ -8.190108395999971, 38.87501979700005 ], [ -8.193141777999926, 38.874082368000074 ], [ -8.202074499999981, 38.878380499000059 ], [ -8.208105656999976, 38.875408672000049 ], [ -8.211201890999973, 38.884468310000045 ], [ -8.257521329999975, 38.900429808000069 ], [ -8.271311941999954, 38.908032787000025 ], [ -8.266008074999945, 38.916404392000061 ], [ -8.250857296999925, 38.928045022000049 ], [ -8.242693738999947, 38.939157470000055 ], [ -8.234984016999931, 38.968133990000069 ], [ -8.241437591999954, 38.974276853000049 ], [ -8.227915, 38.98738699900008 ], [ -8.21990631999995, 38.991647964000038 ], [ -8.227098070999944, 39.003631805000055 ], [ -8.245505745999935, 39.000038613000072 ], [ -8.260332674999972, 39.013069029000064 ], [ -8.268383896999978, 39.051610263000043 ], [ -8.281671168999935, 39.051242921000039 ], [ -8.287223340999958, 39.055626148000044 ], [ -8.290272783999967, 39.059349877000045 ], [ -8.291420324999933, 39.080185168000071 ], [ -8.307417805999933, 39.084250509000071 ], [ -8.310034, 39.089242499000079 ], [ -8.333791674999929, 39.095019369000056 ], [ -8.342655172999969, 39.099943218000078 ], [ -8.342314973999976, 39.109790817000032 ], [ -8.333809642999938, 39.114391381000075 ], [ -8.323089885999934, 39.125539641000046 ], [ -8.315571518999946, 39.138637678000066 ], [ -8.304058323999925, 39.149211386000047 ], [ -8.29825982899996, 39.161710971000048 ], [ -8.269700759999978, 39.170961544000079 ], [ -8.252733003999936, 39.180360257000075 ], [ -8.234753601999955, 39.182307825000066 ], [ -8.196181011999954, 39.21395988200004 ], [ -8.190108395999971, 39.216197037000029 ], [ -8.183633, 39.218582499000036 ], [ -8.181502560999945, 39.228478683000048 ], [ -8.172599499999933, 39.233313499000076 ], [ -8.162032269999941, 39.239564809000058 ], [ -8.151520371999936, 39.250577392000025 ], [ -8.155611042999965, 39.263226856000074 ], [ -8.15345109499998, 39.271721387000071 ], [ -8.135046256999942, 39.286712907000037 ], [ -8.116025428999933, 39.287474277000058 ], [ -8.116265218999956, 39.280504491000045 ], [ -8.110863341999959, 39.277727713000047 ], [ -8.108679384999959, 39.277513400000032 ], [ -8.089316091999933, 39.275613234000048 ], [ -8.080234548999954, 39.277805459000035 ], [ -8.07450778499998, 39.292450588000065 ], [ -8.057472021999956, 39.309180873000059 ], [ -8.049848, 39.312491499000032 ], [ -8.046838499999978, 39.32038299900006 ], [ -8.040365700999928, 39.330940289000068 ], [ -8.027358255999957, 39.341071001000046 ], [ -8.030049608999946, 39.36304666500007 ], [ -8.001961725999934, 39.367759289000048 ], [ -7.998741505999931, 39.37463942800008 ], [ -7.989799499999947, 39.383080999000072 ], [ -7.985018126999933, 39.384315756000035 ], [ -7.968684, 39.382309999000029 ], [ -7.959963671999958, 39.391411514000026 ], [ -7.957937466999965, 39.397202924000055 ], [ -7.949790551999968, 39.400280525000028 ], [ -7.940632414999925, 39.409108066000044 ], [ -7.942085, 39.418652499000075 ], [ -7.947986101999959, 39.423946318000048 ], [ -7.963822110999956, 39.428657795000049 ], [ -7.969662287999938, 39.435752195000077 ], [ -7.974672762999944, 39.436508307000054 ], [ -7.985018126999933, 39.445061399000053 ], [ -7.995074947999967, 39.448729954000044 ], [ -8.005744842999945, 39.461533976000055 ], [ -8.008884, 39.473172499000043 ], [ -8.003835640999966, 39.478661206000027 ], [ -7.995021, 39.479820999000026 ], [ -8.000673992999964, 39.484933134000073 ], [ -8.003890994999949, 39.49523352500006 ], [ -8.000446499999953, 39.501726499000029 ], [ -7.993510295999954, 39.51057673300005 ], [ -7.985018126999933, 39.512894877000065 ], [ -7.970267637999939, 39.536881158000028 ], [ -7.967621599999973, 39.544752481000046 ], [ -7.96896413099995, 39.549363127000049 ], [ -7.954771, 39.565085999000075 ], [ -7.94865705199993, 39.558691295000074 ], [ -7.911118359999932, 39.548271773000067 ], [ -7.906374390999929, 39.541815137000071 ], [ -7.898225187999969, 39.537837978000027 ], [ -7.872879434999959, 39.527395192000029 ], [ -7.851099499999975, 39.509868999000048 ], [ -7.838452761999974, 39.515648235000072 ], [ -7.825104, 39.537364999000033 ], [ -7.809575797999969, 39.543284063000044 ], [ -7.796941819999972, 39.545368339000049 ], [ -7.788121499999932, 39.553109499000072 ], [ -7.782282643999963, 39.559275655000079 ], [ -7.768510986999956, 39.565920249000044 ], [ -7.754750213999955, 39.587940797000044 ], [ -7.735140562999959, 39.593100011000047 ], [ -7.724966101999939, 39.592197291000048 ], [ -7.720267, 39.596552999000039 ], [ -7.713170789999936, 39.609075782000048 ], [ -7.715751399999931, 39.624625858000059 ], [ -7.703235499999948, 39.63661649900007 ], [ -7.676468499999942, 39.646942499000033 ], [ -7.669043422999948, 39.647209816000043 ], [ -7.660550980999972, 39.634633415000053 ], [ -7.648671499999978, 39.625038499000027 ], [ -7.639932316999932, 39.622905845000048 ], [ -7.63246694999998, 39.624437202000024 ], [ -7.596677235999948, 39.640462460000037 ], [ -7.59602, 39.646611499000073 ], [ -7.590968473999965, 39.653079410000032 ], [ -7.579292600999963, 39.658546004000073 ], [ -7.566975093999929, 39.66005627100003 ], [ -7.551896767999949, 39.658053757000062 ], [ -7.542929, 39.662814999000034 ], [ -7.536151168999936, 39.661588614000038 ], [ -7.530383252999968, 39.656039354000029 ], [ -7.526065176999964, 39.641021770000066 ], [ -7.527407791999963, 39.633370659000036 ], [ -7.520755384999973, 39.625240002000055 ], [ -7.510260885999969, 39.617952822000063 ], [ -7.498619172999952, 39.58939392700006 ], [ -7.485368, 39.584022499000071 ], [ -7.479356502999963, 39.57961560900003 ], [ -7.465954499999953, 39.575080999000079 ], [ -7.453935041999955, 39.563703203000046 ], [ -7.444609976999971, 39.547781518000079 ], [ -7.42908586599998, 39.534442906000038 ], [ -7.416416980999941, 39.531944901000031 ], [ -7.399998464999953, 39.533364077000044 ], [ -7.391188, 39.529945999000063 ], [ -7.388513164999949, 39.520893061000038 ], [ -7.38925949999998, 39.503257499000028 ], [ -7.38524519799995, 39.49903604900004 ], [ -7.379182948999926, 39.497110398000075 ], [ -7.380068, 39.49304599900006 ], [ -7.364874061999956, 39.486918423000077 ], [ -7.361998298999936, 39.483044272000029 ], [ -7.348117785999932, 39.48745391600005 ], [ -7.343888426999968, 39.479483779000077 ], [ -7.323259748999931, 39.47521232400004 ], [ -7.316429350999954, 39.468818513000031 ], [ -7.305219, 39.463922499000034 ], [ -7.300069121999968, 39.461940455000047 ], [ -7.295541487999969, 39.45595611400006 ], [ -7.30543905299993, 39.445043514000076 ], [ -7.308580048999943, 39.430387709000058 ], [ -7.303097783999931, 39.422546572000044 ], [ -7.302008593999972, 39.415358753000078 ], [ -7.308058253999945, 39.401151906000052 ], [ -7.312863, 39.399413999000046 ], [ -7.323090983999975, 39.381980241000065 ], [ -7.311854788999938, 39.369270264000079 ], [ -7.306769638999981, 39.355913817000044 ], [ -7.308793, 39.337657999000044 ], [ -7.291982922999978, 39.32813171500004 ], [ -7.275977261999969, 39.31531246600008 ], [ -7.27016040999996, 39.309791886000028 ], [ -7.266330005999976, 39.300854623000077 ], [ -7.231467, 39.278430999000079 ], [ -7.241289499999937, 39.264548999000056 ], [ -7.247533853999926, 39.253164420000076 ], [ -7.242147712999952, 39.240986448000058 ], [ -7.245056036999927, 39.227543104000063 ], [ -7.240522043999931, 39.218310892000034 ], [ -7.241425499999934, 39.208613999000079 ], [ -7.230645763999973, 39.202807197000027 ], [ -7.220419911999954, 39.19286188500007 ], [ -7.205835356999955, 39.186932292000051 ], [ -7.191326574999948, 39.185705523000024 ], [ -7.185240643999975, 39.18252188200006 ], [ -7.171191, 39.180633499000066 ], [ -7.165299215999937, 39.180630549000057 ], [ -7.148705005999943, 39.173020230000077 ], [ -7.137288557999966, 39.171953882000025 ], [ -7.13342016799993, 39.167907571000057 ], [ -7.134035230999928, 39.15983824500006 ], [ -7.139468909999948, 39.150812462000033 ], [ -7.136797906999959, 39.143862484000067 ], [ -7.148690976999944, 39.122864180000079 ], [ -7.148076499999945, 39.119086999000046 ], [ -7.143882, 39.109321499000032 ], [ -7.105871, 39.099383999000054 ], [ -7.101992499999938, 39.103835999000069 ], [ -7.100283, 39.105068499000026 ], [ -7.094360668999968, 39.106639835000067 ], [ -7.05077567099994, 39.11810881100007 ], [ -7.034693752999942, 39.117641825000078 ], [ -7.026565852999966, 39.114895869000065 ], [ -6.995951221999974, 39.099099293000052 ], [ -6.98190604399997, 39.088396328000044 ], [ -6.963494048999962, 39.061232783000037 ], [ -6.960268570999972, 39.056473101000051 ], [ -6.963494048999962, 39.048962092000068 ], [ -6.965153499999928, 39.045097499000065 ], [ -6.965526499999953, 39.04247299900004 ], [ -6.966783423999971, 39.038962250000054 ], [ -6.963494048999962, 39.035330435000049 ], [ -6.952651429999946, 39.023357726000029 ], [ -6.963494048999962, 39.012822305000043 ], [ -6.98512094299997, 38.979101188000072 ], [ -7.018982209999933, 38.941856809000058 ], [ -7.027419590999955, 38.924496435000037 ], [ -7.051026, 38.906078499000046 ], [ -7.040586907999966, 38.895913596000071 ], [ -7.039596966999966, 38.884831507000058 ], [ -7.035523657999931, 38.882734287000062 ], [ -7.033883462999938, 38.877755851000074 ], [ -7.040654332999964, 38.864638765000052 ], [ -7.067991499999948, 38.854084499000066 ], [ -7.074981875999981, 38.846121614000026 ], [ -7.086222353999972, 38.823093448000066 ], [ -7.094360668999968, 38.815884408000045 ], [ -7.113294379999957, 38.817120138000064 ], [ -7.129226994999954, 38.813420121000036 ], [ -7.154178315999957, 38.794162735000043 ], [ -7.158112, 38.784633499000051 ], [ -7.165348391999942, 38.778102177000051 ], [ -7.192051901999946, 38.767855017000045 ], [ -7.203135, 38.751017499000056 ], [ -7.223478622999949, 38.738969863000079 ], [ -7.225556485999959, 38.737739224000052 ], [ -7.239893595999945, 38.735694845000069 ], [ -7.25138764299993, 38.729104707000033 ], [ -7.255156090999947, 38.725192942000035 ], [ -7.253770896999981, 38.717513476000079 ], [ -7.264115767999954, 38.704012392000038 ], [ -7.269331334999947, 38.637487517000068 ], [ -7.264509956999973, 38.628845461000026 ], [ -7.249611506999941, 38.62868073900006 ], [ -7.244651244999943, 38.625123683000027 ], [ -7.259491, 38.606490499000074 ], [ -7.260409, 38.604152499000065 ], [ -7.260626, 38.597335999000052 ], [ -7.261770499999955, 38.595367499000076 ], [ -7.273845965999953, 38.577593988000046 ], [ -7.285563284999967, 38.573617968000065 ], [ -7.289687019999974, 38.558831809000026 ], [ -7.297146, 38.550439999000048 ], [ -7.303647152999929, 38.541651389000037 ], [ -7.302988, 38.538215499000046 ], [ -7.302948, 38.536189999000044 ], [ -7.301645, 38.532230999000035 ], [ -7.302161499999954, 38.527228499000046 ], [ -7.303703499999926, 38.524055499000042 ], [ -7.305583, 38.521365999000068 ], [ -7.307628, 38.519130499000028 ], [ -7.31119149999995, 38.51623599900006 ], [ -7.322108513999979, 38.478481787000078 ], [ -7.314617859999942, 38.475107764000029 ], [ -7.307518730999959, 38.481415007000066 ], [ -7.300018088999934, 38.483234080000045 ], [ -7.296183583999948, 38.479191077000053 ], [ -7.297766, 38.473441999000045 ], [ -7.302450293999925, 38.465461552000079 ], [ -7.314027115999977, 38.459900513000036 ], [ -7.315735809999978, 38.449623959000064 ], [ -7.330768137999939, 38.443659968000077 ], [ -7.335694, 38.435841999000047 ], [ -7.324819, 38.439620362000028 ], [ -7.317023995999932, 38.439264840000078 ], [ -7.302876439999977, 38.43103667500003 ], [ -7.299111308999954, 38.426032384000052 ], [ -7.294402208999941, 38.427437009000073 ], [ -7.281121023999958, 38.419540847000064 ], [ -7.268593212999974, 38.392075613000031 ], [ -7.246044910999956, 38.367901425000071 ], [ -7.202784444999963, 38.329412989000048 ], [ -7.192065378999928, 38.309617077000041 ], [ -7.176858868999943, 38.290474710000069 ], [ -7.172476218999975, 38.286090570000056 ], [ -7.168373499999973, 38.284515499000065 ], [ -7.168805405999933, 38.28004738900006 ], [ -7.159048, 38.279498999000054 ], [ -7.152242942999976, 38.275411812000073 ], [ -7.152894138999955, 38.269074043000046 ], [ -7.149183745999949, 38.268710579000071 ], [ -7.144080108999958, 38.261784972000044 ], [ -7.142444600999966, 38.240054576000034 ], [ -7.129043348999971, 38.228315485000053 ], [ -7.118252513999948, 38.214399488000026 ], [ -7.107952499999953, 38.188121499000033 ], [ -7.102758967999932, 38.18607213100006 ] ] ], [ [ [ -8.800506003999942, 37.833758771000078 ], [ -8.797081508999952, 37.836995990000048 ], [ -8.795029740999951, 37.832697418000066 ], [ -8.797788727999944, 37.831313969000064 ], [ -8.800506003999942, 37.833758771000078 ] ] ] ] } },
{ "type": "Feature", "properties": { "name": "Lagos", "region_type": "DOC", "color": "#4caf50", "island": false, "source": "gisco_nuts3+gadm_level2" }, "geometry": { "type": "MultiPolygon", "coordinates": [ [ [ [ -8.9161, 37.0146 ], [ -8.9162, 37.0148 ], [ -8.9161, 37.0148 ], [ -8.916, 37.0147 ], [ -8.9161, 37.0146 ] ] ], [ [ [ -8.9156, 37.015 ], [ -8.916, 37.015 ], [ -8.9156, 37.0154 ], [ -8.9154, 37.0153 ], [ -8.9156, 37.015 ] ] ], [ [ [ -8.9166, 37.0158 ], [ -8.9164, 37.0154 ], [ -8.9166, 37.0152 ], [ -8.917, 37.0154 ], [ -8.9166, 37.0158 ] ] ], [ [ [ -8.9172, 37.016 ], [ -8.9176, 37.0151 ], [ -8.9179, 37.0152 ], [ -8.9177, 37.016 ], [ -8.9172, 37.016 ] ] ], [ [ [ -8.9203, 37.016 ], [ -8.92, 37.0161 ], [ -8.9199, 37.016 ], [ -8.9201, 37.0158 ], [ -8.9203, 37.016 ] ] ], [ [ [ -8.9191, 37.0167 ], [ -8.9183, 37.0162 ], [ -8.9185, 37.0153 ], [ -8.9195, 37.0158 ], [ -8.9191, 37.0167 ] ] ], [ [ [ -8.9198, 37.0163 ], [ -8.9198, 37.0162 ], [ -8.92, 37.0162 ], [ -8.92, 37.0163 ], [ -8.9198, 37.0163 ] ] ], [ [ [ -8.9169, 37.0174 ], [ -8.9171, 37.0172 ], [ -8.9173, 37.0173 ], [ -8.9174, 37.0173 ], [ -8.9169, 37.0174 ] ] ], [ [ [ -8.9866, 37.0185 ], [ -8.9865, 37.0185 ], [ -8.9865, 37.0184 ], [ -8.9866, 37.0184 ], [ -8.9866, 37.0185 ] ] ], [ [ [ -8.9975, 37.0222 ], [ -8.9975, 37.0223 ], [ -8.9973, 37.0224 ], [ -8.9972, 37.0221 ], [ -8.9975, 37.0222 ] ] ], [ [ [ -8.9927, 37.0305 ], [ -8.9913, 37.0306 ], [ -8.9915, 37.0295 ], [ -8.9935, 37.0296 ], [ -8.9927, 37.0305 ] ] ], [ [ [ -8.9811, 37.0515 ], [ -8.9813, 37.0516 ], [ -8.9814, 37.0519 ], [ -8.981, 37.0517 ], [ -8.9811, 37.0515 ] ] ], [ [ [ -8.9806, 37.0545 ], [ -8.9808, 37.0547 ], [ -8.9807, 37.0547 ], [ -8.9804, 37.0546 ], [ -8.9806, 37.0545 ] ] ], [ [ [ -8.9816, 37.0552 ], [ -8.9816, 37.055 ], [ -8.9819, 37.0552 ], [ -8.9816, 37.0552 ] ] ], [ [ [ -8.9806, 37.0554 ], [ -8.9805, 37.0555 ], [ -8.9803, 37.0553 ], [ -8.9805, 37.0552 ], [ -8.9806, 37.0554 ] ] ], [ [ [ -8.981, 37.0553 ], [ -8.9812, 37.0555 ], [ -8.9813, 37.0557 ], [ -8.9809, 37.0553 ], [ -8.981, 37.0553 ] ] ], [ [ [ -8.98, 37.0564 ], [ -8.9802, 37.0565 ], [ -8.9802, 37.0567 ], [ -8.98, 37.0566 ], [ -8.98, 37.0564 ] ] ], [ [ [ -8.9794, 37.0568 ], [ -8.9794, 37.0569 ], [ -8.9794, 37.057 ], [ -8.9792, 37.0568 ], [ -8.9792, 37.0566 ], [ -8.9794, 37.0568 ] ] ], [ [ [ -8.9797, 37.057 ], [ -8.9795, 37.0571 ], [ -8.9794, 37.0569 ], [ -8.9795, 37.0569 ], [ -8.9797, 37.057 ] ] ], [ [ [ -8.9798, 37.0574 ], [ -8.9798, 37.0575 ], [ -8.9795, 37.0572 ], [ -8.9796, 37.0573 ], [ -8.9798, 37.0574 ] ] ], [ [ [ -8.9772, 37.0584 ], [ -8.9769, 37.0583 ], [ -8.977, 37.058 ], [ -8.9773, 37.0584 ], [ -8.9772, 37.0584 ] ] ], [ [ [ -8.9732, 37.0616 ], [ -8.9732, 37.0615 ], [ -8.9733, 37.0616 ], [ -8.9732, 37.0616 ] ] ], [ [ [ -8.9736, 37.0617 ], [ -8.9734, 37.0615 ], [ -8.9736, 37.0616 ], [ -8.9739, 37.0616 ], [ -8.9736, 37.0617 ] ] ], [ [ [ -8.9539, 37.0973 ], [ -8.954, 37.0975 ], [ -8.9538, 37.0975 ], [ -8.9539, 37.0973 ] ] ], [ [ [ -8.9543, 37.0977 ], [ -8.9541, 37.0979 ], [ -8.954, 37.0978 ], [ -8.9541, 37.0976 ], [ -8.9543, 37.0977 ] ] ], [ [ [ -8.9538, 37.0977 ], [ -8.9539, 37.0978 ], [ -8.9539, 37.0979 ], [ -8.9537, 37.0978 ], [ -8.9538, 37.0977 ] ] ], [ [ [ -8.9544, 37.0978 ], [ -8.9546, 37.0978 ], [ -8.9546, 37.0979 ], [ -8.9543, 37.0981 ], [ -8.9544, 37.0978 ] ] ], [ [ [ -8.9546, 37.0981 ], [ -8.9547, 37.0981 ], [ -8.9546, 37.0982 ], [ -8.9545, 37.0982 ], [ -8.9546, 37.0981 ] ] ], [ [ [ -8.9165, 37.1943 ], [ -8.9165, 37.1942 ], [ -8.9166, 37.1943 ], [ -8.9165, 37.1943 ] ] ], [ [ [ -8.9187, 37.1959 ], [ -8.9186, 37.1958 ], [ -8.9187, 37.1958 ], [ -8.9187, 37.1959 ] ] ], [ [ [ -8.9184, 37.196 ], [ -8.9185, 37.1962 ], [ -8.9186, 37.1963 ], [ -8.9183, 37.196 ], [ -8.9184, 37.196 ] ] ], [ [ [ -8.9182, 37.1967 ], [ -8.9182, 37.1968 ], [ -8.9181, 37.1968 ], [ -8.9181, 37.1967 ], [ -8.9182, 37.1967 ] ] ], [ [ [ -8.9158, 37.1971 ], [ -8.9161, 37.1972 ], [ -8.9162, 37.1973 ], [ -8.9157, 37.1972 ], [ -8.9158, 37.1971 ] ] ], [ [ [ -8.9145, 37.0202 ], [ -8.9145, 37.0203 ], [ -8.9144, 37.0204 ], [ -8.9143, 37.0202 ], [ -8.9145, 37.0202 ] ] ], [ [ [ -8.9073, 37.0229 ], [ -8.9073, 37.0228 ], [ -8.9074, 37.0228 ], [ -8.9074, 37.0229 ], [ -8.9073, 37.0229 ] ] ], [ [ [ -8.9079, 37.0231 ], [ -8.9077, 37.0233 ], [ -8.9077, 37.0231 ], [ -8.9079, 37.023 ], [ -8.9079, 37.0231 ] ] ], [ [ [ -8.9062, 37.0235 ], [ -8.9063, 37.0236 ], [ -8.9064, 37.0237 ], [ -8.9063, 37.0237 ], [ -8.9062, 37.0235 ] ] ], [ [ [ -8.9131, 37.0217 ], [ -8.9205, 37.0221 ], [ -8.9268, 37.019 ], [ -8.9303, 37.0113 ], [ -8.9279, 37.0111 ], [ -8.93, 37.0104 ], [ -8.9278, 37.0105 ], [ -8.9289, 37.0092 ], [ -8.9257, 37.0094 ], [ -8.9242, 37.0119 ], [ -8.9266, 37.0064 ], [ -8.9312, 37.0014 ], [ -8.9347, 37.0053 ], [ -8.9422, 37.0046 ], [ -8.9471, 37.0001 ], [ -8.9464, 36.9944 ], [ -8.948, 36.9935 ], [ -8.9505, 36.9943 ], [ -8.9502, 36.9972 ], [ -8.9517, 36.9982 ], [ -8.9477, 37.004 ], [ -8.9491, 37.0084 ], [ -8.9525, 37.0093 ], [ -8.9533, 37.0144 ], [ -8.9569, 37.0149 ], [ -8.9586, 37.019 ], [ -8.9601, 37.0182 ], [ -8.9597, 37.0215 ], [ -8.9638, 37.0223 ], [ -8.9638, 37.0253 ], [ -8.9674, 37.0265 ], [ -8.9723, 37.0246 ], [ -8.976, 37.0253 ], [ -8.976, 37.0269 ], [ -8.9801, 37.0262 ], [ -8.9815, 37.0275 ], [ -8.9832, 37.0259 ], [ -8.9841, 37.027 ], [ -8.9853, 37.0242 ], [ -8.984, 37.0219 ], [ -8.9862, 37.0185 ], [ -8.9884, 37.024 ], [ -8.9919, 37.0204 ], [ -8.9944, 37.0228 ], [ -8.9971, 37.0227 ], [ -8.989, 37.031 ], [ -8.987, 37.0302 ], [ -8.9874, 37.0328 ], [ -8.9906, 37.0332 ], [ -8.9864, 37.035 ], [ -8.9794, 37.0439 ], [ -8.9795, 37.0466 ], [ -8.9843, 37.0493 ], [ -8.9806, 37.0501 ], [ -8.979, 37.0568 ], [ -8.9741, 37.0591 ], [ -8.9738, 37.0612 ], [ -8.9724, 37.0615 ], [ -8.9684, 37.0649 ], [ -8.9688, 37.0688 ], [ -8.9662, 37.0675 ], [ -8.9624, 37.0702 ], [ -8.9632, 37.0719 ], [ -8.9608, 37.0739 ], [ -8.961, 37.0788 ], [ -8.9638, 37.0815 ], [ -8.9613, 37.0824 ], [ -8.9599, 37.0895 ], [ -8.9574, 37.0912 ], [ -8.9585, 37.0941 ], [ -8.9536, 37.0947 ], [ -8.9537, 37.0974 ], [ -8.9515, 37.0984 ], [ -8.9483, 37.0979 ], [ -8.9452, 37.1019 ], [ -8.9465, 37.1025 ], [ -8.9382, 37.1082 ], [ -8.9266, 37.1269 ], [ -8.9251, 37.1334 ], [ -8.9195, 37.1374 ], [ -8.9179, 37.142 ], [ -8.9201, 37.145 ], [ -8.9167, 37.1452 ], [ -8.9174, 37.1473 ], [ -8.9156, 37.147 ], [ -8.9134, 37.1493 ], [ -8.9143, 37.1521 ], [ -8.9133, 37.1517 ], [ -8.9131, 37.1536 ], [ -8.9104, 37.1533 ], [ -8.9095, 37.1556 ], [ -8.909005128205131, 37.1556 ], [ -8.9108, 37.1566 ], [ -8.9034, 37.1654 ], [ -8.9031, 37.1703 ], [ -8.9073, 37.173 ], [ -8.9085, 37.1728 ], [ -8.9083, 37.175 ], [ -8.9106, 37.1749 ], [ -8.9089, 37.1804 ], [ -8.9137, 37.1832 ], [ -8.9124, 37.1832 ], [ -8.9128, 37.1856 ], [ -8.9099, 37.1871 ], [ -8.9111, 37.1881 ], [ -8.9094, 37.1893 ], [ -8.9119, 37.1899 ], [ -8.9113, 37.1911 ], [ -8.9151, 37.1926 ], [ -8.9182, 37.1964 ], [ -8.9149, 37.1967 ], [ -8.9114, 37.1991 ], [ -8.9042, 37.1982 ], [ -8.896, 37.2061 ], [ -8.8851, 37.2209 ], [ -8.8792, 37.2333 ], [ -8.8705, 37.2457 ], [ -8.8602, 37.2691 ], [ -8.8623, 37.2754 ], [ -8.8664, 37.2777 ], [ -8.8656, 37.2825 ], [ -8.8677, 37.2836 ], [ -8.8645, 37.2891 ], [ -8.8656, 37.2937 ], [ -8.8698, 37.2958 ], [ -8.8752, 37.2944 ], [ -8.8768, 37.2959 ], [ -8.8732, 37.3 ], [ -8.8763, 37.3013 ], [ -8.8761, 37.3027 ], [ -8.8735, 37.3024 ], [ -8.8749, 37.3059 ], [ -8.8772, 37.3066 ], [ -8.8754, 37.3065 ], [ -8.8744, 37.3083 ], [ -8.8756, 37.3095 ], [ -8.873, 37.309 ], [ -8.8719, 37.3112 ], [ -8.8745, 37.3122 ], [ -8.875, 37.3149 ], [ -8.8774, 37.3144 ], [ -8.8756, 37.3161 ], [ -8.876981927710844, 37.31703614457831 ], [ -8.8769, 37.3172 ], [ -8.877, 37.3172 ], [ -8.877090384615387, 37.317109615384616 ], [ -8.877092592592595, 37.31711111111111 ], [ -8.8769, 37.3174 ], [ -8.877, 37.3174 ], [ -8.8771, 37.3173 ], [ -8.8771, 37.317116129032257 ], [ -8.8787, 37.3182 ], [ -8.8771, 37.3192 ], [ -8.878, 37.321 ], [ -8.8718, 37.322 ], [ -8.8572, 37.3381 ], [ -8.8567, 37.3408 ], [ -8.8509, 37.3447 ], [ -8.8499, 37.35 ], [ -8.8469, 37.349 ], [ -8.8447, 37.352 ], [ -8.8462, 37.3553 ], [ -8.8414, 37.3588 ], [ -8.8366, 37.3683 ], [ -8.8343, 37.37 ], [ -8.8353, 37.3719 ], [ -8.8332, 37.3722 ], [ -8.8341, 37.3744 ], [ -8.8324, 37.3751 ], [ -8.8329, 37.3767 ], [ -8.83, 37.3768 ], [ -8.8272, 37.3806 ], [ -8.828, 37.3823 ], [ -8.8254, 37.3837 ], [ -8.8167, 37.3979 ], [ -8.8147, 37.4058 ], [ -8.8125, 37.4067 ], [ -8.8084, 37.4139 ], [ -8.808, 37.4153 ], [ -8.8092, 37.4183 ], [ -8.8072, 37.4185 ], [ -8.8086, 37.42 ], [ -8.8069, 37.423 ], [ -8.8086, 37.4247 ], [ -8.8088, 37.4267 ], [ -8.8077, 37.4259 ], [ -8.8073, 37.4272 ], [ -8.809, 37.4298 ], [ -8.8066, 37.4304 ], [ -8.8072, 37.4312 ], [ -8.8057, 37.4328 ], [ -8.806, 37.4351 ], [ -8.8039, 37.4359 ], [ -8.8051, 37.4377 ], [ -8.8036, 37.437 ], [ -8.7963, 37.443 ], [ -8.7963, 37.4401 ], [ -8.7888, 37.4342 ], [ -8.7861, 37.4359 ], [ -8.7811, 37.4339 ], [ -8.7687, 37.4366 ], [ -8.768, 37.4345 ], [ -8.7607, 37.4333 ], [ -8.7619, 37.4306 ], [ -8.7598, 37.4309 ], [ -8.7578, 37.4291 ], [ -8.7533, 37.4304 ], [ -8.7532, 37.432 ], [ -8.7496, 37.4319 ], [ -8.7488, 37.4296 ], [ -8.7513, 37.4277 ], [ -8.7524, 37.4239 ], [ -8.7487, 37.4228 ], [ -8.7466, 37.4253 ], [ -8.7442, 37.424 ], [ -8.7491, 37.4205 ], [ -8.7491, 37.4167 ], [ -8.7466, 37.4148 ], [ -8.743, 37.4161 ], [ -8.7391, 37.4145 ], [ -8.7394, 37.4123 ], [ -8.7363, 37.4101 ], [ -8.7385, 37.402 ], [ -8.7355, 37.4004 ], [ -8.7335, 37.3952 ], [ -8.7286, 37.3984 ], [ -8.729, 37.4018 ], [ -8.727, 37.4012 ], [ -8.7272, 37.398 ], [ -8.7246, 37.3968 ], [ -8.7226, 37.3982 ], [ -8.7233, 37.4012 ], [ -8.7213, 37.4015 ], [ -8.7202, 37.3982 ], [ -8.716, 37.3996 ], [ -8.714, 37.3969 ], [ -8.707, 37.4005 ], [ -8.7057, 37.3999 ], [ -8.7058, 37.3968 ], [ -8.7004, 37.3972 ], [ -8.6978, 37.3997 ], [ -8.6877, 37.3955 ], [ -8.6832, 37.4007 ], [ -8.6841, 37.3973 ], [ -8.6792, 37.3923 ], [ -8.6791, 37.3868 ], [ -8.6771, 37.3817 ], [ -8.6741, 37.3812 ], [ -8.6774, 37.3774 ], [ -8.6755, 37.3731 ], [ -8.6787, 37.371 ], [ -8.6788, 37.3664 ], [ -8.6885, 37.3694 ], [ -8.6923, 37.3662 ], [ -8.6946, 37.3672 ], [ -8.6955, 37.3625 ], [ -8.6921, 37.3603 ], [ -8.6943, 37.3555 ], [ -8.7015, 37.3605 ], [ -8.7075, 37.3602 ], [ -8.708, 37.3564 ], [ -8.7, 37.3496 ], [ -8.6984, 37.3442 ], [ -8.6997, 37.3426 ], [ -8.7089, 37.3421 ], [ -8.7099, 37.3395 ], [ -8.7134, 37.339 ], [ -8.7156, 37.335 ], [ -8.7135, 37.3326 ], [ -8.7138, 37.328 ], [ -8.7114, 37.3267 ], [ -8.7127, 37.3249 ], [ -8.7189, 37.3272 ], [ -8.7203, 37.3259 ], [ -8.7262, 37.3265 ], [ -8.7256, 37.3207 ], [ -8.7276, 37.3161 ], [ -8.7316, 37.3161 ], [ -8.736, 37.3123 ], [ -8.7458, 37.3092 ], [ -8.7459, 37.3058 ], [ -8.7357, 37.2918 ], [ -8.7392, 37.2909 ], [ -8.7408, 37.2876 ], [ -8.7375, 37.2792 ], [ -8.7409, 37.276 ], [ -8.7397, 37.2745 ], [ -8.7417, 37.2739 ], [ -8.7411, 37.2713 ], [ -8.7423, 37.2705 ], [ -8.7391, 37.2673 ], [ -8.7415, 37.2613 ], [ -8.7399, 37.2602 ], [ -8.7425, 37.2581 ], [ -8.7529, 37.2553 ], [ -8.7519, 37.2532 ], [ -8.7533, 37.2514 ], [ -8.7515, 37.2507 ], [ -8.7534, 37.244 ], [ -8.7519, 37.243 ], [ -8.7508, 37.2377 ], [ -8.7528, 37.2319 ], [ -8.7515, 37.2307 ], [ -8.755869488817886, 37.22710159744409 ], [ -8.7528, 37.2264 ], [ -8.7494, 37.228 ], [ -8.7449, 37.2225 ], [ -8.7411, 37.2244 ], [ -8.7388, 37.2221 ], [ -8.7313, 37.2225 ], [ -8.7274, 37.2308 ], [ -8.7186, 37.2275 ], [ -8.7169, 37.2293 ], [ -8.7173, 37.235 ], [ -8.7127, 37.232 ], [ -8.7064, 37.234 ], [ -8.6961, 37.228 ], [ -8.6941, 37.2214 ], [ -8.6946, 37.2183 ], [ -8.693, 37.2169 ], [ -8.6944, 37.2136 ], [ -8.6922, 37.2106 ], [ -8.6896, 37.2099 ], [ -8.6872, 37.2129 ], [ -8.6831, 37.2133 ], [ -8.678, 37.2036 ], [ -8.6737, 37.2032 ], [ -8.6722, 37.2003 ], [ -8.6663, 37.2006 ], [ -8.6635, 37.1985 ], [ -8.6622, 37.1944 ], [ -8.6574, 37.1915 ], [ -8.6552, 37.1929 ], [ -8.6503, 37.192 ], [ -8.6509, 37.1884 ], [ -8.6454, 37.1807 ], [ -8.6503, 37.1791 ], [ -8.6448, 37.1691 ], [ -8.6473, 37.168 ], [ -8.6441, 37.169 ], [ -8.6396, 37.1645 ], [ -8.6398, 37.163 ], [ -8.6383, 37.1639 ], [ -8.6356, 37.1615 ], [ -8.6318, 37.1517 ], [ -8.6257, 37.1488 ], [ -8.6247, 37.144 ], [ -8.6217, 37.1419 ], [ -8.624, 37.1382 ], [ -8.6221, 37.1324 ], [ -8.6285, 37.1293 ], [ -8.6301, 37.1251 ], [ -8.6349, 37.1232 ], [ -8.6349, 37.1215 ], [ -8.6296, 37.1232 ], [ -8.6246, 37.1221 ], [ -8.6229, 37.1235 ], [ -8.6199, 37.1213 ], [ -8.6196, 37.1182 ], [ -8.6207, 37.1213 ], [ -8.6226, 37.1215 ], [ -8.6476, 37.1165 ], [ -8.6592, 37.1109 ], [ -8.6682, 37.103 ], [ -8.6689, 37.1013 ], [ -8.6665, 37.1004 ], [ -8.6655, 37.0994 ], [ -8.6688, 37.0997 ], [ -8.6665, 37.0987 ], [ -8.6679, 37.09835 ], [ -8.6679, 37.0984 ], [ -8.667966666666665, 37.098333333333336 ], [ -8.6681, 37.0983 ], [ -8.6664, 37.096 ], [ -8.6676, 37.0952 ], [ -8.6695, 37.0908 ], [ -8.6684, 37.0873 ], [ -8.6664, 37.0856 ], [ -8.6683, 37.0819 ], [ -8.6676, 37.0789 ], [ -8.6715, 37.0801 ], [ -8.6714, 37.0811 ], [ -8.6726, 37.0821 ], [ -8.6738, 37.082 ], [ -8.6745, 37.0813 ], [ -8.6786, 37.0839 ], [ -8.6857, 37.0854 ], [ -8.7101, 37.084 ], [ -8.7267, 37.0865 ], [ -8.7297, 37.0843 ], [ -8.7379, 37.0822 ], [ -8.7431, 37.0775 ], [ -8.7479, 37.0769 ], [ -8.7545, 37.0734 ], [ -8.7723, 37.0712 ], [ -8.7837, 37.0683 ], [ -8.7861, 37.0638 ], [ -8.7894, 37.0626 ], [ -8.7928, 37.063 ], [ -8.7926, 37.0647 ], [ -8.7957, 37.0655 ], [ -8.8087, 37.0662 ], [ -8.8255, 37.0645 ], [ -8.8401, 37.0605 ], [ -8.8551, 37.0546 ], [ -8.8568, 37.0487 ], [ -8.8641, 37.0418 ], [ -8.8717, 37.0465 ], [ -8.8757, 37.0436 ], [ -8.8788, 37.0463 ], [ -8.8819, 37.0427 ], [ -8.8852, 37.0438 ], [ -8.8875, 37.0415 ], [ -8.8903, 37.0422 ], [ -8.8921, 37.0408 ], [ -8.8939, 37.0426 ], [ -8.8954, 37.0416 ], [ -8.8956, 37.0358 ], [ -8.8982, 37.0329 ], [ -8.9008, 37.0329 ], [ -8.906, 37.0239 ], [ -8.9078, 37.0234 ], [ -8.9089, 37.0222 ], [ -8.909, 37.0246 ], [ -8.9131, 37.0217 ] ], [ [ -8.84676518828452, 37.162569790794976 ], [ -8.8467, 37.1626 ], [ -8.846452173913043, 37.164995652173914 ], [ -8.84676518828452, 37.162569790794976 ] ], [ [ -8.8267, 37.141 ], [ -8.82362, 37.14056 ], [ -8.827328571428573, 37.141255357142853 ], [ -8.8267, 37.141 ] ], [ [ -8.8232, 37.1405 ], [ -8.8169, 37.1435 ], [ -8.823276642335767, 37.14051094890511 ], [ -8.8232, 37.1405 ] ], [ [ -8.777019322033899, 37.10364305084746 ], [ -8.7769, 37.1037 ], [ -8.7793, 37.1102 ], [ -8.777019322033899, 37.10364305084746 ] ], [ [ -8.774405637982195, 37.098220474777449 ], [ -8.7738, 37.0985 ], [ -8.7778, 37.0988 ], [ -8.774405637982195, 37.098220474777449 ] ], [ [ -8.8477, 37.1665 ], [ -8.846409512195121, 37.165408048780485 ], [ -8.8464, 37.1655 ], [ -8.8477, 37.1665 ] ], [ [ -8.7701, 37.2174 ], [ -8.777045400593465, 37.216730563798222 ], [ -8.7751, 37.2162 ], [ -8.7701, 37.2174 ] ], [ [ -8.761, 37.2258 ], [ -8.761591872791518, 37.225468551236752 ], [ -8.760369411764705, 37.224696470588235 ], [ -8.761, 37.2258 ] ], [ [ -8.75963, 37.22461 ], [ -8.760010526315789, 37.224469806094184 ], [ -8.7599, 37.2244 ], [ -8.75963, 37.22461 ] ], [ [ -8.9072, 37.1604 ], [ -8.9073, 37.1605 ], [ -8.9074, 37.1605 ], [ -8.9073, 37.1603 ], [ -8.9072, 37.1604 ] ], [ [ -8.9082, 37.1743 ], [ -8.9082, 37.1741 ], [ -8.908, 37.1741 ], [ -8.908, 37.1743 ], [ -8.9082, 37.1743 ] ], [ [ -8.8807, 37.2296 ], [ -8.8808, 37.2296 ], [ -8.8808, 37.2295 ], [ -8.8808, 37.2294 ], [ -8.8807, 37.2296 ] ], [ [ -8.8747, 37.302 ], [ -8.8746, 37.3021 ], [ -8.8747, 37.3022 ], [ -8.8748, 37.302 ], [ -8.8747, 37.302 ] ], [ [ -8.8751, 37.3025 ], [ -8.8753, 37.3025 ], [ -8.8749, 37.3022 ], [ -8.8748, 37.3022 ], [ -8.8751, 37.3025 ] ], [ [ -8.8448, 37.3563 ], [ -8.8448, 37.3561 ], [ -8.8447, 37.3562 ], [ -8.8448, 37.3563 ] ], [ [ -8.8084, 37.425 ], [ -8.8082, 37.4248 ], [ -8.8082, 37.4249 ], [ -8.8084, 37.425 ] ], [ [ -8.8084, 37.4255 ], [ -8.8085, 37.4255 ], [ -8.8085, 37.4254 ], [ -8.8084, 37.4254 ], [ -8.8084, 37.4255 ] ], [ [ -8.8053, 37.4352 ], [ -8.8052, 37.4351 ], [ -8.805, 37.435 ], [ -8.8049, 37.4352 ], [ -8.8053, 37.4352 ] ] ], [ [ [ -8.9068, 37.1712 ], [ -8.9067, 37.1713 ], [ -8.9067, 37.1711 ], [ -8.9068, 37.1711 ], [ -8.9068, 37.1712 ] ] ], [ [ [ -8.9062, 37.1712 ], [ -8.9062, 37.1714 ], [ -8.9061, 37.1716 ], [ -8.9062, 37.1712 ] ] ], [ [ [ -8.9064, 37.1715 ], [ -8.9065, 37.1714 ], [ -8.9065, 37.1715 ], [ -8.9064, 37.1716 ], [ -8.9064, 37.1715 ] ] ], [ [ [ -8.9062, 37.1716 ], [ -8.9063, 37.1717 ], [ -8.9063, 37.1718 ], [ -8.9061, 37.1717 ], [ -8.9062, 37.1716 ] ] ], [ [ [ -8.9064, 37.1722 ], [ -8.9065, 37.1721 ], [ -8.9065, 37.1722 ], [ -8.9064, 37.1722 ] ] ], [ [ [ -8.9101, 37.174 ], [ -8.9099, 37.1742 ], [ -8.91, 37.1739 ], [ -8.9104, 37.174 ], [ -8.9101, 37.174 ] ] ], [ [ [ -8.9093, 37.1746 ], [ -8.9093, 37.1745 ], [ -8.9094, 37.1745 ], [ -8.9093, 37.1746 ] ] ], [ [ [ -8.9125, 37.1763 ], [ -8.9123, 37.1765 ], [ -8.912, 37.1765 ], [ -8.9122, 37.1763 ], [ -8.9125, 37.1763 ] ] ], [ [ [ -8.9112, 37.1765 ], [ -8.9116, 37.1764 ], [ -8.9118, 37.1767 ], [ -8.9108, 37.1769 ], [ -8.9112, 37.1765 ] ] ], [ [ [ -8.9119, 37.1774 ], [ -8.9119, 37.1775 ], [ -8.9118, 37.1775 ], [ -8.9119, 37.1774 ] ] ], [ [ [ -8.9117, 37.1775 ], [ -8.9118, 37.1777 ], [ -8.9116, 37.1779 ], [ -8.9115, 37.1776 ], [ -8.9117, 37.1775 ] ] ], [ [ [ -8.911, 37.1781 ], [ -8.9113, 37.178 ], [ -8.9114, 37.1781 ], [ -8.911, 37.1784 ], [ -8.911, 37.1781 ] ] ], [ [ [ -8.9106, 37.1783 ], [ -8.9107, 37.1783 ], [ -8.9107, 37.1784 ], [ -8.9106, 37.1784 ], [ -8.9106, 37.1783 ] ] ], [ [ [ -8.9135, 37.1845 ], [ -8.9131, 37.1847 ], [ -8.9129, 37.1846 ], [ -8.9132, 37.1845 ], [ -8.9133, 37.1844 ], [ -8.9135, 37.1845 ] ] ], [ [ [ -8.9131, 37.1851 ], [ -8.9131, 37.1853 ], [ -8.913, 37.1852 ], [ -8.913, 37.1851 ], [ -8.9131, 37.1851 ] ] ], [ [ [ -8.9113, 37.1884 ], [ -8.9113, 37.1885 ], [ -8.9112, 37.1885 ], [ -8.9113, 37.1884 ] ] ], [ [ [ -8.9117, 37.1906 ], [ -8.9118, 37.1905 ], [ -8.9118, 37.1906 ], [ -8.9117, 37.1906 ] ] ], [ [ [ -8.9126, 37.1913 ], [ -8.9126, 37.1912 ], [ -8.9127, 37.1912 ], [ -8.9127, 37.1913 ], [ -8.9126, 37.1913 ] ] ], [ [ [ -8.914, 37.1919 ], [ -8.9139, 37.1919 ], [ -8.9138, 37.1919 ], [ -8.9138, 37.1918 ], [ -8.914, 37.1919 ] ] ], [ [ [ -8.8793, 37.2332 ], [ -8.8794, 37.2331 ], [ -8.8795, 37.2332 ], [ -8.8793, 37.2333 ], [ -8.8793, 37.2332 ] ] ], [ [ [ -8.8791, 37.2952 ], [ -8.8792, 37.2953 ], [ -8.879, 37.2953 ], [ -8.8789, 37.2951 ], [ -8.8791, 37.2952 ] ] ], [ [ [ -8.878, 37.2948 ], [ -8.879, 37.2957 ], [ -8.8787, 37.296 ], [ -8.8777, 37.2952 ], [ -8.878, 37.2948 ] ] ], [ [ [ -8.8781, 37.2965 ], [ -8.8782, 37.2964 ], [ -8.8782, 37.2965 ], [ -8.8781, 37.2965 ] ] ], [ [ [ -8.8782, 37.2969 ], [ -8.8781, 37.297 ], [ -8.8781, 37.2969 ], [ -8.8782, 37.2969 ] ] ], [ [ [ -8.8791, 37.3199 ], [ -8.8792, 37.3201 ], [ -8.879, 37.32 ], [ -8.879, 37.3198 ], [ -8.8791, 37.3199 ] ] ], [ [ [ -8.8789, 37.32 ], [ -8.879, 37.3202 ], [ -8.8788, 37.32 ], [ -8.8788, 37.3199 ], [ -8.8789, 37.32 ] ] ], [ [ [ -8.8787, 37.3202 ], [ -8.879, 37.3203 ], [ -8.8792, 37.3206 ], [ -8.8784, 37.3204 ], [ -8.8787, 37.3202 ] ] ], [ [ [ -8.8788, 37.3216 ], [ -8.8784, 37.3205 ], [ -8.8799, 37.322 ], [ -8.8795, 37.3222 ], [ -8.8788, 37.3216 ] ] ], [ [ [ -8.8772, 37.2954 ], [ -8.8771, 37.2955 ], [ -8.8771, 37.2953 ], [ -8.8772, 37.2952 ], [ -8.8772, 37.2954 ] ] ], [ [ [ -8.8777, 37.2954 ], [ -8.8777, 37.2958 ], [ -8.8774, 37.2956 ], [ -8.8775, 37.2952 ], [ -8.8777, 37.2954 ] ] ], [ [ [ -8.877, 37.2959 ], [ -8.8771, 37.2957 ], [ -8.8775, 37.2958 ], [ -8.8776, 37.2963 ], [ -8.877, 37.2959 ] ] ], [ [ [ -8.8772, 37.2962 ], [ -8.8772, 37.2961 ], [ -8.8773, 37.2963 ], [ -8.8772, 37.2963 ], [ -8.8772, 37.2962 ] ] ], [ [ [ -8.8766, 37.2968 ], [ -8.8767, 37.2968 ], [ -8.8767, 37.2969 ], [ -8.8766, 37.2968 ] ] ], [ [ [ -8.8768, 37.2971 ], [ -8.8769, 37.2967 ], [ -8.8775, 37.2971 ], [ -8.8775, 37.2972 ], [ -8.8768, 37.2971 ] ] ], [ [ [ -8.8777, 37.2976 ], [ -8.8775, 37.2975 ], [ -8.8775, 37.2974 ], [ -8.8777, 37.2974 ], [ -8.8777, 37.2976 ] ] ], [ [ [ -8.8765, 37.2976 ], [ -8.8763, 37.2974 ], [ -8.8764, 37.2974 ], [ -8.8765, 37.2976 ] ] ], [ [ [ -8.8769, 37.2979 ], [ -8.8768, 37.2977 ], [ -8.8768, 37.2976 ], [ -8.8769, 37.2977 ], [ -8.8769, 37.2979 ] ] ], [ [ [ -8.8752, 37.3004 ], [ -8.8751, 37.3004 ], [ -8.8752, 37.3003 ], [ -8.8752, 37.3004 ] ] ], [ [ [ -8.8761, 37.3004 ], [ -8.8762, 37.3006 ], [ -8.8763, 37.3007 ], [ -8.8759, 37.3005 ], [ -8.8761, 37.3004 ] ] ], [ [ [ -8.8765, 37.3026 ], [ -8.8765, 37.3025 ], [ -8.8766, 37.3025 ], [ -8.8766, 37.3026 ], [ -8.8765, 37.3026 ] ] ], [ [ [ -8.8766, 37.3027 ], [ -8.8767, 37.3027 ], [ -8.8767, 37.3028 ], [ -8.8766, 37.3028 ], [ -8.8766, 37.3027 ] ] ], [ [ [ -8.8759, 37.3069 ], [ -8.876, 37.307 ], [ -8.8757, 37.3069 ], [ -8.8757, 37.3068 ], [ -8.8759, 37.3069 ] ] ], [ [ [ -8.8759, 37.3077 ], [ -8.8761, 37.3077 ], [ -8.876, 37.3079 ], [ -8.8757, 37.3076 ], [ -8.8759, 37.3077 ] ] ], [ [ [ -8.8763, 37.312 ], [ -8.8763, 37.3119 ], [ -8.8764, 37.3119 ], [ -8.8763, 37.312 ] ] ], [ [ [ -8.8751, 37.3121 ], [ -8.8749, 37.3121 ], [ -8.8749, 37.312 ], [ -8.8751, 37.312 ], [ -8.8751, 37.3121 ] ] ], [ [ [ -8.8761, 37.3122 ], [ -8.8761, 37.3121 ], [ -8.8761, 37.312 ], [ -8.8762, 37.3121 ], [ -8.8761, 37.3122 ] ] ], [ [ [ -8.8766, 37.3123 ], [ -8.8765, 37.3123 ], [ -8.8765, 37.3122 ], [ -8.8766, 37.3122 ], [ -8.8766, 37.3123 ] ] ], [ [ [ -8.8759, 37.3124 ], [ -8.8758, 37.3124 ], [ -8.8758, 37.3122 ], [ -8.8759, 37.3123 ], [ -8.8759, 37.3124 ] ] ], [ [ [ -8.8761, 37.3126 ], [ -8.8761, 37.3125 ], [ -8.8762, 37.3125 ], [ -8.8762, 37.3126 ], [ -8.8761, 37.3126 ] ] ], [ [ [ -8.8761, 37.3127 ], [ -8.8762, 37.3127 ], [ -8.8761, 37.3128 ], [ -8.8761, 37.3127 ] ] ], [ [ [ -8.8761, 37.3129 ], [ -8.8762, 37.313 ], [ -8.8761, 37.313 ], [ -8.8761, 37.3129 ] ] ], [ [ [ -8.8765, 37.3131 ], [ -8.8765, 37.3132 ], [ -8.8764, 37.3131 ], [ -8.8765, 37.3131 ] ] ], [ [ [ -8.8781, 37.3136 ], [ -8.8781, 37.3135 ], [ -8.8782, 37.3136 ], [ -8.8782, 37.3137 ], [ -8.8781, 37.3136 ] ] ], [ [ [ -8.8779, 37.3137 ], [ -8.8778, 37.3137 ], [ -8.8778, 37.3136 ], [ -8.8779, 37.3137 ] ] ], [ [ [ -8.8767, 37.3156 ], [ -8.8771, 37.3158 ], [ -8.8768, 37.3162 ], [ -8.8765, 37.3158 ], [ -8.8767, 37.3156 ] ] ], [ [ [ -8.8771, 37.3164 ], [ -8.877, 37.3165 ], [ -8.877, 37.3163 ], [ -8.8771, 37.3163 ], [ -8.8771, 37.3164 ] ] ], [ [ [ -8.8767, 37.3167 ], [ -8.8768, 37.3166 ], [ -8.8768, 37.3168 ], [ -8.8767, 37.3167 ] ] ], [ [ [ -8.8778, 37.3168 ], [ -8.8778, 37.3172 ], [ -8.8774, 37.3165 ], [ -8.8777, 37.3164 ], [ -8.8778, 37.3168 ] ] ], [ [ [ -8.876981927710844, 37.31703614457831 ], [ -8.877, 37.317 ], [ -8.8771, 37.3171 ], [ -8.877090384615387, 37.317109615384616 ], [ -8.876981927710844, 37.31703614457831 ] ] ], [ [ [ -8.8771, 37.317116129032257 ], [ -8.877092592592595, 37.31711111111111 ], [ -8.8771, 37.3171 ], [ -8.8771, 37.317116129032257 ] ] ], [ [ [ -8.8781, 37.3197 ], [ -8.8782, 37.3199 ], [ -8.8781, 37.3199 ], [ -8.878, 37.3197 ], [ -8.8781, 37.3197 ] ] ], [ [ [ -8.8692, 37.2773 ], [ -8.8691, 37.2774 ], [ -8.8691, 37.2773 ], [ -8.8691, 37.2771 ], [ -8.8692, 37.2773 ] ] ], [ [ [ -8.8687, 37.2781 ], [ -8.8687, 37.2779 ], [ -8.8688, 37.2778 ], [ -8.8689, 37.2781 ], [ -8.8687, 37.2781 ] ] ], [ [ [ -8.8694, 37.2783 ], [ -8.869, 37.2782 ], [ -8.8695, 37.2779 ], [ -8.8695, 37.278 ], [ -8.8694, 37.2783 ] ] ], [ [ [ -8.8669, 37.2856 ], [ -8.8668, 37.2857 ], [ -8.8668, 37.2856 ], [ -8.8669, 37.2856 ] ] ], [ [ [ -8.8669, 37.2865 ], [ -8.8671, 37.2865 ], [ -8.8669, 37.2866 ], [ -8.8667, 37.2867 ], [ -8.8669, 37.2865 ] ] ], [ [ [ -8.8674, 37.2866 ], [ -8.8675, 37.2867 ], [ -8.8673, 37.2867 ], [ -8.8673, 37.2866 ], [ -8.8674, 37.2866 ] ] ], [ [ [ -8.8693, 37.2952 ], [ -8.8693, 37.2951 ], [ -8.8694, 37.2951 ], [ -8.8693, 37.2952 ] ] ], [ [ [ -8.8695, 37.2953 ], [ -8.8694, 37.2953 ], [ -8.8694, 37.2952 ], [ -8.8696, 37.2953 ], [ -8.8695, 37.2953 ] ] ], [ [ [ -8.8697, 37.2954 ], [ -8.8697, 37.2953 ], [ -8.8698, 37.2953 ], [ -8.8698, 37.2954 ], [ -8.8697, 37.2954 ] ] ], [ [ [ -8.8747, 37.2989 ], [ -8.8747, 37.2987 ], [ -8.8748, 37.299 ], [ -8.8747, 37.2989 ] ] ], [ [ [ -8.8746, 37.299 ], [ -8.8745, 37.2992 ], [ -8.8743, 37.2993 ], [ -8.8743, 37.299 ], [ -8.8746, 37.299 ] ] ], [ [ [ -8.8731, 37.31 ], [ -8.873, 37.31 ], [ -8.8731, 37.3099 ], [ -8.8731, 37.31 ] ] ], [ [ [ -8.8296, 37.3778 ], [ -8.8297, 37.3777 ], [ -8.8298, 37.3778 ], [ -8.8297, 37.3778 ], [ -8.8296, 37.3778 ] ] ], [ [ [ -8.8298, 37.3779 ], [ -8.8298, 37.3778 ], [ -8.8299, 37.3778 ], [ -8.83, 37.3778 ], [ -8.8298, 37.3779 ] ] ], [ [ [ -8.8297, 37.3788 ], [ -8.8297, 37.3787 ], [ -8.83, 37.3787 ], [ -8.8301, 37.3788 ], [ -8.8297, 37.3788 ] ] ], [ [ [ -8.8298, 37.379 ], [ -8.8296, 37.379 ], [ -8.8297, 37.3789 ], [ -8.8298, 37.3789 ], [ -8.8298, 37.379 ] ] ], [ [ [ -8.8238, 37.3876 ], [ -8.8237, 37.3876 ], [ -8.8236, 37.3875 ], [ -8.8238, 37.3876 ] ] ], [ [ [ -8.8235, 37.3878 ], [ -8.8234, 37.3877 ], [ -8.8233, 37.3876 ], [ -8.8235, 37.3877 ], [ -8.8235, 37.3878 ] ] ], [ [ [ -8.8233, 37.3878 ], [ -8.8232, 37.3878 ], [ -8.8232, 37.3877 ], [ -8.8234, 37.3878 ], [ -8.8233, 37.3878 ] ] ], [ [ [ -8.8227, 37.389 ], [ -8.8227, 37.3889 ], [ -8.8228, 37.3889 ], [ -8.8228, 37.389 ], [ -8.8227, 37.389 ] ] ], [ [ [ -8.8112, 37.4112 ], [ -8.8111, 37.4111 ], [ -8.8114, 37.4109 ], [ -8.8113, 37.4112 ], [ -8.8112, 37.4112 ] ] ], [ [ [ -8.8089, 37.4142 ], [ -8.809, 37.4144 ], [ -8.8089, 37.4143 ], [ -8.8087, 37.4142 ], [ -8.8089, 37.4142 ] ] ], [ [ [ -8.8093, 37.4146 ], [ -8.8095, 37.4148 ], [ -8.8089, 37.4144 ], [ -8.8092, 37.4145 ], [ -8.8093, 37.4146 ] ] ], [ [ [ -8.8088, 37.4148 ], [ -8.8089, 37.4149 ], [ -8.8085, 37.4146 ], [ -8.8086, 37.4146 ], [ -8.8088, 37.4148 ] ] ], [ [ [ -8.8086, 37.4217 ], [ -8.8086, 37.4218 ], [ -8.8085, 37.4217 ], [ -8.8086, 37.4217 ] ] ], [ [ [ -8.8085, 37.4218 ], [ -8.8088, 37.422 ], [ -8.8087, 37.4221 ], [ -8.8083, 37.4218 ], [ -8.8085, 37.4218 ] ] ], [ [ [ -8.8089, 37.4222 ], [ -8.8091, 37.4223 ], [ -8.809, 37.4225 ], [ -8.8089, 37.4223 ], [ -8.8089, 37.4222 ] ] ], [ [ [ -8.809, 37.4225 ], [ -8.809, 37.4226 ], [ -8.8086, 37.4223 ], [ -8.8089, 37.4225 ], [ -8.809, 37.4225 ] ] ], [ [ [ -8.8081, 37.4265 ], [ -8.8081, 37.42655 ], [ -8.808, 37.4265 ], [ -8.8081, 37.4265 ] ] ], [ [ [ -8.8081, 37.42655 ], [ -8.8082, 37.4266 ], [ -8.8081, 37.4266 ], [ -8.8081, 37.42655 ] ] ], [ [ [ -8.8073, 37.4316 ], [ -8.8072, 37.4313 ], [ -8.8074, 37.4312 ], [ -8.8076, 37.4314 ], [ -8.8073, 37.4316 ] ] ], [ [ [ -8.8069, 37.432 ], [ -8.8071, 37.4322 ], [ -8.8069, 37.4325 ], [ -8.8066, 37.4324 ], [ -8.8069, 37.432 ] ] ], [ [ [ -8.8073, 37.4325 ], [ -8.8074, 37.433 ], [ -8.8068, 37.4327 ], [ -8.8069, 37.4325 ], [ -8.8073, 37.4325 ] ] ], [ [ [ -8.6673, 37.0801 ], [ -8.6672, 37.0803 ], [ -8.667, 37.08 ], [ -8.6672, 37.0799 ], [ -8.6673, 37.0801 ] ] ], [ [ [ -8.6665, 37.0802 ], [ -8.6666, 37.0799 ], [ -8.6669, 37.0801 ], [ -8.6669, 37.0803 ], [ -8.6665, 37.0802 ] ] ], [ [ [ -8.6717, 37.0804 ], [ -8.6717, 37.0805 ], [ -8.6715, 37.0805 ], [ -8.6715, 37.0804 ], [ -8.6717, 37.0804 ] ] ], [ [ [ -8.6737, 37.0816 ], [ -8.6736, 37.0817 ], [ -8.6735, 37.0817 ], [ -8.6736, 37.0816 ], [ -8.6737, 37.0816 ] ] ], [ [ [ -8.7371, 37.082 ], [ -8.7369, 37.0822 ], [ -8.7368, 37.0822 ], [ -8.7371, 37.0819 ], [ -8.7371, 37.082 ] ] ], [ [ [ -8.6668, 37.0832 ], [ -8.6667, 37.0834 ], [ -8.6664, 37.0834 ], [ -8.6665, 37.083 ], [ -8.6668, 37.0832 ] ] ], [ [ [ -8.6669, 37.0833 ], [ -8.667, 37.0833 ], [ -8.6669, 37.0834 ], [ -8.6669, 37.0833 ] ] ], [ [ [ -8.6662, 37.0847 ], [ -8.6661, 37.0847 ], [ -8.6662, 37.0846 ], [ -8.6662, 37.0847 ] ] ], [ [ [ -8.6666, 37.086 ], [ -8.6665, 37.086 ], [ -8.6665, 37.0858 ], [ -8.6666, 37.0859 ], [ -8.6666, 37.086 ] ] ], [ [ [ -8.666, 37.0862 ], [ -8.6661, 37.0861 ], [ -8.6662, 37.086 ], [ -8.6662, 37.0862 ], [ -8.666, 37.0862 ] ] ], [ [ [ -8.6661, 37.0864 ], [ -8.666, 37.0864 ], [ -8.666, 37.0863 ], [ -8.6662, 37.0863 ], [ -8.6661, 37.0864 ] ] ], [ [ [ -8.6673, 37.087 ], [ -8.6672, 37.0871 ], [ -8.6671, 37.087 ], [ -8.6673, 37.087 ] ] ], [ [ [ -8.6672, 37.0875 ], [ -8.6671, 37.0872 ], [ -8.6673, 37.0873 ], [ -8.6675, 37.0874 ], [ -8.6672, 37.0875 ] ] ], [ [ [ -8.6671, 37.0882 ], [ -8.6672, 37.0882 ], [ -8.6672, 37.0883 ], [ -8.6671, 37.0882 ] ] ], [ [ [ -8.6683, 37.0883 ], [ -8.6683, 37.0885 ], [ -8.6682, 37.0885 ], [ -8.6682, 37.0883 ], [ -8.6683, 37.0883 ] ] ], [ [ [ -8.6679, 37.0891 ], [ -8.6678, 37.0892 ], [ -8.6678, 37.0891 ], [ -8.6679, 37.0891 ] ] ], [ [ [ -8.6689, 37.091 ], [ -8.6688, 37.091 ], [ -8.6687, 37.0909 ], [ -8.6688, 37.0909 ], [ -8.6689, 37.091 ] ] ], [ [ [ -8.6685, 37.0916 ], [ -8.6687, 37.0917 ], [ -8.6686, 37.0918 ], [ -8.6684, 37.0917 ], [ -8.6685, 37.0916 ] ] ], [ [ [ -8.6661, 37.0921 ], [ -8.6662, 37.092 ], [ -8.6663, 37.0922 ], [ -8.6662, 37.0922 ], [ -8.6661, 37.0921 ] ] ], [ [ [ -8.6682, 37.0924 ], [ -8.6683, 37.0925 ], [ -8.6682, 37.0925 ], [ -8.6682, 37.0924 ] ] ], [ [ [ -8.667, 37.0926 ], [ -8.667, 37.0927 ], [ -8.6669, 37.0926 ], [ -8.667, 37.0926 ] ] ], [ [ [ -8.6674, 37.0927 ], [ -8.6674, 37.0929 ], [ -8.6674, 37.093 ], [ -8.6672, 37.093 ], [ -8.6672, 37.0926 ], [ -8.6674, 37.0927 ] ] ], [ [ [ -8.6675, 37.0929 ], [ -8.6674, 37.0929 ], [ -8.6675, 37.0928 ], [ -8.6675, 37.0929 ] ] ], [ [ [ -8.6668, 37.0954 ], [ -8.6667, 37.0953 ], [ -8.6669, 37.0952 ], [ -8.667, 37.0953 ], [ -8.6668, 37.0954 ] ] ], [ [ [ -8.6661, 37.0956 ], [ -8.6663, 37.0956 ], [ -8.6663, 37.0958 ], [ -8.666, 37.0956 ], [ -8.6661, 37.0956 ] ] ], [ [ [ -8.6679, 37.09835 ], [ -8.6679, 37.0983 ], [ -8.668, 37.0983 ], [ -8.667966666666665, 37.098333333333336 ], [ -8.6679, 37.09835 ] ] ], [ [ [ -8.8069, 37.4332 ], [ -8.8068, 37.4333 ], [ -8.8065, 37.4329 ], [ -8.8066, 37.4329 ], [ -8.8069, 37.4332 ] ] ], [ [ [ -8.8064, 37.4334 ], [ -8.8065, 37.4336 ], [ -8.806, 37.4331 ], [ -8.8061, 37.4331 ], [ -8.8064, 37.4334 ] ] ], [ [ [ -8.8059, 37.4332 ], [ -8.8063, 37.4336 ], [ -8.8064, 37.4338 ], [ -8.8058, 37.4332 ], [ -8.8059, 37.4332 ] ] ], [ [ [ -8.8058, 37.4357 ], [ -8.8057, 37.4358 ], [ -8.8057, 37.4357 ], [ -8.8058, 37.4357 ] ] ], [ [ [ -8.8055, 37.4359 ], [ -8.8056, 37.4359 ], [ -8.8056, 37.436 ], [ -8.8055, 37.4359 ] ] ] ] } },
{ "type": "Feature", "properties": { "name": "Portimão", "region_type": "DOC", "color": "#8bc34a", "island": false, "source": "gisco_nuts3+gadm_level2" }, "geometry": { "type": "MultiPolygon", "coordinates": [ [ [ [ -8.503, 37.1003 ], [ -8.5032, 37.1003 ], [ -8.5035, 37.1005 ], [ -8.5028, 37.1005 ], [ -8.503, 37.1003 ] ] ], [ [ [ -8.5042, 37.1004 ], [ -8.5041, 37.1005 ], [ -8.504, 37.1004 ], [ -8.5041, 37.1004 ], [ -8.5042, 37.1004 ] ] ], [ [ [ -8.5173, 37.1042 ], [ -8.517, 37.1047 ], [ -8.5167, 37.1043 ], [ -8.5167, 37.1042 ], [ -8.5173, 37.1042 ] ] ], [ [ [ -8.5164, 37.1057 ], [ -8.5165, 37.1057 ], [ -8.5165, 37.1058 ], [ -8.5163, 37.1058 ], [ -8.5164, 37.1057 ] ] ], [ [ [ -8.3775, 37.0998 ], [ -8.378, 37.0981 ], [ -8.3819, 37.0984 ], [ -8.3864, 37.0967 ], [ -8.3864, 37.0953 ], [ -8.3898, 37.0957 ], [ -8.3911, 37.0949 ], [ -8.3909, 37.0925 ], [ -8.394, 37.093 ], [ -8.3965, 37.0904 ], [ -8.414, 37.0895 ], [ -8.4161, 37.0871 ], [ -8.4188, 37.0863 ], [ -8.4225, 37.0875 ], [ -8.4367, 37.0853 ], [ -8.4395, 37.0859 ], [ -8.4406, 37.0877 ], [ -8.4426, 37.0859 ], [ -8.4504, 37.0877 ], [ -8.4545, 37.0909 ], [ -8.46, 37.0918 ], [ -8.4603, 37.0933 ], [ -8.4658, 37.0924 ], [ -8.4722, 37.0961 ], [ -8.4758, 37.096 ], [ -8.4792, 37.0984 ], [ -8.4821, 37.0976 ], [ -8.4819, 37.0989 ], [ -8.4857, 37.0999 ], [ -8.5056, 37.1009 ], [ -8.5165, 37.1061 ], [ -8.5194, 37.1052 ], [ -8.5206, 37.1067 ], [ -8.5189, 37.1075 ], [ -8.5199, 37.11 ], [ -8.5279, 37.1084 ], [ -8.525118181818181, 37.110609090909094 ], [ -8.5297, 37.1087 ], [ -8.5295, 37.1157 ], [ -8.534, 37.1174 ], [ -8.5421, 37.118 ], [ -8.543, 37.1162 ], [ -8.5526, 37.1188 ], [ -8.5644, 37.1193 ], [ -8.5664, 37.1175 ], [ -8.5668, 37.1142 ], [ -8.5681, 37.116 ], [ -8.5745, 37.1155 ], [ -8.5801, 37.1191 ], [ -8.601, 37.1229 ], [ -8.6162, 37.1229 ], [ -8.6179, 37.1221 ], [ -8.6185, 37.1185 ], [ -8.619, 37.1215 ], [ -8.6168, 37.124 ], [ -8.6107, 37.124 ], [ -8.6043, 37.1282 ], [ -8.5971, 37.1271 ], [ -8.5949, 37.1415 ], [ -8.5912, 37.1435 ], [ -8.5921, 37.1451 ], [ -8.5899, 37.146 ], [ -8.5899, 37.1501 ], [ -8.5971, 37.1413 ], [ -8.6007, 37.1426 ], [ -8.5979, 37.1385 ], [ -8.5979, 37.1318 ], [ -8.6076, 37.1296 ], [ -8.6207, 37.1318 ], [ -8.6201, 37.1354 ], [ -8.6229, 37.1374 ], [ -8.6217, 37.1419 ], [ -8.6247, 37.144 ], [ -8.6257, 37.1488 ], [ -8.6318, 37.1517 ], [ -8.6356, 37.1615 ], [ -8.6381, 37.1637 ], [ -8.6398, 37.163 ], [ -8.6396, 37.1645 ], [ -8.6441, 37.169 ], [ -8.6473, 37.168 ], [ -8.6448, 37.1691 ], [ -8.6503, 37.1791 ], [ -8.6454, 37.1807 ], [ -8.6509, 37.1884 ], [ -8.6503, 37.192 ], [ -8.6552, 37.1929 ], [ -8.6574, 37.1915 ], [ -8.6622, 37.1944 ], [ -8.6635, 37.1985 ], [ -8.6663, 37.2006 ], [ -8.6722, 37.2003 ], [ -8.6737, 37.2032 ], [ -8.678, 37.2036 ], [ -8.6847, 37.2148 ], [ -8.6816, 37.2176 ], [ -8.6825, 37.2213 ], [ -8.6802, 37.2243 ], [ -8.6774, 37.2229 ], [ -8.6758, 37.2242 ], [ -8.6728, 37.2233 ], [ -8.6716, 37.2271 ], [ -8.6694, 37.2276 ], [ -8.6699, 37.2298 ], [ -8.6672, 37.2365 ], [ -8.6717, 37.24 ], [ -8.6664, 37.2415 ], [ -8.6648, 37.2471 ], [ -8.6625, 37.2484 ], [ -8.6542, 37.2464 ], [ -8.6528, 37.2442 ], [ -8.6542, 37.2428 ], [ -8.6505, 37.2422 ], [ -8.6522, 37.2368 ], [ -8.6504, 37.2316 ], [ -8.6451, 37.2295 ], [ -8.6411, 37.2344 ], [ -8.6389, 37.2348 ], [ -8.6395, 37.2367 ], [ -8.6329, 37.2415 ], [ -8.6306, 37.2477 ], [ -8.632, 37.2537 ], [ -8.6286, 37.2588 ], [ -8.6308, 37.2617 ], [ -8.628, 37.2645 ], [ -8.6217, 37.2666 ], [ -8.6242, 37.2756 ], [ -8.6231, 37.2789 ], [ -8.6202, 37.2771 ], [ -8.6176, 37.2701 ], [ -8.6141, 37.27 ], [ -8.6079, 37.2734 ], [ -8.6025, 37.2667 ], [ -8.5995, 37.2684 ], [ -8.6002, 37.2705 ], [ -8.5972, 37.2777 ], [ -8.5932, 37.2799 ], [ -8.5922, 37.2738 ], [ -8.5889, 37.2702 ], [ -8.5908, 37.2641 ], [ -8.5895, 37.2603 ], [ -8.5843, 37.2572 ], [ -8.5849, 37.2559 ], [ -8.5809, 37.256 ], [ -8.5808, 37.2538 ], [ -8.5784, 37.2543 ], [ -8.5765, 37.2509 ], [ -8.5712, 37.2503 ], [ -8.5683, 37.2478 ], [ -8.5649, 37.249 ], [ -8.5624, 37.2466 ], [ -8.5611, 37.2485 ], [ -8.5627, 37.2506 ], [ -8.5612, 37.2517 ], [ -8.5511, 37.2461 ], [ -8.5473, 37.2463 ], [ -8.5418, 37.2508 ], [ -8.5337, 37.2502 ], [ -8.532754576856648, 37.248948704663214 ], [ -8.5306, 37.2505 ], [ -8.5283, 37.25 ], [ -8.5257, 37.2543 ], [ -8.5138, 37.2491 ], [ -8.5091, 37.2497 ], [ -8.5083, 37.2482 ], [ -8.5125, 37.247 ], [ -8.5121, 37.2444 ], [ -8.5054, 37.2447 ], [ -8.502, 37.2432 ], [ -8.4978, 37.2447 ], [ -8.4967, 37.2457 ], [ -8.4975, 37.2492 ], [ -8.5, 37.2505 ], [ -8.4934, 37.251 ], [ -8.491, 37.2537 ], [ -8.4919, 37.255 ], [ -8.4822, 37.2624 ], [ -8.4824, 37.2654 ], [ -8.4785, 37.2651 ], [ -8.4746, 37.2674 ], [ -8.4746, 37.2708 ], [ -8.4796, 37.2721 ], [ -8.4788, 37.2766 ], [ -8.4759, 37.2791 ], [ -8.4698, 37.2814 ], [ -8.4658, 37.2809 ], [ -8.4629, 37.2832 ], [ -8.4628, 37.2856 ], [ -8.4545, 37.285 ], [ -8.4523, 37.2883 ], [ -8.4497, 37.289 ], [ -8.4465, 37.286 ], [ -8.443, 37.286 ], [ -8.4407, 37.284 ], [ -8.4367, 37.2849 ], [ -8.4396, 37.2914 ], [ -8.4367, 37.2927 ], [ -8.4381, 37.2956 ], [ -8.4351, 37.2983 ], [ -8.4436, 37.3052 ], [ -8.4457, 37.3088 ], [ -8.4439, 37.3116 ], [ -8.4409, 37.3113 ], [ -8.4384, 37.3132 ], [ -8.4414, 37.3179 ], [ -8.4316, 37.3178 ], [ -8.4267, 37.3253 ], [ -8.4284, 37.3267 ], [ -8.4328, 37.326 ], [ -8.4345, 37.3296 ], [ -8.4322, 37.3327 ], [ -8.4281, 37.3342 ], [ -8.4277, 37.3386 ], [ -8.4199, 37.3405 ], [ -8.4258, 37.3487 ], [ -8.4227, 37.3504 ], [ -8.4226, 37.3545 ], [ -8.4213, 37.3554 ], [ -8.4262, 37.3622 ], [ -8.4324, 37.3642 ], [ -8.4371, 37.367 ], [ -8.4367, 37.3684 ], [ -8.4429, 37.3691 ], [ -8.446, 37.3717 ], [ -8.4545, 37.3737 ], [ -8.4503, 37.378 ], [ -8.4508, 37.3831 ], [ -8.4488, 37.3831 ], [ -8.4469, 37.3864 ], [ -8.4443, 37.3821 ], [ -8.4418, 37.3883 ], [ -8.441, 37.3864 ], [ -8.4318, 37.3837 ], [ -8.4279, 37.3855 ], [ -8.4258, 37.3904 ], [ -8.4232, 37.3907 ], [ -8.4216, 37.3951 ], [ -8.4242, 37.4056 ], [ -8.4233, 37.4077 ], [ -8.4251, 37.4104 ], [ -8.4195, 37.4094 ], [ -8.4182, 37.4114 ], [ -8.42, 37.4152 ], [ -8.4184, 37.4189 ], [ -8.4081, 37.4191 ], [ -8.4068, 37.4243 ], [ -8.4012, 37.4241 ], [ -8.4005, 37.4261 ], [ -8.3955, 37.4256 ], [ -8.3943, 37.4275 ], [ -8.3869, 37.4249 ], [ -8.3855, 37.4286 ], [ -8.3801, 37.4255 ], [ -8.3779, 37.4273 ], [ -8.3722, 37.4262 ], [ -8.3685, 37.4281 ], [ -8.3666, 37.4319 ], [ -8.3642, 37.4303 ], [ -8.3573, 37.4328 ], [ -8.3575, 37.4286 ], [ -8.3501, 37.4292 ], [ -8.3463, 37.4262 ], [ -8.343, 37.4257 ], [ -8.3364, 37.4333 ], [ -8.3351, 37.4308 ], [ -8.3319, 37.4293 ], [ -8.3315, 37.4239 ], [ -8.3291, 37.4233 ], [ -8.3279, 37.4254 ], [ -8.3214, 37.4291 ], [ -8.3209, 37.4356 ], [ -8.3197, 37.4392 ], [ -8.3182, 37.4394 ], [ -8.3138, 37.4365 ], [ -8.3135, 37.4334 ], [ -8.3106, 37.4332 ], [ -8.3098, 37.4316 ], [ -8.3028, 37.4317 ], [ -8.302, 37.4343 ], [ -8.2959, 37.4333 ], [ -8.2958, 37.4311 ], [ -8.292, 37.4299 ], [ -8.2908, 37.4318 ], [ -8.2856, 37.4313 ], [ -8.2776, 37.425 ], [ -8.2792, 37.4221 ], [ -8.278, 37.42 ], [ -8.2797, 37.4181 ], [ -8.2779, 37.4166 ], [ -8.2784, 37.4137 ], [ -8.2646, 37.4081 ], [ -8.2757, 37.4027 ], [ -8.2748, 37.3954 ], [ -8.2734, 37.3947 ], [ -8.2756, 37.3931 ], [ -8.2746, 37.3882 ], [ -8.2756, 37.3872 ], [ -8.2702, 37.3879 ], [ -8.2669, 37.384 ], [ -8.2638, 37.3843 ], [ -8.2628, 37.3872 ], [ -8.2592, 37.388 ], [ -8.2486, 37.3848 ], [ -8.2459, 37.3777 ], [ -8.2399, 37.3763 ], [ -8.2393, 37.3737 ], [ -8.2332, 37.3707 ], [ -8.2306, 37.3675 ], [ -8.226, 37.3688 ], [ -8.2167, 37.3596 ], [ -8.2078, 37.3545 ], [ -8.1992, 37.3544 ], [ -8.1986, 37.3531 ], [ -8.2011, 37.3509 ], [ -8.1958, 37.3456 ], [ -8.1872, 37.3411 ], [ -8.1892, 37.3377 ], [ -8.1864, 37.333 ], [ -8.1915, 37.328 ], [ -8.1985, 37.3242 ], [ -8.1978, 37.3188 ], [ -8.1931, 37.3164 ], [ -8.1894, 37.3069 ], [ -8.1825, 37.3008 ], [ -8.1804, 37.3007 ], [ -8.1806, 37.2972 ], [ -8.1769, 37.295 ], [ -8.186, 37.2891 ], [ -8.1979, 37.2895 ], [ -8.1978, 37.2856 ], [ -8.2013, 37.2852 ], [ -8.2011, 37.2829 ], [ -8.2027, 37.2825 ], [ -8.2052, 37.2764 ], [ -8.209, 37.275 ], [ -8.2117, 37.2702 ], [ -8.2149, 37.2685 ], [ -8.2158, 37.2626 ], [ -8.2183, 37.2604 ], [ -8.2182, 37.2566 ], [ -8.2215, 37.2504 ], [ -8.2248, 37.2509 ], [ -8.2234, 37.2444 ], [ -8.2277, 37.2434 ], [ -8.2295, 37.24 ], [ -8.232, 37.2168 ], [ -8.2339, 37.2163 ], [ -8.2359, 37.2054 ], [ -8.2391, 37.1977 ], [ -8.2424, 37.1961 ], [ -8.2421, 37.1926 ], [ -8.2455, 37.1921 ], [ -8.2468, 37.174 ], [ -8.2486, 37.1739 ], [ -8.247, 37.1693 ], [ -8.2484, 37.1692 ], [ -8.2485, 37.164 ], [ -8.2432, 37.1591 ], [ -8.2428, 37.1542 ], [ -8.2411, 37.1523 ], [ -8.2436, 37.1486 ], [ -8.249, 37.145 ], [ -8.2547, 37.1459 ], [ -8.2548, 37.1445 ], [ -8.2625, 37.144 ], [ -8.2675, 37.141 ], [ -8.2733, 37.142 ], [ -8.2751, 37.1441 ], [ -8.2841, 37.1449 ], [ -8.2866, 37.1428 ], [ -8.2889, 37.144 ], [ -8.3085, 37.1409 ], [ -8.308, 37.1392 ], [ -8.3101, 37.1393 ], [ -8.3164, 37.126 ], [ -8.318, 37.1162 ], [ -8.3275, 37.1044 ], [ -8.3296, 37.0886 ], [ -8.3523, 37.0988 ], [ -8.3694, 37.1017 ], [ -8.3775, 37.0998 ] ], [ [ -8.5337, 37.2311 ], [ -8.533325739320921, 37.231063307776559 ], [ -8.5335, 37.2342 ], [ -8.5337, 37.2311 ] ], [ [ -8.523695343680714, 37.23278957871397 ], [ -8.5241, 37.233 ], [ -8.5286, 37.2306 ], [ -8.523695343680714, 37.23278957871397 ] ], [ [ -8.5213, 37.2249 ], [ -8.5192, 37.2241 ], [ -8.521327272727273, 37.225518181818188 ], [ -8.5213, 37.2249 ] ], [ [ -8.485868328445749, 37.181834897360702 ], [ -8.4859, 37.1825 ], [ -8.4972, 37.1925 ], [ -8.485868328445749, 37.181834897360702 ] ], [ [ -8.485679289780428, 37.176084765519114 ], [ -8.4856, 37.1762 ], [ -8.485628057553956, 37.176789208633096 ], [ -8.485679289780428, 37.176084765519114 ] ], [ [ -8.4549, 37.1495 ], [ -8.451, 37.1495 ], [ -8.4532, 37.1505 ], [ -8.45498789808917, 37.149563481953294 ], [ -8.4549, 37.1495 ] ], [ [ -8.5245, 37.1111 ], [ -8.5239, 37.1149 ], [ -8.524875820379966, 37.110801554404148 ], [ -8.5245, 37.1111 ] ], [ [ -8.526, 37.127 ], [ -8.5319, 37.1329 ], [ -8.525992207547169, 37.126314264150942 ], [ -8.526, 37.127 ] ], [ [ -8.505390023529412, 37.162628141176469 ], [ -8.5056, 37.1626 ], [ -8.505, 37.152 ], [ -8.505390023529412, 37.162628141176469 ] ], [ [ -8.4931, 37.1653 ], [ -8.492771875, 37.165776875 ], [ -8.493791566265056, 37.165165060240966 ], [ -8.4931, 37.1653 ] ], [ [ -8.4154, 37.0886 ], [ -8.4153, 37.0885 ], [ -8.4152, 37.0886 ], [ -8.4154, 37.0887 ], [ -8.4154, 37.0886 ] ] ], [ [ [ -8.4404, 37.0867 ], [ -8.4405, 37.0868 ], [ -8.4403, 37.0868 ], [ -8.4403, 37.0867 ], [ -8.4404, 37.0867 ] ] ], [ [ [ -8.4147, 37.0885 ], [ -8.4147, 37.0886 ], [ -8.4145, 37.0885 ], [ -8.4146, 37.0884 ], [ -8.4147, 37.0885 ] ] ], [ [ [ -8.4017, 37.0895 ], [ -8.4017, 37.0898 ], [ -8.4015, 37.0899 ], [ -8.4016, 37.0894 ], [ -8.4017, 37.0895 ] ] ], [ [ [ -8.3962, 37.0906 ], [ -8.3961, 37.0905 ], [ -8.3962, 37.0905 ], [ -8.3962, 37.0906 ] ] ], [ [ [ -8.3942, 37.0915 ], [ -8.3942, 37.0917 ], [ -8.3942, 37.0919 ], [ -8.394, 37.0917 ], [ -8.3942, 37.0915 ] ] ] ] } },
{ "type": "Feature", "properties": { "name": "Lagoa", "region_type": "DOC", "color": "#009688", "island": false, "source": "gisco_nuts3+gadm_level2" }, "geometry": { "type": "MultiPolygon", "coordinates": [ [ [ [ -8.503, 37.1003 ], [ -8.5032, 37.1003 ], [ -8.5035, 37.1005 ], [ -8.5028, 37.1005 ], [ -8.503, 37.1003 ] ] ], [ [ [ -8.5042, 37.1004 ], [ -8.5041, 37.1005 ], [ -8.504, 37.1004 ], [ -8.5041, 37.1004 ], [ -8.5042, 37.1004 ] ] ], [ [ [ -8.5173, 37.1042 ], [ -8.517, 37.1047 ], [ -8.5167, 37.1043 ], [ -8.5167, 37.1042 ], [ -8.5173, 37.1042 ] ] ], [ [ [ -8.5164, 37.1057 ], [ -8.5165, 37.1057 ], [ -8.5165, 37.1058 ], [ -8.5163, 37.1058 ], [ -8.5164, 37.1057 ] ] ], [ [ [ -8.3775, 37.0998 ], [ -8.378, 37.0981 ], [ -8.3819, 37.0984 ], [ -8.3864, 37.0967 ], [ -8.3864, 37.0953 ], [ -8.3898, 37.0957 ], [ -8.3911, 37.0949 ], [ -8.3909, 37.0925 ], [ -8.394, 37.093 ], [ -8.3965, 37.0904 ], [ -8.414, 37.0895 ], [ -8.4161, 37.0871 ], [ -8.4188, 37.0863 ], [ -8.4225, 37.0875 ], [ -8.4367, 37.0853 ], [ -8.4395, 37.0859 ], [ -8.4406, 37.0877 ], [ -8.4426, 37.0859 ], [ -8.4504, 37.0877 ], [ -8.4545, 37.0909 ], [ -8.46, 37.0918 ], [ -8.4603, 37.0933 ], [ -8.4658, 37.0924 ], [ -8.4722, 37.0961 ], [ -8.4758, 37.096 ], [ -8.4792, 37.0984 ], [ -8.4821, 37.0976 ], [ -8.4819, 37.0989 ], [ -8.4857, 37.0999 ], [ -8.5056, 37.1009 ], [ -8.5165, 37.1061 ], [ -8.5194, 37.1052 ], [ -8.5206, 37.1067 ], [ -8.5189, 37.1075 ], [ -8.5199, 37.11 ], [ -8.5279, 37.1084 ], [ -8.525118181818181, 37.110609090909094 ], [ -8.5297, 37.1087 ], [ -8.5295, 37.1157 ], [ -8.534, 37.1174 ], [ -8.5421, 37.118 ], [ -8.543, 37.1162 ], [ -8.5526, 37.1188 ], [ -8.5644, 37.1193 ], [ -8.5664, 37.1175 ], [ -8.5668, 37.1142 ], [ -8.5681, 37.116 ], [ -8.5745, 37.1155 ], [ -8.5801, 37.1191 ], [ -8.601, 37.1229 ], [ -8.6162, 37.1229 ], [ -8.6179, 37.1221 ], [ -8.6185, 37.1185 ], [ -8.619, 37.1215 ], [ -8.6168, 37.124 ], [ -8.6107, 37.124 ], [ -8.6043, 37.1282 ], [ -8.5971, 37.1271 ], [ -8.5949, 37.1415 ], [ -8.5912, 37.1435 ], [ -8.5921, 37.1451 ], [ -8.5899, 37.146 ], [ -8.5899, 37.1501 ], [ -8.5971, 37.1413 ], [ -8.6007, 37.1426 ], [ -8.5979, 37.1385 ], [ -8.5979, 37.1318 ], [ -8.6076, 37.1296 ], [ -8.6207, 37.1318 ], [ -8.6201, 37.1354 ], [ -8.6229, 37.1374 ], [ -8.6217, 37.1419 ], [ -8.6247, 37.144 ], [ -8.6257, 37.1488 ], [ -8.6318, 37.1517 ], [ -8.6356, 37.1615 ], [ -8.6381, 37.1637 ], [ -8.6398, 37.163 ], [ -8.6396, 37.1645 ], [ -8.6441, 37.169 ], [ -8.6473, 37.168 ], [ -8.6448, 37.1691 ], [ -8.6503, 37.1791 ], [ -8.6454, 37.1807 ], [ -8.6509, 37.1884 ], [ -8.6503, 37.192 ], [ -8.6552, 37.1929 ], [ -8.6574, 37.1915 ], [ -8.6622, 37.1944 ], [ -8.6635, 37.1985 ], [ -8.6663, 37.2006 ], [ -8.6722, 37.2003 ], [ -8.6737, 37.2032 ], [ -8.678, 37.2036 ], [ -8.6847, 37.2148 ], [ -8.6816, 37.2176 ], [ -8.6825, 37.2213 ], [ -8.6802, 37.2243 ], [ -8.6774, 37.2229 ], [ -8.6758, 37.2242 ], [ -8.6728, 37.2233 ], [ -8.6716, 37.2271 ], [ -8.6694, 37.2276 ], [ -8.6699, 37.2298 ], [ -8.6672, 37.2365 ], [ -8.6717, 37.24 ], [ -8.6664, 37.2415 ], [ -8.6648, 37.2471 ], [ -8.6625, 37.2484 ], [ -8.6542, 37.2464 ], [ -8.6528, 37.2442 ], [ -8.6542, 37.2428 ], [ -8.6505, 37.2422 ], [ -8.6522, 37.2368 ], [ -8.6504, 37.2316 ], [ -8.6451, 37.2295 ], [ -8.6411, 37.2344 ], [ -8.6389, 37.2348 ], [ -8.6395, 37.2367 ], [ -8.6329, 37.2415 ], [ -8.6306, 37.2477 ], [ -8.632, 37.2537 ], [ -8.6286, 37.2588 ], [ -8.6308, 37.2617 ], [ -8.628, 37.2645 ], [ -8.6217, 37.2666 ], [ -8.6242, 37.2756 ], [ -8.6231, 37.2789 ], [ -8.6202, 37.2771 ], [ -8.6176, 37.2701 ], [ -8.6141, 37.27 ], [ -8.6079, 37.2734 ], [ -8.6025, 37.2667 ], [ -8.5995, 37.2684 ], [ -8.6002, 37.2705 ], [ -8.5972, 37.2777 ], [ -8.5932, 37.2799 ], [ -8.5922, 37.2738 ], [ -8.5889, 37.2702 ], [ -8.5908, 37.2641 ], [ -8.5895, 37.2603 ], [ -8.5843, 37.2572 ], [ -8.5849, 37.2559 ], [ -8.5809, 37.256 ], [ -8.5808, 37.2538 ], [ -8.5784, 37.2543 ], [ -8.5765, 37.2509 ], [ -8.5712, 37.2503 ], [ -8.5683, 37.2478 ], [ -8.5649, 37.249 ], [ -8.5624, 37.2466 ], [ -8.5611, 37.2485 ], [ -8.5627, 37.2506 ], [ -8.5612, 37.2517 ], [ -8.5511, 37.2461 ], [ -8.5473, 37.2463 ], [ -8.5418, 37.2508 ], [ -8.5337, 37.2502 ], [ -8.532754576856648, 37.248948704663214 ], [ -8.5306, 37.2505 ], [ -8.5283, 37.25 ], [ -8.5257, 37.2543 ], [ -8.5138, 37.2491 ], [ -8.5091, 37.2497 ], [ -8.5083, 37.2482 ], [ -8.5125, 37.247 ], [ -8.5121, 37.2444 ], [ -8.5054, 37.2447 ], [ -8.502, 37.2432 ], [ -8.4978, 37.2447 ], [ -8.4967, 37.2457 ], [ -8.4975, 37.2492 ], [ -8.5, 37.2505 ], [ -8.4934, 37.251 ], [ -8.491, 37.2537 ], [ -8.4919, 37.255 ], [ -8.4822, 37.2624 ], [ -8.4824, 37.2654 ], [ -8.4785, 37.2651 ], [ -8.4746, 37.2674 ], [ -8.4746, 37.2708 ], [ -8.4796, 37.2721 ], [ -8.4788, 37.2766 ], [ -8.4759, 37.2791 ], [ -8.4698, 37.2814 ], [ -8.4658, 37.2809 ], [ -8.4629, 37.2832 ], [ -8.4628, 37.2856 ], [ -8.4545, 37.285 ], [ -8.4523, 37.2883 ], [ -8.4497, 37.289 ], [ -8.4465, 37.286 ], [ -8.443, 37.286 ], [ -8.4407, 37.284 ], [ -8.4367, 37.2849 ], [ -8.4396, 37.2914 ], [ -8.4367, 37.2927 ], [ -8.4381, 37.2956 ], [ -8.4351, 37.2983 ], [ -8.4436, 37.3052 ], [ -8.4457, 37.3088 ], [ -8.4439, 37.3116 ], [ -8.4409, 37.3113 ], [ -8.4384, 37.3132 ], [ -8.4414, 37.3179 ], [ -8.4316, 37.3178 ], [ -8.4267, 37.3253 ], [ -8.4284, 37.3267 ], [ -8.4328, 37.326 ], [ -8.4345, 37.3296 ], [ -8.4322, 37.3327 ], [ -8.4281, 37.3342 ], [ -8.4277, 37.3386 ], [ -8.4199, 37.3405 ], [ -8.4258, 37.3487 ], [ -8.4227, 37.3504 ], [ -8.4226, 37.3545 ], [ -8.4213, 37.3554 ], [ -8.4262, 37.3622 ], [ -8.4324, 37.3642 ], [ -8.4371, 37.367 ], [ -8.4367, 37.3684 ], [ -8.4429, 37.3691 ], [ -8.446, 37.3717 ], [ -8.4545, 37.3737 ], [ -8.4503, 37.378 ], [ -8.4508, 37.3831 ], [ -8.4488, 37.3831 ], [ -8.4469, 37.3864 ], [ -8.4443, 37.3821 ], [ -8.4418, 37.3883 ], [ -8.441, 37.3864 ], [ -8.4318, 37.3837 ], [ -8.4279, 37.3855 ], [ -8.4258, 37.3904 ], [ -8.4232, 37.3907 ], [ -8.4216, 37.3951 ], [ -8.4242, 37.4056 ], [ -8.4233, 37.4077 ], [ -8.4251, 37.4104 ], [ -8.4195, 37.4094 ], [ -8.4182, 37.4114 ], [ -8.42, 37.4152 ], [ -8.4184, 37.4189 ], [ -8.4081, 37.4191 ], [ -8.4068, 37.4243 ], [ -8.4012, 37.4241 ], [ -8.4005, 37.4261 ], [ -8.3955, 37.4256 ], [ -8.3943, 37.4275 ], [ -8.3869, 37.4249 ], [ -8.3855, 37.4286 ], [ -8.3801, 37.4255 ], [ -8.3779, 37.4273 ], [ -8.3722, 37.4262 ], [ -8.3685, 37.4281 ], [ -8.3666, 37.4319 ], [ -8.3642, 37.4303 ], [ -8.3573, 37.4328 ], [ -8.3575, 37.4286 ], [ -8.3501, 37.4292 ], [ -8.3463, 37.4262 ], [ -8.343, 37.4257 ], [ -8.3364, 37.4333 ], [ -8.3351, 37.4308 ], [ -8.3319, 37.4293 ], [ -8.3315, 37.4239 ], [ -8.3291, 37.4233 ], [ -8.3279, 37.4254 ], [ -8.3214, 37.4291 ], [ -8.3209, 37.4356 ], [ -8.3197, 37.4392 ], [ -8.3182, 37.4394 ], [ -8.3138, 37.4365 ], [ -8.3135, 37.4334 ], [ -8.3106, 37.4332 ], [ -8.3098, 37.4316 ], [ -8.3028, 37.4317 ], [ -8.302, 37.4343 ], [ -8.2959, 37.4333 ], [ -8.2958, 37.4311 ], [ -8.292, 37.4299 ], [ -8.2908, 37.4318 ], [ -8.2856, 37.4313 ], [ -8.2776, 37.425 ], [ -8.2792, 37.4221 ], [ -8.278, 37.42 ], [ -8.2797, 37.4181 ], [ -8.2779, 37.4166 ], [ -8.2784, 37.4137 ], [ -8.2646, 37.4081 ], [ -8.2757, 37.4027 ], [ -8.2748, 37.3954 ], [ -8.2734, 37.3947 ], [ -8.2756, 37.3931 ], [ -8.2746, 37.3882 ], [ -8.2756, 37.3872 ], [ -8.2702, 37.3879 ], [ -8.2669, 37.384 ], [ -8.2638, 37.3843 ], [ -8.2628, 37.3872 ], [ -8.2592, 37.388 ], [ -8.2486, 37.3848 ], [ -8.2459, 37.3777 ], [ -8.2399, 37.3763 ], [ -8.2393, 37.3737 ], [ -8.2332, 37.3707 ], [ -8.2306, 37.3675 ], [ -8.226, 37.3688 ], [ -8.2167, 37.3596 ], [ -8.2078, 37.3545 ], [ -8.1992, 37.3544 ], [ -8.1986, 37.3531 ], [ -8.2011, 37.3509 ], [ -8.1958, 37.3456 ], [ -8.1872, 37.3411 ], [ -8.1892, 37.3377 ], [ -8.1864, 37.333 ], [ -8.1915, 37.328 ], [ -8.1985, 37.3242 ], [ -8.1978, 37.3188 ], [ -8.1931, 37.3164 ], [ -8.1894, 37.3069 ], [ -8.1825, 37.3008 ], [ -8.1804, 37.3007 ], [ -8.1806, 37.2972 ], [ -8.1769, 37.295 ], [ -8.186, 37.2891 ], [ -8.1979, 37.2895 ], [ -8.1978, 37.2856 ], [ -8.2013, 37.2852 ], [ -8.2011, 37.2829 ], [ -8.2027, 37.2825 ], [ -8.2052, 37.2764 ], [ -8.209, 37.275 ], [ -8.2117, 37.2702 ], [ -8.2149, 37.2685 ], [ -8.2158, 37.2626 ], [ -8.2183, 37.2604 ], [ -8.2182, 37.2566 ], [ -8.2215, 37.2504 ], [ -8.2248, 37.2509 ], [ -8.2234, 37.2444 ], [ -8.2277, 37.2434 ], [ -8.2295, 37.24 ], [ -8.232, 37.2168 ], [ -8.2339, 37.2163 ], [ -8.2359, 37.2054 ], [ -8.2391, 37.1977 ], [ -8.2424, 37.1961 ], [ -8.2421, 37.1926 ], [ -8.2455, 37.1921 ], [ -8.2468, 37.174 ], [ -8.2486, 37.1739 ], [ -8.247, 37.1693 ], [ -8.2484, 37.1692 ], [ -8.2485, 37.164 ], [ -8.2432, 37.1591 ], [ -8.2428, 37.1542 ], [ -8.2411, 37.1523 ], [ -8.2436, 37.1486 ], [ -8.249, 37.145 ], [ -8.2547, 37.1459 ], [ -8.2548, 37.1445 ], [ -8.2625, 37.144 ], [ -8.2675, 37.141 ], [ -8.2733, 37.142 ], [ -8.2751, 37.1441 ], [ -8.2841, 37.1449 ], [ -8.2866, 37.1428 ], [ -8.2889, 37.144 ], [ -8.3085, 37.1409 ], [ -8.308, 37.1392 ], [ -8.3101, 37.1393 ], [ -8.3164, 37.126 ], [ -8.318, 37.1162 ], [ -8.3275, 37.1044 ], [ -8.3296, 37.0886 ], [ -8.3523, 37.0988 ], [ -8.3694, 37.1017 ], [ -8.3775, 37.0998 ] ], [ [ -8.5337, 37.2311 ], [ -8.533325739320921, 37.231063307776559 ], [ -8.5335, 37.2342 ], [ -8.5337, 37.2311 ] ], [ [ -8.523695343680714, 37.23278957871397 ], [ -8.5241, 37.233 ], [ -8.5286, 37.2306 ], [ -8.523695343680714, 37.23278957871397 ] ], [ [ -8.5213, 37.2249 ], [ -8.5192, 37.2241 ], [ -8.521327272727273, 37.225518181818188 ], [ -8.5213, 37.2249 ] ], [ [ -8.485868328445749, 37.181834897360702 ], [ -8.4859, 37.1825 ], [ -8.4972, 37.1925 ], [ -8.485868328445749, 37.181834897360702 ] ], [ [ -8.485679289780428, 37.176084765519114 ], [ -8.4856, 37.1762 ], [ -8.485628057553956, 37.176789208633096 ], [ -8.485679289780428, 37.176084765519114 ] ], [ [ -8.4549, 37.1495 ], [ -8.451, 37.1495 ], [ -8.4532, 37.1505 ], [ -8.45498789808917, 37.149563481953294 ], [ -8.4549, 37.1495 ] ], [ [ -8.5245, 37.1111 ], [ -8.5239, 37.1149 ], [ -8.524875820379966, 37.110801554404148 ], [ -8.5245, 37.1111 ] ], [ [ -8.526, 37.127 ], [ -8.5319, 37.1329 ], [ -8.525992207547169, 37.126314264150942 ], [ -8.526, 37.127 ] ], [ [ -8.505390023529412, 37.162628141176469 ], [ -8.5056, 37.1626 ], [ -8.505, 37.152 ], [ -8.505390023529412, 37.162628141176469 ] ], [ [ -8.4931, 37.1653 ], [ -8.492771875, 37.165776875 ], [ -8.493791566265056, 37.165165060240966 ], [ -8.4931, 37.1653 ] ], [ [ -8.4154, 37.0886 ], [ -8.4153, 37.0885 ], [ -8.4152, 37.0886 ], [ -8.4154, 37.0887 ], [ -8.4154, 37.0886 ] ] ], [ [ [ -8.4404, 37.0867 ], [ -8.4405, 37.0868 ], [ -8.4403, 37.0868 ], [ -8.4403, 37.0867 ], [ -8.4404, 37.0867 ] ] ], [ [ [ -8.4147, 37.0885 ], [ -8.4147, 37.0886 ], [ -8.4145, 37.0885 ], [ -8.4146, 37.0884 ], [ -8.4147, 37.0885 ] ] ], [ [ [ -8.4017, 37.0895 ], [ -8.4017, 37.0898 ], [ -8.4015, 37.0899 ], [ -8.4016, 37.0894 ], [ -8.4017, 37.0895 ] ] ], [ [ [ -8.3962, 37.0906 ], [ -8.3961, 37.0905 ], [ -8.3962, 37.0905 ], [ -8.3962, 37.0906 ] ] ], [ [ [ -8.3942, 37.0915 ], [ -8.3942, 37.0917 ], [ -8.3942, 37.0919 ], [ -8.394, 37.0917 ], [ -8.3942, 37.0915 ] ] ] ] } },
{ "type": "Feature", "properties": { "name": "Tavira", "region_type": "DOC", "color": "#cddc39", "island": false, "source": "gisco_nuts3+gadm_level2" }, "geometry": { "type": "MultiPolygon", "coordinates": [ [ [ [ -7.8815, 36.9735 ], [ -7.8799, 36.9707 ], [ -7.881, 36.9687 ], [ -7.8849, 36.9693 ], [ -7.884, 36.9721 ], [ -7.8815, 36.9735 ] ] ], [ [ [ -7.819, 37.0032 ], [ -7.8151, 37.0015 ], [ -7.809, 37.004 ], [ -7.8079, 37.0018 ], [ -7.8146, 36.996 ], [ -7.8596, 36.9771 ], [ -7.8615, 36.9743 ], [ -7.8657, 36.9726 ], [ -7.8657, 36.9688 ], [ -7.8679, 36.9635 ], [ -7.8696, 36.9626 ], [ -7.8668, 36.9688 ], [ -7.8674, 36.9763 ], [ -7.8576, 36.9835 ], [ -7.8554, 36.9885 ], [ -7.8474, 36.9946 ], [ -7.8329, 36.9993 ], [ -7.8301, 37.0038 ], [ -7.8246, 37.0038 ], [ -7.8218, 37.0032 ], [ -7.8224, 37.0015 ], [ -7.821, 37.0004 ], [ -7.819, 37.0032 ] ] ], [ [ [ -7.9604, 36.986 ], [ -7.9543, 36.9815 ], [ -7.9532, 36.9799 ], [ -7.9629, 36.9868 ], [ -7.9604, 36.986 ] ] ], [ [ [ -7.9271, 36.9951 ], [ -7.9279, 36.9888 ], [ -7.9271, 36.9915 ], [ -7.9254, 36.9921 ], [ -7.9268, 36.996 ], [ -7.926, 36.9979 ], [ -7.9224, 36.9996 ], [ -7.9165, 36.9993 ], [ -7.9099, 36.991 ], [ -7.9004, 36.9874 ], [ -7.8946, 36.9813 ], [ -7.901, 36.9799 ], [ -7.8929, 36.9782 ], [ -7.8849, 36.974 ], [ -7.886, 36.9715 ], [ -7.8982, 36.9676 ], [ -7.9037, 36.9682 ], [ -7.9051, 36.9701 ], [ -7.9085, 36.9707 ], [ -7.906, 36.9676 ], [ -7.8968, 36.9665 ], [ -7.8862, 36.9699 ], [ -7.8851, 36.9679 ], [ -7.881, 36.9671 ], [ -7.8754, 36.9704 ], [ -7.8718, 36.9685 ], [ -7.8704, 36.9635 ], [ -7.8743, 36.9646 ], [ -7.8887, 36.961 ], [ -7.9251, 36.9693 ], [ -7.926, 36.9724 ], [ -7.9321, 36.9749 ], [ -7.9332, 36.9801 ], [ -7.9368, 36.9799 ], [ -7.9338, 36.9835 ], [ -7.9379, 36.9813 ], [ -7.9471, 36.9821 ], [ -7.9485, 36.9851 ], [ -7.9529, 36.9874 ], [ -7.9526, 36.9885 ], [ -7.9487, 36.9885 ], [ -7.9485, 36.9901 ], [ -7.9562, 36.9896 ], [ -7.961, 36.991 ], [ -7.9613, 36.9949 ], [ -7.9649, 36.9949 ], [ -7.9643, 37.0007 ], [ -7.9674, 36.9987 ], [ -7.9679, 36.9963 ], [ -7.9735, 36.9974 ], [ -7.9785, 37.0007 ], [ -7.9776, 37.0029 ], [ -7.9743, 37.0046 ], [ -7.9668, 37.0035 ], [ -7.959, 37.0057 ], [ -7.9487, 37.006 ], [ -7.9468, 37.0049 ], [ -7.9399, 37.006 ], [ -7.9396, 37.0021 ], [ -7.9354, 36.9971 ], [ -7.9271, 36.9951 ] ] ], [ [ [ -7.9049, 36.9938 ], [ -7.9049, 36.9935 ], [ -7.9012, 36.9918 ], [ -7.9054, 36.9924 ], [ -7.9071, 36.9943 ], [ -7.9049, 36.9938 ] ] ], [ [ [ -7.8604, 36.9915 ], [ -7.8607, 36.9932 ], [ -7.8621, 36.9885 ], [ -7.8646, 36.986 ], [ -7.8687, 36.9863 ], [ -7.876, 36.9901 ], [ -7.879, 36.994 ], [ -7.8788, 36.9965 ], [ -7.874, 36.9985 ], [ -7.8693, 37.0057 ], [ -7.8632, 37.0051 ], [ -7.8626, 36.9999 ], [ -7.8554, 36.9968 ], [ -7.8576, 36.9924 ], [ -7.8604, 36.9915 ] ] ], [ [ [ -7.9668, 36.9896 ], [ -7.9746, 36.9932 ], [ -8.0003, 37.0104 ], [ -7.9979, 37.0113 ], [ -7.9871, 37.0049 ], [ -7.9776, 36.9968 ], [ -7.9693, 36.9926 ], [ -7.9668, 36.9896 ] ] ], [ [ [ -7.8104, 37.0065 ], [ -7.8101, 37.0057 ], [ -7.8143, 37.0046 ], [ -7.8121, 37.0071 ], [ -7.8104, 37.0065 ] ] ], [ [ [ -7.8643, 37.0062 ], [ -7.8665, 37.0074 ], [ -7.8624, 37.0071 ], [ -7.8624, 37.0065 ], [ -7.8643, 37.0062 ] ] ], [ [ [ -7.8187, 37.0113 ], [ -7.8196, 37.0096 ], [ -7.8407, 37.0046 ], [ -7.8512, 36.999 ], [ -7.8576, 37.0013 ], [ -7.8582, 37.009 ], [ -7.8554, 37.0113 ], [ -7.8446, 37.0168 ], [ -7.8393, 37.0174 ], [ -7.8279, 37.0251 ], [ -7.8154, 37.0268 ], [ -7.8104, 37.0249 ], [ -7.8115, 37.0182 ], [ -7.8065, 37.0132 ], [ -7.8121, 37.0137 ], [ -7.8187, 37.0113 ] ] ], [ [ [ -7.8754, 36.9987 ], [ -7.8807, 37.0024 ], [ -7.8835, 37.0018 ], [ -7.8782, 36.999 ], [ -7.8801, 36.9949 ], [ -7.8782, 36.9907 ], [ -7.8699, 36.9857 ], [ -7.8788, 36.9818 ], [ -7.8882, 36.9821 ], [ -7.8965, 36.991 ], [ -7.9096, 36.9957 ], [ -7.911, 37.0004 ], [ -7.9132, 37.0001 ], [ -7.9154, 37.0021 ], [ -7.9207, 37.0032 ], [ -7.9279, 36.999 ], [ -7.934, 36.999 ], [ -7.9382, 37.0029 ], [ -7.9374, 37.0057 ], [ -7.9407, 37.0099 ], [ -7.9454, 37.006 ], [ -7.9593, 37.0071 ], [ -7.9682, 37.0049 ], [ -7.974, 37.0062 ], [ -7.9785, 37.0032 ], [ -7.9818, 37.0032 ], [ -7.9969, 37.0126 ], [ -7.9909, 37.0166 ], [ -7.9924, 37.0458 ], [ -7.9892, 37.0544 ], [ -7.9809, 37.0505 ], [ -7.9787, 37.0533 ], [ -7.9777, 37.0598 ], [ -7.9811, 37.0624 ], [ -7.9739, 37.0654 ], [ -7.9734, 37.0635 ], [ -7.9715, 37.0643 ], [ -7.9642, 37.0595 ], [ -7.9635, 37.0636 ], [ -7.9621, 37.0618 ], [ -7.9585, 37.0624 ], [ -7.9577, 37.0645 ], [ -7.9554, 37.0648 ], [ -7.9551, 37.0681 ], [ -7.9494, 37.0687 ], [ -7.9464, 37.0737 ], [ -7.952, 37.0745 ], [ -7.9596, 37.0775 ], [ -7.9598, 37.079 ], [ -7.9632, 37.0788 ], [ -7.9636, 37.0811 ], [ -7.9678, 37.0809 ], [ -7.9694, 37.0855 ], [ -7.9764, 37.0924 ], [ -7.9867, 37.0932 ], [ -7.9873, 37.0944 ], [ -7.9927, 37.0923 ], [ -7.9959, 37.1004 ], [ -7.9984, 37.0997 ], [ -8.0014, 37.1066 ], [ -8.0065, 37.111 ], [ -8.0045, 37.1158 ], [ -8.0011, 37.1172 ], [ -8.0017, 37.1199 ], [ -7.9957, 37.1216 ], [ -7.9961, 37.1227 ], [ -7.9878, 37.1236 ], [ -7.987, 37.1267 ], [ -7.9799, 37.1281 ], [ -7.9754, 37.1336 ], [ -7.9716, 37.1327 ], [ -7.9682, 37.1359 ], [ -7.9687, 37.137 ], [ -7.9641, 37.1399 ], [ -7.9628, 37.1392 ], [ -7.96, 37.141 ], [ -7.9585, 37.1398 ], [ -7.9565, 37.1458 ], [ -7.9392, 37.1438 ], [ -7.9369, 37.1417 ], [ -7.9371, 37.1364 ], [ -7.9305, 37.1345 ], [ -7.9275, 37.1345 ], [ -7.9261, 37.1371 ], [ -7.9259, 37.136 ], [ -7.919, 37.1361 ], [ -7.9182, 37.1333 ], [ -7.9144, 37.134 ], [ -7.9133, 37.1293 ], [ -7.9059, 37.1251 ], [ -7.8974, 37.1276 ], [ -7.8956, 37.1253 ], [ -7.8897, 37.1259 ], [ -7.8888, 37.1284 ], [ -7.8775, 37.1286 ], [ -7.8739, 37.1314 ], [ -7.8702, 37.1317 ], [ -7.8691, 37.1344 ], [ -7.8643, 37.1343 ], [ -7.8614, 37.1328 ], [ -7.8584, 37.1335 ], [ -7.8542, 37.1293 ], [ -7.8517, 37.131 ], [ -7.8491, 37.1263 ], [ -7.8395, 37.1237 ], [ -7.8266, 37.1245 ], [ -7.8237, 37.1225 ], [ -7.8219, 37.1265 ], [ -7.821565024630549, 37.126441379310343 ], [ -7.8226, 37.1271 ], [ -7.8222, 37.1288 ], [ -7.8205, 37.129 ], [ -7.8206, 37.1321 ], [ -7.8261, 37.1331 ], [ -7.8276, 37.136 ], [ -7.8322, 37.1369 ], [ -7.8325, 37.1394 ], [ -7.8308, 37.1396 ], [ -7.8317, 37.1429 ], [ -7.8353, 37.1446 ], [ -7.8351, 37.1469 ], [ -7.8278, 37.1494 ], [ -7.829, 37.1508 ], [ -7.828, 37.154 ], [ -7.8306, 37.1569 ], [ -7.8301, 37.1592 ], [ -7.832, 37.1601 ], [ -7.8295, 37.1649 ], [ -7.8325, 37.1657 ], [ -7.8289, 37.1696 ], [ -7.8316, 37.1725 ], [ -7.8369, 37.1744 ], [ -7.8403, 37.1797 ], [ -7.844, 37.1794 ], [ -7.8405, 37.1859 ], [ -7.8404, 37.188 ], [ -7.8428, 37.1886 ], [ -7.8391, 37.1899 ], [ -7.8408, 37.1919 ], [ -7.8403, 37.1946 ], [ -7.8291, 37.1935 ], [ -7.8257, 37.1907 ], [ -7.8196, 37.191 ], [ -7.8176, 37.1926 ], [ -7.8169, 37.1938 ], [ -7.8281, 37.2024 ], [ -7.8254, 37.2035 ], [ -7.823, 37.2082 ], [ -7.8258, 37.2103 ], [ -7.8306, 37.2095 ], [ -7.8285, 37.2127 ], [ -7.8303, 37.2144 ], [ -7.8298, 37.2161 ], [ -7.8244, 37.2189 ], [ -7.8204, 37.2171 ], [ -7.8192, 37.2193 ], [ -7.8138, 37.2181 ], [ -7.8121, 37.2203 ], [ -7.8089, 37.2196 ], [ -7.8097, 37.2215 ], [ -7.8063, 37.2231 ], [ -7.8047, 37.2295 ], [ -7.7989, 37.2293 ], [ -7.7993, 37.2322 ], [ -7.7966, 37.2356 ], [ -7.7982, 37.2385 ], [ -7.7943, 37.2397 ], [ -7.7879, 37.2465 ], [ -7.7883, 37.248 ], [ -7.7861, 37.2504 ], [ -7.788, 37.251 ], [ -7.7852, 37.2529 ], [ -7.7849, 37.2545 ], [ -7.7878, 37.2556 ], [ -7.7859, 37.2578 ], [ -7.7897, 37.2581 ], [ -7.7885, 37.2594 ], [ -7.7899, 37.2608 ], [ -7.7949, 37.2594 ], [ -7.8001, 37.2612 ], [ -7.8084, 37.2606 ], [ -7.8151, 37.2573 ], [ -7.8196, 37.2593 ], [ -7.8197, 37.2606 ], [ -7.8204, 37.2592 ], [ -7.8243, 37.2609 ], [ -7.8317, 37.2559 ], [ -7.8343, 37.2601 ], [ -7.8427, 37.2582 ], [ -7.8428, 37.2601 ], [ -7.848, 37.2636 ], [ -7.8519, 37.264 ], [ -7.856, 37.2688 ], [ -7.8587, 37.265 ], [ -7.8644, 37.2675 ], [ -7.8663, 37.2653 ], [ -7.8705, 37.2664 ], [ -7.8774, 37.2572 ], [ -7.8838, 37.2604 ], [ -7.8929, 37.2601 ], [ -7.8959, 37.2658 ], [ -7.8999, 37.2685 ], [ -7.9012, 37.2724 ], [ -7.8951, 37.2764 ], [ -7.8913, 37.275 ], [ -7.886, 37.2759 ], [ -7.8857, 37.2826 ], [ -7.8827, 37.2839 ], [ -7.8904, 37.2921 ], [ -7.8937, 37.2933 ], [ -7.8952, 37.2965 ], [ -7.8994, 37.2957 ], [ -7.9039, 37.2975 ], [ -7.9039, 37.3022 ], [ -7.9122, 37.3079 ], [ -7.9119, 37.3123 ], [ -7.9152, 37.3178 ], [ -7.9101, 37.3192 ], [ -7.9082, 37.3229 ], [ -7.9042, 37.3229 ], [ -7.9022, 37.333 ], [ -7.904, 37.3352 ], [ -7.9007, 37.3393 ], [ -7.8952, 37.3418 ], [ -7.8955, 37.3477 ], [ -7.8985, 37.3508 ], [ -7.8991, 37.3555 ], [ -7.8903, 37.3593 ], [ -7.8794, 37.3755 ], [ -7.8783, 37.3788 ], [ -7.8803, 37.3812 ], [ -7.8797, 37.3839 ], [ -7.8764, 37.3869 ], [ -7.8744, 37.3842 ], [ -7.8756, 37.3817 ], [ -7.8676, 37.3841 ], [ -7.8602, 37.3809 ], [ -7.858, 37.3815 ], [ -7.8531, 37.3785 ], [ -7.8493, 37.3802 ], [ -7.841, 37.3801 ], [ -7.8302, 37.3753 ], [ -7.8269, 37.3762 ], [ -7.8277, 37.3742 ], [ -7.8188, 37.3763 ], [ -7.8158, 37.3753 ], [ -7.8084, 37.3772 ], [ -7.8031, 37.3765 ], [ -7.8025, 37.3782 ], [ -7.8004, 37.3778 ], [ -7.7906, 37.3845 ], [ -7.782, 37.3829 ], [ -7.7783, 37.3791 ], [ -7.7746, 37.38 ], [ -7.7707, 37.3779 ], [ -7.7659, 37.3783 ], [ -7.7623, 37.3754 ], [ -7.7621, 37.3704 ], [ -7.7552, 37.3659 ], [ -7.7554, 37.363 ], [ -7.752, 37.3599 ], [ -7.7524, 37.3557 ], [ -7.7494, 37.353 ], [ -7.752, 37.35 ], [ -7.7512, 37.3482 ], [ -7.746, 37.3449 ], [ -7.7445, 37.3398 ], [ -7.7398, 37.3364 ], [ -7.7395, 37.3304 ], [ -7.7294, 37.3287 ], [ -7.7276, 37.3243 ], [ -7.7292, 37.3184 ], [ -7.7254, 37.3122 ], [ -7.7299, 37.303 ], [ -7.7265, 37.3004 ], [ -7.7171, 37.2992 ], [ -7.7135, 37.2968 ], [ -7.7105, 37.2986 ], [ -7.699, 37.2987 ], [ -7.6895, 37.2941 ], [ -7.6823, 37.2934 ], [ -7.6856, 37.2898 ], [ -7.681, 37.2829 ], [ -7.6782, 37.282 ], [ -7.6772, 37.2768 ], [ -7.6742, 37.2759 ], [ -7.663, 37.2806 ], [ -7.6622, 37.2823 ], [ -7.6568, 37.2804 ], [ -7.6546, 37.2817 ], [ -7.6541, 37.2799 ], [ -7.6522, 37.2803 ], [ -7.6466, 37.2756 ], [ -7.6446, 37.2777 ], [ -7.6355, 37.2796 ], [ -7.635, 37.2831 ], [ -7.6328, 37.2836 ], [ -7.6333, 37.2864 ], [ -7.6302, 37.2878 ], [ -7.6297, 37.2891 ], [ -7.6319, 37.2911 ], [ -7.631, 37.2924 ], [ -7.6337, 37.295 ], [ -7.6326, 37.2972 ], [ -7.6348, 37.2992 ], [ -7.6359, 37.3055 ], [ -7.6333, 37.3092 ], [ -7.6357, 37.3121 ], [ -7.6351, 37.3152 ], [ -7.6366, 37.3168 ], [ -7.6347, 37.3184 ], [ -7.6371, 37.3199 ], [ -7.6365, 37.323 ], [ -7.6349, 37.3235 ], [ -7.6358, 37.325 ], [ -7.6285, 37.3265 ], [ -7.6321, 37.3319 ], [ -7.6228, 37.3308 ], [ -7.623, 37.3337 ], [ -7.6267, 37.3396 ], [ -7.6194, 37.3438 ], [ -7.6173, 37.3481 ], [ -7.6139, 37.3479 ], [ -7.6144, 37.3503 ], [ -7.612, 37.3536 ], [ -7.6128, 37.3557 ], [ -7.6101, 37.359 ], [ -7.611, 37.3605 ], [ -7.6093, 37.3638 ], [ -7.6124, 37.3686 ], [ -7.6142, 37.368 ], [ -7.6151, 37.3697 ], [ -7.6126, 37.3704 ], [ -7.615, 37.3739 ], [ -7.6095, 37.3793 ], [ -7.6068, 37.3788 ], [ -7.6085, 37.3771 ], [ -7.6078, 37.3758 ], [ -7.6047, 37.3782 ], [ -7.6008, 37.3761 ], [ -7.5984, 37.3773 ], [ -7.596, 37.3765 ], [ -7.5954, 37.3784 ], [ -7.5928, 37.3778 ], [ -7.5899, 37.3804 ], [ -7.5891, 37.3784 ], [ -7.5846, 37.3776 ], [ -7.583, 37.3823 ], [ -7.5793, 37.3818 ], [ -7.5765, 37.3852 ], [ -7.5734, 37.3838 ], [ -7.5698, 37.3862 ], [ -7.5711, 37.3876 ], [ -7.5674, 37.389 ], [ -7.5678, 37.3921 ], [ -7.5655, 37.3945 ], [ -7.5616, 37.3931 ], [ -7.564, 37.3897 ], [ -7.5635, 37.3872 ], [ -7.5564, 37.3864 ], [ -7.5541, 37.3921 ], [ -7.5493, 37.3913 ], [ -7.5446, 37.3936 ], [ -7.5425, 37.3926 ], [ -7.5405, 37.3882 ], [ -7.5376, 37.3904 ], [ -7.5336, 37.3901 ], [ -7.5322, 37.3851 ], [ -7.5254, 37.3873 ], [ -7.5221, 37.3847 ], [ -7.521, 37.3815 ], [ -7.5164, 37.3853 ], [ -7.5107, 37.3841 ], [ -7.5091, 37.3822 ], [ -7.5105, 37.3798 ], [ -7.507, 37.3793 ], [ -7.5074, 37.376 ], [ -7.5054, 37.3751 ], [ -7.5016, 37.3765 ], [ -7.5003, 37.3807 ], [ -7.495, 37.3824 ], [ -7.4889, 37.3762 ], [ -7.4845, 37.3764 ], [ -7.4792, 37.3711 ], [ -7.48, 37.3692 ], [ -7.4763, 37.3703 ], [ -7.4721, 37.369 ], [ -7.4712, 37.3713 ], [ -7.4677, 37.369 ], [ -7.4653, 37.3708 ], [ -7.4607, 37.3691 ], [ -7.4579, 37.3723 ], [ -7.4529, 37.371 ], [ -7.4486, 37.3726 ], [ -7.4454, 37.3708 ], [ -7.4371, 37.3703 ], [ -7.4372, 37.3571 ], [ -7.4441, 37.3486 ], [ -7.445, 37.3448 ], [ -7.439, 37.3269 ], [ -7.4422, 37.3113 ], [ -7.4333, 37.2881 ], [ -7.4217, 37.2738 ], [ -7.423, 37.27 ], [ -7.432, 37.2594 ], [ -7.4336, 37.2501 ], [ -7.431, 37.2452 ], [ -7.4196, 37.2381 ], [ -7.4132, 37.2245 ], [ -7.4137, 37.2106 ], [ -7.4073, 37.1834 ], [ -7.4036, 37.1777 ], [ -7.4065, 37.1757 ], [ -7.3999, 37.1635 ], [ -7.4062, 37.1715 ], [ -7.4271, 37.1754 ], [ -7.4471, 37.1776 ], [ -7.469304857236626, 37.176006826386612 ], [ -7.4693, 37.176 ], [ -7.4826, 37.1733 ], [ -7.5068, 37.1676 ], [ -7.5226, 37.1626 ], [ -7.5296, 37.1582 ], [ -7.5454, 37.1524 ], [ -7.5476, 37.1529 ], [ -7.5412, 37.1546 ], [ -7.5412, 37.1557 ], [ -7.5499, 37.1549 ], [ -7.570313885647607, 37.147929404900815 ], [ -7.5703, 37.1479 ], [ -7.5787, 37.1426 ], [ -7.5876, 37.1399 ], [ -7.5896, 37.1374 ], [ -7.6012, 37.1346 ], [ -7.621, 37.1185 ], [ -7.6293, 37.1182 ], [ -7.6282, 37.1157 ], [ -7.6326, 37.114 ], [ -7.6351, 37.1087 ], [ -7.6446, 37.101 ], [ -7.6537, 37.1024 ], [ -7.6654, 37.0982 ], [ -7.6646, 37.0974 ], [ -7.6535, 37.1012 ], [ -7.6457, 37.0993 ], [ -7.6415, 37.0999 ], [ -7.6374, 37.1024 ], [ -7.6276, 37.1146 ], [ -7.6207, 37.116 ], [ -7.6171, 37.1132 ], [ -7.6454, 37.0951 ], [ -7.651, 37.0932 ], [ -7.6613, 37.086 ], [ -7.6668, 37.0849 ], [ -7.6913, 37.0735 ], [ -7.6935, 37.0707 ], [ -7.7032, 37.0676 ], [ -7.7046, 37.0657 ], [ -7.7107, 37.064 ], [ -7.7124, 37.0651 ], [ -7.711, 37.0679 ], [ -7.7115, 37.0718 ], [ -7.7043, 37.0749 ], [ -7.704, 37.0762 ], [ -7.7129, 37.0732 ], [ -7.7129, 37.069 ], [ -7.7168, 37.0654 ], [ -7.719, 37.0593 ], [ -7.7263, 37.0572 ], [ -7.7382, 37.0518 ], [ -7.7238, 37.0563 ], [ -7.7213, 37.056 ], [ -7.7204, 37.0543 ], [ -7.7271, 37.0524 ], [ -7.769, 37.0301 ], [ -7.776, 37.0293 ], [ -7.7751, 37.0276 ], [ -7.7765, 37.0251 ], [ -7.794, 37.0151 ], [ -7.8043, 37.0135 ], [ -7.8085, 37.0221 ], [ -7.8082, 37.0235 ], [ -7.8038, 37.024 ], [ -7.8013, 37.0299 ], [ -7.7971, 37.0304 ], [ -7.7949, 37.029 ], [ -7.7918, 37.0318 ], [ -7.7904, 37.0357 ], [ -7.7926, 37.0371 ], [ -7.8018, 37.0304 ], [ -7.8049, 37.0243 ], [ -7.8087, 37.0243 ], [ -7.8107, 37.0271 ], [ -7.8168, 37.0285 ], [ -7.8263, 37.0274 ], [ -7.8326, 37.0243 ], [ -7.8351, 37.0224 ], [ -7.8393, 37.0224 ], [ -7.8432, 37.0187 ], [ -7.8535, 37.016 ], [ -7.8626, 37.0082 ], [ -7.8699, 37.0082 ], [ -7.8754, 37.0124 ], [ -7.8813, 37.0115 ], [ -7.8835, 37.0113 ], [ -7.874, 37.0107 ], [ -7.8701, 37.0065 ], [ -7.8754, 36.9987 ] ], [ [ -7.813, 37.1254 ], [ -7.8156, 37.1275 ], [ -7.816284622302155, 37.126993974820145 ], [ -7.8133, 37.1253 ], [ -7.813, 37.1254 ] ], [ [ -7.7836, 37.1312 ], [ -7.7906, 37.1273 ], [ -7.783564040889958, 37.13116482260974 ], [ -7.7836, 37.1312 ] ], [ [ -7.888077272727274, 37.032781818181824 ], [ -7.888094242424242, 37.033019393939398 ], [ -7.8881, 37.033 ], [ -7.888077272727274, 37.032781818181824 ] ], [ [ -7.8871, 37.0234 ], [ -7.885084633569738, 37.018643735224579 ], [ -7.887283530678149, 37.025161894510227 ], [ -7.8871, 37.0234 ] ], [ [ -7.884681234768482, 37.017691714053619 ], [ -7.8846, 37.0175 ], [ -7.881399610516066, 37.014687536514117 ], [ -7.8814, 37.0147 ], [ -7.884681234768482, 37.017691714053619 ] ], [ [ -7.8302, 37.1004 ], [ -7.8325, 37.1016 ], [ -7.8358, 37.1009 ], [ -7.8302, 37.1004 ] ], [ [ -7.8289, 37.094 ], [ -7.8288, 37.0979 ], [ -7.82968100289296, 37.097844937319188 ], [ -7.8289, 37.094 ] ], [ [ -7.868241935483871, 37.067155913978496 ], [ -7.8674, 37.067 ], [ -7.8637, 37.0699 ], [ -7.868241935483871, 37.067155913978496 ] ], [ [ -7.886244289044289, 37.039546153846153 ], [ -7.8862, 37.0397 ], [ -7.8872, 37.0427 ], [ -7.886244289044289, 37.039546153846153 ] ], [ [ -7.424439885496181, 37.199097900763363 ], [ -7.4244, 37.1991 ], [ -7.421, 37.2047 ], [ -7.424439885496181, 37.199097900763363 ] ], [ [ -7.423856375300723, 37.210504891740179 ], [ -7.4241, 37.2096 ], [ -7.421, 37.2047 ], [ -7.423856375300723, 37.210504891740179 ] ], [ [ -7.42356084142395, 37.211602588996762 ], [ -7.422918644067791, 37.212320338983055 ], [ -7.4234, 37.2122 ], [ -7.42356084142395, 37.211602588996762 ] ], [ [ -7.533, 37.2082 ], [ -7.534590346394094, 37.212552526973312 ], [ -7.5346, 37.2124 ], [ -7.533, 37.2082 ] ], [ [ -7.571271153846164, 37.2523875 ], [ -7.571616666666665, 37.25259166666666 ], [ -7.571576829268293, 37.252492073170728 ], [ -7.571271153846164, 37.2523875 ] ], [ [ -7.5678, 37.2512 ], [ -7.5629, 37.2525 ], [ -7.568778743211792, 37.251534833204033 ], [ -7.5678, 37.2512 ] ], [ [ -7.5363, 37.2266 ], [ -7.536185084155543, 37.22627092280905 ], [ -7.5353, 37.2376 ], [ -7.5363, 37.2266 ] ], [ [ -7.606155590386623, 37.270418390804601 ], [ -7.6061, 37.2702 ], [ -7.6033, 37.2714 ], [ -7.606155590386623, 37.270418390804601 ] ], [ [ -7.5723, 37.2589 ], [ -7.57258046607265, 37.258795956134335 ], [ -7.5709, 37.2577 ], [ -7.5723, 37.2589 ] ], [ [ -7.5719, 37.2533 ], [ -7.571756551724137, 37.252941379310343 ], [ -7.5709, 37.2577 ], [ -7.5719, 37.2533 ] ] ], [ [ [ -7.6176, 37.1157 ], [ -7.6168, 37.1154 ], [ -7.6157, 37.1129 ], [ -7.6187, 37.1162 ], [ -7.6176, 37.1157 ] ] ], [ [ [ -7.6096, 37.1232 ], [ -7.6124, 37.1207 ], [ -7.6157, 37.1199 ], [ -7.6079, 37.1279 ], [ -7.6046, 37.1276 ], [ -7.6096, 37.1232 ] ] ], [ [ [ -7.5996, 37.1318 ], [ -7.6004, 37.1293 ], [ -7.6029, 37.1285 ], [ -7.604, 37.1299 ], [ -7.6007, 37.1332 ], [ -7.5996, 37.1318 ] ] ], [ [ [ -7.5932, 37.1346 ], [ -7.5965, 37.1315 ], [ -7.5993, 37.1332 ], [ -7.594, 37.1363 ], [ -7.5932, 37.1346 ] ] ], [ [ [ -7.5863, 37.1393 ], [ -7.5774, 37.1424 ], [ -7.5865, 37.1371 ], [ -7.5887, 37.1374 ], [ -7.5863, 37.1393 ] ] ] ] } },
{ "type": "Feature", "properties": { "name": "Madeira", "region_type": "DOC", "color": "#004e89", "island": true, "source": "gisco_nuts3+gadm_level2" }, "geometry": { "type": "MultiPolygon", "coordinates": [ [ [ [ -16.479393057999971, 32.411593394000079 ], [ -16.484518280999964, 32.418731814000068 ], [ -16.485597064999979, 32.424714751000067 ], [ -16.492557020999982, 32.436918737000042 ], [ -16.493959103999941, 32.451488668000025 ], [ -16.49167788799997, 32.458255785000063 ], [ -16.489917328999979, 32.458136696000054 ], [ -16.488272990999974, 32.446345835000045 ], [ -16.485269719999962, 32.436467072000028 ], [ -16.485318846999974, 32.42845991400003 ], [ -16.482370740999954, 32.425321817000054 ], [ -16.481682464999949, 32.422200263000036 ], [ -16.478709794999929, 32.418574909000029 ], [ -16.47371992099994, 32.416177723000033 ], [ -16.472538873999952, 32.413767003000032 ], [ -16.466857215999937, 32.407624652000038 ], [ -16.464234949999934, 32.406184435000057 ], [ -16.466189993999933, 32.404158206000034 ], [ -16.475151113999971, 32.408135971000036 ], [ -16.479393057999971, 32.411593394000079 ] ] ], [ [ [ -16.496356254999966, 32.489336199000036 ], [ -16.498629451999932, 32.490558149000037 ], [ -16.502935058999981, 32.49680756600003 ], [ -16.502950577999968, 32.501606260000074 ], [ -16.505732877999947, 32.509293381000077 ], [ -16.509353172999965, 32.512504691000061 ], [ -16.512010824999948, 32.520732452000061 ], [ -16.514283520999982, 32.522248250000075 ], [ -16.516905631999975, 32.528315448000058 ], [ -16.520655079999926, 32.532199055000035 ], [ -16.527785537999932, 32.536407046000079 ], [ -16.533357147999936, 32.537730115000045 ], [ -16.536382312999933, 32.541456763000042 ], [ -16.535221358999934, 32.546634176000055 ], [ -16.537032006999937, 32.550132825000048 ], [ -16.535064672999965, 32.551692675000027 ], [ -16.536258088999944, 32.559289184000079 ], [ -16.540703862999976, 32.565276784000048 ], [ -16.538982820999934, 32.571048627000039 ], [ -16.537479537999957, 32.572914840000067 ], [ -16.533837216999927, 32.568679318000079 ], [ -16.531464402999973, 32.562179111000034 ], [ -16.521277818999977, 32.553729591000035 ], [ -16.521041537999963, 32.54982295800005 ], [ -16.518144100999962, 32.546359350000046 ], [ -16.515953001999947, 32.540381760000059 ], [ -16.512721668999973, 32.536049121000076 ], [ -16.509443279999971, 32.533679310000025 ], [ -16.50684019199997, 32.526992378000045 ], [ -16.499901960999978, 32.519939011000076 ], [ -16.498483277999981, 32.515343058000042 ], [ -16.498191431999942, 32.510471779000056 ], [ -16.496044885999936, 32.50575718500005 ], [ -16.493446803999973, 32.503146087000061 ], [ -16.492154269999958, 32.494967882000026 ], [ -16.489255831999969, 32.489313172000038 ], [ -16.490207460999954, 32.477422059000048 ], [ -16.493735145999949, 32.47876215000008 ], [ -16.492997269999933, 32.483293027000059 ], [ -16.496356254999966, 32.489336199000036 ] ] ], [ [ [ -16.544222674999958, 32.590946107000036 ], [ -16.542875003999939, 32.589349448000064 ], [ -16.541865797999947, 32.580669176000072 ], [ -16.545290994999959, 32.582003804000067 ], [ -16.548019231999945, 32.588423336000062 ], [ -16.544222674999958, 32.590946107000036 ] ] ], [ [ [ -16.654728642999942, 32.730874571000072 ], [ -16.656706393999968, 32.72685475000003 ], [ -16.661658391999936, 32.728652748000059 ], [ -16.657157642999948, 32.731608167000047 ], [ -16.654728642999942, 32.730874571000072 ] ] ], [ [ [ -16.665467735999982, 32.73378256500007 ], [ -16.662368664999974, 32.730454456000075 ], [ -16.666744710999978, 32.729707529000052 ], [ -16.675955051999949, 32.734333979000041 ], [ -16.671860875999982, 32.735873575000028 ], [ -16.665467735999982, 32.73378256500007 ] ] ], [ [ [ -16.68668054699998, 32.747643777000064 ], [ -16.681733774999941, 32.746475448000069 ], [ -16.680176820999975, 32.743835927000077 ], [ -16.681002099999944, 32.741534066000042 ], [ -16.679485331999956, 32.738504942000077 ], [ -16.681777011999941, 32.738390047000053 ], [ -16.686369351999929, 32.742234867000036 ], [ -16.687927586999933, 32.745942925000065 ], [ -16.68668054699998, 32.747643777000064 ] ] ], [ [ [ -17.154316, 32.856248999000059 ], [ -17.148681791999934, 32.847292918000051 ], [ -17.141039499999977, 32.842596499000024 ], [ -17.135328385999969, 32.834410587000036 ], [ -17.124953557999959, 32.827722142000027 ], [ -17.105263789999981, 32.825508072000048 ], [ -17.101923530999954, 32.820306266000046 ], [ -17.092795879999926, 32.815835132000075 ], [ -17.065493, 32.812315499000078 ], [ -17.051030981999929, 32.808890002000055 ], [ -17.020833, 32.815137999000058 ], [ -17.000013383999942, 32.822864624000033 ], [ -16.990206056999966, 32.829808410000055 ], [ -16.98249, 32.826622999000051 ], [ -16.971311499999956, 32.827059999000028 ], [ -16.952391146999958, 32.829879843000072 ], [ -16.935926, 32.831363499000076 ], [ -16.907200456999931, 32.836445797000067 ], [ -16.897168, 32.829867999000044 ], [ -16.88534513999997, 32.827109284000073 ], [ -16.871602577999965, 32.813571719000038 ], [ -16.861270348999938, 32.807047544000056 ], [ -16.856459270999949, 32.806895696000026 ], [ -16.859102451999945, 32.802715312000032 ], [ -16.857404875999976, 32.797119666000071 ], [ -16.839948, 32.787058499000068 ], [ -16.835973205999949, 32.78620150200004 ], [ -16.822306734999927, 32.768442023000034 ], [ -16.813530965999973, 32.768328742000051 ], [ -16.798268297999982, 32.763203651000026 ], [ -16.789797182999962, 32.76537840900005 ], [ -16.778959749999956, 32.758160593000071 ], [ -16.760545499999978, 32.757259999000041 ], [ -16.745072724999943, 32.755127609000056 ], [ -16.735955310999941, 32.748724766000066 ], [ -16.728523596999935, 32.750303776000067 ], [ -16.718373441999972, 32.74742685700005 ], [ -16.709099782999942, 32.750877305000074 ], [ -16.700283050999928, 32.748707538000076 ], [ -16.692733297999951, 32.75087811800006 ], [ -16.690858231999982, 32.74877544800006 ], [ -16.692733297999951, 32.74714989000006 ], [ -16.702628649999951, 32.739703174000056 ], [ -16.724858682999979, 32.741997296000079 ], [ -16.731520544999967, 32.737074104000044 ], [ -16.74508128399998, 32.734485971000026 ], [ -16.754703, 32.722600999000065 ], [ -16.763843441999938, 32.716282415000023 ], [ -16.761437499999943, 32.709700499000064 ], [ -16.768906499999957, 32.700966999000059 ], [ -16.773395986999958, 32.692038074000038 ], [ -16.778959749999956, 32.689847550000025 ], [ -16.790247704999956, 32.686857028000077 ], [ -16.798629499999947, 32.67697799900003 ], [ -16.803067946999931, 32.664647891000072 ], [ -16.807508499999926, 32.660140999000077 ], [ -16.814782417999936, 32.652039530000025 ], [ -16.831887337999945, 32.64152837000006 ], [ -16.847318969999947, 32.639680507000037 ], [ -16.850893051999947, 32.637105759000065 ], [ -16.857772499999953, 32.63978699900008 ], [ -16.88891, 32.646112999000025 ], [ -16.904902, 32.646622999000044 ], [ -16.922319, 32.641241999000044 ], [ -16.927409264999937, 32.63700900200007 ], [ -16.943541148999941, 32.633212929000024 ], [ -16.952391146999958, 32.640005359000043 ], [ -16.969445, 32.644515499000079 ], [ -16.985105025999928, 32.650840595000034 ], [ -17.005972, 32.652851499000064 ], [ -17.019643, 32.653636499000072 ], [ -17.033336384999927, 32.660575177000055 ], [ -17.049458, 32.664804999000069 ], [ -17.064810361999946, 32.66912006900003 ], [ -17.073383499999977, 32.67582599900004 ], [ -17.086566, 32.679605499000047 ], [ -17.103652817999944, 32.678743773000065 ], [ -17.108255, 32.68136849900003 ], [ -17.124271499999963, 32.692225999000073 ], [ -17.140685, 32.702997499000048 ], [ -17.169185, 32.716607499000077 ], [ -17.185239, 32.72330499900005 ], [ -17.200028, 32.731461999000032 ], [ -17.200665499999957, 32.731590499000049 ], [ -17.211795200999973, 32.737003673000061 ], [ -17.217083, 32.746534999000062 ], [ -17.240663, 32.768448499000044 ], [ -17.24450455799996, 32.77401784400007 ], [ -17.24359996499993, 32.781708661000039 ], [ -17.246849, 32.790744499000027 ], [ -17.251096770999936, 32.801127304000033 ], [ -17.263366559999952, 32.81048544500004 ], [ -17.264887180999949, 32.814730352000026 ], [ -17.248726426999951, 32.825749792000067 ], [ -17.242982250999944, 32.833081569000058 ], [ -17.230562499999962, 32.840183499000034 ], [ -17.209373, 32.857835499000032 ], [ -17.204942707999976, 32.862235490000046 ], [ -17.199405251999963, 32.868404733000034 ], [ -17.193604294999943, 32.870353188000024 ], [ -17.178771702999938, 32.867036451000047 ], [ -17.167627728999946, 32.868446264000056 ], [ -17.163950626999963, 32.862235490000046 ], [ -17.154316, 32.856248999000059 ] ] ], [ [ [ -16.030158030999928, 30.034933283000044 ], [ -16.027821753999945, 30.037046082000074 ], [ -16.024050773999932, 30.033552525000061 ], [ -16.025661862999982, 30.032172411000033 ], [ -16.029992328999981, 30.033019275000072 ], [ -16.030158030999928, 30.034933283000044 ] ] ], [ [ [ -15.868493439999952, 30.138519859000041 ], [ -15.86954426899996, 30.140585059000045 ], [ -15.874422494999976, 30.141585970000051 ], [ -15.872028002999969, 30.147067339000046 ], [ -15.872508467999978, 30.15066183600004 ], [ -15.870905252999933, 30.153601062000064 ], [ -15.863699278999945, 30.153985135000028 ], [ -15.861784910999972, 30.155020482000054 ], [ -15.857727429999954, 30.151787083000045 ], [ -15.856281040999932, 30.14887682400007 ], [ -15.859870043999933, 30.146239761000061 ], [ -15.85897553999996, 30.142515409000055 ], [ -15.855162286999928, 30.140554093000048 ], [ -15.856318, 30.137954988000047 ], [ -15.863901053999939, 30.137830127000029 ], [ -15.86593828499997, 30.139746992000028 ], [ -15.868493439999952, 30.138519859000041 ] ] ], [ [ [ -16.385040781999976, 33.002521348000073 ], [ -16.387959688999956, 33.004720696000049 ], [ -16.391001119999942, 33.003310300000066 ], [ -16.39465294799993, 33.005944157000044 ], [ -16.392761911999969, 33.00676717500005 ], [ -16.392581248999932, 33.010361891000059 ], [ -16.388557778999939, 33.010897702000079 ], [ -16.384496220999949, 33.016721092000068 ], [ -16.382171430999961, 33.01778356300008 ], [ -16.381082679999963, 33.010802481000042 ], [ -16.382967538999935, 33.009200197000041 ], [ -16.383562540999947, 33.00533834600003 ], [ -16.380596280999953, 33.00289090800004 ], [ -16.380278124999961, 32.997515174000057 ], [ -16.385891848999961, 32.998907908000035 ], [ -16.385040781999976, 33.002521348000073 ] ] ], [ [ [ -16.404357434999952, 33.038609780000058 ], [ -16.40825304599997, 33.035208389000047 ], [ -16.410911859999942, 33.040453554000067 ], [ -16.409068201999958, 33.041520226000046 ], [ -16.404357434999952, 33.038609780000058 ] ] ], [ [ [ -16.277965776999963, 33.055631302000052 ], [ -16.277444992999961, 33.052833818000067 ], [ -16.281270218999964, 33.052033951000055 ], [ -16.28433617099995, 33.054662893000057 ], [ -16.280968092999956, 33.056984725000063 ], [ -16.277965776999963, 33.055631302000052 ] ] ], [ [ [ -16.298850478999952, 33.085528415000056 ], [ -16.292367906999971, 33.078498825000054 ], [ -16.297374415999968, 33.069916841000065 ], [ -16.296228640999971, 33.061071777000052 ], [ -16.313058270999932, 33.062867501000028 ], [ -16.325953296999955, 33.061049106000041 ], [ -16.339454295999928, 33.053707516000031 ], [ -16.351838924999981, 33.042740277000064 ], [ -16.363745295999934, 33.032725394000067 ], [ -16.378407365999976, 33.024726184000031 ], [ -16.392077680999932, 33.033081449000065 ], [ -16.396017657999948, 33.040081083000075 ], [ -16.389633789999948, 33.043898323000064 ], [ -16.376690439999948, 33.060144826000055 ], [ -16.376095155999963, 33.075010555000063 ], [ -16.370889915999953, 33.077664364000043 ], [ -16.370210851999957, 33.081561926000063 ], [ -16.359565744999941, 33.084006204000048 ], [ -16.351838924999981, 33.09316726000003 ], [ -16.344385270999965, 33.095374561000028 ], [ -16.322292011999934, 33.105255994000061 ], [ -16.312051433999954, 33.10192601600005 ], [ -16.307072686999959, 33.097695767000062 ], [ -16.30054230099995, 33.096860627000069 ], [ -16.295659132999958, 33.099039152000046 ], [ -16.29406944599998, 33.095374561000028 ], [ -16.298850478999952, 33.085528415000056 ] ] ], [ [ [ -16.286127485999941, 33.102110478000043 ], [ -16.288089162999938, 33.100360450000039 ], [ -16.292300380999961, 33.102399362000028 ], [ -16.288022020999961, 33.105832780000071 ], [ -16.286127485999941, 33.102110478000043 ] ] ] ] } },
{ "type": "Feature", "properties": { "name": "Madeirense", "region_type": "DOC", "color": "#1565c0", "island": true, "source": "gisco_nuts3+gadm_level2" }, "geometry": { "type": "MultiPolygon", "coordinates": [ [ [ [ -16.479393057999971, 32.411593394000079 ], [ -16.484518280999964, 32.418731814000068 ], [ -16.485597064999979, 32.424714751000067 ], [ -16.492557020999982, 32.436918737000042 ], [ -16.493959103999941, 32.451488668000025 ], [ -16.49167788799997, 32.458255785000063 ], [ -16.489917328999979, 32.458136696000054 ], [ -16.488272990999974, 32.446345835000045 ], [ -16.485269719999962, 32.436467072000028 ], [ -16.485318846999974, 32.42845991400003 ], [ -16.482370740999954, 32.425321817000054 ], [ -16.481682464999949, 32.422200263000036 ], [ -16.478709794999929, 32.418574909000029 ], [ -16.47371992099994, 32.416177723000033 ], [ -16.472538873999952, 32.413767003000032 ], [ -16.466857215999937, 32.407624652000038 ], [ -16.464234949999934, 32.406184435000057 ], [ -16.466189993999933, 32.404158206000034 ], [ -16.475151113999971, 32.408135971000036 ], [ -16.479393057999971, 32.411593394000079 ] ] ], [ [ [ -16.496356254999966, 32.489336199000036 ], [ -16.498629451999932, 32.490558149000037 ], [ -16.502935058999981, 32.49680756600003 ], [ -16.502950577999968, 32.501606260000074 ], [ -16.505732877999947, 32.509293381000077 ], [ -16.509353172999965, 32.512504691000061 ], [ -16.512010824999948, 32.520732452000061 ], [ -16.514283520999982, 32.522248250000075 ], [ -16.516905631999975, 32.528315448000058 ], [ -16.520655079999926, 32.532199055000035 ], [ -16.527785537999932, 32.536407046000079 ], [ -16.533357147999936, 32.537730115000045 ], [ -16.536382312999933, 32.541456763000042 ], [ -16.535221358999934, 32.546634176000055 ], [ -16.537032006999937, 32.550132825000048 ], [ -16.535064672999965, 32.551692675000027 ], [ -16.536258088999944, 32.559289184000079 ], [ -16.540703862999976, 32.565276784000048 ], [ -16.538982820999934, 32.571048627000039 ], [ -16.537479537999957, 32.572914840000067 ], [ -16.533837216999927, 32.568679318000079 ], [ -16.531464402999973, 32.562179111000034 ], [ -16.521277818999977, 32.553729591000035 ], [ -16.521041537999963, 32.54982295800005 ], [ -16.518144100999962, 32.546359350000046 ], [ -16.515953001999947, 32.540381760000059 ], [ -16.512721668999973, 32.536049121000076 ], [ -16.509443279999971, 32.533679310000025 ], [ -16.50684019199997, 32.526992378000045 ], [ -16.499901960999978, 32.519939011000076 ], [ -16.498483277999981, 32.515343058000042 ], [ -16.498191431999942, 32.510471779000056 ], [ -16.496044885999936, 32.50575718500005 ], [ -16.493446803999973, 32.503146087000061 ], [ -16.492154269999958, 32.494967882000026 ], [ -16.489255831999969, 32.489313172000038 ], [ -16.490207460999954, 32.477422059000048 ], [ -16.493735145999949, 32.47876215000008 ], [ -16.492997269999933, 32.483293027000059 ], [ -16.496356254999966, 32.489336199000036 ] ] ], [ [ [ -16.544222674999958, 32.590946107000036 ], [ -16.542875003999939, 32.589349448000064 ], [ -16.541865797999947, 32.580669176000072 ], [ -16.545290994999959, 32.582003804000067 ], [ -16.548019231999945, 32.588423336000062 ], [ -16.544222674999958, 32.590946107000036 ] ] ], [ [ [ -16.654728642999942, 32.730874571000072 ], [ -16.656706393999968, 32.72685475000003 ], [ -16.661658391999936, 32.728652748000059 ], [ -16.657157642999948, 32.731608167000047 ], [ -16.654728642999942, 32.730874571000072 ] ] ], [ [ [ -16.665467735999982, 32.73378256500007 ], [ -16.662368664999974, 32.730454456000075 ], [ -16.666744710999978, 32.729707529000052 ], [ -16.675955051999949, 32.734333979000041 ], [ -16.671860875999982, 32.735873575000028 ], [ -16.665467735999982, 32.73378256500007 ] ] ], [ [ [ -16.68668054699998, 32.747643777000064 ], [ -16.681733774999941, 32.746475448000069 ], [ -16.680176820999975, 32.743835927000077 ], [ -16.681002099999944, 32.741534066000042 ], [ -16.679485331999956, 32.738504942000077 ], [ -16.681777011999941, 32.738390047000053 ], [ -16.686369351999929, 32.742234867000036 ], [ -16.687927586999933, 32.745942925000065 ], [ -16.68668054699998, 32.747643777000064 ] ] ], [ [ [ -17.154316, 32.856248999000059 ], [ -17.148681791999934, 32.847292918000051 ], [ -17.141039499999977, 32.842596499000024 ], [ -17.135328385999969, 32.834410587000036 ], [ -17.124953557999959, 32.827722142000027 ], [ -17.105263789999981, 32.825508072000048 ], [ -17.101923530999954, 32.820306266000046 ], [ -17.092795879999926, 32.815835132000075 ], [ -17.065493, 32.812315499000078 ], [ -17.051030981999929, 32.808890002000055 ], [ -17.020833, 32.815137999000058 ], [ -17.000013383999942, 32.822864624000033 ], [ -16.990206056999966, 32.829808410000055 ], [ -16.98249, 32.826622999000051 ], [ -16.971311499999956, 32.827059999000028 ], [ -16.952391146999958, 32.829879843000072 ], [ -16.935926, 32.831363499000076 ], [ -16.907200456999931, 32.836445797000067 ], [ -16.897168, 32.829867999000044 ], [ -16.88534513999997, 32.827109284000073 ], [ -16.871602577999965, 32.813571719000038 ], [ -16.861270348999938, 32.807047544000056 ], [ -16.856459270999949, 32.806895696000026 ], [ -16.859102451999945, 32.802715312000032 ], [ -16.857404875999976, 32.797119666000071 ], [ -16.839948, 32.787058499000068 ], [ -16.835973205999949, 32.78620150200004 ], [ -16.822306734999927, 32.768442023000034 ], [ -16.813530965999973, 32.768328742000051 ], [ -16.798268297999982, 32.763203651000026 ], [ -16.789797182999962, 32.76537840900005 ], [ -16.778959749999956, 32.758160593000071 ], [ -16.760545499999978, 32.757259999000041 ], [ -16.745072724999943, 32.755127609000056 ], [ -16.735955310999941, 32.748724766000066 ], [ -16.728523596999935, 32.750303776000067 ], [ -16.718373441999972, 32.74742685700005 ], [ -16.709099782999942, 32.750877305000074 ], [ -16.700283050999928, 32.748707538000076 ], [ -16.692733297999951, 32.75087811800006 ], [ -16.690858231999982, 32.74877544800006 ], [ -16.692733297999951, 32.74714989000006 ], [ -16.702628649999951, 32.739703174000056 ], [ -16.724858682999979, 32.741997296000079 ], [ -16.731520544999967, 32.737074104000044 ], [ -16.74508128399998, 32.734485971000026 ], [ -16.754703, 32.722600999000065 ], [ -16.763843441999938, 32.716282415000023 ], [ -16.761437499999943, 32.709700499000064 ], [ -16.768906499999957, 32.700966999000059 ], [ -16.773395986999958, 32.692038074000038 ], [ -16.778959749999956, 32.689847550000025 ], [ -16.790247704999956, 32.686857028000077 ], [ -16.798629499999947, 32.67697799900003 ], [ -16.803067946999931, 32.664647891000072 ], [ -16.807508499999926, 32.660140999000077 ], [ -16.814782417999936, 32.652039530000025 ], [ -16.831887337999945, 32.64152837000006 ], [ -16.847318969999947, 32.639680507000037 ], [ -16.850893051999947, 32.637105759000065 ], [ -16.857772499999953, 32.63978699900008 ], [ -16.88891, 32.646112999000025 ], [ -16.904902, 32.646622999000044 ], [ -16.922319, 32.641241999000044 ], [ -16.927409264999937, 32.63700900200007 ], [ -16.943541148999941, 32.633212929000024 ], [ -16.952391146999958, 32.640005359000043 ], [ -16.969445, 32.644515499000079 ], [ -16.985105025999928, 32.650840595000034 ], [ -17.005972, 32.652851499000064 ], [ -17.019643, 32.653636499000072 ], [ -17.033336384999927, 32.660575177000055 ], [ -17.049458, 32.664804999000069 ], [ -17.064810361999946, 32.66912006900003 ], [ -17.073383499999977, 32.67582599900004 ], [ -17.086566, 32.679605499000047 ], [ -17.103652817999944, 32.678743773000065 ], [ -17.108255, 32.68136849900003 ], [ -17.124271499999963, 32.692225999000073 ], [ -17.140685, 32.702997499000048 ], [ -17.169185, 32.716607499000077 ], [ -17.185239, 32.72330499900005 ], [ -17.200028, 32.731461999000032 ], [ -17.200665499999957, 32.731590499000049 ], [ -17.211795200999973, 32.737003673000061 ], [ -17.217083, 32.746534999000062 ], [ -17.240663, 32.768448499000044 ], [ -17.24450455799996, 32.77401784400007 ], [ -17.24359996499993, 32.781708661000039 ], [ -17.246849, 32.790744499000027 ], [ -17.251096770999936, 32.801127304000033 ], [ -17.263366559999952, 32.81048544500004 ], [ -17.264887180999949, 32.814730352000026 ], [ -17.248726426999951, 32.825749792000067 ], [ -17.242982250999944, 32.833081569000058 ], [ -17.230562499999962, 32.840183499000034 ], [ -17.209373, 32.857835499000032 ], [ -17.204942707999976, 32.862235490000046 ], [ -17.199405251999963, 32.868404733000034 ], [ -17.193604294999943, 32.870353188000024 ], [ -17.178771702999938, 32.867036451000047 ], [ -17.167627728999946, 32.868446264000056 ], [ -17.163950626999963, 32.862235490000046 ], [ -17.154316, 32.856248999000059 ] ] ], [ [ [ -16.030158030999928, 30.034933283000044 ], [ -16.027821753999945, 30.037046082000074 ], [ -16.024050773999932, 30.033552525000061 ], [ -16.025661862999982, 30.032172411000033 ], [ -16.029992328999981, 30.033019275000072 ], [ -16.030158030999928, 30.034933283000044 ] ] ], [ [ [ -15.868493439999952, 30.138519859000041 ], [ -15.86954426899996, 30.140585059000045 ], [ -15.874422494999976, 30.141585970000051 ], [ -15.872028002999969, 30.147067339000046 ], [ -15.872508467999978, 30.15066183600004 ], [ -15.870905252999933, 30.153601062000064 ], [ -15.863699278999945, 30.153985135000028 ], [ -15.861784910999972, 30.155020482000054 ], [ -15.857727429999954, 30.151787083000045 ], [ -15.856281040999932, 30.14887682400007 ], [ -15.859870043999933, 30.146239761000061 ], [ -15.85897553999996, 30.142515409000055 ], [ -15.855162286999928, 30.140554093000048 ], [ -15.856318, 30.137954988000047 ], [ -15.863901053999939, 30.137830127000029 ], [ -15.86593828499997, 30.139746992000028 ], [ -15.868493439999952, 30.138519859000041 ] ] ], [ [ [ -16.385040781999976, 33.002521348000073 ], [ -16.387959688999956, 33.004720696000049 ], [ -16.391001119999942, 33.003310300000066 ], [ -16.39465294799993, 33.005944157000044 ], [ -16.392761911999969, 33.00676717500005 ], [ -16.392581248999932, 33.010361891000059 ], [ -16.388557778999939, 33.010897702000079 ], [ -16.384496220999949, 33.016721092000068 ], [ -16.382171430999961, 33.01778356300008 ], [ -16.381082679999963, 33.010802481000042 ], [ -16.382967538999935, 33.009200197000041 ], [ -16.383562540999947, 33.00533834600003 ], [ -16.380596280999953, 33.00289090800004 ], [ -16.380278124999961, 32.997515174000057 ], [ -16.385891848999961, 32.998907908000035 ], [ -16.385040781999976, 33.002521348000073 ] ] ], [ [ [ -16.404357434999952, 33.038609780000058 ], [ -16.40825304599997, 33.035208389000047 ], [ -16.410911859999942, 33.040453554000067 ], [ -16.409068201999958, 33.041520226000046 ], [ -16.404357434999952, 33.038609780000058 ] ] ], [ [ [ -16.277965776999963, 33.055631302000052 ], [ -16.277444992999961, 33.052833818000067 ], [ -16.281270218999964, 33.052033951000055 ], [ -16.28433617099995, 33.054662893000057 ], [ -16.280968092999956, 33.056984725000063 ], [ -16.277965776999963, 33.055631302000052 ] ] ], [ [ [ -16.298850478999952, 33.085528415000056 ], [ -16.292367906999971, 33.078498825000054 ], [ -16.297374415999968, 33.069916841000065 ], [ -16.296228640999971, 33.061071777000052 ], [ -16.313058270999932, 33.062867501000028 ], [ -16.325953296999955, 33.061049106000041 ], [ -16.339454295999928, 33.053707516000031 ], [ -16.351838924999981, 33.042740277000064 ], [ -16.363745295999934, 33.032725394000067 ], [ -16.378407365999976, 33.024726184000031 ], [ -16.392077680999932, 33.033081449000065 ], [ -16.396017657999948, 33.040081083000075 ], [ -16.389633789999948, 33.043898323000064 ], [ -16.376690439999948, 33.060144826000055 ], [ -16.376095155999963, 33.075010555000063 ], [ -16.370889915999953, 33.077664364000043 ], [ -16.370210851999957, 33.081561926000063 ], [ -16.359565744999941, 33.084006204000048 ], [ -16.351838924999981, 33.09316726000003 ], [ -16.344385270999965, 33.095374561000028 ], [ -16.322292011999934, 33.105255994000061 ], [ -16.312051433999954, 33.10192601600005 ], [ -16.307072686999959, 33.097695767000062 ], [ -16.30054230099995, 33.096860627000069 ], [ -16.295659132999958, 33.099039152000046 ], [ -16.29406944599998, 33.095374561000028 ], [ -16.298850478999952, 33.085528415000056 ] ] ], [ [ [ -16.286127485999941, 33.102110478000043 ], [ -16.288089162999938, 33.100360450000039 ], [ -16.292300380999961, 33.102399362000028 ], [ -16.288022020999961, 33.105832780000071 ], [ -16.286127485999941, 33.102110478000043 ] ] ] ] } },
{ "type": "Feature", "properties": { "name": "Graciosa", "region_type": "DOC", "color": "#fce4ec", "island": true, "source": "gisco_nuts3+gadm_level2" }, "geometry": { "type": "Polygon", "coordinates": [ [ [ -27.9786, 39.0633 ], [ -27.977, 39.0587 ], [ -27.9718, 39.0581 ], [ -27.9711, 39.0544 ], [ -27.9686, 39.0537 ], [ -27.9673, 39.053 ], [ -27.9705, 39.0536 ], [ -27.9718, 39.0522 ], [ -27.9682, 39.0468 ], [ -27.9574, 39.0402 ], [ -27.9532, 39.0286 ], [ -27.9547, 39.0262 ], [ -27.9491, 39.0224 ], [ -27.9504, 39.0209 ], [ -27.9492, 39.0181 ], [ -27.9532, 39.0175 ], [ -27.9534, 39.0161 ], [ -27.9506, 39.0129 ], [ -27.9597, 39.0129 ], [ -27.9674, 39.0091 ], [ -27.9719, 39.0087 ], [ -27.9783, 39.0115 ], [ -27.9813, 39.0105 ], [ -27.9837, 39.0124 ], [ -27.9889, 39.0117 ], [ -27.9922, 39.0138 ], [ -27.9959, 39.0123 ], [ -27.9998, 39.0144 ], [ -28.0006, 39.0179 ], [ -28.0085, 39.0201 ], [ -28.0084, 39.0236 ], [ -28.0097, 39.0244 ], [ -28.0366, 39.0227 ], [ -28.0362, 39.0244 ], [ -28.0478, 39.0336 ], [ -28.0487, 39.037 ], [ -28.0528, 39.0414 ], [ -28.0535, 39.0461 ], [ -28.0581, 39.0545 ], [ -28.0679, 39.0613 ], [ -28.0683, 39.0661 ], [ -28.0735, 39.0666 ], [ -28.0716, 39.0684 ], [ -28.0721, 39.0709 ], [ -28.0694, 39.0711 ], [ -28.0628, 39.0782 ], [ -28.0579, 39.0801 ], [ -28.0548, 39.0834 ], [ -28.0561, 39.0882 ], [ -28.0524, 39.0917 ], [ -28.0532, 39.0932 ], [ -28.0503, 39.0927 ], [ -28.0511, 39.0948 ], [ -28.0454, 39.0938 ], [ -28.0457, 39.0957 ], [ -28.0398, 39.0951 ], [ -28.0368, 39.0972 ], [ -28.0299, 39.0973 ], [ -28.0293, 39.0955 ], [ -28.0208, 39.0947 ], [ -28.0169, 39.0918 ], [ -28.0139, 39.0922 ], [ -28.0092, 39.0895 ], [ -28.0099, 39.0878 ], [ -28.0067, 39.0877 ], [ -28.0064, 39.0864 ], [ -28.0036, 39.0886 ], [ -27.9973, 39.0886 ], [ -27.9951, 39.0856 ], [ -27.999, 39.0842 ], [ -27.9963, 39.0822 ], [ -27.9916, 39.0821 ], [ -27.9895, 39.08 ], [ -27.9786, 39.0633 ] ] ] } },
{ "type": "Feature", "properties": { "name": "Biscoitos", "region_type": "DOC", "color": "#f48fb1", "island": true, "source": "gisco_nuts3+gadm_level2" }, "geometry": { "type": "Polygon", "coordinates": [ [ [ -27.1554, 38.6476 ], [ -27.1597, 38.6512 ], [ -27.1704, 38.6546 ], [ -27.1768, 38.6547 ], [ -27.1816, 38.6523 ], [ -27.183, 38.6543 ], [ -27.1879, 38.6546 ], [ -27.1963, 38.6514 ], [ -27.2076, 38.6549 ], [ -27.2136, 38.6509 ], [ -27.2163, 38.6508 ], [ -27.2146, 38.6523 ], [ -27.2211, 38.6541 ], [ -27.2235, 38.6507 ], [ -27.2193, 38.6465 ], [ -27.2184, 38.6427 ], [ -27.2277, 38.6391 ], [ -27.2351, 38.6439 ], [ -27.2289, 38.6503 ], [ -27.2308, 38.656 ], [ -27.2366, 38.6569 ], [ -27.2403, 38.6553 ], [ -27.2424, 38.6566 ], [ -27.2441, 38.6548 ], [ -27.2487, 38.6553 ], [ -27.2501, 38.657 ], [ -27.2545, 38.6563 ], [ -27.2566, 38.6544 ], [ -27.269, 38.6571 ], [ -27.2676, 38.6556 ], [ -27.2687, 38.6545 ], [ -27.2731, 38.6554 ], [ -27.278, 38.6524 ], [ -27.282, 38.6562 ], [ -27.2877, 38.6551 ], [ -27.3126, 38.6696 ], [ -27.3226, 38.6723 ], [ -27.3277, 38.6756 ], [ -27.3311, 38.6752 ], [ -27.3339, 38.679 ], [ -27.3418, 38.6808 ], [ -27.3522, 38.6868 ], [ -27.3623, 38.698 ], [ -27.3632, 38.7013 ], [ -27.3714, 38.7092 ], [ -27.3711, 38.7127 ], [ -27.374, 38.7183 ], [ -27.3751, 38.7255 ], [ -27.3782, 38.7272 ], [ -27.3795, 38.7307 ], [ -27.3806, 38.7452 ], [ -27.3796, 38.75 ], [ -27.3745, 38.7554 ], [ -27.3725, 38.7603 ], [ -27.3738, 38.763 ], [ -27.3774, 38.764 ], [ -27.3788, 38.767 ], [ -27.3749, 38.7675 ], [ -27.3714, 38.7658 ], [ -27.3669, 38.7727 ], [ -27.3681, 38.776 ], [ -27.3658, 38.7759 ], [ -27.3645, 38.7769 ], [ -27.3653, 38.7783 ], [ -27.3629, 38.7786 ], [ -27.3633, 38.7814 ], [ -27.3584, 38.7813 ], [ -27.3511, 38.7862 ], [ -27.3334, 38.7942 ], [ -27.3064, 38.7993 ], [ -27.2977, 38.7989 ], [ -27.2885, 38.8013 ], [ -27.2725, 38.8022 ], [ -27.2693, 38.7953 ], [ -27.2718, 38.8024 ], [ -27.2613, 38.8001 ], [ -27.2606, 38.8024 ], [ -27.2585, 38.8035 ], [ -27.2524, 38.801 ], [ -27.2476, 38.8017 ], [ -27.2465, 38.7985 ], [ -27.2428, 38.7973 ], [ -27.2385, 38.7971 ], [ -27.2348, 38.7989 ], [ -27.2313, 38.7924 ], [ -27.2292, 38.7912 ], [ -27.2267, 38.7933 ], [ -27.217, 38.7936 ], [ -27.2181, 38.7972 ], [ -27.2155, 38.8006 ], [ -27.2098, 38.7981 ], [ -27.2077, 38.7993 ], [ -27.2033, 38.7958 ], [ -27.2016, 38.7983 ], [ -27.2028, 38.8001 ], [ -27.2012, 38.8007 ], [ -27.1971, 38.7953 ], [ -27.1954, 38.7976 ], [ -27.1899, 38.7941 ], [ -27.1835, 38.7965 ], [ -27.1783, 38.7932 ], [ -27.1653, 38.7915 ], [ -27.1512, 38.7859 ], [ -27.1497, 38.787 ], [ -27.1471, 38.7856 ], [ -27.1457, 38.7891 ], [ -27.142, 38.7827 ], [ -27.1372, 38.7877 ], [ -27.1328, 38.7859 ], [ -27.1309, 38.7812 ], [ -27.1277, 38.7834 ], [ -27.1255, 38.7817 ], [ -27.1113, 38.7858 ], [ -27.1047, 38.7858 ], [ -27.0997, 38.7818 ], [ -27.0937, 38.7807 ], [ -27.0887, 38.7758 ], [ -27.0758, 38.7677 ], [ -27.0695, 38.7657 ], [ -27.0666, 38.7617 ], [ -27.063, 38.761 ], [ -27.0619, 38.7592 ], [ -27.0629, 38.7528 ], [ -27.0603, 38.7449 ], [ -27.0549, 38.7398 ], [ -27.0447, 38.7362 ], [ -27.0509, 38.7324 ], [ -27.0519, 38.7259 ], [ -27.0523, 38.731 ], [ -27.0576, 38.7306 ], [ -27.0569, 38.7323 ], [ -27.0596, 38.7311 ], [ -27.0622, 38.7285 ], [ -27.0633, 38.7231 ], [ -27.0626, 38.715 ], [ -27.0597, 38.7137 ], [ -27.0595, 38.7158 ], [ -27.0568, 38.7144 ], [ -27.0591, 38.7126 ], [ -27.061, 38.7132 ], [ -27.0585, 38.7112 ], [ -27.0571, 38.7127 ], [ -27.0536, 38.711 ], [ -27.0509, 38.7128 ], [ -27.0507, 38.716 ], [ -27.0492, 38.7158 ], [ -27.0496, 38.7211 ], [ -27.0489, 38.7144 ], [ -27.0516, 38.7092 ], [ -27.0438, 38.7034 ], [ -27.0453, 38.6995 ], [ -27.0424, 38.696 ], [ -27.0477, 38.6901 ], [ -27.0501, 38.6901 ], [ -27.0494, 38.6879 ], [ -27.053, 38.6856 ], [ -27.0571, 38.6863 ], [ -27.0584, 38.6846 ], [ -27.0586, 38.6822 ], [ -27.0557, 38.6809 ], [ -27.0565, 38.6775 ], [ -27.061, 38.678 ], [ -27.0657, 38.6753 ], [ -27.0675, 38.6767 ], [ -27.067782350689129, 38.676862710566617 ], [ -27.0725, 38.6717 ], [ -27.0767, 38.6707 ], [ -27.0754, 38.6686 ], [ -27.0767, 38.6649 ], [ -27.0752, 38.6625 ], [ -27.0775, 38.6601 ], [ -27.0759, 38.6576 ], [ -27.0781, 38.6575 ], [ -27.0762, 38.655 ], [ -27.0787, 38.6534 ], [ -27.0741, 38.6489 ], [ -27.0763, 38.6503 ], [ -27.0797, 38.6494 ], [ -27.0802, 38.6455 ], [ -27.0782, 38.6436 ], [ -27.0903, 38.6425 ], [ -27.0984, 38.6486 ], [ -27.1055, 38.644 ], [ -27.1089, 38.6439 ], [ -27.1182, 38.6482 ], [ -27.1197, 38.6466 ], [ -27.1331, 38.6436 ], [ -27.1413, 38.6446 ], [ -27.1554, 38.6476 ] ], [ [ -27.2798, 38.7582 ], [ -27.2755, 38.743 ], [ -27.279779126213594, 38.758325242718449 ], [ -27.2798, 38.7582 ] ], [ [ -27.0734, 38.68 ], [ -27.07282211690362, 38.679766982622425 ], [ -27.073383809001097, 38.680090669593852 ], [ -27.0734, 38.68 ] ] ] } },
{ "type": "Feature", "properties": { "name": "Pico", "region_type": "DOC", "color": "#f06292", "island": true, "source": "gisco_nuts3+gadm_level2" }, "geometry": { "type": "Polygon", "coordinates": [ [ [ -28.0678, 38.402 ], [ -28.0776, 38.4043 ], [ -28.0823, 38.3997 ], [ -28.0863, 38.4009 ], [ -28.0948, 38.3998 ], [ -28.1192, 38.4062 ], [ -28.1392, 38.4064 ], [ -28.1512, 38.4085 ], [ -28.1575, 38.4067 ], [ -28.1631, 38.4085 ], [ -28.1786, 38.4096 ], [ -28.1881, 38.4068 ], [ -28.187, 38.4057 ], [ -28.1887, 38.403 ], [ -28.1933, 38.4013 ], [ -28.198, 38.3951 ], [ -28.2087, 38.3941 ], [ -28.2295, 38.3847 ], [ -28.241, 38.3822 ], [ -28.2519, 38.3873 ], [ -28.2541, 38.386 ], [ -28.2521, 38.3879 ], [ -28.2514, 38.3915 ], [ -28.2527, 38.3926 ], [ -28.2526, 38.3891 ], [ -28.2533, 38.3912 ], [ -28.2569, 38.3899 ], [ -28.2563, 38.3916 ], [ -28.2587, 38.3928 ], [ -28.257, 38.3939 ], [ -28.2576, 38.3958 ], [ -28.2597, 38.3957 ], [ -28.2584, 38.3963 ], [ -28.259, 38.3975 ], [ -28.2555, 38.3962 ], [ -28.2544, 38.3978 ], [ -28.255, 38.3994 ], [ -28.2559, 38.3979 ], [ -28.2569, 38.3977 ], [ -28.2578, 38.4001 ], [ -28.2556, 38.4006 ], [ -28.2576, 38.4042 ], [ -28.2619, 38.4081 ], [ -28.273, 38.4124 ], [ -28.2929, 38.4127 ], [ -28.3049, 38.4107 ], [ -28.3226, 38.4119 ], [ -28.332, 38.4146 ], [ -28.3427, 38.413 ], [ -28.3527, 38.4159 ], [ -28.3649, 38.4124 ], [ -28.3691, 38.4126 ], [ -28.3816, 38.4179 ], [ -28.3944, 38.421 ], [ -28.4038, 38.4261 ], [ -28.4119, 38.4279 ], [ -28.4216, 38.4272 ], [ -28.4265, 38.4219 ], [ -28.4314, 38.4206 ], [ -28.4459, 38.4203 ], [ -28.4607, 38.4306 ], [ -28.4639, 38.4306 ], [ -28.4656, 38.4329 ], [ -28.4698, 38.4324 ], [ -28.48, 38.4353 ], [ -28.4996, 38.4448 ], [ -28.5025, 38.4448 ], [ -28.5179, 38.4523 ], [ -28.5223, 38.4652 ], [ -28.5303, 38.4703 ], [ -28.5412, 38.4865 ], [ -28.5403, 38.4881 ], [ -28.5429, 38.4922 ], [ -28.5415, 38.4931 ], [ -28.5427, 38.4949 ], [ -28.5403, 38.4957 ], [ -28.5403, 38.4983 ], [ -28.5418, 38.4998 ], [ -28.543, 38.5097 ], [ -28.539, 38.526 ], [ -28.5375, 38.5268 ], [ -28.5377, 38.5314 ], [ -28.5352, 38.5344 ], [ -28.5299, 38.5344 ], [ -28.5317, 38.5361 ], [ -28.5306, 38.5375 ], [ -28.5342, 38.5365 ], [ -28.5305, 38.5381 ], [ -28.5224, 38.5397 ], [ -28.5211, 38.5451 ], [ -28.5147, 38.5493 ], [ -28.5093, 38.55 ], [ -28.5078, 38.5525 ], [ -28.5056, 38.5516 ], [ -28.4996, 38.5548 ], [ -28.4827, 38.5583 ], [ -28.478, 38.5606 ], [ -28.4565, 38.5579 ], [ -28.4498, 38.5553 ], [ -28.4453, 38.5584 ], [ -28.443, 38.5592 ], [ -28.4325, 38.5574 ], [ -28.4157, 38.5615 ], [ -28.3999, 38.5582 ], [ -28.3911, 38.5584 ], [ -28.3817, 38.5529 ], [ -28.3695, 38.5513 ], [ -28.3443, 38.5393 ], [ -28.3373, 38.5383 ], [ -28.3365, 38.5351 ], [ -28.3308, 38.5364 ], [ -28.3246, 38.5321 ], [ -28.3201, 38.531 ], [ -28.3225, 38.5315 ], [ -28.3227, 38.528 ], [ -28.3167, 38.5238 ], [ -28.3114, 38.5246 ], [ -28.3028, 38.5152 ], [ -28.3034, 38.5124 ], [ -28.2954, 38.506 ], [ -28.283, 38.5072 ], [ -28.2787, 38.5032 ], [ -28.2706, 38.4993 ], [ -28.2662, 38.4999 ], [ -28.2611, 38.4978 ], [ -28.2587, 38.4988 ], [ -28.2584, 38.497 ], [ -28.2442, 38.4995 ], [ -28.2392, 38.496 ], [ -28.2374, 38.4904 ], [ -28.2332, 38.4872 ], [ -28.2223, 38.4839 ], [ -28.2197, 38.4807 ], [ -28.2084, 38.4801 ], [ -28.2065, 38.4777 ], [ -28.2016, 38.4758 ], [ -28.2007, 38.4724 ], [ -28.1979, 38.4719 ], [ -28.1965, 38.4674 ], [ -28.1923, 38.4625 ], [ -28.1827, 38.4632 ], [ -28.1799, 38.4596 ], [ -28.1764, 38.4601 ], [ -28.1722, 38.4565 ], [ -28.155, 38.4574 ], [ -28.1459, 38.4562 ], [ -28.1422, 38.4528 ], [ -28.1349, 38.451 ], [ -28.1229, 38.4505 ], [ -28.0812, 38.4454 ], [ -28.0804, 38.4468 ], [ -28.0791, 38.4456 ], [ -28.0743, 38.4467 ], [ -28.0581, 38.443 ], [ -28.0568, 38.4381 ], [ -28.0505, 38.4346 ], [ -28.0469, 38.4347 ], [ -28.043, 38.4302 ], [ -28.0369, 38.4294 ], [ -28.0314, 38.4229 ], [ -28.0321, 38.4219 ], [ -28.0305, 38.4217 ], [ -28.0316, 38.4182 ], [ -28.0293, 38.4155 ], [ -28.0298, 38.4118 ], [ -28.0372, 38.4113 ], [ -28.0384, 38.4096 ], [ -28.0443, 38.408 ], [ -28.0534, 38.4083 ], [ -28.0587, 38.4044 ], [ -28.0634, 38.4053 ], [ -28.0678, 38.402 ] ], [ [ -28.3772, 38.4562 ], [ -28.389376744186183, 38.46284186046519 ], [ -28.376983173996173, 38.455747609942634 ], [ -28.3772, 38.4562 ] ] ] } }
]
}
