{
"type": "FeatureCollection",
"name": "Orléans",
"crs": { "type": "name", "properties": { "name": "urn:ogc:def:crs:OGC:1.3:CRS84" } },
"features": [
{ "type": "Feature", "properties": { "Name": null, "id": "" }, "geometry": { "type": "MultiPolygon", "coordinates": [ [ [ [ 1.66367801933871, 47.798952860187001 ], [ 1.66372308145442, 47.798908726708603 ], [ 1.66302266275538, 47.798253620754998 ], [ 1.66292309312144, 47.798287140394301 ], [ 1.66268368852874, 47.797909856562697 ], [ 1.66242449225215, 47.797953255872699 ], [ 1.66236386222006, 47.797963005511797 ], [ 1.6617291747456, 47.797500103223001 ], [ 1.66070720750614, 47.796894148403602 ], [ 1.66046201968021, 47.796752722680601 ], [ 1.6604314456703, 47.796725458682303 ], [ 1.66038347193308, 47.796672971588499 ], [ 1.66021235409345, 47.796513308898497 ], [ 1.66002727320248, 47.796351145868499 ], [ 1.66006211765414, 47.796325529987101 ], [ 1.66004117991384, 47.796308187704597 ], [ 1.65979297918582, 47.796106235928598 ], [ 1.65976857053536, 47.796115318314399 ], [ 1.65926461409255, 47.7957198779348 ], [ 1.65740228354039, 47.796946432967601 ], [ 1.65738111499872, 47.797017662359302 ], [ 1.65783285337936, 47.797576519803798 ], [ 1.65800176853833, 47.797653886990602 ], [ 1.65860888357857, 47.797921611766697 ], [ 1.65893206672548, 47.798064023923203 ], [ 1.65910382828565, 47.798139891785397 ], [ 1.65959466476882, 47.7982827801562 ], [ 1.66099047238109, 47.7986118999479 ], [ 1.6610993740387, 47.798637628338803 ], [ 1.66159063482819, 47.7987534185702 ], [ 1.66294663864517, 47.798950278364103 ], [ 1.66360157634644, 47.7990283209854 ], [ 1.66367801933871, 47.798952860187001 ] ] ], [ [ [ 1.66802756704012, 47.802100144674199 ], [ 1.66842982718143, 47.801770221912598 ], [ 1.66841685137528, 47.801701483364198 ], [ 1.66601872630902, 47.800329480582199 ], [ 1.66592569492474, 47.800336612862303 ], [ 1.66553359447112, 47.800634147742699 ], [ 1.6653273990599, 47.800790495400697 ], [ 1.66525208420273, 47.8008476070532 ], [ 1.66483995147117, 47.801160483985299 ], [ 1.66463879328379, 47.801312927176298 ], [ 1.66454427149759, 47.801384671929597 ], [ 1.66449183675028, 47.801424400953401 ], [ 1.66435790098869, 47.801533412524201 ], [ 1.66409575963202, 47.801746639735001 ], [ 1.66392300671803, 47.8019169583579 ], [ 1.66371952389504, 47.802167039359801 ], [ 1.66368617093578, 47.802239570904703 ], [ 1.66372059313856, 47.802310624908401 ], [ 1.66602889061755, 47.803674899293704 ], [ 1.66611579032944, 47.803667427045298 ], [ 1.66663251932302, 47.803243847971302 ], [ 1.66688924519986, 47.8030333441476 ], [ 1.66702619925255, 47.802921123600498 ], [ 1.66736108454422, 47.8026465172209 ], [ 1.6677574855847, 47.802321480949203 ], [ 1.66782745939122, 47.802264217012102 ], [ 1.66802756704012, 47.802100144674199 ] ] ], [ [ [ 1.66925635407951, 47.803135409260101 ], [ 1.66953026410332, 47.802899800817997 ], [ 1.66813487973872, 47.8020776905039 ], [ 1.66785291929886, 47.802309243664702 ], [ 1.66746155564415, 47.802630556921102 ], [ 1.66699529048498, 47.803013577024501 ], [ 1.66685219468608, 47.803130948509398 ], [ 1.66616424043143, 47.8036960630211 ], [ 1.66617470980698, 47.803763423023902 ], [ 1.6675095283105, 47.804555702438201 ], [ 1.6676080546348, 47.804548181236299 ], [ 1.66766391060671, 47.804505249254603 ], [ 1.66828249223936, 47.803973093402902 ], [ 1.66842464022038, 47.803850848687603 ], [ 1.66887675449634, 47.803461901456899 ], [ 1.66925635407951, 47.803135409260101 ] ] ], [ [ [ 1.67212807805459, 47.8052029382632 ], [ 1.67211388006278, 47.8051882850881 ], [ 1.6716960444937, 47.804761382803498 ], [ 1.67158934205916, 47.804652246160302 ], [ 1.67148211475916, 47.804542743400802 ], [ 1.67085962127478, 47.8039063945088 ], [ 1.67079695633486, 47.803842313631499 ], [ 1.67046194021805, 47.803432998364201 ], [ 1.67045610498368, 47.803425911036797 ], [ 1.67013078111588, 47.803174229957897 ], [ 1.6697462144859, 47.802876778188697 ], [ 1.66966891622486, 47.802874370496397 ], [ 1.66767701803178, 47.804579390142997 ], [ 1.66765683610697, 47.8045903224968 ], [ 1.6676562981683, 47.8046598075329 ], [ 1.6680507109411, 47.804948286289999 ], [ 1.66840160176179, 47.805208814740801 ], [ 1.66890860004502, 47.8055850733844 ], [ 1.66898100690377, 47.805633603349797 ], [ 1.66904118496082, 47.805674253156504 ], [ 1.66913173062924, 47.805734780896501 ], [ 1.6691963784663, 47.8057783618355 ], [ 1.66926377446459, 47.805850958561997 ], [ 1.66957147079493, 47.806081378065699 ], [ 1.66964422339789, 47.806132161876199 ], [ 1.67040156355773, 47.806698394780803 ], [ 1.67061599540763, 47.806506846454802 ], [ 1.67061972073778, 47.806512829653897 ], [ 1.67094836608847, 47.806226080845498 ], [ 1.67111719552901, 47.8060787515576 ], [ 1.67114683375173, 47.806052983464497 ], [ 1.67116131441327, 47.8060402756062 ], [ 1.67123589756067, 47.805975050730503 ], [ 1.67128274400844, 47.805934355299698 ], [ 1.67135186240911, 47.805873929166601 ], [ 1.67142848919595, 47.805807107078103 ], [ 1.6714476102208, 47.805790491158 ], [ 1.67155729490994, 47.805694699056403 ], [ 1.67163268978049, 47.805629033055702 ], [ 1.67166274171469, 47.805602729434398 ], [ 1.67196337277664, 47.805340504189601 ], [ 1.67212807805459, 47.8052029382632 ] ] ], [ [ [ 1.68151539287969, 47.813220158179199 ], [ 1.68166651108392, 47.813134724622401 ], [ 1.68157333357854, 47.813071477109403 ], [ 1.68154428870929, 47.8130517974556 ], [ 1.68135911454168, 47.812926215565803 ], [ 1.68125539581699, 47.812846196651201 ], [ 1.68118852564287, 47.8127944965049 ], [ 1.68114164280947, 47.812755893179599 ], [ 1.6810571772951, 47.812686262260897 ], [ 1.68102771226951, 47.812661987039803 ], [ 1.68087205214487, 47.8125264748614 ], [ 1.68083611486319, 47.812499156293804 ], [ 1.68074260375126, 47.812427893091701 ], [ 1.68068670159537, 47.812462009214499 ], [ 1.68054925047311, 47.812545975137397 ], [ 1.68054748696439, 47.812547035451402 ], [ 1.68039673331538, 47.812639312747997 ], [ 1.68034273005939, 47.812672279906302 ], [ 1.67984049987996, 47.8129792783567 ], [ 1.6796409834426, 47.812819560959298 ], [ 1.67951532640725, 47.812719040237397 ], [ 1.67912536520526, 47.812929869455502 ], [ 1.67928511600214, 47.813024293748597 ], [ 1.67956326019312, 47.813188912124097 ], [ 1.67955112220956, 47.813198766917502 ], [ 1.67960808872604, 47.813234874068101 ], [ 1.67992840675497, 47.813428680987897 ], [ 1.68016179924191, 47.813576681402502 ], [ 1.68034307398321, 47.813703211393403 ], [ 1.68040573450754, 47.813746853378198 ], [ 1.68047956145102, 47.813792871372698 ], [ 1.68095429317809, 47.8135370847031 ], [ 1.68112438441652, 47.813441063697098 ], [ 1.68137986303637, 47.813296675517996 ], [ 1.68151539287969, 47.813220158179199 ] ] ], [ [ [ 1.68297701113256, 47.8141343864364 ], [ 1.68302261530591, 47.814106004438003 ], [ 1.68291397998951, 47.814019270847602 ], [ 1.68283687111982, 47.813959985530502 ], [ 1.68278362465858, 47.813919241089998 ], [ 1.6826775283139, 47.813837936615101 ], [ 1.68267227582233, 47.813834187024597 ], [ 1.6825578724496, 47.813748378404597 ], [ 1.6824840240302, 47.813692369975797 ], [ 1.68234289582209, 47.8135903283153 ], [ 1.68224417275078, 47.813518917796998 ], [ 1.68204934943432, 47.8133997095781 ], [ 1.68203873110165, 47.813391398938798 ], [ 1.68197068611114, 47.813338515883103 ], [ 1.68193542238554, 47.813310935210303 ], [ 1.68176663130974, 47.813198230163898 ], [ 1.68169117217934, 47.813147963964802 ], [ 1.68161527245822, 47.813190946992997 ], [ 1.68159931610602, 47.813203909527601 ], [ 1.68129632388572, 47.813372877482998 ], [ 1.68113426262712, 47.813463048180402 ], [ 1.68095688348546, 47.813561957642101 ], [ 1.68080918096469, 47.813644278250401 ], [ 1.6805126901479, 47.813809536786202 ], [ 1.6805620098125, 47.813841506748801 ], [ 1.68091211411406, 47.814068501117099 ], [ 1.68096349816811, 47.8141034645841 ], [ 1.68117929280045, 47.814250004630303 ], [ 1.68134238586825, 47.814360846056999 ], [ 1.68145992213444, 47.814433459070599 ], [ 1.68159336984237, 47.814516512482498 ], [ 1.68170305346036, 47.814587866738101 ], [ 1.68185040516179, 47.814670716156897 ], [ 1.68199056993487, 47.814747003588899 ], [ 1.68240900900184, 47.814487157663102 ], [ 1.68248596550537, 47.814439325279899 ], [ 1.68268534457367, 47.8143154569701 ], [ 1.68297701113256, 47.8141343864364 ] ] ], [ [ [ 1.66984486808446, 47.813245556557803 ], [ 1.66988020455088, 47.813227234646398 ], [ 1.66941784384418, 47.812863641363698 ], [ 1.66903279685271, 47.812566724280998 ], [ 1.66882914866022, 47.8126519052866 ], [ 1.66867723323571, 47.812709679180003 ], [ 1.66854042868985, 47.812761683602297 ], [ 1.66811890250775, 47.8129558256053 ], [ 1.66793265738683, 47.813023650082101 ], [ 1.66787722290528, 47.812948038421297 ], [ 1.66762951057781, 47.813037037245401 ], [ 1.66764518631873, 47.813056748470103 ], [ 1.66715038363541, 47.8132311511403 ], [ 1.66718783678111, 47.813288375853404 ], [ 1.66702139420724, 47.813344452198898 ], [ 1.66697814019912, 47.813358722601699 ], [ 1.66771463398854, 47.814285328516299 ], [ 1.66779842800851, 47.814295822361302 ], [ 1.66839953612732, 47.8139910242759 ], [ 1.66883113751408, 47.813768371280403 ], [ 1.66968457552452, 47.813328350574501 ], [ 1.66984486808446, 47.813245556557803 ] ] ], [ [ [ 1.66763494587625, 47.8143829880308 ], [ 1.6676508753255, 47.814317908983199 ], [ 1.66703945456408, 47.8135515997742 ], [ 1.66690639302511, 47.813384820829903 ], [ 1.66664748256385, 47.8134779208997 ], [ 1.6664886289672, 47.813535072975803 ], [ 1.66615042004949, 47.813656884397297 ], [ 1.66599850740316, 47.813479898330698 ], [ 1.66562139275396, 47.813645012271202 ], [ 1.66550005964822, 47.8136979994296 ], [ 1.66558419143298, 47.813796172373003 ], [ 1.66526603010934, 47.813960336048702 ], [ 1.665254944178, 47.813965430626503 ], [ 1.66467029221817, 47.813406535628197 ], [ 1.66463892526473, 47.813421030607103 ], [ 1.66378486714272, 47.813814830773303 ], [ 1.66344579323906, 47.8135400226653 ], [ 1.66329885271233, 47.813420788700903 ], [ 1.66328942383163, 47.813413119993001 ], [ 1.66315672961214, 47.813498020203497 ], [ 1.66314802251677, 47.813557330187699 ], [ 1.66362895024873, 47.813919809945197 ], [ 1.66450842598931, 47.814584055260298 ], [ 1.66557458375679, 47.815382739291003 ], [ 1.66567150314757, 47.815386813035801 ], [ 1.66635324464112, 47.815038386294603 ], [ 1.66641104986221, 47.815008799270402 ], [ 1.66763494587625, 47.8143829880308 ] ] ], [ [ [ 1.69159952758497, 47.819512033150097 ], [ 1.6923375723256, 47.819026725653202 ], [ 1.69230591745134, 47.819009630083499 ], [ 1.69215963591361, 47.818931036891001 ], [ 1.69197154720698, 47.8188297437597 ], [ 1.69196312013416, 47.818824608988301 ], [ 1.69190859229264, 47.8187974466424 ], [ 1.69162354962239, 47.818655195153902 ], [ 1.69158935364501, 47.818632760238103 ], [ 1.69146806132061, 47.818554355038202 ], [ 1.69120705158401, 47.818385996858197 ], [ 1.69100379819693, 47.818254828404001 ], [ 1.6907274029845, 47.818076395828797 ], [ 1.69063959755116, 47.818016726437598 ], [ 1.69062639608765, 47.818026390434497 ], [ 1.69051371628086, 47.818103083322498 ], [ 1.68927718511311, 47.817394810998003 ], [ 1.68921868532705, 47.817436733208098 ], [ 1.68887857068371, 47.8176803764011 ], [ 1.68924712348943, 47.817942116158498 ], [ 1.68939988484332, 47.818044909128297 ], [ 1.68956182360917, 47.818149514731303 ], [ 1.69001500307622, 47.818442892446797 ], [ 1.69003763132785, 47.818457457425197 ], [ 1.69035067763812, 47.818732255222201 ], [ 1.69041772438733, 47.8187828715959 ], [ 1.69090904375492, 47.819090893791497 ], [ 1.6912359814675, 47.819290323049202 ], [ 1.69129918458025, 47.819328834200697 ], [ 1.69145850894626, 47.819425936737197 ], [ 1.69157358695411, 47.819496261349698 ], [ 1.69159952758497, 47.819512033150097 ] ] ], [ [ [ 1.69034250237883, 47.819237858455502 ], [ 1.69067176930045, 47.8190332458095 ], [ 1.69058131320085, 47.8189617550807 ], [ 1.69036811565244, 47.818805630834603 ], [ 1.69018983660162, 47.818675190064901 ], [ 1.69014218312534, 47.818640272535099 ], [ 1.68982291227112, 47.818406630678503 ], [ 1.68895798277134, 47.817858140822899 ], [ 1.68861675559253, 47.817583113792402 ], [ 1.68849829884498, 47.8174875445618 ], [ 1.68838626049229, 47.817397267792998 ], [ 1.68832343374774, 47.817359929364699 ], [ 1.68801853163109, 47.817178290749702 ], [ 1.68796940499583, 47.817149026633103 ], [ 1.68719437865577, 47.817653876133498 ], [ 1.68698851886475, 47.8175151102051 ], [ 1.68739606389852, 47.81721461886 ], [ 1.68709949748968, 47.817058184880999 ], [ 1.6868878391808, 47.816954098945899 ], [ 1.68672392497581, 47.816843256418601 ], [ 1.68643984373947, 47.817144588963501 ], [ 1.68635249875809, 47.817185556448301 ], [ 1.68615577498423, 47.817277595818702 ], [ 1.68614387538865, 47.8172832233085 ], [ 1.68571124639949, 47.816981509214202 ], [ 1.68533303013533, 47.817235966823098 ], [ 1.68528501293441, 47.817264592663101 ], [ 1.6848982471124, 47.8169945345389 ], [ 1.68479447910703, 47.8170510689894 ], [ 1.68469088461129, 47.817111385861601 ], [ 1.68443270676951, 47.817261871669203 ], [ 1.68430751856394, 47.817330677171498 ], [ 1.68414164481399, 47.8174288203085 ], [ 1.6841295735663, 47.817495384787897 ], [ 1.68469307601374, 47.817908929670402 ], [ 1.68483313575177, 47.818011586176397 ], [ 1.68511112558647, 47.818205803113003 ], [ 1.68580769124059, 47.81869221534 ], [ 1.68585196814559, 47.818723046208198 ], [ 1.68647839069444, 47.819160420674102 ], [ 1.68652857638688, 47.819195548102698 ], [ 1.68700353750277, 47.819564522554003 ], [ 1.68724273082991, 47.819750108340401 ], [ 1.68792017229338, 47.820276528909297 ], [ 1.68795439925786, 47.820303105835897 ], [ 1.68888893067546, 47.819883748078901 ], [ 1.68958572793481, 47.819587474263898 ], [ 1.69034250237883, 47.819237858455502 ] ] ], [ [ [ 1.66522723716056, 47.821368301771301 ], [ 1.66630441703655, 47.820784850992197 ], [ 1.66594865822051, 47.820618778582798 ], [ 1.66572764711787, 47.820515628083697 ], [ 1.66525365910955, 47.820294379625899 ], [ 1.66333899323813, 47.819400421190103 ], [ 1.6628205054501, 47.819737820688701 ], [ 1.66274590674042, 47.819829053831199 ], [ 1.66266854954235, 47.819923675978899 ], [ 1.66263200632407, 47.819968446001504 ], [ 1.66251383205702, 47.820113010093699 ], [ 1.66245520913261, 47.820201364842902 ], [ 1.66230548972225, 47.820324775625998 ], [ 1.66262008091501, 47.8206870696132 ], [ 1.66360259197815, 47.821818404021599 ], [ 1.66382237566841, 47.822066196338 ], [ 1.66409025254881, 47.822368184325299 ], [ 1.6641788102981, 47.8223863860104 ], [ 1.66477010900265, 47.822162687167399 ], [ 1.66462046876347, 47.821990226965603 ], [ 1.66444732069265, 47.8217905846696 ], [ 1.66456425889588, 47.821727106981498 ], [ 1.66522723716056, 47.821368301771301 ] ] ], [ [ [ 1.66402273570103, 47.822390278401002 ], [ 1.66392972426036, 47.822283362441198 ], [ 1.66374708156954, 47.822073349367599 ], [ 1.6635819696976, 47.821883788879497 ], [ 1.66286806398525, 47.822162341972899 ], [ 1.66285200285389, 47.822168549753897 ], [ 1.66268584285705, 47.822233354572099 ], [ 1.66299481846119, 47.8226228570636 ], [ 1.66310364167611, 47.822760018609799 ], [ 1.66400446887874, 47.822452359647102 ], [ 1.66402273570103, 47.822390278401002 ] ] ], [ [ [ 1.66587958470943, 47.823382579723301 ], [ 1.66591163739475, 47.823319664965503 ], [ 1.66571996636837, 47.822973632048701 ], [ 1.6656863894706, 47.822820316898401 ], [ 1.66567990793199, 47.822790988727199 ], [ 1.66531435080975, 47.822439735302702 ], [ 1.66503218958127, 47.822168732254497 ], [ 1.66494607122167, 47.822154519588302 ], [ 1.66403829460587, 47.822505133024698 ], [ 1.66306642263421, 47.822831605057502 ], [ 1.66330464785379, 47.823169982109 ], [ 1.66355304347681, 47.823534578442299 ], [ 1.66358695086574, 47.8235841123577 ], [ 1.66395114016074, 47.824080097123897 ], [ 1.66550987096895, 47.823516272658999 ], [ 1.66557488145022, 47.823492889015 ], [ 1.66587958470943, 47.823382579723301 ] ] ], [ [ [ 1.66751796742995, 47.819851887246401 ], [ 1.66814768293904, 47.819453351569003 ], [ 1.66807060969997, 47.819392976868201 ], [ 1.66680083927006, 47.818400453998201 ], [ 1.66659400189475, 47.818238687122196 ], [ 1.66635293117026, 47.818056457321603 ], [ 1.66619890132894, 47.817931385981503 ], [ 1.66610723081331, 47.817925662196203 ], [ 1.66555900077301, 47.818198015382599 ], [ 1.66546902002735, 47.818236777149899 ], [ 1.66455568631457, 47.818630537935 ], [ 1.66391377670113, 47.8189073071091 ], [ 1.66335783515971, 47.819267595674397 ], [ 1.66336677068328, 47.8193268366051 ], [ 1.66453180048613, 47.819869035080302 ], [ 1.66464937482579, 47.819923752544703 ], [ 1.66478225859101, 47.819986205408902 ], [ 1.66489797869348, 47.820040271399201 ], [ 1.66506944860016, 47.820120265968299 ], [ 1.66556391394588, 47.820350929708397 ], [ 1.665594695733, 47.820365232211103 ], [ 1.66570671696404, 47.820417635023503 ], [ 1.66611584857313, 47.8206084391663 ], [ 1.66623474200033, 47.820663980112002 ], [ 1.66751796742995, 47.819851887246401 ] ] ], [ [ [ 1.66550270213595, 47.815477965836301 ], [ 1.66550758444201, 47.815416541905101 ], [ 1.66444832440568, 47.814619916175701 ], [ 1.66386951835929, 47.814184763262503 ], [ 1.66356523492601, 47.813955899262098 ], [ 1.66295963980818, 47.814310489472298 ], [ 1.66257960097548, 47.814532809295002 ], [ 1.6625295518173, 47.814556812070201 ], [ 1.66266968213985, 47.814654635884501 ], [ 1.66249330625193, 47.814749298562198 ], [ 1.66317870075415, 47.815234281369897 ], [ 1.66286092183383, 47.815393222115603 ], [ 1.66281082231699, 47.815424515564899 ], [ 1.66277491803887, 47.815438688245898 ], [ 1.66259516116764, 47.8155295319049 ], [ 1.66249323586833, 47.815581027140098 ], [ 1.66227395495945, 47.8156917624868 ], [ 1.66241980562718, 47.815801353604201 ], [ 1.6633985927299, 47.816502835089103 ], [ 1.66349733225242, 47.816503690860102 ], [ 1.66373776805113, 47.8163807725022 ], [ 1.66395302711058, 47.816270528707797 ], [ 1.66456453444042, 47.815957857414197 ], [ 1.6646806877328, 47.815898511243297 ], [ 1.66513731871948, 47.815664905119199 ], [ 1.66550270213595, 47.815477965836301 ] ] ], [ [ [ 1.67175430325425, 47.815136257304701 ], [ 1.67209815765763, 47.814975517825502 ], [ 1.66992481219516, 47.813260325884201 ], [ 1.66989677538798, 47.813275310111699 ], [ 1.6697822075288, 47.813335849582501 ], [ 1.66937188314041, 47.8135469557592 ], [ 1.66904210158434, 47.813716758537403 ], [ 1.66885663531141, 47.813812137581898 ], [ 1.6681020363784, 47.814200257205499 ], [ 1.66784118803044, 47.814333304060803 ], [ 1.66782589914616, 47.814394159755999 ], [ 1.66963798088044, 47.816045791136297 ], [ 1.66973697719287, 47.8160577162745 ], [ 1.67000761759481, 47.815934047814601 ], [ 1.67079127351065, 47.8155761302706 ], [ 1.67098201545333, 47.815488999303803 ], [ 1.67133145871055, 47.815329405584798 ], [ 1.67175430325425, 47.815136257304701 ] ] ], [ [ [ 1.66955883032315, 47.816143367936803 ], [ 1.66957064329028, 47.8160771618276 ], [ 1.66775869001042, 47.814431111748704 ], [ 1.66766937258889, 47.814417044554297 ], [ 1.66763229612502, 47.814440746862999 ], [ 1.66739940188932, 47.8145567377926 ], [ 1.66716586624538, 47.814676951625202 ], [ 1.66676133808277, 47.814885234197497 ], [ 1.66647297195194, 47.815033537455001 ], [ 1.66598246690054, 47.815286116233999 ], [ 1.66582528465373, 47.8153669601055 ], [ 1.66580979861005, 47.815430243663201 ], [ 1.66761459881124, 47.8170513981065 ], [ 1.66770248765343, 47.817069319628501 ], [ 1.667853655973, 47.816993895793402 ], [ 1.66834450400759, 47.816749234466101 ], [ 1.66864047610768, 47.816601553172603 ], [ 1.66904619960539, 47.816399128726097 ], [ 1.66928302683997, 47.816281018913102 ], [ 1.66955883032315, 47.816143367936803 ] ] ], [ [ [ 1.66333696118449, 47.816588815733503 ], [ 1.66334752543976, 47.816530067095201 ], [ 1.66233832480388, 47.815815726192 ], [ 1.66233869900291, 47.815869918872302 ], [ 1.66168384004455, 47.816359411275698 ], [ 1.66162760008108, 47.816358499132598 ], [ 1.66229038748027, 47.817067993168003 ], [ 1.66238342842795, 47.817077606197898 ], [ 1.66333696118449, 47.816588815733503 ] ] ], [ [ [ 1.66753597746472, 47.817148979559299 ], [ 1.66755022002976, 47.817076590324902 ], [ 1.66574699293133, 47.815462023823599 ], [ 1.66565476483697, 47.8154520626262 ], [ 1.66460444014439, 47.815991887222701 ], [ 1.66438632819637, 47.8161040800032 ], [ 1.66353296707694, 47.816542803124598 ], [ 1.66338036514579, 47.816621895686701 ], [ 1.66242125940502, 47.817119714310998 ], [ 1.66240561029799, 47.8171839856997 ], [ 1.66242166583305, 47.8172098228628 ], [ 1.66262372291129, 47.8174281615821 ], [ 1.66293520525186, 47.817764676066197 ], [ 1.66389529823144, 47.818802320457003 ], [ 1.66398298684003, 47.818812321235399 ], [ 1.66403477874875, 47.818793558520703 ], [ 1.66551433450284, 47.8181565506437 ], [ 1.665681613743, 47.8180731217345 ], [ 1.66624028304261, 47.817794765814597 ], [ 1.66645574215201, 47.817687220198302 ], [ 1.66753597746472, 47.817148979559299 ] ] ], [ [ [ 1.66382914247403, 47.818828930618302 ], [ 1.66375341712706, 47.818747055058701 ], [ 1.66341059738746, 47.818375440432497 ], [ 1.66310173535618, 47.818040757564702 ], [ 1.66290618914052, 47.817829065070804 ], [ 1.66262049064794, 47.817519488795 ], [ 1.66259187146764, 47.817493688356599 ], [ 1.66228340015081, 47.817159817628898 ], [ 1.6621561644179, 47.817021994519301 ], [ 1.66207081786548, 47.816929656323502 ], [ 1.66198637966761, 47.816838408592503 ], [ 1.66143856644156, 47.816254894968701 ], [ 1.66142690221943, 47.816261692849203 ], [ 1.66112254671494, 47.816439055036099 ], [ 1.66111631035665, 47.816442584364601 ], [ 1.66111522340843, 47.8164432920614 ], [ 1.66085752332582, 47.816593462142002 ], [ 1.66063481281323, 47.816723328238503 ], [ 1.66035418637326, 47.816886917387201 ], [ 1.66026480375914, 47.8169390041081 ], [ 1.66038551012369, 47.817001593073698 ], [ 1.66048260303766, 47.817051940226001 ], [ 1.6605878753606, 47.817106521394699 ], [ 1.66060011700293, 47.817113952397499 ], [ 1.66067868232643, 47.817162377417098 ], [ 1.66071539827517, 47.817185030344497 ], [ 1.66075395979465, 47.817208694497999 ], [ 1.6610286218801, 47.817377547728903 ], [ 1.66104599495252, 47.8173881877822 ], [ 1.66110346289108, 47.817425299810097 ], [ 1.66113134318134, 47.817443260972098 ], [ 1.6612323437213, 47.8175083243706 ], [ 1.66145144024411, 47.817649537779801 ], [ 1.66159768864692, 47.817748782699603 ], [ 1.66190587567467, 47.8179398898912 ], [ 1.66223300780343, 47.818143004241499 ], [ 1.66197688329044, 47.8182940948126 ], [ 1.66181612395385, 47.818389024685303 ], [ 1.66191674669596, 47.818458583808301 ], [ 1.66164002589592, 47.818631401923703 ], [ 1.66204152496815, 47.8183967282894 ], [ 1.66204323667772, 47.8183393189924 ], [ 1.66210144006698, 47.818379139300397 ], [ 1.6616674812847, 47.8186397266049 ], [ 1.66168923454597, 47.818646275919001 ], [ 1.66200108169889, 47.8187399395119 ], [ 1.66215891920692, 47.818782427162702 ], [ 1.66225841286226, 47.818822538559402 ], [ 1.66227011149572, 47.818814390786301 ], [ 1.66237379024169, 47.818858150392799 ], [ 1.6624487724801, 47.818889790676302 ], [ 1.66249425871674, 47.818909212558196 ], [ 1.6626698837083, 47.8189937588687 ], [ 1.6629909029819, 47.819148013667203 ], [ 1.66307342949172, 47.819187930834801 ], [ 1.66319109145353, 47.819244361078297 ], [ 1.66329388266734, 47.819238422117401 ], [ 1.66382511856397, 47.818893334623901 ], [ 1.66382914247403, 47.818828930618302 ] ] ] ] } },
{ "type": "Feature", "properties": { "Name": null, "id": "" }, "geometry": { "type": "MultiPolygon", "coordinates": [ [ [ [ 1.64431046877794, 47.7874050972367 ], [ 1.64541968742299, 47.786631369629802 ], [ 1.64533313897755, 47.786578789841201 ], [ 1.64513189395836, 47.7864565615955 ], [ 1.64512613562018, 47.786451904194699 ], [ 1.64499591657137, 47.786351920849398 ], [ 1.64486054149382, 47.786255118276898 ], [ 1.64472041326274, 47.786161411104899 ], [ 1.64447100616951, 47.786005678690401 ], [ 1.64438061834314, 47.785962325365603 ], [ 1.64420441470597, 47.7858482165731 ], [ 1.64403037804131, 47.785732962374702 ], [ 1.64388405723601, 47.7856360319104 ], [ 1.64359154157352, 47.785442531921198 ], [ 1.64353125625528, 47.785402496962703 ], [ 1.64341901808736, 47.785330894913599 ], [ 1.64328149787561, 47.7852293847303 ], [ 1.64325369784893, 47.785209169260902 ], [ 1.64292663264258, 47.784967018843297 ], [ 1.6427688053274, 47.784839618233399 ], [ 1.6426238145616, 47.784764035279601 ], [ 1.64233025351638, 47.784564758803498 ], [ 1.64156081354401, 47.785176499134401 ], [ 1.64151799106209, 47.785211108791501 ], [ 1.64181947421636, 47.785408768765599 ], [ 1.64223486355377, 47.785680751020003 ], [ 1.64242775418917, 47.785810718978098 ], [ 1.64248140877537, 47.785848877347398 ], [ 1.64258713155833, 47.7859193245935 ], [ 1.64270265788912, 47.785998166780601 ], [ 1.64275923436781, 47.786036988977401 ], [ 1.64304397088259, 47.7862265301913 ], [ 1.64309284647776, 47.786258331797598 ], [ 1.64313670132796, 47.786293225787603 ], [ 1.64317514173441, 47.786330937559399 ], [ 1.64317813253927, 47.7863341227525 ], [ 1.6433132335279, 47.7864625196855 ], [ 1.64332457506399, 47.786473452925598 ], [ 1.64345788584183, 47.786603989322501 ], [ 1.64353808104514, 47.786685662085297 ], [ 1.64369444126417, 47.786876145545698 ], [ 1.64380885124494, 47.787014654113896 ], [ 1.64409588752796, 47.787250577317401 ], [ 1.64422736617212, 47.7873483257884 ], [ 1.64431046877794, 47.7874050972367 ] ] ], [ [ [ 1.64556834763143, 47.788457437526098 ], [ 1.64556620695615, 47.788389360907999 ], [ 1.64554607987542, 47.788366714312502 ], [ 1.64528728281088, 47.7881543455483 ], [ 1.645229853945, 47.788106873299803 ], [ 1.64521311249724, 47.788092907300502 ], [ 1.64493456943983, 47.787900742925601 ], [ 1.64463606186521, 47.787695384611503 ], [ 1.6445167185082, 47.787614069894197 ], [ 1.64411497286323, 47.787340273893001 ], [ 1.644058107557, 47.787291727358898 ], [ 1.64392173592966, 47.7871815898893 ], [ 1.64375594249832, 47.787046717367303 ], [ 1.64371198144012, 47.786994989449802 ], [ 1.64363742254668, 47.786901770043002 ], [ 1.6434591266924, 47.786681057243797 ], [ 1.64335483473599, 47.786575341206301 ], [ 1.64324868069702, 47.786469333452601 ], [ 1.64320456960639, 47.7864287655445 ], [ 1.64307752086675, 47.786314594234199 ], [ 1.64304149175558, 47.7862870821507 ], [ 1.64253071171615, 47.785942435054501 ], [ 1.64247085475661, 47.785901324331803 ], [ 1.64227237364077, 47.785765350616501 ], [ 1.64207974371001, 47.785635655462499 ], [ 1.64201868801594, 47.785594440582997 ], [ 1.6419574736283, 47.785554214005202 ], [ 1.64187335416149, 47.785495628659298 ], [ 1.64167640716651, 47.7853624621469 ], [ 1.64141459164004, 47.785185785453798 ], [ 1.64118402330974, 47.785030354277502 ], [ 1.64077632548291, 47.785383168119601 ], [ 1.63952848826879, 47.786467778430698 ], [ 1.63974416993252, 47.786636092183798 ], [ 1.63987187498544, 47.7867347920469 ], [ 1.63999000547185, 47.786826629420403 ], [ 1.64025579185786, 47.787030990056003 ], [ 1.64031303314998, 47.787075132071898 ], [ 1.64037014100833, 47.787119272509102 ], [ 1.64055311702796, 47.787260920455097 ], [ 1.64074350750354, 47.7874103954791 ], [ 1.64079864531697, 47.787453252612302 ], [ 1.64143269391468, 47.787945162043897 ], [ 1.64195032723839, 47.788346242714297 ], [ 1.64210158939782, 47.788464296360999 ], [ 1.64227094445191, 47.788595701773801 ], [ 1.64284517744265, 47.789040551632198 ], [ 1.64295808699111, 47.7891280045421 ], [ 1.64324531402924, 47.789351509502197 ], [ 1.64352192444749, 47.789567149435698 ], [ 1.64358072771606, 47.7896131081269 ], [ 1.64386891308631, 47.789835902406097 ], [ 1.64395964112631, 47.789834702145498 ], [ 1.64556834763143, 47.788457437526098 ] ] ], [ [ [ 1.64862562975311, 47.7903205984802 ], [ 1.64907091623393, 47.790043984989197 ], [ 1.64906344530814, 47.789985748799197 ], [ 1.64882859963478, 47.789865570368001 ], [ 1.64831105636462, 47.7896055766697 ], [ 1.64778942063742, 47.789349133980203 ], [ 1.64702906341433, 47.7890886721258 ], [ 1.64599314855643, 47.788733925062402 ], [ 1.6456948349404, 47.788494365921302 ], [ 1.64561446451365, 47.788492806734602 ], [ 1.64539033675916, 47.788686719806797 ], [ 1.64511764982133, 47.788920127879003 ], [ 1.64502518526428, 47.789000072659597 ], [ 1.64495758276231, 47.789058341091902 ], [ 1.64493108364727, 47.789081348667899 ], [ 1.64465539073349, 47.789317241330799 ], [ 1.64461838685264, 47.789348858833598 ], [ 1.64447497755588, 47.789472771565997 ], [ 1.64400958250813, 47.789872006550603 ], [ 1.64400492061306, 47.7899448652771 ], [ 1.64513324002859, 47.790820538254302 ], [ 1.64579716692046, 47.791333021203499 ], [ 1.64584657524813, 47.791375629519003 ], [ 1.64627552135093, 47.791710673286701 ], [ 1.64636653181237, 47.791714245212901 ], [ 1.64692130178615, 47.7913722931848 ], [ 1.64709106908479, 47.7912676752347 ], [ 1.64713288564627, 47.791241153427201 ], [ 1.64746646671198, 47.791034818459103 ], [ 1.64749374492194, 47.791017940386297 ], [ 1.64756715823592, 47.7909727898857 ], [ 1.64767477206021, 47.790906430363599 ], [ 1.64799829561909, 47.790706728970001 ], [ 1.64830687158173, 47.790516935982197 ], [ 1.64862562975311, 47.7903205984802 ] ] ], [ [ [ 1.65161409088962, 47.7913814760254 ], [ 1.65100112091081, 47.790927493366297 ], [ 1.65097401917361, 47.7909058476544 ], [ 1.65093445839172, 47.790880367844501 ], [ 1.65089039960894, 47.7908584368463 ], [ 1.64980557318573, 47.790339063033301 ], [ 1.64922522791587, 47.790063767275903 ], [ 1.64912970017117, 47.790069867131699 ], [ 1.64769448650064, 47.790955896405102 ], [ 1.64776780259547, 47.791003910731199 ], [ 1.64796579457132, 47.791139418624503 ], [ 1.6480649359095, 47.791206724037103 ], [ 1.64819581100574, 47.791297349450197 ], [ 1.64825711309923, 47.791339823906803 ], [ 1.64844536277607, 47.791469817607997 ], [ 1.64862774805898, 47.791594072372497 ], [ 1.64880431325966, 47.7917160993442 ], [ 1.6489788203092, 47.791835041774299 ], [ 1.64902647074508, 47.791868086793599 ], [ 1.64906519354324, 47.791894997820798 ], [ 1.6491312313839, 47.791940406887498 ], [ 1.64922786125137, 47.792006782141002 ], [ 1.64923809926747, 47.792013921375798 ], [ 1.64941142923271, 47.7921319493948 ], [ 1.64958318030505, 47.792249058788698 ], [ 1.64970256463859, 47.7923294682411 ], [ 1.64973903616847, 47.792355632962597 ], [ 1.64974769921982, 47.792361673814703 ], [ 1.64981148170562, 47.7924065163892 ], [ 1.64985517942276, 47.792437445144898 ], [ 1.65023425758492, 47.792206782482403 ], [ 1.65146493355351, 47.791474365586602 ], [ 1.65161409088962, 47.7913814760254 ] ] ], [ [ [ 1.65924075636849, 47.795712403743799 ], [ 1.65938020136485, 47.795617863151101 ], [ 1.65920283549183, 47.795462538071703 ], [ 1.65903114552455, 47.795304667217202 ], [ 1.65900374878632, 47.795278609363699 ], [ 1.65895478648856, 47.795223049784099 ], [ 1.65885682590386, 47.795113370384499 ], [ 1.65874264548334, 47.795037710969503 ], [ 1.6584544963492, 47.794852311659099 ], [ 1.65835685142403, 47.794788453113902 ], [ 1.65823987016697, 47.794712671093897 ], [ 1.65794653734896, 47.794547554524399 ], [ 1.65768405004532, 47.794398903266497 ], [ 1.65751413080794, 47.794303520817301 ], [ 1.65748963390634, 47.794289647853297 ], [ 1.65733526270314, 47.794202814685001 ], [ 1.65732327798462, 47.794196016229002 ], [ 1.65720599878449, 47.794142733501502 ], [ 1.65715118783773, 47.794117891266801 ], [ 1.65704699380847, 47.794070159247902 ], [ 1.65687291718018, 47.793991380987897 ], [ 1.6568414766691, 47.7939721173911 ], [ 1.65679791122355, 47.793946323711502 ], [ 1.65659180434792, 47.793824060546903 ], [ 1.65650913728189, 47.793775584675103 ], [ 1.65639224162124, 47.793707182941098 ], [ 1.65630794662878, 47.793754914525998 ], [ 1.65612029760176, 47.793615939304303 ], [ 1.65625195728171, 47.793533465084003 ], [ 1.65625752582401, 47.793529838321298 ], [ 1.65618591477715, 47.793477348297102 ], [ 1.6560993479654, 47.793414064890598 ], [ 1.65595100932634, 47.793305425286398 ], [ 1.65577199940051, 47.7931735697317 ], [ 1.65572533482682, 47.793201749230299 ], [ 1.65564081126595, 47.793152801333001 ], [ 1.65559790797271, 47.793127284824003 ], [ 1.65546184267735, 47.793045789968403 ], [ 1.65534800555472, 47.792978052334902 ], [ 1.65532394654599, 47.792983897265799 ], [ 1.65513433699913, 47.793107652455802 ], [ 1.65502982658722, 47.793014457223599 ], [ 1.65500623068794, 47.792991412499497 ], [ 1.65496254453292, 47.792949323950999 ], [ 1.65493072881595, 47.792918533551003 ], [ 1.65490119020264, 47.792887499236699 ], [ 1.65484671498699, 47.792823053003303 ], [ 1.65467704162691, 47.792623251305102 ], [ 1.65461205718881, 47.792546532211901 ], [ 1.65455483972075, 47.792479623920599 ], [ 1.65443413115836, 47.792377330574801 ], [ 1.65440365077531, 47.792351866253803 ], [ 1.65410806215485, 47.792102639329698 ], [ 1.65406999371786, 47.792086719392699 ], [ 1.65385072506834, 47.7919941850284 ], [ 1.65356525905172, 47.791872984777903 ], [ 1.65353277315818, 47.791852898090603 ], [ 1.65340145342507, 47.791774155706896 ], [ 1.65327462747585, 47.791692044235901 ], [ 1.65315269365687, 47.791606658286 ], [ 1.65304128028383, 47.791522563346497 ], [ 1.65314584486362, 47.791465615448402 ], [ 1.65264162981727, 47.791142063827401 ], [ 1.65222219909669, 47.790872954417701 ], [ 1.65187283329122, 47.790648667194297 ], [ 1.65179090343009, 47.790592544968398 ], [ 1.65141548264782, 47.790337081170001 ], [ 1.65128483500633, 47.790247902205898 ], [ 1.6511646927951, 47.790165865240503 ], [ 1.65095037748282, 47.790031254964099 ], [ 1.65061061436964, 47.789818506286998 ], [ 1.65043192618511, 47.789706539167497 ], [ 1.65036901725186, 47.789674759147701 ], [ 1.6499862272933, 47.7894786158665 ], [ 1.64982320928342, 47.789401934403699 ], [ 1.64981122094998, 47.789390094223798 ], [ 1.6496837750907, 47.789306531233002 ], [ 1.64953452610049, 47.789208404302101 ], [ 1.64951120802412, 47.789195623354203 ], [ 1.64935721268162, 47.7891108537967 ], [ 1.64931992180061, 47.789085489575001 ], [ 1.64928014178501, 47.789058206316199 ], [ 1.64920880945129, 47.789011025880598 ], [ 1.6491021461641, 47.788940213997897 ], [ 1.6490396283657, 47.7888983559927 ], [ 1.64888185743727, 47.788794008852499 ], [ 1.6484815769321, 47.788545449643699 ], [ 1.6483650752986, 47.788472903274197 ], [ 1.64826109576268, 47.788385918723797 ], [ 1.64812653503383, 47.788309203052002 ], [ 1.64795827489951, 47.788197262258002 ], [ 1.64789674937715, 47.788158475588901 ], [ 1.64734823683005, 47.787814495143401 ], [ 1.64729735430376, 47.787782672213901 ], [ 1.6463359617955, 47.788799547183302 ], [ 1.6471349944736, 47.789072612374497 ], [ 1.64749480476002, 47.789194867114603 ], [ 1.64777597189498, 47.789289658471702 ], [ 1.6478241118833, 47.7893085772616 ], [ 1.64845100773461, 47.789617452982803 ], [ 1.64864861171638, 47.789715508913197 ], [ 1.64926078143261, 47.790020789676902 ], [ 1.64943757516152, 47.790107352358703 ], [ 1.65076215847166, 47.7907428204891 ], [ 1.65098368807582, 47.790851139559798 ], [ 1.65123811262323, 47.791037160156499 ], [ 1.65193069229124, 47.7915493973235 ], [ 1.6523851738503, 47.7919062257115 ], [ 1.65278197232867, 47.792283452549803 ], [ 1.65282396117865, 47.7923239021613 ], [ 1.65288730507538, 47.792380890063598 ], [ 1.65294483387491, 47.7924406915647 ], [ 1.65299669705742, 47.792502678283803 ], [ 1.65300083600165, 47.792508036772098 ], [ 1.65337909660563, 47.792942478015199 ], [ 1.65366618047558, 47.793205831339201 ], [ 1.65380113989704, 47.793325662108202 ], [ 1.6541642045893, 47.793664239657502 ], [ 1.65419553620508, 47.793693044356502 ], [ 1.65438407082176, 47.793907735706398 ], [ 1.65458259038514, 47.794129112473797 ], [ 1.65466276778403, 47.794217887946097 ], [ 1.65472106191704, 47.794305691989202 ], [ 1.65478541820837, 47.794391495244497 ], [ 1.65479824121769, 47.7944073951235 ], [ 1.65494009565705, 47.794603456457402 ], [ 1.65506598260949, 47.794775930359002 ], [ 1.65521960527543, 47.794987428948303 ], [ 1.65538332696774, 47.795216956205202 ], [ 1.65541406555614, 47.795258715913 ], [ 1.65560487146915, 47.795457948446 ], [ 1.65592815036495, 47.795796603428997 ], [ 1.6564014404111, 47.7961252756429 ], [ 1.6566884585006, 47.796323719091298 ], [ 1.65691673707213, 47.796483592187897 ], [ 1.65698236166128, 47.796529981998603 ], [ 1.65701800198633, 47.796557575032303 ], [ 1.65730110689339, 47.796911247980397 ], [ 1.65737316601251, 47.7969250358233 ], [ 1.65922869421294, 47.795703354232401 ], [ 1.65924075636849, 47.795712403743799 ] ] ] ] } },
{ "type": "Feature", "properties": { "Name": null, "id": "" }, "geometry": { "type": "MultiPolygon", "coordinates": [ [ [ [ 2.03895041184794, 47.8919861419146 ], [ 2.03896105232797, 47.891937987030197 ], [ 2.03883434117216, 47.891922189088604 ], [ 2.03874455295717, 47.891907053351503 ], [ 2.03856408853413, 47.891859313675901 ], [ 2.03847511960798, 47.891843284403002 ], [ 2.03837009142637, 47.891834683833103 ], [ 2.03824098056782, 47.891825795877303 ], [ 2.03817056802521, 47.891819638790999 ], [ 2.03813902909059, 47.8920241388645 ], [ 2.03655341928766, 47.891977115771397 ], [ 2.03642512076008, 47.891973605709801 ], [ 2.03639095762048, 47.892221312605002 ], [ 2.03634272181733, 47.892571202168199 ], [ 2.03629537772288, 47.892914690700202 ], [ 2.03629953022704, 47.8929152108064 ], [ 2.03638632186003, 47.892933293922397 ], [ 2.03675747754567, 47.8930111327806 ], [ 2.03691571799351, 47.893044742303402 ], [ 2.03714736374758, 47.893074543474199 ], [ 2.0375059273038, 47.893123655503899 ], [ 2.03763054408121, 47.893137007580698 ], [ 2.03773829185959, 47.8931655218854 ], [ 2.03788290665875, 47.893212608964703 ], [ 2.03795922022653, 47.8932403254326 ], [ 2.03799651934262, 47.893242431142902 ], [ 2.03799505086874, 47.893249619402397 ], [ 2.03799179577111, 47.893266783427599 ], [ 2.0381753507449, 47.893343620405197 ], [ 2.03825826677149, 47.8933688706623 ], [ 2.03831498283641, 47.893385085893399 ], [ 2.03852184112148, 47.893424041661099 ], [ 2.0386774859924, 47.893453307350903 ], [ 2.0386821783135, 47.893430664856901 ], [ 2.03871799473375, 47.893233760149599 ], [ 2.03873736376989, 47.8931248343197 ], [ 2.03874544004894, 47.893040927038598 ], [ 2.03874980373179, 47.8929994710819 ], [ 2.03876245586045, 47.892877169695502 ], [ 2.03876868323517, 47.8927918972079 ], [ 2.03895041184794, 47.8919861419146 ] ] ], [ [ [ 2.05349696256053, 47.896327729526099 ], [ 2.05352109568316, 47.896167628234899 ], [ 2.05350968905548, 47.896146835526203 ], [ 2.05317666088199, 47.896014725626898 ], [ 2.0527720472447, 47.895851886136498 ], [ 2.05240257498745, 47.895752331171202 ], [ 2.05233890992781, 47.895735166701897 ], [ 2.05227191567089, 47.895717075290797 ], [ 2.05215896837501, 47.895686732430399 ], [ 2.05162620394561, 47.895543375036901 ], [ 2.05129176274767, 47.895453369830499 ], [ 2.05094509891684, 47.895358404675797 ], [ 2.05076711881606, 47.895312684196 ], [ 2.05069118925637, 47.895292899567302 ], [ 2.05068905954378, 47.895292252323699 ], [ 2.05047933726673, 47.895232954243099 ], [ 2.0498332278097, 47.895059690783803 ], [ 2.0498679278903, 47.894900485585602 ], [ 2.04981755822523, 47.894865876656503 ], [ 2.04977848914053, 47.894872850735297 ], [ 2.04850920757217, 47.895062108590899 ], [ 2.04843505063673, 47.895115239619201 ], [ 2.04833652347853, 47.895475264664 ], [ 2.04816070523175, 47.896107913202002 ], [ 2.04821490052802, 47.896168024778 ], [ 2.04848274733044, 47.8962101572751 ], [ 2.04850460722336, 47.896215104608999 ], [ 2.04899565703952, 47.896326187062897 ], [ 2.04945913994935, 47.896429753993601 ], [ 2.04967878722821, 47.896480583843399 ], [ 2.04979207810967, 47.896506701697902 ], [ 2.05002145742248, 47.896559679736903 ], [ 2.05012193790022, 47.896583713545397 ], [ 2.05016269024595, 47.896594933634901 ], [ 2.0503813150385, 47.896643143787003 ], [ 2.05045155998514, 47.896659102473102 ], [ 2.05132121576154, 47.896853609363298 ], [ 2.05185601608076, 47.896973583521401 ], [ 2.05197198699571, 47.896999630886803 ], [ 2.05204423690763, 47.897015784804402 ], [ 2.05210488830696, 47.897029414951703 ], [ 2.05240474417607, 47.897100687876801 ], [ 2.05272778146176, 47.897170436994003 ], [ 2.05339341308382, 47.897324130711503 ], [ 2.05345060280005, 47.897291740599997 ], [ 2.05343468861958, 47.897095855280099 ], [ 2.05343436793565, 47.896971198211098 ], [ 2.05345867749767, 47.896921352389299 ], [ 2.05348661736143, 47.896510172758298 ], [ 2.05347861579073, 47.8965085781971 ], [ 2.05349696256053, 47.896327729526099 ] ] ], [ [ [ 2.01830931364093, 47.896094591090403 ], [ 2.01849294466773, 47.896036003819802 ], [ 2.01842165083288, 47.895932533477698 ], [ 2.01821440900882, 47.895632258087403 ], [ 2.01812435042297, 47.895609994056599 ], [ 2.01701221896545, 47.895913091312501 ], [ 2.01679780666268, 47.895971598524703 ], [ 2.01660155517373, 47.896025037240499 ], [ 2.01647269654032, 47.896059959389603 ], [ 2.01626448009247, 47.896116267439801 ], [ 2.01599465695105, 47.8961893395429 ], [ 2.01599425384617, 47.896189426168299 ], [ 2.01593429442765, 47.896254536405301 ], [ 2.01607912464597, 47.897733971963497 ], [ 2.01610399493857, 47.898031372630598 ], [ 2.01610859976051, 47.898086223472397 ], [ 2.01617994024081, 47.898129303010201 ], [ 2.01634689667403, 47.8981188213506 ], [ 2.01639652151255, 47.898098716239197 ], [ 2.016448708843, 47.8980775525282 ], [ 2.01665569979602, 47.897993872767103 ], [ 2.01697461601773, 47.897864777871703 ], [ 2.01718794632106, 47.8977783601363 ], [ 2.01715963084427, 47.897478770775201 ], [ 2.01713760335059, 47.8972443966912 ], [ 2.0171110646737, 47.8969645329123 ], [ 2.01730972719729, 47.896903913229998 ], [ 2.01755656943933, 47.896828845753198 ], [ 2.01763248009673, 47.896805719929297 ], [ 2.01780166474471, 47.896754123160903 ], [ 2.01775586172966, 47.896263849507903 ], [ 2.01830460026625, 47.896096171748297 ], [ 2.01830931364093, 47.896094591090403 ] ] ], [ [ [ 2.05356712055249, 47.898428520151398 ], [ 2.05362257469976, 47.898410966500599 ], [ 2.05355331433329, 47.897844018241102 ], [ 2.05353450382987, 47.897840626496603 ], [ 2.05347720554259, 47.897443610486 ], [ 2.05340451228726, 47.897384702359702 ], [ 2.0530387329176, 47.897302549979102 ], [ 2.05290280720632, 47.897269682479703 ], [ 2.05273591023989, 47.897232424803903 ], [ 2.05213818215691, 47.897098626229798 ], [ 2.05187579859679, 47.897034945488599 ], [ 2.05162403931891, 47.896983410408097 ], [ 2.05130898330973, 47.896909042544998 ], [ 2.05122768902131, 47.896889754974303 ], [ 2.05114212718883, 47.896869622829001 ], [ 2.05106762862937, 47.896852010124597 ], [ 2.05100778862913, 47.896837935978198 ], [ 2.05083501937185, 47.896799908078897 ], [ 2.05068624367445, 47.896767294113701 ], [ 2.05059906520708, 47.896747778519703 ], [ 2.05053374870813, 47.8967331198252 ], [ 2.05036445769663, 47.896695209356501 ], [ 2.05024089461902, 47.896667208903096 ], [ 2.04987593441178, 47.896584693168002 ], [ 2.04941221070692, 47.896479505900203 ], [ 2.04935331470624, 47.896465078530099 ], [ 2.04929415111002, 47.896450648963302 ], [ 2.04925950615322, 47.896442178124303 ], [ 2.04915482815507, 47.896420899680002 ], [ 2.04909468928973, 47.8964086221931 ], [ 2.04894251074661, 47.896371838279997 ], [ 2.04888265573185, 47.896358662949297 ], [ 2.04882840318194, 47.8963465230118 ], [ 2.04878347891036, 47.896336618704296 ], [ 2.0487309546954, 47.896325122747101 ], [ 2.04865230625969, 47.896307654875599 ], [ 2.04861991214103, 47.896300552133702 ], [ 2.04858818548545, 47.896293544794901 ], [ 2.04853739609129, 47.896282332817997 ], [ 2.04848647290526, 47.8962711197346 ], [ 2.04846226401779, 47.896262823236597 ], [ 2.04811768410716, 47.896208368180901 ], [ 2.04803743909981, 47.896391954435799 ], [ 2.04797303764804, 47.896512936762697 ], [ 2.04788360262416, 47.8966566668959 ], [ 2.04781580548115, 47.896758000860601 ], [ 2.04785870149918, 47.896783999681901 ], [ 2.04825078054773, 47.896899052714502 ], [ 2.04829258067872, 47.896911541991997 ], [ 2.04832613268816, 47.896921264300197 ], [ 2.04834930842944, 47.8969274823707 ], [ 2.04837348534694, 47.896937578693503 ], [ 2.04844311737751, 47.896965324045901 ], [ 2.04849314802596, 47.896981570090198 ], [ 2.0485381969077, 47.896999485805097 ], [ 2.04858311039224, 47.897017490408402 ], [ 2.0486423759889, 47.897041191491702 ], [ 2.04873748320282, 47.897088763801698 ], [ 2.04878338352574, 47.897111456493001 ], [ 2.0488326034831, 47.897135616111399 ], [ 2.04892241805036, 47.897179815267798 ], [ 2.04896143909384, 47.897198042001001 ], [ 2.04901704368615, 47.897224413333902 ], [ 2.04907609853554, 47.897252432642702 ], [ 2.04928279668015, 47.897353920156199 ], [ 2.04942426030023, 47.897406277403199 ], [ 2.04949392732297, 47.897432132329897 ], [ 2.04956559038296, 47.897458633394798 ], [ 2.04974773828094, 47.897526080104697 ], [ 2.04982964105679, 47.897556264007797 ], [ 2.04992616714764, 47.897591966376901 ], [ 2.05006523782321, 47.8976434934414 ], [ 2.05009143069464, 47.897653155694798 ], [ 2.05011655565888, 47.897640218487197 ], [ 2.05013690245313, 47.897647493350199 ], [ 2.05021726422145, 47.897674064380801 ], [ 2.05036601528258, 47.8977231492985 ], [ 2.05045023544524, 47.897751011418599 ], [ 2.05052394689864, 47.8977752783711 ], [ 2.0505895406234, 47.897796959545701 ], [ 2.05066737640553, 47.8978226098045 ], [ 2.05074986852015, 47.8978498277108 ], [ 2.05082344643027, 47.897874093392097 ], [ 2.05112678368337, 47.897960428201301 ], [ 2.05162336783054, 47.898107545382103 ], [ 2.05188958016808, 47.898189438168899 ], [ 2.05222183587153, 47.8982829338605 ], [ 2.05258611708342, 47.8983293453432 ], [ 2.05275053470037, 47.898348222530302 ], [ 2.05288719680273, 47.898362465446503 ], [ 2.05332261297824, 47.898412688528801 ], [ 2.0535104205399, 47.898433373287403 ], [ 2.05356712055249, 47.898428520151398 ] ] ], [ [ [ 2.01513910679014, 47.898308324868097 ], [ 2.01603243687569, 47.898130047051502 ], [ 2.01585443115001, 47.896274297866299 ], [ 2.01578985690093, 47.8962490055291 ], [ 2.01474943031614, 47.896530631586501 ], [ 2.01450300844356, 47.896597326371598 ], [ 2.01434213071423, 47.896641067816802 ], [ 2.01435773205864, 47.898442344930302 ], [ 2.01476903799956, 47.898380733275502 ], [ 2.01513910679014, 47.898308324868097 ] ] ], [ [ [ 2.04770697165476, 47.8947072910697 ], [ 2.04814111811501, 47.894594977253 ], [ 2.04805423112339, 47.894171256557797 ], [ 2.04798477911179, 47.894111291115003 ], [ 2.04619750479932, 47.893687178831101 ], [ 2.04635837949616, 47.894856280880298 ], [ 2.04638286986568, 47.895042606929501 ], [ 2.04705653696024, 47.894872840058198 ], [ 2.04770697165476, 47.8947072910697 ] ] ], [ [ [ 2.01327235294249, 47.894367314506297 ], [ 2.01353116874271, 47.894346178416697 ], [ 2.01342492669759, 47.893855394173002 ], [ 2.01316926776478, 47.893886817002198 ], [ 2.01291936054197, 47.893918377638698 ], [ 2.01278778490384, 47.893588486789497 ], [ 2.01272553505164, 47.893596783720703 ], [ 2.01271266982447, 47.893561753984002 ], [ 2.0126415670091, 47.893578346793603 ], [ 2.01240850012874, 47.893632728971397 ], [ 2.01239408080522, 47.893638097919101 ], [ 2.01207008930119, 47.893760207565101 ], [ 2.01206941692172, 47.8937603819152 ], [ 2.01205987482504, 47.893762551719298 ], [ 2.01201794311288, 47.8937720992989 ], [ 2.01184615336073, 47.893812865387403 ], [ 2.01180175628308, 47.893818251956098 ], [ 2.01168925809227, 47.893837105870901 ], [ 2.01165563081265, 47.8938390728893 ], [ 2.01154549453975, 47.893846066023201 ], [ 2.01151889030969, 47.893851782295101 ], [ 2.01210460514616, 47.894602485125297 ], [ 2.01240893494319, 47.894508831268702 ], [ 2.01243857857927, 47.8944980101368 ], [ 2.0124400621833, 47.894497392588598 ], [ 2.01250110718975, 47.894489175673797 ], [ 2.01250379004495, 47.894488838223701 ], [ 2.01251611350089, 47.894517023106602 ], [ 2.01283269218473, 47.8944267113229 ], [ 2.01282495310034, 47.894418275883801 ], [ 2.01300252789708, 47.894390337561603 ], [ 2.01302091476501, 47.8943875220046 ], [ 2.01302292522749, 47.894387358897902 ], [ 2.01327154842368, 47.894367397748603 ], [ 2.01327235294249, 47.894367314506297 ] ] ], [ [ [ 2.01376733239878, 47.894326921566403 ], [ 2.01394184410822, 47.894312546692099 ], [ 2.01386382871727, 47.893858181528302 ], [ 2.01367949711583, 47.893875353907397 ], [ 2.01349543133657, 47.893892618235498 ], [ 2.01348886143973, 47.893893283062397 ], [ 2.01358357616104, 47.894341848538701 ], [ 2.01359255632268, 47.894341113952898 ], [ 2.01376733239878, 47.894326921566403 ] ] ], [ [ [ 2.04825074850623, 47.8947354613518 ], [ 2.04955066113469, 47.894479401732298 ], [ 2.04874987816588, 47.894282649025598 ], [ 2.04845196480452, 47.894208682117998 ], [ 2.04819199880881, 47.894145552498003 ], [ 2.04813929268761, 47.894174196313102 ], [ 2.04818329402537, 47.894399741695999 ], [ 2.04825074850623, 47.8947354613518 ] ] ], [ [ [ 2.01725479101908, 47.895786506531302 ], [ 2.0176381364256, 47.895682520103797 ], [ 2.01751342826556, 47.895529370146903 ], [ 2.01740730393813, 47.895398966529697 ], [ 2.01730458258846, 47.895272731461503 ], [ 2.01719675973229, 47.895140153316397 ], [ 2.01708068898339, 47.894997695586703 ], [ 2.01689448826609, 47.894768696816399 ], [ 2.01677475581412, 47.894621707883402 ], [ 2.01640040414646, 47.894738997426003 ], [ 2.01628838778166, 47.894601793045702 ], [ 2.0160738713049, 47.894341144262299 ], [ 2.01594933026466, 47.894410483515401 ], [ 2.01587969036852, 47.894449231499799 ], [ 2.01585567265711, 47.894495922205799 ], [ 2.01577538537751, 47.894545921367097 ], [ 2.01572558941628, 47.894560984580103 ], [ 2.01572398204849, 47.894561061108497 ], [ 2.01555514834618, 47.894572336106101 ], [ 2.0152629035162, 47.894591936221097 ], [ 2.01525994304371, 47.894592811429099 ], [ 2.01515045389377, 47.894622584365401 ], [ 2.0153138077384, 47.895022311744903 ], [ 2.01523100000537, 47.895027737471203 ], [ 2.01506635926817, 47.895029326526398 ], [ 2.01503615198322, 47.895034473343301 ], [ 2.01503521197837, 47.895034645465003 ], [ 2.014970242859, 47.895045170874504 ], [ 2.01496916904423, 47.895045341873001 ], [ 2.01487040910943, 47.895088255128798 ], [ 2.01486838527018, 47.895089138186002 ], [ 2.01480107164652, 47.895117824613799 ], [ 2.01467794392757, 47.895190144502898 ], [ 2.01467593010015, 47.895190487617597 ], [ 2.014360949523, 47.894372678396401 ], [ 2.01403673543727, 47.894398667353599 ], [ 2.01377658818857, 47.894419433357299 ], [ 2.01365005789101, 47.894429980917899 ], [ 2.0134180434535, 47.894449182398397 ], [ 2.013203721609, 47.8944669120594 ], [ 2.01318134556729, 47.894468344056101 ], [ 2.01311220529708, 47.894472893118802 ], [ 2.01304829356415, 47.894476946070398 ], [ 2.01297756596825, 47.8944876919821 ], [ 2.01296159597224, 47.894490077831797 ], [ 2.0129444183566, 47.894492633534398 ], [ 2.01280982239931, 47.894512292783403 ], [ 2.01281054829204, 47.894516439068298 ], [ 2.01281014519466, 47.894516525682803 ], [ 2.01253539473351, 47.894574067769199 ], [ 2.01247560571493, 47.894586705459702 ], [ 2.01246875471452, 47.894588087897098 ], [ 2.0123545104192, 47.894621598407703 ], [ 2.01232719667492, 47.894629468988597 ], [ 2.01232951819001, 47.8946341687233 ], [ 2.01232844102748, 47.894634519677403 ], [ 2.01228550338803, 47.894647749052098 ], [ 2.01205829365312, 47.894717930507099 ], [ 2.01205773665348, 47.894719095871302 ], [ 2.01205606398017, 47.894722681953702 ], [ 2.01172534686534, 47.894817462843399 ], [ 2.01154136851465, 47.894858575911201 ], [ 2.01123165362369, 47.894925000987499 ], [ 2.01115210681174, 47.894942151814703 ], [ 2.01108385187562, 47.8949566075785 ], [ 2.0110104853346, 47.8949724603075 ], [ 2.01100672861941, 47.894972968685799 ], [ 2.01109554708346, 47.895133473817097 ], [ 2.01110713605308, 47.895150762180101 ], [ 2.0111147696511, 47.895157666774899 ], [ 2.01114555583771, 47.895207698246999 ], [ 2.01117647086506, 47.895258000806002 ], [ 2.0114359961533, 47.895680684551898 ], [ 2.01155894301532, 47.896121658671099 ], [ 2.01155985457351, 47.896123016403401 ], [ 2.01166787605275, 47.896323374327402 ], [ 2.01209078583883, 47.897100516486901 ], [ 2.01211447196653, 47.897143827607003 ], [ 2.01219645319711, 47.897168638380599 ], [ 2.01224488265098, 47.8971552752351 ], [ 2.01315800237487, 47.896905452698597 ], [ 2.01329924804004, 47.896866768105198 ], [ 2.01398892564169, 47.896677973811997 ], [ 2.01427195126968, 47.896600516948901 ], [ 2.01433503550106, 47.8965834958206 ], [ 2.01461924940977, 47.896506858134401 ], [ 2.01491718488051, 47.8964263747228 ], [ 2.01494422319219, 47.896418951251498 ], [ 2.01508250902527, 47.896380959721199 ], [ 2.01533823233058, 47.896310561573301 ], [ 2.01550907377176, 47.896263482172799 ], [ 2.01566484617131, 47.896220686376402 ], [ 2.01657682990696, 47.895972627934697 ], [ 2.01661785918496, 47.8959612710972 ], [ 2.01710508100533, 47.895827285091201 ], [ 2.01716911008413, 47.895809730334697 ], [ 2.01725479101908, 47.895786506531302 ] ] ], [ [ [ 2.00318089298346, 47.9050237506816 ], [ 2.0032037352527, 47.904969222445402 ], [ 2.00313015974115, 47.904888404742401 ], [ 2.00298196575972, 47.904725320269101 ], [ 2.0029554755352, 47.904696114215497 ], [ 2.00291953692172, 47.904656837537097 ], [ 2.00259742504724, 47.904303628230302 ], [ 2.0025576920449, 47.904259729016999 ], [ 2.00240048529085, 47.904084956701297 ], [ 2.00233807486586, 47.904015573741702 ], [ 2.00227618978404, 47.903946735229802 ], [ 2.00223042113635, 47.903896394354803 ], [ 2.00202280478653, 47.903669081051497 ], [ 2.00196838140262, 47.903609216128302 ], [ 2.00167435495962, 47.903286393877998 ], [ 2.00157589288759, 47.903262245790501 ], [ 2.00137672754169, 47.903304653965399 ], [ 2.00090580581325, 47.903405952389697 ], [ 2.00082812843998, 47.903422482151903 ], [ 2.0005694276932, 47.903477522892501 ], [ 2.00007190780594, 47.903583721810698 ], [ 1.99989139508654, 47.903623496199401 ], [ 1.99988951467455, 47.903623840198598 ], [ 1.99978859238106, 47.9036450314943 ], [ 1.99964023439834, 47.903676079019299 ], [ 1.99916772892681, 47.9037758269533 ], [ 1.99881706836055, 47.903852130925898 ], [ 1.99878400668801, 47.903859229333698 ], [ 1.99862501373133, 47.903893425035299 ], [ 1.99850741722752, 47.903918613209001 ], [ 1.99850486424346, 47.903919131457201 ], [ 1.99838174487856, 47.903946162479002 ], [ 1.9981177669639, 47.904003942944499 ], [ 1.99808327821198, 47.904058280889998 ], [ 1.99840078926966, 47.904504707396597 ], [ 1.99869246333017, 47.9049160811863 ], [ 1.99897199360888, 47.905205035756801 ], [ 1.99971441612877, 47.9059693719297 ], [ 1.9998129417118, 47.905990371921298 ], [ 1.99994173207753, 47.905953847321499 ], [ 2.00000754264883, 47.905935057000697 ], [ 2.00005263216629, 47.905921940429202 ], [ 2.00020485041483, 47.905878144741799 ], [ 2.00055209174247, 47.905777866587499 ], [ 2.00116646751522, 47.905601646846698 ], [ 2.00126484999959, 47.905573322486802 ], [ 2.00132096929063, 47.905557329121798 ], [ 2.00240851397894, 47.905246250595503 ], [ 2.00288265116921, 47.905109872077603 ], [ 2.00318089298346, 47.9050237506816 ] ] ], [ [ [ 2.00079910737143, 47.902382782942901 ], [ 2.00085129123491, 47.902305463798399 ], [ 2.00046502010292, 47.901643349194401 ], [ 2.00043391670305, 47.901589172189098 ], [ 2.00027572374932, 47.901403587776898 ], [ 2.00017577852393, 47.901373125562699 ], [ 1.9998779273924, 47.901403800398697 ], [ 1.99971444859765, 47.9014207686321 ], [ 1.99944462408473, 47.901448620995097 ], [ 1.9988477102661, 47.901510225897702 ], [ 1.99821364726469, 47.9015756510138 ], [ 1.99797654257698, 47.901600179010501 ], [ 1.99782057549446, 47.901616218675699 ], [ 1.99804082284498, 47.9021090687488 ], [ 1.99836774080702, 47.902843768103502 ], [ 1.99850946660919, 47.902816535778399 ], [ 1.99873851523556, 47.902772317180698 ], [ 1.9991719850344, 47.9026908690441 ], [ 1.99935536132894, 47.902655260333802 ], [ 2.00019088345577, 47.902497220642701 ], [ 2.00034858713856, 47.902467242034 ], [ 2.00079910737143, 47.902382782942901 ] ] ], [ [ [ 2.00561884375022, 47.902341793873497 ], [ 2.00565638485614, 47.902288379617801 ], [ 2.00543735165882, 47.9019770021266 ], [ 2.0052633512805, 47.901726848126302 ], [ 2.00516536950907, 47.901698566915499 ], [ 2.00488662965258, 47.901752277287201 ], [ 2.00483410626213, 47.901762362583497 ], [ 2.00445193472377, 47.9018357161182 ], [ 2.00438893220752, 47.901847872457601 ], [ 2.00364647030717, 47.901990980919599 ], [ 2.00308362911611, 47.902098438311498 ], [ 2.0027973620004, 47.902153609902399 ], [ 2.00309755700512, 47.902582776232698 ], [ 2.00328006978923, 47.902842546016203 ], [ 2.00365621059383, 47.902762934843501 ], [ 2.00433678147482, 47.902616061391299 ], [ 2.00481666625634, 47.9025142852173 ], [ 2.00484596391742, 47.902507963252198 ], [ 2.00526511545505, 47.902418541046501 ], [ 2.00529091999748, 47.902412909408298 ], [ 2.00561884375022, 47.902341793873497 ] ] ], [ [ [ 1.99723495220135, 47.9030641493706 ], [ 1.99736952351232, 47.903037343337701 ], [ 1.9972124540061, 47.902716074893299 ], [ 1.99676221272266, 47.901795018761597 ], [ 1.99673226234846, 47.901729600128 ], [ 1.99646097282099, 47.901756893116698 ], [ 1.99622854532378, 47.901781727579703 ], [ 1.99581413598184, 47.901825076266398 ], [ 1.99581240134729, 47.901824791420403 ], [ 1.99576244907232, 47.901875756382402 ], [ 1.99578385960503, 47.901932641877202 ], [ 1.99584503451036, 47.902095081840898 ], [ 1.99593416673346, 47.902329223804401 ], [ 1.99594386513738, 47.902347217482003 ], [ 1.99599264229452, 47.902471659729997 ], [ 1.99599856633656, 47.902491061189103 ], [ 1.99607316152421, 47.902687097106103 ], [ 1.99608632537213, 47.902712950720499 ], [ 1.99614978634359, 47.902846608785097 ], [ 1.99615867343493, 47.902865045520699 ], [ 1.99625705450179, 47.903056154394498 ], [ 1.99632716016281, 47.903192389230703 ], [ 1.99641533469132, 47.903222484066703 ], [ 1.99686239142141, 47.903137830400297 ], [ 1.99704807480799, 47.903100714922203 ], [ 1.99708648431743, 47.903093932688698 ], [ 1.99723495220135, 47.9030641493706 ] ] ], [ [ [ 2.00060611069781, 47.903413122490903 ], [ 2.00056180435854, 47.903349202828103 ], [ 2.00044138630602, 47.903183111169099 ], [ 2.00041400381226, 47.903144536521602 ], [ 2.00008350108224, 47.902676763670001 ], [ 1.99983417807042, 47.902724412340902 ], [ 1.99982289578693, 47.902726476330898 ], [ 1.9996913893465, 47.902751277188798 ], [ 1.99924838068934, 47.9028346260232 ], [ 1.99921976659202, 47.902840142390502 ], [ 1.99878747126021, 47.902923130782703 ], [ 1.99873655489594, 47.9029330470592 ], [ 1.99836375322922, 47.903005470726598 ], [ 1.99793895135965, 47.903088429925504 ], [ 1.99787675733543, 47.903100139668098 ], [ 1.99781684687816, 47.9031114188491 ], [ 1.99752143103409, 47.903168479637301 ], [ 1.99748783525078, 47.903218054863501 ], [ 1.99799022906102, 47.903924641557602 ], [ 1.9980815229343, 47.903952691644598 ], [ 1.99837410350613, 47.903890025032197 ], [ 1.99843081804794, 47.903877908273898 ], [ 1.99874691160813, 47.903810491084897 ], [ 1.99922122583318, 47.903707160106599 ], [ 1.99927565129014, 47.903695743462301 ], [ 1.99973242474675, 47.903599731244398 ], [ 1.99975917065592, 47.903593928827398 ], [ 2.00007553697405, 47.9035260603846 ], [ 2.00022443977246, 47.903494476929502 ], [ 2.00049630885259, 47.903436758920201 ], [ 2.00060611069781, 47.903413122490903 ] ] ], [ [ [ 2.00193747091325, 47.900967075493597 ], [ 2.00198362685066, 47.9009112154652 ], [ 2.00176904880772, 47.900378549225103 ], [ 2.00168142093437, 47.900169985476097 ], [ 2.00152065755924, 47.899772331747101 ], [ 2.00137872021754, 47.8994199297234 ], [ 2.00099077727007, 47.899444980848699 ], [ 2.00081134633355, 47.899456504621597 ], [ 2.00019899106478, 47.899493593814398 ], [ 2.00019872342396, 47.899493591535403 ], [ 1.99998857594304, 47.899522853268699 ], [ 1.99989933954916, 47.899535143785499 ], [ 1.99976420595711, 47.899553973555797 ], [ 1.9995733569922, 47.899581868880198 ], [ 1.99937579304995, 47.899610966724701 ], [ 1.99940477467272, 47.899685286875801 ], [ 1.99943850595767, 47.899770357947702 ], [ 1.99957816147232, 47.900122472891098 ], [ 1.99970695611144, 47.9004330933031 ], [ 1.99970746427691, 47.900434537693101 ], [ 1.99974251313483, 47.900492348702997 ], [ 1.99983921422325, 47.900652299151197 ], [ 1.99985505586821, 47.900678175172601 ], [ 1.9999887720113, 47.900898203262699 ], [ 2.00007067316661, 47.900991244624997 ], [ 2.00029851873877, 47.9012521255301 ], [ 2.00039708660834, 47.901277535707699 ], [ 2.00063300120941, 47.9012307617852 ], [ 2.00100959028447, 47.901155393067803 ], [ 2.00125424471495, 47.901106442165897 ], [ 2.00154016554454, 47.9010481212607 ], [ 2.00177892564941, 47.900999389160503 ], [ 2.00193747091325, 47.900967075493597 ] ] ], [ [ [ 2.00013418299755, 47.901321739245603 ], [ 2.00016717202669, 47.901275758220898 ], [ 1.9998652317241, 47.900933782597001 ], [ 1.99972447602194, 47.9007037939813 ], [ 1.99956524954122, 47.900438366287197 ], [ 1.99944342773773, 47.900141305706299 ], [ 1.99938141046589, 47.899987590695197 ], [ 1.99930288326076, 47.899957130197699 ], [ 1.99896118213857, 47.900028110685398 ], [ 1.99896010647489, 47.900028371526403 ], [ 1.9985239100907, 47.900120686038001 ], [ 1.99813454072704, 47.900192607608901 ], [ 1.99766616851644, 47.900280504228498 ], [ 1.99733390250274, 47.9003406700798 ], [ 1.99730168867108, 47.900338414907999 ], [ 1.99704710996138, 47.9003246301478 ], [ 1.99678522386118, 47.9003079922811 ], [ 1.99641144428819, 47.900284277250201 ], [ 1.99647621184033, 47.900561142647902 ], [ 1.99652337682482, 47.9007637843699 ], [ 1.99656522141207, 47.900943429603203 ], [ 1.99669632114971, 47.900925829076101 ], [ 1.99679333261119, 47.9009130673833 ], [ 1.99684401957918, 47.901134819820001 ], [ 1.99691260626577, 47.901422247879502 ], [ 1.99696545705352, 47.901649958922 ], [ 1.99734928555833, 47.901609855210999 ], [ 1.99759550261452, 47.901584776242998 ], [ 1.99798790689459, 47.9015441136345 ], [ 1.99862183597217, 47.9014786885948 ], [ 1.99948203538929, 47.901388187237799 ], [ 1.99954611234429, 47.9013829729668 ], [ 2.00013418299755, 47.901321739245603 ] ] ], [ [ [ 2.00867311178485, 47.898909587875202 ], [ 2.00873771288384, 47.898890422455999 ], [ 2.00863786937177, 47.898639459018497 ], [ 2.00855707678426, 47.898436268323103 ], [ 2.00850790436371, 47.898310117801799 ], [ 2.00821399871713, 47.898367218082797 ], [ 2.00810237254586, 47.898388956089001 ], [ 2.00801157211075, 47.898406369750703 ], [ 2.00796977162645, 47.898344183974601 ], [ 2.00793152882884, 47.898284998366101 ], [ 2.00789158510158, 47.898137774641398 ], [ 2.0078130592156, 47.898157271948797 ], [ 2.00737296930052, 47.898266236979303 ], [ 2.00731885543786, 47.898060930783998 ], [ 2.00724886279595, 47.897795817730703 ], [ 2.00720022780571, 47.897805756941999 ], [ 2.00694574718799, 47.8978516669195 ], [ 2.00681306694818, 47.897875655732598 ], [ 2.00638265950383, 47.897953557639703 ], [ 2.00642272346338, 47.898215717845197 ], [ 2.00643311533961, 47.898275478322297 ], [ 2.0064413409995, 47.8983222599147 ], [ 2.00644435134995, 47.898340196149597 ], [ 2.006079981446, 47.898372033770102 ], [ 2.00605571327342, 47.898374348442204 ], [ 2.00604820432039, 47.898375094910797 ], [ 2.00588039400025, 47.898395275133304 ], [ 2.00565305185143, 47.898435471846298 ], [ 2.00548150705474, 47.898483521062303 ], [ 2.00541409678262, 47.898502570900902 ], [ 2.00533595677202, 47.898515679556397 ], [ 2.00525809784607, 47.8985280705108 ], [ 2.00485282095784, 47.8985929491853 ], [ 2.00468488466752, 47.898619786922403 ], [ 2.00467374063678, 47.898621672538901 ], [ 2.00512560188444, 47.899534990552503 ], [ 2.00532171137708, 47.899926278334704 ], [ 2.00536660424155, 47.900037633253199 ], [ 2.00543003003232, 47.900195677060999 ], [ 2.00550589175199, 47.900211440238898 ], [ 2.00576738483003, 47.900084769361698 ], [ 2.00604859993472, 47.899948364442103 ], [ 2.00643596038143, 47.899761374939096 ], [ 2.00678951782973, 47.899592548999699 ], [ 2.00692285287171, 47.899526623990901 ], [ 2.00716045275964, 47.899410458378497 ], [ 2.00759776612246, 47.899199946427601 ], [ 2.00764312650561, 47.8991790889187 ], [ 2.00767836123807, 47.899162916016799 ], [ 2.0078314881728, 47.899126408467701 ], [ 2.00805420981495, 47.899068527770403 ], [ 2.00835302567227, 47.898992388551498 ], [ 2.00867311178485, 47.898909587875202 ] ] ], [ [ [ 2.01185090250122, 47.900008678635103 ], [ 2.01191020845441, 47.899957605624003 ], [ 2.01190903889088, 47.8998118798511 ], [ 2.01190725564272, 47.899655978485598 ], [ 2.01190617014096, 47.899570465856698 ], [ 2.01190188648417, 47.899318779499197 ], [ 2.01189849088722, 47.898997797720298 ], [ 2.01189675702233, 47.8988823983671 ], [ 2.01189506503105, 47.898764749265098 ], [ 2.0116524632348, 47.898762077371202 ], [ 2.01121774626718, 47.898755177169598 ], [ 2.01097918090255, 47.898751367827302 ], [ 2.01052212141054, 47.898744006837397 ], [ 2.01054158186885, 47.898173727003702 ], [ 2.01022284998802, 47.898313516552598 ], [ 2.00976783919031, 47.898512278503603 ], [ 2.00947863947648, 47.898639984582701 ], [ 2.00937595578145, 47.898684570188401 ], [ 2.00921808669601, 47.898752991062103 ], [ 2.00918388938675, 47.898821195351999 ], [ 2.0092473848791, 47.898961686986198 ], [ 2.00929266311224, 47.899074303709497 ], [ 2.00933000922909, 47.899188833563102 ], [ 2.00936316846717, 47.899305398156798 ], [ 2.00940605826324, 47.899495847877098 ], [ 2.00940916034117, 47.899508924587302 ], [ 2.00943913414029, 47.899638422794503 ], [ 2.00945633849134, 47.899713451020403 ], [ 2.0095017353547, 47.899920212472303 ], [ 2.0095173898955, 47.899985057184203 ], [ 2.00951900871256, 47.8999915511056 ], [ 2.00952422634305, 47.900013196004899 ], [ 2.00957168524741, 47.900209894370498 ], [ 2.00957961368798, 47.900244072641101 ], [ 2.00962716776031, 47.900450042133798 ], [ 2.00974153175201, 47.900496998558197 ], [ 2.00992086568438, 47.900454859070798 ], [ 2.01006080633009, 47.900422197597202 ], [ 2.01064838920921, 47.900285304193503 ], [ 2.0107876548181, 47.900252906181102 ], [ 2.01087677145302, 47.900232596071703 ], [ 2.01108497261931, 47.900185477775203 ], [ 2.01134102192377, 47.900127601548903 ], [ 2.01148956398584, 47.900092940720398 ], [ 2.01185090250122, 47.900008678635103 ] ] ], [ [ [ 2.00938373732675, 47.900003550479099 ], [ 2.0092808170901, 47.899544203244702 ], [ 2.00923156179993, 47.899321928451201 ], [ 2.0091989795824, 47.8992103188939 ], [ 2.00918885668855, 47.899179002174797 ], [ 2.00916216061504, 47.899096243465003 ], [ 2.00911808197576, 47.898983906825499 ], [ 2.00908226793761, 47.898902061179299 ], [ 2.00908008706012, 47.898897002563601 ], [ 2.00899834706202, 47.898873541742503 ], [ 2.00869916713063, 47.898962100040499 ], [ 2.00868060934824, 47.898966803564299 ], [ 2.00837708857581, 47.899044073926703 ], [ 2.00772002123455, 47.899211150093699 ], [ 2.00766451504193, 47.899237772129702 ], [ 2.00727584809227, 47.899423494576602 ], [ 2.00680190423611, 47.899653046290503 ], [ 2.00657082355248, 47.899764046116204 ], [ 2.00671427178984, 47.900059031894699 ], [ 2.00690778664578, 47.900453804984998 ], [ 2.00694816792167, 47.900613363055101 ], [ 2.00701215410448, 47.900863394411502 ], [ 2.00708330603209, 47.901123926710198 ], [ 2.00777283762103, 47.900961448592497 ], [ 2.00800030567142, 47.900907838276098 ], [ 2.00794212504614, 47.900790971989998 ], [ 2.00790188028838, 47.900709898665902 ], [ 2.00788097939618, 47.900668050365603 ], [ 2.00779442505745, 47.900486681607397 ], [ 2.00807040758293, 47.900408100062101 ], [ 2.00828041613749, 47.900350381549501 ], [ 2.00848907760713, 47.900293101306502 ], [ 2.00853785589454, 47.900175248341199 ], [ 2.00886433590704, 47.900108791802602 ], [ 2.00900943656616, 47.900079325262801 ], [ 2.00913491844205, 47.9000540131645 ], [ 2.00938373732675, 47.900003550479099 ] ] ], [ [ [ 2.00531112428761, 47.900284223548702 ], [ 2.0053586025057, 47.900229003433601 ], [ 2.005243495698, 47.8999504567564 ], [ 2.00512101385693, 47.899701278653801 ], [ 2.00489052536137, 47.899230585766702 ], [ 2.00472446394665, 47.898893104034499 ], [ 2.00405912548844, 47.898979716288302 ], [ 2.00340050116575, 47.8990650317172 ], [ 2.00315792552881, 47.899096543959601 ], [ 2.00282988008946, 47.8991393903814 ], [ 2.00216439487087, 47.899226350707899 ], [ 2.00221006822306, 47.8993385236083 ], [ 2.00230211528369, 47.899568365512302 ], [ 2.00210442265996, 47.899604397135498 ], [ 2.00156462240983, 47.899704842723203 ], [ 2.00160352388226, 47.899799857526098 ], [ 2.00169064108712, 47.900014177288803 ], [ 2.00174897710733, 47.900157599291298 ], [ 2.00204945940683, 47.900898004421897 ], [ 2.00212907370165, 47.900927752248698 ], [ 2.00227752593588, 47.900898322474099 ], [ 2.00279426151656, 47.9007936275422 ], [ 2.0028199232572, 47.900788445251898 ], [ 2.00344789999832, 47.900661381147302 ], [ 2.00397631578449, 47.900554530075603 ], [ 2.00531112428761, 47.900284223548702 ] ] ], [ [ [ 2.00599405176846, 47.901382201728701 ], [ 2.00630650681472, 47.901307623206698 ], [ 2.00619761827133, 47.901046861055796 ], [ 2.00612335317174, 47.900859924842699 ], [ 2.00610290151405, 47.900808449625302 ], [ 2.00594413451417, 47.900430980133699 ], [ 2.00590252670172, 47.900322803418 ], [ 2.00581828694342, 47.900125432034599 ], [ 2.00552871938125, 47.900264645779799 ], [ 2.00549204013023, 47.900336428109497 ], [ 2.00557716487717, 47.900550817907302 ], [ 2.00573433721806, 47.900927554354503 ], [ 2.00591137181071, 47.901351620567503 ], [ 2.00599405176846, 47.901382201728701 ] ] ], [ [ [ 2.00578079141374, 47.901427378128901 ], [ 2.00583016393936, 47.9013710938518 ], [ 2.00574702371754, 47.901172111796399 ], [ 2.00541408042444, 47.900368349132201 ], [ 2.00533298464981, 47.900339040999903 ], [ 2.00398438432699, 47.900609590802702 ], [ 2.00357929259606, 47.900692197455903 ], [ 2.00355188451494, 47.900697725106497 ], [ 2.00321601474965, 47.900764717254098 ], [ 2.00297203789081, 47.900813407966801 ], [ 2.00281028194239, 47.900845695757397 ], [ 2.00244653289441, 47.900921809334299 ], [ 2.00203232449944, 47.901004963250003 ], [ 2.00171753744649, 47.901068080146402 ], [ 2.00161771502588, 47.9010880222976 ], [ 2.00143915488269, 47.901124125491599 ], [ 2.00088063302895, 47.901237009297297 ], [ 2.00043940230391, 47.901326227949198 ], [ 2.00040976925721, 47.901378807890097 ], [ 2.00056608057196, 47.901557715829099 ], [ 2.00069309024273, 47.901778765919403 ], [ 2.000982504669, 47.902281919207802 ], [ 2.00110446427377, 47.902323368417299 ], [ 2.00131187267825, 47.902283730927202 ], [ 2.00175328956767, 47.902199190767199 ], [ 2.00187593232262, 47.902175842330998 ], [ 2.00215251253707, 47.902123380773901 ], [ 2.00226427436653, 47.902102099556402 ], [ 2.00271242182863, 47.902015362904997 ], [ 2.00332727675361, 47.901896468304997 ], [ 2.00341727497779, 47.901879411444597 ], [ 2.00365691646661, 47.901833743138603 ], [ 2.00402551187138, 47.901763517161697 ], [ 2.00443091300376, 47.901686221798897 ], [ 2.00487314990051, 47.901600236859103 ], [ 2.00578079141374, 47.901427378128901 ] ] ] ] } },
{ "type": "Feature", "properties": { "Name": null, "id": "" }, "geometry": { "type": "MultiPolygon", "coordinates": [ [ [ [ 1.78116313154095, 47.814581478094503 ], [ 1.78116405483125, 47.814576176995999 ], [ 1.78111620119367, 47.814518431877602 ], [ 1.77982929682806, 47.814169658966598 ], [ 1.77945797417119, 47.814068850347603 ], [ 1.77942769300141, 47.8140607040053 ], [ 1.77917389927199, 47.813991992294703 ], [ 1.77908398918615, 47.813967652754201 ], [ 1.77898465350529, 47.8139406046161 ], [ 1.77843563604291, 47.813791855493697 ], [ 1.77786603993238, 47.813637398471599 ], [ 1.77742509128369, 47.813519655196302 ], [ 1.77735443591559, 47.813547181998203 ], [ 1.77728997946094, 47.814025823306302 ], [ 1.77688349043455, 47.816203920790699 ], [ 1.7769317270917, 47.816250690166001 ], [ 1.77712877176023, 47.816259586789897 ], [ 1.77713544583586, 47.816259926448801 ], [ 1.77738058937709, 47.816222788288002 ], [ 1.77799358343941, 47.816129807047503 ], [ 1.77845892419998, 47.8160593172245 ], [ 1.77858539739504, 47.8160570346149 ], [ 1.77868633338728, 47.816055295913699 ], [ 1.77878285833504, 47.816053601183803 ], [ 1.77904970786316, 47.816048819892998 ], [ 1.77947091499821, 47.8160786795981 ], [ 1.78083193512342, 47.8161752034 ], [ 1.78084059728075, 47.816170432853902 ], [ 1.78089987565502, 47.816137925021501 ], [ 1.78116313154095, 47.814581478094503 ] ] ], [ [ [ 1.76939646424375, 47.815787026546801 ], [ 1.76977458775041, 47.814675026579998 ], [ 1.76973033280901, 47.8146182145776 ], [ 1.7695843387849, 47.814597959715101 ], [ 1.76936468203352, 47.814567480076803 ], [ 1.76918538796578, 47.8145425545287 ], [ 1.76902569593219, 47.814519454772601 ], [ 1.76895469277659, 47.814509797922 ], [ 1.76870376761251, 47.814473497913298 ], [ 1.7686025413467, 47.814459022771103 ], [ 1.76843804018612, 47.814435871687799 ], [ 1.76769098837472, 47.814356910880498 ], [ 1.76742450468323, 47.8143289056854 ], [ 1.76730892955337, 47.814316618851798 ], [ 1.76713821275765, 47.814290700204303 ], [ 1.76685404835741, 47.814247205685902 ], [ 1.76667894406597, 47.814220340086003 ], [ 1.76653379981424, 47.8141981100704 ], [ 1.76627413949301, 47.814158292442599 ], [ 1.76620449628447, 47.814147658093901 ], [ 1.76619404408651, 47.814183462917399 ], [ 1.7660846093629, 47.814551630723699 ], [ 1.76608156363079, 47.814561950055399 ], [ 1.76583040864799, 47.8154281927225 ], [ 1.7658108259755, 47.815581007057801 ], [ 1.76576644189775, 47.815835093842203 ], [ 1.7657565178101, 47.8160151034552 ], [ 1.76581554546024, 47.8160801735634 ], [ 1.76619174122982, 47.816183597029401 ], [ 1.76620050697813, 47.816185939591598 ], [ 1.76633183463953, 47.816222156420203 ], [ 1.76653845754998, 47.816278968045602 ], [ 1.76660411837846, 47.816282809350497 ], [ 1.76701810142602, 47.8163070570928 ], [ 1.76706590299494, 47.816308820037598 ], [ 1.76751170140889, 47.816246179030998 ], [ 1.76781431891901, 47.816295446500597 ], [ 1.76781791375766, 47.816296024359303 ], [ 1.76797022476813, 47.816320668327499 ], [ 1.76807526642996, 47.816337884421102 ], [ 1.76831739153537, 47.816350600059302 ], [ 1.76832740153942, 47.816351155294903 ], [ 1.76839856751178, 47.816353883279099 ], [ 1.76856039757456, 47.816359903995398 ], [ 1.76868082057727, 47.816370800261701 ], [ 1.76938279781201, 47.816452701627703 ], [ 1.76944248189973, 47.816414533023497 ], [ 1.7693609002145, 47.815891697177697 ], [ 1.76939646424375, 47.815787026546801 ] ] ], [ [ [ 1.77666187206026, 47.816972829463197 ], [ 1.77673984005092, 47.816354541845001 ], [ 1.77669265427241, 47.8162795196438 ], [ 1.77667094787217, 47.8162703819496 ], [ 1.77649531770053, 47.816196179449101 ], [ 1.77619977437243, 47.816071488374398 ], [ 1.77609402621861, 47.816026818587297 ], [ 1.77591455625626, 47.815951134909099 ], [ 1.77580100254727, 47.815903052901596 ], [ 1.77557904830756, 47.815809462705197 ], [ 1.77523573618354, 47.815664377531398 ], [ 1.77486088230429, 47.815502129441697 ], [ 1.77440836756215, 47.815311794556401 ], [ 1.77437057891949, 47.815298887799401 ], [ 1.77430838775515, 47.815277894836903 ], [ 1.77421073203734, 47.815247529798697 ], [ 1.77413874234289, 47.815228414542702 ], [ 1.77398320604295, 47.815187182640798 ], [ 1.77380365296555, 47.8151617214289 ], [ 1.77368024514189, 47.815141257907399 ], [ 1.77343955682251, 47.8151012046932 ], [ 1.77312826918888, 47.815051320878297 ], [ 1.77300206868659, 47.815030287335297 ], [ 1.77215466844243, 47.8148923370087 ], [ 1.77200155173769, 47.8148679600299 ], [ 1.77137847718041, 47.8147669184577 ], [ 1.77093527255134, 47.8146949432669 ], [ 1.77025038017389, 47.814678398845203 ], [ 1.76991948722449, 47.8146501736855 ], [ 1.76984153535415, 47.814686710645397 ], [ 1.76952045629055, 47.815632067336601 ], [ 1.76944201938153, 47.815862754796299 ], [ 1.7694322658629, 47.815891546253802 ], [ 1.76949255394184, 47.816329727309103 ], [ 1.76949563449767, 47.816352532671303 ], [ 1.76957350481759, 47.816406277083502 ], [ 1.76976621835851, 47.816434853243898 ], [ 1.77029800262149, 47.8165141527437 ], [ 1.77092368145266, 47.816607396032602 ], [ 1.77097442326643, 47.8166149489698 ], [ 1.77106917565706, 47.8166437560335 ], [ 1.771855208764, 47.816882334264903 ], [ 1.77226089917339, 47.817005579607098 ], [ 1.77248624201109, 47.817073918179197 ], [ 1.77259798150881, 47.817107942524203 ], [ 1.77276732065659, 47.817159311989599 ], [ 1.77274246824885, 47.817199647155299 ], [ 1.77270410775663, 47.817261857792602 ], [ 1.77334645402778, 47.817490541257897 ], [ 1.77357156811171, 47.817570684846103 ], [ 1.77395940552452, 47.817708751355603 ], [ 1.77431408007467, 47.817835002313103 ], [ 1.77485071404949, 47.818026045205698 ], [ 1.7749615165072, 47.818066088238197 ], [ 1.77526204185549, 47.818172111809702 ], [ 1.77537030632719, 47.8182121279306 ], [ 1.7753342226064, 47.8182701686044 ], [ 1.77598701176503, 47.818499045331102 ], [ 1.77625359027057, 47.818094255290703 ], [ 1.77650397840291, 47.817608825095803 ], [ 1.77666187206026, 47.816972829463197 ] ] ], [ [ [ 1.7814905390933, 47.816348482996702 ], [ 1.78143638341127, 47.816291572697303 ], [ 1.78132323824484, 47.816283735608103 ], [ 1.78110763441298, 47.816268262231397 ], [ 1.78094484575701, 47.816257388243201 ], [ 1.78085678148152, 47.816251431737101 ], [ 1.78061673839002, 47.816235253221301 ], [ 1.78048052508172, 47.816225195095598 ], [ 1.78042302565058, 47.816220906411999 ], [ 1.78032403885342, 47.816213395679199 ], [ 1.78023265315607, 47.816206594038199 ], [ 1.78009870922455, 47.816196649092802 ], [ 1.77994835663342, 47.816185453073899 ], [ 1.77916137997244, 47.816132433780098 ], [ 1.77901847660366, 47.816122754333797 ], [ 1.77882087768393, 47.816126366750296 ], [ 1.77868317528221, 47.816128802657602 ], [ 1.77852849051589, 47.816131691530401 ], [ 1.77844479980357, 47.816133159748098 ], [ 1.77817832317847, 47.816174038290796 ], [ 1.77808524947399, 47.8161883701544 ], [ 1.7778018759448, 47.816231772069401 ], [ 1.77762806530926, 47.816258583513203 ], [ 1.77715599588863, 47.816330980128797 ], [ 1.77712862324408, 47.8163299744878 ], [ 1.77692179818486, 47.816322145975299 ], [ 1.77690901157562, 47.816331913863998 ], [ 1.77686957252375, 47.816361656320097 ], [ 1.77684821969828, 47.816377815672197 ], [ 1.77681776445745, 47.816592176081301 ], [ 1.77675403732274, 47.8170329289931 ], [ 1.77660428583117, 47.817622923667898 ], [ 1.77659942749153, 47.817642405518498 ], [ 1.77635568114159, 47.818118003936704 ], [ 1.77605525629213, 47.818570777121899 ], [ 1.77606502861006, 47.818581680557799 ], [ 1.77609330569117, 47.818613119839299 ], [ 1.77683796075675, 47.818590197904399 ], [ 1.77700754159167, 47.818584946267102 ], [ 1.77727555356841, 47.818576670558301 ], [ 1.77736609544783, 47.8185738344038 ], [ 1.77770993534537, 47.818563288124601 ], [ 1.77799533520433, 47.818554381961 ], [ 1.77834158399185, 47.8185436789188 ], [ 1.77915484794108, 47.818518486864498 ], [ 1.77945147067367, 47.8185096940378 ], [ 1.77954749038946, 47.818506913234302 ], [ 1.77964632212938, 47.818503891590503 ], [ 1.77984518601302, 47.818497950559099 ], [ 1.78000620274306, 47.818493145521998 ], [ 1.78009700949296, 47.818490400029503 ], [ 1.7801858079349, 47.818487813592803 ], [ 1.78035513740119, 47.818481834411102 ], [ 1.78055937652966, 47.8184745979189 ], [ 1.78057863719554, 47.8184738981546 ], [ 1.78070101948384, 47.818469590396802 ], [ 1.78078844494073, 47.818416132641801 ], [ 1.7814905390933, 47.816348482996702 ] ] ], [ [ [ 1.75227571489309, 47.821402554590698 ], [ 1.75245237877658, 47.821283908605899 ], [ 1.75234837726874, 47.8211993606985 ], [ 1.75229854226198, 47.821158774979303 ], [ 1.752231225531, 47.821105671527199 ], [ 1.7521604786585, 47.821044970512901 ], [ 1.75157377162737, 47.820537537053802 ], [ 1.7514563565867, 47.820432412705699 ], [ 1.75136326568497, 47.820344379564403 ], [ 1.75114719077843, 47.820138020569303 ], [ 1.75090143394976, 47.819903801173197 ], [ 1.75079359109979, 47.819800938375998 ], [ 1.75057882080142, 47.819596122329799 ], [ 1.75051322490115, 47.819532504724897 ], [ 1.75047728478775, 47.819497917045901 ], [ 1.75044630782946, 47.819468242912102 ], [ 1.75031956450814, 47.819282547022397 ], [ 1.75018799051872, 47.819092028821103 ], [ 1.75005936961807, 47.818901001855203 ], [ 1.74957761288523, 47.819172381605199 ], [ 1.74939945351794, 47.819019350705901 ], [ 1.74930289063287, 47.8189371295474 ], [ 1.74923764102568, 47.818881615971399 ], [ 1.74913439570267, 47.818793742608499 ], [ 1.74905299615774, 47.8188282488182 ], [ 1.7489857035594, 47.818848233527397 ], [ 1.74878182742095, 47.818902225291602 ], [ 1.7485959861299, 47.818950828468097 ], [ 1.74834573869296, 47.818976240658202 ], [ 1.74822198065862, 47.8189877009657 ], [ 1.74818022207523, 47.819001657011903 ], [ 1.74803830416761, 47.819046497759103 ], [ 1.74792910587594, 47.819080976350001 ], [ 1.74765899702427, 47.8191665731404 ], [ 1.74762101965687, 47.819184529919902 ], [ 1.74723471016419, 47.8193521455878 ], [ 1.74702005042563, 47.819466597285597 ], [ 1.74687790345722, 47.819543748571 ], [ 1.74664331237087, 47.819777972781502 ], [ 1.74648533145598, 47.819937135431701 ], [ 1.74642517707714, 47.820017053111798 ], [ 1.74631079778649, 47.820169120725197 ], [ 1.74621656640708, 47.8202942200259 ], [ 1.74620228417337, 47.820321791027098 ], [ 1.74611883652548, 47.820482650391703 ], [ 1.74599338095892, 47.820724611361697 ], [ 1.74598721536182, 47.820736697050798 ], [ 1.74598669779514, 47.820741642182902 ], [ 1.7459456699307, 47.821262913671198 ], [ 1.7459435825653, 47.821289084871097 ], [ 1.74599505406063, 47.8213564244436 ], [ 1.74608618088401, 47.821391423728798 ], [ 1.74623423549431, 47.821415420205099 ], [ 1.74643466448551, 47.821389119689201 ], [ 1.74669844717418, 47.821322990684997 ], [ 1.7470383422397, 47.821237061806102 ], [ 1.7472549102958, 47.8212121025418 ], [ 1.74728828064688, 47.821208228557197 ], [ 1.74754718597509, 47.821178860490001 ], [ 1.74778857233352, 47.821149934814898 ], [ 1.748203985581, 47.821137448944903 ], [ 1.7483187586536, 47.821144525189702 ], [ 1.74834827745906, 47.821145290411103 ], [ 1.74835465931127, 47.821146708728101 ], [ 1.74840743422037, 47.821158793711298 ], [ 1.74880252037681, 47.821249062524601 ], [ 1.74882645740381, 47.821259849405102 ], [ 1.74884853649939, 47.821270076379797 ], [ 1.74911223692306, 47.8213890959222 ], [ 1.7495511154813, 47.821617817888601 ], [ 1.74970973131836, 47.821698630179498 ], [ 1.74987948098232, 47.821789102245702 ], [ 1.75051792794162, 47.822170628435401 ], [ 1.7506713936416, 47.822260295664201 ], [ 1.75077430687769, 47.822265982919298 ], [ 1.75097786127581, 47.822163557802199 ], [ 1.75077669643056, 47.822004973600897 ], [ 1.75072040120443, 47.821960627895102 ], [ 1.7500401528732, 47.821424286425398 ], [ 1.75052530965038, 47.821111355604202 ], [ 1.75092700145793, 47.820852260858402 ], [ 1.75182956961284, 47.821471615295998 ], [ 1.75188442024306, 47.821509194197503 ], [ 1.75211802204539, 47.821669561990802 ], [ 1.75222029296428, 47.821605751893699 ], [ 1.75239428015689, 47.821498689060398 ], [ 1.75239821420136, 47.821496210590098 ], [ 1.75227571489309, 47.821402554590698 ] ] ], [ [ [ 1.75899757733563, 47.826613572860303 ], [ 1.7590302290541, 47.826508874903404 ], [ 1.75897175308761, 47.826477291966697 ], [ 1.7588657792796, 47.8264191028412 ], [ 1.7586268763584, 47.826260763508799 ], [ 1.75873769386412, 47.826185876930502 ], [ 1.75893525538274, 47.826053850969203 ], [ 1.75897485283196, 47.826075332832197 ], [ 1.7590386874696, 47.826112103160497 ], [ 1.75900928844758, 47.825962912732301 ], [ 1.75897718027796, 47.825792360843799 ], [ 1.75861927499722, 47.825590186203897 ], [ 1.75864392398206, 47.825570644615603 ], [ 1.75853231221576, 47.825502134110401 ], [ 1.75867809340736, 47.825395213581501 ], [ 1.75849013129585, 47.825276478223103 ], [ 1.75834980683416, 47.825195511898599 ], [ 1.75831707351817, 47.825103353301799 ], [ 1.75825304356063, 47.825057849336901 ], [ 1.75808292954284, 47.824936151901497 ], [ 1.75793436741242, 47.824830254552701 ], [ 1.75779783250965, 47.824735915923704 ], [ 1.75757671774678, 47.824571821876198 ], [ 1.75731973446016, 47.824381243796701 ], [ 1.7573039685969, 47.824369555183502 ], [ 1.75725062523418, 47.824330104681103 ], [ 1.75719948837811, 47.824293467907303 ], [ 1.75701509304398, 47.824188269607902 ], [ 1.75687979253617, 47.824109875012603 ], [ 1.75685829570974, 47.824097495487102 ], [ 1.75666945739285, 47.823988018953401 ], [ 1.75639964582653, 47.823831867217898 ], [ 1.75635439575571, 47.823806453960103 ], [ 1.75606663426244, 47.823640659772899 ], [ 1.75600014480733, 47.823603319480597 ], [ 1.7558049782148, 47.823490263876799 ], [ 1.75574708619664, 47.823456795170102 ], [ 1.75571464658207, 47.823437998460903 ], [ 1.75568431758383, 47.823420394297102 ], [ 1.75561354241875, 47.823372026844098 ], [ 1.75547876604251, 47.823282834692499 ], [ 1.75532088120843, 47.823175934745699 ], [ 1.75518285163809, 47.823083017209001 ], [ 1.75505967743632, 47.823000698624803 ], [ 1.75494321770779, 47.822939874036997 ], [ 1.75481337595726, 47.822914011832701 ], [ 1.75462769941966, 47.822886746280801 ], [ 1.75446850132936, 47.8228303278525 ], [ 1.75432802793055, 47.822761956550501 ], [ 1.75422723436192, 47.822711379015999 ], [ 1.7541640470378, 47.822670112201102 ], [ 1.75404511828243, 47.822594948560003 ], [ 1.7539624337016, 47.822541592847301 ], [ 1.75394544966436, 47.8225306109046 ], [ 1.75381161897894, 47.822418383739901 ], [ 1.75376038570568, 47.822374633414 ], [ 1.7537417806987, 47.8223586835527 ], [ 1.7536507179488, 47.822280755297697 ], [ 1.7535312892705, 47.822181372574804 ], [ 1.7535213704783, 47.822188288048601 ], [ 1.75350560477, 47.822199461928903 ], [ 1.75310894010817, 47.8224779713155 ], [ 1.75308989219453, 47.822463816878198 ], [ 1.75302184583009, 47.822413226519899 ], [ 1.75293921254753, 47.822352039572699 ], [ 1.75286354313224, 47.822295967312201 ], [ 1.75280127516797, 47.822249758859101 ], [ 1.75262395065622, 47.822151469492603 ], [ 1.75259611363708, 47.822135961287501 ], [ 1.75253939100731, 47.822100649129602 ], [ 1.75232160572865, 47.822215041087397 ], [ 1.75232739843674, 47.822218793225801 ], [ 1.75224737169509, 47.822268708274102 ], [ 1.75223395149683, 47.822259654258097 ], [ 1.75212723494473, 47.822188219069197 ], [ 1.75185312543508, 47.822295835814003 ], [ 1.75147042559816, 47.822445951333599 ], [ 1.75122900259359, 47.822538882726199 ], [ 1.75133948538717, 47.8226092786932 ], [ 1.75147037548172, 47.822692853601403 ], [ 1.75184922917771, 47.822934429111598 ], [ 1.75196563789252, 47.823008668044601 ], [ 1.7520529578418, 47.823063784732497 ], [ 1.75231417708499, 47.823215174656099 ], [ 1.75245408265045, 47.8233019947656 ], [ 1.75260440766538, 47.823394776332698 ], [ 1.75265012675627, 47.823422896413298 ], [ 1.75273404566176, 47.823474915976902 ], [ 1.75292006440124, 47.823590219766999 ], [ 1.75301030702013, 47.823646176897903 ], [ 1.75314086050597, 47.823727225923697 ], [ 1.7533737739486, 47.823871921482599 ], [ 1.7537043144629, 47.824076972193403 ], [ 1.75384644979103, 47.824165794513199 ], [ 1.75401033852262, 47.824267449493902 ], [ 1.75415196988812, 47.824355005901502 ], [ 1.75428304027406, 47.824436959196298 ], [ 1.75434087130107, 47.824473038299899 ], [ 1.75453271332468, 47.824591101615198 ], [ 1.75459424195683, 47.8246291101145 ], [ 1.7548739495541, 47.824802113234398 ], [ 1.75491755620849, 47.824829219818596 ], [ 1.75538009670278, 47.825117127925303 ], [ 1.75551289959337, 47.825199458207898 ], [ 1.75574408877576, 47.825344130496298 ], [ 1.7563378822304, 47.825712547781897 ], [ 1.75648727911871, 47.8258055842877 ], [ 1.75712828296495, 47.826201861615502 ], [ 1.75800128541431, 47.826445863040597 ], [ 1.75818412850848, 47.826497756221499 ], [ 1.75833326504567, 47.826539210855401 ], [ 1.75846458980402, 47.826576426164202 ], [ 1.75855967505798, 47.826602906279298 ], [ 1.7588851780295, 47.826693213542598 ], [ 1.75892090122559, 47.826680269965202 ], [ 1.75898818557806, 47.8266437173545 ], [ 1.75899757733563, 47.826613572860303 ] ] ], [ [ [ 1.75895310868696, 47.826875215972798 ], [ 1.75886731183878, 47.826777185273997 ], [ 1.75810298375688, 47.826561165056802 ], [ 1.7579833326278, 47.826527763478197 ], [ 1.75771386483468, 47.826453439401398 ], [ 1.75705628637126, 47.826268427117398 ], [ 1.75659805238612, 47.825984172155302 ], [ 1.7565738096764, 47.8259691531389 ], [ 1.75650649519377, 47.825926943837402 ], [ 1.75639254324965, 47.825855706117501 ], [ 1.75625459318568, 47.825770441918003 ], [ 1.75621150696335, 47.825743881452397 ], [ 1.75611638472733, 47.8256848147591 ], [ 1.75593733087063, 47.825574000808501 ], [ 1.7557805492772, 47.825476744665202 ], [ 1.75572060129564, 47.825439653718803 ], [ 1.75561891247434, 47.825375656276698 ], [ 1.75547099243122, 47.825282454265597 ], [ 1.75536808681731, 47.825219073759797 ], [ 1.75530484296401, 47.825180057354103 ], [ 1.7550328916597, 47.825012448391902 ], [ 1.75466139145694, 47.824780953185503 ], [ 1.75425624365684, 47.824531006849902 ], [ 1.75411660338396, 47.824444011813497 ], [ 1.75380911016008, 47.824253429196503 ], [ 1.75328717560097, 47.823928428210102 ], [ 1.75278856316634, 47.823617984766003 ], [ 1.75255353768065, 47.823472275391403 ], [ 1.75238385501231, 47.823367136163299 ], [ 1.75195824479701, 47.823101571660899 ], [ 1.75184157286981, 47.823027149900497 ], [ 1.75153631051104, 47.822839015066599 ], [ 1.75143537003616, 47.822777722121401 ], [ 1.75132881509995, 47.8227107885455 ], [ 1.75112345228275, 47.822582854390497 ], [ 1.75101363197963, 47.822649283461203 ], [ 1.75091478786404, 47.822567633674801 ], [ 1.75081038215129, 47.8226533288003 ], [ 1.75089881835355, 47.822712058750199 ], [ 1.75090421860745, 47.822715446729099 ], [ 1.75104399796295, 47.822807487933296 ], [ 1.75090436557399, 47.822885570892801 ], [ 1.75076473277497, 47.8229636536824 ], [ 1.75073493639108, 47.822980348441803 ], [ 1.75057010684647, 47.823072744443799 ], [ 1.75037439633686, 47.823182453407199 ], [ 1.75026400938293, 47.8232444651509 ], [ 1.75010166422877, 47.823106006331003 ], [ 1.74998216964379, 47.823168820835498 ], [ 1.75024282065978, 47.823372596312701 ], [ 1.75083354092454, 47.823835162226402 ], [ 1.75121177667442, 47.824131730258202 ], [ 1.75156833606984, 47.824412404095199 ], [ 1.75201275119728, 47.824759810628102 ], [ 1.75226966145851, 47.824964171511297 ], [ 1.75227228753907, 47.8249661797187 ], [ 1.75247644373995, 47.825123262545397 ], [ 1.75274734688237, 47.825335242169402 ], [ 1.75287296184148, 47.825433251065597 ], [ 1.7530426512135, 47.825566923184198 ], [ 1.75305800716819, 47.825578968056099 ], [ 1.75311535821026, 47.825624133820099 ], [ 1.75323114860783, 47.825713666724297 ], [ 1.75355968103776, 47.825970632932702 ], [ 1.75380302194908, 47.826161344172199 ], [ 1.75381470410068, 47.826170469513201 ], [ 1.75384266110288, 47.826192369474597 ], [ 1.75385919689023, 47.826205416902297 ], [ 1.75394779862533, 47.826274587452701 ], [ 1.75408194162827, 47.826379616488097 ], [ 1.75436535013113, 47.826600366094098 ], [ 1.75452337722785, 47.8267243707609 ], [ 1.75464528867295, 47.8268209880938 ], [ 1.754745456049, 47.826898651925802 ], [ 1.75476829701393, 47.826916446787699 ], [ 1.75492462336156, 47.827044663356602 ], [ 1.75496645760993, 47.827079041990899 ], [ 1.75534166776087, 47.827386904993702 ], [ 1.75609744010597, 47.826894550798499 ], [ 1.75629482305189, 47.827027701660199 ], [ 1.75636508811677, 47.8270752530265 ], [ 1.7565594367344, 47.827206751020803 ], [ 1.75690577177634, 47.827440853190403 ], [ 1.75694287567648, 47.827466089770503 ], [ 1.75726881634339, 47.827686472839503 ], [ 1.75759874561398, 47.827907887337098 ], [ 1.75769961412252, 47.827847118165899 ], [ 1.75783912104995, 47.827763085212197 ], [ 1.75839871947019, 47.827393844114503 ], [ 1.75851957138003, 47.8273129432338 ], [ 1.75872299133978, 47.827159196893199 ], [ 1.75870254300378, 47.827147638949597 ], [ 1.75875234827555, 47.827104060544201 ], [ 1.75880750214703, 47.827066119456703 ], [ 1.75885464139857, 47.827033674222498 ], [ 1.75889961727116, 47.827002286208497 ], [ 1.75892978143339, 47.826981272752498 ], [ 1.75895310868696, 47.826875215972798 ] ] ], [ [ [ 1.77016518026843, 47.8187441538321 ], [ 1.77017428083079, 47.8186915923879 ], [ 1.77012341105381, 47.818643262433 ], [ 1.76973681086301, 47.818613012439599 ], [ 1.76970159366959, 47.8186102125266 ], [ 1.76967771679057, 47.818608251715403 ], [ 1.7693399397023, 47.818581933247998 ], [ 1.76934832466038, 47.818560328417597 ], [ 1.76881113489036, 47.818430831525603 ], [ 1.76849668702382, 47.818355159081399 ], [ 1.76783657278461, 47.8181958324856 ], [ 1.76771297625616, 47.818165999547602 ], [ 1.76770885549525, 47.818176577634098 ], [ 1.76673337628714, 47.818240849271298 ], [ 1.7667375494667, 47.8182337822332 ], [ 1.76669496320164, 47.818226043244699 ], [ 1.76644384457135, 47.818180105334001 ], [ 1.76609531425137, 47.818116309363603 ], [ 1.76589184105626, 47.818078972823102 ], [ 1.76581573570952, 47.818064399777498 ], [ 1.76576051316713, 47.818054097087 ], [ 1.7657231358839, 47.818046502596601 ], [ 1.76565917928376, 47.818153393449599 ], [ 1.76547383834495, 47.818463333101001 ], [ 1.7653667983058, 47.818648323461098 ], [ 1.76526624585047, 47.8188220945502 ], [ 1.76512603793288, 47.819058699186897 ], [ 1.76510771357652, 47.819088120074099 ], [ 1.76502485560274, 47.819065014286203 ], [ 1.76491956560951, 47.819035281262401 ], [ 1.76490262952291, 47.819062466447697 ], [ 1.76482473591038, 47.819124834112102 ], [ 1.76478737808536, 47.8191451432279 ], [ 1.76479519737044, 47.819188251302798 ], [ 1.76509380529988, 47.819272677961699 ], [ 1.76516853204205, 47.819294887938398 ], [ 1.76535493783271, 47.819353738777998 ], [ 1.76592205341205, 47.819529832552902 ], [ 1.76595997662406, 47.819542743408398 ], [ 1.76684498390186, 47.8198193012852 ], [ 1.76847615595923, 47.820332413089098 ], [ 1.76860508833866, 47.820322515974198 ], [ 1.76861053298972, 47.820318252598902 ], [ 1.76875224104964, 47.820235669995 ], [ 1.76929100662049, 47.819922505515301 ], [ 1.76931235275212, 47.819906797522201 ], [ 1.76961224119781, 47.819687976292897 ], [ 1.76974818077215, 47.819588859789803 ], [ 1.76975065452381, 47.819585915361003 ], [ 1.76975752674872, 47.819577706395101 ], [ 1.76997463342781, 47.819320660583401 ], [ 1.77011819121282, 47.819013426279099 ], [ 1.77015300370118, 47.818814145296798 ], [ 1.77016518026843, 47.8187441538321 ] ], [ [ 1.76547383834495, 47.818463333101001 ], [ 1.7655656392357, 47.818481132042898 ], [ 1.76564546532981, 47.818496644538598 ], [ 1.76547383834495, 47.818463333101001 ] ] ], [ [ [ 1.77695893258751, 47.820599710146801 ], [ 1.77725086183041, 47.820115522479497 ], [ 1.77702862038042, 47.819981247209199 ], [ 1.77675128055195, 47.8198137223591 ], [ 1.77654642427307, 47.8196267906835 ], [ 1.77640251618177, 47.819573261993298 ], [ 1.77619837788892, 47.819575901746703 ], [ 1.77600203983575, 47.819535777028499 ], [ 1.77540985674083, 47.819442821341099 ], [ 1.77526533195228, 47.819659859933601 ], [ 1.77505275505123, 47.819918582780801 ], [ 1.7750796731207, 47.819962609715397 ], [ 1.77570207623369, 47.820002865724298 ], [ 1.77569958000184, 47.820006800168301 ], [ 1.77603024870614, 47.820162462698299 ], [ 1.77672451251513, 47.8204893403977 ], [ 1.77695893258751, 47.820599710146801 ] ] ], [ [ [ 1.76843557822049, 47.820428299407098 ], [ 1.76842542343474, 47.820376255938299 ], [ 1.76820555423152, 47.8203077872721 ], [ 1.76786310694736, 47.820199954944499 ], [ 1.76715884648533, 47.819978142790298 ], [ 1.7669260031854, 47.819904494572697 ], [ 1.76686628981965, 47.819886044136702 ], [ 1.76653376884133, 47.819782632823298 ], [ 1.76627820452729, 47.819703343517801 ], [ 1.76579307221658, 47.819553407995301 ], [ 1.76542009999448, 47.819436785896002 ], [ 1.76531129968793, 47.819402785714502 ], [ 1.76516839706662, 47.819358254880697 ], [ 1.76514026751217, 47.8193494974619 ], [ 1.76491292848759, 47.819286524543799 ], [ 1.76474895721866, 47.819533409724201 ], [ 1.76466198740153, 47.819664270685401 ], [ 1.7645403947116, 47.819847243622299 ], [ 1.76453596433838, 47.819853857810202 ], [ 1.76442475989605, 47.820021098006698 ], [ 1.76473059514306, 47.820116763148803 ], [ 1.764595931681, 47.820321561266901 ], [ 1.76426551419521, 47.820829346053102 ], [ 1.76438042486278, 47.820882314036602 ], [ 1.7645690743427, 47.8209771043812 ], [ 1.76462719690842, 47.821006520647899 ], [ 1.76479272549806, 47.821089815500798 ], [ 1.76501598301805, 47.8212022519944 ], [ 1.76523884898631, 47.821314323874503 ], [ 1.76546303536354, 47.821427129312603 ], [ 1.76576477330351, 47.8215788257517 ], [ 1.76580308829641, 47.821597951563099 ], [ 1.76581828318884, 47.821605492489802 ], [ 1.76603030645107, 47.821712678036299 ], [ 1.7661809283787, 47.821787712891897 ], [ 1.76639485492506, 47.821789874095899 ], [ 1.76663267359984, 47.821678151392597 ], [ 1.76691264984441, 47.821546618992002 ], [ 1.76703448202107, 47.821479941504101 ], [ 1.76726799683755, 47.8213519701441 ], [ 1.76738926583285, 47.821251892011801 ], [ 1.76747313538591, 47.821121986725402 ], [ 1.76771027382431, 47.8209067411834 ], [ 1.76789935283437, 47.820781361876897 ], [ 1.76843557822049, 47.820428299407098 ] ] ], [ [ [ 1.77993652887797, 47.821011574971301 ], [ 1.78007607184724, 47.820731381018497 ], [ 1.7786986225931, 47.820454835609503 ], [ 1.77864820319058, 47.820444679104902 ], [ 1.77860656113738, 47.820436414257003 ], [ 1.77856239485886, 47.820427493013597 ], [ 1.77853326107441, 47.820421608750401 ], [ 1.77836773950636, 47.820814224775297 ], [ 1.77844281636527, 47.820827338671002 ], [ 1.77848477141116, 47.820833626578903 ], [ 1.77853791723963, 47.820841471253999 ], [ 1.7798600166479, 47.821037692129401 ], [ 1.77993652887797, 47.821011574971301 ] ] ], [ [ [ 1.7736342861604, 47.839039864562103 ], [ 1.77399666584265, 47.838602240936297 ], [ 1.77380049195425, 47.838465083839402 ], [ 1.77368493297801, 47.838386016229499 ], [ 1.77347873249962, 47.838237322348199 ], [ 1.77339914888324, 47.838180953351198 ], [ 1.77339671540594, 47.838179226695402 ], [ 1.77256802088668, 47.8391924391264 ], [ 1.77267053915103, 47.8392167348226 ], [ 1.77309711264765, 47.839317329706802 ], [ 1.77335524737548, 47.8393766466682 ], [ 1.7736342861604, 47.839039864562103 ] ] ], [ [ [ 1.79571455987327, 47.836807168073797 ], [ 1.79573377523507, 47.836773341455803 ], [ 1.79329371883899, 47.835652920952 ], [ 1.79322585981826, 47.835697677973499 ], [ 1.79287938322063, 47.835925619063403 ], [ 1.79288620838329, 47.835972404783099 ], [ 1.7943381427562, 47.836640187415497 ], [ 1.79535943984028, 47.8371099162216 ], [ 1.79544044283971, 47.837098686879699 ], [ 1.79547654634144, 47.837062963533398 ], [ 1.79559005381819, 47.8369506261959 ], [ 1.79560646793699, 47.836934232853999 ], [ 1.79569354552344, 47.836831885159903 ], [ 1.79571455987327, 47.836807168073797 ] ] ], [ [ [ 1.79530207342225, 47.837228500724798 ], [ 1.79533049644362, 47.837201339525002 ], [ 1.79531763895393, 47.837149271432601 ], [ 1.7928020576972, 47.835992781026697 ], [ 1.7927183079122, 47.835954294451398 ], [ 1.79200200923381, 47.8356250402312 ], [ 1.79180237355532, 47.835532792990897 ], [ 1.79179933427057, 47.835531231497797 ], [ 1.79120227188494, 47.835255856822997 ], [ 1.78987443777821, 47.836521752357903 ], [ 1.79000157221981, 47.836592372328603 ], [ 1.79008764289912, 47.836634575217197 ], [ 1.79046433208011, 47.836806960740901 ], [ 1.79053182593876, 47.836837180308699 ], [ 1.79064809973501, 47.836897516348998 ], [ 1.79076197818552, 47.836957377517201 ], [ 1.79136622248442, 47.837223376906003 ], [ 1.79138163278168, 47.837227676210297 ], [ 1.79154138915673, 47.8373101519879 ], [ 1.791802327656, 47.837440655479803 ], [ 1.79224759733249, 47.8376430850156 ], [ 1.79246805053699, 47.8377432865489 ], [ 1.79247877275093, 47.837747987485201 ], [ 1.79300649997794, 47.837981416548899 ], [ 1.79367868806976, 47.838276636188603 ], [ 1.79397665040212, 47.838431548271501 ], [ 1.79404821976256, 47.838423733267099 ], [ 1.7943296719049, 47.838157226079502 ], [ 1.79434483893311, 47.838142800325201 ], [ 1.79467495264561, 47.837829087052597 ], [ 1.79479676361027, 47.837710355092298 ], [ 1.79509205864865, 47.837428506513703 ], [ 1.79514808681879, 47.837374895891102 ], [ 1.79517049642356, 47.837353523625701 ], [ 1.79517076986055, 47.837353256403702 ], [ 1.79530207342225, 47.837228500724798 ] ] ], [ [ [ 1.78163116061794, 47.831023236983199 ], [ 1.78143051042325, 47.830947612967499 ], [ 1.78120786387361, 47.830863568966002 ], [ 1.78119355013897, 47.8308581995474 ], [ 1.78075938817769, 47.830694456446601 ], [ 1.77908938565431, 47.832051367852003 ], [ 1.77948620548001, 47.832263964264698 ], [ 1.77968217098046, 47.832369066364201 ], [ 1.77981092701779, 47.832437914452498 ], [ 1.77990510760694, 47.832428993235503 ], [ 1.78097914931054, 47.8315572463762 ], [ 1.78102913965294, 47.8315166310542 ], [ 1.78106741577106, 47.831485525112399 ], [ 1.78163116061794, 47.831023236983199 ] ] ], [ [ [ 1.77344021765309, 47.837055798058302 ], [ 1.7740520203031, 47.836520870385499 ], [ 1.77374471316102, 47.836356717986298 ], [ 1.77347993636355, 47.8362150622402 ], [ 1.77314957121035, 47.836036445330599 ], [ 1.77300283738815, 47.835958760926097 ], [ 1.77268761302379, 47.835790382295002 ], [ 1.77261881418641, 47.835753477855597 ], [ 1.77258778143855, 47.8357368610761 ], [ 1.77240780684531, 47.835639835668204 ], [ 1.77220973014704, 47.835533619352702 ], [ 1.77199976675922, 47.835421157470499 ], [ 1.7719237364232, 47.835379046255497 ], [ 1.77191462658424, 47.835374090262498 ], [ 1.77183354042041, 47.835330935918599 ], [ 1.77176314932563, 47.835293564224202 ], [ 1.77161682469774, 47.835215702273501 ], [ 1.77124261931088, 47.835014117777 ], [ 1.7708859365845, 47.8348237870471 ], [ 1.77038684296302, 47.834560043203901 ], [ 1.76993940347158, 47.834808461539097 ], [ 1.77002672476013, 47.834876705683499 ], [ 1.76972008425397, 47.834996624038098 ], [ 1.76971418688086, 47.834997282254498 ], [ 1.76964541385113, 47.835022933928201 ], [ 1.7694526613564, 47.835085539303897 ], [ 1.76940212617395, 47.835016330612497 ], [ 1.76904771787145, 47.835149517617701 ], [ 1.76921525316885, 47.835367176462697 ], [ 1.76921863620558, 47.835365987820303 ], [ 1.76916297061514, 47.835385566024797 ], [ 1.76893708139924, 47.835464654804298 ], [ 1.76891263238962, 47.835473219213398 ], [ 1.76920653588244, 47.835598188133098 ], [ 1.76925346280533, 47.8355824696756 ], [ 1.76947512129712, 47.835507116358002 ], [ 1.76975218091952, 47.835758633557298 ], [ 1.76972330849664, 47.835775792779003 ], [ 1.76966194034193, 47.8358107032631 ], [ 1.76957172666445, 47.835861603039703 ], [ 1.76955018396029, 47.835873978534401 ], [ 1.76948866942584, 47.835909427457999 ], [ 1.76945006328256, 47.835931255054902 ], [ 1.76944643410935, 47.835937877782001 ], [ 1.76946860484594, 47.835950351916097 ], [ 1.76950875687364, 47.835971475752302 ], [ 1.76952353356139, 47.835962629708597 ], [ 1.76986731573133, 47.835757321064001 ], [ 1.76995394318543, 47.835705393324801 ], [ 1.77013910314255, 47.835832360552097 ], [ 1.77018188930715, 47.835860982690498 ], [ 1.77032814830518, 47.835959008164899 ], [ 1.7703081867004, 47.835972390496202 ], [ 1.77047692665434, 47.836086853473397 ], [ 1.7704016077666, 47.836141150435701 ], [ 1.77032629288817, 47.836195267369803 ], [ 1.77016029516367, 47.8363147713101 ], [ 1.77027082705672, 47.8363795681516 ], [ 1.77034305225849, 47.836418580142301 ], [ 1.77038299639758, 47.836442941878602 ], [ 1.77053495997427, 47.8365313956905 ], [ 1.77056663169019, 47.836549279858701 ], [ 1.77062637686376, 47.836584560392097 ], [ 1.77076030702223, 47.836660853398598 ], [ 1.77088281796947, 47.836733786168203 ], [ 1.77097160610353, 47.836785032806702 ], [ 1.7711811202545, 47.836905502666198 ], [ 1.77119178580453, 47.836906784565898 ], [ 1.77136232728856, 47.836984000540703 ], [ 1.77159067884017, 47.837087744954999 ], [ 1.77165512354152, 47.837116413364903 ], [ 1.77182291360608, 47.837191259545399 ], [ 1.77217633328242, 47.837350049012599 ], [ 1.77234700919889, 47.837427354924102 ], [ 1.7724584131881, 47.837477757010198 ], [ 1.77256732981332, 47.837525882682698 ], [ 1.77277004979563, 47.837639797694898 ], [ 1.77318345885391, 47.837279129431799 ], [ 1.77325017179265, 47.837221140274799 ], [ 1.77344021765309, 47.837055798058302 ] ] ], [ [ [ 1.77014670353914, 47.833094125444497 ], [ 1.77016957684145, 47.832960608874302 ], [ 1.77000907386627, 47.8330683788991 ], [ 1.76982097836835, 47.833178469559698 ], [ 1.76992521561791, 47.833243470914397 ], [ 1.77004337031413, 47.833174951710397 ], [ 1.77014670353914, 47.833094125444497 ] ] ], [ [ [ 1.77083381575804, 47.832556582878802 ], [ 1.77103961696465, 47.832397440097402 ], [ 1.77073806410796, 47.832251791666799 ], [ 1.77097948542025, 47.832049457001403 ], [ 1.77058552207641, 47.831755311263798 ], [ 1.77052167176661, 47.831707025906098 ], [ 1.77042103597659, 47.831630901382603 ], [ 1.77041893513296, 47.8316292591524 ], [ 1.77030296094313, 47.8315401020851 ], [ 1.77026723009021, 47.831512904042697 ], [ 1.76951700693362, 47.831935917183799 ], [ 1.76925601124217, 47.831747845107898 ], [ 1.76921088130622, 47.831710916895197 ], [ 1.76897028680387, 47.831513607099197 ], [ 1.76891361333337, 47.831467196410003 ], [ 1.7688432994358, 47.831409481086197 ], [ 1.76935973284975, 47.831147749069999 ], [ 1.76961674070198, 47.831017049551903 ], [ 1.76949657421128, 47.830930097917403 ], [ 1.7693352613705, 47.830813190631297 ], [ 1.76884607225499, 47.831053065858299 ], [ 1.76874846159746, 47.8309844245235 ], [ 1.76863449672912, 47.8310401328743 ], [ 1.76813327401605, 47.830656821091502 ], [ 1.76797035181109, 47.830771043833103 ], [ 1.76827648681829, 47.831029801900002 ], [ 1.76816971489222, 47.831091778133299 ], [ 1.76808736385041, 47.831028625212703 ], [ 1.76786847326196, 47.831140999623898 ], [ 1.76776592545972, 47.831066832901399 ], [ 1.76767344299132, 47.830996732360497 ], [ 1.76766671453925, 47.830981359737599 ], [ 1.76757845990775, 47.8310460503643 ], [ 1.76754187797288, 47.831072939269703 ], [ 1.7674165710803, 47.831161723376702 ], [ 1.76722274540491, 47.831299923255401 ], [ 1.76737244315735, 47.831439124141603 ], [ 1.76755596434391, 47.831609356140703 ], [ 1.76741803903223, 47.831672111386503 ], [ 1.76752680779286, 47.831744939592298 ], [ 1.76748525916785, 47.831788842393202 ], [ 1.7675733745673, 47.831845548480302 ], [ 1.76737905043159, 47.831972869994601 ], [ 1.76739598554404, 47.8319631467837 ], [ 1.76745262275182, 47.832011088010297 ], [ 1.7675346588588, 47.831966764674199 ], [ 1.76758835795304, 47.832008824225802 ], [ 1.76736409154068, 47.832127982034102 ], [ 1.76724197713939, 47.832234621701403 ], [ 1.76744380757859, 47.83226446682 ], [ 1.7676892794472, 47.832118618379702 ], [ 1.76763072901704, 47.832066696674602 ], [ 1.76793874659769, 47.831898372163302 ], [ 1.76799360495358, 47.831942333943601 ], [ 1.76813671912843, 47.8318639075896 ], [ 1.76833659237886, 47.8320128154025 ], [ 1.76848788440581, 47.832106485856102 ], [ 1.76809127250802, 47.832452193155603 ], [ 1.76841805159665, 47.832553107824303 ], [ 1.76859021329339, 47.832605772192501 ], [ 1.76896491892797, 47.832241921063698 ], [ 1.76916496636714, 47.832337272597698 ], [ 1.76881218648052, 47.832672190947399 ], [ 1.76893562506993, 47.832698780058202 ], [ 1.76894027770126, 47.832699909037203 ], [ 1.76899891170807, 47.832713666212697 ], [ 1.76917029491634, 47.8327538099959 ], [ 1.7692164349789, 47.832764465551101 ], [ 1.76942904778316, 47.832790639916702 ], [ 1.76969364779454, 47.832823210077798 ], [ 1.76998211267954, 47.832858550282502 ], [ 1.77032400844911, 47.832600923923401 ], [ 1.77060740859479, 47.832739632233 ], [ 1.77074172710728, 47.832631046833598 ], [ 1.77083381575804, 47.832556582878802 ] ] ], [ [ [ 1.76960922831817, 47.833421078056297 ], [ 1.76969947358864, 47.833374409074501 ], [ 1.76936423381828, 47.833165125976002 ], [ 1.76927293400695, 47.833211153559297 ], [ 1.76922974403229, 47.833234733210197 ], [ 1.76921552782328, 47.833241919901099 ], [ 1.76920965971121, 47.833239590029898 ], [ 1.76906915523362, 47.833109372337702 ], [ 1.7694827283579, 47.832868252747097 ], [ 1.76923088337598, 47.832839056388799 ], [ 1.76905452186723, 47.832806061329102 ], [ 1.76883105115731, 47.8327523188917 ], [ 1.76877987428269, 47.8327398100759 ], [ 1.76824725724724, 47.832995338748397 ], [ 1.76810255445545, 47.832865282773099 ], [ 1.76777458044256, 47.833023496743102 ], [ 1.76749527684942, 47.833158098391401 ], [ 1.76736299864455, 47.833039963549901 ], [ 1.76733764755713, 47.833049418262398 ], [ 1.76712378980616, 47.832863637270798 ], [ 1.76718085248667, 47.832835613666198 ], [ 1.76728602968876, 47.832784962986402 ], [ 1.76742865247094, 47.832716343549002 ], [ 1.76792304003208, 47.832478059048498 ], [ 1.76769593807098, 47.8324138349629 ], [ 1.76675263752518, 47.832906450202501 ], [ 1.76663842173, 47.832966366499498 ], [ 1.76672223813466, 47.833058609363398 ], [ 1.76688883602824, 47.833241643826597 ], [ 1.7670201095768, 47.833385781844498 ], [ 1.76720440456154, 47.833514815194903 ], [ 1.76728724603878, 47.833522346908403 ], [ 1.76771282306966, 47.833352108420002 ], [ 1.76774897596687, 47.8333899329578 ], [ 1.76785458003896, 47.833493925335901 ], [ 1.76799601606302, 47.833632318267703 ], [ 1.76803441844943, 47.833671156462998 ], [ 1.76855455134127, 47.833960694750601 ], [ 1.76875745842748, 47.833857782496899 ], [ 1.76895162125334, 47.833757208394701 ], [ 1.76914630752397, 47.833657089522603 ], [ 1.76933812602275, 47.833559550553197 ], [ 1.76960922831817, 47.833421078056297 ] ] ], [ [ [ 1.77162692887663, 47.838712639586902 ], [ 1.77250594964522, 47.837584467336299 ], [ 1.77149726480713, 47.837132491917501 ], [ 1.77138215123025, 47.837080699864103 ], [ 1.7713286942389, 47.837056736975903 ], [ 1.77132432929028, 47.837054711004697 ], [ 1.77122218137374, 47.837008815326797 ], [ 1.77112190691937, 47.8369628491781 ], [ 1.77110121860591, 47.836955611536702 ], [ 1.77103010298577, 47.836914811449503 ], [ 1.77084776670286, 47.836810018040801 ], [ 1.77014481438135, 47.836406060038499 ], [ 1.77010167304367, 47.836381214633001 ], [ 1.76997384273202, 47.836307145087602 ], [ 1.76943478211001, 47.836666483939503 ], [ 1.76889724070358, 47.837023405969802 ], [ 1.76872614745377, 47.836906665796498 ], [ 1.76853846868535, 47.837032690630402 ], [ 1.768070227553, 47.837317877825903 ], [ 1.76807087898192, 47.837376301738097 ], [ 1.76823953183014, 47.837459893197298 ], [ 1.76842112950481, 47.837550281155302 ], [ 1.76917592779408, 47.837926619960903 ], [ 1.76914918214889, 47.837944251409397 ], [ 1.76911512716363, 47.837965766611099 ], [ 1.76911697965056, 47.8379665961521 ], [ 1.77019845136113, 47.838508375854403 ], [ 1.77010578100558, 47.838636389490198 ], [ 1.77030387252245, 47.838730727823197 ], [ 1.77050093336347, 47.838829195499002 ], [ 1.77088067289785, 47.838844517393902 ], [ 1.77100622804714, 47.838849613679997 ], [ 1.77128472732608, 47.8388895263287 ], [ 1.77145732057412, 47.838930309152097 ], [ 1.77162692887663, 47.838712639586902 ] ] ], [ [ [ 1.77539524989067, 47.8371102538988 ], [ 1.77645459518894, 47.836228044372703 ], [ 1.77612668136392, 47.835977362866402 ], [ 1.77598204032398, 47.8358666700979 ], [ 1.77584553105744, 47.8357628128378 ], [ 1.77463808513205, 47.836765614357702 ], [ 1.77477012449539, 47.836837202393397 ], [ 1.77479613973479, 47.836851155836598 ], [ 1.7749665130183, 47.8369416863599 ], [ 1.77496875823863, 47.836942879954201 ], [ 1.7752951792981, 47.837119110053003 ], [ 1.77539524989067, 47.8371102538988 ] ] ], [ [ [ 1.79393927598359, 47.838529095206297 ], [ 1.79392035793019, 47.8384672435418 ], [ 1.79366580656944, 47.838337620740099 ], [ 1.79353755067927, 47.838280674949303 ], [ 1.79339962970638, 47.838219579104297 ], [ 1.79322226822841, 47.838140885257303 ], [ 1.79286079554528, 47.837980546920797 ], [ 1.79270831653557, 47.837912999653703 ], [ 1.79219931262081, 47.837685252690399 ], [ 1.79187718304537, 47.837541158250403 ], [ 1.79175132458944, 47.837484775201197 ], [ 1.79158818292627, 47.837404155063503 ], [ 1.79145002711352, 47.8373359436005 ], [ 1.79138088251063, 47.837301837118197 ], [ 1.79129230499111, 47.837258079200701 ], [ 1.79122838007318, 47.837229607074001 ], [ 1.79115174882014, 47.837195513293501 ], [ 1.79073047917256, 47.837007998661001 ], [ 1.79066514398529, 47.836976901369603 ], [ 1.79052376220317, 47.836909555612799 ], [ 1.79021349179404, 47.836761708299797 ], [ 1.78993946212198, 47.8366310660655 ], [ 1.78988559574252, 47.836601256801899 ], [ 1.78980690919104, 47.836557689795498 ], [ 1.78980057355088, 47.836554114001899 ], [ 1.78979965024362, 47.836553564410302 ], [ 1.78976558671787, 47.836534760714301 ], [ 1.78980054400209, 47.8364966869648 ], [ 1.79108819423361, 47.835263681906298 ], [ 1.79107251904252, 47.8352005128909 ], [ 1.79060026847373, 47.834980518053499 ], [ 1.79028663038312, 47.834828405423004 ], [ 1.7902259432094, 47.834798795936301 ], [ 1.79015215966885, 47.834763110598701 ], [ 1.78994569727185, 47.834665659046003 ], [ 1.78988763435576, 47.8346382367125 ], [ 1.78976846543523, 47.834582010390498 ], [ 1.78972627294748, 47.834562132636499 ], [ 1.78959202787169, 47.834498729698403 ], [ 1.78916475105672, 47.834294404878797 ], [ 1.78909796840399, 47.834262481579501 ], [ 1.78891999143887, 47.834188185011797 ], [ 1.78884967468784, 47.834158835377004 ], [ 1.78844787841139, 47.833974663384701 ], [ 1.78834613899209, 47.833928066766902 ], [ 1.7882167499165, 47.833868762855602 ], [ 1.78819129420088, 47.833859498726298 ], [ 1.78808756483578, 47.833812251237198 ], [ 1.7879592291167, 47.8337536780042 ], [ 1.7879467932274, 47.833747968800502 ], [ 1.78770798480759, 47.833638927488003 ], [ 1.78762939523597, 47.833603100808602 ], [ 1.78751186765447, 47.833545448908701 ], [ 1.78745052345392, 47.833515471096099 ], [ 1.78726781954686, 47.8334259112425 ], [ 1.78718395442719, 47.833386969328103 ], [ 1.7866306193831, 47.833072058005399 ], [ 1.7863671591571, 47.832936385608697 ], [ 1.78627572880198, 47.832889263747802 ], [ 1.78600527132882, 47.832749827635702 ], [ 1.78579796891982, 47.8326429986855 ], [ 1.78543674303933, 47.832456895793499 ], [ 1.78538587710166, 47.832430625821999 ], [ 1.78526090119303, 47.832365693555403 ], [ 1.78500910392605, 47.832234729353701 ], [ 1.78480076537253, 47.832103224853 ], [ 1.78476413228805, 47.832080072457103 ], [ 1.78469086415772, 47.8320338576194 ], [ 1.78459454148803, 47.831972822010798 ], [ 1.78452190064712, 47.831934264488702 ], [ 1.7844217909278, 47.8318810204225 ], [ 1.78417059022515, 47.831747540217698 ], [ 1.78400442825251, 47.831677498931398 ], [ 1.78393174075127, 47.831646861504701 ], [ 1.78300223793013, 47.831380506944001 ], [ 1.78258977757051, 47.831266862075097 ], [ 1.782443812188, 47.831225651691703 ], [ 1.78197842439523, 47.831094262952199 ], [ 1.78187947679228, 47.831066321802801 ], [ 1.78178942769626, 47.8310409033136 ], [ 1.78169106531192, 47.831057433506601 ], [ 1.77996560931379, 47.832460496491301 ], [ 1.77996722580148, 47.8325182103193 ], [ 1.78020786449523, 47.832663111069003 ], [ 1.78028170341136, 47.832707624451899 ], [ 1.78049649983737, 47.832836953914999 ], [ 1.78065050922345, 47.832929736535299 ], [ 1.78076418424203, 47.832997616608097 ], [ 1.78090119539628, 47.833079690866199 ], [ 1.78086911585928, 47.833102850192802 ], [ 1.78086612607459, 47.833104979370397 ], [ 1.78086055363966, 47.833108971925398 ], [ 1.7808112138954, 47.8331444632989 ], [ 1.78080659556307, 47.833147655673301 ], [ 1.77949477970343, 47.834015845829001 ], [ 1.77909243808054, 47.834281780099403 ], [ 1.77884099723103, 47.834449822525102 ], [ 1.77876049405019, 47.834497500014102 ], [ 1.77869015931405, 47.834538982592498 ], [ 1.77846952248521, 47.834669540483702 ], [ 1.77726557580393, 47.835500214664798 ], [ 1.77668136023754, 47.836011773900402 ], [ 1.77669922124984, 47.836072177451101 ], [ 1.77700471089777, 47.836216860771799 ], [ 1.77725864933907, 47.8363244613885 ], [ 1.7773371921606, 47.836350573340297 ], [ 1.77743073801014, 47.836387012868101 ], [ 1.77758642666319, 47.836447682932103 ], [ 1.77764618840883, 47.836470808563199 ], [ 1.77764857353348, 47.836471733532001 ], [ 1.77804820019195, 47.8366273864333 ], [ 1.77804899592767, 47.836627664757103 ], [ 1.77809828812138, 47.836646810595902 ], [ 1.77833123033303, 47.836737448048197 ], [ 1.77840768464853, 47.836767227948101 ], [ 1.77850507494357, 47.836805146813802 ], [ 1.77870741860968, 47.836883493349802 ], [ 1.77894222997165, 47.836974329041603 ], [ 1.7789966920581, 47.836995418547701 ], [ 1.77901113674727, 47.837000969585297 ], [ 1.77913662778158, 47.837049441706398 ], [ 1.77957749827424, 47.837220010340999 ], [ 1.77994853852572, 47.8373634776759 ], [ 1.78030884523668, 47.837502871700899 ], [ 1.78050351009996, 47.837578164835499 ], [ 1.78055015770742, 47.837596111975699 ], [ 1.78078842162041, 47.8376882399183 ], [ 1.78112183085597, 47.837817270542999 ], [ 1.78115721269421, 47.837830959854003 ], [ 1.78132710006069, 47.8378966329566 ], [ 1.78175972652192, 47.8380658473395 ], [ 1.78178888025871, 47.838077131480702 ], [ 1.78193996050513, 47.838135137423897 ], [ 1.78203646555954, 47.8381710638469 ], [ 1.78218608019505, 47.838228874221898 ], [ 1.78228599893243, 47.838267536200803 ], [ 1.78279792230172, 47.8384654732833 ], [ 1.78319681000908, 47.838619660309803 ], [ 1.78339333784641, 47.838695687928201 ], [ 1.78353645951996, 47.838751088900104 ], [ 1.78382376276899, 47.838862351349398 ], [ 1.7844001002074, 47.839085342072202 ], [ 1.78484564155656, 47.839257738975903 ], [ 1.78498889992054, 47.839313139542199 ], [ 1.78510817107477, 47.839359290393702 ], [ 1.78523989786486, 47.839410340693398 ], [ 1.78532352018099, 47.839442710498602 ], [ 1.7853269646042, 47.839444096330901 ], [ 1.78566052747578, 47.839573205294897 ], [ 1.78597381799975, 47.839694362531702 ], [ 1.78656169965238, 47.839921962361402 ], [ 1.78659429991433, 47.839934631091403 ], [ 1.7866553958824, 47.839958215860101 ], [ 1.78675717600721, 47.839997613264799 ], [ 1.78702368789711, 47.840100731650402 ], [ 1.78719610478019, 47.840167502301803 ], [ 1.78792116606951, 47.840448089617901 ], [ 1.78832127215737, 47.840602901395201 ], [ 1.78840145159387, 47.840633973229302 ], [ 1.78874867617309, 47.840768524913798 ], [ 1.78874960364381, 47.840768894534001 ], [ 1.78902513477424, 47.840875521787602 ], [ 1.78940231738739, 47.841021542093301 ], [ 1.79000772109279, 47.8412559657991 ], [ 1.790259401636, 47.8413533429719 ], [ 1.7902986297695, 47.841368599297297 ], [ 1.79036993145065, 47.8413962477971 ], [ 1.79059298641901, 47.841482527753499 ], [ 1.79063857764501, 47.841500189845497 ], [ 1.79077747384102, 47.841553917978501 ], [ 1.79093572030066, 47.841615136258902 ], [ 1.79105897503809, 47.8416629421422 ], [ 1.79108998772697, 47.841674963151199 ], [ 1.79111848321349, 47.841685968092897 ], [ 1.79124717373179, 47.841735810027799 ], [ 1.79150150767222, 47.8418342919311 ], [ 1.79163629251493, 47.841886626500802 ], [ 1.79177227247638, 47.8419393332642 ], [ 1.7918521906497, 47.841970309971899 ], [ 1.79198644558957, 47.842022458648898 ], [ 1.79216696699288, 47.842103796911502 ], [ 1.79230513738928, 47.842166066680001 ], [ 1.79285068333254, 47.842452784896203 ], [ 1.79317399462439, 47.842622811007601 ], [ 1.79319751248288, 47.842635204372399 ], [ 1.79324904201637, 47.842621062920301 ], [ 1.7932596682514, 47.842170671280698 ], [ 1.79327559866411, 47.8419990057169 ], [ 1.79328198007274, 47.841918152199099 ], [ 1.79336788108481, 47.841609040820302 ], [ 1.79352847419288, 47.841160551771601 ], [ 1.79360636507781, 47.840945058385401 ], [ 1.79363772797767, 47.8407767017694 ], [ 1.79364793562771, 47.840721630475002 ], [ 1.79365404854691, 47.8405465333677 ], [ 1.7936403880468, 47.840364932129901 ], [ 1.79363050836671, 47.8402818410202 ], [ 1.79362275787563, 47.840216863876101 ], [ 1.79361304262749, 47.840185440358297 ], [ 1.79357701337982, 47.8399408717897 ], [ 1.79357855775403, 47.8397432250297 ], [ 1.79362396782263, 47.839474291249999 ], [ 1.79377594786264, 47.838957214915197 ], [ 1.79385140958453, 47.8387130728524 ], [ 1.79390108450604, 47.838597830403202 ], [ 1.79392812567433, 47.838549142859101 ], [ 1.79393927598359, 47.838529095206297 ] ] ], [ [ [ 1.79336790271166, 47.843375040729299 ], [ 1.79361111644172, 47.843145136491799 ], [ 1.79350011332169, 47.843087468296602 ], [ 1.7934868971243, 47.843080671591302 ], [ 1.79324240012513, 47.842954842280498 ], [ 1.79323526349544, 47.842951168444202 ], [ 1.79292091606566, 47.843251807918598 ], [ 1.79307007902394, 47.843318870364698 ], [ 1.79271494294098, 47.843660944222897 ], [ 1.79247294165845, 47.843519387274597 ], [ 1.7931699583584, 47.8429183628622 ], [ 1.79166898400868, 47.842142412357603 ], [ 1.79148506554039, 47.842075259936301 ], [ 1.79127136153992, 47.841989168129601 ], [ 1.79108693193516, 47.841921019686801 ], [ 1.79096499895027, 47.841873857543902 ], [ 1.79083365542756, 47.841823087849399 ], [ 1.79042690463515, 47.841665786116003 ], [ 1.79025937955648, 47.841601051048698 ], [ 1.78985716872352, 47.841444154154303 ], [ 1.78968488827157, 47.841376938898101 ], [ 1.78936776036533, 47.841253231982201 ], [ 1.78888657324618, 47.841065452960002 ], [ 1.78881017083163, 47.841038740977602 ], [ 1.78855464267145, 47.840940240766301 ], [ 1.78818873444458, 47.840798294648401 ], [ 1.78759196459635, 47.840566920952597 ], [ 1.7873485163624, 47.840472413366101 ], [ 1.78727257816474, 47.840443004844197 ], [ 1.78686744835775, 47.840285887205503 ], [ 1.78659285821933, 47.8401793545166 ], [ 1.78648957672763, 47.840141291597 ], [ 1.78639663913811, 47.840106936041202 ], [ 1.78571747688427, 47.839842656197398 ], [ 1.78554759021109, 47.839776449593799 ], [ 1.78480337295411, 47.839486737743698 ], [ 1.78452003716109, 47.839377139099199 ], [ 1.78388618642017, 47.839131680104799 ], [ 1.78319204204243, 47.8388629993715 ], [ 1.78300889041923, 47.838786660182798 ], [ 1.78290954989612, 47.838751875301703 ], [ 1.78278576222458, 47.838704595159797 ], [ 1.7824857067147, 47.838589867345 ], [ 1.78230920888476, 47.838520796955599 ], [ 1.78223897217721, 47.838493694548099 ], [ 1.7817757821655, 47.8383161535981 ], [ 1.78131701636793, 47.838138206690999 ], [ 1.78116661334873, 47.838079846934399 ], [ 1.78092146272449, 47.837984767877302 ], [ 1.78085931466871, 47.8379606290437 ], [ 1.78035855027993, 47.837766309785898 ], [ 1.78024021624614, 47.837720433760701 ], [ 1.77964735860382, 47.8374904993725 ], [ 1.77932522300329, 47.837365632301498 ], [ 1.77917323285272, 47.837306713332403 ], [ 1.77904615794441, 47.8372573246671 ], [ 1.7789223937253, 47.837209320493102 ], [ 1.77854500583374, 47.837062993411898 ], [ 1.77841408703241, 47.837012213844901 ], [ 1.77819173887584, 47.836925917467099 ], [ 1.77804704034411, 47.836869773288498 ], [ 1.77763600633413, 47.836710131057799 ], [ 1.77742161181903, 47.836626886438196 ], [ 1.77729122772177, 47.836576201167802 ], [ 1.776531054221, 47.836280778326298 ], [ 1.77574628813848, 47.836925886589903 ], [ 1.77548483160566, 47.837144673330101 ], [ 1.77546839670746, 47.837161693777297 ], [ 1.77545401020323, 47.837176845385201 ], [ 1.77541583341257, 47.837209120646499 ], [ 1.77539524469946, 47.837226547761503 ], [ 1.77534902443566, 47.8372655798251 ], [ 1.77518398003522, 47.837431096173702 ], [ 1.77507577763025, 47.837560751665301 ], [ 1.77484503000872, 47.837833234087299 ], [ 1.77463967128718, 47.838198962409898 ], [ 1.77452842114251, 47.8383969036637 ], [ 1.77436278882669, 47.838692028095601 ], [ 1.77438708431033, 47.838763210442998 ], [ 1.77456477682921, 47.838867049456603 ], [ 1.77496607309759, 47.839101489341097 ], [ 1.77498190320546, 47.839110745776097 ], [ 1.77503454213829, 47.839141359176999 ], [ 1.77535379628577, 47.839327505067999 ], [ 1.77550617115121, 47.839416226444598 ], [ 1.77552464155739, 47.839426950540698 ], [ 1.77566995872735, 47.839508667184703 ], [ 1.77596996440053, 47.839677418333302 ], [ 1.77631531466703, 47.839874365086899 ], [ 1.77676214750028, 47.840129256003003 ], [ 1.77696022879581, 47.840242214914298 ], [ 1.77731826696024, 47.840434250296703 ], [ 1.77749167240632, 47.840527328705903 ], [ 1.77780481381601, 47.840695131739501 ], [ 1.77804727509272, 47.840837714630602 ], [ 1.77828739913194, 47.840983152984698 ], [ 1.77851341636999, 47.8411199829102 ], [ 1.77857103946525, 47.841154967061001 ], [ 1.77873337285553, 47.841252968824598 ], [ 1.77891509361582, 47.8413626035398 ], [ 1.77915919113905, 47.841509881595101 ], [ 1.77917237617855, 47.841517939766398 ], [ 1.7792318529086, 47.841553752964899 ], [ 1.77933260200611, 47.8416146585718 ], [ 1.77948584103796, 47.841707073945798 ], [ 1.77964197795449, 47.841801409482201 ], [ 1.77998591299786, 47.842008771384101 ], [ 1.78000595827318, 47.842020861278499 ], [ 1.78002455177033, 47.842032125973901 ], [ 1.78022843925046, 47.842154860616603 ], [ 1.78047598233842, 47.842303791809996 ], [ 1.78048032742059, 47.842306717323901 ], [ 1.78063907885002, 47.8424096296378 ], [ 1.7808445805363, 47.842543721244802 ], [ 1.78111283954276, 47.842308341968099 ], [ 1.78126075365598, 47.842178373903998 ], [ 1.78142450085429, 47.8420342585041 ], [ 1.78170856619839, 47.842205709098501 ], [ 1.78208404084674, 47.842431664411798 ], [ 1.78239738159734, 47.842621059288099 ], [ 1.78245276942995, 47.842654578086197 ], [ 1.78247518862891, 47.842668132355598 ], [ 1.78260561998882, 47.842746805187403 ], [ 1.78278471542118, 47.842854876249604 ], [ 1.78280805813389, 47.842868980098601 ], [ 1.78296566960246, 47.842940193696897 ], [ 1.78310883680173, 47.843005766579701 ], [ 1.78237471359236, 47.8437331716638 ], [ 1.7824418017491, 47.843775452890597 ], [ 1.78261683646912, 47.843885822224898 ], [ 1.78288951476076, 47.844041309629901 ], [ 1.78307348721378, 47.844146820430197 ], [ 1.78309394738703, 47.844158374009403 ], [ 1.78314212929222, 47.844185516947199 ], [ 1.78333891429832, 47.8442570463531 ], [ 1.78341614350975, 47.844276929626403 ], [ 1.78342544935462, 47.844279276408898 ], [ 1.78368664466008, 47.844346612749099 ], [ 1.78409374595576, 47.8439041489356 ], [ 1.78434106908137, 47.844005057872899 ], [ 1.78398470875166, 47.844409650219298 ], [ 1.78408803406207, 47.844434394121699 ], [ 1.78416439193198, 47.844352106240898 ], [ 1.7842218247017, 47.844290504513403 ], [ 1.78426061220627, 47.844249051806798 ], [ 1.78443210887865, 47.844303881360602 ], [ 1.78464210006483, 47.844371008904801 ], [ 1.78508584393277, 47.844512871809897 ], [ 1.78508495772802, 47.844520639513 ], [ 1.78510960970183, 47.8444909754691 ], [ 1.78508668518653, 47.844481917009198 ], [ 1.78534691456474, 47.844199639915303 ], [ 1.78551754107855, 47.844263333870103 ], [ 1.78572667898855, 47.844057665647298 ], [ 1.78598747908324, 47.843802846150702 ], [ 1.78603499012645, 47.843761060110999 ], [ 1.7859421086234, 47.843711106135203 ], [ 1.78627350840159, 47.843889335937597 ], [ 1.78646173166317, 47.843990474856902 ], [ 1.7865144334008, 47.8440188332942 ], [ 1.78654983322084, 47.8440378316607 ], [ 1.78669222248456, 47.844114373248402 ], [ 1.78670107400961, 47.844119055335703 ], [ 1.7867609082366, 47.8441512678693 ], [ 1.78678005915485, 47.844161637121303 ], [ 1.78686393909731, 47.844206519734698 ], [ 1.78686644813618, 47.844207895839403 ], [ 1.7869172993759, 47.8442353348455 ], [ 1.78694847318659, 47.844252039122402 ], [ 1.78696049191365, 47.844258554150102 ], [ 1.78703432980941, 47.844298202195297 ], [ 1.7873743232539, 47.844481018133102 ], [ 1.78740642282577, 47.844498181905202 ], [ 1.78740892983947, 47.844499647987 ], [ 1.78748765697461, 47.8445418665668 ], [ 1.78788471678611, 47.844755334288898 ], [ 1.78798290388999, 47.844835467881602 ], [ 1.7885876542034, 47.845176463246602 ], [ 1.78877762234686, 47.845060601909701 ], [ 1.78884881031413, 47.845017142060797 ], [ 1.78908692389978, 47.844871443961402 ], [ 1.78925717970756, 47.845004526357698 ], [ 1.78929185991845, 47.845031707361002 ], [ 1.78929855452399, 47.8450371770722 ], [ 1.78938460937762, 47.845104132751302 ], [ 1.78944334477928, 47.845067294774303 ], [ 1.78956529229855, 47.844990784608697 ], [ 1.78962919587614, 47.845032308672103 ], [ 1.79002767426903, 47.844849199082098 ], [ 1.79009644805703, 47.844800132951903 ], [ 1.79021143610404, 47.844717969700099 ], [ 1.79020035466558, 47.844711374670197 ], [ 1.79017135732115, 47.844692983533299 ], [ 1.7902229355532, 47.844641579711897 ], [ 1.79027205424407, 47.844592490762402 ], [ 1.79032650503753, 47.844538236198403 ], [ 1.79042282132149, 47.844442198620698 ], [ 1.79044867806903, 47.844416452348703 ], [ 1.79054835644105, 47.844466445764198 ], [ 1.79086418341009, 47.844624789511599 ], [ 1.7908751558009, 47.844630303232897 ], [ 1.79091781072216, 47.844606710255199 ], [ 1.79092675010295, 47.844601671831398 ], [ 1.79115425396833, 47.844469451733403 ], [ 1.79130751352261, 47.844379940990699 ], [ 1.79149963012355, 47.8442456453486 ], [ 1.79156063287158, 47.844203069032403 ], [ 1.7916967715501, 47.844107890762899 ], [ 1.79176400080762, 47.844061958102003 ], [ 1.79179842629467, 47.844035669735298 ], [ 1.79198416210767, 47.8438937467171 ], [ 1.79221577131676, 47.844045458778403 ], [ 1.79232061931512, 47.844115126127797 ], [ 1.79240363329036, 47.844062964918599 ], [ 1.79248013457781, 47.844014967075402 ], [ 1.79249499666907, 47.8440258312894 ], [ 1.79257775561015, 47.843990769253303 ], [ 1.7926097773359, 47.843970216553501 ], [ 1.79266641336463, 47.843931465150099 ], [ 1.79267116559718, 47.843928273704698 ], [ 1.79288277243935, 47.843789225885502 ], [ 1.79290719162583, 47.843773725435398 ], [ 1.7929313374356, 47.843787925505801 ], [ 1.79301538071075, 47.843708051341501 ], [ 1.79311293951947, 47.843615894796002 ], [ 1.79336790271166, 47.843375040729299 ] ] ], [ [ [ 1.76776979652092, 47.830138497557797 ], [ 1.76756472176126, 47.829977922399202 ], [ 1.76728251634591, 47.829759828870998 ], [ 1.76725356073406, 47.829774916383798 ], [ 1.76705266970816, 47.829641567666798 ], [ 1.76684427916806, 47.8295030990786 ], [ 1.76674146246077, 47.829434959272703 ], [ 1.76663013167124, 47.829520649187103 ], [ 1.76624725286138, 47.829309415029499 ], [ 1.766209633323, 47.829513524947998 ], [ 1.76618966454966, 47.829613677461303 ], [ 1.76618333541859, 47.829644484748002 ], [ 1.76613589721251, 47.8298051058349 ], [ 1.76667964070904, 47.830135047079601 ], [ 1.76650670437856, 47.830248712450299 ], [ 1.76649034177343, 47.830251060635199 ], [ 1.76666603606475, 47.8303757741852 ], [ 1.76682884098403, 47.830491440782602 ], [ 1.76651406866876, 47.830651500384597 ], [ 1.76653874443588, 47.830676873104302 ], [ 1.76588579865336, 47.830939496463003 ], [ 1.76597527337983, 47.831075725063002 ], [ 1.76639282693722, 47.830904956789098 ], [ 1.76662339042654, 47.830802339082503 ], [ 1.76671089845545, 47.830764104615398 ], [ 1.76667685090153, 47.830733592730098 ], [ 1.76695568439896, 47.8305957476055 ], [ 1.76700761509306, 47.830639049037202 ], [ 1.76701302962419, 47.830636135601203 ], [ 1.76710055127803, 47.830709118899698 ], [ 1.76738362988855, 47.830524187508701 ], [ 1.76746839891679, 47.830465671154002 ], [ 1.76736970989929, 47.8303981154206 ], [ 1.76746499242975, 47.830335839102503 ], [ 1.76747571485894, 47.830328840920899 ], [ 1.76753433424972, 47.830291202291299 ], [ 1.76767248715022, 47.830201742945498 ], [ 1.76769773848814, 47.830184996198597 ], [ 1.76776979652092, 47.830138497557797 ] ] ], [ [ [ 1.7790599934746, 47.830019152899098 ], [ 1.78028516752082, 47.829019819228499 ], [ 1.78025064918534, 47.8290270210817 ], [ 1.78022378535961, 47.829032682354701 ], [ 1.78020712961961, 47.829036199539999 ], [ 1.77983566557568, 47.829094262220003 ], [ 1.7797583024214, 47.829104528500601 ], [ 1.77955093152201, 47.829118302193102 ], [ 1.77937167409399, 47.829130207923498 ], [ 1.77936404367626, 47.829136519278499 ], [ 1.77920500816361, 47.829135133600602 ], [ 1.7790612053325, 47.829133996334797 ], [ 1.77892568600068, 47.829133035168503 ], [ 1.77876102324242, 47.829132220363803 ], [ 1.77867200789536, 47.829131833264597 ], [ 1.77826587695411, 47.829087097215101 ], [ 1.7780652110168, 47.829065023699599 ], [ 1.7777242822401, 47.829033206757302 ], [ 1.77754562715558, 47.829030534169597 ], [ 1.77735387765821, 47.8290276347579 ], [ 1.77723412374379, 47.829027016047696 ], [ 1.77695012031824, 47.829054117713902 ], [ 1.77680644652203, 47.829070621215301 ], [ 1.77664990612877, 47.8290886105003 ], [ 1.77582808074439, 47.829240523092999 ], [ 1.77582161120603, 47.829237035123398 ], [ 1.77570823304739, 47.829267175237398 ], [ 1.77566547081353, 47.829278250161501 ], [ 1.77561557184722, 47.829291590837599 ], [ 1.77560360342659, 47.829294706262502 ], [ 1.77551228265985, 47.829318955756598 ], [ 1.77526911381368, 47.829383744433102 ], [ 1.7751693113129, 47.829410605404099 ], [ 1.7751526323157, 47.829415111755502 ], [ 1.77494035088797, 47.829473651589502 ], [ 1.77493537722273, 47.829474859781399 ], [ 1.77470139719725, 47.829529482018998 ], [ 1.77450558709738, 47.829569290847097 ], [ 1.77441318707018, 47.829588127540497 ], [ 1.77438874651328, 47.829593002712599 ], [ 1.77427526340093, 47.829616029470699 ], [ 1.77410027049351, 47.8296515546796 ], [ 1.77372041054677, 47.829731202998303 ], [ 1.77329418142342, 47.8298159456874 ], [ 1.77319346580793, 47.829835954585498 ], [ 1.77260407869898, 47.829929788927501 ], [ 1.77143230658971, 47.829993486690299 ], [ 1.77103039274096, 47.8300380609275 ], [ 1.77076906213596, 47.830067005534801 ], [ 1.77003385111841, 47.830148406840102 ], [ 1.76973784861895, 47.830185266491497 ], [ 1.76949015451377, 47.830219842022402 ], [ 1.76912814857284, 47.8302784202642 ], [ 1.76911368000286, 47.830320213619899 ], [ 1.76945022332065, 47.830576317493303 ], [ 1.76955977466113, 47.830659827396801 ], [ 1.7697555752667, 47.8308056297831 ], [ 1.76986299761202, 47.830888757000302 ], [ 1.77031305951807, 47.8312364203138 ], [ 1.77097168334758, 47.831733526187797 ], [ 1.77107318698782, 47.831812629686603 ], [ 1.77110641248718, 47.831838361037697 ], [ 1.77126539173444, 47.831958211658304 ], [ 1.77148073441274, 47.832120687762398 ], [ 1.77159504098767, 47.8322069457761 ], [ 1.77179226268825, 47.832355369721697 ], [ 1.77208014533447, 47.832577921724003 ], [ 1.7721011608998, 47.832594073750101 ], [ 1.77237399190447, 47.832797024971903 ], [ 1.77239710859712, 47.832814819137099 ], [ 1.77252766837828, 47.832915198040403 ], [ 1.77263010046101, 47.8329137499273 ], [ 1.77368500343041, 47.832144859104801 ], [ 1.77373182202778, 47.832171316920899 ], [ 1.77374509145553, 47.832161671485402 ], [ 1.77377609191032, 47.832139042850599 ], [ 1.7737850799712, 47.832201424495402 ], [ 1.77503960992487, 47.832869060831896 ], [ 1.77591135024926, 47.832211128599702 ], [ 1.77608491200614, 47.832080138039501 ], [ 1.77624406635673, 47.831960014211901 ], [ 1.77667954327427, 47.831631337348597 ], [ 1.77697607991882, 47.831407512814799 ], [ 1.77719018918233, 47.8312459077152 ], [ 1.77729155019315, 47.831169402182802 ], [ 1.77712327133611, 47.8310802735949 ], [ 1.77714996831347, 47.831058679327199 ], [ 1.77717489479625, 47.831038506766703 ], [ 1.77717802653445, 47.831036019116603 ], [ 1.77719750586873, 47.831020200287199 ], [ 1.77720336427286, 47.8310154007834 ], [ 1.77732281233424, 47.830919074375799 ], [ 1.77743654559039, 47.830827098803397 ], [ 1.77745793094056, 47.8308097696152 ], [ 1.77759876747543, 47.830695933742803 ], [ 1.77760326042161, 47.830692380138998 ], [ 1.7776141566106, 47.830683582634997 ], [ 1.77762205474188, 47.830677274185902 ], [ 1.77763349583715, 47.830668032305397 ], [ 1.77788888171199, 47.830461508624303 ], [ 1.77791721072256, 47.830438671035601 ], [ 1.77798408825758, 47.830384551291203 ], [ 1.77802712964989, 47.830349715508603 ], [ 1.77848735143926, 47.8299779944196 ], [ 1.77850138101637, 47.829966619153303 ], [ 1.77852344627864, 47.829948756785797 ], [ 1.77852507890419, 47.829947513637997 ], [ 1.77855368084996, 47.8299244087045 ], [ 1.77857043695071, 47.829910721543598 ], [ 1.77857588385187, 47.829906367739703 ], [ 1.77857792566432, 47.8299047688092 ], [ 1.77863553862775, 47.829858203125802 ], [ 1.77881536460139, 47.829926414290597 ], [ 1.7788188123724, 47.829927620342502 ], [ 1.7790599934746, 47.830019152899098 ] ] ], [ [ [ 1.76458054038258, 47.828031076044603 ], [ 1.76443808901756, 47.8279316425525 ], [ 1.76438507704454, 47.827894809294797 ], [ 1.7642280463062, 47.827778569769201 ], [ 1.76420780965038, 47.827763594600498 ], [ 1.76407796916275, 47.827667984027102 ], [ 1.76402895416756, 47.827631732798203 ], [ 1.76397257708144, 47.827590183271802 ], [ 1.76377965650622, 47.827442420780201 ], [ 1.76377585200115, 47.827445081011703 ], [ 1.76369844431638, 47.827497461618798 ], [ 1.76363271730621, 47.827541864312401 ], [ 1.76345750225097, 47.827431732755599 ], [ 1.76369375727941, 47.8272736436356 ], [ 1.7638908199373, 47.827139713993397 ], [ 1.76382394090696, 47.827095713359 ], [ 1.76362945702687, 47.827227959866804 ], [ 1.76349839317293, 47.827133325823503 ], [ 1.763239780703, 47.827310171160597 ], [ 1.76319352323053, 47.827343896473302 ], [ 1.76302369577213, 47.827244703579296 ], [ 1.76284165684864, 47.827140709862 ], [ 1.76288693959946, 47.827107523352197 ], [ 1.76327350206651, 47.826837336332297 ], [ 1.76316560277227, 47.826764008914999 ], [ 1.76272221809479, 47.826471329897601 ], [ 1.76246671921368, 47.826671780471997 ], [ 1.7623784748545, 47.826620064510202 ], [ 1.76234716154224, 47.826630220318698 ], [ 1.76226107114083, 47.826564647220401 ], [ 1.76220186650227, 47.826609640057697 ], [ 1.76217356420761, 47.826631124058302 ], [ 1.7620362620183, 47.8267357080328 ], [ 1.76187778630191, 47.826848349320102 ], [ 1.76193357500013, 47.826880622494699 ], [ 1.76196481832048, 47.8268993147571 ], [ 1.76201740624078, 47.826931284057601 ], [ 1.76208119791625, 47.8269700324784 ], [ 1.76201755384712, 47.8270167965795 ], [ 1.76195717341921, 47.827061164795801 ], [ 1.76208622495049, 47.8271387671711 ], [ 1.76185708988459, 47.827323841741702 ], [ 1.7618405807988, 47.827338249272003 ], [ 1.76179504620807, 47.827376473368098 ], [ 1.76179204759899, 47.8273789620239 ], [ 1.76171562187891, 47.827354661895299 ], [ 1.76177475344464, 47.8273926411619 ], [ 1.76184590903166, 47.827442358857901 ], [ 1.76190885281703, 47.827488839392601 ], [ 1.76220653165608, 47.827683886884401 ], [ 1.76227596214197, 47.827721614561902 ], [ 1.76239198536661, 47.8277847671906 ], [ 1.76247889875876, 47.827829430140802 ], [ 1.76259669321762, 47.827891161068898 ], [ 1.76272300852955, 47.8279945670917 ], [ 1.76277221485327, 47.828034061296698 ], [ 1.76281142832176, 47.828066429143703 ], [ 1.7628534188592, 47.828100086438802 ], [ 1.76295192582297, 47.8281807859209 ], [ 1.7629667565171, 47.828192553869002 ], [ 1.76364578841778, 47.828123656241601 ], [ 1.7639701516938, 47.828091251504297 ], [ 1.7640794551922, 47.828081332300798 ], [ 1.76427092370743, 47.828061657630798 ], [ 1.76434046221562, 47.828054559497602 ], [ 1.76458054038258, 47.828031076044603 ] ], [ [ 1.76319352323053, 47.827343896473302 ], [ 1.76322018805206, 47.8273594708171 ], [ 1.76319352307203, 47.8273438965889 ], [ 1.76319352323053, 47.827343896473302 ] ] ], [ [ [ 1.76583394480177, 47.831244178872701 ], [ 1.76597506381297, 47.831194177666902 ], [ 1.76590666232761, 47.831100296137599 ], [ 1.76581222406042, 47.830976346785398 ], [ 1.76578783673284, 47.830944316117403 ], [ 1.76576331579245, 47.830912284036899 ], [ 1.76571550908517, 47.830760471866398 ], [ 1.76571991325382, 47.830737745372801 ], [ 1.7657560210117, 47.830593117274603 ], [ 1.76576829565858, 47.830542300089398 ], [ 1.76577346194175, 47.8305212918278 ], [ 1.765782416132, 47.830498343188502 ], [ 1.76586120971917, 47.830299977538303 ], [ 1.76586566173518, 47.830286702724401 ], [ 1.76588413584422, 47.830239461210901 ], [ 1.76593826539641, 47.8301015935278 ], [ 1.76594823642587, 47.830069384408702 ], [ 1.76567607077208, 47.829833660393803 ], [ 1.76562883208585, 47.829792738933101 ], [ 1.76565713890441, 47.829745159984803 ], [ 1.76565227782128, 47.829741508358502 ], [ 1.76572024552123, 47.829589114562502 ], [ 1.7658354800565, 47.829329564668598 ], [ 1.76583632366381, 47.829327773321097 ], [ 1.76562466612045, 47.829301422258801 ], [ 1.76563560384827, 47.829279394611099 ], [ 1.76548727772764, 47.829167929164001 ], [ 1.76521124683653, 47.8289607868006 ], [ 1.76542631416896, 47.828771147219797 ], [ 1.76554449238505, 47.8286668981414 ], [ 1.76525793147695, 47.8284700862623 ], [ 1.76582777723438, 47.8281641962622 ], [ 1.76554534628886, 47.827950776368802 ], [ 1.76546236848735, 47.827886174624403 ], [ 1.76541076950883, 47.827846026290999 ], [ 1.76531169016059, 47.827835891832201 ], [ 1.76525344795829, 47.827863092037802 ], [ 1.76489062566714, 47.8280320925941 ], [ 1.76462346008669, 47.8280995769111 ], [ 1.76453421864745, 47.828108987924701 ], [ 1.76436310233841, 47.8281271672898 ], [ 1.76430897151994, 47.828132717600901 ], [ 1.7641078852115, 47.828152110934901 ], [ 1.76390707021112, 47.8281713267627 ], [ 1.76364221626832, 47.8281967978835 ], [ 1.76372538077466, 47.8283797679345 ], [ 1.76354953135179, 47.828446232358502 ], [ 1.7634972449981, 47.8284701640817 ], [ 1.76343833717847, 47.828497176350602 ], [ 1.76309071632493, 47.828253629228101 ], [ 1.76305171954774, 47.828257898429896 ], [ 1.76318002768847, 47.828448095976697 ], [ 1.763267626992, 47.8285782764072 ], [ 1.7634232616348, 47.828530411601598 ], [ 1.76360595554907, 47.828681217117897 ], [ 1.76375112084014, 47.828801922881397 ], [ 1.7638103885641, 47.828851423953701 ], [ 1.76383832389313, 47.828874491359301 ], [ 1.76396604911209, 47.828980701151998 ], [ 1.76394672558746, 47.828989678611499 ], [ 1.76399060606684, 47.8290513489343 ], [ 1.7640442521626, 47.829124193578103 ], [ 1.76422145872883, 47.829367471899403 ], [ 1.76424243672388, 47.8293965866444 ], [ 1.76433891659847, 47.8295301901735 ], [ 1.76441790779827, 47.829639846320802 ], [ 1.76444030584699, 47.829671136260203 ], [ 1.76422435610452, 47.829736252003201 ], [ 1.76427786011607, 47.829810652199498 ], [ 1.76430113506797, 47.829844471721799 ], [ 1.76436751705037, 47.8299387830778 ], [ 1.76442966522804, 47.830013967371301 ], [ 1.7644642761596, 47.830066178608597 ], [ 1.76447654535084, 47.830084670203 ], [ 1.76452913638656, 47.830162724103403 ], [ 1.76459661166785, 47.830244535249498 ], [ 1.76464753961378, 47.830296378269601 ], [ 1.76469652368314, 47.830345590457704 ], [ 1.76472550195541, 47.8303755994786 ], [ 1.76476729531775, 47.830400612848202 ], [ 1.76485715173132, 47.8304914807063 ], [ 1.76493825516766, 47.830573615207697 ], [ 1.76499774028339, 47.830654171783799 ], [ 1.76505300157407, 47.830720912111197 ], [ 1.76475927520786, 47.830814850385401 ], [ 1.76473291412605, 47.830821773584702 ], [ 1.7645735403422, 47.830869240682297 ], [ 1.76451377457709, 47.830887063284997 ], [ 1.76428210140081, 47.830950960335301 ], [ 1.76445168958795, 47.831062201151802 ], [ 1.76450410935317, 47.8311073990875 ], [ 1.76447236414567, 47.8311331678673 ], [ 1.76452651124949, 47.831230590530801 ], [ 1.76456753165071, 47.831219861333402 ], [ 1.7645896803241, 47.831254972663899 ], [ 1.76458377850523, 47.831257027143302 ], [ 1.76467510194641, 47.831348090562997 ], [ 1.76470189663424, 47.831374296089301 ], [ 1.76455866236647, 47.8314347147953 ], [ 1.76466311189029, 47.831541938512402 ], [ 1.76515512101624, 47.831371598945502 ], [ 1.76520896948343, 47.831441654699702 ], [ 1.76488283862672, 47.8315550545177 ], [ 1.76493830528204, 47.8316244973566 ], [ 1.76521397730005, 47.831525327884798 ], [ 1.76526087195623, 47.8315091696184 ], [ 1.76522239904753, 47.831459132286398 ], [ 1.76575389650736, 47.831271959894401 ], [ 1.76583394480177, 47.831244178872701 ] ], [ [ 1.76562883208585, 47.829792738933101 ], [ 1.76562883203429, 47.829792739019801 ], [ 1.76557530362816, 47.8297463687312 ], [ 1.76562883208585, 47.829792738933101 ] ], [ [ 1.7645896803241, 47.831254972663899 ], [ 1.76494468066832, 47.831131392818499 ], [ 1.76458968121024, 47.831254974068699 ], [ 1.7645896803241, 47.831254972663899 ] ] ], [ [ [ 1.7741246436835, 47.821272287902502 ], [ 1.77486583518275, 47.820026533776897 ], [ 1.77483010719165, 47.819970443170099 ], [ 1.77420534554609, 47.819800631034298 ], [ 1.77406962760527, 47.819762937151097 ], [ 1.77355755904499, 47.8196210333914 ], [ 1.77347728712519, 47.819595710393102 ], [ 1.77329617660927, 47.819538638211696 ], [ 1.77260377026177, 47.819329584512197 ], [ 1.7722633418195, 47.819226826799699 ], [ 1.77222697702667, 47.819215824563102 ], [ 1.77212717122651, 47.819185705438201 ], [ 1.77204952926357, 47.819162299235401 ], [ 1.7718673071319, 47.819107193416102 ], [ 1.77187910064795, 47.819088414495099 ], [ 1.77127371068752, 47.818908167991999 ], [ 1.77126179170271, 47.818926585493699 ], [ 1.77095292983264, 47.818869160659602 ], [ 1.77034011165489, 47.818721415654302 ], [ 1.77026842883998, 47.818746677141299 ], [ 1.7702323082689, 47.819008322621798 ], [ 1.77007078075213, 47.819352903448603 ], [ 1.76983649386655, 47.819630471861103 ], [ 1.76941592659523, 47.819935788433497 ], [ 1.76925978883052, 47.820035592619803 ], [ 1.76869872763395, 47.820364994932802 ], [ 1.76861756860274, 47.820412658829603 ], [ 1.76846959102793, 47.820512007608002 ], [ 1.76779299660316, 47.820953156628903 ], [ 1.76762122083934, 47.821104641037699 ], [ 1.76765029029941, 47.821159403719001 ], [ 1.76855058331775, 47.821406494914399 ], [ 1.76875976021939, 47.821486732089902 ], [ 1.76886672577804, 47.8215252102802 ], [ 1.76886858393878, 47.821525769863598 ], [ 1.7689525898549, 47.821557255986498 ], [ 1.76900028637775, 47.821575309101 ], [ 1.76930241092803, 47.821687665261599 ], [ 1.76964575218655, 47.821768949099898 ], [ 1.76972096149208, 47.821776309224703 ], [ 1.76977096880929, 47.821781154552397 ], [ 1.77022435891149, 47.821825516500603 ], [ 1.7703093167899, 47.821839009286599 ], [ 1.77040600617984, 47.821853795204802 ], [ 1.77051262807769, 47.821878316454502 ], [ 1.77059276841153, 47.821903640048099 ], [ 1.77066229460961, 47.821931372613001 ], [ 1.77077977936645, 47.821977430294197 ], [ 1.77106495267957, 47.822089064019998 ], [ 1.77130715421856, 47.822140118913602 ], [ 1.77144089981556, 47.822141880593897 ], [ 1.77163552431135, 47.822146530293701 ], [ 1.7724495743802, 47.822078276871302 ], [ 1.77322602115677, 47.822011964639998 ], [ 1.77361331505362, 47.822019077066997 ], [ 1.77369744730224, 47.821987282917704 ], [ 1.77404582200158, 47.821404230810103 ], [ 1.7741246436835, 47.821272287902502 ] ] ], [ [ [ 1.77884128192616, 47.823234256859202 ], [ 1.77987247986346, 47.821141065065397 ], [ 1.77983473065061, 47.821091255853503 ], [ 1.77941893689572, 47.821027609979502 ], [ 1.77928042483398, 47.821006545270897 ], [ 1.77922848542151, 47.820998533475397 ], [ 1.77902937587598, 47.820968196337397 ], [ 1.77880882854396, 47.820934395134202 ], [ 1.7784778723871, 47.820883781148098 ], [ 1.77821386371722, 47.820845295419197 ], [ 1.77815139160946, 47.820836183245397 ], [ 1.77796503814747, 47.8208091276367 ], [ 1.77780857993268, 47.820783913594902 ], [ 1.777675687263, 47.820762635522797 ], [ 1.77754796438535, 47.820743211438398 ], [ 1.77728652891326, 47.820703310250302 ], [ 1.77697614963119, 47.820658847363099 ], [ 1.77690774684866, 47.820640311443299 ], [ 1.7765858022528, 47.820488613031003 ], [ 1.7762587064595, 47.820334339605701 ], [ 1.77598330109187, 47.820204728062102 ], [ 1.77576250420756, 47.820100709367203 ], [ 1.77569814311749, 47.820086625501602 ], [ 1.77553165667881, 47.820050142202703 ], [ 1.77553459935732, 47.820044232168797 ], [ 1.77545758631596, 47.820039827292803 ], [ 1.77527807087677, 47.820029400929798 ], [ 1.77510548898114, 47.8200196768178 ], [ 1.77505663976525, 47.8200168261058 ], [ 1.77495990394289, 47.820050559791198 ], [ 1.77447640500143, 47.820860831972801 ], [ 1.77380476317537, 47.822004967531399 ], [ 1.77384184840414, 47.8220601724612 ], [ 1.77441180815207, 47.8221674852077 ], [ 1.77448579831619, 47.822181400361103 ], [ 1.7746515772521, 47.822208246406198 ], [ 1.77496862279987, 47.822259535857199 ], [ 1.77504359211676, 47.8222715706437 ], [ 1.77528341605896, 47.822309990810503 ], [ 1.77565880232249, 47.822369988856799 ], [ 1.77596814328227, 47.822419304876803 ], [ 1.77609811009924, 47.822440104225997 ], [ 1.77666898561258, 47.822531213374504 ], [ 1.77679868573423, 47.822552009157199 ], [ 1.77692505990831, 47.822572140017002 ], [ 1.77708179434775, 47.822597178019599 ], [ 1.77723442864463, 47.822643595783397 ], [ 1.7772572584498, 47.822650494740898 ], [ 1.77731778232421, 47.8226688582265 ], [ 1.7773994093444, 47.822693652545603 ], [ 1.77755497511954, 47.822757922727803 ], [ 1.7778502199681, 47.8228799060306 ], [ 1.77805040608264, 47.822962552952099 ], [ 1.77820504841091, 47.823026362563297 ], [ 1.77822397863527, 47.8230343008264 ], [ 1.7782700513455, 47.823053413323102 ], [ 1.77827270105714, 47.823054431061301 ], [ 1.77839503762997, 47.823104942108003 ], [ 1.77875834035951, 47.8232549956615 ], [ 1.77884128192616, 47.823234256859202 ] ] ], [ [ [ 1.76606112955282, 47.821956754239601 ], [ 1.76609041744334, 47.821927178603197 ], [ 1.76603918954408, 47.821807913943502 ], [ 1.76569122599753, 47.821632328523201 ], [ 1.76563719629627, 47.821605026171802 ], [ 1.76549468460457, 47.821531876233699 ], [ 1.76526535347005, 47.821416136306603 ], [ 1.76521964394349, 47.821393151936803 ], [ 1.76499493420398, 47.821279890451997 ], [ 1.76478000233975, 47.821171502167097 ], [ 1.76477524645295, 47.821169111750898 ], [ 1.76465556026018, 47.821108802896802 ], [ 1.76452055244249, 47.821040681445801 ], [ 1.76416402235191, 47.820866081172099 ], [ 1.76402783864325, 47.821032607546698 ], [ 1.7639307206341, 47.821151389336698 ], [ 1.76383332658738, 47.821270528179198 ], [ 1.76373552288109, 47.821390022664602 ], [ 1.76363854346175, 47.821508535627999 ], [ 1.76354032128379, 47.821628745624601 ], [ 1.76348914819827, 47.821691304166499 ], [ 1.7634052298281, 47.821794112610597 ], [ 1.76323726268067, 47.821999547911197 ], [ 1.76315664859481, 47.8220981604738 ], [ 1.76288801720487, 47.8224251562416 ], [ 1.76349143107739, 47.822736904860598 ], [ 1.76352945373322, 47.822757108459697 ], [ 1.76351691152718, 47.822767687576899 ], [ 1.7634734282342, 47.822804133771399 ], [ 1.76342654280407, 47.822820201414501 ], [ 1.76339812645696, 47.822835203683503 ], [ 1.76327356636671, 47.822898158164499 ], [ 1.76306515545411, 47.823003433500197 ], [ 1.76285661637494, 47.823108437080101 ], [ 1.76263670348118, 47.823219711083198 ], [ 1.76242476767665, 47.823327018355002 ], [ 1.76228265892789, 47.823196351345203 ], [ 1.76216622716602, 47.823254529838003 ], [ 1.7619616572928, 47.823068385779798 ], [ 1.76188548362677, 47.822999082424701 ], [ 1.76108481707555, 47.823398017347699 ], [ 1.76090171039588, 47.823489694461799 ], [ 1.76085731635155, 47.823547912911302 ], [ 1.76092053961537, 47.823605108489097 ], [ 1.76102340488501, 47.823647420972499 ], [ 1.7612219705339, 47.8237298096738 ], [ 1.76133790994725, 47.823778920882603 ], [ 1.76143490846655, 47.823826391689899 ], [ 1.76159434123853, 47.823896124728897 ], [ 1.76169741198551, 47.823941139123797 ], [ 1.76172400856626, 47.823952671497601 ], [ 1.76177177134982, 47.823973608605201 ], [ 1.76187828311469, 47.824020099364901 ], [ 1.76210321403768, 47.824118336975701 ], [ 1.76230419631664, 47.824206150002503 ], [ 1.76236519222236, 47.824232807283103 ], [ 1.76250157387884, 47.824288073866498 ], [ 1.76277957876041, 47.824397401692899 ], [ 1.76285020455683, 47.824423800287697 ], [ 1.76330246596442, 47.824195621558196 ], [ 1.76323604960615, 47.824166387263098 ], [ 1.76331178386497, 47.824128301110001 ], [ 1.76348259479599, 47.824042251353198 ], [ 1.76363261344312, 47.824091629664203 ], [ 1.76375453189596, 47.824130900210797 ], [ 1.76383929489248, 47.824158617432097 ], [ 1.76420460272974, 47.824278493574802 ], [ 1.7644071683918, 47.824051008855903 ], [ 1.76448757820371, 47.823961214527003 ], [ 1.76457992878516, 47.823857954207 ], [ 1.76479592953864, 47.823604326960698 ], [ 1.76477222836654, 47.8235199163407 ], [ 1.76464678916852, 47.8234538762661 ], [ 1.76445493028175, 47.823353021670201 ], [ 1.76428543271606, 47.823261943678702 ], [ 1.76430977970815, 47.823249508647201 ], [ 1.76467385253507, 47.823439579537499 ], [ 1.76480165514838, 47.823507444717102 ], [ 1.76482135231382, 47.823574350884101 ], [ 1.76491728477937, 47.823454925925397 ], [ 1.76506143866271, 47.823221603990199 ], [ 1.76507171757483, 47.823204880078201 ], [ 1.76515629507849, 47.8230851552809 ], [ 1.76524798423989, 47.822923919916498 ], [ 1.76526775263083, 47.822889923671099 ], [ 1.76553985428545, 47.822516540170703 ], [ 1.76568156348305, 47.822353760846802 ], [ 1.7658247562566, 47.822190366881401 ], [ 1.76534046736016, 47.822014695447798 ], [ 1.76538364780053, 47.822030353170497 ], [ 1.76554190003079, 47.8218181607226 ], [ 1.76599587682464, 47.822021415937201 ], [ 1.76606112955282, 47.821956754239601 ] ] ], [ [ [ 1.78273086971908, 47.823627370461097 ], [ 1.7828925783262, 47.823388628999098 ], [ 1.78286639485985, 47.823329669771098 ], [ 1.78286533617044, 47.8233292087235 ], [ 1.78252249187117, 47.823189911811703 ], [ 1.7821078750304, 47.8230215147221 ], [ 1.7820955573516, 47.823016616160501 ], [ 1.78174410997271, 47.822873807101203 ], [ 1.7814887997296, 47.822770161031798 ], [ 1.78135757018512, 47.822716860445297 ], [ 1.78133055672505, 47.8227058682902 ], [ 1.78105114967302, 47.8225923395336 ], [ 1.78097328774212, 47.822560656040203 ], [ 1.78053140034094, 47.822381258290299 ], [ 1.78052703005502, 47.822379502614297 ], [ 1.78042334586874, 47.822337378852197 ], [ 1.78041341510616, 47.822333315041902 ], [ 1.78007958727391, 47.822197705027698 ], [ 1.7800736300863, 47.822195212729902 ], [ 1.77978998558904, 47.822080196601704 ], [ 1.77960738362912, 47.822005926693102 ], [ 1.77952184003267, 47.822023668561897 ], [ 1.77890956402496, 47.823264041753603 ], [ 1.77895087349493, 47.823339271497098 ], [ 1.77912840832515, 47.823424831005802 ], [ 1.77941077344496, 47.823560897935998 ], [ 1.7797340431599, 47.823720072783097 ], [ 1.77984189130966, 47.823773041801303 ], [ 1.78027433235167, 47.823985917876499 ], [ 1.78046718626027, 47.824079735675902 ], [ 1.78064012082161, 47.824167945297297 ], [ 1.78064144263239, 47.824168589124099 ], [ 1.78077064489979, 47.824234650967398 ], [ 1.78101226714273, 47.824364259427199 ], [ 1.78122863650182, 47.824476052649402 ], [ 1.78133734468512, 47.824532449608199 ], [ 1.78141990436243, 47.824575072988402 ], [ 1.78174523858655, 47.824755506196801 ], [ 1.78196974100668, 47.8248799840839 ], [ 1.78210817461881, 47.824852438539303 ], [ 1.78273086971908, 47.823627370461097 ] ] ], [ [ [ 1.77335386279187, 47.822507195872298 ], [ 1.77359934718742, 47.822137926271402 ], [ 1.7735679414079, 47.822085661049698 ], [ 1.77324485398317, 47.822082010705302 ], [ 1.77311602482991, 47.822093084179201 ], [ 1.77209758445661, 47.8221802643993 ], [ 1.77163979934934, 47.822221824798099 ], [ 1.77128060820766, 47.822213110159502 ], [ 1.77114865563675, 47.822185803790703 ], [ 1.77097470487959, 47.8221367242448 ], [ 1.77084586763825, 47.822084516965901 ], [ 1.77056528573836, 47.8219708605832 ], [ 1.77048415008816, 47.821953897617803 ], [ 1.77043811739695, 47.821944773723402 ], [ 1.77019997029815, 47.821897630042798 ], [ 1.76962537348156, 47.821841014603699 ], [ 1.76955451036836, 47.821824878889998 ], [ 1.76926101783472, 47.821755279558403 ], [ 1.76913170943656, 47.821706215820001 ], [ 1.76901681367476, 47.821663874122898 ], [ 1.7686473470896, 47.821527676919501 ], [ 1.76851920069695, 47.821480424926399 ], [ 1.76850662757251, 47.8214693114247 ], [ 1.76837523336488, 47.821435346887 ], [ 1.76834839668106, 47.821428404082198 ], [ 1.76802569935515, 47.8213446329733 ], [ 1.76774856917597, 47.821272771415003 ], [ 1.76752544848126, 47.821292568878199 ], [ 1.76722821387921, 47.821459565901499 ], [ 1.76710520443795, 47.8216634990942 ], [ 1.76683849074984, 47.822104901763097 ], [ 1.7667239589431, 47.822294701834799 ], [ 1.76659317271455, 47.822511064250101 ], [ 1.7664661184606, 47.8227220650693 ], [ 1.76582394824362, 47.8224209683883 ], [ 1.76581349315436, 47.82234164802 ], [ 1.76574421001761, 47.822418688758198 ], [ 1.76572377204038, 47.822441246551698 ], [ 1.76559635410633, 47.822592924930802 ], [ 1.76548215763165, 47.822750773172203 ], [ 1.76536489950309, 47.8229195704793 ], [ 1.76526769259178, 47.823076697294503 ], [ 1.76521799799736, 47.823156194299401 ], [ 1.76516576220568, 47.823241515274802 ], [ 1.76515978654234, 47.823251353620002 ], [ 1.76513938118067, 47.823283992958103 ], [ 1.76505027407717, 47.823431843673497 ], [ 1.76502325818887, 47.823472874453898 ], [ 1.76488730205376, 47.823646694960701 ], [ 1.76488606599402, 47.823648122125498 ], [ 1.76484240507951, 47.823697978673003 ], [ 1.76466712157132, 47.823901898535603 ], [ 1.76466574978452, 47.823903414279599 ], [ 1.76455687106217, 47.824021982500902 ], [ 1.76444843643982, 47.824144425798899 ], [ 1.76440715716639, 47.824189536660597 ], [ 1.76439289000741, 47.824205318360697 ], [ 1.76434737623815, 47.824254345085599 ], [ 1.76431310618499, 47.824291158703303 ], [ 1.76429198620528, 47.824314249118601 ], [ 1.76419595317302, 47.824420620790796 ], [ 1.76414236244646, 47.824483604112203 ], [ 1.76403846897608, 47.824611855630998 ], [ 1.76392737146004, 47.824745251776697 ], [ 1.76470520808343, 47.825029785420803 ], [ 1.76448746674151, 47.825323539181099 ], [ 1.76461339522161, 47.825368701780199 ], [ 1.76447973934074, 47.825564058692301 ], [ 1.76454413944301, 47.825582379587999 ], [ 1.76466431035502, 47.825616500038102 ], [ 1.7648476181327, 47.825683059594503 ], [ 1.76500521132256, 47.8257403468414 ], [ 1.76500720321912, 47.825740907892303 ], [ 1.76530592350955, 47.825822094069402 ], [ 1.76563560276067, 47.825917017131502 ], [ 1.765408554867, 47.826202933465801 ], [ 1.76546510892893, 47.826254115434402 ], [ 1.76569827918862, 47.826464496930299 ], [ 1.76580090203662, 47.826414000645997 ], [ 1.76580725370862, 47.826411007115802 ], [ 1.76585631523701, 47.8263876705022 ], [ 1.76598705669345, 47.826323518248003 ], [ 1.76639019090452, 47.826127394921897 ], [ 1.76637567551739, 47.826286382532999 ], [ 1.76641697405131, 47.826499694233 ], [ 1.76663248594561, 47.826566859767198 ], [ 1.766642384955, 47.826543470902202 ], [ 1.76672302240313, 47.826568334187797 ], [ 1.76670633968918, 47.826611040174903 ], [ 1.76692817532761, 47.826683942392897 ], [ 1.76707542047998, 47.826732332821699 ], [ 1.76717027947485, 47.826610230602803 ], [ 1.76754353851083, 47.826134393601997 ], [ 1.76764222327854, 47.826005724353699 ], [ 1.76797912411107, 47.825575769637901 ], [ 1.7681048800884, 47.8254150703129 ], [ 1.76838103449074, 47.8250626060928 ], [ 1.76864464800639, 47.8247263015664 ], [ 1.76867783773629, 47.824684074682303 ], [ 1.76914528590879, 47.824087525885602 ], [ 1.76912153686791, 47.8240221981929 ], [ 1.76916625501233, 47.823978471986401 ], [ 1.76919943240844, 47.823994482301103 ], [ 1.76923459336913, 47.824011413544603 ], [ 1.76930425556387, 47.8240449090273 ], [ 1.76969869925361, 47.824234652703502 ], [ 1.76986946101682, 47.8243120541987 ], [ 1.7700062290547, 47.824374066885397 ], [ 1.77052511915082, 47.824615609656398 ], [ 1.77100077341328, 47.824836984320697 ], [ 1.77140484550471, 47.825021242262999 ], [ 1.77188280220264, 47.825247407955203 ], [ 1.77197060296168, 47.825236446112797 ], [ 1.77216715335036, 47.824955598632698 ], [ 1.77232819399645, 47.824724875412798 ], [ 1.77251327985938, 47.8244599293051 ], [ 1.77252336902889, 47.824445543085901 ], [ 1.77256608246397, 47.824384332402197 ], [ 1.77267290097693, 47.824151600806303 ], [ 1.77282633679343, 47.823833216034998 ], [ 1.77291761759714, 47.823486006892999 ], [ 1.77292581282478, 47.8234552187131 ], [ 1.77293944012736, 47.823403334676001 ], [ 1.77296069902401, 47.823321916714299 ], [ 1.77296977277472, 47.823287807296801 ], [ 1.77298339999152, 47.823235923249598 ], [ 1.77298823732475, 47.823217431499401 ], [ 1.77298882373087, 47.823215187348097 ], [ 1.77306752443254, 47.8230423787248 ], [ 1.77321734955335, 47.822712254006603 ], [ 1.77335386279187, 47.822507195872298 ] ] ], [ [ [ 1.76219393403015, 47.825911156507601 ], [ 1.76252568928411, 47.825663976223197 ], [ 1.76236300528607, 47.825538403073999 ], [ 1.76166899430564, 47.826039460583203 ], [ 1.76152183003231, 47.825924761582101 ], [ 1.76138285288117, 47.825814379419498 ], [ 1.76134807842078, 47.825786648514899 ], [ 1.76130463541785, 47.825752345179801 ], [ 1.76122189737285, 47.825672080773003 ], [ 1.76119353098334, 47.825644687559198 ], [ 1.76094968187461, 47.825491971396701 ], [ 1.76090198993844, 47.825462213591699 ], [ 1.76073209088743, 47.825330981143097 ], [ 1.76064429712182, 47.825272715709303 ], [ 1.76061309655561, 47.825257984027203 ], [ 1.76055704248223, 47.825231468108399 ], [ 1.76028655647751, 47.825103492139398 ], [ 1.76009945046469, 47.825033914795597 ], [ 1.75997166422587, 47.824988367595701 ], [ 1.75992234471192, 47.8250628256841 ], [ 1.76025261640795, 47.8251833336532 ], [ 1.76020352173501, 47.825265355206398 ], [ 1.76051043137574, 47.8253847152547 ], [ 1.76044391398871, 47.825514618923997 ], [ 1.76040466149487, 47.825581532633301 ], [ 1.76021009574568, 47.825527988719699 ], [ 1.75977210088834, 47.8254070613065 ], [ 1.75968358787273, 47.8254312382224 ], [ 1.75964324938491, 47.825493099547998 ], [ 1.75956393807971, 47.825616710586303 ], [ 1.759871038809, 47.825697531313502 ], [ 1.75975633953374, 47.825910869803103 ], [ 1.76017624735611, 47.8260223347378 ], [ 1.7602466516496, 47.825874830065899 ], [ 1.76043619806289, 47.825920129770402 ], [ 1.76040287741453, 47.8259848558898 ], [ 1.76057741438777, 47.826026126167697 ], [ 1.76060479738453, 47.826032626435897 ], [ 1.76050342965078, 47.826252713368802 ], [ 1.76027965040687, 47.826660890318301 ], [ 1.76031311359674, 47.826670335309203 ], [ 1.76057084542261, 47.826743719187903 ], [ 1.76058956790686, 47.826749047763002 ], [ 1.76070469447386, 47.826781678738499 ], [ 1.76077072349922, 47.8267989387708 ], [ 1.76082276317812, 47.826814250682503 ], [ 1.76085767763552, 47.826824520957601 ], [ 1.76093215434566, 47.826846370755703 ], [ 1.76109600730323, 47.826939013910497 ], [ 1.76117321326507, 47.827004367971099 ], [ 1.76120428236885, 47.827030529555003 ], [ 1.76148518731219, 47.826815021109503 ], [ 1.76167337431938, 47.826907398426897 ], [ 1.76167720194546, 47.826903748379202 ], [ 1.76212960448323, 47.826567291811998 ], [ 1.76215450941806, 47.826548202265499 ], [ 1.76214813570154, 47.826483236638097 ], [ 1.76197405985084, 47.8263818638803 ], [ 1.7620178981221, 47.826347564298899 ], [ 1.76224305171208, 47.826178289365799 ], [ 1.76209040097064, 47.826086756173297 ], [ 1.76226327421019, 47.825952663789103 ], [ 1.76222834208467, 47.825931682358501 ], [ 1.76219393403015, 47.825911156507601 ] ] ], [ [ [ 1.78315849897115, 47.825773898141001 ], [ 1.78324476649762, 47.825660479182702 ], [ 1.78322287001572, 47.825601024549499 ], [ 1.78253429263686, 47.825278026922703 ], [ 1.78247200889646, 47.825248756568399 ], [ 1.78211430925475, 47.825057277946399 ], [ 1.78189877079219, 47.824938204157903 ], [ 1.78183039697893, 47.824900589137002 ], [ 1.78175912469509, 47.824861143731297 ], [ 1.78134615460183, 47.8246320937034 ], [ 1.78123590043978, 47.8245731603702 ], [ 1.78116235532144, 47.824533780969801 ], [ 1.78112036747274, 47.824511291686797 ], [ 1.78108035723838, 47.824489993095902 ], [ 1.780405252469, 47.824140209146798 ], [ 1.77884616764153, 47.823376525811 ], [ 1.77869296858051, 47.823313812248799 ], [ 1.77860187075401, 47.823276498610902 ], [ 1.77851262310861, 47.823240104291102 ], [ 1.77794466364179, 47.823004206225498 ], [ 1.77733434538017, 47.822750671383098 ], [ 1.77702789552598, 47.822662684225598 ], [ 1.77650060454956, 47.822576712308702 ], [ 1.77614050569948, 47.822520207004096 ], [ 1.77603476660927, 47.822503621152499 ], [ 1.77594340896688, 47.822489345636001 ], [ 1.77565722446349, 47.822444321906701 ], [ 1.77554762309549, 47.822427155207897 ], [ 1.77523000834231, 47.822377301582101 ], [ 1.77504689518299, 47.8223486550432 ], [ 1.77461602839107, 47.822277723820598 ], [ 1.7745791440287, 47.822271757576601 ], [ 1.77451922832642, 47.8222618601026 ], [ 1.77380029604512, 47.822129136796804 ], [ 1.77371123132879, 47.822154578615198 ], [ 1.77332656913107, 47.822716997292702 ], [ 1.77309755905576, 47.823229376978901 ], [ 1.77307631005493, 47.823304584275 ], [ 1.77303792294909, 47.823439019817897 ], [ 1.7729961861162, 47.823585391815101 ], [ 1.77296253567773, 47.823717266554297 ], [ 1.77292622854974, 47.823860004862603 ], [ 1.77276723986062, 47.824198944261497 ], [ 1.77265276827649, 47.824438976759403 ], [ 1.77224835185243, 47.825022157323701 ], [ 1.77204256445519, 47.825321000484799 ], [ 1.77202790730605, 47.8253421796853 ], [ 1.77182404170879, 47.825673446678103 ], [ 1.77179057531621, 47.825727733042598 ], [ 1.77170667812278, 47.825882123856204 ], [ 1.77155345971063, 47.826161624266398 ], [ 1.77143613973009, 47.826368321343402 ], [ 1.7714209631892, 47.826400386398099 ], [ 1.77138061902385, 47.826486194563799 ], [ 1.7713497104694, 47.826551218946598 ], [ 1.77131509451275, 47.826626285744197 ], [ 1.77128497718921, 47.826691768454999 ], [ 1.77117479576545, 47.826919152645999 ], [ 1.77113915601887, 47.826992228400599 ], [ 1.77098874025505, 47.827300560969199 ], [ 1.77096682686097, 47.827352267825297 ], [ 1.77092067516891, 47.827446385981098 ], [ 1.77071854512135, 47.827811783298401 ], [ 1.77045692347469, 47.828281509583697 ], [ 1.7704344612361, 47.828322229184202 ], [ 1.77036163149158, 47.828454322130398 ], [ 1.77029522964155, 47.828574330912502 ], [ 1.77025819538424, 47.828626689127901 ], [ 1.77020417422893, 47.8287026321496 ], [ 1.77011946551904, 47.828822358798199 ], [ 1.77004236670295, 47.828930913796199 ], [ 1.76983927999405, 47.829215829285403 ], [ 1.76973654743816, 47.8293056628182 ], [ 1.76960788801636, 47.829418357099399 ], [ 1.76958128495205, 47.829441570882402 ], [ 1.76951866399403, 47.829496270678099 ], [ 1.76950651814088, 47.829507034580999 ], [ 1.76937990815396, 47.829617769868598 ], [ 1.76886534241849, 47.830065034870202 ], [ 1.76886876829151, 47.8301364497664 ], [ 1.76894260102633, 47.830192221831403 ], [ 1.76904371149174, 47.830212995805098 ], [ 1.76905350475239, 47.8302114784127 ], [ 1.76972393271056, 47.830110771199898 ], [ 1.76973828636095, 47.830108581509698 ], [ 1.77052803862796, 47.830021273151097 ], [ 1.77090274688347, 47.829979745874098 ], [ 1.77114625087978, 47.829952864427902 ], [ 1.77115616727281, 47.829951798207503 ], [ 1.77148457127019, 47.829918334862001 ], [ 1.77152271268704, 47.829916394184202 ], [ 1.77159818951507, 47.829912684369901 ], [ 1.77161545192378, 47.829911875092499 ], [ 1.7716434200718, 47.829910547887501 ], [ 1.77170658538793, 47.829907429117597 ], [ 1.77171327569483, 47.829907139156496 ], [ 1.77180857900143, 47.829901566637403 ], [ 1.77183869576992, 47.829899811835702 ], [ 1.77229405117601, 47.829873706641401 ], [ 1.77229927143822, 47.829873401254801 ], [ 1.77260666784214, 47.8298581671148 ], [ 1.77268917410164, 47.829845259028403 ], [ 1.77317534625983, 47.829763846058597 ], [ 1.77393359583495, 47.829610387064498 ], [ 1.77464870655458, 47.829466733663097 ], [ 1.77478571698091, 47.829437831631601 ], [ 1.77514589647678, 47.829341952311999 ], [ 1.77575224480318, 47.829178613718497 ], [ 1.77604795672999, 47.829124903842498 ], [ 1.7766088203548, 47.829021033492303 ], [ 1.77668636111438, 47.8290088809024 ], [ 1.77683252420979, 47.828994563785201 ], [ 1.77715808335636, 47.828962315110303 ], [ 1.77736441326603, 47.828953125362702 ], [ 1.77775858206592, 47.828959935177899 ], [ 1.77783457966803, 47.8289683783009 ], [ 1.77865165479224, 47.8290577221196 ], [ 1.77880401643302, 47.829058678997399 ], [ 1.77913426456729, 47.829060857932902 ], [ 1.77932437822596, 47.829059326855798 ], [ 1.77954140393103, 47.829044213882398 ], [ 1.77974102355002, 47.8290303595412 ], [ 1.77988841399749, 47.829009120540199 ], [ 1.78001340836089, 47.828991068753503 ], [ 1.78009454825762, 47.828979311410798 ], [ 1.78018116106949, 47.828967880982397 ], [ 1.78029604680696, 47.828941802754002 ], [ 1.78041227293573, 47.828915558333598 ], [ 1.78052648613129, 47.828889652907897 ], [ 1.78053978848314, 47.828886640868099 ], [ 1.78063256280383, 47.8288513312338 ], [ 1.78072973465059, 47.828816607321897 ], [ 1.78073243009728, 47.828815645228701 ], [ 1.78104415960177, 47.8287043022424 ], [ 1.78116505978312, 47.828602406325899 ], [ 1.78119623916685, 47.828484275799902 ], [ 1.78124793561359, 47.8283807603027 ], [ 1.78128707656716, 47.8283001571263 ], [ 1.78137880572709, 47.828170414364003 ], [ 1.78140026589272, 47.828138053372598 ], [ 1.78149633146914, 47.827994043809397 ], [ 1.78187245207999, 47.827469766548496 ], [ 1.78189868574546, 47.827433224526999 ], [ 1.78223827838672, 47.827003618316098 ], [ 1.78234517211508, 47.826859360426297 ], [ 1.78246653967258, 47.826695900328197 ], [ 1.78252492670384, 47.826615226514498 ], [ 1.78259076661622, 47.8265242787676 ], [ 1.7827198223048, 47.826346046370503 ], [ 1.78315849897115, 47.825773898141001 ] ] ], [ [ [ 1.77180755450262, 47.825525025131 ], [ 1.77189249968674, 47.825377306047002 ], [ 1.77185860429404, 47.825299721171397 ], [ 1.77161500365456, 47.825187085168501 ], [ 1.77153393799162, 47.825149511123598 ], [ 1.77139521166617, 47.82508531949 ], [ 1.77113442236761, 47.824964671332303 ], [ 1.77060927684961, 47.824721715605101 ], [ 1.77043381867043, 47.824639225333101 ], [ 1.77024579349027, 47.824551112271799 ], [ 1.76998782597404, 47.824430041011901 ], [ 1.76973276816617, 47.824310349869698 ], [ 1.76930264729625, 47.8241086203303 ], [ 1.76921214826648, 47.824120721992401 ], [ 1.76805245601038, 47.825606694048901 ], [ 1.76795784631488, 47.825726855383301 ], [ 1.76786861039827, 47.825840052214197 ], [ 1.76780842918311, 47.825916469593203 ], [ 1.76778103396699, 47.825950836104298 ], [ 1.76774731655691, 47.825992697127703 ], [ 1.7677294232812, 47.8260150119401 ], [ 1.76767491446974, 47.8260831177965 ], [ 1.7676400923933, 47.826126497372101 ], [ 1.76759463239658, 47.826184797036902 ], [ 1.76757782889376, 47.826206223165201 ], [ 1.76750799024114, 47.826295590533398 ], [ 1.76749655888512, 47.826310142237404 ], [ 1.76740798290405, 47.826423615671999 ], [ 1.76725935529667, 47.8266135974931 ], [ 1.76725687482095, 47.826616811826 ], [ 1.76722036919021, 47.826663594005502 ], [ 1.76724751221603, 47.826732378116198 ], [ 1.76727002931706, 47.826741255961601 ], [ 1.768330350208, 47.827158350842502 ], [ 1.76815245715396, 47.827319222620098 ], [ 1.76801756464938, 47.8274413909934 ], [ 1.76745883940196, 47.827948853957999 ], [ 1.76722688021807, 47.828158392184797 ], [ 1.76682212743902, 47.828515981677398 ], [ 1.76682409716553, 47.828586661321403 ], [ 1.76707055031797, 47.828772516228902 ], [ 1.76733801788111, 47.828974523512102 ], [ 1.76765183357474, 47.829212751771998 ], [ 1.76797550815053, 47.8294582836253 ], [ 1.76814050802286, 47.8295830626666 ], [ 1.76820131953529, 47.829629607291203 ], [ 1.76847157086931, 47.829832991212001 ], [ 1.76870718961526, 47.830013868022199 ], [ 1.76879190877738, 47.830009356951599 ], [ 1.76886476037339, 47.829945853849701 ], [ 1.76890020478553, 47.829916072225501 ], [ 1.76904246421172, 47.829793440238802 ], [ 1.76911761208121, 47.829728880949503 ], [ 1.76923100991314, 47.829628808614601 ], [ 1.76923575425796, 47.8296317387748 ], [ 1.76931544057, 47.829555885574898 ], [ 1.76944854850826, 47.829441618096702 ], [ 1.76950568023001, 47.8293930715095 ], [ 1.76962898422667, 47.829286531919799 ], [ 1.7697381978126, 47.829188125396698 ], [ 1.7698269649827, 47.829066371353903 ], [ 1.76993735365739, 47.828911359864001 ], [ 1.77001886019705, 47.828797180457201 ], [ 1.77004870212763, 47.828755278195601 ], [ 1.77013631717489, 47.828631261534802 ], [ 1.77019518422902, 47.828548078451497 ], [ 1.77022728393601, 47.828489457717701 ], [ 1.77041706646992, 47.828143824346597 ], [ 1.77027677584794, 47.8280776349145 ], [ 1.77005807894098, 47.827974348290098 ], [ 1.76983938080157, 47.827871151241197 ], [ 1.76962055195909, 47.827767862386402 ], [ 1.76940185760088, 47.827664574519602 ], [ 1.76930850756759, 47.827620569284797 ], [ 1.76943468637699, 47.827499388149498 ], [ 1.76960693404439, 47.827333954666599 ], [ 1.7697229936054, 47.827222568277499 ], [ 1.76972955999318, 47.827216066346203 ], [ 1.76977467289365, 47.827172704153 ], [ 1.76980392827794, 47.8271445675107 ], [ 1.76984384225595, 47.827106371402799 ], [ 1.76990946204989, 47.827043241781702 ], [ 1.7699705677276, 47.826984565336197 ], [ 1.77000296514695, 47.826953491229801 ], [ 1.77007719698305, 47.826882080797802 ], [ 1.77029852167873, 47.826669275020201 ], [ 1.77043774580062, 47.8267351833003 ], [ 1.77046035544778, 47.826745861725897 ], [ 1.77060354731639, 47.8268136116384 ], [ 1.77068029701915, 47.826852941246599 ], [ 1.77101793833343, 47.8270088701357 ], [ 1.77124783755216, 47.826528998680899 ], [ 1.77133616707184, 47.826344860900797 ], [ 1.77172517306588, 47.825654318659801 ], [ 1.77174237086458, 47.8256273153712 ], [ 1.77180436671412, 47.8255299423667 ], [ 1.77180755450262, 47.825525025131 ] ] ] ] } },
{ "type": "Feature", "properties": { "Name": null, "id": "" }, "geometry": { "type": "MultiPolygon", "coordinates": [ [ [ [ 2.06108344428889, 47.884033502608901 ], [ 2.06168240442471, 47.883901126226696 ], [ 2.06157062176775, 47.883699974073203 ], [ 2.06156141899694, 47.883683159784397 ], [ 2.06153032775973, 47.883693531665301 ], [ 2.0613811909525, 47.883743641402297 ], [ 2.06123981525284, 47.883536312008196 ], [ 2.06121146068088, 47.883497833597602 ], [ 2.06116721097212, 47.883427546688097 ], [ 2.06122039652519, 47.8834086212347 ], [ 2.06136307447584, 47.883360530138802 ], [ 2.06138058369447, 47.883354009864902 ], [ 2.06124686862526, 47.883175092901297 ], [ 2.06104604478212, 47.883250259933398 ], [ 2.06098717689258, 47.883272740006603 ], [ 2.06092050352123, 47.883297767716499 ], [ 2.06085370267096, 47.883322434353197 ], [ 2.06080278180241, 47.883341917785501 ], [ 2.06067456513374, 47.883185095098803 ], [ 2.06051053557443, 47.882987933882397 ], [ 2.06019812286174, 47.883100907954898 ], [ 2.05999559370636, 47.8831740794636 ], [ 2.05936040623238, 47.883342617534502 ], [ 2.0594249566641, 47.883543294440301 ], [ 2.05861565209839, 47.883540226812997 ], [ 2.05860552059231, 47.883568316776397 ], [ 2.05849730263746, 47.883785708240197 ], [ 2.05873423544496, 47.8837873384036 ], [ 2.05871465143291, 47.884212899643799 ], [ 2.05829122944073, 47.884209413463097 ], [ 2.05815832566578, 47.884385114730897 ], [ 2.05804442716042, 47.884537837360597 ], [ 2.05799780899833, 47.8846012759833 ], [ 2.05806954440617, 47.884600321574702 ], [ 2.0584542630404, 47.884598367872002 ], [ 2.05847121533411, 47.884600663939601 ], [ 2.05846985708571, 47.8846999272739 ], [ 2.05846826272859, 47.884812509274902 ], [ 2.0584681159614, 47.884820788449602 ], [ 2.05843376202064, 47.884818892823098 ], [ 2.05799428744413, 47.884814916832497 ], [ 2.05784282887423, 47.884814511310502 ], [ 2.05779188250198, 47.884888085538101 ], [ 2.05813331811753, 47.884912516577401 ], [ 2.05813255128563, 47.885023665144097 ], [ 2.05813150997265, 47.885105020238797 ], [ 2.05813079502027, 47.885145336210499 ], [ 2.05875292534227, 47.8851185550742 ], [ 2.05879084083658, 47.885115798964598 ], [ 2.05907185597442, 47.8850916807475 ], [ 2.05944108215762, 47.885012736352998 ], [ 2.05949778809132, 47.884999150112201 ], [ 2.05972837344759, 47.884943934969499 ], [ 2.05981059077253, 47.884925332707098 ], [ 2.0598643946665, 47.8849093829471 ], [ 2.06003382050364, 47.884869878044199 ], [ 2.06008827426489, 47.884983538854598 ], [ 2.06014871360571, 47.885114348274001 ], [ 2.06017498507468, 47.8851646907248 ], [ 2.0602523814282, 47.885123638613102 ], [ 2.06038268327166, 47.885064469171603 ], [ 2.06043634373773, 47.885041497707597 ], [ 2.06061316871224, 47.884961909506501 ], [ 2.06073026175636, 47.884908124204202 ], [ 2.06107049451346, 47.8847584697371 ], [ 2.06118278966136, 47.884711125879697 ], [ 2.06137283320183, 47.8846329923132 ], [ 2.06132014982789, 47.884525016490997 ], [ 2.06119955718818, 47.884277261633997 ], [ 2.06108344428889, 47.884033502608901 ] ] ], [ [ [ 2.05848903054392, 47.883505099772897 ], [ 2.05844168560619, 47.883473758668501 ], [ 2.05786089477462, 47.883592403808997 ], [ 2.05743845137684, 47.883677306197598 ], [ 2.05689711743222, 47.883788973104203 ], [ 2.0564841998431, 47.883872238534501 ], [ 2.05640670213445, 47.883888806324897 ], [ 2.05628973646708, 47.883912707092698 ], [ 2.05610735959186, 47.883950662407997 ], [ 2.05565134328254, 47.884042128717297 ], [ 2.05531409137975, 47.884113848236701 ], [ 2.05536036615672, 47.884220335246198 ], [ 2.05541448377735, 47.8843222051391 ], [ 2.05547530645087, 47.884445819888498 ], [ 2.05549196281933, 47.884479795374098 ], [ 2.05553721504441, 47.884576103619303 ], [ 2.05561241631267, 47.884726385104798 ], [ 2.05565454675982, 47.884810157634398 ], [ 2.05578177930071, 47.884788410168902 ], [ 2.05646813293213, 47.884663693526399 ], [ 2.05665189571308, 47.884630698999203 ], [ 2.05671630183479, 47.884756141932201 ], [ 2.05683891642536, 47.884738226380698 ], [ 2.05691738963837, 47.884727066373003 ], [ 2.05713721501469, 47.884697690959399 ], [ 2.05707364437857, 47.884510062305402 ], [ 2.05700738913635, 47.884375694316603 ], [ 2.05773995651613, 47.884217410065801 ], [ 2.05818824643156, 47.884123893591799 ], [ 2.05826198016021, 47.883972468634902 ], [ 2.05839166499032, 47.8837065575051 ], [ 2.05840956897053, 47.883670249552097 ], [ 2.05847435657113, 47.883540353602299 ], [ 2.05848903054392, 47.883505099772897 ] ] ], [ [ [ 2.05443009260929, 47.885457418768503 ], [ 2.05478949802235, 47.885412071273997 ], [ 2.05465056693215, 47.8851963833051 ], [ 2.05460375854116, 47.885127423385804 ], [ 2.05451032557104, 47.884986714840402 ], [ 2.05449643351234, 47.884962841921599 ], [ 2.05435673499982, 47.884617541747701 ], [ 2.05416643060904, 47.8846571402715 ], [ 2.0539751406144, 47.8846919603385 ], [ 2.05341138796748, 47.884791730058097 ], [ 2.05289340624416, 47.8848833160216 ], [ 2.05244331538401, 47.8849643772839 ], [ 2.05223029859842, 47.885001899257198 ], [ 2.05219115653117, 47.885058375673999 ], [ 2.05243555903552, 47.885466626359801 ], [ 2.05263997934977, 47.885813621132598 ], [ 2.05270453898058, 47.885922506774698 ], [ 2.05274420454336, 47.885986729593803 ], [ 2.05277680456198, 47.886041985002699 ], [ 2.0528730691637, 47.886211338925499 ], [ 2.05304411749401, 47.886501631144597 ], [ 2.05306767654025, 47.886493630845003 ], [ 2.05318812016532, 47.8864551807021 ], [ 2.05344055921354, 47.8863757630861 ], [ 2.05355115075508, 47.886342003330903 ], [ 2.05371085689608, 47.886307829374601 ], [ 2.05384047723709, 47.886279982986999 ], [ 2.05383939002028, 47.8862884345819 ], [ 2.05400336517751, 47.886232423712798 ], [ 2.05393459577243, 47.886126835042603 ], [ 2.05420322758456, 47.886069687234702 ], [ 2.05426921060278, 47.886053748151497 ], [ 2.05438080155056, 47.886016395516997 ], [ 2.05444678363974, 47.885992986010201 ], [ 2.05445002818538, 47.885991122065001 ], [ 2.05457794171528, 47.885946340400999 ], [ 2.05464796768549, 47.885921253278198 ], [ 2.05460322793988, 47.885848799904103 ], [ 2.0545702536134, 47.885791921926803 ], [ 2.05452455026286, 47.885690929539997 ], [ 2.05443728584262, 47.885481777750002 ], [ 2.05443009260929, 47.885457418768503 ] ] ], [ [ [ 2.05251991427644, 47.885851911767801 ], [ 2.05260076521614, 47.885826121197397 ], [ 2.05256495526305, 47.885766303627797 ], [ 2.05228063217996, 47.885285547892899 ], [ 2.05214719792023, 47.885062340912199 ], [ 2.05206062258525, 47.885032570541803 ], [ 2.05203591618666, 47.885037411239999 ], [ 2.05152558117062, 47.885127612883203 ], [ 2.05132191519943, 47.8851659288012 ], [ 2.05104542173113, 47.885213826081603 ], [ 2.05049923223849, 47.885311023738701 ], [ 2.04996416107923, 47.885407408810998 ], [ 2.04985076098057, 47.885426111822298 ], [ 2.04930345655774, 47.885525545012001 ], [ 2.04891286712097, 47.885593394084303 ], [ 2.0486433245425, 47.885641432051997 ], [ 2.04906738164513, 47.886402250808302 ], [ 2.04932960222087, 47.886340354969803 ], [ 2.05024121466579, 47.886125190672701 ], [ 2.05086988299942, 47.885976809879303 ], [ 2.05097524670326, 47.885951110614201 ], [ 2.05124414605926, 47.885879121078197 ], [ 2.05139711273084, 47.8858402155874 ], [ 2.05151991510049, 47.8860592872485 ], [ 2.05156939687469, 47.886143210623501 ], [ 2.05157501038506, 47.886153309407803 ], [ 2.05204519610051, 47.886003335765203 ], [ 2.05251991427644, 47.885851911767801 ] ] ], [ [ [ 2.04888365472146, 47.887755140030201 ], [ 2.04890332940576, 47.887560621209602 ], [ 2.04883668506625, 47.887516159375501 ], [ 2.0482761530413, 47.887501175814897 ], [ 2.04796480175079, 47.887604225635897 ], [ 2.04770970497761, 47.887689280213003 ], [ 2.04751020558981, 47.887755704552703 ], [ 2.04717609353795, 47.887866757957802 ], [ 2.04700339672147, 47.887923408562003 ], [ 2.04688654476269, 47.887962601581002 ], [ 2.04669054130794, 47.888027972871797 ], [ 2.04643090120156, 47.888112447763199 ], [ 2.04640242663363, 47.888170538930297 ], [ 2.04659782952492, 47.888518820706402 ], [ 2.04683045175367, 47.8889332870286 ], [ 2.04689880261835, 47.8889497726488 ], [ 2.04716239457494, 47.888839137718399 ], [ 2.04734474410783, 47.8887592542467 ], [ 2.04745544150513, 47.888712630530698 ], [ 2.04762320323471, 47.888640278578499 ], [ 2.04766011777558, 47.888626357456999 ], [ 2.04792516504309, 47.888538863593602 ], [ 2.04795540738748, 47.888531368537798 ], [ 2.0481646034141, 47.888476542558401 ], [ 2.04842367020811, 47.888409069924201 ], [ 2.04873266219885, 47.888325890619598 ], [ 2.04883807808856, 47.888207939818699 ], [ 2.04884629081728, 47.888130423106503 ], [ 2.04886728755918, 47.887929344768402 ], [ 2.04888365472146, 47.887755140030201 ] ] ], [ [ [ 2.04679545353524, 47.888989525218598 ], [ 2.04675740653678, 47.8889248635884 ], [ 2.04674284957474, 47.888900894385401 ], [ 2.04655502473683, 47.8885701352323 ], [ 2.04629716923397, 47.888122881867403 ], [ 2.04596803309355, 47.888269523779897 ], [ 2.04573229220625, 47.888453645564603 ], [ 2.04550778377575, 47.888526433493297 ], [ 2.04552955964577, 47.8885582018817 ], [ 2.04542790524841, 47.888585546513298 ], [ 2.04538285945629, 47.888597690743502 ], [ 2.0453306772702, 47.888612297027798 ], [ 2.04521800302234, 47.888642251975 ], [ 2.04512684249073, 47.888666441559302 ], [ 2.04501873643246, 47.888695353428403 ], [ 2.04492825763681, 47.8887188283746 ], [ 2.04489433434121, 47.888730072865599 ], [ 2.04483542495163, 47.888746694285302 ], [ 2.04455789421502, 47.888821119063998 ], [ 2.04519836409082, 47.889675065557597 ], [ 2.04544104289161, 47.889559494188497 ], [ 2.04568910601461, 47.889449546321003 ], [ 2.0457785743798, 47.889407881820098 ], [ 2.04579718859376, 47.889399662773002 ], [ 2.0459799434918, 47.889319784710501 ], [ 2.04607382989904, 47.889277975881498 ], [ 2.04679545353524, 47.888989525218598 ] ] ], [ [ [ 2.04910251340705, 47.889133430541698 ], [ 2.04913842161229, 47.889071078805401 ], [ 2.04879680097109, 47.888428114598902 ], [ 2.04870328411398, 47.888412146175199 ], [ 2.04864677004459, 47.8884295989427 ], [ 2.04848989776179, 47.888469369247503 ], [ 2.04836593371333, 47.888502205816799 ], [ 2.0479694450416, 47.888606725531503 ], [ 2.04783991884381, 47.888651216929098 ], [ 2.0477231867863, 47.888691131774401 ], [ 2.04746073631998, 47.888805377371 ], [ 2.04738206120642, 47.888834800220202 ], [ 2.04699388732127, 47.8889977065637 ], [ 2.04685328937833, 47.889055067535899 ], [ 2.04677436346608, 47.889090968213402 ], [ 2.04656774165905, 47.889173623794001 ], [ 2.04613482777504, 47.8893462443529 ], [ 2.0459723105469, 47.889416926731897 ], [ 2.04588961296016, 47.8894541462208 ], [ 2.04580479068778, 47.889490448344397 ], [ 2.04565626017003, 47.889557193803398 ], [ 2.04549846820734, 47.889625483840199 ], [ 2.04538550350532, 47.8896789275624 ], [ 2.04534610159013, 47.889749260089502 ], [ 2.04548366089519, 47.890069621871 ], [ 2.04597790115429, 47.889937031748602 ], [ 2.04608902276318, 47.8899072254668 ], [ 2.04618102782291, 47.889888262216999 ], [ 2.04627129830262, 47.889869014792502 ], [ 2.04688891667059, 47.889746675506899 ], [ 2.04712968653281, 47.889692557721801 ], [ 2.04736980449236, 47.889644914422902 ], [ 2.04779612614595, 47.889518947813698 ], [ 2.04787752948145, 47.8894941370095 ], [ 2.04816726362756, 47.889410712992799 ], [ 2.04828539289171, 47.889375039214997 ], [ 2.04875903192754, 47.889236852197797 ], [ 2.04888387435741, 47.8891998821613 ], [ 2.04903304154648, 47.889157078793197 ], [ 2.04910251340705, 47.889133430541698 ] ] ], [ [ [ 2.04986223283593, 47.888135680197301 ], [ 2.05040480377909, 47.888010554985399 ], [ 2.05040029481919, 47.888000798104997 ], [ 2.05037226384746, 47.887929558380797 ], [ 2.05031399042503, 47.887783550863297 ], [ 2.05027251341386, 47.887678540910201 ], [ 2.0501199516679, 47.887297940531298 ], [ 2.05000531914013, 47.887310513471803 ], [ 2.04961473157676, 47.8873551439385 ], [ 2.04943616619298, 47.887373588976502 ], [ 2.04932134674504, 47.887419011128699 ], [ 2.04922052837462, 47.887459686363798 ], [ 2.049095208731, 47.887553445298799 ], [ 2.04899779180881, 47.887710522812498 ], [ 2.04897826248747, 47.887904412780401 ], [ 2.04896036432025, 47.888096875877999 ], [ 2.04893736905854, 47.888304958312901 ], [ 2.04900252009743, 47.888335727390597 ], [ 2.04986223283593, 47.888135680197301 ] ] ], [ [ [ 2.04993222152327, 47.889055454836502 ], [ 2.05033271617576, 47.888973821875403 ], [ 2.05003955199696, 47.888142155457501 ], [ 2.04964182464246, 47.888233980240102 ], [ 2.04951173958188, 47.888264968384803 ], [ 2.04930347741335, 47.888312604015503 ], [ 2.04899214897325, 47.888384335409498 ], [ 2.04892416282847, 47.888444627166699 ], [ 2.04902226370407, 47.8886305596357 ], [ 2.04926423265812, 47.889077137991499 ], [ 2.0493247184648, 47.889136850282 ], [ 2.04942840211652, 47.889160550832003 ], [ 2.04959117735255, 47.8891274873437 ], [ 2.04980085785195, 47.8890830128122 ], [ 2.04993222152327, 47.889055454836502 ] ] ] ] } },
{ "type": "Feature", "properties": { "Name": null, "id": "" }, "geometry": { "type": "MultiPolygon", "coordinates": [ [ [ [ 1.81912907503291, 47.841241361800499 ], [ 1.81910975547706, 47.841226315658702 ], [ 1.81766431025951, 47.841587903741498 ], [ 1.8174674837218, 47.841636864890901 ], [ 1.81713190172928, 47.841720700306297 ], [ 1.81706734927862, 47.841737601147301 ], [ 1.81686335802311, 47.841778028102702 ], [ 1.81685879318474, 47.841778882150898 ], [ 1.81667118959895, 47.841815873699097 ], [ 1.81658136161684, 47.841827028653903 ], [ 1.81653162343571, 47.841833097484901 ], [ 1.81649060190751, 47.8418379941184 ], [ 1.81640763315043, 47.841847327951697 ], [ 1.8161862950086, 47.841874167211103 ], [ 1.81598100449273, 47.842327004461701 ], [ 1.81595040589287, 47.842380161372397 ], [ 1.81579199874132, 47.842336797503101 ], [ 1.81574003565388, 47.842322681342303 ], [ 1.81573079623457, 47.842323308126197 ], [ 1.81557957957652, 47.842335282590597 ], [ 1.81556779236044, 47.842336243671099 ], [ 1.81556813598838, 47.8422788208863 ], [ 1.81556826299523, 47.842267120894199 ], [ 1.81555101529341, 47.842267126729901 ], [ 1.81554205525718, 47.842267216261497 ], [ 1.81527758581509, 47.842267515381103 ], [ 1.81528834625699, 47.842192645901498 ], [ 1.81505727688504, 47.842212093951602 ], [ 1.81503941175632, 47.842317764997297 ], [ 1.81504237304762, 47.842394843314302 ], [ 1.8147787908122, 47.842379308552196 ], [ 1.8147778549306, 47.842349325826198 ], [ 1.81477114851508, 47.842152406575501 ], [ 1.81466675893283, 47.842150991559301 ], [ 1.81466586079684, 47.841999405925399 ], [ 1.81466506880075, 47.841891026075402 ], [ 1.81451004249066, 47.8418880190168 ], [ 1.81445832183182, 47.841887046164601 ], [ 1.81438014233828, 47.841885445778303 ], [ 1.81421743257238, 47.841885240974797 ], [ 1.81420696388228, 47.842090807624899 ], [ 1.81420687153636, 47.842094947143799 ], [ 1.81403051227345, 47.842083262842998 ], [ 1.8140309480276, 47.842105679699998 ], [ 1.81395890105432, 47.842104861126998 ], [ 1.81396122424205, 47.8420846324059 ], [ 1.81392244343567, 47.8420849603025 ], [ 1.81391842006783, 47.842121463610603 ], [ 1.81385353913096, 47.842123057698799 ], [ 1.81385327519489, 47.842140876978299 ], [ 1.81385019184945, 47.842285041556103 ], [ 1.81354431450012, 47.842307510450603 ], [ 1.81354646900032, 47.842163066448499 ], [ 1.81319758596803, 47.8421715078875 ], [ 1.81319769552898, 47.842172589114398 ], [ 1.81319814381898, 47.842176464074299 ], [ 1.813203729425, 47.842231696633597 ], [ 1.81322411592152, 47.842432444854197 ], [ 1.8131978458113, 47.842435329372499 ], [ 1.81319890218834, 47.842441910780202 ], [ 1.81322504825022, 47.842594291969 ], [ 1.81323087786032, 47.842620633827401 ], [ 1.81323860419921, 47.842663826714997 ], [ 1.81326290749942, 47.8426592120991 ], [ 1.8132659190216, 47.842674040186203 ], [ 1.81324443369743, 47.842678197263801 ], [ 1.8132673129291, 47.842682272187297 ], [ 1.81327663268087, 47.842757101643301 ], [ 1.81327852540224, 47.842774132650298 ], [ 1.81332101620173, 47.842757370702401 ], [ 1.81332418834005, 47.8427709942805 ], [ 1.81334237187752, 47.842848856730001 ], [ 1.81334535518008, 47.842870939318502 ], [ 1.8132614214855, 47.842887461964601 ], [ 1.81318221051787, 47.842902052124899 ], [ 1.81323872127848, 47.842999924554803 ], [ 1.81356263565775, 47.842918322424502 ], [ 1.81361378189525, 47.843004979183398 ], [ 1.81375752874271, 47.842968359008097 ], [ 1.81380192713243, 47.843045856440398 ], [ 1.81386040701655, 47.843139427994799 ], [ 1.8137355107429, 47.843170118293301 ], [ 1.81376672610115, 47.843215258886602 ], [ 1.81372965837052, 47.843228655472899 ], [ 1.81375352366839, 47.843273631716599 ], [ 1.81300376670107, 47.843456596885702 ], [ 1.81310835438562, 47.843658827181102 ], [ 1.81311757311552, 47.843677102445 ], [ 1.81364796797879, 47.843546013771103 ], [ 1.8136523402032, 47.843553798836503 ], [ 1.81372520469522, 47.843679829431998 ], [ 1.81387388924153, 47.843643709101102 ], [ 1.81400007159254, 47.843879010485999 ], [ 1.81416324253322, 47.843834845386503 ], [ 1.81432425833047, 47.843791378352897 ], [ 1.81420422131535, 47.843574231410301 ], [ 1.81437429289083, 47.843526355377598 ], [ 1.8143565836591, 47.843469110167398 ], [ 1.81530901738403, 47.843418787942603 ], [ 1.81524170959348, 47.843565183983699 ], [ 1.81538462722275, 47.843559786826802 ], [ 1.81556479410004, 47.843556835893501 ], [ 1.81585380341206, 47.843565604777602 ], [ 1.81606516148603, 47.843572959064197 ], [ 1.81619479187366, 47.843581828349699 ], [ 1.8161985287708, 47.843582136096302 ], [ 1.81624244984119, 47.843585189676702 ], [ 1.81625046034208, 47.843585720574097 ], [ 1.81657428544235, 47.843658205905399 ], [ 1.81680874738763, 47.843738879847898 ], [ 1.81729445253589, 47.843903275824999 ], [ 1.81735657534439, 47.843887520481701 ], [ 1.81780844302799, 47.843006470438702 ], [ 1.81783787909559, 47.842951411155802 ], [ 1.8178638271613, 47.842902887418802 ], [ 1.81789274843308, 47.8428469228339 ], [ 1.81821102912326, 47.842404942151802 ], [ 1.81852566373382, 47.841958333317798 ], [ 1.81858938198065, 47.841870675593199 ], [ 1.81869039710784, 47.841729117607898 ], [ 1.81890287480827, 47.8414691490769 ], [ 1.81912907503291, 47.841241361800499 ] ] ], [ [ [ 1.80458506807047, 47.843287743798797 ], [ 1.80424740422755, 47.843040734790797 ], [ 1.80405033228463, 47.843266180586198 ], [ 1.80385275031532, 47.843496391363502 ], [ 1.80387472569904, 47.843512097188601 ], [ 1.80411394423425, 47.843422096372301 ], [ 1.80422765443099, 47.843389682036303 ], [ 1.80458506807047, 47.843287743798797 ] ] ], [ [ [ 1.80772914802924, 47.842673386078701 ], [ 1.80768445743637, 47.8424126230517 ], [ 1.80767734051288, 47.8424139908592 ], [ 1.80765433826418, 47.842271181270597 ], [ 1.80740141698946, 47.841804428349903 ], [ 1.80739115701865, 47.841779031217698 ], [ 1.80735595916536, 47.8416911835997 ], [ 1.80726236109894, 47.841351884216202 ], [ 1.80715991825076, 47.8410195155016 ], [ 1.80710906766443, 47.840896404650302 ], [ 1.80707715285992, 47.840888699209202 ], [ 1.80705494738234, 47.840883252761103 ], [ 1.80631081100364, 47.841310519663502 ], [ 1.80599877076445, 47.841512206091899 ], [ 1.80565497210017, 47.841734810643104 ], [ 1.80561006416567, 47.841769817254999 ], [ 1.80548868039416, 47.841864261664597 ], [ 1.80548459949179, 47.841867370450899 ], [ 1.80534035404211, 47.841979583858702 ], [ 1.8051670191963, 47.842124894447501 ], [ 1.80496465696804, 47.842294571748603 ], [ 1.80485909095299, 47.842398987760497 ], [ 1.80531896367611, 47.8427409403902 ], [ 1.80550123332841, 47.842638385332599 ], [ 1.80576233230824, 47.842841766434603 ], [ 1.80596902629227, 47.843003008460201 ], [ 1.8060102882696, 47.843035112020303 ], [ 1.80627174771684, 47.842990428227601 ], [ 1.80656957569803, 47.842939723223999 ], [ 1.80680741476724, 47.8428989383493 ], [ 1.80703105747286, 47.842853238070802 ], [ 1.80705134110201, 47.842849033899199 ], [ 1.80725322736971, 47.842807612400399 ], [ 1.80747673765371, 47.842761819920803 ], [ 1.8076827873065, 47.842719539920502 ], [ 1.80768506983979, 47.842719113075198 ], [ 1.80772914802924, 47.842673386078701 ] ] ], [ [ [ 1.81730119079515, 47.844021076444101 ], [ 1.81727006807772, 47.843971617316903 ], [ 1.8171412195857, 47.843927563329302 ], [ 1.81699737806525, 47.8438783174294 ], [ 1.81691457709047, 47.843849939269703 ], [ 1.81653257699389, 47.843717911548197 ], [ 1.81642600772505, 47.843694153726901 ], [ 1.81624468765224, 47.843652809565299 ], [ 1.81623018315681, 47.843649692851898 ], [ 1.81622885241408, 47.843649409391602 ], [ 1.81604154219556, 47.8436368975755 ], [ 1.81567828510729, 47.843623959081803 ], [ 1.81529647439302, 47.844059530551597 ], [ 1.81526886312432, 47.844093761376399 ], [ 1.81539237870914, 47.844177871892597 ], [ 1.81488464700385, 47.843832145889799 ], [ 1.81474820553173, 47.843738957214299 ], [ 1.81460110133964, 47.843776174737499 ], [ 1.81464456345359, 47.843841781046699 ], [ 1.81468568974174, 47.843904213389401 ], [ 1.81438144749663, 47.844044793835302 ], [ 1.81384117449169, 47.844222951021102 ], [ 1.81395085665723, 47.8443828373698 ], [ 1.81402709475028, 47.844495580374897 ], [ 1.81413119652659, 47.844647939285998 ], [ 1.81394066408295, 47.844725761320497 ], [ 1.81399024007465, 47.844787019185901 ], [ 1.81401521959518, 47.844818055089803 ], [ 1.81402665198643, 47.844833022289599 ], [ 1.81406941342472, 47.844888090550803 ], [ 1.81437262314688, 47.844782064212097 ], [ 1.81447551210977, 47.844839000247703 ], [ 1.81449478152039, 47.844916243308298 ], [ 1.81449703039756, 47.8449592906682 ], [ 1.81433944350893, 47.844998742170297 ], [ 1.81434941961414, 47.845013064546599 ], [ 1.81435110123303, 47.845015601816797 ], [ 1.81441367692388, 47.8451055239628 ], [ 1.81441976313043, 47.845114406431499 ], [ 1.81423156788825, 47.845177310948401 ], [ 1.81426211515266, 47.845246477169297 ], [ 1.81433197814141, 47.845405330409299 ], [ 1.81436315191277, 47.845476393128202 ], [ 1.81442207701193, 47.845610113038298 ], [ 1.8141448422342, 47.845690389330102 ], [ 1.8142357162858, 47.845842434258699 ], [ 1.81435515519704, 47.8460506638298 ], [ 1.81479019945074, 47.8458611799282 ], [ 1.81490917031821, 47.8458086462973 ], [ 1.81501004314575, 47.845764210590197 ], [ 1.81507627899979, 47.845732026234003 ], [ 1.81591261571746, 47.845306985884797 ], [ 1.81622447866119, 47.845148566533503 ], [ 1.81624305126411, 47.8451371427361 ], [ 1.8162528144587, 47.845131030605998 ], [ 1.81643460921229, 47.8450191830457 ], [ 1.8167405955961, 47.844788245257803 ], [ 1.81678657927209, 47.844740734004397 ], [ 1.81678808378839, 47.844739219017903 ], [ 1.81683133171799, 47.8446944704475 ], [ 1.81708711434574, 47.844430171769702 ], [ 1.81708837552245, 47.844427574209 ], [ 1.81730119079515, 47.844021076444101 ] ] ], [ [ [ 1.80477761390071, 47.853793923740703 ], [ 1.80473957122959, 47.853755102123401 ], [ 1.80432152850384, 47.853636169983503 ], [ 1.80365599680792, 47.853443965228998 ], [ 1.80357188953741, 47.853419795009799 ], [ 1.80349097087547, 47.853396557346301 ], [ 1.80318576564493, 47.8533089250937 ], [ 1.80275074818886, 47.853183963456999 ], [ 1.80249167328993, 47.8531085914016 ], [ 1.80234034132457, 47.853064832029801 ], [ 1.80229265171173, 47.853050663691498 ], [ 1.80215661817693, 47.853016421258502 ], [ 1.80195358210052, 47.852964572614702 ], [ 1.80154270611439, 47.852860465140303 ], [ 1.80135154601403, 47.8528098168808 ], [ 1.80076639354783, 47.852659641077103 ], [ 1.80065882911357, 47.852632078592897 ], [ 1.80048293418549, 47.852586535487902 ], [ 1.80012717490775, 47.8524639945446 ], [ 1.79989070289542, 47.8523769665724 ], [ 1.79946854637346, 47.852168775260402 ], [ 1.79915551959566, 47.852007694468199 ], [ 1.79868526365506, 47.851768314558797 ], [ 1.79853333407801, 47.851692140593201 ], [ 1.79852958857534, 47.851692192240201 ], [ 1.79852236496055, 47.851692298272702 ], [ 1.79844504635533, 47.851693396522798 ], [ 1.79740503200772, 47.8524095665747 ], [ 1.79728072779297, 47.852495421451799 ], [ 1.79727570564003, 47.852498700315202 ], [ 1.79697241521435, 47.852705222654897 ], [ 1.79655035251451, 47.852995224799599 ], [ 1.79681598136006, 47.853105601003797 ], [ 1.79714834778459, 47.853263015836802 ], [ 1.7972777492361, 47.853324288974299 ], [ 1.79751405825274, 47.853436253135001 ], [ 1.79775775840642, 47.853546672379402 ], [ 1.79798517001962, 47.853679606596103 ], [ 1.79809857354785, 47.853744675286599 ], [ 1.79828421924573, 47.8538203849768 ], [ 1.79858933111199, 47.853982916942698 ], [ 1.79889530100673, 47.854131235369401 ], [ 1.79920348205803, 47.8543356514921 ], [ 1.79928402923821, 47.854387151269798 ], [ 1.79941932741339, 47.854542812201402 ], [ 1.79952031535482, 47.854595241072801 ], [ 1.79960782233322, 47.854640601183903 ], [ 1.79970295820828, 47.854691619868298 ], [ 1.7998412504734, 47.854791775088998 ], [ 1.80002565467066, 47.854893121895302 ], [ 1.80016593533683, 47.854994107133599 ], [ 1.80035496286517, 47.855109902185497 ], [ 1.80039243672186, 47.855138278310697 ], [ 1.80056335052872, 47.855250827460601 ], [ 1.80094812030594, 47.855428028857098 ], [ 1.80142202785183, 47.855643763597797 ], [ 1.80149247714533, 47.855674726487599 ], [ 1.80175333169794, 47.855416634080797 ], [ 1.80168587888632, 47.855383271696503 ], [ 1.80192962467631, 47.855136525314101 ], [ 1.8021392717111, 47.855239566667301 ], [ 1.80250169160331, 47.855417704826102 ], [ 1.80272059883501, 47.855525340092299 ], [ 1.80275016631754, 47.855501069301802 ], [ 1.80276758871993, 47.855487565687802 ], [ 1.80282154142432, 47.855443471657303 ], [ 1.80282998722575, 47.855436627127503 ], [ 1.80287211133396, 47.855371440188001 ], [ 1.80265180632575, 47.855278372439102 ], [ 1.80264545136891, 47.855275517287602 ], [ 1.80272737697436, 47.855206686200397 ], [ 1.80281229656719, 47.855135545366402 ], [ 1.80281707149257, 47.855131363655602 ], [ 1.80300953652883, 47.854970140665998 ], [ 1.80308304894703, 47.854995733305898 ], [ 1.80321895997041, 47.8548634560157 ], [ 1.8035771692391, 47.855044518233598 ], [ 1.8037354683987, 47.854886005938802 ], [ 1.80388460393542, 47.854736490937398 ], [ 1.80403414986727, 47.8545865298791 ], [ 1.80387009842286, 47.854513479867201 ], [ 1.80366850746662, 47.854420874801797 ], [ 1.803583515428, 47.854382474116399 ], [ 1.80356630635314, 47.8543746478082 ], [ 1.80378214993516, 47.854172707694303 ], [ 1.80383133602446, 47.854203632407497 ], [ 1.8039136230393, 47.854124543096702 ], [ 1.80393795458589, 47.854101118708897 ], [ 1.80400015176342, 47.854041176521697 ], [ 1.80401313489837, 47.854028797581996 ], [ 1.80416021723742, 47.8538871820816 ], [ 1.80433024515842, 47.853956062203899 ], [ 1.80434077095892, 47.853945908416797 ], [ 1.80442637636127, 47.8539629825923 ], [ 1.80443216591858, 47.853955300789998 ], [ 1.80459044478752, 47.854017400091401 ], [ 1.80477761390071, 47.853793923740703 ] ] ], [ [ [ 1.79015467341527, 47.847423176197204 ], [ 1.79015559360631, 47.847365129253603 ], [ 1.78979724742434, 47.847112104841102 ], [ 1.78973910804527, 47.847069830333098 ], [ 1.78970143175003, 47.847091944076197 ], [ 1.78966457186956, 47.847113436161699 ], [ 1.78965878201056, 47.847109325967097 ], [ 1.78964126837601, 47.847120936555001 ], [ 1.7896234957047, 47.847108691817098 ], [ 1.78957822443422, 47.847135497677002 ], [ 1.78956949265486, 47.847140790166698 ], [ 1.78952703562901, 47.847105086099901 ], [ 1.78947547360444, 47.847061709206699 ], [ 1.78944621560277, 47.847037104545798 ], [ 1.7894387441394, 47.847042248015299 ], [ 1.7895682589188, 47.847141533519 ], [ 1.78956683515645, 47.847142400924199 ], [ 1.78954252177842, 47.847123787976201 ], [ 1.78951728902882, 47.847104445454598 ], [ 1.78945591027598, 47.847057636872698 ], [ 1.78940168877388, 47.847089930913903 ], [ 1.78939709389017, 47.847086193079498 ], [ 1.78935124597536, 47.847050255926497 ], [ 1.78930815012544, 47.847016777431001 ], [ 1.78930204828258, 47.8470204948689 ], [ 1.78913111791325, 47.846893256449498 ], [ 1.78907210471032, 47.846930451426097 ], [ 1.78903398413026, 47.846954450582103 ], [ 1.78884542082599, 47.847072937066997 ], [ 1.78884053644981, 47.847076036982301 ], [ 1.78848361542308, 47.847300526319103 ], [ 1.78847938266347, 47.847298502379303 ], [ 1.78844909519209, 47.847283877947703 ], [ 1.78830057040582, 47.847212045896498 ], [ 1.78828350779323, 47.847203858739597 ], [ 1.78826948913706, 47.847197053176501 ], [ 1.78814619121706, 47.8473031613118 ], [ 1.78800473792154, 47.847196838094597 ], [ 1.78797805159349, 47.847176760137401 ], [ 1.78779781709153, 47.847041322714098 ], [ 1.78777678693988, 47.847025353614399 ], [ 1.78764992351152, 47.8469301619471 ], [ 1.78752628197954, 47.846998551694298 ], [ 1.78745829843794, 47.847036193202499 ], [ 1.78741807712785, 47.847058459932803 ], [ 1.78731840496729, 47.847113595748098 ], [ 1.78726599802208, 47.8471424871938 ], [ 1.78722130954999, 47.847167137940801 ], [ 1.78715806816546, 47.847202037996603 ], [ 1.78701641539298, 47.847280322092502 ], [ 1.7866845806831, 47.847494984321699 ], [ 1.78658862560028, 47.847557088741397 ], [ 1.78698816013637, 47.847774274938701 ], [ 1.78735461780002, 47.847987877399099 ], [ 1.78759532484847, 47.848151303517099 ], [ 1.78786635347117, 47.848357257129102 ], [ 1.78818826319143, 47.848143929281498 ], [ 1.7882652449736, 47.848092878826499 ], [ 1.7884894706336, 47.847947038571199 ], [ 1.78855706344944, 47.847903091747 ], [ 1.78900019928188, 47.848220092237703 ], [ 1.78911705982673, 47.848138309500698 ], [ 1.78935477606006, 47.847975414981697 ], [ 1.79015467341527, 47.847423176197204 ] ] ], [ [ [ 1.79154055024243, 47.848309118870802 ], [ 1.79153215727283, 47.848260697081798 ], [ 1.7913239791514, 47.848136318645203 ], [ 1.79105959896481, 47.847978506949403 ], [ 1.7908210769, 47.847818530927903 ], [ 1.79080250161172, 47.847806278104798 ], [ 1.79028476387071, 47.8474590817818 ], [ 1.79020683199187, 47.847458007978901 ], [ 1.7900563993415, 47.847563838198603 ], [ 1.78976952107545, 47.847766011308302 ], [ 1.78976258837997, 47.847770980335902 ], [ 1.78961690877736, 47.847873528663499 ], [ 1.78955324909282, 47.847915086409202 ], [ 1.7894968554749, 47.847954648877902 ], [ 1.78918639953362, 47.848164408100203 ], [ 1.78898703154956, 47.848299165047301 ], [ 1.78906898922922, 47.848352486977603 ], [ 1.78905688403346, 47.848361453011698 ], [ 1.78904871930862, 47.848367669417101 ], [ 1.78924302441379, 47.848490378553002 ], [ 1.78906487880357, 47.848597451596703 ], [ 1.78904263833513, 47.848611083521803 ], [ 1.7892796960923, 47.848741344716103 ], [ 1.7894680226529, 47.848844819612601 ], [ 1.78946973804936, 47.848845827424697 ], [ 1.78926974210118, 47.848996330070896 ], [ 1.78932777323548, 47.849025822222401 ], [ 1.78953663360648, 47.8491319391809 ], [ 1.7896574640346, 47.8490402958153 ], [ 1.78966793838192, 47.849032483023201 ], [ 1.78989177950661, 47.848862423534499 ], [ 1.78997324365305, 47.848919880161098 ], [ 1.79000488877887, 47.848898424206503 ], [ 1.79011599712616, 47.848822611833498 ], [ 1.79014822008861, 47.848846256761099 ], [ 1.790173861104, 47.848865333297603 ], [ 1.79029038889217, 47.848792276954903 ], [ 1.79036986126129, 47.848837381407698 ], [ 1.79060958739219, 47.848973968062701 ], [ 1.79066572412522, 47.848933952382097 ], [ 1.79075760426344, 47.848868652345601 ], [ 1.79095781848055, 47.848725980310398 ], [ 1.79118525415764, 47.848562256122598 ], [ 1.79154055024243, 47.848309118870802 ] ] ], [ [ [ 1.79466349216229, 47.850185822465299 ], [ 1.79456499221084, 47.8501480863005 ], [ 1.79442287046206, 47.850040864242601 ], [ 1.79430888548062, 47.8499548134779 ], [ 1.79425094250888, 47.849909483031702 ], [ 1.79408802284303, 47.849758301998499 ], [ 1.79405462606863, 47.849727355329001 ], [ 1.79401467142887, 47.849690760619502 ], [ 1.79376071868173, 47.849461684748903 ], [ 1.79347970349164, 47.849647275147397 ], [ 1.79344657851713, 47.849669166847299 ], [ 1.79326808714828, 47.849785783635703 ], [ 1.79307393038074, 47.849915020360299 ], [ 1.79302760902682, 47.849882050206197 ], [ 1.79285640216468, 47.849760305367496 ], [ 1.7927904698944, 47.849713541813898 ], [ 1.79249216428582, 47.849500478470901 ], [ 1.79230240335576, 47.8496245386306 ], [ 1.79229004944004, 47.849632692339902 ], [ 1.79219093628202, 47.849698549133997 ], [ 1.79216609468803, 47.849714855150403 ], [ 1.7921529324539, 47.8497232705515 ], [ 1.79215116584949, 47.849724512498099 ], [ 1.79238205375005, 47.8499797272965 ], [ 1.7924165116994, 47.849969820920997 ], [ 1.79243158730379, 47.84996547563 ], [ 1.79254246824444, 47.850040875141303 ], [ 1.79259342977943, 47.850075603434298 ], [ 1.79260595256932, 47.850083563185798 ], [ 1.79272180306754, 47.850158023561903 ], [ 1.79251948797134, 47.850298966683098 ], [ 1.79213314898774, 47.850670239908901 ], [ 1.79236734029398, 47.850803795379399 ], [ 1.79266031490501, 47.850910412419303 ], [ 1.79266416134222, 47.850911802154997 ], [ 1.79328067808081, 47.851204196939499 ], [ 1.79353520024899, 47.850966669032097 ], [ 1.79353711076994, 47.850964978496997 ], [ 1.793724507986, 47.851033512928701 ], [ 1.79375047867782, 47.851002816648403 ], [ 1.79381506287348, 47.850926432438001 ], [ 1.79378700176024, 47.850913722549201 ], [ 1.79381892539948, 47.850874086493 ], [ 1.79381961224638, 47.850873283467998 ], [ 1.79385250263785, 47.8508853229281 ], [ 1.793957924827, 47.850747701874198 ], [ 1.79396922662723, 47.850732876457002 ], [ 1.79405018488702, 47.850771692899301 ], [ 1.79411910555494, 47.850716325368303 ], [ 1.79413939738288, 47.850700152197398 ], [ 1.79404056639394, 47.850641619957102 ], [ 1.79422785109499, 47.850508800665303 ], [ 1.7942528759692, 47.850519769058103 ], [ 1.79447603208175, 47.850338262777399 ], [ 1.79450981836931, 47.850310796987301 ], [ 1.79455245990869, 47.850276131399198 ], [ 1.79466349216229, 47.850185822465299 ] ] ], [ [ [ 1.8066149466466, 47.851793088187598 ], [ 1.80630925449033, 47.851566574366402 ], [ 1.80620060922241, 47.851485900359798 ], [ 1.80616071822434, 47.851457951481997 ], [ 1.80594516491984, 47.851296710759499 ], [ 1.80567775851126, 47.851098397820898 ], [ 1.80558213039492, 47.851027666770797 ], [ 1.80545401823959, 47.850932662309603 ], [ 1.80530065212554, 47.850818948541601 ], [ 1.80526980064149, 47.850793431652903 ], [ 1.80514421358987, 47.8506991726235 ], [ 1.80508984614998, 47.850660904818803 ], [ 1.80505264842124, 47.850632172887799 ], [ 1.80486736742383, 47.850492750701498 ], [ 1.80471189714243, 47.850377574517402 ], [ 1.80467809889954, 47.850352297462699 ], [ 1.80448715208736, 47.850209216514102 ], [ 1.80432316762855, 47.850086212178802 ], [ 1.80426588038027, 47.850041073474799 ], [ 1.80423426825203, 47.850019688980097 ], [ 1.8040261323088, 47.849862120473801 ], [ 1.80367472808125, 47.849600029469997 ], [ 1.80365302572249, 47.849583966434302 ], [ 1.80345445806219, 47.8494351353513 ], [ 1.80305083003763, 47.849134975589998 ], [ 1.80303005577305, 47.849119281940098 ], [ 1.80272340788174, 47.8488890579588 ], [ 1.80265134887913, 47.848834946680697 ], [ 1.80216370407378, 47.849213409164001 ], [ 1.80146138549455, 47.849759884591997 ], [ 1.8012904378807, 47.849892612201003 ], [ 1.80114580230379, 47.849813275709103 ], [ 1.8010545061386, 47.849764277432897 ], [ 1.80104710676392, 47.849760331387003 ], [ 1.80072486543338, 47.849587278997298 ], [ 1.80078135801315, 47.849543031745 ], [ 1.80117817686701, 47.8492316940482 ], [ 1.80132002408869, 47.849120361532002 ], [ 1.80130601543579, 47.8491130176008 ], [ 1.80202648884228, 47.848549806561003 ], [ 1.80214801555152, 47.8484559074017 ], [ 1.8017218383899, 47.848136430403102 ], [ 1.80151770934436, 47.847985648786398 ], [ 1.80148475481371, 47.847958669180699 ], [ 1.80137594793871, 47.847879878939402 ], [ 1.80134874379892, 47.847858808688699 ], [ 1.80132653855446, 47.847841389906499 ], [ 1.80129868023294, 47.8478196828897 ], [ 1.8012809371166, 47.847806000098899 ], [ 1.80116360978061, 47.847719651760201 ], [ 1.80112796361971, 47.847693454624299 ], [ 1.80106744069527, 47.847732710334903 ], [ 1.80103697582058, 47.847708006287696 ], [ 1.80102975507969, 47.847702081843899 ], [ 1.80092094042768, 47.847795569782299 ], [ 1.8008896690985, 47.847776978117601 ], [ 1.80086380580339, 47.847761682083402 ], [ 1.80084077440089, 47.847780888737198 ], [ 1.80079107546638, 47.847749327263998 ], [ 1.80073147948284, 47.847723785242998 ], [ 1.8007236807275, 47.847731626365999 ], [ 1.80070645055652, 47.847748552053901 ], [ 1.80058521828428, 47.847675304624701 ], [ 1.80054537945709, 47.847651224670102 ], [ 1.80051892462044, 47.847673996646101 ], [ 1.8003941410773, 47.847615924350002 ], [ 1.80038143138991, 47.847639916987198 ], [ 1.80022356123333, 47.847578535790298 ], [ 1.80019559341124, 47.8475676285573 ], [ 1.80017757274312, 47.847560333450097 ], [ 1.80012044211075, 47.847538146691399 ], [ 1.80006623430736, 47.847516799893 ], [ 1.80002144299229, 47.847498879766498 ], [ 1.79978050215894, 47.847776525078103 ], [ 1.79984245734715, 47.847804161949803 ], [ 1.79984604161303, 47.847817160032697 ], [ 1.79984950845139, 47.847829436835703 ], [ 1.79972310730315, 47.847955507297399 ], [ 1.79918683294109, 47.8477277842536 ], [ 1.79903893242116, 47.8478880176404 ], [ 1.79895956803431, 47.847973974465901 ], [ 1.79934158824914, 47.848146023768301 ], [ 1.79909403343796, 47.848307757356203 ], [ 1.79923963832649, 47.848385306248304 ], [ 1.7992327933611, 47.848392346948302 ], [ 1.79922791601777, 47.848389830751401 ], [ 1.79923267643721, 47.848385685028603 ], [ 1.79907778261656, 47.848304980693001 ], [ 1.79907108841046, 47.848308899588403 ], [ 1.79905395841873, 47.848300056262701 ], [ 1.79904262074565, 47.848309454214302 ], [ 1.79902045997523, 47.848297193009898 ], [ 1.79890815506461, 47.848387520022101 ], [ 1.79881820436189, 47.848335986419102 ], [ 1.7986786775258, 47.848445089513703 ], [ 1.79862545184647, 47.848486758964299 ], [ 1.79864030741301, 47.8485926725944 ], [ 1.79882679020886, 47.848695663360601 ], [ 1.79880906097921, 47.848710963483597 ], [ 1.79856976611187, 47.848832456171401 ], [ 1.79794608148028, 47.848519943157598 ], [ 1.79788745815747, 47.848569657843797 ], [ 1.79786550500629, 47.8485884249205 ], [ 1.79777843193022, 47.848660350423103 ], [ 1.79761316887634, 47.848807532642802 ], [ 1.79755342927845, 47.848853365297401 ], [ 1.79753538407722, 47.8488648815812 ], [ 1.7974849048392, 47.848897397675799 ], [ 1.79746116325584, 47.848912455940898 ], [ 1.79729344755988, 47.849026128928301 ], [ 1.79723559405906, 47.849065410046499 ], [ 1.79721346066742, 47.849080304732098 ], [ 1.79716824173252, 47.8491108044052 ], [ 1.79698775839337, 47.849233166986501 ], [ 1.79692429892528, 47.849277881051798 ], [ 1.79686790527393, 47.849317627010201 ], [ 1.79688901239991, 47.849330354859397 ], [ 1.79690880301337, 47.849342169104197 ], [ 1.79705233220963, 47.8494287003534 ], [ 1.7970551030274, 47.849430348944601 ], [ 1.79713452098977, 47.849478148463398 ], [ 1.79713728977597, 47.849479887041497 ], [ 1.79726472745055, 47.849556621960801 ], [ 1.79730206276614, 47.849579057159197 ], [ 1.79733741719954, 47.849600391918401 ], [ 1.7973465216651, 47.849605795839601 ], [ 1.79731315872591, 47.849632366681597 ], [ 1.79729790848186, 47.849644451642199 ], [ 1.79728292968409, 47.849656359364701 ], [ 1.79726195854133, 47.8496730661683 ], [ 1.79723567571268, 47.849694038970803 ], [ 1.79720231469928, 47.849720519790999 ], [ 1.79724231839633, 47.849755043670697 ], [ 1.79710239037492, 47.8498579300866 ], [ 1.79709409470736, 47.849864055686602 ], [ 1.79704799549185, 47.849897966649301 ], [ 1.79693359508139, 47.849830096173498 ], [ 1.7968314952462, 47.849756411107798 ], [ 1.79680670756282, 47.849711332004098 ], [ 1.7967883130957, 47.849679189865498 ], [ 1.79678697239675, 47.849661624213603 ], [ 1.79654298961235, 47.849540938487003 ], [ 1.79642560346217, 47.8496167824322 ], [ 1.79621429574594, 47.849747918524997 ], [ 1.79599663421164, 47.849882049352097 ], [ 1.79592217990889, 47.849928000166599 ], [ 1.79575664136792, 47.850027921813997 ], [ 1.79573671554732, 47.850039778553302 ], [ 1.79570805608248, 47.8500593764713 ], [ 1.79569850487778, 47.8500618886941 ], [ 1.7955367374097, 47.850160588612297 ], [ 1.79550569175542, 47.850179261881799 ], [ 1.79552121213599, 47.850231986935597 ], [ 1.79605983846914, 47.850468481387601 ], [ 1.79689095508019, 47.850833537076497 ], [ 1.79706772032138, 47.850911138073101 ], [ 1.79719708409319, 47.8509679105738 ], [ 1.79720674799221, 47.850972240119603 ], [ 1.79725905795057, 47.850994828848101 ], [ 1.79729190032042, 47.8510090270738 ], [ 1.79737016586096, 47.851042863049599 ], [ 1.79755649533625, 47.851123351640197 ], [ 1.79791656032316, 47.851303190880699 ], [ 1.79814465952295, 47.851417140072201 ], [ 1.79818564900746, 47.851437722184897 ], [ 1.79834882340637, 47.851519232373803 ], [ 1.7984416375316, 47.851566178027497 ], [ 1.79910521028307, 47.851902408292901 ], [ 1.79945806212226, 47.852082348788102 ], [ 1.79994807853442, 47.852329308427699 ], [ 1.80030135884619, 47.852454974918402 ], [ 1.80040910241971, 47.852492350609502 ], [ 1.80052492653944, 47.8525331391767 ], [ 1.80080122895059, 47.8526033812104 ], [ 1.80089058036711, 47.8526261669071 ], [ 1.80093326383563, 47.852636954303698 ], [ 1.80095054911391, 47.852641361433299 ], [ 1.80106769123708, 47.852671181765402 ], [ 1.80118071524648, 47.85269978977 ], [ 1.80152788676721, 47.852788216135004 ], [ 1.80165433971221, 47.852820291223701 ], [ 1.80185618180456, 47.852871678155999 ], [ 1.80193769054985, 47.852892402730703 ], [ 1.8020205241719, 47.852913680834803 ], [ 1.80231862731936, 47.852989902478299 ], [ 1.8024352583496, 47.853024666725602 ], [ 1.80250581642012, 47.853044739049103 ], [ 1.80272400165272, 47.8531068224028 ], [ 1.80279506432852, 47.853128249841099 ], [ 1.80352785596922, 47.853338247407997 ], [ 1.80365647695597, 47.853375112915003 ], [ 1.80376104633673, 47.8534051623298 ], [ 1.80395916532318, 47.853461728163197 ], [ 1.80399107507423, 47.853469974328803 ], [ 1.80430102894639, 47.853560623167297 ], [ 1.80479109142055, 47.853700091255902 ], [ 1.80486136109125, 47.853697386822802 ], [ 1.80598519821713, 47.852514676287399 ], [ 1.80603407457795, 47.8524641384208 ], [ 1.80604461593131, 47.852453264561099 ], [ 1.80604557607388, 47.852452194220298 ], [ 1.8060839049219, 47.852412800157701 ], [ 1.8066149466466, 47.851793088187598 ] ] ], [ [ [ 1.79839462177323, 47.8516642569559 ], [ 1.79838431163927, 47.8516175263658 ], [ 1.79807320523097, 47.851460512671601 ], [ 1.7978103616736, 47.851327755296097 ], [ 1.79753692164007, 47.851190568222101 ], [ 1.79668526003529, 47.850817025644801 ], [ 1.79664339202428, 47.850799854345098 ], [ 1.79656116949765, 47.850763637023498 ], [ 1.79636384208516, 47.8506788035019 ], [ 1.7962813810858, 47.850641323394903 ], [ 1.7960772126514, 47.850551558650899 ], [ 1.79600674680097, 47.850521762270802 ], [ 1.79582094291533, 47.850683852712301 ], [ 1.79566746551987, 47.8508179216972 ], [ 1.79559250995386, 47.850779708076203 ], [ 1.79544297611739, 47.850910846939001 ], [ 1.79539339390972, 47.850885945150402 ], [ 1.79539167425569, 47.8508851174036 ], [ 1.795353197892, 47.850865820237097 ], [ 1.79486570750686, 47.850621027021297 ], [ 1.79483648920056, 47.850647549733601 ], [ 1.79466759293945, 47.850800991132601 ], [ 1.79463670276663, 47.850830466935903 ], [ 1.79451657694478, 47.8509384142871 ], [ 1.79437802229782, 47.851062913912799 ], [ 1.79460058146476, 47.851232079115199 ], [ 1.79460728964391, 47.851237008571303 ], [ 1.79467729848913, 47.851286963253401 ], [ 1.79480065149359, 47.851337465970403 ], [ 1.79477593138397, 47.851354313829802 ], [ 1.79482287757463, 47.851371627974999 ], [ 1.79485261697351, 47.851381114501201 ], [ 1.79491404408507, 47.851402627817002 ], [ 1.79501725575834, 47.851468585064303 ], [ 1.7951877187755, 47.851582308019999 ], [ 1.79525847869491, 47.851628669662503 ], [ 1.79541891466655, 47.851748229918201 ], [ 1.79548105731045, 47.8517972032176 ], [ 1.79551444897175, 47.851822568770899 ], [ 1.7955427162737, 47.851843921274003 ], [ 1.79605644802223, 47.852129304993099 ], [ 1.7961094079182, 47.852158651604498 ], [ 1.79611931283712, 47.852164153834202 ], [ 1.79637691807916, 47.852309732560798 ], [ 1.79658131519649, 47.852425151698696 ], [ 1.79663149045101, 47.852453479390697 ], [ 1.79696951600595, 47.852644256436498 ], [ 1.79735191301198, 47.8523812990463 ], [ 1.79735680552501, 47.852377838831401 ], [ 1.79839462177323, 47.8516642569559 ] ] ], [ [ [ 1.79483824158547, 47.844236883179299 ], [ 1.79471673360386, 47.844176497976399 ], [ 1.79471369373929, 47.844174936566702 ], [ 1.79459618623383, 47.844280120857199 ], [ 1.79455634756182, 47.844262159452903 ], [ 1.79447455188603, 47.844225314728703 ], [ 1.79425074040264, 47.844124453065199 ], [ 1.79423604933117, 47.8441178213101 ], [ 1.79420631591215, 47.844143618556302 ], [ 1.79386502106824, 47.843917064317203 ], [ 1.7936366728892, 47.844010306567398 ], [ 1.79330549436856, 47.844145155249002 ], [ 1.79333066900438, 47.844161166017997 ], [ 1.79381174408772, 47.844467738159402 ], [ 1.79429925449359, 47.844779684962198 ], [ 1.79430897220247, 47.844769793742898 ], [ 1.7945777093513, 47.844499375482201 ], [ 1.79460097323045, 47.844475851919398 ], [ 1.79465939815134, 47.844417135727497 ], [ 1.79483824158547, 47.844236883179299 ] ] ], [ [ [ 1.80263884434131, 47.844362682051802 ], [ 1.80240602858299, 47.844239421736901 ], [ 1.80225711893764, 47.844160492621697 ], [ 1.80208191643634, 47.844067613257799 ], [ 1.80224996346775, 47.8439262136799 ], [ 1.80241324175023, 47.843788725604099 ], [ 1.80262858047782, 47.843607483893997 ], [ 1.80203123848094, 47.843628747158597 ], [ 1.80189191657107, 47.843628764193703 ], [ 1.80131122158477, 47.8436292215235 ], [ 1.80084073169701, 47.843628282510402 ], [ 1.80072167560799, 47.843630845615301 ], [ 1.80027282647624, 47.843636696333697 ], [ 1.7998734634406, 47.843641881580098 ], [ 1.79983521204836, 47.8436423902683 ], [ 1.79953347442196, 47.843646683086298 ], [ 1.79932696626344, 47.8436496097816 ], [ 1.79918691187312, 47.8436406151041 ], [ 1.79914405707197, 47.843637746065198 ], [ 1.79911081061359, 47.843635695470503 ], [ 1.79910880752103, 47.843635584950903 ], [ 1.79877596645924, 47.8436139945021 ], [ 1.79869238964679, 47.843608547982498 ], [ 1.79862523453106, 47.843604169713799 ], [ 1.79848958758349, 47.843595399366897 ], [ 1.79839520087896, 47.843594972466803 ], [ 1.7980627025217, 47.843593725767803 ], [ 1.79780761009112, 47.843592911528397 ], [ 1.79744190359661, 47.843936601192802 ], [ 1.79730679668829, 47.844063480139397 ], [ 1.7972589797016, 47.844108534875403 ], [ 1.79725474410652, 47.844112541891903 ], [ 1.79693438893245, 47.8444134901886 ], [ 1.79689149368321, 47.844453734715202 ], [ 1.79688937725665, 47.844452722895397 ], [ 1.79681519764823, 47.844522349787198 ], [ 1.79681744571631, 47.844523452968801 ], [ 1.79677359417729, 47.844564587741701 ], [ 1.79693819667877, 47.844652865858897 ], [ 1.79695655584472, 47.844662865262798 ], [ 1.79711592196058, 47.844515803268301 ], [ 1.79745487543295, 47.844202443784802 ], [ 1.79764534403962, 47.844293956459403 ], [ 1.79786347627595, 47.844090519527001 ], [ 1.79791073157253, 47.844046628922897 ], [ 1.7980598766019, 47.844114854851298 ], [ 1.79810566462929, 47.844135846352302 ], [ 1.79816037379813, 47.844164400080203 ], [ 1.79818243933877, 47.844176057453602 ], [ 1.7982337075913, 47.8442030457174 ], [ 1.79836888515877, 47.844262217132403 ], [ 1.7984229980057, 47.844281673613999 ], [ 1.79843135250268, 47.844284729532802 ], [ 1.79857097088195, 47.844336745402799 ], [ 1.79865048451355, 47.8443563719552 ], [ 1.79872269367574, 47.844385644718201 ], [ 1.79881023738196, 47.844458189264202 ], [ 1.79883163655813, 47.844517094924598 ], [ 1.79884605675947, 47.844547575965102 ], [ 1.7988741734991, 47.844593228932702 ], [ 1.7989938314116, 47.844658811389799 ], [ 1.79904071764418, 47.844684494273999 ], [ 1.79931741011196, 47.844836203564 ], [ 1.79936201803075, 47.844862133020698 ], [ 1.79948312634587, 47.844940511215199 ], [ 1.79952590155254, 47.844964711658697 ], [ 1.79968460768213, 47.845053825590703 ], [ 1.79967180818369, 47.845064045745097 ], [ 1.79951300190477, 47.845192484784398 ], [ 1.79933894834817, 47.845332918866298 ], [ 1.79946147376884, 47.845407801170602 ], [ 1.79960378118512, 47.845494857116599 ], [ 1.79978561148858, 47.845365303425297 ], [ 1.80040126703767, 47.845748023105799 ], [ 1.80066247143028, 47.8459110018809 ], [ 1.80082689914008, 47.845794140082802 ], [ 1.8011213792595, 47.845584547121497 ], [ 1.80121005477283, 47.845518216096998 ], [ 1.80127925288473, 47.845461767052797 ], [ 1.80144597728069, 47.845331876423003 ], [ 1.80164434561976, 47.845168375136801 ], [ 1.80175225214177, 47.845079287659502 ], [ 1.80202010480457, 47.8448583491801 ], [ 1.80215710590721, 47.844747866105898 ], [ 1.80216119533736, 47.8447443974839 ], [ 1.80223214343812, 47.844687335675502 ], [ 1.8022697340479, 47.844656846150997 ], [ 1.80234803635851, 47.844593828707602 ], [ 1.80251568318273, 47.844458365350398 ], [ 1.80254290316145, 47.844437130886803 ], [ 1.80260073971566, 47.844392266348699 ], [ 1.80263884434131, 47.844362682051802 ] ] ], [ [ [ 1.80368107335175, 47.843609223039699 ], [ 1.80367543672156, 47.843598274343201 ], [ 1.80366800358356, 47.843583976953902 ], [ 1.80313335606295, 47.843588063327701 ], [ 1.80300970934632, 47.843693553290201 ], [ 1.80326486782089, 47.843863665578702 ], [ 1.80342301687786, 47.843757897292797 ], [ 1.80368107335175, 47.843609223039699 ] ] ], [ [ [ 1.81284282155171, 47.846310526162299 ], [ 1.81249785396079, 47.846130525195697 ], [ 1.81229417111588, 47.846024591719598 ], [ 1.81211838688911, 47.845950713838697 ], [ 1.81199771160161, 47.845899896296501 ], [ 1.81188002982716, 47.845846768697697 ], [ 1.81240421001387, 47.845450364064199 ], [ 1.81238265744873, 47.845439524693397 ], [ 1.81219947756372, 47.845349640288703 ], [ 1.81201914609323, 47.845234041659999 ], [ 1.81238011195079, 47.845008892486 ], [ 1.81227644531832, 47.844903071443902 ], [ 1.81223486862059, 47.8448608858996 ], [ 1.8122214013867, 47.844847248059601 ], [ 1.81216825250273, 47.844862191486399 ], [ 1.81216542916631, 47.844862882971199 ], [ 1.81206720538567, 47.844884480621303 ], [ 1.81206237995582, 47.844879031164403 ], [ 1.81175567360466, 47.845027590755102 ], [ 1.81149681878046, 47.844722355304299 ], [ 1.81136660097233, 47.844488540519698 ], [ 1.81130142037741, 47.844497420978101 ], [ 1.81087740595073, 47.843972686326403 ], [ 1.81076332299207, 47.843968109262498 ], [ 1.81063915951203, 47.843977831433598 ], [ 1.81026035378652, 47.844008373256898 ], [ 1.81006368401175, 47.844043642172302 ], [ 1.81001684561364, 47.8440514478674 ], [ 1.8098566644715, 47.844081326013502 ], [ 1.80982173599019, 47.844094653071799 ], [ 1.80959355073479, 47.844187837741899 ], [ 1.8093668472204, 47.844280496953999 ], [ 1.80922984464026, 47.844338062533801 ], [ 1.80901911861909, 47.844433673593301 ], [ 1.80895588211313, 47.844463184738103 ], [ 1.80877927200988, 47.844545910364801 ], [ 1.80876843656472, 47.844593865550301 ], [ 1.80903308809827, 47.844818697325103 ], [ 1.80904226208829, 47.844826981368797 ], [ 1.80907138478457, 47.844857970413997 ], [ 1.80924061199776, 47.8450391680773 ], [ 1.80937362415473, 47.844980751894802 ], [ 1.80941926714054, 47.844960692988401 ], [ 1.80944087745018, 47.844951011273501 ], [ 1.80945857479068, 47.844942910012001 ], [ 1.80947166053785, 47.844937732261201 ], [ 1.80948366879139, 47.844932903611102 ], [ 1.80953254215014, 47.844911887342498 ], [ 1.80956914579104, 47.844949162863301 ], [ 1.80964433027067, 47.8449533462964 ], [ 1.8096997189036, 47.844945897546502 ], [ 1.80970758175885, 47.844947057458803 ], [ 1.80980199322192, 47.845000221202802 ], [ 1.80992040398994, 47.845068389978699 ], [ 1.8099340757435, 47.845120644346302 ], [ 1.80993960974996, 47.845142212827099 ], [ 1.80995784485567, 47.845211615342599 ], [ 1.80998298176949, 47.845307190702997 ], [ 1.8099167151524, 47.8453406320413 ], [ 1.8095567060749, 47.845522488746703 ], [ 1.80954141681337, 47.845530524453402 ], [ 1.80959842950933, 47.845623723115303 ], [ 1.80979990070689, 47.845720637952198 ], [ 1.8103984327017, 47.846011500676298 ], [ 1.81060516749798, 47.846112337879603 ], [ 1.8109635933967, 47.846288160448601 ], [ 1.81117098868844, 47.8463894533607 ], [ 1.81140874048253, 47.846502574750403 ], [ 1.8117764409628, 47.846682449149597 ], [ 1.8119342069705, 47.8467609154972 ], [ 1.81195670783186, 47.846771224484897 ], [ 1.81210459694264, 47.8468429298402 ], [ 1.81218694164606, 47.846766175461497 ], [ 1.81220754590786, 47.846771604674103 ], [ 1.81231110792235, 47.846672832687801 ], [ 1.81235042972161, 47.846690332675401 ], [ 1.81245425960562, 47.8466094751914 ], [ 1.81247017193627, 47.846597484995797 ], [ 1.81257122728122, 47.846521099798601 ], [ 1.81284282155171, 47.846310526162299 ] ] ], [ [ [ 1.80971512641684, 47.843195093031603 ], [ 1.81005008211841, 47.843456730136502 ], [ 1.81008411767752, 47.8434832683091 ], [ 1.81018964371007, 47.843565437725999 ], [ 1.81058481068015, 47.843873138947899 ], [ 1.81060764943426, 47.843892182604698 ], [ 1.81121011432863, 47.843564084171 ], [ 1.8114158481774, 47.843452216844398 ], [ 1.81148081901713, 47.843416781309102 ], [ 1.81145268749413, 47.843395253917599 ], [ 1.81103871045981, 47.843079624019801 ], [ 1.81093063622567, 47.842997789552001 ], [ 1.81072990101708, 47.842844447702099 ], [ 1.81054675694565, 47.842705685466299 ], [ 1.81028676803829, 47.842858135474799 ], [ 1.80971512641684, 47.843195093031603 ] ] ], [ [ [ 1.80971512641684, 47.843195093031603 ], [ 1.80943740892639, 47.842974810411597 ], [ 1.80942635159567, 47.842981376900497 ], [ 1.80941106651556, 47.842968962393797 ], [ 1.80928551417171, 47.8428676868362 ], [ 1.80925931342303, 47.8428465655442 ], [ 1.80924016571251, 47.842820961353503 ], [ 1.80922105261452, 47.842802765324301 ], [ 1.80920182708019, 47.842813461323999 ], [ 1.80906656160988, 47.842889136349797 ], [ 1.80902784232273, 47.8428628203323 ], [ 1.80872150956268, 47.843030638040602 ], [ 1.80849750072515, 47.842872015359397 ], [ 1.8084194003212, 47.842908576013301 ], [ 1.80845790752565, 47.8429443411177 ], [ 1.80794705217847, 47.843145812749597 ], [ 1.80799769871753, 47.843349749834701 ], [ 1.80803101550419, 47.843491763979699 ], [ 1.80806183605723, 47.843619891214402 ], [ 1.80808933406605, 47.843735203265197 ], [ 1.80810547992785, 47.843802244667202 ], [ 1.80812058973741, 47.843855864067699 ], [ 1.80817062837485, 47.8438723042972 ], [ 1.80954013925577, 47.843271265561299 ], [ 1.80954243590606, 47.843270208754198 ], [ 1.80971512641684, 47.843195093031603 ] ] ], [ [ [ 1.80720427090557, 47.843761849490797 ], [ 1.80682291226102, 47.842959042619498 ], [ 1.80658935655261, 47.842999601081601 ], [ 1.80632331806459, 47.8430457691451 ], [ 1.80591110382865, 47.843117361441799 ], [ 1.80590882328563, 47.8431176982631 ], [ 1.80560043140587, 47.843168384031003 ], [ 1.8055185666808, 47.843181951904803 ], [ 1.8053013394952, 47.843221684002899 ], [ 1.80462683216858, 47.843345055747101 ], [ 1.80415543045747, 47.843479855704402 ], [ 1.80393958860317, 47.843558933764797 ], [ 1.80393567568906, 47.843584276664103 ], [ 1.80436371528422, 47.843742647937901 ], [ 1.80531978641621, 47.844209370589702 ], [ 1.80533085546727, 47.844216594117903 ], [ 1.80552675293121, 47.844346763386397 ], [ 1.80579398568077, 47.844253714109399 ], [ 1.80595677922482, 47.8441969551303 ], [ 1.80607415757555, 47.844156025419402 ], [ 1.80635608037859, 47.844057723815098 ], [ 1.80673826521867, 47.843924437684102 ], [ 1.80674352100615, 47.843922600948297 ], [ 1.80698946108331, 47.843836803157501 ], [ 1.80714820747351, 47.843781531538099 ], [ 1.80720427090557, 47.843761849490797 ] ] ], [ [ [ 1.81196346610763, 47.847755007922302 ], [ 1.81177364780466, 47.847614830458802 ], [ 1.8117070874509, 47.847565640999797 ], [ 1.81166314883656, 47.847533332462497 ], [ 1.81136691187988, 47.8473146678459 ], [ 1.81080509620916, 47.846899879428598 ], [ 1.81076924271074, 47.846870811842898 ], [ 1.81125147076978, 47.846527533797399 ], [ 1.81123825560623, 47.846478704637597 ], [ 1.81051026719318, 47.8461227167302 ], [ 1.81022523923955, 47.845983281126898 ], [ 1.80954117865507, 47.8456486148092 ], [ 1.80935102883055, 47.845326880086098 ], [ 1.80923779046907, 47.845135269863498 ], [ 1.80915555315737, 47.845051985988697 ], [ 1.80904938926144, 47.844944516502203 ], [ 1.80897081487518, 47.844864870067099 ], [ 1.80896622082437, 47.844861043005203 ], [ 1.80886244949921, 47.844772139642401 ], [ 1.8088175786035, 47.844733879831402 ], [ 1.80868953522573, 47.844624297570199 ], [ 1.80860952366796, 47.844608813261203 ], [ 1.80844645722432, 47.8446539618553 ], [ 1.80822384025035, 47.844689414153997 ], [ 1.80815607155091, 47.844736160701402 ], [ 1.80797047988577, 47.8453385103751 ], [ 1.80794278507257, 47.845428688730102 ], [ 1.807822084541, 47.845820354569902 ], [ 1.8077482503422, 47.8460599301049 ], [ 1.80764500242304, 47.8463947068824 ], [ 1.80767966418484, 47.846524493216201 ], [ 1.80780936591697, 47.847013304157002 ], [ 1.80796833977164, 47.847437155270903 ], [ 1.80803747875062, 47.847532188013197 ], [ 1.808201579949, 47.847757349468303 ], [ 1.80830095050315, 47.847893643581102 ], [ 1.80837311157735, 47.848020930238903 ], [ 1.80856779668783, 47.8483910472292 ], [ 1.80858652022054, 47.848426701193603 ], [ 1.80860627293294, 47.848464165799399 ], [ 1.80883019782548, 47.848890115117499 ], [ 1.80895309798628, 47.8495041481671 ], [ 1.80900059342687, 47.849514981517103 ], [ 1.80940324403733, 47.849239589506801 ], [ 1.80978132146087, 47.8490641274038 ], [ 1.80995339968431, 47.848999266272401 ], [ 1.81000086918722, 47.848981385914001 ], [ 1.81050995307567, 47.848789518590699 ], [ 1.81054555492493, 47.848776108153103 ], [ 1.81084344319669, 47.8485865080537 ], [ 1.81094583348399, 47.848510497855202 ], [ 1.81126973391519, 47.848269764897999 ], [ 1.81176549386065, 47.847913759692602 ], [ 1.81196346610763, 47.847755007922302 ] ] ], [ [ [ 1.79909531782935, 47.8472981305841 ], [ 1.79773134465471, 47.846716375567297 ], [ 1.79761538674275, 47.846664421354298 ], [ 1.79776281879742, 47.846589964261099 ], [ 1.7977883799245, 47.846577174822897 ], [ 1.79790587536814, 47.8464783780666 ], [ 1.79791282545117, 47.846472598652703 ], [ 1.79806916662141, 47.846341166209697 ], [ 1.79797535686245, 47.8462795382043 ], [ 1.79794950124022, 47.846263971547103 ], [ 1.79792364766837, 47.846248314895 ], [ 1.79789625302718, 47.846229852135799 ], [ 1.79783093415361, 47.846185527873502 ], [ 1.79769521550759, 47.846108708459703 ], [ 1.79768729438013, 47.846104216777903 ], [ 1.79763884001834, 47.8460768971267 ], [ 1.79768490024389, 47.846032724363901 ], [ 1.79762559403904, 47.8460004329309 ], [ 1.79757949312828, 47.845975477635697 ], [ 1.79754501834723, 47.846004017395501 ], [ 1.79751807928621, 47.8459890696003 ], [ 1.79748850123413, 47.845972564574097 ], [ 1.7974615418448, 47.845958516655998 ], [ 1.79748929391905, 47.845931618185197 ], [ 1.79748070646753, 47.8459270296472 ], [ 1.79728096161328, 47.845819760001298 ], [ 1.79669825125724, 47.846315678750301 ], [ 1.79664340572817, 47.846281272346999 ], [ 1.79664142902745, 47.846279991928199 ], [ 1.79708629528175, 47.845925325579699 ], [ 1.79705850209245, 47.845906768519299 ], [ 1.79703439902585, 47.845890589557101 ], [ 1.79698186949803, 47.845931095321802 ], [ 1.79695220157741, 47.845954013587402 ], [ 1.79691355588555, 47.845983680513797 ], [ 1.79658000952075, 47.846240657511899 ], [ 1.79636808198645, 47.846104548159701 ], [ 1.79660688230202, 47.845915997364798 ], [ 1.7965909106841, 47.845906832502997 ], [ 1.79655896950231, 47.845888412783601 ], [ 1.79654643452572, 47.845898725324197 ], [ 1.79652599731923, 47.845915527508403 ], [ 1.79651659607766, 47.845923261911203 ], [ 1.79651006122026, 47.845928415435999 ], [ 1.79646768773165, 47.845963264545098 ], [ 1.79638635597506, 47.846029757405198 ], [ 1.7963272257086, 47.846078296039302 ], [ 1.79612388680504, 47.845946774855499 ], [ 1.79609686545005, 47.845929575635502 ], [ 1.79590916655313, 47.845810095902699 ], [ 1.79590550181406, 47.845759382673002 ], [ 1.79590359359418, 47.845760983262799 ], [ 1.79589855568334, 47.845764981992403 ], [ 1.79589296877979, 47.845769605155503 ], [ 1.79588520425493, 47.845775916152199 ], [ 1.79585999429196, 47.845796809684003 ], [ 1.79584841535173, 47.845806231867002 ], [ 1.79581299175475, 47.845835301447899 ], [ 1.79581203764207, 47.845836101742002 ], [ 1.79579664019357, 47.845848815084999 ], [ 1.79567504501519, 47.845945497466701 ], [ 1.79560260343212, 47.846003170090498 ], [ 1.79559034783991, 47.846012945339503 ], [ 1.79547024687647, 47.846108562731203 ], [ 1.79526692213649, 47.846269689553303 ], [ 1.79518691151478, 47.846220595384104 ], [ 1.79452450804608, 47.8458252163163 ], [ 1.79446474479137, 47.845789588192297 ], [ 1.79445419119982, 47.8457832690315 ], [ 1.7942619768759, 47.845668510728302 ], [ 1.79416302142743, 47.8456099770451 ], [ 1.79405324329905, 47.845545211318601 ], [ 1.79400218306102, 47.845514983018703 ], [ 1.79375400339283, 47.845368234890003 ], [ 1.79417952730744, 47.845041553471901 ], [ 1.79434691979421, 47.8449123996851 ], [ 1.79437699337336, 47.8448893062086 ], [ 1.79406914376348, 47.844691179637302 ], [ 1.79403619806056, 47.844669958561603 ], [ 1.7940224916105, 47.844661176665703 ], [ 1.79402051503316, 47.844659896201499 ], [ 1.79401669351445, 47.844657426636502 ], [ 1.79353151444938, 47.844348922972699 ], [ 1.7932479987291, 47.844168776413902 ], [ 1.79306913794754, 47.844237683939603 ], [ 1.79308699917525, 47.844251909310898 ], [ 1.79326128440935, 47.844390427928801 ], [ 1.79326033641339, 47.844390958235699 ], [ 1.79325153913835, 47.844395638257097 ], [ 1.7932504574654, 47.844396167188499 ], [ 1.79274055174603, 47.844664460410797 ], [ 1.79276287630757, 47.844682332171601 ], [ 1.7927317850478, 47.844697223851199 ], [ 1.79265081074265, 47.844736084785701 ], [ 1.79244046537088, 47.844837070882797 ], [ 1.79269152629491, 47.844997983136203 ], [ 1.79277678777133, 47.845052956781103 ], [ 1.79281881804427, 47.845080392393697 ], [ 1.79269695921081, 47.845170858362103 ], [ 1.79264241577401, 47.845211611527397 ], [ 1.79237527019604, 47.845411383885697 ], [ 1.79208931485599, 47.845626803689598 ], [ 1.79188847938807, 47.845550386932402 ], [ 1.79156210087828, 47.845349992717303 ], [ 1.79155498041109, 47.8453455988722 ], [ 1.79124483066664, 47.845601721952697 ], [ 1.79120667378661, 47.8456332822836 ], [ 1.79115877535319, 47.845652230805499 ], [ 1.79109375945075, 47.845706556850502 ], [ 1.79109144186056, 47.845708513184398 ], [ 1.79100870965237, 47.845777508237802 ], [ 1.79077985678109, 47.845968760694099 ], [ 1.79077658702433, 47.845971427285598 ], [ 1.79055991030165, 47.845856680684399 ], [ 1.7905330926259, 47.845842362584797 ], [ 1.79022177288982, 47.845609086225899 ], [ 1.79021769845767, 47.845605983858299 ], [ 1.79015018580095, 47.845534989619701 ], [ 1.79021738187364, 47.845496528345002 ], [ 1.79023783784366, 47.845484858004902 ], [ 1.79025246775718, 47.845476547953503 ], [ 1.79025558334839, 47.845474779886501 ], [ 1.79022314213298, 47.845449062438298 ], [ 1.79018807652213, 47.845421157668703 ], [ 1.78998664289804, 47.845518000849097 ], [ 1.78989567060187, 47.845561257256897 ], [ 1.79023126543276, 47.845844110399099 ], [ 1.79036506634647, 47.845944771463898 ], [ 1.79024143480552, 47.8460141542662 ], [ 1.79022586078351, 47.846022814617498 ], [ 1.79011204616275, 47.846085025725898 ], [ 1.79003646496048, 47.846125272645097 ], [ 1.79005327499905, 47.846138677530199 ], [ 1.79028515914158, 47.846325499909298 ], [ 1.79021555935406, 47.846357905749997 ], [ 1.79022700531369, 47.846366124708801 ], [ 1.79023647267871, 47.846373153128702 ], [ 1.7901077502443, 47.846447613848298 ], [ 1.79000207427409, 47.846508801673203 ], [ 1.78997837133113, 47.846521527594597 ], [ 1.78997922920157, 47.846522022498696 ], [ 1.78996249492496, 47.846531714961401 ], [ 1.79018985110307, 47.846711920028703 ], [ 1.78975544586824, 47.846992410286397 ], [ 1.78980518721539, 47.8470276673713 ], [ 1.78994767369131, 47.8471298585943 ], [ 1.79002267897755, 47.8471831081796 ], [ 1.79023364552478, 47.847331550488697 ], [ 1.79025428572459, 47.847347065064497 ], [ 1.79027833823028, 47.847365405138497 ], [ 1.79028582919188, 47.847371153025001 ], [ 1.79030672859808, 47.847387030304098 ], [ 1.79077732513834, 47.847702147079801 ], [ 1.79077969666368, 47.847703701697498 ], [ 1.79080485379792, 47.847720522875001 ], [ 1.79097161195606, 47.847831603941103 ], [ 1.79109712897474, 47.847915796793998 ], [ 1.7912013181551, 47.847979427467898 ], [ 1.79142246973941, 47.848109520432097 ], [ 1.79155415951647, 47.848186935616503 ], [ 1.79175440096496, 47.848289899533299 ], [ 1.79195498624385, 47.848389536269202 ], [ 1.79205416327892, 47.848438442915899 ], [ 1.79309889597101, 47.847608504709697 ], [ 1.79313965697014, 47.847633046766703 ], [ 1.79325468354165, 47.847702367728303 ], [ 1.79326255434498, 47.847756184616699 ], [ 1.79329727132836, 47.847728908739697 ], [ 1.79329849696952, 47.847727931239803 ], [ 1.79329853789233, 47.847727895656902 ], [ 1.79337888289585, 47.8477746542478 ], [ 1.79337886932302, 47.847774663109199 ], [ 1.79334482486461, 47.847801765908201 ], [ 1.79284710543026, 47.848197368730503 ], [ 1.79284002701631, 47.848202876496103 ], [ 1.7930090447155, 47.848297145981903 ], [ 1.79265953203216, 47.848572669587199 ], [ 1.79252896455929, 47.848675286986001 ], [ 1.79273415618509, 47.848778300119903 ], [ 1.79274658179648, 47.848784638687697 ], [ 1.79293051822041, 47.848875641408299 ], [ 1.79315611140615, 47.848987144623798 ], [ 1.79338368519953, 47.849105688529299 ], [ 1.79356657747511, 47.849213331289 ], [ 1.79358295676011, 47.849222230703496 ], [ 1.79361505302951, 47.849239752684198 ], [ 1.79373511654456, 47.849334777667501 ], [ 1.79383651313664, 47.8494156590519 ], [ 1.79395016428884, 47.849522229124197 ], [ 1.79396312797503, 47.849534333716598 ], [ 1.79400973932584, 47.849578107661998 ], [ 1.79402886190417, 47.849595766164903 ], [ 1.79403947229804, 47.849605506298801 ], [ 1.79406108395781, 47.849625440631002 ], [ 1.79406763369133, 47.8496314486137 ], [ 1.79411648731789, 47.8496765957115 ], [ 1.79430378736716, 47.849849449642299 ], [ 1.79436354074551, 47.849897498965099 ], [ 1.7944398412447, 47.849958859745797 ], [ 1.79461424975336, 47.850098817086803 ], [ 1.79480928722213, 47.850184170161803 ], [ 1.79487008120569, 47.850204056849599 ], [ 1.79492397020723, 47.850221802344102 ], [ 1.79493140387939, 47.850224218965899 ], [ 1.7949998469383, 47.850242924029601 ], [ 1.79511452598172, 47.850268944724803 ], [ 1.79514533217887, 47.8502667408805 ], [ 1.79520801817839, 47.850262164175199 ], [ 1.79524946446534, 47.850250708574002 ], [ 1.79529308337553, 47.850231894472998 ], [ 1.79537468956409, 47.850183137190903 ], [ 1.79559928838785, 47.8500439481871 ], [ 1.79575851729807, 47.849945132109497 ], [ 1.79597647357542, 47.849809834619002 ], [ 1.79601458083686, 47.849786373179903 ], [ 1.79600337820165, 47.849779147423803 ], [ 1.79583282543222, 47.849669565019497 ], [ 1.79586333713681, 47.849650832175001 ], [ 1.79602889407241, 47.849756636855197 ], [ 1.79604870845542, 47.849743788814997 ], [ 1.7958959388179, 47.849646090291102 ], [ 1.79613903499463, 47.849498899236799 ], [ 1.79612773158152, 47.849488450107202 ], [ 1.79615530043037, 47.8494715231828 ], [ 1.79589381332517, 47.849291339978301 ], [ 1.79577689776187, 47.8492106611141 ], [ 1.79598108716592, 47.849074952223297 ], [ 1.7959926280609, 47.849067239833602 ], [ 1.7961726726953, 47.849194561391499 ], [ 1.79617991144233, 47.849199676229397 ], [ 1.79618056969561, 47.849200133033797 ], [ 1.79619636573949, 47.849211186327899 ], [ 1.79674729910629, 47.848868321248297 ], [ 1.79675326491507, 47.8488646920447 ], [ 1.79676801388335, 47.848874744415198 ], [ 1.79683557120663, 47.848920712311603 ], [ 1.79703768018515, 47.848788130600703 ], [ 1.79684893268579, 47.848631737926397 ], [ 1.79685558319594, 47.848627395662199 ], [ 1.79695403439868, 47.848560898107799 ], [ 1.79699873723992, 47.848588629556197 ], [ 1.79701238911066, 47.848576258207302 ], [ 1.79703668856937, 47.848554274997397 ], [ 1.79708392407618, 47.848511464707599 ], [ 1.79696010739946, 47.848446197899897 ], [ 1.79695310346258, 47.848442525672802 ], [ 1.79692575004889, 47.848428113582699 ], [ 1.79715965054105, 47.848226010103701 ], [ 1.7972124469955, 47.848256524769198 ], [ 1.79721732823187, 47.848259455136301 ], [ 1.79731075044083, 47.848314688980203 ], [ 1.79744956251949, 47.8483968509804 ], [ 1.79751197797951, 47.8484336747957 ], [ 1.79744127363072, 47.848485425648803 ], [ 1.79743868877859, 47.848487379363696 ], [ 1.79742713192997, 47.848495811809599 ], [ 1.79760003427739, 47.848584263762 ], [ 1.7976145749929, 47.848591703608399 ], [ 1.79769150981192, 47.848631016407801 ], [ 1.79775542658533, 47.848577845692802 ], [ 1.79778363931191, 47.848554282264402 ], [ 1.79789879521556, 47.848458611948097 ], [ 1.79793382039419, 47.848429447682797 ], [ 1.79792444666098, 47.848424131052298 ], [ 1.79714632002181, 47.847981946796999 ], [ 1.79719753495824, 47.847940527409001 ], [ 1.79723101632369, 47.847914587867102 ], [ 1.79736821507057, 47.847807982849801 ], [ 1.79738310976477, 47.847817496586202 ], [ 1.79749094360231, 47.847885839481002 ], [ 1.79770250242072, 47.848003220740303 ], [ 1.7977625865608, 47.848036690174403 ], [ 1.797808938398, 47.8480624580084 ], [ 1.79783234968621, 47.8480442459418 ], [ 1.79786337967943, 47.848020261315199 ], [ 1.79794667721679, 47.847955587837603 ], [ 1.79795933591639, 47.847945726474499 ], [ 1.79784912489145, 47.847881950157301 ], [ 1.79748011834654, 47.8476669146064 ], [ 1.79767540166091, 47.847528411148097 ], [ 1.79776791983534, 47.847582195235603 ], [ 1.79780500696143, 47.8476037276696 ], [ 1.79784857248556, 47.847563489733403 ], [ 1.79787752632999, 47.847536693516098 ], [ 1.79791658448906, 47.847500639821703 ], [ 1.79791539557358, 47.847499997568399 ], [ 1.79790879478487, 47.847496239517497 ], [ 1.79788754224622, 47.847484050401903 ], [ 1.79776107633942, 47.847411826477099 ], [ 1.79774774315775, 47.847404218998001 ], [ 1.79776291596799, 47.847389612901303 ], [ 1.79786940498683, 47.847286832972699 ], [ 1.7978699499005, 47.847286388508202 ], [ 1.79807767102011, 47.847401929619203 ], [ 1.79810645811823, 47.8474179763192 ], [ 1.79811015448078, 47.847420084421202 ], [ 1.798156016059, 47.847384730428701 ], [ 1.79823011570389, 47.847425183993998 ], [ 1.79824534271707, 47.847414088775402 ], [ 1.79839491440034, 47.847304188953899 ], [ 1.79854857320307, 47.847380201117403 ], [ 1.79861918833683, 47.847302705863498 ], [ 1.79866553301201, 47.847251874930301 ], [ 1.79874990269101, 47.8472875728229 ], [ 1.79881149029485, 47.8473136763266 ], [ 1.79896724702433, 47.847379718328703 ], [ 1.7989929418592, 47.847390602585698 ], [ 1.79901453315346, 47.847399644624304 ], [ 1.79902113911895, 47.847391341349301 ], [ 1.79902815833629, 47.847382502246298 ], [ 1.799045083439, 47.847361343211702 ], [ 1.79909531782935, 47.8472981305841 ] ] ], [ [ [ 1.80888391746003, 47.849565912316898 ], [ 1.80885618939237, 47.849424855826499 ], [ 1.80878778580514, 47.849076094233901 ], [ 1.80875549846853, 47.848911768902802 ], [ 1.80868570277392, 47.848780276141099 ], [ 1.80847324443863, 47.848379735683402 ], [ 1.80841011536451, 47.8482610917888 ], [ 1.80827347943705, 47.848003626279599 ], [ 1.80823021902681, 47.847923258192999 ], [ 1.8081897787544, 47.847872171872901 ], [ 1.8079457223509, 47.8475334157744 ], [ 1.80791183522928, 47.847482305929901 ], [ 1.8078942434526, 47.847455844318503 ], [ 1.8078795958598, 47.847417351331501 ], [ 1.80783567541222, 47.847300882473398 ], [ 1.80774756414283, 47.847074062589002 ], [ 1.80772539904945, 47.846995168817102 ], [ 1.80771448677243, 47.846957073804099 ], [ 1.80770989577021, 47.846941185430403 ], [ 1.80769490101281, 47.846888377334899 ], [ 1.8076778072816, 47.846827807064599 ], [ 1.80767075258786, 47.846802532634499 ], [ 1.80765525547667, 47.846748279266997 ], [ 1.8075768829194, 47.846445049898797 ], [ 1.80757503919741, 47.846437830377198 ], [ 1.80756567681815, 47.846402181355003 ], [ 1.80766394718445, 47.846074734843 ], [ 1.80780312413702, 47.845610529122098 ], [ 1.80797110503377, 47.8450781184278 ], [ 1.80799729532375, 47.844995395572603 ], [ 1.80802061418875, 47.844921464487001 ], [ 1.80805171061662, 47.844822679719002 ], [ 1.80806144803651, 47.844787944881503 ], [ 1.8080589147587, 47.844769737157002 ], [ 1.80805339219958, 47.844729806690601 ], [ 1.80802935541992, 47.844716510992697 ], [ 1.80773042342213, 47.844744526042703 ], [ 1.80716021829696, 47.8447477293685 ], [ 1.8064179027804, 47.844752148905101 ], [ 1.80629071981679, 47.844741403535302 ], [ 1.80617047401108, 47.844731358706099 ], [ 1.80596764205093, 47.844683568996899 ], [ 1.80591923172472, 47.844666064295403 ], [ 1.80578534689675, 47.8446025043717 ], [ 1.80572512970428, 47.844563006976898 ], [ 1.80570917107486, 47.844553213424597 ], [ 1.80564686773075, 47.844511354488603 ], [ 1.80558272333556, 47.844468126621202 ], [ 1.80544834234039, 47.844379088450701 ], [ 1.80543701397521, 47.844371502254099 ], [ 1.80530901777456, 47.844289909752099 ], [ 1.80525734464077, 47.844256979843401 ], [ 1.80495858986847, 47.844110640478902 ], [ 1.80493425441748, 47.844098781246402 ], [ 1.80450418000893, 47.843888005625701 ], [ 1.80446675254347, 47.843869712152099 ], [ 1.8043091094508, 47.843792586831299 ], [ 1.80399936630752, 47.843677276344401 ], [ 1.8038886506248, 47.843636002864599 ], [ 1.80381862102349, 47.843628627931402 ], [ 1.80375010038831, 47.843655202093203 ], [ 1.80348073210337, 47.843801510847499 ], [ 1.80372612815091, 47.843930207954102 ], [ 1.80378520080355, 47.8439610537867 ], [ 1.80410777240463, 47.844130231525398 ], [ 1.80412111782329, 47.844137298360501 ], [ 1.80415854111175, 47.844156374984401 ], [ 1.8034484757138, 47.844705781374998 ], [ 1.80367435074194, 47.844834639370099 ], [ 1.80347188656786, 47.844948776850998 ], [ 1.80330626029895, 47.845042047513203 ], [ 1.80327484161504, 47.845059728921598 ], [ 1.80305490213637, 47.845183858496 ], [ 1.80289366831208, 47.8450939133049 ], [ 1.80261774068821, 47.845311350914002 ], [ 1.80249043103342, 47.845234982941498 ], [ 1.8024866231377, 47.845237824379502 ], [ 1.80227936494873, 47.845113564710097 ], [ 1.80228439826217, 47.845109745683303 ], [ 1.80229854419636, 47.8450990889488 ], [ 1.802290495235, 47.845094326242602 ], [ 1.80226542883107, 47.845079308651499 ], [ 1.80203719274464, 47.844942592960997 ], [ 1.80179406306878, 47.845140381467303 ], [ 1.80155157968984, 47.845339076167903 ], [ 1.80148963140527, 47.8453883086529 ], [ 1.80143367449062, 47.845432741795896 ], [ 1.80127732428586, 47.845559138034801 ], [ 1.80107275825384, 47.845706823609802 ], [ 1.80103469645206, 47.845734427614097 ], [ 1.80074464084319, 47.8459434355211 ], [ 1.80070780416596, 47.845970061836802 ], [ 1.80112762084948, 47.846232591929102 ], [ 1.80125417322377, 47.846312914025297 ], [ 1.80125865345894, 47.846315840128803 ], [ 1.80134038778949, 47.846361680352999 ], [ 1.80139464057577, 47.8464047194134 ], [ 1.80140304605562, 47.846411466035804 ], [ 1.80152387958381, 47.846484528597799 ], [ 1.80152942118994, 47.846487825574499 ], [ 1.80147283126553, 47.846530632074398 ], [ 1.80158799188483, 47.846600306231103 ], [ 1.80163996079422, 47.846631980595703 ], [ 1.8013190954492, 47.846825553411499 ], [ 1.80139055069765, 47.846882539757303 ], [ 1.80170076119089, 47.846710820293502 ], [ 1.80174637819902, 47.846745490047802 ], [ 1.80179238211474, 47.846780793804101 ], [ 1.80202675534323, 47.846959967044803 ], [ 1.80185076961869, 47.847061590746897 ], [ 1.80176948007763, 47.847108645561903 ], [ 1.80162316381648, 47.847193110112002 ], [ 1.80151049388688, 47.847256045897602 ], [ 1.80118087446589, 47.847440347863298 ], [ 1.80118388426062, 47.847443258938 ], [ 1.80121359971615, 47.847465615038203 ], [ 1.80132050347027, 47.847545736158303 ], [ 1.80152628497891, 47.847700225464202 ], [ 1.8015680968648, 47.847731706039603 ], [ 1.80158782096278, 47.847746489143901 ], [ 1.80164146780535, 47.847786821555303 ], [ 1.80169288265167, 47.847825330943103 ], [ 1.80174955370514, 47.8478679444409 ], [ 1.80190432151073, 47.847984017782402 ], [ 1.80194981620067, 47.848018236121199 ], [ 1.80195231363905, 47.848020151834298 ], [ 1.80201214084016, 47.848065137685701 ], [ 1.80218912965187, 47.848197999363897 ], [ 1.80230484532838, 47.848284780217199 ], [ 1.80256875246874, 47.848132747917901 ], [ 1.80300823177215, 47.847879625732297 ], [ 1.8031717507272, 47.8477853439406 ], [ 1.80343564315216, 47.847978226810802 ], [ 1.80343682404113, 47.8479792289641 ], [ 1.80353904507316, 47.8480537196222 ], [ 1.80368617288692, 47.848164852100503 ], [ 1.80374008304087, 47.8482054562363 ], [ 1.80385973491186, 47.848295696041198 ], [ 1.80365279157945, 47.8484181589589 ], [ 1.80373735688613, 47.848481038106897 ], [ 1.80389320031903, 47.848597119690098 ], [ 1.80385917890424, 47.8486174749874 ], [ 1.80383085943819, 47.848634018005797 ], [ 1.80382665435806, 47.848636675413701 ], [ 1.80374059190971, 47.848687823330103 ], [ 1.80389210120545, 47.848800440325597 ], [ 1.8039203783663, 47.848821430891597 ], [ 1.80401835606729, 47.848894437648497 ], [ 1.80404768461082, 47.848916248988402 ], [ 1.80407135974463, 47.848933772226999 ], [ 1.8040987133767, 47.848954213272997 ], [ 1.8040904389056, 47.8489594394809 ], [ 1.80359894458463, 47.849253889565702 ], [ 1.80363274364154, 47.849279076958602 ], [ 1.80366049227391, 47.849299792160203 ], [ 1.803683245804, 47.849316676005799 ], [ 1.80368679465108, 47.849319412489102 ], [ 1.80377477254738, 47.849385206674498 ], [ 1.80381974905967, 47.849418788883803 ], [ 1.80387563758069, 47.849460673223099 ], [ 1.80390838358302, 47.849485129715603 ], [ 1.80400293717619, 47.849555851288997 ], [ 1.8041422066353, 47.849659882171203 ], [ 1.80420179040216, 47.849703964247098 ], [ 1.80426137224321, 47.849748136280702 ], [ 1.80427218909518, 47.849754727236999 ], [ 1.80436721565641, 47.849828243614802 ], [ 1.80440732125976, 47.849858445578498 ], [ 1.80445729785423, 47.849895678873303 ], [ 1.8044613734463, 47.8498987807384 ], [ 1.80463420161491, 47.850026915556498 ], [ 1.80463769793382, 47.850031991722901 ], [ 1.80469413060545, 47.850073521150897 ], [ 1.80471912111939, 47.850092047748703 ], [ 1.80484921709695, 47.850187883392003 ], [ 1.80491183041119, 47.850234066169001 ], [ 1.80498010153102, 47.850284356980303 ], [ 1.80508862296105, 47.850364400889497 ], [ 1.80513453090796, 47.850398262075402 ], [ 1.80514018660649, 47.850402460125402 ], [ 1.80531748268044, 47.850534239758403 ], [ 1.80541375779319, 47.8506058777417 ], [ 1.80566537438291, 47.850792599398901 ], [ 1.80579177282868, 47.850886506075902 ], [ 1.80592724696733, 47.850987165696402 ], [ 1.80609876346296, 47.851114474765801 ], [ 1.80614414196784, 47.851148150120999 ], [ 1.806295795043, 47.851260855199698 ], [ 1.80675115719284, 47.851599063283899 ], [ 1.8070553415111, 47.851237528752897 ], [ 1.80718293670897, 47.851117403498101 ], [ 1.80749372389951, 47.850824882204002 ], [ 1.80800732653035, 47.850373124168001 ], [ 1.80806270147406, 47.850324811697703 ], [ 1.80811616830285, 47.850278099984102 ], [ 1.80885945792864, 47.849625070235497 ], [ 1.80888391746003, 47.849565912316898 ] ] ] ] } },
{ "type": "Feature", "properties": { "Name": null, "id": "" }, "geometry": { "type": "MultiPolygon", "coordinates": [ [ [ [ 1.73272281685949, 47.849423442397999 ], [ 1.73209641132265, 47.849206947688103 ], [ 1.73187213688823, 47.8491294541206 ], [ 1.73148490433194, 47.848993941077303 ], [ 1.73141780227698, 47.848970442612803 ], [ 1.7314090835981, 47.848982769829497 ], [ 1.73109719200935, 47.848873003308398 ], [ 1.73076819588517, 47.848757200142899 ], [ 1.73071807301569, 47.848739465673503 ], [ 1.73043618660943, 47.848638843110898 ], [ 1.73013484338309, 47.848535488905398 ], [ 1.72997995755814, 47.8487273356156 ], [ 1.72995928533831, 47.848753034950498 ], [ 1.72989550920846, 47.848730291700903 ], [ 1.72984327133649, 47.848711543831598 ], [ 1.7297438306004, 47.848675992778702 ], [ 1.72971108668975, 47.848720013594402 ], [ 1.72970431669064, 47.848729121398001 ], [ 1.72947662928279, 47.849023961661899 ], [ 1.72917343702918, 47.849422936238099 ], [ 1.72915258742502, 47.849450433725004 ], [ 1.72890266863093, 47.849779956203101 ], [ 1.72889368831536, 47.849792010366698 ], [ 1.72872510447351, 47.849991537881301 ], [ 1.72859326290905, 47.850147628071902 ], [ 1.72817211336739, 47.850647123708001 ], [ 1.72779816838169, 47.851083762066402 ], [ 1.72916962039041, 47.851629332180103 ], [ 1.72968232219442, 47.851831199143099 ], [ 1.73017058528916, 47.852029018796898 ], [ 1.73047222020171, 47.852151223901799 ], [ 1.7306419874214, 47.851953111099199 ], [ 1.73091887302311, 47.851625497286499 ], [ 1.73114686991265, 47.851357031156802 ], [ 1.73117245433378, 47.851327244282899 ], [ 1.73139030035066, 47.851074959822299 ], [ 1.73160064737935, 47.850828624581403 ], [ 1.73173862030004, 47.850667466824198 ], [ 1.73173957761138, 47.8506665770662 ], [ 1.73187077170837, 47.850498054975098 ], [ 1.73202440055293, 47.850302771984502 ], [ 1.73216517223512, 47.850125081958403 ], [ 1.73231607147617, 47.849932019335597 ], [ 1.73253692437177, 47.849654112053699 ], [ 1.73272281685949, 47.849423442397999 ] ] ], [ [ [ 1.72207269238948, 47.8433089159019 ], [ 1.72207469208648, 47.843270232782302 ], [ 1.72207253666427, 47.843237535152703 ], [ 1.72207328155864, 47.843173185104398 ], [ 1.72206077085157, 47.843115171442399 ], [ 1.72204999112568, 47.843035213849603 ], [ 1.72204764335594, 47.842982711604201 ], [ 1.72204042698476, 47.8429603101374 ], [ 1.72203297356742, 47.842936645926898 ], [ 1.72202335930946, 47.842919438993199 ], [ 1.7220116923907, 47.842904189943098 ], [ 1.72199451731058, 47.842884470310402 ], [ 1.72197622263279, 47.842872389446903 ], [ 1.72197319363546, 47.842870466199997 ], [ 1.72192642583682, 47.8428470036486 ], [ 1.72176855288188, 47.842784435413101 ], [ 1.72168652747456, 47.842748166916103 ], [ 1.72166554816826, 47.842742087508299 ], [ 1.72152973849513, 47.842673908674598 ], [ 1.72149274363553, 47.842655503105703 ], [ 1.72142562476489, 47.842622097259401 ], [ 1.72141638039486, 47.842617315884297 ], [ 1.72131003778702, 47.842563679834399 ], [ 1.72129260329801, 47.842554758638897 ], [ 1.72112516353746, 47.842473092782598 ], [ 1.72105593080003, 47.842433092828202 ], [ 1.72098185198847, 47.842388899454001 ], [ 1.72088371452621, 47.842327701505198 ], [ 1.7208137147924, 47.842286252851302 ], [ 1.72072657325762, 47.842223734510704 ], [ 1.72070003768712, 47.842204092594301 ], [ 1.72058285150264, 47.842117753410001 ], [ 1.71946635344744, 47.842681101883102 ], [ 1.71928148009987, 47.8425406455383 ], [ 1.71928056175455, 47.842539915418001 ], [ 1.71921999361897, 47.842495508408497 ], [ 1.71919751599669, 47.842507234470702 ], [ 1.71895691850454, 47.842337815396903 ], [ 1.71884079200451, 47.842246445380198 ], [ 1.71883300528189, 47.842242219789298 ], [ 1.71880302562709, 47.842204627519003 ], [ 1.71874933343061, 47.842146793632303 ], [ 1.71873671593545, 47.842137744648902 ], [ 1.71872634994648, 47.842124039661201 ], [ 1.71859433839798, 47.842009452882301 ], [ 1.71856907616246, 47.841986944014401 ], [ 1.71849798883767, 47.841924149324797 ], [ 1.71838789297878, 47.841826723928499 ], [ 1.71831190028733, 47.841764991654401 ], [ 1.71837515695193, 47.841733872843299 ], [ 1.71826715786652, 47.8416326897433 ], [ 1.71822290532633, 47.841587092307698 ], [ 1.7181181060128, 47.841479103146 ], [ 1.71805000552652, 47.841408932845901 ], [ 1.71798181382343, 47.8413386714927 ], [ 1.71787955948085, 47.841233302245499 ], [ 1.71820807802928, 47.841071991960099 ], [ 1.7183037519153, 47.841024431315098 ], [ 1.71817979130528, 47.8409143425108 ], [ 1.71799680891192, 47.840751311642897 ], [ 1.71791134131122, 47.8406855959743 ], [ 1.71851054283935, 47.840394089434497 ], [ 1.71842556659426, 47.840336273517302 ], [ 1.71835766315491, 47.8402912457422 ], [ 1.71825896841803, 47.840225718798301 ], [ 1.7182123651614, 47.840195595623001 ], [ 1.7181916129377, 47.840180156839899 ], [ 1.71816088453216, 47.840157048035003 ], [ 1.71804580003222, 47.840072619334997 ], [ 1.71803896887074, 47.840067594022102 ], [ 1.71790672859723, 47.839968305743199 ], [ 1.7178939867808, 47.839958895244699 ], [ 1.71776359662896, 47.839860527135201 ], [ 1.71773496813422, 47.839839061379699 ], [ 1.71761684114046, 47.8397533387989 ], [ 1.71758924950246, 47.839733234518299 ], [ 1.71738504476192, 47.839580051761303 ], [ 1.71724608590186, 47.839648471009703 ], [ 1.71651999162516, 47.840002013787398 ], [ 1.71625949106052, 47.840126079056198 ], [ 1.71606851000604, 47.8402170604652 ], [ 1.71597261389313, 47.840262726636801 ], [ 1.71586735128888, 47.840314230943399 ], [ 1.71550894028396, 47.840489699256203 ], [ 1.71548079874849, 47.840503432853801 ], [ 1.71519866641625, 47.840642740863302 ], [ 1.7150960050345, 47.840691662640801 ], [ 1.71490785304183, 47.840781593029099 ], [ 1.71518114712853, 47.8409582198706 ], [ 1.71550007842074, 47.841160729172003 ], [ 1.71566218026481, 47.841263587551502 ], [ 1.71581502386998, 47.841362293795399 ], [ 1.71598392982523, 47.841471346998098 ], [ 1.71603566771612, 47.841504767669697 ], [ 1.71612099533313, 47.841559078680604 ], [ 1.71622515724894, 47.841625207289198 ], [ 1.71628138581694, 47.841660927291997 ], [ 1.71645234433285, 47.8417681120034 ], [ 1.71659524715967, 47.841857797227902 ], [ 1.71660604718455, 47.8418645762697 ], [ 1.71669124229331, 47.841918885391699 ], [ 1.71672680052803, 47.841941327308497 ], [ 1.71674154764225, 47.841950759861497 ], [ 1.71682595404923, 47.842004520180701 ], [ 1.7168612494051, 47.842026779155098 ], [ 1.71692130091826, 47.842064790948399 ], [ 1.71706312512086, 47.8421549138275 ], [ 1.71710025946599, 47.842178543015898 ], [ 1.7171244788656, 47.8421943799407 ], [ 1.71726070701379, 47.842283721262099 ], [ 1.71734731519839, 47.842340475646701 ], [ 1.71736876894042, 47.842354572052002 ], [ 1.71748138461443, 47.842425112486801 ], [ 1.71755474879351, 47.842471100518601 ], [ 1.71778523272631, 47.842616198828701 ], [ 1.71785464158519, 47.842659893131597 ], [ 1.71793287625325, 47.842709084561299 ], [ 1.7180253326335, 47.842767342528802 ], [ 1.71806194834325, 47.842790335645397 ], [ 1.71829023858272, 47.8429322585256 ], [ 1.71858954766608, 47.843123293060302 ], [ 1.71865354238699, 47.8431642273652 ], [ 1.7187152070362, 47.843201985776098 ], [ 1.71882615362718, 47.843269806267401 ], [ 1.71884853950264, 47.843284092591297 ], [ 1.71909967876086, 47.843443455586197 ], [ 1.71947742770658, 47.843681070184203 ], [ 1.71965523745851, 47.843793005355998 ], [ 1.71984477585908, 47.843912089150798 ], [ 1.71995625356711, 47.843980184344602 ], [ 1.72014796893132, 47.844097761187001 ], [ 1.72049990669293, 47.8443137579414 ], [ 1.72087559857783, 47.844548464975801 ], [ 1.72135304545174, 47.844844407675801 ], [ 1.72144009762809, 47.8447440939022 ], [ 1.7215546849118, 47.844616356703597 ], [ 1.72159892315225, 47.844567152629203 ], [ 1.7216247342333, 47.844533589690599 ], [ 1.72167002811939, 47.844468285061197 ], [ 1.72168746850912, 47.844443632009998 ], [ 1.72171750181238, 47.844401293954299 ], [ 1.72176934819772, 47.844330389982098 ], [ 1.72180270475226, 47.844277736813901 ], [ 1.72181384067419, 47.844253915149501 ], [ 1.72183314135497, 47.844207499596898 ], [ 1.72186580273331, 47.8441392668649 ], [ 1.72188285369529, 47.844102998071001 ], [ 1.72189072775538, 47.844075810430802 ], [ 1.72189810919562, 47.8440357457944 ], [ 1.7219115545228, 47.843982605574602 ], [ 1.72193254806603, 47.843904704463398 ], [ 1.72194104548086, 47.8438738331431 ], [ 1.72197475133999, 47.843739903437502 ], [ 1.7220084656839, 47.843605613760502 ], [ 1.72201617347856, 47.8435797744648 ], [ 1.72202924257425, 47.843536711397498 ], [ 1.72204511990085, 47.8434547039884 ], [ 1.7220644137753, 47.843380744816102 ], [ 1.72207269238948, 47.8433089159019 ] ] ], [ [ [ 1.73273726373194, 47.848335276381299 ], [ 1.73138500283102, 47.847498678324101 ], [ 1.73123636308527, 47.847406789528399 ], [ 1.7311849949238, 47.847362848551697 ], [ 1.73055843306499, 47.847042200552202 ], [ 1.73029476007179, 47.846907210316999 ], [ 1.72994852903766, 47.846729830435898 ], [ 1.72987930812395, 47.846694426614597 ], [ 1.72968115580391, 47.846682649529299 ], [ 1.72927738314735, 47.846462519190197 ], [ 1.72898703976985, 47.8463079745746 ], [ 1.72883196744307, 47.8462225836942 ], [ 1.72875596780195, 47.846207898291198 ], [ 1.72860860415991, 47.846174797116603 ], [ 1.72832881525879, 47.846115777037397 ], [ 1.72813372908278, 47.846026260910101 ], [ 1.72789038819215, 47.845874653454501 ], [ 1.72756705847007, 47.845674021739697 ], [ 1.72705154235582, 47.845352398619703 ], [ 1.72709342829664, 47.845317478796602 ], [ 1.72694282717577, 47.8452354642451 ], [ 1.72683917830379, 47.8453201198855 ], [ 1.72632623994644, 47.845030745433903 ], [ 1.72652495240392, 47.844868182572398 ], [ 1.72654267743407, 47.8448538832126 ], [ 1.72666115093829, 47.844758767433198 ], [ 1.72679398761962, 47.844650125742 ], [ 1.72696691963532, 47.844508704945298 ], [ 1.72692501658284, 47.844488537656297 ], [ 1.7268484959216, 47.8444566531631 ], [ 1.72681900321908, 47.844443101359701 ], [ 1.72679242120604, 47.844430841303399 ], [ 1.72675792219545, 47.8444197554536 ], [ 1.72665549681997, 47.844392000164198 ], [ 1.72663451198492, 47.844386101626803 ], [ 1.72652148976583, 47.844354180662101 ], [ 1.72635468947801, 47.844306643725403 ], [ 1.72626852758899, 47.844275374237199 ], [ 1.72620148339812, 47.844249803003301 ], [ 1.7260825887671, 47.844206296383902 ], [ 1.72600674380641, 47.844179729331998 ], [ 1.72599151791362, 47.844173443175499 ], [ 1.7259394842819, 47.844151995334101 ], [ 1.72591970700467, 47.844145929760899 ], [ 1.72587264533302, 47.844117875062899 ], [ 1.72577101696933, 47.844062494172498 ], [ 1.72569802716226, 47.844022816282902 ], [ 1.72561344028771, 47.843976081465698 ], [ 1.72559356405836, 47.843962993878101 ], [ 1.72547077537845, 47.843881189495796 ], [ 1.72536280516977, 47.843811517528799 ], [ 1.72524818624108, 47.843734752309203 ], [ 1.72513878722572, 47.843663354378698 ], [ 1.72505656898422, 47.8436071036827 ], [ 1.72500614283647, 47.843574421465902 ], [ 1.72499028772581, 47.843566508129697 ], [ 1.72496291532893, 47.8435537889941 ], [ 1.72484238932399, 47.8435003620882 ], [ 1.7246472322505, 47.843414439541498 ], [ 1.7245425856121, 47.84336793584 ], [ 1.72444785206471, 47.843331801150299 ], [ 1.7243487463376, 47.843293998622997 ], [ 1.72414539769884, 47.843215187028001 ], [ 1.72409753308685, 47.843198374271502 ], [ 1.72403878517574, 47.843178202683703 ], [ 1.72384312257779, 47.843119006639597 ], [ 1.72377747145687, 47.843096779553797 ], [ 1.72373216598273, 47.843084765095803 ], [ 1.72366390358247, 47.843071060612203 ], [ 1.72361786064879, 47.843061918448697 ], [ 1.72357102866744, 47.843052227611103 ], [ 1.72329610969499, 47.843008460109097 ], [ 1.72311132817798, 47.842975034521999 ], [ 1.72297420014555, 47.842950498580599 ], [ 1.72280804612122, 47.842926456496699 ], [ 1.72267104297091, 47.842907862311201 ], [ 1.72262663210789, 47.842903148089 ], [ 1.7223863964774, 47.8428794686807 ], [ 1.72221668096286, 47.8428589874134 ], [ 1.7221764892439, 47.842856749295301 ], [ 1.72215900383965, 47.842861059359002 ], [ 1.72214240004498, 47.842867629311598 ], [ 1.72212616650995, 47.842881044165097 ], [ 1.72211350530875, 47.842896028134 ], [ 1.72210502901278, 47.842909347482099 ], [ 1.72210074195296, 47.842920822234603 ], [ 1.7220988864708, 47.8429368240527 ], [ 1.72209998597155, 47.842963389405099 ], [ 1.7221043618899, 47.842998271507703 ], [ 1.72211083143602, 47.843057299483299 ], [ 1.72212605210799, 47.843169439532303 ], [ 1.72212971799209, 47.843239418345902 ], [ 1.72213007095137, 47.8432469831505 ], [ 1.72213337629401, 47.843270782177399 ], [ 1.72213349173713, 47.843282664941903 ], [ 1.72212751575194, 47.843303212444297 ], [ 1.72212736909911, 47.843303750914899 ], [ 1.72212356431645, 47.843322971901998 ], [ 1.72211636703969, 47.843355387603097 ], [ 1.72210962053127, 47.843385737952097 ], [ 1.7221007326283, 47.843421735687002 ], [ 1.72209539685183, 47.843443460310198 ], [ 1.72207813837777, 47.843516181502501 ], [ 1.72205997613141, 47.843593123378 ], [ 1.72204753120033, 47.843649154889199 ], [ 1.72203748464734, 47.843694411163597 ], [ 1.72200626515362, 47.843825037559903 ], [ 1.72197914755075, 47.843940766747203 ], [ 1.72195566691218, 47.844033132595001 ], [ 1.72194169509407, 47.844091487740499 ], [ 1.72193660874194, 47.844119515863603 ], [ 1.72192574674319, 47.844143070491398 ], [ 1.72188689167741, 47.8442297780865 ], [ 1.72186741024324, 47.844272591222399 ], [ 1.72185670182251, 47.844289756709102 ], [ 1.72178479106393, 47.844388795635197 ], [ 1.72175519563635, 47.844429608286802 ], [ 1.72173154296675, 47.844462384676298 ], [ 1.72167421419022, 47.844549970987501 ], [ 1.7216083088645, 47.8446327831969 ], [ 1.72150082977533, 47.8447651885078 ], [ 1.72140143997737, 47.844872568735603 ], [ 1.72157936269751, 47.844969020107101 ], [ 1.72167582482277, 47.8450222780613 ], [ 1.72172583894928, 47.8450498265533 ], [ 1.72174868365152, 47.8450617769983 ], [ 1.72185815121786, 47.845119137031404 ], [ 1.72200667240815, 47.845198345191498 ], [ 1.7221182810685, 47.8452612189908 ], [ 1.72216202409776, 47.845282668205598 ], [ 1.72236910811107, 47.8453842966384 ], [ 1.72242885976305, 47.845412851000802 ], [ 1.72256712920365, 47.845479165148902 ], [ 1.72257162233697, 47.845481374355899 ], [ 1.72270389000804, 47.845541502202003 ], [ 1.72277756358522, 47.8455749785888 ], [ 1.7228476647091, 47.845606885835799 ], [ 1.72286803488935, 47.8456161087704 ], [ 1.7230091623753, 47.845680383238999 ], [ 1.72320200719142, 47.845768173401602 ], [ 1.72323124964353, 47.845781003291798 ], [ 1.72338301177402, 47.845847913373703 ], [ 1.72348886106628, 47.845894611111802 ], [ 1.7235180971736, 47.845907710892703 ], [ 1.72364417698988, 47.845963899813803 ], [ 1.72375438196933, 47.846012984994999 ], [ 1.7237969793447, 47.846032080818603 ], [ 1.72402190492423, 47.846131560058403 ], [ 1.724135687543, 47.846182033957497 ], [ 1.72424894429938, 47.8462321419779 ], [ 1.72439989828153, 47.846299401953303 ], [ 1.7246360593628, 47.846404402838502 ], [ 1.72480990134717, 47.8464819023811 ], [ 1.72481006489433, 47.846491805390798 ], [ 1.7248977816984, 47.846530833746598 ], [ 1.72507004621434, 47.846607235606101 ], [ 1.72520158002181, 47.846664742234097 ], [ 1.72523929268436, 47.846681264112298 ], [ 1.72537889722755, 47.846742368685199 ], [ 1.72542587271445, 47.846762951652302 ], [ 1.72569239629161, 47.846878901589001 ], [ 1.72586740351313, 47.846958122380698 ], [ 1.72589405776485, 47.846967413033902 ], [ 1.72599735655292, 47.847003549420499 ], [ 1.72605758424705, 47.847023555978303 ], [ 1.72607136644367, 47.847017584910901 ], [ 1.72629944857222, 47.847086130087099 ], [ 1.7263003476837, 47.847087670040104 ], [ 1.72637916381835, 47.847113188939197 ], [ 1.72651609932403, 47.847157431053901 ], [ 1.72671623656778, 47.847220361336902 ], [ 1.72684099026634, 47.847259610222402 ], [ 1.72722087790948, 47.847376967064797 ], [ 1.72761833808093, 47.847503244351302 ], [ 1.72797411652075, 47.847616826734303 ], [ 1.72827648086278, 47.847716237232 ], [ 1.72835889972034, 47.847742153876602 ], [ 1.72842924172504, 47.847764249085898 ], [ 1.72849212979865, 47.847784913283697 ], [ 1.72856801558947, 47.847810038869099 ], [ 1.72860728889088, 47.8478228860968 ], [ 1.72883326296337, 47.847901574639799 ], [ 1.72914489644928, 47.848016115143203 ], [ 1.72942233940094, 47.848112192223503 ], [ 1.72973694407811, 47.848220012471501 ], [ 1.73012562632494, 47.848355997204997 ], [ 1.73022336535941, 47.848389999336099 ], [ 1.7303716323138, 47.848441560392899 ], [ 1.730720152757, 47.848562796636202 ], [ 1.73104484169218, 47.848679723509797 ], [ 1.73129004424587, 47.8487654560533 ], [ 1.73139255667117, 47.848801219023997 ], [ 1.73172182394864, 47.848916933338799 ], [ 1.73207589459114, 47.8490411958254 ], [ 1.73240420567497, 47.848692531457601 ], [ 1.73273726373194, 47.848335276381299 ] ] ] ] } },
{ "type": "Feature", "properties": { "Name": null, "id": "" }, "geometry": { "type": "MultiPolygon", "coordinates": [ [ [ [ 1.78676086690934, 47.814442243110399 ], [ 1.78685205451559, 47.814287736579601 ], [ 1.78593851942034, 47.814060449988901 ], [ 1.78586011561654, 47.814220921029502 ], [ 1.78576315036636, 47.814419409734498 ], [ 1.78567954375071, 47.8145905651416 ], [ 1.78563078779213, 47.8146903421556 ], [ 1.7855818906507, 47.814790441725101 ], [ 1.7864419808885, 47.815000255392697 ], [ 1.78649833434612, 47.814902455971101 ], [ 1.78650139885682, 47.814896996980004 ], [ 1.78655316663965, 47.814806891065601 ], [ 1.78665044733067, 47.8146372358012 ], [ 1.78668650992455, 47.814573610730498 ], [ 1.78676086690934, 47.814442243110399 ] ] ], [ [ [ 1.78778848580133, 47.816600553213597 ], [ 1.78885242930901, 47.81595878628 ], [ 1.78843593320178, 47.815757176776401 ], [ 1.78838479609292, 47.815731715005299 ], [ 1.78824522078416, 47.815663933676099 ], [ 1.78810819866739, 47.815595548488602 ], [ 1.78808227882121, 47.815583578998996 ], [ 1.78801788417102, 47.815553479412699 ], [ 1.78795631168731, 47.815522688876797 ], [ 1.78791086257876, 47.815499806029997 ], [ 1.78790980400149, 47.815499345025799 ], [ 1.7877896563503, 47.8154411252304 ], [ 1.7877591200026, 47.8154264975879 ], [ 1.78768999804469, 47.815392748460297 ], [ 1.7876671266604, 47.815381890543001 ], [ 1.78754365176019, 47.815323096004597 ], [ 1.78714026505366, 47.815127198041502 ], [ 1.78709889675698, 47.815107057441999 ], [ 1.78708726488567, 47.815101446370697 ], [ 1.78707219628211, 47.815094179526497 ], [ 1.78702051989433, 47.815068981592297 ], [ 1.78692696971452, 47.815022377577002 ], [ 1.78690767718293, 47.815012816706101 ], [ 1.78659519721053, 47.814862413332499 ], [ 1.78659449840033, 47.814863756274796 ], [ 1.78595410284871, 47.815988662762301 ], [ 1.78595284904322, 47.815990900069202 ], [ 1.78594867037562, 47.815998327761697 ], [ 1.78596880375588, 47.816006187269501 ], [ 1.78606545847718, 47.8160456232293 ], [ 1.78612692347659, 47.816069392730199 ], [ 1.78614441971951, 47.816075694700302 ], [ 1.78615171050662, 47.8160782905235 ], [ 1.78619459199322, 47.816096556865297 ], [ 1.7862194921138, 47.816106355931701 ], [ 1.78662639474, 47.816265478536003 ], [ 1.78659010420768, 47.816303897915503 ], [ 1.78613694406214, 47.817111651394903 ], [ 1.78668389586804, 47.817253771360399 ], [ 1.78693075623079, 47.817299441716898 ], [ 1.78706888957648, 47.817319233419802 ], [ 1.78703688842763, 47.817292618915197 ], [ 1.7868846244028, 47.817165837166797 ], [ 1.78685024226753, 47.817108864054298 ], [ 1.78679628676119, 47.817019464201103 ], [ 1.78680374161142, 47.817003159238901 ], [ 1.78688849481509, 47.816820412632097 ], [ 1.78690016310483, 47.816795150102799 ], [ 1.78690708792446, 47.816790361136 ], [ 1.78702480966733, 47.816708948635402 ], [ 1.78704599103374, 47.816694315887098 ], [ 1.78719309190468, 47.8166255388008 ], [ 1.78740797071559, 47.8166260515194 ], [ 1.78747626228676, 47.816625947814401 ], [ 1.78748561887045, 47.8166258645714 ], [ 1.78754121163447, 47.816625899512601 ], [ 1.78755922213907, 47.816633106701097 ], [ 1.78756862616224, 47.816636804430303 ], [ 1.78773233243617, 47.8167013256068 ], [ 1.78778848580133, 47.816600553213597 ] ] ], [ [ [ 1.7944124711696, 47.817628926562598 ], [ 1.7963504116699, 47.817722650079602 ], [ 1.79605389316516, 47.817591428888299 ], [ 1.79549961330302, 47.817276005626397 ], [ 1.79526034211131, 47.8170838027089 ], [ 1.79460032519114, 47.816286626831001 ], [ 1.79458231996405, 47.816267359241998 ], [ 1.79439418886626, 47.816065598938799 ], [ 1.79427111529236, 47.8159415573624 ], [ 1.79412383831378, 47.815824107541502 ], [ 1.79370225877144, 47.8155453247171 ], [ 1.79344952591716, 47.815416977472701 ], [ 1.79301830765928, 47.815156905268701 ], [ 1.79264649071098, 47.814982324194403 ], [ 1.79210244756885, 47.814736028278602 ], [ 1.7912526572074, 47.814231034196702 ], [ 1.79084666904731, 47.814466728146797 ], [ 1.7905857127724, 47.8146535106073 ], [ 1.79024566132888, 47.814898253844902 ], [ 1.78958968471951, 47.815548567262198 ], [ 1.78912363706942, 47.815868156002601 ], [ 1.78851244772258, 47.8162349392557 ], [ 1.78793427600837, 47.816653727397501 ], [ 1.78785813037422, 47.816781476637701 ], [ 1.78781545103609, 47.817018125883202 ], [ 1.78771730910049, 47.817202084825901 ], [ 1.78755901287022, 47.817316382642701 ], [ 1.78806757409842, 47.817313720437298 ], [ 1.79356255798377, 47.817591739173501 ], [ 1.7944124711696, 47.817628926562598 ] ] ], [ [ [ 1.78997150845611, 47.819020915254399 ], [ 1.79110011715262, 47.817528449325103 ], [ 1.78806259702213, 47.817379647469302 ], [ 1.78803161740226, 47.817402010101901 ], [ 1.78951211800949, 47.818651095062499 ], [ 1.78997150845611, 47.819020915254399 ] ] ], [ [ [ 1.7887059261382, 47.819445580091099 ], [ 1.79053646673816, 47.819586625409499 ], [ 1.79013789129162, 47.819247850158199 ], [ 1.78982808103282, 47.818984519288797 ], [ 1.7897227990841, 47.818895131161398 ], [ 1.7896083448692, 47.818797727218502 ], [ 1.78941522336676, 47.818633622404398 ], [ 1.78922131572926, 47.818468879044502 ], [ 1.78841082740272, 47.817780108077699 ], [ 1.78791989231746, 47.817372771344701 ], [ 1.78762959745541, 47.817368149228997 ], [ 1.78718987496157, 47.817370171583597 ], [ 1.78714149423829, 47.817370301113598 ], [ 1.78706160130509, 47.817398548235602 ], [ 1.78685451580088, 47.817741689797998 ], [ 1.78646585358526, 47.8183873705268 ], [ 1.78636909349354, 47.8185455992733 ], [ 1.78630493110583, 47.818651598685598 ], [ 1.78633122687183, 47.8186998470782 ], [ 1.7866660119624, 47.818804935627298 ], [ 1.78696777106554, 47.818899060110802 ], [ 1.78786705244179, 47.819180916750398 ], [ 1.7887059261382, 47.819445580091099 ] ] ], [ [ [ 1.80247052154825, 47.821822241779699 ], [ 1.80317221427954, 47.8208116515843 ], [ 1.80222584091893, 47.820408547591597 ], [ 1.80153024070482, 47.820691634623998 ], [ 1.80091812801295, 47.820940737180401 ], [ 1.80043887446461, 47.821135749187199 ], [ 1.80178855484146, 47.822810346280498 ], [ 1.80208449778258, 47.822381677459497 ], [ 1.80247052154825, 47.821822241779699 ] ] ], [ [ [ 1.80025767744285, 47.821199513163897 ], [ 1.80026080208234, 47.821155799712599 ], [ 1.8002136183959, 47.821126423257802 ], [ 1.79999615140545, 47.820991070961199 ], [ 1.79984326459605, 47.820895984303498 ], [ 1.79981212683055, 47.820878113352798 ], [ 1.79975515138732, 47.820844405934103 ], [ 1.79972320181913, 47.820826976703501 ], [ 1.79893044567668, 47.820369251526301 ], [ 1.7989112704687, 47.820360233971698 ], [ 1.79822112736637, 47.820034431377401 ], [ 1.79795058992541, 47.8198823290234 ], [ 1.79753123642349, 47.819579640973899 ], [ 1.79738148309998, 47.819559112442299 ], [ 1.79724142230662, 47.8195945801805 ], [ 1.79723631442217, 47.8195958779447 ], [ 1.79721928430899, 47.819598403558302 ], [ 1.79695498941892, 47.819637276853101 ], [ 1.79684208273053, 47.819653940376 ], [ 1.79640924077863, 47.819687752095298 ], [ 1.79605112887659, 47.819726470229298 ], [ 1.79570064753055, 47.819800010030598 ], [ 1.79568896391918, 47.819802500335001 ], [ 1.79565372851161, 47.819812219628197 ], [ 1.79552852775664, 47.819846487822701 ], [ 1.79552074905478, 47.819877191773102 ], [ 1.79715437364536, 47.820967349023697 ], [ 1.79741531542124, 47.821142037483298 ], [ 1.79796240672569, 47.821612195997901 ], [ 1.79798783666479, 47.821634239438197 ], [ 1.79803210918449, 47.821674118249497 ], [ 1.79817906727062, 47.821806771130198 ], [ 1.79835602324181, 47.821966374585898 ], [ 1.79845373583135, 47.822054506869101 ], [ 1.79987837921157, 47.821412737890498 ], [ 1.80025767744285, 47.821199513163897 ] ] ], [ [ [ 1.79835817594016, 47.822101773429999 ], [ 1.79837378586696, 47.822055667692098 ], [ 1.79801541053873, 47.821732904367899 ], [ 1.79799903961455, 47.821718064699198 ], [ 1.79784448218162, 47.821584613565001 ], [ 1.79736653300986, 47.821171600815902 ], [ 1.79710807910143, 47.820999188058202 ], [ 1.79707700733737, 47.820978436691099 ], [ 1.79702552610708, 47.820944154227597 ], [ 1.79701367964292, 47.820936111678598 ], [ 1.79699840594092, 47.820925963701299 ], [ 1.79695482583433, 47.820896892922399 ], [ 1.79613708418445, 47.820351311263799 ], [ 1.79545272798656, 47.819894675170502 ], [ 1.79538634658445, 47.819886972207897 ], [ 1.79535193314317, 47.819895799743897 ], [ 1.79510068737683, 47.819983859139498 ], [ 1.79502988468172, 47.820012025051199 ], [ 1.79496315874014, 47.8200431131879 ], [ 1.79482518920907, 47.820110013505499 ], [ 1.79461773805408, 47.8202175144705 ], [ 1.79442299492844, 47.820318574929097 ], [ 1.79435716579442, 47.820357232895702 ], [ 1.79431171162055, 47.820381428529799 ], [ 1.79419644297704, 47.820449101645103 ], [ 1.79413413040592, 47.820485905418799 ], [ 1.79406504711287, 47.8205266000097 ], [ 1.79379847085497, 47.820701089813603 ], [ 1.79374429612361, 47.820738517176999 ], [ 1.79364671861755, 47.820803941475802 ], [ 1.79353165510311, 47.820880167123498 ], [ 1.7934933909647, 47.8209055165701 ], [ 1.79348306858781, 47.820912791264597 ], [ 1.79345088050306, 47.820935412878498 ], [ 1.7936737549513, 47.821067322694702 ], [ 1.79383345690727, 47.821167888290603 ], [ 1.79379179100495, 47.821195903170498 ], [ 1.79372664567853, 47.821239698457902 ], [ 1.79378692127692, 47.821286854468099 ], [ 1.79395368618701, 47.821417826344202 ], [ 1.79383247451993, 47.821476346813299 ], [ 1.79382328431073, 47.821480842835001 ], [ 1.79377815128756, 47.821502611259 ], [ 1.79376747492645, 47.821507812075701 ], [ 1.79359329196109, 47.821591890535302 ], [ 1.79364412463954, 47.821642909930198 ], [ 1.79358287016595, 47.821674233605002 ], [ 1.79354865808231, 47.821691793781703 ], [ 1.79348523903544, 47.821724265277098 ], [ 1.79345440822143, 47.821740059998902 ], [ 1.7932735753866, 47.821834420842102 ], [ 1.79320694503291, 47.821867039155897 ], [ 1.79294947222529, 47.821999225400603 ], [ 1.79269091691204, 47.822131940002897 ], [ 1.79243130155714, 47.822264193063198 ], [ 1.79236503013737, 47.822298614823403 ], [ 1.7922961891689, 47.822334360245399 ], [ 1.79260448658628, 47.8225774156518 ], [ 1.79263731382332, 47.822603226900597 ], [ 1.79274442886864, 47.822688940509998 ], [ 1.79290803732837, 47.822829512445097 ], [ 1.79292587089445, 47.822844637918998 ], [ 1.7930922162986, 47.823011881068403 ], [ 1.79310540993533, 47.8230253385453 ], [ 1.79314119751122, 47.823062071469998 ], [ 1.79326326087047, 47.823184122938301 ], [ 1.79370897751107, 47.822955310809498 ], [ 1.79407912805732, 47.822763974502202 ], [ 1.79413416747889, 47.822735647033298 ], [ 1.7941773072713, 47.822713407921597 ], [ 1.79421909448001, 47.822691874972598 ], [ 1.79435392167211, 47.8226224227625 ], [ 1.79455596034715, 47.8225182870856 ], [ 1.79460387039519, 47.822501389524 ], [ 1.79470812429764, 47.8226214741739 ], [ 1.79477605973685, 47.8227022825332 ], [ 1.79511045410871, 47.823091867573602 ], [ 1.79512061164313, 47.823103673414302 ], [ 1.79519179631847, 47.823117816625199 ], [ 1.79551164759374, 47.822993197280297 ], [ 1.79604228540776, 47.822785231282303 ], [ 1.79614612214717, 47.822744442376298 ], [ 1.79703449949599, 47.822491178720902 ], [ 1.79706718946853, 47.822481792939001 ], [ 1.79710284150202, 47.822471447417101 ], [ 1.79717400987004, 47.822450844959803 ], [ 1.7972122128879, 47.822439985510201 ], [ 1.79763084770182, 47.822320244322597 ], [ 1.79796543851482, 47.822223042879699 ], [ 1.79835817594016, 47.822101773429999 ] ] ], [ [ [ 1.80169618148906, 47.823012827146101 ], [ 1.80170406659365, 47.822977263364102 ], [ 1.80117289374482, 47.822255434907298 ], [ 1.8010616710144, 47.822114240259303 ], [ 1.80083174693827, 47.821825743353301 ], [ 1.80071947734875, 47.821683637508002 ], [ 1.80053490685101, 47.821458431635897 ], [ 1.80036545362282, 47.821256332966001 ], [ 1.80029830261133, 47.821247094750198 ], [ 1.7999327653831, 47.821454609742098 ], [ 1.79857726942326, 47.822064593973799 ], [ 1.79857817694376, 47.822101327823297 ], [ 1.79885182798327, 47.822199003562403 ], [ 1.79886561684875, 47.822203915424801 ], [ 1.79924674383114, 47.822342206182498 ], [ 1.79951250129872, 47.822416666637601 ], [ 1.80005132097546, 47.822567730728899 ], [ 1.8002132215607, 47.82261304307 ], [ 1.80112060605129, 47.8228673356206 ], [ 1.80164907871564, 47.8230271975224 ], [ 1.80169618148906, 47.823012827146101 ] ] ], [ [ [ 1.79367639180074, 47.823696487553597 ], [ 1.79368833510081, 47.823653135054101 ], [ 1.79365246192197, 47.823626032629797 ], [ 1.7935155466553, 47.823522281070701 ], [ 1.79320700009894, 47.8232308897216 ], [ 1.79316421201466, 47.8231904843135 ], [ 1.79312112729205, 47.823145485263801 ], [ 1.79297189497965, 47.822989759772803 ], [ 1.7928618175417, 47.822881423080901 ], [ 1.7928146122827, 47.822841332095301 ], [ 1.79278118003442, 47.822812724324599 ], [ 1.79275744179133, 47.822792767431501 ], [ 1.79269896174214, 47.8227430191059 ], [ 1.7926942412376, 47.822739010001399 ], [ 1.7926631264599, 47.822714296541498 ], [ 1.79261966985683, 47.822679824770297 ], [ 1.79223997954463, 47.822378876832801 ], [ 1.79201631168651, 47.822181788084997 ], [ 1.79201382399683, 47.822179512170997 ], [ 1.79197154966005, 47.822140101702502 ], [ 1.79174302839867, 47.821927300413101 ], [ 1.79171122119231, 47.821897808945501 ], [ 1.79170035769219, 47.821887705729402 ], [ 1.791696560411, 47.821884246163997 ], [ 1.79167902338521, 47.821867863386203 ], [ 1.79162483551709, 47.8218175286367 ], [ 1.79157318797053, 47.821814205936299 ], [ 1.79155410280655, 47.821813019088403 ], [ 1.79152848048942, 47.821811314796399 ], [ 1.79148083541874, 47.821808303346401 ], [ 1.79145427776639, 47.821806589396303 ], [ 1.79126557553519, 47.821841278581999 ], [ 1.79121565407887, 47.821850215056003 ], [ 1.79107958433262, 47.821874285206903 ], [ 1.79105972466926, 47.821877770879397 ], [ 1.79104979585957, 47.821879468719402 ], [ 1.79099832817794, 47.821885868840397 ], [ 1.79090504821677, 47.8218972384024 ], [ 1.79054532070488, 47.8219415039027 ], [ 1.79039972745237, 47.821955303743998 ], [ 1.79031601412667, 47.821963261102901 ], [ 1.79008175112087, 47.8219855067724 ], [ 1.78989960451367, 47.821990467685403 ], [ 1.78952100152172, 47.822000780982897 ], [ 1.78931906259629, 47.822006256727001 ], [ 1.78917135337469, 47.821989699382101 ], [ 1.78899127287694, 47.821968486929102 ], [ 1.78886005166133, 47.8219380577358 ], [ 1.78865758328918, 47.821890510194997 ], [ 1.78855846888817, 47.821870493666502 ], [ 1.78851816180028, 47.821885649115401 ], [ 1.78850023450739, 47.821892304721302 ], [ 1.7884925505018, 47.821895195690203 ], [ 1.78841586837843, 47.822163537119998 ], [ 1.78841195100382, 47.822177088345803 ], [ 1.78840526313218, 47.8222007822188 ], [ 1.7884045417165, 47.822203115057697 ], [ 1.78839800591322, 47.822226000399702 ], [ 1.78838000363352, 47.822288732263999 ], [ 1.78837289641568, 47.822313231902001 ], [ 1.78823567495881, 47.822780682561401 ], [ 1.78822711859314, 47.822810117827899 ], [ 1.78817740796685, 47.822979815359602 ], [ 1.78810161436417, 47.823238354404197 ], [ 1.7880049536317, 47.823567966570103 ], [ 1.78799829001786, 47.823590580520303 ], [ 1.78797582240379, 47.823667397888102 ], [ 1.78802026140343, 47.8236997212692 ], [ 1.78818580205867, 47.823819617197202 ], [ 1.78821867508637, 47.823843359893701 ], [ 1.78825996069769, 47.823873310292498 ], [ 1.7883097966478, 47.823909289785597 ], [ 1.7885477853019, 47.824081780365901 ], [ 1.78877065654007, 47.824243222896598 ], [ 1.78878670268289, 47.824254640069498 ], [ 1.78886217420041, 47.824309426455599 ], [ 1.78886914160429, 47.824314539057603 ], [ 1.78906401138925, 47.824455529219698 ], [ 1.78911160956491, 47.824490045056798 ], [ 1.7891686752361, 47.824531409488799 ], [ 1.7893806374403, 47.824684907143101 ], [ 1.78956222456271, 47.824816488115601 ], [ 1.78959969999065, 47.824843608327299 ], [ 1.78966610035523, 47.824891819707197 ], [ 1.78969384720721, 47.824911818585399 ], [ 1.78970318319934, 47.824918575786199 ], [ 1.78970686332641, 47.824921314110597 ], [ 1.78976432671056, 47.824962862360699 ], [ 1.78981140357204, 47.824996832446097 ], [ 1.78996498463526, 47.825108141194697 ], [ 1.78998405150092, 47.825121929658202 ], [ 1.79030226651406, 47.825352311443901 ], [ 1.79037602350291, 47.825353342458797 ], [ 1.79180397344653, 47.824409627627603 ], [ 1.79181089063709, 47.824405198352402 ], [ 1.79186283838741, 47.824371889473497 ], [ 1.79189077640086, 47.824354085119801 ], [ 1.79207251585779, 47.824237953074899 ], [ 1.79367639180074, 47.823696487553597 ] ] ], [ [ [ 1.79024109410356, 47.825426749545002 ], [ 1.79024707028704, 47.825381445602503 ], [ 1.79010316750088, 47.825279418265602 ], [ 1.78963021158994, 47.824935914725799 ], [ 1.78915949246198, 47.824594232471597 ], [ 1.78903261039098, 47.824502100722398 ], [ 1.78865038585516, 47.824224698163697 ], [ 1.78863277109132, 47.824211734573602 ], [ 1.78848248273749, 47.824102798284102 ], [ 1.78822977837224, 47.8239191741052 ], [ 1.78791624957009, 47.823689194816303 ], [ 1.78784815415235, 47.823639254641101 ], [ 1.78763670403079, 47.823575050506399 ], [ 1.78695365346845, 47.823367170041699 ], [ 1.78691064678403, 47.823354123476598 ], [ 1.78662712594605, 47.8232679290779 ], [ 1.78650859696987, 47.823231777917997 ], [ 1.78631666330358, 47.823173444070498 ], [ 1.78604588797222, 47.823091070644502 ], [ 1.78590426349072, 47.823047928868 ], [ 1.78577086631739, 47.8230073924435 ], [ 1.78570595835703, 47.822987727793098 ], [ 1.78561463831939, 47.822959958541702 ], [ 1.78535700539962, 47.822881590110903 ], [ 1.78528251187094, 47.822901250877898 ], [ 1.78525046092335, 47.822946914586701 ], [ 1.78519781551315, 47.823022338667997 ], [ 1.78512237992559, 47.823130020656698 ], [ 1.785038515422, 47.823249766773401 ], [ 1.78495022652593, 47.823375947787497 ], [ 1.78483278830461, 47.823543591858602 ], [ 1.78471686651812, 47.823709181262402 ], [ 1.78459113575078, 47.8238887106194 ], [ 1.78456073854118, 47.823932140987303 ], [ 1.78446126165361, 47.824074047608697 ], [ 1.7844391533207, 47.824105682389302 ], [ 1.78442934086231, 47.824119802437501 ], [ 1.78444685938389, 47.824172010595198 ], [ 1.78475532566878, 47.824330567809398 ], [ 1.78480882933535, 47.824358035746897 ], [ 1.78482058839093, 47.824364008359197 ], [ 1.78493155329537, 47.824421235443801 ], [ 1.78505758325548, 47.824485999457302 ], [ 1.78529841532642, 47.824609740025998 ], [ 1.78546803950289, 47.824697007988703 ], [ 1.78557147948105, 47.824750195996202 ], [ 1.7858297472903, 47.824883117153902 ], [ 1.78587017498926, 47.824903788341203 ], [ 1.7864620224581, 47.825208122928302 ], [ 1.78673218783384, 47.825347015889299 ], [ 1.78707739377727, 47.825524489229601 ], [ 1.78708188585033, 47.825526785980202 ], [ 1.78736169859682, 47.825670637837398 ], [ 1.78752882135797, 47.825756526656697 ], [ 1.78754956320303, 47.825767182446199 ], [ 1.78755643192595, 47.825770763911301 ], [ 1.78800247304413, 47.8259988732583 ], [ 1.78760462026304, 47.826559039628499 ], [ 1.78763770838071, 47.826579274226397 ], [ 1.78877333233863, 47.826144196224099 ], [ 1.78895657838269, 47.826073990226497 ], [ 1.79022049993639, 47.825438958582602 ], [ 1.79024109410356, 47.825426749545002 ] ] ], [ [ [ 1.81783270419016, 47.830739785389099 ], [ 1.81783155721596, 47.830683157302097 ], [ 1.81782764102982, 47.830492565850498 ], [ 1.81781259083798, 47.830442008299698 ], [ 1.8177770245018, 47.830322205926102 ], [ 1.81776081593733, 47.830293689230103 ], [ 1.8176970189682, 47.830181073042901 ], [ 1.81766807294955, 47.830148287418602 ], [ 1.8173817321707, 47.830383387297601 ], [ 1.81735259226738, 47.830407396203199 ], [ 1.81735164075754, 47.830408106689397 ], [ 1.81695282766062, 47.830735591861902 ], [ 1.81699043936956, 47.830757393804298 ], [ 1.81700429569041, 47.830765454513703 ], [ 1.81702857567048, 47.830779651078402 ], [ 1.81706645072361, 47.830801635672699 ], [ 1.81715038069966, 47.830850457888602 ], [ 1.81721491348578, 47.830887923096199 ], [ 1.81776033421509, 47.831205039371703 ], [ 1.81781256438189, 47.831188644018098 ], [ 1.81782713835564, 47.830863853570399 ], [ 1.81783270419016, 47.830739785389099 ] ] ], [ [ [ 1.81304377988276, 47.837539388201101 ], [ 1.81332912899374, 47.837369276564601 ], [ 1.81327876300971, 47.837331772751199 ], [ 1.813032821183, 47.837144042902501 ], [ 1.81251109886307, 47.836746046894099 ], [ 1.81243559009781, 47.836744922224298 ], [ 1.81243450676109, 47.836745541324703 ], [ 1.81137430407772, 47.8373877338135 ], [ 1.81043510466889, 47.837956525809098 ], [ 1.81042549791501, 47.838009444322402 ], [ 1.81079236993306, 47.838319199492901 ], [ 1.81091808269778, 47.838436857247501 ], [ 1.8111718143659, 47.8386707555279 ], [ 1.81126290169273, 47.838686800543798 ], [ 1.81159668572903, 47.838563359223897 ], [ 1.81175188003448, 47.8385105656996 ], [ 1.81152727945029, 47.838295145929202 ], [ 1.81160143954355, 47.8382550328758 ], [ 1.81186709749584, 47.838158803540097 ], [ 1.81198449215343, 47.838116337945998 ], [ 1.81203099350395, 47.838099437061302 ], [ 1.81193724512462, 47.837987144884302 ], [ 1.8119457401926, 47.837983900571501 ], [ 1.81206356554921, 47.837940089110297 ], [ 1.81228222691487, 47.837954635245701 ], [ 1.81235544729033, 47.838082200988602 ], [ 1.81239424931169, 47.8380807937328 ], [ 1.81241515477403, 47.838078575163699 ], [ 1.81240649998521, 47.838071016683202 ], [ 1.81236711230814, 47.838032813576199 ], [ 1.81235273236336, 47.838000264319199 ], [ 1.81233339901104, 47.837956053593899 ], [ 1.81265061413175, 47.837772044723302 ], [ 1.81286370797867, 47.837646747741303 ], [ 1.81304377988276, 47.837539388201101 ] ] ], [ [ [ 1.810538288718, 47.838835980928998 ], [ 1.81089349447178, 47.8385080759451 ], [ 1.81084544890146, 47.838462493724997 ], [ 1.81073127703768, 47.838354854039402 ], [ 1.81057379412562, 47.838223102309897 ], [ 1.81044639688296, 47.838115058154401 ], [ 1.81037940085376, 47.838056052015197 ], [ 1.81031037247622, 47.8380520213992 ], [ 1.80978931052359, 47.838508756216299 ], [ 1.80943495645713, 47.8388162342806 ], [ 1.80942868097474, 47.838821841208301 ], [ 1.80942786287161, 47.8388225529837 ], [ 1.80869277479885, 47.8394686513655 ], [ 1.80860941489005, 47.839537292334498 ], [ 1.80861633246801, 47.839574626776297 ], [ 1.80866864099656, 47.839585059258397 ], [ 1.8089674155673, 47.839676123741199 ], [ 1.80903273393649, 47.839702619961201 ], [ 1.80934449867527, 47.839822618593303 ], [ 1.80972250320305, 47.839468305689103 ], [ 1.80980093564125, 47.839500245173802 ], [ 1.80980039292204, 47.839500599706199 ], [ 1.8097855715822, 47.839511700545401 ], [ 1.81010027032961, 47.839655939652403 ], [ 1.81030151801636, 47.839726028928197 ], [ 1.81032022472762, 47.8396906647313 ], [ 1.81041447381626, 47.839505750049099 ], [ 1.81051640605043, 47.839306061547099 ], [ 1.81020953181521, 47.839146781209003 ], [ 1.81028629446984, 47.839074111745603 ], [ 1.81040784913241, 47.838959411837301 ], [ 1.810538288718, 47.838835980928998 ] ] ], [ [ [ 1.80905845679973, 47.8408698611074 ], [ 1.80909989499732, 47.8408403985744 ], [ 1.80834487510051, 47.8404299346033 ], [ 1.80813037014513, 47.840313082072903 ], [ 1.80787702828688, 47.840175312075701 ], [ 1.80782807284978, 47.8401506737438 ], [ 1.80715857911641, 47.840733630047097 ], [ 1.80842659185444, 47.8396294954578 ], [ 1.8084105503541, 47.8395876578086 ], [ 1.80821737249553, 47.839545370361897 ], [ 1.80787962727919, 47.839463268859497 ], [ 1.80762420766822, 47.8394004554887 ], [ 1.80749853169098, 47.8393588531262 ], [ 1.80688118993369, 47.839147621171698 ], [ 1.80656723856161, 47.8390122918739 ], [ 1.80624156859952, 47.838827336845 ], [ 1.80619317452303, 47.838785529568803 ], [ 1.80615989270399, 47.838791131440999 ], [ 1.80618966578056, 47.8389774854896 ], [ 1.8062402095533, 47.839120035982397 ], [ 1.80658050136084, 47.839826928320903 ], [ 1.80672097764633, 47.8400370911015 ], [ 1.80690506500318, 47.840317635163103 ], [ 1.80698230759539, 47.840438314327898 ], [ 1.80707668799861, 47.840617494256499 ], [ 1.80711262321081, 47.840726051832398 ], [ 1.8071356950695, 47.840788213401602 ], [ 1.80715876294333, 47.840850554942897 ], [ 1.80722763335349, 47.841016693810602 ], [ 1.80724547987572, 47.8410734016012 ], [ 1.8072799461831, 47.841193825472303 ], [ 1.80728629889174, 47.841214592378698 ], [ 1.8073796149835, 47.841548578314701 ], [ 1.80741625982158, 47.841679195386703 ], [ 1.80746240428735, 47.841791637005201 ], [ 1.80787236296658, 47.841808136155699 ], [ 1.80802772323558, 47.841617363934098 ], [ 1.80803855156795, 47.841605502659299 ], [ 1.80809594312028, 47.8415383984306 ], [ 1.80812726986694, 47.8415067632519 ], [ 1.80837411151456, 47.841254903325598 ], [ 1.80858100599942, 47.841132881515399 ], [ 1.80905845679973, 47.8408698611074 ] ] ], [ [ [ 1.8046535359107, 47.8425202966244 ], [ 1.80489642134687, 47.842284785446402 ], [ 1.80488962958403, 47.842247902153098 ], [ 1.80488666412585, 47.842231130076797 ], [ 1.80393309468028, 47.841660916927999 ], [ 1.8039131737202, 47.841649012462803 ], [ 1.80365027904867, 47.841490343650598 ], [ 1.80331124130394, 47.841287242427498 ], [ 1.80323870788137, 47.841242757408402 ], [ 1.8031330187712, 47.841180382023403 ], [ 1.80261709918052, 47.840870521695599 ], [ 1.80236617527154, 47.8407208830724 ], [ 1.80213272247493, 47.8405791632035 ], [ 1.80204548372674, 47.840528766561803 ], [ 1.80172177811204, 47.840357770717397 ], [ 1.80171120850738, 47.840352172104801 ], [ 1.8016887488656, 47.840340241303899 ], [ 1.80162823749241, 47.840308209463998 ], [ 1.80139437453156, 47.840184845934303 ], [ 1.80118588836288, 47.840074522765903 ], [ 1.80079745744488, 47.839868928788903 ], [ 1.80049673737591, 47.839710585856601 ], [ 1.8000294281057, 47.839463677848201 ], [ 1.79971366387214, 47.839296807939498 ], [ 1.79952410351005, 47.839195316370699 ], [ 1.79945726017657, 47.839159618136797 ], [ 1.79942551215078, 47.839144621461102 ], [ 1.79915242690832, 47.839000239391098 ], [ 1.79899097905383, 47.838914966594601 ], [ 1.79893403713367, 47.838884860075098 ], [ 1.79891223891725, 47.838873295534498 ], [ 1.79883461700982, 47.8388294756259 ], [ 1.79879389415379, 47.838809346274097 ], [ 1.7987291979809, 47.838779250237103 ], [ 1.79869850342077, 47.838764984229897 ], [ 1.79865643386973, 47.838745291085203 ], [ 1.79548051909002, 47.837223942970603 ], [ 1.79541244095944, 47.837231164624001 ], [ 1.79537826562338, 47.837264387463399 ], [ 1.79537539557022, 47.837267148304903 ], [ 1.79519146666435, 47.837442849376401 ], [ 1.79502290527854, 47.837607006703998 ], [ 1.79497082835191, 47.837657327479299 ], [ 1.79491916454681, 47.837707112413803 ], [ 1.79481542342439, 47.8378072180261 ], [ 1.79460945414213, 47.837999613616901 ], [ 1.79441686993326, 47.838179454975801 ], [ 1.79434147655953, 47.838249788105998 ], [ 1.79410382063051, 47.8384715604547 ], [ 1.79405232756023, 47.838531427917701 ], [ 1.79403433602601, 47.838552485355301 ], [ 1.79400310950907, 47.838608870774699 ], [ 1.79394553400661, 47.838760036160501 ], [ 1.79383502550269, 47.839140543546499 ], [ 1.79382863791184, 47.839162800416403 ], [ 1.79373070928029, 47.839495551519299 ], [ 1.79367276102985, 47.839745544207197 ], [ 1.79367609384424, 47.839846120009 ], [ 1.79368075535378, 47.839935278162798 ], [ 1.79374198064794, 47.8403126910057 ], [ 1.7937568402225, 47.840506275933102 ], [ 1.79374928313237, 47.840727353437899 ], [ 1.793709323337, 47.840938736572802 ], [ 1.79366631790157, 47.841060438140197 ], [ 1.79363975638234, 47.841135053452703 ], [ 1.79346211691061, 47.841627742325898 ], [ 1.7933846366657, 47.841889865060601 ], [ 1.79337405343591, 47.841926120302503 ], [ 1.79336282191949, 47.842067500789902 ], [ 1.79335496881087, 47.842166071171199 ], [ 1.79334669903271, 47.842636379304203 ], [ 1.79338821469026, 47.842698193357499 ], [ 1.79341041020554, 47.842709943002802 ], [ 1.79386465923186, 47.842949001758299 ], [ 1.79393361376061, 47.842985984942402 ], [ 1.79395712583136, 47.842998648119703 ], [ 1.79399741433496, 47.843020304793697 ], [ 1.79422845729012, 47.843144013965599 ], [ 1.79424549501893, 47.8431532801469 ], [ 1.79442192570552, 47.843250234516503 ], [ 1.79467137995833, 47.8433816928762 ], [ 1.79483359772955, 47.8434686894321 ], [ 1.79490560363963, 47.843506783495201 ], [ 1.79491698336342, 47.843512030995001 ], [ 1.79523062142123, 47.843484109634701 ], [ 1.79532748840349, 47.8434753835298 ], [ 1.79557019018835, 47.8434683350605 ], [ 1.79567254703992, 47.843465155662997 ], [ 1.79590416657513, 47.8434810352881 ], [ 1.79593324443895, 47.843484124120103 ], [ 1.79608156445921, 47.843500048304598 ], [ 1.79613548340633, 47.843504382183603 ], [ 1.79627068387457, 47.843515130899 ], [ 1.79631264345634, 47.843516191601701 ], [ 1.79645709688016, 47.843519834257201 ], [ 1.79648475531507, 47.843520658134402 ], [ 1.79668252459733, 47.8435257476945 ], [ 1.79705204632129, 47.843527558068097 ], [ 1.79715151049844, 47.843528128133499 ], [ 1.79724536237537, 47.843528550551 ], [ 1.79765112627847, 47.843530010610301 ], [ 1.79815783499518, 47.843531603600802 ], [ 1.79830917924229, 47.843532074223099 ], [ 1.7985124680565, 47.843535507056799 ], [ 1.79870057583619, 47.843548055080603 ], [ 1.79890029714895, 47.843561441814103 ], [ 1.79923300019141, 47.843583210520499 ], [ 1.79925169231816, 47.843584391997801 ], [ 1.79933485186309, 47.843590553927299 ], [ 1.79942674142796, 47.8435890642996 ], [ 1.79964274839514, 47.843585874606198 ], [ 1.79995104386607, 47.843581288569297 ], [ 1.80054864468633, 47.843572279901203 ], [ 1.80084449199106, 47.843568284293099 ], [ 1.80119361262694, 47.843567622778799 ], [ 1.80144914253771, 47.843566813945998 ], [ 1.80218935604312, 47.842907401882897 ], [ 1.80222981394977, 47.842927617266902 ], [ 1.80236400616911, 47.842994964955999 ], [ 1.80337821886504, 47.843502802114898 ], [ 1.80337006860948, 47.843526301567898 ], [ 1.80344803145317, 47.843525746821101 ], [ 1.80353214536547, 47.843525164761402 ], [ 1.8036883363689, 47.8435241477167 ], [ 1.80376934128932, 47.843501301319201 ], [ 1.80381807575514, 47.843444912079299 ], [ 1.80386749266582, 47.843387899708503 ], [ 1.80399447453883, 47.843241038279203 ], [ 1.8042016165714, 47.843001833710296 ], [ 1.80424046448219, 47.842956954772703 ], [ 1.80429408718118, 47.842903135443599 ], [ 1.80440652518176, 47.842790509084999 ], [ 1.80455004293023, 47.842633554461003 ], [ 1.80455785454033, 47.842625083134998 ], [ 1.8046535359107, 47.8425202966244 ] ] ], [ [ [ 1.82341387035761, 47.833201893760098 ], [ 1.82364883252837, 47.832913968342503 ], [ 1.82362669250433, 47.832857309866498 ], [ 1.82338676126271, 47.832735549148801 ], [ 1.82309781946832, 47.832587463111203 ], [ 1.82261191680724, 47.832339287746201 ], [ 1.82233761678144, 47.832200257783597 ], [ 1.82209930717857, 47.832077970551097 ], [ 1.82162822460844, 47.8318370506232 ], [ 1.82125256682292, 47.831645423534702 ], [ 1.82106225855421, 47.831546929289999 ], [ 1.82062025382445, 47.831321329213303 ], [ 1.82054423865714, 47.831283120350399 ], [ 1.8204753605388, 47.831248583641397 ], [ 1.81932666292096, 47.830660236831399 ], [ 1.81909907626782, 47.830543271824801 ], [ 1.81887267940277, 47.830426948415898 ], [ 1.81852734153182, 47.830249299229401 ], [ 1.81819813419598, 47.830079732477699 ], [ 1.81813684800842, 47.8300886558701 ], [ 1.81790902659762, 47.830445410811301 ], [ 1.81792313379209, 47.8304902881884 ], [ 1.81792489812983, 47.830621361084397 ], [ 1.81792667330064, 47.8307399226386 ], [ 1.81791590049034, 47.831026046983901 ], [ 1.81791503495572, 47.831052951353797 ], [ 1.81791386011486, 47.831081742822498 ], [ 1.81791279490678, 47.831111615520101 ], [ 1.81790993541667, 47.8311861152605 ], [ 1.81790969131406, 47.8311970940617 ], [ 1.81789384243179, 47.831386856103599 ], [ 1.81788302834963, 47.831572618415997 ], [ 1.81788285468641, 47.831574416871803 ], [ 1.81787678355989, 47.831679127682598 ], [ 1.81787776702224, 47.831707040796097 ], [ 1.81785452290383, 47.831904739143503 ], [ 1.81782794082058, 47.832054158292699 ], [ 1.81767980559535, 47.832590116197203 ], [ 1.81759185500711, 47.832836127551502 ], [ 1.81762016043945, 47.8328917692766 ], [ 1.8176832543555, 47.8329219288145 ], [ 1.81776473739883, 47.8329607346814 ], [ 1.81832439244313, 47.833227945525898 ], [ 1.81900601705261, 47.833553178493901 ], [ 1.81919278635663, 47.833642639271602 ], [ 1.81935746245733, 47.833721706151998 ], [ 1.81955124137897, 47.833844720699098 ], [ 1.8197571472992, 47.833975507828697 ], [ 1.82015341492999, 47.834226843411699 ], [ 1.82026189476507, 47.834296252515301 ], [ 1.82083831359363, 47.834664700897299 ], [ 1.82163296369431, 47.835169544429597 ], [ 1.82165642704351, 47.835184541851902 ], [ 1.82172060106856, 47.835178255901802 ], [ 1.8217694085612, 47.835111328755097 ], [ 1.82191541936976, 47.834910993099697 ], [ 1.82217788086357, 47.834541077791698 ], [ 1.82224548205323, 47.834452466742597 ], [ 1.82244318168128, 47.834193692893699 ], [ 1.82254328901546, 47.834091996574202 ], [ 1.82257857832547, 47.834055896812302 ], [ 1.82285783917833, 47.833772108237802 ], [ 1.82284125931701, 47.833723966403802 ], [ 1.82216507866458, 47.833393230068999 ], [ 1.82152870989481, 47.833082061967303 ], [ 1.82140931952223, 47.833022445439298 ], [ 1.82075207076253, 47.8327008019372 ], [ 1.82036536107459, 47.832513111447597 ], [ 1.820189494938, 47.832426372457498 ], [ 1.81951589256258, 47.832095376177797 ], [ 1.81938293867787, 47.832032740631298 ], [ 1.81934180631512, 47.832012884269098 ], [ 1.81934925079039, 47.832008728742103 ], [ 1.81943630642251, 47.8319591094765 ], [ 1.81943636213555, 47.831962620438297 ], [ 1.81943767494486, 47.8320058385886 ], [ 1.81974225003743, 47.832153641131598 ], [ 1.82024054499109, 47.832396912670802 ], [ 1.82043597931021, 47.832493389514397 ], [ 1.82081723947324, 47.832679674818699 ], [ 1.8212991833273, 47.832913236178698 ], [ 1.82153917043293, 47.8330323014508 ], [ 1.82181451191263, 47.833166663126597 ], [ 1.82231732608337, 47.8334119511374 ], [ 1.82260907672027, 47.833554036526998 ], [ 1.8228800589625, 47.833686281604102 ], [ 1.82295677227674, 47.833681110974403 ], [ 1.82324546431253, 47.833393815715802 ], [ 1.82341387035761, 47.833201893760098 ] ] ], [ [ [ 1.79973389772763, 47.832603931014702 ], [ 1.79999319489923, 47.832416122454902 ], [ 1.79998700373594, 47.832370603748501 ], [ 1.79981323653168, 47.832287095712701 ], [ 1.79979723595053, 47.832279371051797 ], [ 1.79956964626923, 47.832170018757999 ], [ 1.79931510063441, 47.832046798389698 ], [ 1.79927267181662, 47.832025481467298 ], [ 1.79882159396281, 47.831808886568702 ], [ 1.7988139258957, 47.831805117582199 ], [ 1.79783158923937, 47.831329965430399 ], [ 1.7977423804474, 47.8314680272915 ], [ 1.79754825960658, 47.831941923205001 ], [ 1.79753830052245, 47.832015809836001 ], [ 1.79752626614076, 47.832104616949103 ], [ 1.79754446085487, 47.832204445314296 ], [ 1.79756679183715, 47.8323637231044 ], [ 1.79757462812851, 47.832383695810201 ], [ 1.79762465814732, 47.8325122039356 ], [ 1.79764457429315, 47.832559573717703 ], [ 1.79765035843979, 47.832569804226502 ], [ 1.79767168504102, 47.832608007380898 ], [ 1.79773975656254, 47.832730849731597 ], [ 1.79782901322897, 47.832839057473699 ], [ 1.79790577077026, 47.832885209712899 ], [ 1.79808202335298, 47.832971086306998 ], [ 1.79808321398006, 47.8329716385743 ], [ 1.79811639959015, 47.832987910591598 ], [ 1.79820366150486, 47.833030659878801 ], [ 1.79829011963496, 47.833073490871797 ], [ 1.79843562168524, 47.832958508197997 ], [ 1.79852241045246, 47.832892069556401 ], [ 1.79856046639865, 47.832864376171699 ], [ 1.79849238525949, 47.832818763321001 ], [ 1.79865227887787, 47.832711668745198 ], [ 1.79867060191756, 47.8326994350017 ], [ 1.79875178680108, 47.832721239172002 ], [ 1.79905705781578, 47.832682061050498 ], [ 1.7987968101156, 47.832982731092798 ], [ 1.79875502204886, 47.833033609049203 ], [ 1.79890749335267, 47.833071625163697 ], [ 1.79896250261344, 47.833086410269502 ], [ 1.79897343641769, 47.833075810998402 ], [ 1.79898708836792, 47.833080991415997 ], [ 1.79901474402384, 47.833052111239603 ], [ 1.79902255813075, 47.833055341640502 ], [ 1.79904799298719, 47.833065593310202 ], [ 1.7990564356813, 47.833082421742802 ], [ 1.79907059784183, 47.833088687502702 ], [ 1.79917321137483, 47.832948961829302 ], [ 1.7992223033332, 47.832870615282502 ], [ 1.79949246625881, 47.832929908117997 ], [ 1.79959814760031, 47.832956192976901 ], [ 1.7996481505494, 47.832713136231703 ], [ 1.79973389772763, 47.832603931014702 ] ] ], [ [ [ 1.80528371813345, 47.832994815568298 ], [ 1.80530685350705, 47.832928983594996 ], [ 1.80525448407736, 47.832737177768998 ], [ 1.80523324396995, 47.832659192299602 ], [ 1.80521872537683, 47.832531949559097 ], [ 1.80520492177222, 47.832408584543401 ], [ 1.80519860075957, 47.832297267156299 ], [ 1.80518658626186, 47.832064557575002 ], [ 1.80439099444959, 47.8323118981154 ], [ 1.80408448077175, 47.832442258050698 ], [ 1.80351719492977, 47.832689850681298 ], [ 1.80341163501521, 47.8327947159218 ], [ 1.80337067372712, 47.832832822426298 ], [ 1.80322131478696, 47.832971174486801 ], [ 1.80318636543658, 47.833003491600799 ], [ 1.80310224502606, 47.833082292306599 ], [ 1.80300929559233, 47.8331494814827 ], [ 1.80273180872035, 47.833349892331697 ], [ 1.80219889377245, 47.833584237958497 ], [ 1.80214137498042, 47.8336095734333 ], [ 1.80167272561457, 47.833815589769202 ], [ 1.80256646092061, 47.834275131832399 ], [ 1.80236120192927, 47.834455666878398 ], [ 1.80221471971471, 47.834584685894797 ], [ 1.80225195771787, 47.834599197886902 ], [ 1.80231265744271, 47.8346285311843 ], [ 1.80234651364405, 47.834644808814197 ], [ 1.80251235039617, 47.834724811483397 ], [ 1.80262531425979, 47.834778171028397 ], [ 1.80277695796988, 47.834877020583697 ], [ 1.8029701073326, 47.835002756677298 ], [ 1.80392566920959, 47.834177390366101 ], [ 1.80398348328069, 47.834127034139101 ], [ 1.80430418232494, 47.833847851864903 ], [ 1.80447270946819, 47.833701232942602 ], [ 1.80466619539304, 47.8335325456056 ], [ 1.80470887148169, 47.833495446262297 ], [ 1.80496384543281, 47.833273378902298 ], [ 1.80528371813345, 47.832994815568298 ] ] ], [ [ [ 1.79514503354232, 47.834359783032703 ], [ 1.79517014454852, 47.834343029038102 ], [ 1.7951663283458, 47.834299064668897 ], [ 1.79516567327772, 47.834292577177102 ], [ 1.79492921432543, 47.834149910962097 ], [ 1.79463577647929, 47.8339614732499 ], [ 1.79431455687514, 47.833754386951597 ], [ 1.79414091059043, 47.833642158386397 ], [ 1.79377028691023, 47.833403238764099 ], [ 1.79349730939273, 47.833226619877202 ], [ 1.79325991215191, 47.833072689125601 ], [ 1.79319733616827, 47.833032080402802 ], [ 1.79281735255854, 47.8327877506376 ], [ 1.79240474309195, 47.832520400882203 ], [ 1.79211303605561, 47.832333054448497 ], [ 1.79189463827558, 47.832190477813498 ], [ 1.79175759537106, 47.832103285569403 ], [ 1.79138608625147, 47.831863088704097 ], [ 1.79116723412514, 47.831723026254402 ], [ 1.79096255828265, 47.831588600201599 ], [ 1.79080196248903, 47.8314850519929 ], [ 1.79046903203079, 47.831271082979299 ], [ 1.79039517674492, 47.8312740115731 ], [ 1.78881933568483, 47.8325448995801 ], [ 1.78876066160383, 47.832591369160497 ], [ 1.7886991357232, 47.832639789489498 ], [ 1.78867544029153, 47.832658897031003 ], [ 1.78763217466002, 47.833498807091097 ], [ 1.78764071565957, 47.83354048036 ], [ 1.787642268407, 47.833548597380599 ], [ 1.78803405134532, 47.833731948663299 ], [ 1.78847876597238, 47.833939158243197 ], [ 1.7886753097844, 47.834031649441201 ], [ 1.78881228339683, 47.834098412047197 ], [ 1.78891576101261, 47.834145026200197 ], [ 1.78909195978677, 47.8342269553238 ], [ 1.78911300534713, 47.834236173712497 ], [ 1.78927888854002, 47.8343132254588 ], [ 1.78965996301467, 47.834485929303298 ], [ 1.79011292348106, 47.834695557849699 ], [ 1.79087534758643, 47.835047082206998 ], [ 1.79090365874884, 47.8350601556238 ], [ 1.79190519943529, 47.835520080733701 ], [ 1.79248178490117, 47.835784979667501 ], [ 1.79273711735935, 47.835903092079498 ], [ 1.79281702000669, 47.8358990540696 ], [ 1.79349826692924, 47.835446381177398 ], [ 1.79372865873964, 47.835296813528601 ], [ 1.79373204909425, 47.835294688150299 ], [ 1.79379052171506, 47.835257035131001 ], [ 1.79385658503174, 47.835214779607803 ], [ 1.79514503354232, 47.834359783032703 ] ] ], [ [ [ 1.82148056752751, 47.835428682131798 ], [ 1.82165543573996, 47.835247358920597 ], [ 1.82090790967998, 47.834769542392102 ], [ 1.82002802996699, 47.834208389863299 ], [ 1.81959457294158, 47.8339341769545 ], [ 1.81932946776055, 47.833766339374897 ], [ 1.81930956230003, 47.833753717549797 ], [ 1.81884368496037, 47.833531111174104 ], [ 1.81760810248466, 47.832941063325698 ], [ 1.81755428476284, 47.832956632488703 ], [ 1.81750435092694, 47.8331281385544 ], [ 1.81771636549394, 47.833224337057601 ], [ 1.81780032808798, 47.8333259950331 ], [ 1.81793686837321, 47.833323591068201 ], [ 1.81795746241684, 47.833323258602 ], [ 1.81807467275903, 47.833360534156199 ], [ 1.81810445385501, 47.833373885806701 ], [ 1.81809857487672, 47.833379767227399 ], [ 1.81804196143394, 47.8334368931597 ], [ 1.81799342329599, 47.833485549491499 ], [ 1.81802889137168, 47.833501658790603 ], [ 1.81795667744744, 47.833575009292097 ], [ 1.81792942075498, 47.833604437907901 ], [ 1.81814201014556, 47.833674898462398 ], [ 1.81813655209516, 47.833679884024498 ], [ 1.81808017005603, 47.833732601800101 ], [ 1.81807301615579, 47.833741710736099 ], [ 1.81807108702736, 47.833744301588098 ], [ 1.81801084738702, 47.833820203081501 ], [ 1.81789401591637, 47.833916146408001 ], [ 1.8178847595595, 47.833923613954198 ], [ 1.81741185458199, 47.833758717584601 ], [ 1.8174134591147, 47.833800768537898 ], [ 1.81741646494261, 47.833881988065002 ], [ 1.81742308342778, 47.834065225583998 ], [ 1.81743198290146, 47.834133903105297 ], [ 1.81747897408276, 47.834190903386201 ], [ 1.81784765873907, 47.834377701400904 ], [ 1.81877514171791, 47.835075805311398 ], [ 1.81948166461279, 47.835605428586199 ], [ 1.81958473422189, 47.835677754110101 ], [ 1.81972189149402, 47.835774275295996 ], [ 1.81999914884665, 47.835937193396298 ], [ 1.8203027781962, 47.836098575905503 ], [ 1.82079770573895, 47.835892750165698 ], [ 1.82100661337227, 47.835786208527701 ], [ 1.82121871411904, 47.835650175318399 ], [ 1.82148056752751, 47.835428682131798 ] ] ], [ [ [ 1.81916215810708, 47.835743797609197 ], [ 1.81942133511493, 47.835631194200602 ], [ 1.81926985643985, 47.835517426531801 ], [ 1.81873758270896, 47.835117641725198 ], [ 1.81855862328202, 47.834983343969398 ], [ 1.81837926579902, 47.8348489518999 ], [ 1.81820004687684, 47.834714380912601 ], [ 1.81817598246207, 47.834696406390002 ], [ 1.81799781178136, 47.834562835747498 ], [ 1.81752674365312, 47.8347718607423 ], [ 1.81752750416055, 47.8349239855824 ], [ 1.81749845612038, 47.835045926458697 ], [ 1.81742515565335, 47.835306216706996 ], [ 1.81738712426643, 47.835429327083098 ], [ 1.81737305887881, 47.835628917710302 ], [ 1.8173690708315, 47.835760112245403 ], [ 1.81786718037124, 47.835525797632101 ], [ 1.81803740856472, 47.835445514292701 ], [ 1.81849672608899, 47.835879671133299 ], [ 1.81865162157289, 47.836026147862803 ], [ 1.81875564519574, 47.8361217063105 ], [ 1.81881175403973, 47.836219752381602 ], [ 1.81882883043973, 47.836215333867401 ], [ 1.81901116073715, 47.836168024708797 ], [ 1.81900117304076, 47.836154242594901 ], [ 1.81922702038416, 47.836079738256203 ], [ 1.81908053490035, 47.835903643673397 ], [ 1.81906595523244, 47.835885944887103 ], [ 1.81899343401586, 47.835798534843299 ], [ 1.81916215810708, 47.835743797609197 ] ] ], [ [ [ 1.79583763476821, 47.836449470259502 ], [ 1.79585219934071, 47.836325855438197 ], [ 1.7958479309233, 47.836006724509602 ], [ 1.79582242960495, 47.835851824650099 ], [ 1.79582114285209, 47.835843710493599 ], [ 1.79575536616372, 47.8356667945068 ], [ 1.79563661291183, 47.835497435337601 ], [ 1.79539725773406, 47.835210903679297 ], [ 1.79537161513237, 47.835180306721199 ], [ 1.79534037431581, 47.835143081479004 ], [ 1.79528357369024, 47.835000821385897 ], [ 1.79527927215561, 47.8349900659409 ], [ 1.79527431175055, 47.834843207789298 ], [ 1.79527974021562, 47.834821931058897 ], [ 1.79531183450621, 47.8346975961624 ], [ 1.79531447382494, 47.834693212759497 ], [ 1.79542918218285, 47.8344981681063 ], [ 1.79541772293971, 47.834443413983699 ], [ 1.79529862185633, 47.834372162262497 ], [ 1.79521997554137, 47.834373964584501 ], [ 1.79390251357545, 47.835246845696602 ], [ 1.79362332785809, 47.835431735928204 ], [ 1.79361369137138, 47.835438117552599 ], [ 1.79330807124923, 47.835639026995999 ], [ 1.79329029283788, 47.835650725444999 ], [ 1.79572885640174, 47.836772120808 ], [ 1.79577804958332, 47.836683785669003 ], [ 1.79582545297355, 47.836550516916503 ], [ 1.79583763476821, 47.836449470259502 ] ] ], [ [ [ 1.80515482540645, 47.835238361937698 ], [ 1.80616421256764, 47.834354299398399 ], [ 1.80591384155101, 47.834145266356003 ], [ 1.80572162051585, 47.833983990431101 ], [ 1.80566190600362, 47.833904803164899 ], [ 1.8056036660826, 47.833831391549097 ], [ 1.80554363687138, 47.8337186271185 ], [ 1.8055062530007, 47.8336510985392 ], [ 1.80542966072369, 47.833383077325799 ], [ 1.80541151261697, 47.833316194706804 ], [ 1.80534198077799, 47.833061206807798 ], [ 1.80529855288613, 47.833054463627803 ], [ 1.80404707917425, 47.834152435622499 ], [ 1.80404457460974, 47.834210286783602 ], [ 1.80421552649845, 47.834366037980097 ], [ 1.80426217144913, 47.8344080984321 ], [ 1.80450816953895, 47.834638962967901 ], [ 1.8046737516319, 47.8347898881361 ], [ 1.80492517238154, 47.835023507295197 ], [ 1.80515482540645, 47.835238361937698 ] ] ], [ [ [ 1.81238839291891, 47.836709250295002 ], [ 1.81239081108877, 47.836660849321902 ], [ 1.81123729873552, 47.835915848885101 ], [ 1.81072783232633, 47.835586646454502 ], [ 1.81051566185636, 47.835449749202503 ], [ 1.81014944588499, 47.835213177439599 ], [ 1.80994795729697, 47.835082958234402 ], [ 1.80972050666061, 47.834936093273598 ], [ 1.80892839848897, 47.834424352810203 ], [ 1.80885816197672, 47.834378994268199 ], [ 1.80863427554049, 47.834234413542298 ], [ 1.80848418423534, 47.834137477607499 ], [ 1.80782070597348, 47.833708945575403 ], [ 1.80678130370643, 47.833037427207401 ], [ 1.80671214678663, 47.8330394237843 ], [ 1.8058047966149, 47.833899507639998 ], [ 1.80580151632685, 47.833956270802801 ], [ 1.80671752078668, 47.834741575058601 ], [ 1.80730496725926, 47.835246208569899 ], [ 1.8074342611796, 47.835358506225198 ], [ 1.80763430781305, 47.835528949720803 ], [ 1.80769116360118, 47.835580833676097 ], [ 1.80796296744898, 47.835812403025599 ], [ 1.80838578048164, 47.836201674031201 ], [ 1.80857808581055, 47.836377797763397 ], [ 1.80875112129145, 47.836530952818698 ], [ 1.80906267132103, 47.836820799696099 ], [ 1.80924348525006, 47.836984924183 ], [ 1.80949284628164, 47.837216351784498 ], [ 1.80967867881404, 47.837377376126902 ], [ 1.81009059398358, 47.837723054869201 ], [ 1.81031606663215, 47.837917063983198 ], [ 1.8103931265758, 47.837920636008697 ], [ 1.81132070028291, 47.8373575771597 ], [ 1.81132788686326, 47.837353059486198 ], [ 1.81238839291891, 47.836709250295002 ] ] ], [ [ [ 1.81698573700695, 47.8369581505196 ], [ 1.81710701554427, 47.836909058271999 ], [ 1.8169591432801, 47.836537175170598 ], [ 1.81685342145368, 47.836271748948697 ], [ 1.81676040679544, 47.836042094799701 ], [ 1.81652528201444, 47.836052773636098 ], [ 1.81624887673513, 47.836068165888499 ], [ 1.8162161284192, 47.8358338089865 ], [ 1.81674700483023, 47.835803342751397 ], [ 1.81670687353969, 47.8356783637986 ], [ 1.8167002484989, 47.835657684628501 ], [ 1.81665832638143, 47.835529087170201 ], [ 1.81647851276813, 47.835481367375898 ], [ 1.81648177577671, 47.8352987697129 ], [ 1.81607745959692, 47.835307199883403 ], [ 1.81607820063699, 47.835297936318199 ], [ 1.81608702419281, 47.8351778618295 ], [ 1.81581032417492, 47.835044643235499 ], [ 1.81610930990037, 47.834813455592901 ], [ 1.81599498322461, 47.834556582360797 ], [ 1.81575068669247, 47.834439172466297 ], [ 1.81591029978604, 47.834325301165798 ], [ 1.81595920621368, 47.834290240954203 ], [ 1.81602142089844, 47.8342458640182 ], [ 1.81606081924449, 47.834217548541098 ], [ 1.81614613128727, 47.834156482812297 ], [ 1.81618036257001, 47.8341320755802 ], [ 1.81629639450914, 47.834048187236299 ], [ 1.81640436318972, 47.833984199661899 ], [ 1.81701092383738, 47.833645581183198 ], [ 1.81678746009616, 47.833535224310701 ], [ 1.81647310783547, 47.833712522549099 ], [ 1.81648032639379, 47.833718536080397 ], [ 1.81655773589831, 47.833784214711002 ], [ 1.81649613751054, 47.833818967058697 ], [ 1.81647854082669, 47.833804747864299 ], [ 1.81623702205125, 47.833940925779501 ], [ 1.8161756910828, 47.833891611103098 ], [ 1.81614664289669, 47.833911390130098 ], [ 1.81612845510811, 47.833923717934603 ], [ 1.81601995324683, 47.833837562803801 ], [ 1.81599236557021, 47.8338157718091 ], [ 1.81597988920803, 47.833805744708997 ], [ 1.81588485454229, 47.833739167633901 ], [ 1.8158098323012, 47.833686384122103 ], [ 1.81576340671386, 47.833640100065203 ], [ 1.81566598828797, 47.8335425351979 ], [ 1.81563055097997, 47.833507073282 ], [ 1.81581966003639, 47.833395210172299 ], [ 1.81613583281485, 47.833208210920397 ], [ 1.81583705393808, 47.833028413932503 ], [ 1.81576404495406, 47.833035327509897 ], [ 1.81558848765971, 47.833216995378997 ], [ 1.81546708155332, 47.833344123711299 ], [ 1.81518043329629, 47.833639791855099 ], [ 1.81517058785464, 47.833649683516803 ], [ 1.8151452849235, 47.833675350809898 ], [ 1.81505597535321, 47.833765808791803 ], [ 1.81488958651073, 47.833937757114903 ], [ 1.81485959592998, 47.834023773848202 ], [ 1.81483584052282, 47.834081950411701 ], [ 1.81479060889076, 47.8342039972012 ], [ 1.81478108043706, 47.8342296438245 ], [ 1.8146807844916, 47.834501001042597 ], [ 1.81458299962932, 47.834767612985203 ], [ 1.81448563280878, 47.835033418949301 ], [ 1.81433090798097, 47.835455352616599 ], [ 1.81422201463639, 47.835530580205699 ], [ 1.81397170602407, 47.835700598413901 ], [ 1.81255784320362, 47.836664340954101 ], [ 1.8125598730721, 47.836717107455399 ], [ 1.81296265154859, 47.837023529186297 ], [ 1.81342235915665, 47.837373100241301 ], [ 1.81352739379326, 47.837453011793301 ], [ 1.8135586689824, 47.837501303586201 ], [ 1.81393990525873, 47.838090675409802 ], [ 1.81401150911314, 47.838111111761201 ], [ 1.81413318145214, 47.838080568620299 ], [ 1.81394891226003, 47.837770870746297 ], [ 1.81418325521921, 47.8376877309937 ], [ 1.81438685792832, 47.837646134682501 ], [ 1.81431729100799, 47.837540389595297 ], [ 1.81408854121707, 47.8371930679345 ], [ 1.81444039540036, 47.837097884459297 ], [ 1.81467899733086, 47.837033418867399 ], [ 1.81486216260763, 47.837314751379502 ], [ 1.81491294571526, 47.837279620585697 ], [ 1.81504247640448, 47.837226293363301 ], [ 1.81515105447695, 47.8372372915331 ], [ 1.81524213766838, 47.837193476742499 ], [ 1.81527626736377, 47.837221724661802 ], [ 1.81535108951311, 47.837283687367702 ], [ 1.81542341240918, 47.837343824575399 ], [ 1.81539024267051, 47.837362481644298 ], [ 1.81542684861351, 47.837387604176399 ], [ 1.81546686959005, 47.837415461492398 ], [ 1.81552290633029, 47.837474534027898 ], [ 1.81555319705144, 47.8374590882066 ], [ 1.81561047095888, 47.837516643021701 ], [ 1.81563047118938, 47.8375070339156 ], [ 1.81580912301132, 47.837433139581002 ], [ 1.81580001068518, 47.837410095002198 ], [ 1.81577470806478, 47.837345662325397 ], [ 1.81566119086999, 47.837058283942099 ], [ 1.81565751925816, 47.837049065834101 ], [ 1.81593235778251, 47.836996214920703 ], [ 1.81634399316473, 47.836875796464199 ], [ 1.81640815937434, 47.836978065467498 ], [ 1.81648903465598, 47.836960339620397 ], [ 1.81647742124264, 47.8369295289829 ], [ 1.81645367442442, 47.836861241708903 ], [ 1.81655968530845, 47.836843409449301 ], [ 1.81677040140739, 47.836794319969698 ], [ 1.81677629731472, 47.836805720726502 ], [ 1.8167869083992, 47.836803487526403 ], [ 1.81687301198424, 47.836785094087297 ], [ 1.81691478398733, 47.836776334483403 ], [ 1.81698573700695, 47.8369581505196 ] ] ], [ [ [ 1.80596782366187, 47.838616356555903 ], [ 1.80597799967663, 47.838556153352698 ], [ 1.80570083498705, 47.838194010463802 ], [ 1.80546978290807, 47.837892013281198 ], [ 1.8053379641526, 47.837665915007399 ], [ 1.8052145087609, 47.837454393399803 ], [ 1.80499385424559, 47.837177793902498 ], [ 1.80472287848103, 47.836838303916601 ], [ 1.8046058603351, 47.8366914745203 ], [ 1.80449056014359, 47.836545562604698 ], [ 1.80431247733088, 47.836320161409901 ], [ 1.80429297329127, 47.836295749770301 ], [ 1.80412334497722, 47.836080875640498 ], [ 1.80397191152346, 47.835889229442998 ], [ 1.80389327299738, 47.8357895960227 ], [ 1.80382623652034, 47.835720954436603 ], [ 1.8036764981134, 47.835566949417696 ], [ 1.80345198500793, 47.835397149507898 ], [ 1.80339901148877, 47.835357094422001 ], [ 1.80286426385011, 47.835007166839702 ], [ 1.80260281679832, 47.834839238405898 ], [ 1.80257988548118, 47.834824602586799 ], [ 1.80228276231707, 47.834685652504398 ], [ 1.80226212336324, 47.834676080618003 ], [ 1.80221053209381, 47.834651880916702 ], [ 1.80205286448917, 47.834589063247599 ], [ 1.80185677275793, 47.834511001050302 ], [ 1.80182391502208, 47.834497883843099 ], [ 1.80174958523365, 47.834468321000799 ], [ 1.80137687362922, 47.834338047241197 ], [ 1.80123561406748, 47.834288717705398 ], [ 1.8010527234586, 47.8344611982061 ], [ 1.80056799969562, 47.834288911806098 ], [ 1.80058520118532, 47.834273065882599 ], [ 1.8006681950654, 47.834197045782702 ], [ 1.80068447987905, 47.8341684989906 ], [ 1.80061907095875, 47.834146497522603 ], [ 1.80054707675911, 47.834226770583797 ], [ 1.80049825661786, 47.834275326927198 ], [ 1.80047355400942, 47.8342977568837 ], [ 1.80035989102488, 47.834399926181703 ], [ 1.80022879499601, 47.834332697304099 ], [ 1.80024208250216, 47.834312580892203 ], [ 1.79986630961228, 47.834128624692198 ], [ 1.79983960258732, 47.834115479856798 ], [ 1.79983405018628, 47.834112722714799 ], [ 1.80007129913688, 47.833847819439001 ], [ 1.79980109128024, 47.8337488329229 ], [ 1.79965790110886, 47.833696331310499 ], [ 1.79961083123707, 47.833679197533499 ], [ 1.79959226856493, 47.833672436743299 ], [ 1.79942561177432, 47.833611323634599 ], [ 1.79933890187423, 47.833579562228898 ], [ 1.79925062942782, 47.833540043850597 ], [ 1.79918432138484, 47.833510561478299 ], [ 1.79914475043363, 47.833492874226501 ], [ 1.79902554087939, 47.833609747215803 ], [ 1.79898716802552, 47.833645538445602 ], [ 1.79875443171057, 47.833917596664499 ], [ 1.79858574416833, 47.833833958931301 ], [ 1.79839246585876, 47.833726396191601 ], [ 1.79825991664104, 47.833652669393601 ], [ 1.79822862811564, 47.833635246732797 ], [ 1.79826669348956, 47.833601252805899 ], [ 1.79813048580927, 47.833506065844396 ], [ 1.79811526587012, 47.833487457683397 ], [ 1.7977657873666, 47.833731494260697 ], [ 1.7978204266335, 47.833762658020802 ], [ 1.79751784753185, 47.834031207466701 ], [ 1.79730544331849, 47.834219581512599 ], [ 1.79710272031448, 47.834399503477201 ], [ 1.79690722613532, 47.834573018493302 ], [ 1.79671282434345, 47.834745464261999 ], [ 1.79704878279999, 47.8348926579012 ], [ 1.79704944495618, 47.834892934725303 ], [ 1.79706228508605, 47.834898557083399 ], [ 1.79828462279585, 47.835433870489702 ], [ 1.79828872539812, 47.835435712740797 ], [ 1.79859982782575, 47.835571035724101 ], [ 1.79903736285665, 47.835761208947197 ], [ 1.79904278986508, 47.835763604797101 ], [ 1.79905934023675, 47.835770705092997 ], [ 1.79934436641993, 47.835894687705398 ], [ 1.79940764815628, 47.8359221587029 ], [ 1.799435856679, 47.835933968830297 ], [ 1.79943638723718, 47.835934154282903 ], [ 1.79960471117483, 47.836004645367296 ], [ 1.79974169228573, 47.836060053704401 ], [ 1.79998160836987, 47.836157109946399 ], [ 1.80010733102992, 47.836207902115802 ], [ 1.80024669666583, 47.836264324358297 ], [ 1.8002470935736, 47.836264508439797 ], [ 1.80024762413791, 47.836264693888602 ], [ 1.80049588934869, 47.836365074838703 ], [ 1.80083901356078, 47.8365036895703 ], [ 1.80083941047238, 47.836503873649797 ], [ 1.80115047344574, 47.836629648152297 ], [ 1.80148420266385, 47.836764114430302 ], [ 1.80149890883795, 47.8367700253891 ], [ 1.80180375587269, 47.836892944261002 ], [ 1.80203825423896, 47.836987510538798 ], [ 1.80228004181212, 47.837084941100002 ], [ 1.80228613739512, 47.837087343623402 ], [ 1.80255972225635, 47.837197609770598 ], [ 1.80285689086101, 47.8373173870717 ], [ 1.80289001385992, 47.837330686675998 ], [ 1.8030928510703, 47.837412506163801 ], [ 1.80309364492269, 47.837412874307098 ], [ 1.803200760395, 47.837465003326798 ], [ 1.80358625674323, 47.837646166998802 ], [ 1.80403710985671, 47.8378579692993 ], [ 1.80463756506153, 47.838141232717497 ], [ 1.80465542520495, 47.838149605692102 ], [ 1.80492847205358, 47.838278312746603 ], [ 1.80523388589941, 47.838519501582297 ], [ 1.80567434855214, 47.838867106821802 ], [ 1.80596782366187, 47.838616356555903 ] ] ], [ [ [ 1.81026637336161, 47.838016831133899 ], [ 1.81026668039316, 47.837961298003997 ], [ 1.80979273777061, 47.837561524425702 ], [ 1.80958879842501, 47.837391135456699 ], [ 1.8088824145198, 47.836751191284797 ], [ 1.80872234329311, 47.836604108825 ], [ 1.80826394920519, 47.836185674319097 ], [ 1.80789875907865, 47.835849914685397 ], [ 1.8077957707154, 47.8357627278709 ], [ 1.8074671001659, 47.835479814027998 ], [ 1.80641021669857, 47.836407238788397 ], [ 1.80672388570541, 47.836697383634501 ], [ 1.80673410093718, 47.836706848644098 ], [ 1.80719223468581, 47.837130597034601 ], [ 1.80764333414668, 47.837552381722801 ], [ 1.80779966679012, 47.837699247548798 ], [ 1.80828122450649, 47.838146362000401 ], [ 1.80854215939946, 47.838296899945902 ], [ 1.80878608524424, 47.838436913350797 ], [ 1.80935022442703, 47.838761187984403 ], [ 1.80942130431454, 47.838757229083697 ], [ 1.81026637336161, 47.838016831133899 ] ] ], [ [ [ 1.80854303676821, 47.839522306394699 ], [ 1.80931628948886, 47.838849683414999 ], [ 1.80930836142332, 47.838797757107997 ], [ 1.80899739277446, 47.838618629690203 ], [ 1.80889166986263, 47.838557699233498 ], [ 1.80838694711425, 47.838266879747202 ], [ 1.80822908897846, 47.8381759855952 ], [ 1.80780055590992, 47.837778825583598 ], [ 1.8075507905526, 47.837547750341002 ], [ 1.80745169738954, 47.837453672159803 ], [ 1.80727189166156, 47.837286494822003 ], [ 1.80727044765739, 47.837285310002898 ], [ 1.8072491053989, 47.837265290690503 ], [ 1.80713713481814, 47.837161270128803 ], [ 1.80698978164593, 47.837025475936102 ], [ 1.80677490174445, 47.836824817177998 ], [ 1.80623811323124, 47.836326007896197 ], [ 1.80610375212189, 47.836201235976098 ], [ 1.80504412296491, 47.837130150647198 ], [ 1.80515718593559, 47.837268658306201 ], [ 1.8052881646333, 47.837430931039002 ], [ 1.80555481521358, 47.837885858581899 ], [ 1.80572794285202, 47.838112107218798 ], [ 1.8058521146858, 47.838274039854397 ], [ 1.80593978539211, 47.838388525375301 ], [ 1.80594653974542, 47.838397325133201 ], [ 1.80611783554809, 47.838615993589002 ], [ 1.80615052417995, 47.838660611358797 ], [ 1.80621034670304, 47.838711445997497 ], [ 1.80629756939538, 47.838786412191801 ], [ 1.80650798960816, 47.838906107036401 ], [ 1.80656884472623, 47.838940750162998 ], [ 1.80661742477533, 47.838968337567501 ], [ 1.80692171954138, 47.839099067991199 ], [ 1.80729132872585, 47.839226681445901 ], [ 1.80765686875143, 47.839351011974202 ], [ 1.80791178781208, 47.839412290018103 ], [ 1.80804729594005, 47.8394447208237 ], [ 1.80824038452665, 47.839490968094303 ], [ 1.80845760629605, 47.839540160541603 ], [ 1.80854303676821, 47.839522306394699 ] ] ], [ [ [ 1.80701719211347, 47.840849835037901 ], [ 1.80705875931132, 47.840761057917 ], [ 1.80701410841224, 47.840635759811903 ], [ 1.80691158754389, 47.840438044959598 ], [ 1.80672873943555, 47.840161834024698 ], [ 1.8065213230865, 47.839848558599101 ], [ 1.80617338827652, 47.839130787072797 ], [ 1.80612790542522, 47.838983157492798 ], [ 1.80609560859534, 47.838784176313197 ], [ 1.80608070304905, 47.838691854171003 ], [ 1.80603318721976, 47.838628813366199 ], [ 1.80567251429613, 47.838936846009901 ], [ 1.80486876436187, 47.838305697457301 ], [ 1.80473739995752, 47.838243781795398 ], [ 1.80439979494402, 47.838084712766197 ], [ 1.80399631724479, 47.837894367471499 ], [ 1.80387262619232, 47.837836129471 ], [ 1.80327230811743, 47.837553043429601 ], [ 1.80308489572858, 47.8374630107431 ], [ 1.80275821161579, 47.837329971239399 ], [ 1.80240072502281, 47.837187525202197 ], [ 1.80221747251738, 47.837114725532203 ], [ 1.80152890234427, 47.8368331591304 ], [ 1.80137760001377, 47.836772385969297 ], [ 1.8008946819225, 47.836578337326301 ], [ 1.79978318542606, 47.836128886287398 ], [ 1.79939767860291, 47.835972912519097 ], [ 1.79885636532196, 47.8357369425866 ], [ 1.79868122737892, 47.835660439905297 ], [ 1.79823113357317, 47.835464105917403 ], [ 1.79779918070814, 47.835275607015099 ], [ 1.79732725028231, 47.835069774498798 ], [ 1.79602900291966, 47.836157550993597 ], [ 1.79598232163919, 47.8361350191567 ], [ 1.79594098164484, 47.8360773480494 ], [ 1.79594197497335, 47.836139735501803 ], [ 1.79594325309495, 47.836207256472299 ], [ 1.79594542351095, 47.836335723680698 ], [ 1.79591625045221, 47.836567201052297 ], [ 1.79586796292113, 47.836710001866003 ], [ 1.79579158835067, 47.836841532966602 ], [ 1.79568407307901, 47.836972654205198 ], [ 1.7956645359035, 47.836991175735101 ], [ 1.79551041732694, 47.837137570024602 ], [ 1.79552436670112, 47.837188659194297 ], [ 1.79661614092849, 47.837711486558803 ], [ 1.79705748506598, 47.837922858343703 ], [ 1.79722915425822, 47.838005178393502 ], [ 1.79747185083177, 47.838121350325203 ], [ 1.79797986117107, 47.838364635673599 ], [ 1.79802919610996, 47.838388183969002 ], [ 1.79815193420405, 47.838446958461603 ], [ 1.79825972539649, 47.838498648864302 ], [ 1.79852742425888, 47.838626776071102 ], [ 1.7987656307789, 47.838740738978402 ], [ 1.79879327346776, 47.838753983596 ], [ 1.79892433385215, 47.838823193673697 ], [ 1.79906966551979, 47.838899840572701 ], [ 1.79925463111579, 47.838997505438101 ], [ 1.79946192640345, 47.839106919899301 ], [ 1.79975232389924, 47.839260299409702 ], [ 1.79989964057149, 47.839337955664099 ], [ 1.80003031096826, 47.839406800421301 ], [ 1.80017696825405, 47.839484089524703 ], [ 1.80046195255855, 47.839634621505397 ], [ 1.80050779823841, 47.839658853110102 ], [ 1.80053911339221, 47.8396752852181 ], [ 1.80056593268218, 47.839689511091898 ], [ 1.80081670177287, 47.839821870218699 ], [ 1.80118942505303, 47.840018482581897 ], [ 1.80134691849968, 47.840101551566903 ], [ 1.80148881834974, 47.840176540081799 ], [ 1.80162517560906, 47.840248321427197 ], [ 1.80208642755892, 47.840491740563202 ], [ 1.80233144201795, 47.840636548939898 ], [ 1.80259195100948, 47.840787995704297 ], [ 1.80261551472764, 47.840804348092597 ], [ 1.8028118205176, 47.840921475054898 ], [ 1.80310269912259, 47.841095913178499 ], [ 1.80340649082227, 47.8412788532302 ], [ 1.80341678129671, 47.841284988895801 ], [ 1.80342693810426, 47.841291123196697 ], [ 1.80345345112974, 47.841307145457399 ], [ 1.80492377532596, 47.842192083856901 ], [ 1.80499744237555, 47.8421862637475 ], [ 1.80528140826947, 47.841949100092997 ], [ 1.80543602932035, 47.841833302025002 ], [ 1.80546376933698, 47.841812612233497 ], [ 1.80548267918531, 47.841798133200903 ], [ 1.8055370978488, 47.841756382739597 ], [ 1.80560665714896, 47.8417012849442 ], [ 1.80566673042632, 47.841663732469002 ], [ 1.80577496819247, 47.841594986886001 ], [ 1.80605409954274, 47.841412048157999 ], [ 1.80622545055198, 47.841301279900499 ], [ 1.80629064076922, 47.841262068999598 ], [ 1.80635583089028, 47.841222858061599 ], [ 1.80679764545659, 47.840975505834301 ], [ 1.80686741629307, 47.8409406616979 ], [ 1.80701719211347, 47.840849835037901 ] ] ], [ [ [ 1.7979863921943, 47.825399388367202 ], [ 1.79798939536672, 47.825337491594901 ], [ 1.79796757977547, 47.825315125231803 ], [ 1.79778523211556, 47.825174818679997 ], [ 1.79761176117734, 47.825073487616102 ], [ 1.79739169540496, 47.824969878133103 ], [ 1.79722780000867, 47.824906179292697 ], [ 1.79711624416489, 47.824862639621898 ], [ 1.79697566632695, 47.824808090740198 ], [ 1.79695851055288, 47.824798373535103 ], [ 1.79683079920918, 47.824748187016603 ], [ 1.79661737660029, 47.824664176602703 ], [ 1.79650176894162, 47.8246166342565 ], [ 1.79632846151883, 47.824549597110902 ], [ 1.79628034402373, 47.824531910990601 ], [ 1.79619053340555, 47.824496154597398 ], [ 1.79608188442169, 47.824454173949498 ], [ 1.79592733208362, 47.8244029907084 ], [ 1.795919770387, 47.824400482751003 ], [ 1.79560111280069, 47.824295047123599 ], [ 1.79549661546793, 47.824264539976802 ], [ 1.79423481998324, 47.8255466493734 ], [ 1.7942092136, 47.825591319244197 ], [ 1.79419665780047, 47.8255850516626 ], [ 1.79417260456864, 47.825573012838603 ], [ 1.79409118884409, 47.825532480604103 ], [ 1.79382359423149, 47.825397231711598 ], [ 1.79380865950175, 47.825389787170899 ], [ 1.79362061652748, 47.825294781025697 ], [ 1.79357370713135, 47.825270985477701 ], [ 1.79356670239719, 47.825267492979201 ], [ 1.79353564676342, 47.825251871533197 ], [ 1.79351225789142, 47.8252400194269 ], [ 1.79314806646266, 47.825056069002898 ], [ 1.79308793970171, 47.825025746411399 ], [ 1.79305899992957, 47.825011136736897 ], [ 1.79279154010729, 47.824876066804201 ], [ 1.79217906036256, 47.8245666012821 ], [ 1.79194199973381, 47.8244467843463 ], [ 1.79185985279869, 47.824450348427902 ], [ 1.79043418877552, 47.825393457423601 ], [ 1.79043332192799, 47.825443314640601 ], [ 1.79065789730107, 47.8255714668108 ], [ 1.79123494787482, 47.825904967816598 ], [ 1.79148811794265, 47.826051325322503 ], [ 1.79151437091842, 47.826066537758599 ], [ 1.79157162831101, 47.826099621905001 ], [ 1.79191301357115, 47.826299094042703 ], [ 1.79193570168214, 47.826312379416002 ], [ 1.79193609644223, 47.826312653516602 ], [ 1.79197171482796, 47.826333363004998 ], [ 1.79201287215956, 47.826357369947203 ], [ 1.79227738964227, 47.8265104133826 ], [ 1.79245601770361, 47.826613965688999 ], [ 1.79255628246229, 47.8266720652692 ], [ 1.79258029086749, 47.826686084196403 ], [ 1.79261908014744, 47.826708446330798 ], [ 1.79265337908782, 47.826728421926603 ], [ 1.79271116630167, 47.826761780978103 ], [ 1.7927209284191, 47.826767462179902 ], [ 1.79275879260602, 47.826789364685098 ], [ 1.79283993463254, 47.826836105747297 ], [ 1.79320050397966, 47.8270446825546 ], [ 1.79346595556642, 47.8271980928359 ], [ 1.7935529092959, 47.827247953558199 ], [ 1.7935589604769, 47.827252246337999 ], [ 1.79482721663712, 47.828170259106699 ], [ 1.79490044103847, 47.8281713717694 ], [ 1.7952263570106, 47.8279338518971 ], [ 1.79547710396436, 47.827751455696301 ], [ 1.79577909361004, 47.827531420632297 ], [ 1.79584487324173, 47.827483490313803 ], [ 1.79597547633231, 47.827388519855901 ], [ 1.79612388655506, 47.827280410474799 ], [ 1.79615352895581, 47.827252271378001 ], [ 1.79619109322622, 47.827216652691 ], [ 1.79619300892173, 47.827214692119298 ], [ 1.79621982456926, 47.827187424092102 ], [ 1.79657032282103, 47.826831788473299 ], [ 1.79663708347331, 47.826764065369403 ], [ 1.79663749455439, 47.8267636195338 ], [ 1.79659600034294, 47.8267425811487 ], [ 1.79666530627281, 47.826733661297098 ], [ 1.7979863921943, 47.825399388367202 ] ], [ [ 1.7942092136, 47.825591319244197 ], [ 1.79426551559269, 47.825619423937702 ], [ 1.79420921342872, 47.825591319543001 ], [ 1.7942092136, 47.825591319244197 ] ] ], [ [ [ 1.81391435204548, 47.829025750740101 ], [ 1.81542662679239, 47.827750287493998 ], [ 1.815318323134, 47.827655852297397 ], [ 1.81517952171127, 47.827556428263101 ], [ 1.8150853190753, 47.827489048488999 ], [ 1.81499164519993, 47.827421944009998 ], [ 1.8149820382858, 47.827415186131503 ], [ 1.814789033279, 47.827276959265099 ], [ 1.81453258721194, 47.827106586929602 ], [ 1.81416991782731, 47.827412186996803 ], [ 1.81405172150128, 47.827356301086503 ], [ 1.81377232881163, 47.827224201518298 ], [ 1.81374818953584, 47.8272127959779 ], [ 1.81325966936638, 47.826981808712297 ], [ 1.81299104705615, 47.826854802817302 ], [ 1.81275448749317, 47.826742954711797 ], [ 1.81244420385111, 47.826596245367099 ], [ 1.81219337522604, 47.826477644778301 ], [ 1.81199168409095, 47.826382278231797 ], [ 1.81184410319494, 47.826312491656203 ], [ 1.81162082769186, 47.826206923528602 ], [ 1.81151046664074, 47.826154741811202 ], [ 1.81095533175274, 47.825892249657798 ], [ 1.81010240265918, 47.826892580880397 ], [ 1.81011615924655, 47.826946816919502 ], [ 1.81039746618031, 47.827098639087403 ], [ 1.81050544987681, 47.827159141686899 ], [ 1.81071237840406, 47.827271953930399 ], [ 1.81085156440925, 47.827347804467202 ], [ 1.81089408953165, 47.827370828427803 ], [ 1.81104357680633, 47.827452273848699 ], [ 1.81128058204929, 47.827583032118703 ], [ 1.81157279833608, 47.8277434229446 ], [ 1.81179766050783, 47.827867396255002 ], [ 1.81204855647623, 47.828004774433502 ], [ 1.8125173390481, 47.828261462719396 ], [ 1.8125425642031, 47.828275129765998 ], [ 1.81279610461219, 47.828413973224201 ], [ 1.81290821838212, 47.828475325423398 ], [ 1.81319226741632, 47.828630768773799 ], [ 1.81334585029921, 47.828714682868601 ], [ 1.8134006512797, 47.828744760929297 ], [ 1.81351633250232, 47.828808038845303 ], [ 1.81362593892661, 47.8288680147975 ], [ 1.81391435204548, 47.829025750740101 ] ] ], [ [ [ 1.81592634917404, 47.8301415133215 ], [ 1.81685791658643, 47.829360175087402 ], [ 1.81644820392179, 47.829018590934503 ], [ 1.81637137528181, 47.828939146238199 ], [ 1.81623537515102, 47.828797716957197 ], [ 1.81603884090129, 47.828529481532101 ], [ 1.81603650155532, 47.828526487563401 ], [ 1.81599691507597, 47.828467400971498 ], [ 1.81587821629092, 47.828287441394899 ], [ 1.81586011840759, 47.8282598054112 ], [ 1.81542642263827, 47.8286233877024 ], [ 1.81528039783998, 47.828746036863997 ], [ 1.8145353968551, 47.8293666003783 ], [ 1.81477362598894, 47.829497183623097 ], [ 1.8153257494621, 47.829800157867297 ], [ 1.81557543483479, 47.829938686066498 ], [ 1.81592634917404, 47.8301415133215 ] ] ], [ [ [ 1.79403748744063, 47.829450104847098 ], [ 1.7953572745005, 47.828521257916499 ], [ 1.79491697084994, 47.828285405442898 ], [ 1.79483683292822, 47.828288542254903 ], [ 1.79352066215934, 47.829158013522999 ], [ 1.79352954968048, 47.829208151014399 ], [ 1.79403748744063, 47.829450104847098 ] ] ], [ [ [ 1.8077087900929, 47.829609089805302 ], [ 1.80834349503508, 47.828873854597802 ], [ 1.8083228879119, 47.828821168965199 ], [ 1.80785162499596, 47.828628076150899 ], [ 1.80714807139257, 47.828237475276502 ], [ 1.80714199881291, 47.828234083101997 ], [ 1.80669771058814, 47.827988963695397 ], [ 1.80656811093719, 47.827891153163698 ], [ 1.80649773374131, 47.827894217260102 ], [ 1.80631549322028, 47.828057351711799 ], [ 1.80546057301524, 47.828967114158402 ], [ 1.80524445830044, 47.829197859864202 ], [ 1.80503035439243, 47.829428265609998 ], [ 1.80485882577607, 47.829596097463302 ], [ 1.80473167575364, 47.829710375065901 ], [ 1.80450555185063, 47.829928235831503 ], [ 1.80451451856439, 47.829969372104202 ], [ 1.80455612383696, 47.829997609573397 ], [ 1.80461352732088, 47.830036629341201 ], [ 1.80474300889083, 47.830121929214599 ], [ 1.80492633338699, 47.830172763586098 ], [ 1.80543711920623, 47.830314424497303 ], [ 1.80580536884359, 47.830416377073497 ], [ 1.8062251500751, 47.830539195512301 ], [ 1.80671924797799, 47.830686171483698 ], [ 1.80679563198515, 47.830671737005801 ], [ 1.80704134210323, 47.830384943132998 ], [ 1.80738725607977, 47.829981074058701 ], [ 1.80740509771005, 47.829960373069397 ], [ 1.8077087900929, 47.829609089805302 ] ] ], [ [ [ 1.79837588568431, 47.830479542749103 ], [ 1.7986042009984, 47.830183676744902 ], [ 1.79858987601496, 47.830131413757698 ], [ 1.79653879251025, 47.829157886020901 ], [ 1.7961652063371, 47.8294226433039 ], [ 1.7958705594835, 47.829630873195597 ], [ 1.79817708886802, 47.830734935986797 ], [ 1.79837588568431, 47.830479542749103 ] ] ], [ [ [ 1.80097403620694, 47.829835649759502 ], [ 1.80103368105556, 47.8297810830977 ], [ 1.80102078121731, 47.829730725216201 ], [ 1.80092403635001, 47.829681850218797 ], [ 1.8005917227124, 47.829427411502003 ], [ 1.80020303413214, 47.8291538527141 ], [ 1.80014732954348, 47.829146351874499 ], [ 1.80001276348341, 47.829233455357297 ], [ 1.79994401939965, 47.829276587039097 ], [ 1.79988435538692, 47.829308290241002 ], [ 1.79950854059472, 47.829530370088399 ], [ 1.79941143672804, 47.829586262655901 ], [ 1.79916965511312, 47.829762548101897 ], [ 1.79885528677757, 47.830027650184 ], [ 1.79867911952748, 47.8302223388485 ], [ 1.79863303812554, 47.830279923639303 ], [ 1.79984852473326, 47.830866008938997 ], [ 1.80039953385644, 47.830362186908999 ], [ 1.80068195592333, 47.830102694753002 ], [ 1.80097403620694, 47.829835649759502 ] ] ], [ [ [ 1.80924535623872, 47.824713900267 ], [ 1.80949795550743, 47.824404127867197 ], [ 1.80947677279969, 47.824359267394399 ], [ 1.80821190005058, 47.823873589452703 ], [ 1.80814087177222, 47.823846314198001 ], [ 1.80808587709606, 47.823825232633098 ], [ 1.80807103610982, 47.823819501078297 ], [ 1.8075014889391, 47.823600743600899 ], [ 1.80758160917671, 47.823794721920102 ], [ 1.80766818976792, 47.8240046077754 ], [ 1.80777328172648, 47.824259237162003 ], [ 1.80773714316822, 47.824303245029597 ], [ 1.80760393211546, 47.823979381292297 ], [ 1.8075141791198, 47.823767932930899 ], [ 1.80743218236605, 47.823574205504599 ], [ 1.80663518513798, 47.823270949897598 ], [ 1.8065527556807, 47.823239597121997 ], [ 1.80648371325983, 47.823213241160801 ], [ 1.80522740870958, 47.822735268307703 ], [ 1.8051571742323, 47.822750124435601 ], [ 1.8048584488894, 47.823131156514002 ], [ 1.80447785145856, 47.823616395760297 ], [ 1.80445184570438, 47.8236495246421 ], [ 1.80428466305877, 47.823862585863097 ], [ 1.80410729323122, 47.824088774531901 ], [ 1.80397423298186, 47.824258348004498 ], [ 1.80395648102337, 47.824281029689601 ], [ 1.80372089968106, 47.8245815129901 ], [ 1.80359788538667, 47.824738136930797 ], [ 1.80356348223337, 47.824782071236299 ], [ 1.80353926514944, 47.824812877874002 ], [ 1.80347434800563, 47.824894215331803 ], [ 1.80348414919785, 47.824951652311903 ], [ 1.80348521010038, 47.824957963902897 ], [ 1.80356481387147, 47.825031775110702 ], [ 1.80360837463928, 47.825073894676301 ], [ 1.80449584249649, 47.825639934596602 ], [ 1.80456223703017, 47.825683096702399 ], [ 1.80462599548438, 47.825724611696998 ], [ 1.8048001988602, 47.825835660825398 ], [ 1.80502695181989, 47.826011242982702 ], [ 1.80539628995897, 47.826473881834403 ], [ 1.80543048293255, 47.826516625301203 ], [ 1.8054750733956, 47.826572526252903 ], [ 1.80582811330913, 47.827017265346903 ], [ 1.80589609980335, 47.827102747907901 ], [ 1.80596476832371, 47.827175725873303 ], [ 1.80650062983049, 47.827753289959098 ], [ 1.80656652819779, 47.827753240639296 ], [ 1.80729110355162, 47.827110916107998 ], [ 1.80727164067778, 47.827096676445699 ], [ 1.80758207551448, 47.826819540522997 ], [ 1.80761923969841, 47.826765641996097 ], [ 1.80763540347491, 47.8267422235593 ], [ 1.80774773808135, 47.826584676943199 ], [ 1.8078457142589, 47.826447506672501 ], [ 1.80786379509324, 47.826422037446697 ], [ 1.80789790784463, 47.8263730583908 ], [ 1.80793298420104, 47.826322828970603 ], [ 1.80807634787174, 47.826116631631201 ], [ 1.80855632813074, 47.825514117334698 ], [ 1.80857764566574, 47.825487330721103 ], [ 1.80873735137125, 47.8252972304997 ], [ 1.80827632303624, 47.8248515822782 ], [ 1.80801284673363, 47.8245967834848 ], [ 1.80775938331154, 47.824348566640801 ], [ 1.8077878228933, 47.824314111642103 ], [ 1.80800392422671, 47.824523783975302 ], [ 1.80906930548915, 47.8249297582975 ], [ 1.80924535623872, 47.824713900267 ] ] ], [ [ [ 1.78747759494476, 47.826631355142098 ], [ 1.78791606426302, 47.826013371903699 ], [ 1.7876968950295, 47.825900392236598 ], [ 1.78725617249644, 47.825673596862003 ], [ 1.78717319528402, 47.8256314234212 ], [ 1.78704515969861, 47.825566461007703 ], [ 1.78700499419174, 47.825545972978396 ], [ 1.7863943679524, 47.825232535774397 ], [ 1.78634059738421, 47.825204975817798 ], [ 1.78600357406626, 47.825032265539001 ], [ 1.7859158560528, 47.824987071713203 ], [ 1.78585112433331, 47.824953727310302 ], [ 1.78572905591406, 47.824890985464798 ], [ 1.78509852614455, 47.824565993679499 ], [ 1.78413429937816, 47.825928579503902 ], [ 1.7842463709454, 47.825978437717197 ], [ 1.78482441686966, 47.826179124390798 ], [ 1.78495888411987, 47.826225793592101 ], [ 1.78512226110832, 47.826282483400199 ], [ 1.78550072947931, 47.8264140401972 ], [ 1.78554966537926, 47.826430929118096 ], [ 1.78620615795181, 47.826691198617802 ], [ 1.78647348410655, 47.826796668468297 ], [ 1.78665073379697, 47.826866461275898 ], [ 1.78674720008551, 47.826868179613797 ], [ 1.78709273918461, 47.8267560903872 ], [ 1.78747759494476, 47.826631355142098 ] ] ], [ [ [ 1.80165523389988, 47.8231751485825 ], [ 1.80166908863014, 47.823111922421802 ], [ 1.80163671683891, 47.823071626634501 ], [ 1.80108999828852, 47.822908877768903 ], [ 1.80011812764256, 47.8226337625402 ], [ 1.80003894771687, 47.822612609635797 ], [ 1.79995564790682, 47.822590424384202 ], [ 1.79921600331731, 47.822383656495198 ], [ 1.79854346459179, 47.822135176330299 ], [ 1.7984409325613, 47.822136105775698 ], [ 1.79834681566459, 47.8221668250644 ], [ 1.79833321622237, 47.822171276241598 ], [ 1.798303192985, 47.822180959741601 ], [ 1.79782953666953, 47.822322551905003 ], [ 1.79778543010289, 47.822334431150402 ], [ 1.79752256331168, 47.822410044993397 ], [ 1.79699684580983, 47.822560460989102 ], [ 1.7966410870876, 47.822665633434397 ], [ 1.79618468343428, 47.822794524490803 ], [ 1.79604969657207, 47.822847505098302 ], [ 1.79596324972532, 47.822881721677099 ], [ 1.79593425592125, 47.8228931253593 ], [ 1.79604684390263, 47.822932176298202 ], [ 1.79605413815059, 47.822934681505103 ], [ 1.79519801415239, 47.8241175441267 ], [ 1.79538998950923, 47.824174603541302 ], [ 1.79555078939063, 47.824221351137297 ], [ 1.79563908822117, 47.8242471012748 ], [ 1.79571508129014, 47.824273265009701 ], [ 1.79588112200863, 47.824330597272898 ], [ 1.79612557083079, 47.824407816782802 ], [ 1.7963926277397, 47.824513711363799 ], [ 1.79651581515544, 47.824562951828298 ], [ 1.79689673710182, 47.824710788992199 ], [ 1.79697729236088, 47.824742129333501 ], [ 1.797212457768, 47.824834013076099 ], [ 1.79744495346363, 47.8249257789398 ], [ 1.79752127735705, 47.824961035980998 ], [ 1.79761332199069, 47.825004465175297 ], [ 1.79765244453341, 47.825023948722396 ], [ 1.7978396825367, 47.825131181595303 ], [ 1.79802433379648, 47.825276012232003 ], [ 1.79807919266183, 47.825332561462098 ], [ 1.79808167465607, 47.825335107213803 ], [ 1.79809721849859, 47.825351108492598 ], [ 1.79814515382892, 47.8254005658561 ], [ 1.79816049899099, 47.825419445440403 ], [ 1.79818027162063, 47.825443501032296 ], [ 1.79821424640102, 47.825477873437201 ], [ 1.79825462466292, 47.825518702245397 ], [ 1.798326903723, 47.825602883246503 ], [ 1.79841364174426, 47.825703774397397 ], [ 1.79857285863062, 47.825885967999497 ], [ 1.79867425257543, 47.826006721507902 ], [ 1.79879613631413, 47.8261139131641 ], [ 1.79885305552578, 47.826108915616501 ], [ 1.80014786140536, 47.824354628068001 ], [ 1.80012751882436, 47.824308424256998 ], [ 1.80017585021639, 47.824322600549401 ], [ 1.80023489573905, 47.824341747056202 ], [ 1.80028600898393, 47.824357031901599 ], [ 1.80021345262904, 47.824373931583999 ], [ 1.80007081131334, 47.824564735292697 ], [ 1.79988657404143, 47.824815960472399 ], [ 1.79983750354579, 47.824881886279698 ], [ 1.79955836185753, 47.825257614694102 ], [ 1.7993086222708, 47.825591878426003 ], [ 1.79900520205196, 47.826000660860601 ], [ 1.79893998433724, 47.826089013612197 ], [ 1.7988979299618, 47.8261460097807 ], [ 1.79891181209079, 47.826206009261803 ], [ 1.79958006631097, 47.8266999020436 ], [ 1.80004830845096, 47.826971487362997 ], [ 1.80067505802214, 47.827303379250701 ], [ 1.8007241247015, 47.827291009585998 ], [ 1.80077124835385, 47.827080326129597 ], [ 1.80083295595787, 47.826679328795699 ], [ 1.80084971412042, 47.826576347727801 ], [ 1.80091581389009, 47.826336154622503 ], [ 1.8009981803442, 47.826121420865299 ], [ 1.80105297383021, 47.8259854346515 ], [ 1.80110819109322, 47.825747650394099 ], [ 1.80117783916278, 47.825438905003601 ], [ 1.80119448909017, 47.8253762476159 ], [ 1.80122412957489, 47.825265027130001 ], [ 1.80123158373533, 47.825236749899297 ], [ 1.8013034990012, 47.824951880441603 ], [ 1.80136192440846, 47.824731770894601 ], [ 1.80131714938253, 47.824678386679601 ], [ 1.80136452372099, 47.824693542808198 ], [ 1.80136805561458, 47.824673236437903 ], [ 1.80137680838021, 47.824622919778598 ], [ 1.80137925475958, 47.824609263121403 ], [ 1.80147850472761, 47.824042578475201 ], [ 1.80150801601275, 47.823889591418599 ], [ 1.80153772112016, 47.823745787447599 ], [ 1.80154229981428, 47.823720541157002 ], [ 1.80156580431599, 47.823602776978703 ], [ 1.80157242839207, 47.823563869917798 ], [ 1.80162947417215, 47.823298110392003 ], [ 1.80165523389988, 47.8231751485825 ] ] ], [ [ [ 1.78630396009938, 47.827009140207203 ], [ 1.786516619939, 47.8269447331446 ], [ 1.78651699867732, 47.826875428509602 ], [ 1.78552500546021, 47.826480629875597 ], [ 1.7853889746053, 47.826432144921 ], [ 1.78537054579151, 47.826425563215601 ], [ 1.78530529869953, 47.826403014553499 ], [ 1.78490080784372, 47.826263806518703 ], [ 1.78460773164957, 47.826162386601197 ], [ 1.78459791908442, 47.826158954468603 ], [ 1.78424530075526, 47.826036933898102 ], [ 1.78421137326942, 47.826024250556301 ], [ 1.78415301638806, 47.825998532282703 ], [ 1.78393192440603, 47.825899837336898 ], [ 1.78390702012108, 47.825890037839798 ], [ 1.78337989079253, 47.825654950542599 ], [ 1.7833436337593, 47.825662315273803 ], [ 1.78306736789284, 47.826012202126201 ], [ 1.78291966894529, 47.826205003232403 ], [ 1.78289645062391, 47.826238336392699 ], [ 1.78289188837064, 47.826244949862499 ], [ 1.78288594860843, 47.826253349256604 ], [ 1.7828298939922, 47.826331437145598 ], [ 1.78277418448198, 47.826411958891299 ], [ 1.78235887416628, 47.826978947564903 ], [ 1.78234702315978, 47.826994486434799 ], [ 1.78231919672902, 47.8270305619629 ], [ 1.78228378549635, 47.8270768199842 ], [ 1.78227745289011, 47.827084855220797 ], [ 1.78197537739524, 47.827463814945901 ], [ 1.78156558054224, 47.828034458359802 ], [ 1.78154233995045, 47.828068691113799 ], [ 1.78147556004361, 47.828171329908002 ], [ 1.78136461750799, 47.828340387938098 ], [ 1.78134085524345, 47.828391537318304 ], [ 1.78129265826922, 47.828494009094001 ], [ 1.7812619893311, 47.8286073743594 ], [ 1.78129801425773, 47.828627731270998 ], [ 1.78165648581106, 47.828512281924802 ], [ 1.78194641541203, 47.828418802270697 ], [ 1.78204633219034, 47.828386716113897 ], [ 1.782066799508, 47.828380177883901 ], [ 1.78222772326493, 47.828328202726702 ], [ 1.78246620628781, 47.828251469594797 ], [ 1.78295556773486, 47.828093629994797 ], [ 1.78312751788705, 47.828038707686297 ], [ 1.78404461567903, 47.827746144840802 ], [ 1.78412355945121, 47.827719240089102 ], [ 1.78416949927185, 47.8277035144745 ], [ 1.78423009371481, 47.827684070319897 ], [ 1.78438428009266, 47.827634272643202 ], [ 1.78448109976258, 47.827603052428699 ], [ 1.78450587569411, 47.827595118265599 ], [ 1.78474758815681, 47.827517153852803 ], [ 1.7847672468324, 47.827510876807096 ], [ 1.78569261172676, 47.8272125361337 ], [ 1.78629197433108, 47.827013066635701 ], [ 1.78630396009938, 47.827009140207203 ] ] ], [ [ [ 1.8110622221607, 47.825679972167201 ], [ 1.81118305207662, 47.8255364601034 ], [ 1.8093566488635, 47.824686047044402 ], [ 1.80923974557618, 47.824827166914602 ], [ 1.80908304598979, 47.825020448752802 ], [ 1.80857725695474, 47.825641875309699 ], [ 1.8083799194742, 47.825888839689298 ], [ 1.8081807763891, 47.8261387557218 ], [ 1.80810317825096, 47.826249400242602 ], [ 1.80798984945869, 47.826409637427197 ], [ 1.80783524431829, 47.826628321841397 ], [ 1.80766849477504, 47.826863984579298 ], [ 1.80737926184663, 47.827119553785003 ], [ 1.80732661138545, 47.827166633907801 ], [ 1.80727995982801, 47.8272084643976 ], [ 1.80661549150497, 47.827793073685697 ], [ 1.80661684930692, 47.827851684480002 ], [ 1.80676166963951, 47.827956220640601 ], [ 1.80723920023253, 47.828221030274896 ], [ 1.80765257900752, 47.828449901347099 ], [ 1.80789946798002, 47.828586797637001 ], [ 1.80794330853873, 47.828604795431701 ], [ 1.80835522616516, 47.828773882 ], [ 1.8084289241394, 47.828759869229501 ], [ 1.80905197720231, 47.8280307223527 ], [ 1.80909192351322, 47.827983872493597 ], [ 1.80913008008285, 47.827939344720001 ], [ 1.80956296957531, 47.827434370229902 ], [ 1.80974048920561, 47.827224827366003 ], [ 1.80987170997561, 47.827071250983998 ], [ 1.8099581832342, 47.826970056563702 ], [ 1.8101695146084, 47.826724761908402 ], [ 1.81037514691676, 47.826483189483199 ], [ 1.81090351135683, 47.8258677452515 ], [ 1.8110622221607, 47.825679972167201 ] ] ], [ [ [ 1.80644970183791, 47.827854573669498 ], [ 1.80645368559652, 47.827796197267197 ], [ 1.80582417553256, 47.827127128386302 ], [ 1.80540480599657, 47.8266005237884 ], [ 1.80536983950247, 47.826556512283901 ], [ 1.8053240747818, 47.826499339174198 ], [ 1.80495602283952, 47.8260389634777 ], [ 1.80474028659745, 47.825872764612299 ], [ 1.80457596589334, 47.825768026909302 ], [ 1.80450995796977, 47.825725498832597 ], [ 1.80444645270127, 47.825684616431801 ], [ 1.80435552281376, 47.825626982338903 ], [ 1.80412037346123, 47.825474265937601 ], [ 1.80402755323444, 47.825417512403703 ], [ 1.80355115724909, 47.825110035250802 ], [ 1.80340766716905, 47.824976704893501 ], [ 1.80338292177775, 47.824953769587999 ], [ 1.80333107436045, 47.824905714644103 ], [ 1.80331916331743, 47.824894521727899 ], [ 1.80313198054169, 47.8247250106932 ], [ 1.80310835511302, 47.824693895761797 ], [ 1.80241428926253, 47.823779047596602 ], [ 1.80168094107276, 47.823528974669799 ], [ 1.80157664002124, 47.824011537721702 ], [ 1.80153281363466, 47.824289673748297 ], [ 1.80145535493191, 47.824719764466302 ], [ 1.80145068102345, 47.824743299558598 ], [ 1.80144631899232, 47.824764857597501 ], [ 1.80138133036732, 47.825021174494601 ], [ 1.80132733908307, 47.825234308496903 ], [ 1.80127005302316, 47.825451279236397 ], [ 1.80120362735476, 47.825747546104999 ], [ 1.8011413999957, 47.826005781209901 ], [ 1.80100727120013, 47.826364363219099 ], [ 1.80092887031649, 47.826628463470897 ], [ 1.80092102866284, 47.826703542353499 ], [ 1.80087514059073, 47.827037283384101 ], [ 1.80086632200799, 47.827090479618903 ], [ 1.80086040808049, 47.827121562889602 ], [ 1.80081552575906, 47.827339560175098 ], [ 1.80083730461477, 47.827405130787099 ], [ 1.80100403422345, 47.827515568969602 ], [ 1.80108744769688, 47.827574568918799 ], [ 1.80113292845714, 47.8276086079997 ], [ 1.80119630767822, 47.827655071534103 ], [ 1.8012283931629, 47.8276785323621 ], [ 1.80125364124296, 47.827696972681601 ], [ 1.80139490534554, 47.827798688898199 ], [ 1.80150033708909, 47.827859353789897 ], [ 1.80173453033183, 47.827995323426599 ], [ 1.80210663585941, 47.8281802273208 ], [ 1.80228838897777, 47.828270744661403 ], [ 1.80235486826314, 47.828304277650503 ], [ 1.80242874818178, 47.828341576629597 ], [ 1.80257148282286, 47.828413782843498 ], [ 1.80284689536939, 47.8286012071935 ], [ 1.80301910529214, 47.828765434712302 ], [ 1.80302908775352, 47.828755455417202 ], [ 1.80306162892948, 47.828723113715 ], [ 1.80310278573651, 47.828682128910302 ], [ 1.80313518710805, 47.828650055792302 ], [ 1.8031755196951, 47.828610052666299 ], [ 1.80326095415504, 47.8286507094302 ], [ 1.80344038232679, 47.828737780787101 ], [ 1.80344434892809, 47.828739711491203 ], [ 1.80355277960046, 47.828792034068897 ], [ 1.80355648298428, 47.828793782061801 ], [ 1.8035240635534, 47.828826665204097 ], [ 1.8035125747019, 47.828838249361297 ], [ 1.8034781081174, 47.828873001825599 ], [ 1.80355409339855, 47.8289118517338 ], [ 1.80357325425262, 47.828921678395098 ], [ 1.80353388959771, 47.828960251355603 ], [ 1.80376466888635, 47.829082050232799 ], [ 1.803783821742, 47.829092236818902 ], [ 1.8038396784967, 47.829045461028997 ], [ 1.80398149662693, 47.828926833431602 ], [ 1.80388934893121, 47.829003914734102 ], [ 1.80426086828864, 47.829211956304 ], [ 1.80433621346483, 47.829142606320197 ], [ 1.80453483086174, 47.829262185450901 ], [ 1.8045554033754, 47.829274636648798 ], [ 1.80459074721836, 47.829295969473598 ], [ 1.80488603291703, 47.829473960284901 ], [ 1.80496890985799, 47.829396585717603 ], [ 1.8052978849293, 47.829045026063397 ], [ 1.80545963034077, 47.828872233301702 ], [ 1.80624917193376, 47.828028593161903 ], [ 1.80644970183791, 47.827854573669498 ] ] ], [ [ [ 1.79478321708866, 47.828259727733297 ], [ 1.79478544686299, 47.8282085344525 ], [ 1.79350959085709, 47.827283782240599 ], [ 1.79345694894329, 47.827253356902098 ], [ 1.7934223820951, 47.827233378796997 ], [ 1.79323187216404, 47.827123134946703 ], [ 1.79298278170241, 47.826979163681798 ], [ 1.79293172560029, 47.826949564520199 ], [ 1.79278146486336, 47.826862237008697 ], [ 1.79242262948403, 47.826653946753098 ], [ 1.7922724999624, 47.826566799930703 ], [ 1.79223160348291, 47.826543065805602 ], [ 1.79216260937701, 47.826502930242803 ], [ 1.79210086903446, 47.826467099885797 ], [ 1.79038235007076, 47.8254688919979 ], [ 1.79029672859034, 47.825466478418797 ], [ 1.79006093947723, 47.825584480246299 ], [ 1.79001888924401, 47.825605648959403 ], [ 1.78993655248547, 47.825646834398903 ], [ 1.78975740814275, 47.825736616667697 ], [ 1.78914750123244, 47.826042297970901 ], [ 1.78900621150114, 47.826113117645498 ], [ 1.78843354729212, 47.826332589233502 ], [ 1.78810182387356, 47.826460397105798 ], [ 1.78790345885703, 47.826537016289798 ], [ 1.78771143552424, 47.826611000378001 ], [ 1.78768958812209, 47.826619505560203 ], [ 1.78766855276417, 47.826627569079299 ], [ 1.78757832985741, 47.826656879876602 ], [ 1.7873094059698, 47.826744469857303 ], [ 1.78696722669412, 47.826855784377898 ], [ 1.78682920000333, 47.826900531987 ], [ 1.78682960397189, 47.826935550486397 ], [ 1.78761584041192, 47.827245220188203 ], [ 1.78807086548849, 47.827460910309803 ], [ 1.7893863992051, 47.828171365992198 ], [ 1.78945266078391, 47.828208234541698 ], [ 1.78952301395463, 47.828247395567601 ], [ 1.78957539394684, 47.828283400644899 ], [ 1.78968620104145, 47.828359883683603 ], [ 1.79007179853358, 47.8286257052333 ], [ 1.79014366269705, 47.828674872675002 ], [ 1.79015638797068, 47.828685445249803 ], [ 1.79042111147693, 47.828906092944301 ], [ 1.79063287893764, 47.829080828299702 ], [ 1.79068601789584, 47.8291246716256 ], [ 1.79113892891986, 47.829487495329502 ], [ 1.79126853746877, 47.829589733699798 ], [ 1.79141731835263, 47.829707111339197 ], [ 1.79150648478629, 47.829777338748997 ], [ 1.79159760697056, 47.829849746502099 ], [ 1.79160981870661, 47.829859413504998 ], [ 1.79171092196137, 47.8299396649589 ], [ 1.79180507140171, 47.830014173983201 ], [ 1.79182594807965, 47.8300307710699 ], [ 1.79190418380185, 47.830034997581201 ], [ 1.79338019008074, 47.8291868117023 ], [ 1.79365679860424, 47.8290021652275 ], [ 1.79371543474724, 47.828962893665697 ], [ 1.79373905322076, 47.828947024700497 ], [ 1.79377040745624, 47.828926014681002 ], [ 1.79378750715769, 47.8289146691993 ], [ 1.79382211153526, 47.828891802372603 ], [ 1.79382862414427, 47.828887548845401 ], [ 1.79386974313035, 47.828860338486798 ], [ 1.79390964300409, 47.828833835660703 ], [ 1.79409365198393, 47.828712413373999 ], [ 1.79410898772851, 47.828702219845098 ], [ 1.79442883964294, 47.828490742984002 ], [ 1.7944318245441, 47.8284887934349 ], [ 1.79444484956481, 47.828480286310402 ], [ 1.79458866518451, 47.828386443368402 ], [ 1.79478321708866, 47.828259727733297 ] ] ], [ [ [ 1.8006518356978, 47.827876600700002 ], [ 1.80069667805168, 47.827417464109303 ], [ 1.80066533082238, 47.827379068880603 ], [ 1.80055231702452, 47.827305004033299 ], [ 1.79990110038054, 47.826955668974399 ], [ 1.79973512494558, 47.826859368575697 ], [ 1.79955465979019, 47.826753648456297 ], [ 1.79952430626449, 47.826736415629398 ], [ 1.79938240681696, 47.826633520383702 ], [ 1.79919339775788, 47.826491887847098 ], [ 1.79878724707186, 47.826187901092602 ], [ 1.79875846368034, 47.826166273606397 ], [ 1.79860918321007, 47.8260411590459 ], [ 1.7985682581284, 47.825994924118802 ], [ 1.79834118141534, 47.825728144827302 ], [ 1.7982357133568, 47.825604378876697 ], [ 1.79808792220348, 47.8254371537084 ], [ 1.79802845921234, 47.8254364541096 ], [ 1.79672062293795, 47.826758171918797 ], [ 1.79669562566943, 47.826787799008699 ], [ 1.79669466172891, 47.826789049269102 ], [ 1.79665690743913, 47.826827186475697 ], [ 1.79664301620737, 47.826838565305998 ], [ 1.79662285565939, 47.826855280445798 ], [ 1.79619427121046, 47.8272947247902 ], [ 1.79495461791152, 47.828199021863597 ], [ 1.79495643002152, 47.8282488165122 ], [ 1.79555641687556, 47.828569479306303 ], [ 1.79588972034722, 47.828749413902997 ], [ 1.79631196413189, 47.828974455902298 ], [ 1.79634957427948, 47.828995904526799 ], [ 1.79657751863579, 47.829118228676201 ], [ 1.7969775499886, 47.8293091061214 ], [ 1.79862254273974, 47.830093673919201 ], [ 1.79869572625236, 47.830084882583201 ], [ 1.79878396449542, 47.829989565093101 ], [ 1.79909899354427, 47.829718889295798 ], [ 1.79934459432794, 47.829539222689597 ], [ 1.79951024834066, 47.829442897124103 ], [ 1.79952067877357, 47.829436793172398 ], [ 1.79987353413679, 47.829231040265903 ], [ 1.79989481403147, 47.829218026489102 ], [ 1.80008620506905, 47.829100630981998 ], [ 1.80015784942328, 47.829041506978797 ], [ 1.80019381025581, 47.8290117213526 ], [ 1.80036572013787, 47.828845340208503 ], [ 1.80041518715993, 47.828767896978199 ], [ 1.80045256263777, 47.828710942490702 ], [ 1.80046516016415, 47.828691719052301 ], [ 1.80046628611178, 47.828689210269403 ], [ 1.80047984823112, 47.828656855124201 ], [ 1.80052934042199, 47.828524955575901 ], [ 1.80055358747732, 47.828421871236799 ], [ 1.80061099571548, 47.828193831078302 ], [ 1.80062794459913, 47.828064658930003 ], [ 1.8006305171871, 47.828045422933002 ], [ 1.8006518356978, 47.827876600700002 ] ] ], [ [ [ 1.80292864735809, 47.8290013294408 ], [ 1.8030610699141, 47.8289082600662 ], [ 1.80295165427898, 47.8287928294612 ], [ 1.80286746981318, 47.828708530032898 ], [ 1.80286538024034, 47.828706348441102 ], [ 1.80278847102986, 47.8286313943346 ], [ 1.80252783319742, 47.828458612473597 ], [ 1.80235196107324, 47.828368065584698 ], [ 1.80193110936941, 47.828157461417 ], [ 1.80168832931669, 47.828034726037203 ], [ 1.80134736789569, 47.8278380777178 ], [ 1.80085379808227, 47.827485769156603 ], [ 1.8007888676334, 47.827490325703899 ], [ 1.80074542282356, 47.827881608446503 ], [ 1.80070010371526, 47.828213734828402 ], [ 1.8006205289564, 47.8285356095504 ], [ 1.80054969446368, 47.828718866984701 ], [ 1.80044182289412, 47.828878882724503 ], [ 1.80022644546323, 47.829087844351903 ], [ 1.80064374328858, 47.829384918485502 ], [ 1.80071128292642, 47.829436645395099 ], [ 1.800751757782, 47.829467482996797 ], [ 1.80088618970623, 47.829570029913199 ], [ 1.80097773131573, 47.829642164515597 ], [ 1.80107856594855, 47.829699362273203 ], [ 1.80111907020058, 47.829717058476199 ], [ 1.80121060500463, 47.8297302358027 ], [ 1.80122712768576, 47.829732564983303 ], [ 1.80127869019566, 47.829740022954198 ], [ 1.8012962779464, 47.829742543034797 ], [ 1.801485359254, 47.829727553862597 ], [ 1.80153654009388, 47.829710434896903 ], [ 1.80158179002777, 47.829695505559002 ], [ 1.8016913579686, 47.829661791221497 ], [ 1.80206994138304, 47.829547835621703 ], [ 1.8022168330655, 47.8295721089575 ], [ 1.80233194262373, 47.829606858764201 ], [ 1.8025311256696, 47.829380715986701 ], [ 1.8026799140701, 47.829207974686 ], [ 1.80282298872268, 47.829081170325999 ], [ 1.80284874081447, 47.829059470642598 ], [ 1.80285337367809, 47.8290555574725 ], [ 1.80290419938051, 47.829018541920398 ], [ 1.80292864735809, 47.8290013294408 ] ] ], [ [ [ 1.7901120780827, 47.830227325065898 ], [ 1.79103835033925, 47.829490058780699 ], [ 1.79096615023494, 47.829432067398102 ], [ 1.79087697076828, 47.829362469491997 ], [ 1.79080777921326, 47.829307389377398 ], [ 1.79080436600352, 47.829304653850897 ], [ 1.79063780226604, 47.829175840603099 ], [ 1.79040391432311, 47.828980444592503 ], [ 1.79016495138603, 47.828779054988203 ], [ 1.79015393470686, 47.828769760198298 ], [ 1.79013386906135, 47.828752811116203 ], [ 1.79008490902698, 47.828713331169901 ], [ 1.79008070840374, 47.828709957418603 ], [ 1.78981750788931, 47.828528209364002 ], [ 1.78980448062589, 47.828519163819898 ], [ 1.78980276997546, 47.828517976021097 ], [ 1.78955602391096, 47.828347468522303 ], [ 1.78947298809913, 47.828289994363303 ], [ 1.78944116491721, 47.828272833754902 ], [ 1.78934384917897, 47.828220252681 ], [ 1.78904108641796, 47.828056186492098 ], [ 1.78903263826762, 47.828051508678399 ], [ 1.78884197461367, 47.827948276955901 ], [ 1.78865065172558, 47.827844678054603 ], [ 1.78864101117885, 47.827839537837299 ], [ 1.78857948356784, 47.8278061381409 ], [ 1.78851861395633, 47.827773195264697 ], [ 1.78834590922947, 47.827679689427299 ], [ 1.78834458928887, 47.827678955698701 ], [ 1.78808434191734, 47.8275381890776 ], [ 1.78805106811789, 47.827520202981802 ], [ 1.78802306996541, 47.827505331785098 ], [ 1.78794731197457, 47.827468814280998 ], [ 1.787683374973, 47.827343400482697 ], [ 1.78758432568901, 47.827296650680097 ], [ 1.7871145704554, 47.827111590031599 ], [ 1.78684312962411, 47.827004728950797 ], [ 1.78674006467167, 47.826964147628097 ], [ 1.78664911822615, 47.826960686186801 ], [ 1.78633620775243, 47.827060330289903 ], [ 1.78614967555764, 47.827121947147504 ], [ 1.78608312657607, 47.827144661048003 ], [ 1.78565733714396, 47.827288050164597 ], [ 1.78555623423875, 47.827319587022302 ], [ 1.78551032804837, 47.827333873346703 ], [ 1.78535510947394, 47.827382131610797 ], [ 1.7843019329027, 47.827722349834602 ], [ 1.78427782505484, 47.827730290882101 ], [ 1.78418084876339, 47.827762499428196 ], [ 1.7838077144885, 47.827882484919698 ], [ 1.78349856799723, 47.827980720373198 ], [ 1.78317270951176, 47.828084902337501 ], [ 1.78310129980036, 47.828109634369497 ], [ 1.78270297295178, 47.8282379959727 ], [ 1.7819751851765, 47.828469957415997 ], [ 1.78197365150476, 47.828501895427301 ], [ 1.78247862092594, 47.828701654005897 ], [ 1.78251465493007, 47.828715799866401 ], [ 1.78266421257448, 47.828774959793201 ], [ 1.78280052011989, 47.8288290313658 ], [ 1.78281045433824, 47.828833004968999 ], [ 1.78306518987214, 47.828933941172401 ], [ 1.78314771910754, 47.8289665715985 ], [ 1.783168118081, 47.828974704271502 ], [ 1.7832241525902, 47.828996888430702 ], [ 1.7832621689074, 47.829012044747699 ], [ 1.78326919199244, 47.829014727947097 ], [ 1.78340311793415, 47.829067783963502 ], [ 1.78345769291602, 47.829089502808898 ], [ 1.78366646397448, 47.829172228584 ], [ 1.78392464854465, 47.829274458800001 ], [ 1.78436551097923, 47.829449061124897 ], [ 1.78459164759699, 47.8295382660136 ], [ 1.78467126744072, 47.829569605025 ], [ 1.78467590367604, 47.829571453299202 ], [ 1.7847005446053, 47.829581159852097 ], [ 1.78475989463836, 47.829604547763701 ], [ 1.7848625643357, 47.829645036620498 ], [ 1.78491860231488, 47.829667129971803 ], [ 1.78504684261794, 47.829717604829902 ], [ 1.78507678197517, 47.829729436454897 ], [ 1.78522529059504, 47.8297879520753 ], [ 1.78540996667622, 47.829860703841 ], [ 1.7855185977247, 47.829903594143197 ], [ 1.78558666595786, 47.829931572472503 ], [ 1.78560560179806, 47.829939419522503 ], [ 1.78561368396874, 47.8299425636012 ], [ 1.78576580617657, 47.830000935920701 ], [ 1.78591850239391, 47.8300634544849 ], [ 1.78617446276281, 47.8301639463672 ], [ 1.78617724456641, 47.830165055295701 ], [ 1.78623155452585, 47.830186770069403 ], [ 1.78631274302195, 47.830219744369202 ], [ 1.78639223947607, 47.830250720857698 ], [ 1.78663518488778, 47.830347566572101 ], [ 1.78690912817155, 47.830456793929102 ], [ 1.78711220442925, 47.830537654258301 ], [ 1.78719088970908, 47.830569071853802 ], [ 1.78720519576035, 47.830574800499903 ], [ 1.78727527447521, 47.830602618592799 ], [ 1.78750722725568, 47.830695118243902 ], [ 1.78775666980923, 47.8307944590453 ], [ 1.78796318642787, 47.830876973621699 ], [ 1.78804081793026, 47.830907749661797 ], [ 1.78828639708564, 47.831006599317497 ], [ 1.78837504135921, 47.831040999356802 ], [ 1.78843821492047, 47.8310668551552 ], [ 1.7885646073384, 47.831116586876 ], [ 1.78865628066556, 47.831152998229797 ], [ 1.78974380356401, 47.830116051496297 ], [ 1.78978088752823, 47.830075974360199 ], [ 1.7893064995473, 47.829860496625301 ], [ 1.7898158687938, 47.830091862282799 ], [ 1.78981957386484, 47.830093520718499 ], [ 1.78991006451022, 47.830134869515298 ], [ 1.7901120780827, 47.830227325065898 ] ] ], [ [ [ 1.78868673765674, 47.832579624230199 ], [ 1.78978294177107, 47.831696955887502 ], [ 1.7897675707259, 47.831649901613901 ], [ 1.78917820569456, 47.831414559710502 ], [ 1.78911806213113, 47.831390625841102 ], [ 1.78905752178939, 47.831366507820697 ], [ 1.78868606675178, 47.831218563800597 ], [ 1.78833488891262, 47.831078389015801 ], [ 1.7881051844378, 47.830986814400298 ], [ 1.78772419861741, 47.830834988284401 ], [ 1.78754337724937, 47.830762910206701 ], [ 1.78751886889585, 47.830753205639702 ], [ 1.78749500618764, 47.830744497863499 ], [ 1.78731178603715, 47.830672124581 ], [ 1.78684563078933, 47.830486200637203 ], [ 1.78668415710876, 47.8304216122539 ], [ 1.78656599430511, 47.830374573933298 ], [ 1.78632542773101, 47.830278922841799 ], [ 1.78612131740426, 47.830196610235198 ], [ 1.785995209069, 47.830146338683797 ], [ 1.78568470511364, 47.830022688802899 ], [ 1.78564841032121, 47.830008181200398 ], [ 1.78557873005104, 47.829980546257403 ], [ 1.78551788863858, 47.829958043436001 ], [ 1.78506606798138, 47.829777121276699 ], [ 1.78481011979668, 47.8296762669938 ], [ 1.78476932698603, 47.829659732253198 ], [ 1.7843548190373, 47.829495756002899 ], [ 1.78405079073197, 47.829375679237202 ], [ 1.78361522606216, 47.829203290928803 ], [ 1.78350157120119, 47.829158096417302 ], [ 1.78346302221756, 47.8291428446433 ], [ 1.78332962440144, 47.829090064213403 ], [ 1.78185993054417, 47.828506384722502 ], [ 1.78161945538693, 47.828582465852598 ], [ 1.78157353673739, 47.828597200573697 ], [ 1.78152367866253, 47.828614684682996 ], [ 1.78136599363879, 47.828665252364999 ], [ 1.78132531762994, 47.828678691311197 ], [ 1.78128831272604, 47.8287302430995 ], [ 1.78134880530321, 47.8288669686277 ], [ 1.78136583199173, 47.8289055803304 ], [ 1.78140620887611, 47.828992680653798 ], [ 1.78148243213571, 47.829160443372899 ], [ 1.78155826526194, 47.829298588324399 ], [ 1.78163126183521, 47.829432203184197 ], [ 1.78175738117273, 47.829662591745802 ], [ 1.78183109360676, 47.829805845061898 ], [ 1.78188659032105, 47.829915695009603 ], [ 1.78191926948241, 47.830093806280097 ], [ 1.78191786355664, 47.830120164905097 ], [ 1.78191001384334, 47.8301827310314 ], [ 1.78190310409414, 47.8302392761817 ], [ 1.78190263101026, 47.830242421652699 ], [ 1.78188773371491, 47.830361711509802 ], [ 1.78186521051829, 47.830545460024901 ], [ 1.78185748119596, 47.830620268880203 ], [ 1.78185688494704, 47.830652126579302 ], [ 1.78185384317594, 47.830761548348697 ], [ 1.78176249125647, 47.830950522470197 ], [ 1.78178932844837, 47.8309868956946 ], [ 1.78294770816394, 47.8313100024763 ], [ 1.78349921128149, 47.8314695540573 ], [ 1.78383571624183, 47.831567016053903 ], [ 1.78391526281972, 47.831589983740201 ], [ 1.78392323002238, 47.831592316640197 ], [ 1.78393717417247, 47.831596331721897 ], [ 1.78398812504355, 47.831618822772697 ], [ 1.78399633896006, 47.831622058335299 ], [ 1.78403739209211, 47.831638956056103 ], [ 1.78420121423678, 47.831706092688698 ], [ 1.78433760462231, 47.831774474880199 ], [ 1.78445302758521, 47.831836158769498 ], [ 1.78464572190999, 47.831938518278498 ], [ 1.78485323704072, 47.832065063946899 ], [ 1.78496306452866, 47.832131819945197 ], [ 1.78506208344894, 47.832191893054699 ], [ 1.78508758715314, 47.832204848828503 ], [ 1.7852682065323, 47.832303391714497 ], [ 1.78552159413113, 47.832435001891703 ], [ 1.78569319695479, 47.832524539635799 ], [ 1.78571634876988, 47.832535130630298 ], [ 1.78573088343313, 47.832542572019101 ], [ 1.7859029105033, 47.832631123717597 ], [ 1.78626141888908, 47.8328134165438 ], [ 1.78646843300283, 47.832921231782997 ], [ 1.78666012962371, 47.833020787177198 ], [ 1.78678897874833, 47.833097729401601 ], [ 1.78712269439983, 47.833283003358297 ], [ 1.78717457782482, 47.8333116233498 ], [ 1.78717866961365, 47.833313915939399 ], [ 1.78723133856932, 47.833343264115399 ], [ 1.78749993299664, 47.833476737314001 ], [ 1.78757668843471, 47.833469880026797 ], [ 1.78868673765674, 47.832579624230199 ] ] ], [ [ [ 1.79005625002141, 47.831476369535302 ], [ 1.79039337530803, 47.8312063048553 ], [ 1.78949640208185, 47.830795960115601 ], [ 1.78919637317289, 47.831080537067898 ], [ 1.78913037651642, 47.831143403223997 ], [ 1.78898374874241, 47.831283656048903 ], [ 1.78981753855289, 47.831615853172899 ], [ 1.7898954482379, 47.831605135839297 ], [ 1.78998365973951, 47.8315352976499 ], [ 1.79005625002141, 47.831476369535302 ] ] ], [ [ [ 1.80193979952719, 47.831301353761198 ], [ 1.80221131036954, 47.831134457542902 ], [ 1.8006703504789, 47.830190516498597 ], [ 1.80045036259462, 47.830390340187499 ], [ 1.79995566134173, 47.8308454128831 ], [ 1.79989602841207, 47.8308993490338 ], [ 1.79968771494413, 47.831091009773097 ], [ 1.79947843601783, 47.831283920401098 ], [ 1.79927475694018, 47.831471487352999 ], [ 1.79895353608126, 47.831767303004497 ], [ 1.79896292308429, 47.831819245280201 ], [ 1.80003890946145, 47.832339271176401 ], [ 1.80012135767064, 47.832334714227898 ], [ 1.80040149044709, 47.8321535087168 ], [ 1.80048627612811, 47.832098659504503 ], [ 1.80065884739767, 47.831998172660498 ], [ 1.800839137301, 47.831893263968503 ], [ 1.80092663499878, 47.831848523360499 ], [ 1.80121089568569, 47.831703362372799 ], [ 1.80129379404595, 47.831661004757599 ], [ 1.80169414369649, 47.831453841846702 ], [ 1.80193979952719, 47.831301353761198 ] ] ], [ [ [ 1.80371051973378, 47.8311916172945 ], [ 1.80407116085788, 47.831061450330303 ], [ 1.80331715006733, 47.830477419656198 ], [ 1.80229402724206, 47.831153484610397 ], [ 1.80199223941278, 47.831341134168802 ], [ 1.80198259097853, 47.831395582021202 ], [ 1.80258023020682, 47.831990085686598 ], [ 1.80258179747444, 47.831991721881202 ], [ 1.80332897417357, 47.8327374357943 ], [ 1.80338940929063, 47.832736882391202 ], [ 1.8034726701344, 47.832660592997101 ], [ 1.80384143573328, 47.832502516373097 ], [ 1.8031500333087, 47.831808680980501 ], [ 1.803932396117, 47.8314600419885 ], [ 1.80371051973378, 47.8311916172945 ] ] ], [ [ [ 1.81778339211681, 47.831695018071102 ], [ 1.81780745414437, 47.831328288549201 ], [ 1.81777149402253, 47.831268249139903 ], [ 1.81698128891069, 47.830814188046098 ], [ 1.81680246133445, 47.830710851989203 ], [ 1.81627526359877, 47.830404266222502 ], [ 1.81584095894787, 47.830152352358702 ], [ 1.81532347122158, 47.829854411156603 ], [ 1.81484893258601, 47.829596866330697 ], [ 1.81466197927122, 47.829492634627996 ], [ 1.81442969799203, 47.829365081639097 ], [ 1.81433329303151, 47.8293124408086 ], [ 1.81418801173132, 47.829233742624297 ], [ 1.81394977718613, 47.829103518130601 ], [ 1.81383541312324, 47.829041064084301 ], [ 1.81357578992799, 47.828899011063903 ], [ 1.81333533273065, 47.828766692533797 ], [ 1.81273040138461, 47.828435180514703 ], [ 1.81253784355677, 47.828330888521698 ], [ 1.812313899084, 47.828207556071099 ], [ 1.81217891675285, 47.828134810297797 ], [ 1.81170697794228, 47.827875928370197 ], [ 1.81112228363245, 47.827554873987701 ], [ 1.81101044314581, 47.827493432768399 ], [ 1.81099380439299, 47.827484352984499 ], [ 1.81088117044597, 47.827422543547399 ], [ 1.81083218172824, 47.827395673580497 ], [ 1.81075678620545, 47.8273542240591 ], [ 1.81074582739525, 47.827348172200999 ], [ 1.81062421358687, 47.827281500858099 ], [ 1.8100845575831, 47.826985200809403 ], [ 1.81001214979641, 47.826995447250603 ], [ 1.80918719341662, 47.827961527343 ], [ 1.8084846431982, 47.828784648317303 ], [ 1.80850452728914, 47.828833816159303 ], [ 1.80855830238597, 47.828855875136902 ], [ 1.80869591840479, 47.828912359915698 ], [ 1.80870850112686, 47.828917528351802 ], [ 1.80879287265023, 47.828952139518996 ], [ 1.80884876604042, 47.828975119985998 ], [ 1.80897711264235, 47.829027729812502 ], [ 1.80899644849586, 47.829035757141803 ], [ 1.80911197756031, 47.829081755857104 ], [ 1.80953830807046, 47.8292581853784 ], [ 1.80973475436948, 47.829373773061803 ], [ 1.80974781142202, 47.829381646515202 ], [ 1.81014546408529, 47.829621240085203 ], [ 1.81019968532467, 47.829653293984201 ], [ 1.8102839852163, 47.829697174402298 ], [ 1.81051164021637, 47.8298160477217 ], [ 1.81054519234338, 47.829833940140603 ], [ 1.81070728124012, 47.829920014168401 ], [ 1.81132805011611, 47.830242875819401 ], [ 1.81136981011165, 47.8302643616083 ], [ 1.81156592378158, 47.830365270996097 ], [ 1.81183719485323, 47.830500605559699 ], [ 1.81195236466207, 47.8305569489454 ], [ 1.81220188015699, 47.830678920672597 ], [ 1.8122079513282, 47.830682402570503 ], [ 1.81236317141212, 47.830771014937099 ], [ 1.81247087339681, 47.830832592772303 ], [ 1.81266753788062, 47.8309449371474 ], [ 1.81285218226972, 47.831050858752498 ], [ 1.81307497036291, 47.831178678654602 ], [ 1.81329608670247, 47.8313275436319 ], [ 1.81377779824586, 47.831653394844899 ], [ 1.81418930797107, 47.831932538753399 ], [ 1.8146830137679, 47.832266518236203 ], [ 1.81485657204373, 47.832372414464501 ], [ 1.81588951225657, 47.8329898792026 ], [ 1.81595099287066, 47.8330264141185 ], [ 1.81618965563946, 47.833168429692599 ], [ 1.81665451192493, 47.833406248231199 ], [ 1.81684735603097, 47.833504865134202 ], [ 1.81698244100282, 47.8335678850354 ], [ 1.81726133874563, 47.833698242865097 ], [ 1.81731888197931, 47.833677490815901 ], [ 1.81733390243872, 47.833428944036299 ], [ 1.81735088167607, 47.833356747047603 ], [ 1.81738912314981, 47.833182062795899 ], [ 1.81746579964824, 47.832926126815799 ], [ 1.81757129273054, 47.832600633362397 ], [ 1.81765996749776, 47.832322045570102 ], [ 1.81767448938516, 47.832264135355402 ], [ 1.81768796964693, 47.832210985180502 ], [ 1.81774348017159, 47.831999030549397 ], [ 1.81778339211681, 47.831695018071102 ] ] ], [ [ [ 1.79765426263041, 47.831445521219301 ], [ 1.79773638578029, 47.8313134174876 ], [ 1.79770834486468, 47.831258853532702 ], [ 1.7975403030565, 47.831176660855597 ], [ 1.79679522398919, 47.830821216414101 ], [ 1.79655452611338, 47.830706862961797 ], [ 1.79535787407265, 47.830134888228997 ], [ 1.79507739094106, 47.830000950587902 ], [ 1.79504975168891, 47.829987795017303 ], [ 1.79493324830426, 47.829932141197901 ], [ 1.79481476911664, 47.829875206799102 ], [ 1.79471083760031, 47.829825172627203 ], [ 1.79468690373357, 47.829813675251003 ], [ 1.79465486883148, 47.829799844323198 ], [ 1.79450939088694, 47.829731020666401 ], [ 1.7941219425909, 47.829545484827001 ], [ 1.79387837946194, 47.829428305875297 ], [ 1.79347440431437, 47.829234946890999 ], [ 1.79338729932574, 47.8292387311227 ], [ 1.79194984145709, 47.830066971787197 ], [ 1.7919445923874, 47.8301156135771 ], [ 1.79226134250794, 47.830359205486197 ], [ 1.79245235022073, 47.830506810225401 ], [ 1.79275875158063, 47.830741293032503 ], [ 1.79286537725064, 47.830825740768603 ], [ 1.79289506069573, 47.830843058389299 ], [ 1.79292837378666, 47.8308653639602 ], [ 1.79300171164769, 47.8309146347096 ], [ 1.79310085962875, 47.8309810930974 ], [ 1.79311152129365, 47.830988403697198 ], [ 1.79319983131862, 47.831049439808098 ], [ 1.79345808679513, 47.831220417594999 ], [ 1.79349587889677, 47.831245649426698 ], [ 1.79384677682678, 47.8314459328911 ], [ 1.79430080720638, 47.831666898084499 ], [ 1.79465904803799, 47.8317911954598 ], [ 1.79493957194309, 47.831888319918001 ], [ 1.7958033062581, 47.832169385520999 ], [ 1.7964468216213, 47.832376356024803 ], [ 1.79675298153805, 47.832475089329101 ], [ 1.7976024475641, 47.832749514213901 ], [ 1.79763605010168, 47.8327296063811 ], [ 1.79754841548185, 47.832573349440402 ], [ 1.79747510342416, 47.8323689935958 ], [ 1.79746996388526, 47.832336177017503 ], [ 1.79743323356818, 47.832110233662704 ], [ 1.79743461143804, 47.832102506877597 ], [ 1.79743694995446, 47.832087769113798 ], [ 1.79745674022208, 47.831927933128497 ], [ 1.79745675650597, 47.8319272132102 ], [ 1.79752788540531, 47.831761152887601 ], [ 1.79755126795452, 47.831702525692798 ], [ 1.79765426263041, 47.831445521219301 ] ] ], [ [ [ 1.81489201282234, 47.833852901965102 ], [ 1.81571244778873, 47.833005193033102 ], [ 1.81570271342984, 47.832950098434097 ], [ 1.815307085026, 47.832713425456703 ], [ 1.81490945342746, 47.832476820841897 ], [ 1.81467825856791, 47.832341898835203 ], [ 1.81466838752332, 47.832334958268298 ], [ 1.81457966382621, 47.8322733043886 ], [ 1.81443716500829, 47.832177352874503 ], [ 1.81430009001097, 47.832083976310898 ], [ 1.81408532250292, 47.831937877872697 ], [ 1.8136717191341, 47.831656732184797 ], [ 1.81355099991396, 47.831573331296703 ], [ 1.81346313396282, 47.831515285614202 ], [ 1.81312959151891, 47.8312887742212 ], [ 1.81302412154909, 47.831216958429799 ], [ 1.81277879983278, 47.831074598626799 ], [ 1.81256572362691, 47.8309548874225 ], [ 1.81220769144105, 47.8307538682485 ], [ 1.81212980113431, 47.830710144215999 ], [ 1.81182607140576, 47.8305616999736 ], [ 1.81173138498983, 47.830515915247503 ], [ 1.8116468825867, 47.830475004209703 ], [ 1.81149878353259, 47.830396814244402 ], [ 1.81148068177196, 47.830387359683797 ], [ 1.8108103161409, 47.830040683175298 ], [ 1.810142265373, 47.829692495987402 ], [ 1.81004663901115, 47.829635088947001 ], [ 1.80972864325424, 47.829443739256 ], [ 1.80948871030886, 47.829300256816701 ], [ 1.80944986634078, 47.829285910775198 ], [ 1.80909496250169, 47.829137209595103 ], [ 1.8089997329015, 47.829097987833201 ], [ 1.80877139020719, 47.829004127428298 ], [ 1.80874383938229, 47.828992866228397 ], [ 1.80872344254005, 47.828984468034797 ], [ 1.8085935067493, 47.828931211703598 ], [ 1.80846304473306, 47.8288775898341 ], [ 1.80838624267256, 47.828892921239998 ], [ 1.80774758226638, 47.829637657571297 ], [ 1.80711271219096, 47.830373517799401 ], [ 1.80712961510154, 47.830424455719097 ], [ 1.80715476076913, 47.830435692817296 ], [ 1.80725137061964, 47.830478980552101 ], [ 1.80737723296377, 47.830535167215302 ], [ 1.80739774566312, 47.830544376905003 ], [ 1.80742487589409, 47.8305565342337 ], [ 1.80764761234858, 47.830656190810302 ], [ 1.80764933153914, 47.8306570183872 ], [ 1.80808618673771, 47.830853272276102 ], [ 1.80809478880937, 47.830857140157498 ], [ 1.80838933979498, 47.830991279188702 ], [ 1.80873650728797, 47.831145664315798 ], [ 1.8088214759849, 47.831183611837297 ], [ 1.80951828673206, 47.8314955538874 ], [ 1.81020324873428, 47.8317997205449 ], [ 1.81022561532452, 47.831809758628197 ], [ 1.81045999223768, 47.8319153784715 ], [ 1.81056427840258, 47.831962341674497 ], [ 1.81095640925107, 47.832139048624803 ], [ 1.81151843451053, 47.832388044435 ], [ 1.81190475754292, 47.832561718900102 ], [ 1.81229245777667, 47.832733695801899 ], [ 1.81239807761549, 47.832780940858598 ], [ 1.81253850944443, 47.832843660087299 ], [ 1.81256988058042, 47.832857569327999 ], [ 1.81326861237126, 47.833169237768203 ], [ 1.81331983842617, 47.833191988727997 ], [ 1.81342254993199, 47.833237853244398 ], [ 1.8135915652769, 47.8333137318767 ], [ 1.81395858968175, 47.833478203062 ], [ 1.81439219022636, 47.833672599543902 ], [ 1.81481827213751, 47.833862597886302 ], [ 1.81489201282234, 47.833852901965102 ] ] ], [ [ [ 1.81431021636824, 47.835316167677 ], [ 1.81480724713767, 47.8339553770411 ], [ 1.81478051178224, 47.833901370701199 ], [ 1.81300923432395, 47.833111166140803 ], [ 1.81289672985751, 47.8330608816186 ], [ 1.81269091369751, 47.832968877534498 ], [ 1.81267119299816, 47.832960036863 ], [ 1.81216664477021, 47.8327346716721 ], [ 1.81171689983907, 47.8325336223484 ], [ 1.81117821284635, 47.832292965083901 ], [ 1.81063056156566, 47.8320469037225 ], [ 1.81030719929967, 47.8319034771662 ], [ 1.81003126490334, 47.8317792531778 ], [ 1.80972327776271, 47.831641831664903 ], [ 1.80968529433475, 47.831624794160199 ], [ 1.80871995203928, 47.831192481606998 ], [ 1.80864373735358, 47.831157593300503 ], [ 1.80857188864815, 47.831124729535603 ], [ 1.80822342568001, 47.830968530535699 ], [ 1.80709264939601, 47.830463414272998 ], [ 1.80702259541251, 47.830475753091001 ], [ 1.80678269772068, 47.8307536950173 ], [ 1.80614819166885, 47.830567305379098 ], [ 1.80577317488259, 47.830457094020403 ], [ 1.80546686983297, 47.830834628751397 ], [ 1.80536680487182, 47.830873754035999 ], [ 1.80538008539126, 47.830913313970797 ], [ 1.80538685525761, 47.830933275278802 ], [ 1.80540205023225, 47.8310006679799 ], [ 1.80539994051519, 47.831070764718497 ], [ 1.80541229253617, 47.831074310959401 ], [ 1.80584868673309, 47.831356348538499 ], [ 1.80642431598122, 47.831730352330098 ], [ 1.80626480350791, 47.8318808463194 ], [ 1.80611007282728, 47.8320267082279 ], [ 1.80595310392062, 47.832176957651299 ], [ 1.8057990094363, 47.832324175777501 ], [ 1.80578821685836, 47.832334507080901 ], [ 1.80582801019921, 47.8323602052876 ], [ 1.80636850161589, 47.832709998411197 ], [ 1.80638549972902, 47.832720972693103 ], [ 1.80669184771126, 47.832919413313697 ], [ 1.80675350640858, 47.8329596453584 ], [ 1.80681990787625, 47.833002985983001 ], [ 1.80715985299876, 47.833223459683097 ], [ 1.80762104503905, 47.8335215841213 ], [ 1.80840454070482, 47.834028745912697 ], [ 1.80854489261603, 47.8341188322281 ], [ 1.80888093521576, 47.834335120524997 ], [ 1.80901944180509, 47.8344241073723 ], [ 1.80903920738941, 47.834436909561298 ], [ 1.80964146252709, 47.834824308240897 ], [ 1.80977035599941, 47.834906895848 ], [ 1.80984796173425, 47.834957549202599 ], [ 1.80985230984658, 47.834960383650802 ], [ 1.81000173568614, 47.835057400996803 ], [ 1.81014510260867, 47.835150396212597 ], [ 1.8102274581706, 47.835203887814103 ], [ 1.81046680333411, 47.835356993096099 ], [ 1.81062180061664, 47.835456046347602 ], [ 1.81065659423758, 47.8354783617335 ], [ 1.81086430142577, 47.835611613055001 ], [ 1.81095113024591, 47.835668389847797 ], [ 1.81100027319499, 47.835700661735999 ], [ 1.8112372069547, 47.835854190958003 ], [ 1.8113530465006, 47.835928903518599 ], [ 1.8115598135532, 47.836062504049401 ], [ 1.81157140833422, 47.836070092400199 ], [ 1.81243683073984, 47.836629541773398 ], [ 1.8125192684574, 47.836625696038197 ], [ 1.8125777573756, 47.836586773824699 ], [ 1.81285714751306, 47.836395990614797 ], [ 1.81335034938176, 47.836059303770597 ], [ 1.81346792758445, 47.835978404213499 ], [ 1.81347213519849, 47.835975566460696 ], [ 1.81391013962708, 47.835679813448202 ], [ 1.81393240846349, 47.835664376909001 ], [ 1.81394381420302, 47.835656481361603 ], [ 1.8142134409256, 47.835471446830503 ], [ 1.81426520043548, 47.835434435952401 ], [ 1.81428749088429, 47.835376064704803 ], [ 1.81431021636824, 47.835316167677 ] ] ], [ [ [ 1.79739892532688, 47.833065524613403 ], [ 1.79761881770376, 47.832853194273497 ], [ 1.79759963212285, 47.8328089823586 ], [ 1.79695504193059, 47.832601827283902 ], [ 1.796326657752, 47.832399425487999 ], [ 1.79618799741501, 47.8323538068339 ], [ 1.79614965271286, 47.832341081715597 ], [ 1.79543117331588, 47.832109306654601 ], [ 1.79497042418117, 47.831960285496898 ], [ 1.79425009128693, 47.831710481850202 ], [ 1.79411591537412, 47.831644114324597 ], [ 1.79408008342683, 47.831626733797002 ], [ 1.79405588771982, 47.8316149635858 ], [ 1.79379145056809, 47.831486498687703 ], [ 1.79366119343305, 47.831412430008399 ], [ 1.79343855609003, 47.831285834475999 ], [ 1.79334451301642, 47.831224109488303 ], [ 1.79317836924442, 47.831111596389597 ], [ 1.79299616687504, 47.830988116446697 ], [ 1.79274302921472, 47.8308155700905 ], [ 1.79234340552773, 47.830506858363897 ], [ 1.79217473078533, 47.830376495539902 ], [ 1.79084307153044, 47.831446681258299 ], [ 1.79100391411319, 47.831551132065798 ], [ 1.79102354064669, 47.831563935934199 ], [ 1.79143085130932, 47.831828535908599 ], [ 1.79169289399889, 47.831997486311998 ], [ 1.79187759853887, 47.832116763477998 ], [ 1.7918833971614, 47.832120423650501 ], [ 1.79204886623662, 47.832227350898002 ], [ 1.79235398979147, 47.8324242868119 ], [ 1.79271100218272, 47.832655690166497 ], [ 1.79273010311988, 47.832668128278499 ], [ 1.79275197796444, 47.832682035116797 ], [ 1.79276475988913, 47.832690177663103 ], [ 1.79288268246563, 47.832765920503597 ], [ 1.7934196731162, 47.833113307729398 ], [ 1.79345485280178, 47.833135902343102 ], [ 1.79380729096348, 47.833363114611203 ], [ 1.79406392629395, 47.833529483491802 ], [ 1.79406985478803, 47.833533324906902 ], [ 1.79409357081413, 47.833548600574801 ], [ 1.79489336366034, 47.834062502297101 ], [ 1.79492548694779, 47.834084344949403 ], [ 1.79494012433708, 47.834093226397499 ], [ 1.79520807706651, 47.834256018499097 ], [ 1.79534508724966, 47.834339245685797 ], [ 1.79545229627461, 47.834404344498999 ], [ 1.79552306624203, 47.834396160380599 ], [ 1.79562316110764, 47.834291426038497 ], [ 1.79576791200555, 47.834168698038397 ], [ 1.79590484118711, 47.834048949902602 ], [ 1.79608045912711, 47.833932659177997 ], [ 1.79609063983647, 47.833925832885697 ], [ 1.79624902664153, 47.8338207063344 ], [ 1.79647599599883, 47.833668127817297 ], [ 1.79662803252092, 47.8335659059276 ], [ 1.79662925370045, 47.833565108364198 ], [ 1.79671649195149, 47.8335084868161 ], [ 1.7968351989811, 47.833431755685297 ], [ 1.79713246540448, 47.8332384922806 ], [ 1.79739132701912, 47.833070487281098 ], [ 1.79739892532688, 47.833065524613403 ] ] ] ] } },
{ "type": "Feature", "properties": { "Name": null, "id": "" }, "geometry": { "type": "MultiPolygon", "coordinates": [ [ [ [ 1.88967440186759, 47.850511926851098 ], [ 1.88967515858953, 47.849989256630103 ], [ 1.88967498164283, 47.849933719911299 ], [ 1.88967495364007, 47.849883855115799 ], [ 1.88967338251305, 47.849747837880301 ], [ 1.88965940870993, 47.849687040090501 ], [ 1.88961620133523, 47.849502204302098 ], [ 1.8895997305584, 47.849432922087502 ], [ 1.88958303004464, 47.849361837528399 ], [ 1.88957637662965, 47.849334682073398 ], [ 1.88956974390361, 47.849306536722999 ], [ 1.8895391077377, 47.849179245109099 ], [ 1.88952555411353, 47.849117551175901 ], [ 1.88947958078475, 47.848905146562402 ], [ 1.88945182410657, 47.848908844138201 ], [ 1.8893267998419, 47.848512074146299 ], [ 1.88930137876088, 47.848391222368598 ], [ 1.88929105328622, 47.848341440033899 ], [ 1.88926801276002, 47.848234652067603 ], [ 1.88924710021828, 47.848134814877703 ], [ 1.88923056467637, 47.847998295746301 ], [ 1.88922886214964, 47.847983788289902 ], [ 1.88921552815259, 47.847866831260703 ], [ 1.88917858687137, 47.847542271525199 ], [ 1.8891559373259, 47.847544757276502 ], [ 1.88890628542041, 47.847557964146503 ], [ 1.88848650811206, 47.847579549407897 ], [ 1.88844702146101, 47.8475815154382 ], [ 1.88832602143359, 47.847587389376002 ], [ 1.88817463296825, 47.8475949553318 ], [ 1.88785778673621, 47.847611483403199 ], [ 1.88777345831435, 47.847615724283401 ], [ 1.88766396465642, 47.8476212566028 ], [ 1.88764763409268, 47.847622091828903 ], [ 1.88745357281679, 47.847630512288099 ], [ 1.88741810612724, 47.847632066059802 ], [ 1.88722165348, 47.847639743386701 ], [ 1.88697997677284, 47.847648791432498 ], [ 1.88697488723206, 47.847649193179798 ], [ 1.88694945083445, 47.847650661970199 ], [ 1.88681572958804, 47.8476510131377 ], [ 1.88673349115257, 47.847651222730697 ], [ 1.88670433789214, 47.847651396074298 ], [ 1.88663627408156, 47.847651560116901 ], [ 1.88656339941239, 47.847651588444798 ], [ 1.8864084313057, 47.847651287418998 ], [ 1.8863167104974, 47.847650956653901 ], [ 1.88621014097021, 47.8476509348638 ], [ 1.88618593413856, 47.847651155047203 ], [ 1.88596019075233, 47.847652791589198 ], [ 1.88585788789676, 47.847653350052497 ], [ 1.88582793062201, 47.847653605549702 ], [ 1.8858215174044, 47.847653364615297 ], [ 1.88582869058891, 47.847910766627997 ], [ 1.88582957471343, 47.847932377028499 ], [ 1.88574284300968, 47.847936413609801 ], [ 1.88571620702177, 47.847937690721999 ], [ 1.88564807869077, 47.8479409138656 ], [ 1.88548424641465, 47.847948808182799 ], [ 1.88543766258917, 47.8479512458185 ], [ 1.88486225047593, 47.847978539868102 ], [ 1.8848535513089, 47.847978907207199 ], [ 1.88485334024822, 47.848014458501197 ], [ 1.88472946602925, 47.848042533479699 ], [ 1.88457548685206, 47.848077882755298 ], [ 1.88448116166872, 47.848099667851798 ], [ 1.88425394033165, 47.848152501828899 ], [ 1.88425681869599, 47.848161890077201 ], [ 1.88429792748211, 47.848292883218498 ], [ 1.88433050653572, 47.848454398040097 ], [ 1.88433352196535, 47.848469998163701 ], [ 1.88435461096097, 47.848554626566198 ], [ 1.88438211774232, 47.848658397765 ], [ 1.88438507884481, 47.8486702170187 ], [ 1.88441030819266, 47.848761455385599 ], [ 1.8844818917752, 47.849007768860702 ], [ 1.88431391264643, 47.849028313306597 ], [ 1.88429353498267, 47.849030819733898 ], [ 1.88429608251321, 47.849087819224401 ], [ 1.88429848807663, 47.849100623284599 ], [ 1.88430879536404, 47.849157426554299 ], [ 1.88434480217669, 47.849372258797203 ], [ 1.88436608835923, 47.849498472853 ], [ 1.88440339771065, 47.8497277187425 ], [ 1.88441738627156, 47.849844862529402 ], [ 1.88444011511181, 47.850029775637203 ], [ 1.88458810270415, 47.850203728739899 ], [ 1.88459812813023, 47.850229386410902 ], [ 1.88465542499707, 47.850372864300802 ], [ 1.88469151885217, 47.850462585657901 ], [ 1.88469571170068, 47.850473066477598 ], [ 1.88484830003855, 47.850478837565802 ], [ 1.88511756209633, 47.850487697594602 ], [ 1.88530328597965, 47.850494773105503 ], [ 1.88533201329717, 47.8504958561631 ], [ 1.88541725939558, 47.8504990964013 ], [ 1.88545640733642, 47.850500638474699 ], [ 1.88551666956893, 47.850502831182403 ], [ 1.88555181045546, 47.850504155136903 ], [ 1.88571135297555, 47.850509901160997 ], [ 1.88586113960442, 47.850515374290801 ], [ 1.88589654789684, 47.850516700681702 ], [ 1.88604006223859, 47.850521573961402 ], [ 1.88619773314018, 47.850527301549299 ], [ 1.88650598734728, 47.850538778818098 ], [ 1.88677388853428, 47.850548792227897 ], [ 1.88702658820875, 47.850556770621999 ], [ 1.88717367115379, 47.8505572659706 ], [ 1.88731433864271, 47.850557610272702 ], [ 1.88736073822038, 47.850557690355998 ], [ 1.88744684699227, 47.850558057038 ], [ 1.88756972556186, 47.850558592347703 ], [ 1.88758991722161, 47.850558603814598 ], [ 1.88793061640999, 47.850559674040298 ], [ 1.88795390376025, 47.850558724702601 ], [ 1.88805950558381, 47.850554145263402 ], [ 1.88814155077477, 47.850550602564802 ], [ 1.8881837097706, 47.850548841964901 ], [ 1.88832891716629, 47.850543107524999 ], [ 1.88844895982791, 47.850538574581201 ], [ 1.88865679458135, 47.850530642915302 ], [ 1.88877397691585, 47.850528602768698 ], [ 1.88889504014761, 47.8505264192491 ], [ 1.88902801723812, 47.850523628375399 ], [ 1.88925517173445, 47.850519028910597 ], [ 1.88936392561941, 47.850517178390298 ], [ 1.88940111340169, 47.850516540391503 ], [ 1.8895470512947, 47.850514231671603 ], [ 1.88956591351312, 47.850513870180698 ], [ 1.88967440186759, 47.850511926851098 ] ] ], [ [ [ 1.92223644288428, 47.852022171366201 ], [ 1.92222282517242, 47.852014485617801 ], [ 1.92185953311065, 47.851808360211002 ], [ 1.9215338233227, 47.851621840774101 ], [ 1.92131728978317, 47.851498429611297 ], [ 1.92109745134963, 47.851373187482302 ], [ 1.92098888609894, 47.851313053919803 ], [ 1.92090591452119, 47.851263506567399 ], [ 1.92085041739127, 47.851224112745598 ], [ 1.92076908487242, 47.851166299668897 ], [ 1.92063483195989, 47.851054175043998 ], [ 1.92054686689837, 47.851099089487498 ], [ 1.9203398606043, 47.851204653518003 ], [ 1.92004308774586, 47.8513713160389 ], [ 1.92002293457863, 47.851382561467801 ], [ 1.91977828642339, 47.851517570475004 ], [ 1.91975313144918, 47.851531470026501 ], [ 1.91959341582259, 47.8516194667001 ], [ 1.91950023485346, 47.851670902877103 ], [ 1.9191744304388, 47.851403999105102 ], [ 1.91911681457758, 47.851435960987899 ], [ 1.91910019999644, 47.8514770313909 ], [ 1.91893677658925, 47.851569763421203 ], [ 1.9188944214922, 47.851535170180497 ], [ 1.91881249981189, 47.851572128349098 ], [ 1.91862409617108, 47.8516964023977 ], [ 1.91855388642313, 47.851742649128497 ], [ 1.9185010225326, 47.851777624769198 ], [ 1.91845439661115, 47.8518083375332 ], [ 1.9183280678949, 47.851891779901898 ], [ 1.91824348955773, 47.851947524769699 ], [ 1.91843288968586, 47.852083202514301 ], [ 1.91861912593829, 47.852216690585401 ], [ 1.91872746702165, 47.852294375731297 ], [ 1.9187666079073, 47.852270074421803 ], [ 1.91907309875185, 47.852546522017498 ], [ 1.91901026727267, 47.852578435779598 ], [ 1.91907859455733, 47.852644500895501 ], [ 1.91932094661848, 47.852879223285797 ], [ 1.91938225034836, 47.8529224515934 ], [ 1.9193811697585, 47.8529229816846 ], [ 1.91976736866566, 47.853271807505401 ], [ 1.91978076484157, 47.853283811854702 ], [ 1.91979738033158, 47.853275594153402 ], [ 1.9198752892301, 47.853238778383599 ], [ 1.91988608599758, 47.853233927380003 ], [ 1.91991158980932, 47.853222641236798 ], [ 1.91992481149741, 47.853216912480903 ], [ 1.92007194024986, 47.853149681273997 ], [ 1.92008273698129, 47.853144830251999 ], [ 1.92030814915217, 47.853042046344498 ], [ 1.92034796775686, 47.853023871269201 ], [ 1.92036349152682, 47.8530167235308 ], [ 1.92041608827161, 47.852988315167302 ], [ 1.92045448543955, 47.852967696771401 ], [ 1.92047472686036, 47.852952131724699 ], [ 1.92052810871021, 47.852911399504102 ], [ 1.92060037105171, 47.8528562597659 ], [ 1.92071422928833, 47.8527678398696 ], [ 1.92072061192377, 47.852763038185103 ], [ 1.92074497050479, 47.852748861083697 ], [ 1.92097242144948, 47.852637723959099 ], [ 1.92104763266329, 47.852601962689697 ], [ 1.92121857088108, 47.852521087875097 ], [ 1.92137760780553, 47.852446763941302 ], [ 1.92156375355898, 47.852361078039898 ], [ 1.92164770743038, 47.852322786541301 ], [ 1.9217092401949, 47.852288879275399 ], [ 1.92175399692827, 47.852264538594902 ], [ 1.92185184528982, 47.8522136835984 ], [ 1.92188993743052, 47.852194862081099 ], [ 1.92196869112816, 47.852155802501201 ], [ 1.92208737564843, 47.852099558319097 ], [ 1.92210424685895, 47.852091882687098 ], [ 1.92223644288428, 47.852022171366201 ] ] ], [ [ [ 1.92562545242385, 47.850181192076398 ], [ 1.92528562986813, 47.849865842759399 ], [ 1.92523877287961, 47.849822299799797 ], [ 1.92527540057583, 47.849803013727801 ], [ 1.92518153029035, 47.849723666999097 ], [ 1.92483260455848, 47.8494289345821 ], [ 1.92478576636552, 47.8494439865757 ], [ 1.92440445329595, 47.849137614956597 ], [ 1.92439234668789, 47.849127963130499 ], [ 1.92433920654995, 47.849157088364599 ], [ 1.92432827732505, 47.849161938563697 ], [ 1.92400805019309, 47.848916340865699 ], [ 1.92393458004566, 47.8488598621338 ], [ 1.92380725221674, 47.848762295763898 ], [ 1.92362173023065, 47.848619911459302 ], [ 1.92353087804767, 47.848550221833897 ], [ 1.92344516346521, 47.8484843596095 ], [ 1.92343660484082, 47.848477800503503 ], [ 1.9233170608164, 47.848385525450297 ], [ 1.92326398226177, 47.8483456148466 ], [ 1.92314289713838, 47.848256835758598 ], [ 1.92299901602852, 47.848151465823797 ], [ 1.92295065775672, 47.8481161888038 ], [ 1.92272851340405, 47.847953484990398 ], [ 1.92247448302236, 47.847767535837399 ], [ 1.9222668355943, 47.847615405164802 ], [ 1.92226799451286, 47.847611005431602 ], [ 1.92222461151932, 47.847580994256901 ], [ 1.92213652340095, 47.847520239644801 ], [ 1.92171069017007, 47.847208409105697 ], [ 1.92172631247071, 47.8471963116559 ], [ 1.92169130492834, 47.847168717467198 ], [ 1.92167393191703, 47.847181428872602 ], [ 1.92165832238941, 47.847192896378303 ], [ 1.92157552804109, 47.847253520523203 ], [ 1.92150372469364, 47.847306234972599 ], [ 1.92148419616088, 47.847319736600802 ], [ 1.92140079324493, 47.847377384768201 ], [ 1.92131535195934, 47.847436634271197 ], [ 1.92118895044788, 47.847524399502099 ], [ 1.92100790128828, 47.847649645208598 ], [ 1.92087906131126, 47.8477389178056 ], [ 1.92082193068532, 47.847780155815499 ], [ 1.9208365581469, 47.847790731296897 ], [ 1.92085524956208, 47.847805304508 ], [ 1.92097740514646, 47.8479003964177 ], [ 1.92106493804992, 47.847968707440003 ], [ 1.92119485966304, 47.848069901061798 ], [ 1.92124870016748, 47.848111709795603 ], [ 1.92143456578409, 47.848256531339402 ], [ 1.92160121312273, 47.848386414612001 ], [ 1.92170309893879, 47.8484657480154 ], [ 1.92196281382884, 47.8486681324081 ], [ 1.92195510036621, 47.848672651911897 ], [ 1.9219218108625, 47.848692147660103 ], [ 1.92182938465719, 47.848746292876001 ], [ 1.92178743112852, 47.848771019405703 ], [ 1.9215546633064, 47.848907851520998 ], [ 1.92162755422961, 47.8489663966172 ], [ 1.92162900292467, 47.848967490028102 ], [ 1.92190676057663, 47.849190202061799 ], [ 1.92196952408389, 47.849240463147801 ], [ 1.92213359915644, 47.849372122063201 ], [ 1.92224662889976, 47.849462538261498 ], [ 1.9222739953747, 47.849484571558897 ], [ 1.92246688731904, 47.849639356680498 ], [ 1.92267517809493, 47.849806343914302 ], [ 1.92268229174778, 47.849811629691601 ], [ 1.92268493278511, 47.849813274085101 ], [ 1.92277121928214, 47.8498707713428 ], [ 1.92278718829263, 47.849881178863697 ], [ 1.92283987788441, 47.849920546019 ], [ 1.92292529381744, 47.849988026011403 ], [ 1.92309546697951, 47.850122529710298 ], [ 1.92321510628563, 47.850216875913503 ], [ 1.92318565818677, 47.850231546857501 ], [ 1.92314580617679, 47.850251522743399 ], [ 1.92312716849473, 47.850260622432202 ], [ 1.92314833231893, 47.8502786382304 ], [ 1.92320592976608, 47.8503266009849 ], [ 1.92333962778417, 47.850439887688097 ], [ 1.92334580572144, 47.850445164833502 ], [ 1.92338610393352, 47.850475777257202 ], [ 1.92346207401931, 47.850534349382102 ], [ 1.92349196718183, 47.850557125621002 ], [ 1.92351368790313, 47.8505740663674 ], [ 1.92352947436071, 47.8505869023099 ], [ 1.9236622451423, 47.8506998200764 ], [ 1.92369116251787, 47.850724567474501 ], [ 1.9237203454899, 47.850749407309202 ], [ 1.92374373698259, 47.850769693620201 ], [ 1.92384132927081, 47.850856726244601 ], [ 1.92385262852831, 47.850866640731297 ], [ 1.92401064844043, 47.8510072420152 ], [ 1.92403035677318, 47.8510245242298 ], [ 1.92404835803329, 47.851040260654202 ], [ 1.92406647379718, 47.851030525982097 ], [ 1.92411780796657, 47.850998234055901 ], [ 1.92442889943267, 47.850803880273403 ], [ 1.92450894276573, 47.850753759884398 ], [ 1.92453318210884, 47.850738770836003 ], [ 1.92459345436135, 47.8507008901693 ], [ 1.92473213777831, 47.850614224081397 ], [ 1.92478983129919, 47.8505782098349 ], [ 1.92483303363052, 47.850551243513699 ], [ 1.92485836237903, 47.850535274299702 ], [ 1.9248789189291, 47.850523851728802 ], [ 1.92489891884363, 47.850513504143798 ], [ 1.92493874126549, 47.8504949675199 ], [ 1.9249823344328, 47.850475115325303 ], [ 1.92522136185805, 47.8503658762287 ], [ 1.92525577802268, 47.850350170206198 ], [ 1.92548819142156, 47.850243930227897 ], [ 1.92562545242385, 47.850181192076398 ] ], [ [ 1.92301216126121, 47.849706739609097 ], [ 1.92297572288672, 47.849551681871397 ], [ 1.92301191575759, 47.849705657263101 ], [ 1.92301216126121, 47.849706739609097 ] ], [ [ 1.92456680212485, 47.850471666514103 ], [ 1.92456418725367, 47.850475332852596 ], [ 1.92456652745032, 47.850472024026303 ], [ 1.92456680212485, 47.850471666514103 ] ] ], [ [ [ 1.87860736333797, 47.853078995546902 ], [ 1.8786071680943, 47.853075573369303 ], [ 1.87829664532407, 47.852708431379199 ], [ 1.87823963552298, 47.852640740106402 ], [ 1.87816408695053, 47.852551719581101 ], [ 1.87809440881602, 47.852469685777599 ], [ 1.87807953375785, 47.852452171926103 ], [ 1.87790990872834, 47.852252351379803 ], [ 1.87787016688203, 47.8522788836909 ], [ 1.87698782430722, 47.852868364859098 ], [ 1.87591855734205, 47.853594661025703 ], [ 1.87618023114523, 47.853767013596197 ], [ 1.87646063941598, 47.853951516067198 ], [ 1.87664502421747, 47.854073082735702 ], [ 1.87665875054429, 47.854081674943998 ], [ 1.87787457645252, 47.853457043360301 ], [ 1.87851096741637, 47.853128658631 ], [ 1.87860736333797, 47.853078995546902 ] ] ], [ [ [ 1.87916552630173, 47.853827977293101 ], [ 1.87889612035482, 47.853508214234303 ], [ 1.87877270657461, 47.853361581532901 ], [ 1.87861079349467, 47.853169936605397 ], [ 1.87852665224643, 47.853158511280597 ], [ 1.87676817328582, 47.854061210744902 ], [ 1.87599292794967, 47.854466382802997 ], [ 1.87444907159225, 47.855271194749697 ], [ 1.87443801112801, 47.855332474182397 ], [ 1.87450683191908, 47.855379128616399 ], [ 1.87478366932772, 47.855568191051397 ], [ 1.87487620932977, 47.855631544240701 ], [ 1.87514472674625, 47.855815755546999 ], [ 1.87667446154378, 47.855033931519301 ], [ 1.87675239660034, 47.855098673524303 ], [ 1.87916552630173, 47.853827977293101 ] ] ], [ [ [ 1.87662723815551, 47.854098384729099 ], [ 1.87661351943868, 47.854089432557302 ], [ 1.87624113883539, 47.8538463542342 ], [ 1.87603628311292, 47.853712709683997 ], [ 1.87510140822888, 47.854336866467001 ], [ 1.87503507455063, 47.854381234466501 ], [ 1.87501147096558, 47.854397029572603 ], [ 1.87499153452759, 47.854410159596299 ], [ 1.87401783472797, 47.855060397795398 ], [ 1.8742174836613, 47.855193635764699 ], [ 1.87433828280659, 47.855273912092201 ], [ 1.87435423632821, 47.855284686130702 ], [ 1.87436129007836, 47.855279983380903 ], [ 1.87514537437389, 47.854869056287498 ], [ 1.8759391208318, 47.854455966348503 ], [ 1.87662723815551, 47.854098384729099 ] ] ], [ [ [ 1.90943239245361, 47.848637990020897 ], [ 1.90932973356307, 47.848558098565697 ], [ 1.90912600620811, 47.8483990502206 ], [ 1.9091205747999, 47.848396569494 ], [ 1.90911342020248, 47.848393352677697 ], [ 1.9090868845016, 47.848357192718701 ], [ 1.90878603030741, 47.847966189938901 ], [ 1.90857323811345, 47.847766912649199 ], [ 1.9084505517852, 47.847653171012396 ], [ 1.90836183860119, 47.847571518240898 ], [ 1.90835042957796, 47.847560611100299 ], [ 1.90833823322082, 47.847548976566898 ], [ 1.90813093906715, 47.847355600085898 ], [ 1.90812084783086, 47.847358656430401 ], [ 1.90809595857472, 47.847366075422102 ], [ 1.90800970485152, 47.847242861548501 ], [ 1.90791838216566, 47.847158123842597 ], [ 1.90789334449578, 47.847166261474001 ], [ 1.90783033720805, 47.847076566859897 ], [ 1.90769833249772, 47.846954456854199 ], [ 1.90767099001302, 47.846931610207001 ], [ 1.90755570618075, 47.846835218026101 ], [ 1.9074425247379, 47.846740645466902 ], [ 1.9073699661118, 47.846679844201297 ], [ 1.90729134878685, 47.846614576049397 ], [ 1.90726874346142, 47.846595463762498 ], [ 1.9070171384665, 47.846535064297903 ], [ 1.90701003843254, 47.846509705867 ], [ 1.90700804566903, 47.846502576659397 ], [ 1.90666502051379, 47.846485878509696 ], [ 1.90651928435404, 47.846465978302597 ], [ 1.90626024404081, 47.846429090001301 ], [ 1.90570817313993, 47.8463502241339 ], [ 1.90549953508487, 47.846320194932197 ], [ 1.90510678157987, 47.846264054652501 ], [ 1.90508278700369, 47.846260500369098 ], [ 1.90497132731797, 47.846244878542599 ], [ 1.90482374498026, 47.846223788872798 ], [ 1.90429088430761, 47.846147255846603 ], [ 1.90427035077967, 47.846144453792597 ], [ 1.9042482111914, 47.846141726739397 ], [ 1.90414701977915, 47.846133940749901 ], [ 1.90391013918164, 47.846118406169197 ], [ 1.90386314927122, 47.846114726752603 ], [ 1.90386281700766, 47.846124354519603 ], [ 1.90356223058229, 47.8460987730138 ], [ 1.90356232525835, 47.846094183482897 ], [ 1.90354109366747, 47.846092814905802 ], [ 1.90330223231285, 47.846076090471399 ], [ 1.90304464796114, 47.846059550481201 ], [ 1.90278308112575, 47.846041622547197 ], [ 1.90271151400751, 47.846036722668202 ], [ 1.90249320699129, 47.846021809014204 ], [ 1.9023607545512, 47.846012738876603 ], [ 1.90228210971661, 47.846007412467998 ], [ 1.90219157263901, 47.846001704676802 ], [ 1.9021241368065, 47.845997473162498 ], [ 1.90207112765065, 47.845993916700898 ], [ 1.90200170145732, 47.845988946419602 ], [ 1.901914384, 47.845982728503998 ], [ 1.90147055579729, 47.845952650230302 ], [ 1.90141474123878, 47.845948977188499 ], [ 1.90122459934452, 47.845936395150403 ], [ 1.90095349971097, 47.845913963420102 ], [ 1.90090864725753, 47.845910392852197 ], [ 1.90089630066738, 47.8459384497272 ], [ 1.90084961204178, 47.846049532384299 ], [ 1.90082707441096, 47.846104856243002 ], [ 1.90073488497356, 47.846321272070199 ], [ 1.90067290001023, 47.846467224465897 ], [ 1.90060951642958, 47.846616133980298 ], [ 1.90056587006837, 47.846722294557203 ], [ 1.90050518752134, 47.846869879193697 ], [ 1.90045648762299, 47.847026396916199 ], [ 1.90044341553948, 47.847070108348099 ], [ 1.90039642827297, 47.847240773364597 ], [ 1.90038019678182, 47.8473014667059 ], [ 1.90035172455564, 47.8474109197074 ], [ 1.90034339912465, 47.847470787075899 ], [ 1.90033375542061, 47.847529742001697 ], [ 1.9003251547569, 47.847596447402601 ], [ 1.90031638724121, 47.847658290797497 ], [ 1.90029194354679, 47.847837987865702 ], [ 1.90026682752019, 47.848017858624303 ], [ 1.90023839884501, 47.848228571079297 ], [ 1.90023747939836, 47.848234232968899 ], [ 1.90022468084264, 47.848322860953502 ], [ 1.90022000872272, 47.848361250603404 ], [ 1.90022777201998, 47.8483608733506 ], [ 1.90020100669751, 47.848478262971199 ], [ 1.9001977917843, 47.848491464016398 ], [ 1.90018924867548, 47.848490753858698 ], [ 1.90017954432943, 47.848533236692397 ], [ 1.90015880947209, 47.848624130453302 ], [ 1.90013795202721, 47.848714483008401 ], [ 1.90010416910639, 47.848867269963698 ], [ 1.90009608421123, 47.848902567322597 ], [ 1.90009225812599, 47.848919452961901 ], [ 1.90009019649264, 47.848928614452603 ], [ 1.90008606949905, 47.848947117415001 ], [ 1.90002734613391, 47.849206600029099 ], [ 1.89996366833515, 47.849492228456398 ], [ 1.89992357725195, 47.8496654779727 ], [ 1.89988349852161, 47.849844578097198 ], [ 1.89981776599577, 47.8502616887722 ], [ 1.89981625580585, 47.850270045351799 ], [ 1.89981471580931, 47.850279841779802 ], [ 1.89971801772115, 47.8509007999521 ], [ 1.89962272479264, 47.851260027929101 ], [ 1.8995558033291, 47.851450216996099 ], [ 1.89954056044591, 47.851495347994302 ], [ 1.89951300527192, 47.851528032396999 ], [ 1.89950590346127, 47.851541646978298 ], [ 1.89948223011167, 47.851587058908898 ], [ 1.8994607499262, 47.851629881179697 ], [ 1.89944166050336, 47.851634742529299 ], [ 1.89940842093796, 47.851670703868699 ], [ 1.8993553451984, 47.851689467584997 ], [ 1.89926933502462, 47.851710082435297 ], [ 1.89923170951344, 47.851718910182697 ], [ 1.89899158339272, 47.851729797817498 ], [ 1.89856847581694, 47.8517494079437 ], [ 1.89839955506649, 47.851757182587797 ], [ 1.8983639186685, 47.8517603582373 ], [ 1.89831424834635, 47.851776093196598 ], [ 1.89826796957091, 47.8518023909172 ], [ 1.89824217889947, 47.851820870342003 ], [ 1.89823899314725, 47.8518326314611 ], [ 1.89827384421475, 47.851983452050703 ], [ 1.89830761904429, 47.8521281419685 ], [ 1.8983838453714, 47.852392491008302 ], [ 1.89842700219352, 47.8525555405595 ], [ 1.89843221655013, 47.8525749412225 ], [ 1.89846503375892, 47.852681998746803 ], [ 1.89846937871837, 47.852685279830297 ], [ 1.89848055933275, 47.852726518422003 ], [ 1.89849625601968, 47.852788591238202 ], [ 1.89850892917306, 47.852835244311898 ], [ 1.89852811402131, 47.852909680951299 ], [ 1.89856974002967, 47.853069205712103 ], [ 1.89857987357292, 47.853109354358097 ], [ 1.89859649893912, 47.853171795895697 ], [ 1.89860510958368, 47.853214450458502 ], [ 1.89860801815204, 47.853228969032003 ], [ 1.89864873583539, 47.8534387995904 ], [ 1.89873738129206, 47.8538977716752 ], [ 1.89875904472579, 47.854007514556301 ], [ 1.89879132827054, 47.854011327913298 ], [ 1.89882392584447, 47.8540128940136 ], [ 1.89884987739728, 47.854012507557698 ], [ 1.89896198176115, 47.853997718403498 ], [ 1.89907783721879, 47.853982604314197 ], [ 1.89917616202753, 47.853974526233301 ], [ 1.89932983123051, 47.853960936827598 ], [ 1.89962055663539, 47.853935221725898 ], [ 1.89987074499216, 47.853916776425002 ], [ 1.90004044335292, 47.853904056472103 ], [ 1.90015616979181, 47.853895150650303 ], [ 1.90021603947789, 47.8538906715034 ], [ 1.90025729087112, 47.853887637928999 ], [ 1.90043865288664, 47.853873496610497 ], [ 1.90066291154523, 47.853854356542797 ], [ 1.90089417658352, 47.853832671465902 ], [ 1.90100729379483, 47.853820590087999 ], [ 1.90121920880481, 47.853796922940099 ], [ 1.90146475936497, 47.853769880070402 ], [ 1.9015238656437, 47.853763502945696 ], [ 1.90176150882134, 47.853737285491498 ], [ 1.90218158991796, 47.853690093032299 ], [ 1.90218775512215, 47.853689430665298 ], [ 1.9025765060801, 47.853656974899202 ], [ 1.90277223234364, 47.853640084110403 ], [ 1.90292575295306, 47.853627118674197 ], [ 1.90300304989817, 47.853620550891499 ], [ 1.90320290581705, 47.8536044180657 ], [ 1.90328837341472, 47.853597206424901 ], [ 1.90337625506482, 47.853589657257601 ], [ 1.90346025374307, 47.853582341752599 ], [ 1.90362960290854, 47.853567003134501 ], [ 1.90377737945599, 47.853553712880398 ], [ 1.90388521791129, 47.853544639672997 ], [ 1.90422924334739, 47.853515000814902 ], [ 1.90428229529115, 47.853510365908001 ], [ 1.90433507796539, 47.853505818469998 ], [ 1.90434097386111, 47.853505243482601 ], [ 1.90452317465498, 47.8534892135403 ], [ 1.90468072031137, 47.853475563339501 ], [ 1.90470590458435, 47.853473458279602 ], [ 1.90472037782697, 47.853471973272001 ], [ 1.90473699401625, 47.853470328254701 ], [ 1.90500657597405, 47.853438551937501 ], [ 1.90512574880227, 47.853424542955999 ], [ 1.90524581113842, 47.8534127923486 ], [ 1.90531600458347, 47.853406966825297 ], [ 1.90567908288372, 47.853380651791198 ], [ 1.90572074193379, 47.8533318061641 ], [ 1.90573856050018, 47.853310730549097 ], [ 1.90580847351954, 47.853227585464403 ], [ 1.90589577771896, 47.853124620818399 ], [ 1.90593773341387, 47.853074337753299 ], [ 1.90595611069691, 47.853052097213599 ], [ 1.90598669675325, 47.853014939234399 ], [ 1.90601042727918, 47.852985998027798 ], [ 1.90608373165355, 47.852893973629797 ], [ 1.90614861145324, 47.852814921754003 ], [ 1.90624710336041, 47.8526945996474 ], [ 1.90630059478978, 47.852629572719898 ], [ 1.90636190514743, 47.8525549878295 ], [ 1.90639208027477, 47.852518275946899 ], [ 1.90654131385998, 47.852336501261 ], [ 1.90660297650194, 47.852264259724301 ], [ 1.90661502717027, 47.852250510846503 ], [ 1.90668041612363, 47.852172633508403 ], [ 1.9067023356073, 47.852147185579199 ], [ 1.90674755407923, 47.852094232385298 ], [ 1.90677838421488, 47.852058156557298 ], [ 1.90679386981869, 47.852039939281902 ], [ 1.90682523838853, 47.852003688443197 ], [ 1.9069551294019, 47.851851975570497 ], [ 1.90698279350655, 47.8518202805679 ], [ 1.90705867141614, 47.851719998789797 ], [ 1.90709169535517, 47.851674762518897 ], [ 1.90711396880926, 47.851645087439998 ], [ 1.90712184126274, 47.851632919721702 ], [ 1.9071453623746, 47.851601096072699 ], [ 1.90717180630205, 47.851570199725998 ], [ 1.9071763219509, 47.8515652013565 ], [ 1.90721828815604, 47.851514287853497 ], [ 1.90742904040877, 47.851253878173999 ], [ 1.90744137616749, 47.851258763482299 ], [ 1.9075519808781, 47.851121361545403 ], [ 1.90759054847021, 47.851073116486702 ], [ 1.90762747782326, 47.851019995735903 ], [ 1.90765896307572, 47.850971504684502 ], [ 1.9076616198291, 47.8509658589305 ], [ 1.90766641202089, 47.850960413077203 ], [ 1.90772076740802, 47.850898723803802 ], [ 1.907757197936, 47.850856849344297 ], [ 1.90780830927643, 47.850796839971601 ], [ 1.90790289303223, 47.850684130681699 ], [ 1.90798747996039, 47.850582849253897 ], [ 1.90816241592691, 47.850373139210603 ], [ 1.9083392012922, 47.850157955624802 ], [ 1.90851439753615, 47.849941946901303 ], [ 1.90856456574357, 47.849882198430997 ], [ 1.90859472304804, 47.8498462058499 ], [ 1.90871736214375, 47.849695503551501 ], [ 1.90874961701893, 47.849655030048403 ], [ 1.90878624609282, 47.8496099168174 ], [ 1.90880613964445, 47.849585349708597 ], [ 1.90888242191033, 47.849491100972102 ], [ 1.90897364815678, 47.849365848446602 ], [ 1.9089977314818, 47.849332589506503 ], [ 1.90902719871158, 47.849291099908001 ], [ 1.90910470230855, 47.8491829111519 ], [ 1.90915447333343, 47.849103356981601 ], [ 1.90924359215629, 47.848956932771401 ], [ 1.90942920678292, 47.848643360878498 ], [ 1.90943239245361, 47.848637990020897 ] ], [ [ 1.90432824881092, 47.853447879698798 ], [ 1.90429686703111, 47.853192774606299 ], [ 1.90428003684301, 47.853055625571599 ], [ 1.90432824881092, 47.853447879698798 ] ] ], [ [ [ 1.91153275598908, 47.852649074480702 ], [ 1.91148435672778, 47.852589850368503 ], [ 1.91121268332654, 47.852260691211796 ], [ 1.91093791609194, 47.851932582701501 ], [ 1.91091037785119, 47.851945198142403 ], [ 1.91083782757517, 47.851850826500602 ], [ 1.91087067223363, 47.851833759956698 ], [ 1.91081097008527, 47.8517519286466 ], [ 1.91077141032993, 47.851698636772298 ], [ 1.91068754160248, 47.8515823780453 ], [ 1.91067947921824, 47.851571232223002 ], [ 1.91054002286505, 47.851622591665603 ], [ 1.91042232494645, 47.851669292625999 ], [ 1.91031289495989, 47.851710579798997 ], [ 1.91017505149235, 47.851761503753899 ], [ 1.91010190339973, 47.851787646465901 ], [ 1.91007403960896, 47.851796568370098 ], [ 1.90998328833842, 47.851826867823497 ], [ 1.90979799577744, 47.851889681491897 ], [ 1.90973143178456, 47.851914265024497 ], [ 1.90965125154334, 47.851944212432301 ], [ 1.90964215850485, 47.851931166797002 ], [ 1.90939640291789, 47.851577851965899 ], [ 1.90929522955366, 47.851431818759799 ], [ 1.90924836110212, 47.851363337080599 ], [ 1.90922185707248, 47.851325557383703 ], [ 1.90916080558185, 47.851237952134397 ], [ 1.90912482812112, 47.851186133107099 ], [ 1.90908078874953, 47.851123168132098 ], [ 1.90906025027124, 47.851094444650599 ], [ 1.90905805871016, 47.851090463925502 ], [ 1.90901061883805, 47.8511084743227 ], [ 1.90890739807578, 47.851146937696399 ], [ 1.9088492651972, 47.851210302510999 ], [ 1.90880588371149, 47.851258593198203 ], [ 1.90877756728337, 47.851289562497598 ], [ 1.90876840078806, 47.851299648108302 ], [ 1.90867974720426, 47.851397111893 ], [ 1.90854317986684, 47.851574686784403 ], [ 1.90847850784936, 47.851656892200502 ], [ 1.9084109632781, 47.851742221120901 ], [ 1.90840533932905, 47.851749099386701 ], [ 1.90826598033188, 47.851938799007797 ], [ 1.90819086221076, 47.852041248793697 ], [ 1.90816625899689, 47.852073692622803 ], [ 1.9080717078838, 47.8521782116485 ], [ 1.90806787740398, 47.852182406358303 ], [ 1.90807155441924, 47.852185680864501 ], [ 1.90827580819545, 47.8523522061259 ], [ 1.90852544494841, 47.852555426390303 ], [ 1.9087977179676, 47.852776498159599 ], [ 1.90955652217793, 47.853393626237199 ], [ 1.90956285973433, 47.853391074924502 ], [ 1.9096862275623, 47.8533419973216 ], [ 1.90977555886547, 47.853309344703 ], [ 1.90997969199823, 47.853234465096101 ], [ 1.9102259776812, 47.853145125462198 ], [ 1.91029321149507, 47.8531205478766 ], [ 1.91040275780597, 47.8530802518938 ], [ 1.91048993793625, 47.853048118799897 ], [ 1.9105627012269, 47.853021252215903 ], [ 1.91083379989847, 47.852921700854999 ], [ 1.91102435987041, 47.852849933695502 ], [ 1.91127761192578, 47.852753275905002 ], [ 1.91135056894869, 47.852723440379599 ], [ 1.91147787171798, 47.852671427166598 ], [ 1.91153275598908, 47.852649074480702 ] ] ], [ [ [ 1.85241047597019, 47.860489952967001 ], [ 1.85171410189586, 47.860401141981001 ], [ 1.85174207106738, 47.861433989966301 ], [ 1.85174797308975, 47.861631255656597 ], [ 1.85215907427265, 47.861633388081799 ], [ 1.85219074872412, 47.861430189469303 ], [ 1.85223131239965, 47.861168392445201 ], [ 1.852233267827, 47.8611088261489 ], [ 1.85223201007773, 47.861049408433502 ], [ 1.85223080975502, 47.861030674985301 ], [ 1.85223981823279, 47.860929413874402 ], [ 1.85228819527825, 47.860937447808098 ], [ 1.85241047597019, 47.860489952967001 ] ] ], [ [ [ 1.85709337805729, 47.8698349204208 ], [ 1.8570585145907, 47.869633593755303 ], [ 1.85699648065951, 47.869277549221898 ], [ 1.85690248321154, 47.868815524158798 ], [ 1.85685722197831, 47.868593934279303 ], [ 1.85685310082648, 47.868574092432297 ], [ 1.85642340257363, 47.868575846098302 ], [ 1.85617283924946, 47.868576644240498 ], [ 1.85610835950283, 47.868576825766397 ], [ 1.85522438394527, 47.868578736171898 ], [ 1.85522456804459, 47.868582608301303 ], [ 1.85503478038032, 47.868587507211799 ], [ 1.85496612172924, 47.868589177467001 ], [ 1.85479480943074, 47.8685933561922 ], [ 1.85474341282613, 47.8685947447442 ], [ 1.85459310919489, 47.868598588167899 ], [ 1.85443544794258, 47.868602449578802 ], [ 1.85429424824005, 47.868605931457601 ], [ 1.85420872286885, 47.868608156650097 ], [ 1.85414193845571, 47.868609754716601 ], [ 1.85414314174594, 47.868622187538598 ], [ 1.85414313592329, 47.868622457505097 ], [ 1.85416803087271, 47.869024945263 ], [ 1.85416830011555, 47.869031068418799 ], [ 1.85417881229039, 47.869201105680197 ], [ 1.85418085809631, 47.869236498696402 ], [ 1.85420662153548, 47.869654566109197 ], [ 1.85420731512735, 47.869665823845502 ], [ 1.85435603421099, 47.869667365881298 ], [ 1.85449859923373, 47.869668937662198 ], [ 1.85465333284206, 47.869670718048397 ], [ 1.85509659441879, 47.8696731534571 ], [ 1.85580112778759, 47.8696747147496 ], [ 1.85594466007264, 47.869674854081701 ], [ 1.85654060078849, 47.8696750821493 ], [ 1.8565387293528, 47.869612868611 ], [ 1.85659104586647, 47.869624719355997 ], [ 1.85659745905758, 47.869817758286402 ], [ 1.85690229457397, 47.869812807471703 ], [ 1.85693108461059, 47.869836309893302 ], [ 1.85703103085735, 47.869835393261297 ], [ 1.85709337805729, 47.8698349204208 ] ] ], [ [ [ 1.8616472406049, 47.858345394564097 ], [ 1.86113782084929, 47.8582080485373 ], [ 1.8610738596655, 47.858190866120502 ], [ 1.8607632933233, 47.858116924310799 ], [ 1.86033247098762, 47.858012920899696 ], [ 1.85951201533043, 47.857867595387098 ], [ 1.85859712189813, 47.857704603792001 ], [ 1.85846928684871, 47.857691208892902 ], [ 1.85797069245931, 47.857635771787301 ], [ 1.85777783467281, 47.857611122177701 ], [ 1.85763165231575, 47.857592687281503 ], [ 1.85747974948482, 47.8575728463682 ], [ 1.85742653594779, 47.857565937542098 ], [ 1.85719313857847, 47.857529641103298 ], [ 1.85691721536644, 47.857486989309201 ], [ 1.85640969853536, 47.857411296729197 ], [ 1.85631117071585, 47.85739710504 ], [ 1.85564411915599, 47.857295911559603 ], [ 1.855492402019, 47.857273729648703 ], [ 1.85542467465527, 47.857263888057297 ], [ 1.8552311179438, 47.857234546978297 ], [ 1.85477575289816, 47.857165566726501 ], [ 1.85435956987535, 47.857102997883999 ], [ 1.85394779638575, 47.857040650645999 ], [ 1.85380890520768, 47.857019131884798 ], [ 1.85379405368275, 47.857019436826498 ], [ 1.85325832909608, 47.8569436349268 ], [ 1.85274809407357, 47.856870420048097 ], [ 1.85253538229502, 47.8574062299448 ], [ 1.85233067615129, 47.857930326548598 ], [ 1.85272101928272, 47.857969607691402 ], [ 1.85291164920787, 47.8579982942111 ], [ 1.85316574980437, 47.858035791638898 ], [ 1.8531531321244, 47.858081302526898 ], [ 1.85269952604204, 47.858011161381597 ], [ 1.85231328689174, 47.8579738104943 ], [ 1.85222373118301, 47.858200565511403 ], [ 1.85198351286413, 47.858808111648599 ], [ 1.85190878187694, 47.858998558036397 ], [ 1.85177871077523, 47.859329955817898 ], [ 1.85168986381029, 47.859554647037399 ], [ 1.85169623659013, 47.859748677261699 ], [ 1.85169723498906, 47.859795311320902 ], [ 1.85170997543998, 47.860356907546397 ], [ 1.85181815858261, 47.8603701174248 ], [ 1.852154285475, 47.8604124699647 ], [ 1.852489825557, 47.8604572460182 ], [ 1.85247742400848, 47.860498888540299 ], [ 1.8523479214179, 47.860971155065499 ], [ 1.85234394129276, 47.860994428257399 ], [ 1.85228414355918, 47.860988802857896 ], [ 1.85227853618382, 47.861031681917297 ], [ 1.85228123524833, 47.861160600058597 ], [ 1.85220786468048, 47.861671848844203 ], [ 1.85178534674715, 47.861665734513601 ], [ 1.85174996068908, 47.861694010807298 ], [ 1.8517559428088, 47.861961843649297 ], [ 1.85176518246933, 47.862338888205201 ], [ 1.85176807574103, 47.862446386235597 ], [ 1.85177458091891, 47.862745726916899 ], [ 1.8517752740168, 47.862781736946701 ], [ 1.85179560516996, 47.863611090472503 ], [ 1.85180109043884, 47.863815282445699 ], [ 1.85180396888598, 47.863942041959 ], [ 1.85180576903986, 47.864025857071397 ], [ 1.85180767032239, 47.864104992750804 ], [ 1.85181018307471, 47.864223917963997 ], [ 1.8518131510206, 47.8643465379524 ], [ 1.85181371089077, 47.864376336089698 ], [ 1.85181426881689, 47.8644062242155 ], [ 1.85181593572747, 47.864483827446897 ], [ 1.85182758578503, 47.864854594456403 ], [ 1.85180244264629, 47.864854438426299 ], [ 1.85141083576366, 47.864846555300801 ], [ 1.85132339987077, 47.864844619266798 ], [ 1.85119451750268, 47.864841827340904 ], [ 1.85111617329928, 47.8648400701748 ], [ 1.85097406144422, 47.864836698429798 ], [ 1.85054773182773, 47.864826312195198 ], [ 1.85054638415693, 47.864913336754199 ], [ 1.85054182890639, 47.865000239878299 ], [ 1.85054051705345, 47.865017598574603 ], [ 1.85053084936153, 47.865260435490903 ], [ 1.85048390987025, 47.865259975645003 ], [ 1.85047092401713, 47.865520151560197 ], [ 1.85046333676963, 47.865691542447003 ], [ 1.85046115261277, 47.865749216165803 ], [ 1.85045089970007, 47.866025260182298 ], [ 1.85044982933273, 47.866050001886599 ], [ 1.85044077733226, 47.866214897797001 ], [ 1.85042981774369, 47.866461772241202 ], [ 1.85042525970519, 47.866573517448302 ], [ 1.85042381475574, 47.866603205911296 ], [ 1.85042116506092, 47.866663845300103 ], [ 1.85058965857179, 47.866666035963803 ], [ 1.8507546711118, 47.866668372308098 ], [ 1.85089614253618, 47.866670657900499 ], [ 1.85103549757661, 47.866671842503997 ], [ 1.85111721507928, 47.866672372613102 ], [ 1.85124332654004, 47.866673607315498 ], [ 1.85133319211337, 47.866674667083402 ], [ 1.85159502059244, 47.866678309993503 ], [ 1.85175640534417, 47.866675208948301 ], [ 1.85217841149739, 47.866669706949601 ], [ 1.85223688645027, 47.866668748806099 ], [ 1.85232438175106, 47.866668074479598 ], [ 1.8524121950556, 47.866665062992702 ], [ 1.85249952005916, 47.866659886475297 ], [ 1.85258649631586, 47.866652276269498 ], [ 1.85267311798398, 47.866642502342899 ], [ 1.85275469269547, 47.8666310588657 ], [ 1.85285838015039, 47.866617671324903 ], [ 1.85311721850711, 47.8665677269124 ], [ 1.85337115316035, 47.866509453287698 ], [ 1.85341079111494, 47.866501199862398 ], [ 1.85344940385138, 47.866490866224602 ], [ 1.85348564625923, 47.866478799263902 ], [ 1.85367125379049, 47.866419317305898 ], [ 1.85381349583727, 47.866373452693601 ], [ 1.85384636950546, 47.866362522818299 ], [ 1.85386954445735, 47.866354738484198 ], [ 1.8541423076017, 47.866260643954597 ], [ 1.8541641431917, 47.8662529364912 ], [ 1.85432223878701, 47.866197595234098 ], [ 1.85449622320523, 47.866137368437499 ], [ 1.85490223115349, 47.8659988488576 ], [ 1.85519673474469, 47.865907484276697 ], [ 1.85533398133019, 47.865876060366503 ], [ 1.85539528319039, 47.865861807066899 ], [ 1.85552419157483, 47.865844882876402 ], [ 1.85564560699189, 47.8658280654846 ], [ 1.85593066409066, 47.865808793272301 ], [ 1.85615037452294, 47.865805264799 ], [ 1.85626637269447, 47.865803965321497 ], [ 1.85637300766554, 47.865802664479602 ], [ 1.85647919301406, 47.865803609355901 ], [ 1.85658586681601, 47.865806719084901 ], [ 1.85661058985655, 47.865807770070603 ], [ 1.8567971833013, 47.865814088565102 ], [ 1.85698359465888, 47.865822655185397 ], [ 1.85713055116352, 47.865831017240701 ], [ 1.8575543709307, 47.865852786022799 ], [ 1.8579780070212, 47.865876891686902 ], [ 1.8581313636523, 47.865886214854903 ], [ 1.85844251667758, 47.865891222589902 ], [ 1.85875321830651, 47.865898565312499 ], [ 1.85881778600343, 47.865900363392498 ], [ 1.85890806183911, 47.865589544190698 ], [ 1.8589841873976, 47.865327191518404 ], [ 1.85930149047323, 47.864241901285098 ], [ 1.85933399771548, 47.8641233168509 ], [ 1.85933761374437, 47.864116871434 ], [ 1.85947358143582, 47.863752130924198 ], [ 1.85956048911728, 47.8634670204342 ], [ 1.85971318460944, 47.862945918264202 ], [ 1.85980409274592, 47.862623853078198 ], [ 1.85984223795016, 47.862535385870501 ], [ 1.8599985574636, 47.862200454890697 ], [ 1.86016166954723, 47.861910413641802 ], [ 1.86032770242888, 47.861621300585703 ], [ 1.86038213636936, 47.861527860928099 ], [ 1.86035742875621, 47.8615261808093 ], [ 1.8603979519339, 47.861457718264298 ], [ 1.86040517757987, 47.861445097312398 ], [ 1.86046821841954, 47.861336979886303 ], [ 1.86057713191594, 47.861154151196899 ], [ 1.86068121395247, 47.860978296106602 ], [ 1.86077032105696, 47.860827137735697 ], [ 1.86089719991437, 47.860611000150698 ], [ 1.861020881992, 47.860394201320503 ], [ 1.86104507878249, 47.860351052317597 ], [ 1.8611373338839, 47.860208925002098 ], [ 1.86116283296098, 47.860167408758997 ], [ 1.86118514012198, 47.860125051454297 ], [ 1.86120395322249, 47.860083470303103 ], [ 1.86124268058225, 47.860005089106998 ], [ 1.86124969109547, 47.859977524662199 ], [ 1.86126218135434, 47.859869006102102 ], [ 1.86126804363342, 47.859813888026103 ], [ 1.86125217935199, 47.859680432021896 ], [ 1.86123670537638, 47.859553730402602 ], [ 1.86123240649884, 47.8595296565057 ], [ 1.86123145439543, 47.859505435076599 ], [ 1.86123384713304, 47.859481156104799 ], [ 1.86123445335487, 47.859477831687997 ], [ 1.8612424319065, 47.859386370853699 ], [ 1.86125179328316, 47.8593427177601 ], [ 1.86126316101187, 47.8592865730065 ], [ 1.86145835763026, 47.8588091740056 ], [ 1.86155993610252, 47.858562547244198 ], [ 1.8616472406049, 47.858345394564097 ] ] ], [ [ [ 1.86446956547077, 47.858778142006798 ], [ 1.86412671583782, 47.858731259207701 ], [ 1.86350882303537, 47.858650118525702 ], [ 1.86341866113549, 47.858638534124402 ], [ 1.86333582469081, 47.858628370748299 ], [ 1.86322865226762, 47.858617971515201 ], [ 1.86302991360897, 47.8585991241589 ], [ 1.86291498972888, 47.858588469501399 ], [ 1.86262840987987, 47.858562109462902 ], [ 1.86236309430161, 47.858517053203101 ], [ 1.86180237003389, 47.858383352984397 ], [ 1.86173571139843, 47.858404668267703 ], [ 1.8615536733848, 47.858848622447098 ], [ 1.86145080027367, 47.8590994669865 ], [ 1.86136684880384, 47.859303600805198 ], [ 1.86135655537233, 47.859347064845998 ], [ 1.86134487528464, 47.859399066199998 ], [ 1.86133565108366, 47.859511216819797 ], [ 1.86134537596136, 47.859587908120801 ], [ 1.86136333496702, 47.859735965762503 ], [ 1.86137206605512, 47.859815347649104 ], [ 1.86137316026026, 47.8598266992907 ], [ 1.86135721424311, 47.859965427048998 ], [ 1.8613502327666, 47.860010363345999 ], [ 1.86130897907471, 47.860094300558899 ], [ 1.86125608858089, 47.860203237068298 ], [ 1.86114362618864, 47.8603771211992 ], [ 1.86106156046574, 47.860518087308897 ], [ 1.86100168608245, 47.860622095453103 ], [ 1.86095551846515, 47.860704364671797 ], [ 1.86090885826698, 47.860784648909899 ], [ 1.86085542571847, 47.860875128292797 ], [ 1.86082476426845, 47.860926585229102 ], [ 1.86077091290865, 47.861017870574798 ], [ 1.86069267370119, 47.861148702637301 ], [ 1.86065354237547, 47.861214658581098 ], [ 1.86050961896916, 47.861458352790798 ], [ 1.86037100204598, 47.861697777959201 ], [ 1.86026135494819, 47.861889780108697 ], [ 1.86014250541659, 47.8621054548559 ], [ 1.8601136722189, 47.862158909520602 ], [ 1.85993575888468, 47.862527833872903 ], [ 1.85988289119142, 47.862672863083503 ], [ 1.8598494031481, 47.862762455648998 ], [ 1.85983265667096, 47.862813597465703 ], [ 1.85980819900136, 47.862893736920597 ], [ 1.85979051491456, 47.862951170174902 ], [ 1.85970535740374, 47.863235847870897 ], [ 1.85956921546787, 47.863696085464397 ], [ 1.85952019607298, 47.863861133597702 ], [ 1.85943368915199, 47.864152458442 ], [ 1.85928281329553, 47.864675737818303 ], [ 1.85926780222302, 47.864726986387197 ], [ 1.85918235655471, 47.865018591265901 ], [ 1.85912365248923, 47.865223418452501 ], [ 1.85907608162622, 47.865383169899602 ], [ 1.85902900482143, 47.8655448162841 ], [ 1.85893810400439, 47.865859859870099 ], [ 1.85897718324028, 47.865896243026597 ], [ 1.85950182040536, 47.865907374082902 ], [ 1.85954510920188, 47.865909684996801 ], [ 1.86007933738495, 47.865953849546401 ], [ 1.86017790910566, 47.865966778153002 ], [ 1.86031450978652, 47.865984036395098 ], [ 1.86045687623203, 47.865651400100603 ], [ 1.86058957923157, 47.865338921510798 ], [ 1.86208737292715, 47.865628070253599 ], [ 1.86231928690678, 47.865672982771201 ], [ 1.86244385627914, 47.865696152406002 ], [ 1.86257587430674, 47.865721284275097 ], [ 1.86285343972516, 47.865776899131198 ], [ 1.86301120687882, 47.865805160292197 ], [ 1.86306520220363, 47.865500917152197 ], [ 1.86315064635836, 47.865027133916499 ], [ 1.86334433069992, 47.863951616549002 ], [ 1.86329420974122, 47.8639498708866 ], [ 1.86325421936539, 47.863949753483602 ], [ 1.86328991819147, 47.863769093509099 ], [ 1.86354463483915, 47.862466176263297 ], [ 1.86361119200315, 47.862124610701002 ], [ 1.86369245451212, 47.862083544038597 ], [ 1.86386985687636, 47.861255568487103 ], [ 1.86390304765504, 47.861098195864599 ], [ 1.86394148506637, 47.860920622219503 ], [ 1.86400907677341, 47.860618039659002 ], [ 1.86395542544653, 47.860562615276301 ], [ 1.86405962453504, 47.860580905713398 ], [ 1.86407062498988, 47.860535558162702 ], [ 1.86415978799939, 47.860143536290998 ], [ 1.8642728276446, 47.859648056108298 ], [ 1.86446956547077, 47.858778142006798 ] ] ], [ [ [ 1.85879122588761, 47.865972381366198 ], [ 1.85811912168107, 47.8659579219823 ], [ 1.85722332677756, 47.865908157498801 ], [ 1.85692418617503, 47.865891922562497 ], [ 1.8566951042454, 47.865883390127998 ], [ 1.85650583979409, 47.865876865428199 ], [ 1.85649126876816, 47.865876453404297 ], [ 1.85595992272855, 47.865878744650203 ], [ 1.85579194125138, 47.865890157857997 ], [ 1.85566668820202, 47.865898837265398 ], [ 1.85563921683481, 47.8659011795772 ], [ 1.85541662960698, 47.865932671489198 ], [ 1.8552464497434, 47.865971604888699 ], [ 1.8551339007536, 47.866005249848101 ], [ 1.85507076123179, 47.866024075483601 ], [ 1.85496974795468, 47.866056212704102 ], [ 1.85487002339576, 47.866090612612403 ], [ 1.85440951685442, 47.866250381926399 ], [ 1.85398596503708, 47.8663959290989 ], [ 1.85379195384108, 47.866460549919204 ], [ 1.85349315336969, 47.866558619605598 ], [ 1.85338802759046, 47.866582884604703 ], [ 1.85317817306186, 47.866631598218198 ], [ 1.85295735030673, 47.8666740837037 ], [ 1.85289864221071, 47.866685840873998 ], [ 1.85283877516843, 47.8666955165031 ], [ 1.8526189392656, 47.866723249708997 ], [ 1.85242450957407, 47.866738989905002 ], [ 1.85240230770114, 47.866738862777702 ], [ 1.85229608556523, 47.866739534012702 ], [ 1.85213441179423, 47.866743623061097 ], [ 1.85193612196262, 47.866746093526601 ], [ 1.85158220939244, 47.866751181025101 ], [ 1.85120004285029, 47.866745279901103 ], [ 1.85105334583881, 47.866743393549903 ], [ 1.8506432074939, 47.8667382068056 ], [ 1.85060134926633, 47.867114929959897 ], [ 1.85057687480788, 47.867324948676497 ], [ 1.85056787945008, 47.867406857752201 ], [ 1.85055922162605, 47.867485529846 ], [ 1.85055496960773, 47.8675213113331 ], [ 1.85067919284067, 47.867548090363599 ], [ 1.85082155376522, 47.867577387097803 ], [ 1.85095100077817, 47.867603856964301 ], [ 1.85099188472109, 47.867612268007498 ], [ 1.85110028323006, 47.867634751268 ], [ 1.85134822319191, 47.867687042958998 ], [ 1.85147147225383, 47.867706944004702 ], [ 1.85182091795812, 47.867763387445102 ], [ 1.85201632283819, 47.8677949388832 ], [ 1.852175883434, 47.867820702901 ], [ 1.85228253906641, 47.867824833412001 ], [ 1.85249317738488, 47.867832986996497 ], [ 1.85292424161745, 47.867864978063899 ], [ 1.85314585731428, 47.867881419493898 ], [ 1.85337742260508, 47.867898605783999 ], [ 1.85346935267269, 47.867897073841299 ], [ 1.85355499513288, 47.867895570404002 ], [ 1.85360838356162, 47.867894831892301 ], [ 1.85367288578894, 47.8678935718739 ], [ 1.8536739037871, 47.867933185256398 ], [ 1.85379027853284, 47.867939452517 ], [ 1.85386992012012, 47.867943290700701 ], [ 1.85391902510741, 47.867942690224801 ], [ 1.85398353709109, 47.867940980091397 ], [ 1.85403613478028, 47.867939693615199 ], [ 1.85407908977488, 47.867938943003601 ], [ 1.85411387707175, 47.867938562655397 ], [ 1.85435115098255, 47.867933588839399 ], [ 1.85435276338265, 47.867865018636301 ], [ 1.85435471536499, 47.867780700379498 ], [ 1.85435502196282, 47.867766482139103 ], [ 1.8543603598957, 47.867686427302701 ], [ 1.85440181446843, 47.867687012043099 ], [ 1.85473371079762, 47.867692052004998 ], [ 1.85485578355865, 47.867694593498904 ], [ 1.8548861360342, 47.8676951597296 ], [ 1.85491207906905, 47.867695502906997 ], [ 1.8550320178727, 47.867697753369697 ], [ 1.85503490166842, 47.867563939901899 ], [ 1.85512009579683, 47.867564591140599 ], [ 1.85511854024744, 47.867487799301898 ], [ 1.85520087155352, 47.8674847322308 ], [ 1.85534218454562, 47.8674758499251 ], [ 1.85541624936424, 47.867471531962302 ], [ 1.855652519016, 47.867463395466103 ], [ 1.85589693101294, 47.867456057947301 ], [ 1.85655867451475, 47.867474209234203 ], [ 1.85658500704169, 47.867475095884899 ], [ 1.85658598446491, 47.867740448347398 ], [ 1.85661930050535, 47.867740052921498 ], [ 1.85673615178725, 47.867736601066298 ], [ 1.85691599116172, 47.867727642180498 ], [ 1.85714954035267, 47.867715425811802 ], [ 1.85715449260569, 47.867789910464801 ], [ 1.85717141109527, 47.868060548541997 ], [ 1.857173136829, 47.868086037541602 ], [ 1.85729151433527, 47.868086290308703 ], [ 1.85740900212442, 47.868084374107298 ], [ 1.85749320074934, 47.868081593626997 ], [ 1.85747798085059, 47.867881178201898 ], [ 1.85761942847862, 47.867878504995097 ], [ 1.85789486147483, 47.867871825331299 ], [ 1.85804261986456, 47.867868042937303 ], [ 1.8581431379553, 47.867865240795901 ], [ 1.85817193793228, 47.867863360858898 ], [ 1.85857161222521, 47.867845467435501 ], [ 1.85858219101709, 47.8678449402844 ], [ 1.85857688178271, 47.867836787943801 ], [ 1.85859039936969, 47.867381930267697 ], [ 1.85859504392583, 47.867215551090503 ], [ 1.85859840180473, 47.867090382942798 ], [ 1.85861641959438, 47.866849427359099 ], [ 1.85862811169746, 47.866691217383803 ], [ 1.8586374018869, 47.866594999405699 ], [ 1.85866796636127, 47.866411320749101 ], [ 1.85868040908893, 47.866336465269001 ], [ 1.85879122588761, 47.865972381366198 ] ] ], [ [ [ 1.86878977510179, 47.865183253714299 ], [ 1.86878576395825, 47.865139201273401 ], [ 1.86878260808006, 47.865105237940597 ], [ 1.86877077319071, 47.864976322798803 ], [ 1.86876772040648, 47.864943800579702 ], [ 1.86876042636241, 47.864727261671703 ], [ 1.86874944518674, 47.864727875862599 ], [ 1.86873849292012, 47.864601489413701 ], [ 1.86872771201818, 47.864454492831598 ], [ 1.86872689284105, 47.8644175817562 ], [ 1.86872567473751, 47.864405688988803 ], [ 1.86872188102805, 47.864093865532197 ], [ 1.86837352382703, 47.864102837382603 ], [ 1.86826592624325, 47.8640992793907 ], [ 1.86827490200337, 47.864035820474903 ], [ 1.86828213985835, 47.863991156419999 ], [ 1.86830653498202, 47.863838018451297 ], [ 1.86824914859062, 47.863838275008703 ], [ 1.86826181064636, 47.863570353924402 ], [ 1.86826444896312, 47.863515564619298 ], [ 1.86827299168443, 47.863334281279499 ], [ 1.86847974643865, 47.863329344748898 ], [ 1.86849005366119, 47.863146818287703 ], [ 1.86849459430964, 47.863065495003298 ], [ 1.8685127771669, 47.863065850366802 ], [ 1.86851067108363, 47.862963761179202 ], [ 1.86850614699648, 47.862767950506303 ], [ 1.86849641212872, 47.862534196252902 ], [ 1.86849464791102, 47.862491425507898 ], [ 1.86848917256816, 47.862352850607799 ], [ 1.86848176974401, 47.8621854545882 ], [ 1.86748372471584, 47.8621789755354 ], [ 1.86707929528038, 47.862177411310597 ], [ 1.86648911834393, 47.862174321369899 ], [ 1.86606892113999, 47.862172061282202 ], [ 1.86572319058259, 47.8621713296872 ], [ 1.86551824111389, 47.862179609071802 ], [ 1.86542582866653, 47.862179165520701 ], [ 1.86448201810246, 47.862175885603598 ], [ 1.86446266781729, 47.862286498098896 ], [ 1.86442074812528, 47.862520653045401 ], [ 1.86438545141766, 47.862714008459001 ], [ 1.86428816798271, 47.8632542843349 ], [ 1.86426824059981, 47.863360570771498 ], [ 1.86426016632144, 47.8634066666569 ], [ 1.86423247234898, 47.863557161773301 ], [ 1.86420775670102, 47.863693464459502 ], [ 1.8641491672691, 47.8640127852129 ], [ 1.86411262296294, 47.864283175023601 ], [ 1.86403973717699, 47.864814415628601 ], [ 1.86401984146373, 47.864944194278401 ], [ 1.86401388620309, 47.864985000163401 ], [ 1.864009654018, 47.865014031707901 ], [ 1.86395802080011, 47.8653769832545 ], [ 1.86389055250939, 47.865854901307998 ], [ 1.86387433804219, 47.8659688741404 ], [ 1.86379126246527, 47.866551049824103 ], [ 1.86408765949258, 47.866683350578199 ], [ 1.86414821347565, 47.866704008476503 ], [ 1.86427771300684, 47.866715702857398 ], [ 1.86432029744786, 47.866719715329097 ], [ 1.86442523024552, 47.866729281611697 ], [ 1.86447929666781, 47.866734305220703 ], [ 1.86468540437928, 47.866754031100697 ], [ 1.86478645899898, 47.866763559535599 ], [ 1.86486277440019, 47.866760247483903 ], [ 1.86492235370823, 47.866757673565502 ], [ 1.8651191842472, 47.866748326463899 ], [ 1.86505256894929, 47.866704568476102 ], [ 1.86507963924304, 47.866220048822498 ], [ 1.86510357937823, 47.865738018970802 ], [ 1.86511047577844, 47.865696952135401 ], [ 1.86553366406226, 47.865698254215502 ], [ 1.86591390703422, 47.865699949773003 ], [ 1.86627553436568, 47.865702724341901 ], [ 1.86631848353813, 47.865702149227502 ], [ 1.86632043069884, 47.865485519439702 ], [ 1.86645122798296, 47.865486423065398 ], [ 1.86662335796826, 47.865487275752898 ], [ 1.86685126560102, 47.865488126811599 ], [ 1.8668839099127, 47.865563058461902 ], [ 1.86708433211157, 47.865523050156 ], [ 1.8673442465527, 47.865471914801098 ], [ 1.8680349338107, 47.865335917763602 ], [ 1.86803078950537, 47.865216527550601 ], [ 1.86812651840763, 47.865212230581001 ], [ 1.86878977510179, 47.865183253714299 ] ] ], [ [ [ 1.87752339138301, 47.860542443633499 ], [ 1.87436325757568, 47.860004343071999 ], [ 1.87449356368459, 47.860330881668098 ], [ 1.87451223492041, 47.8603775948501 ], [ 1.87512601319774, 47.862196328482597 ], [ 1.8752628700121, 47.862232833524303 ], [ 1.87540786635353, 47.8621691477776 ], [ 1.87555740745605, 47.862111895959202 ], [ 1.8756032009632, 47.862096853483699 ], [ 1.87574111094872, 47.862058301590402 ], [ 1.87588004102023, 47.862022099511101 ], [ 1.87590155667349, 47.862016635159598 ], [ 1.87609870699374, 47.861972259847803 ], [ 1.87634611868006, 47.8619165745516 ], [ 1.87653258078093, 47.861858955021397 ], [ 1.87657316241085, 47.861843682248399 ], [ 1.87688536377701, 47.861728400976503 ], [ 1.87690409956705, 47.861721559716003 ], [ 1.87710344026317, 47.8616493912956 ], [ 1.87717015385217, 47.861625367635597 ], [ 1.87732528248797, 47.861582028246403 ], [ 1.87755468166985, 47.8615177973398 ], [ 1.87755465570988, 47.861525357743403 ], [ 1.87757744547879, 47.861522875531698 ], [ 1.87773123136006, 47.861505084967298 ], [ 1.87788452976109, 47.861485039346 ], [ 1.87795187479543, 47.861475422524698 ], [ 1.87816056354411, 47.861448165581201 ], [ 1.87825203350017, 47.861436169033198 ], [ 1.87841874547011, 47.86141427079 ], [ 1.8785462928121, 47.861397578451097 ], [ 1.87904146849454, 47.861332374421501 ], [ 1.8795027013825, 47.861272064605998 ], [ 1.87950178937489, 47.8612392030699 ], [ 1.87949742785466, 47.861046454825797 ], [ 1.879494103347, 47.860906010973501 ], [ 1.87949317060724, 47.860861448222899 ], [ 1.87902411411125, 47.860785591481402 ], [ 1.87853893011798, 47.860707148484998 ], [ 1.87841577556106, 47.860686889598298 ], [ 1.87823956777501, 47.860658202662997 ], [ 1.87813587383559, 47.860641099799302 ], [ 1.87792701524027, 47.860606879728998 ], [ 1.87752339138301, 47.860542443633499 ] ], [ [ 1.87752339138301, 47.860542443633499 ], [ 1.87754954713559, 47.861355644234102 ], [ 1.87752391935629, 47.860568100911202 ], [ 1.87752339138301, 47.860542443633499 ] ] ], [ [ [ 1.86908307481025, 47.857587343582402 ], [ 1.86905553104227, 47.857197432927897 ], [ 1.86903743262469, 47.856853877416803 ], [ 1.86903164056439, 47.856761563228098 ], [ 1.86901008361384, 47.856410863635297 ], [ 1.86898954306647, 47.856427137107097 ], [ 1.86720575696013, 47.8578391662152 ], [ 1.86746736832653, 47.858007846925297 ], [ 1.86753544363658, 47.858051707953301 ], [ 1.86752292724068, 47.858061668042701 ], [ 1.86749150827098, 47.858086297000398 ], [ 1.8678661086498, 47.858293780807301 ], [ 1.86805486113375, 47.858392180773599 ], [ 1.86809229569685, 47.8583613991511 ], [ 1.86906063313518, 47.857604948854998 ], [ 1.86908307481025, 47.857587343582402 ] ] ], [ [ [ 1.88073966523296, 47.859605676492102 ], [ 1.88074042516619, 47.859556899507901 ], [ 1.88073927308725, 47.859497303344 ], [ 1.88071621571078, 47.859480791960699 ], [ 1.88072456425122, 47.859205087632702 ], [ 1.8807244855052, 47.859202476654303 ], [ 1.88021227233532, 47.858788863303602 ], [ 1.88002621576563, 47.858637584255099 ], [ 1.8796270160794, 47.858313164643597 ], [ 1.87950158202088, 47.858210977859798 ], [ 1.87884917907296, 47.857679278827398 ], [ 1.87847468202649, 47.857870656592702 ], [ 1.87833867010302, 47.8579402825562 ], [ 1.87833862363577, 47.857999507333503 ], [ 1.87828770941594, 47.857965897626997 ], [ 1.87823543127977, 47.857996900555001 ], [ 1.87800879523499, 47.857842349890703 ], [ 1.87761577623687, 47.857574417216298 ], [ 1.87743621730406, 47.857451638525198 ], [ 1.87735197893948, 47.857393857409697 ], [ 1.87726378455264, 47.857333428139398 ], [ 1.87719971537555, 47.857289521138703 ], [ 1.87715054460551, 47.8572557475811 ], [ 1.87709833657306, 47.8572201447708 ], [ 1.8768124027472, 47.857024070437497 ], [ 1.87669073219967, 47.856940368165503 ], [ 1.87645767132553, 47.856780172307602 ], [ 1.87584306272139, 47.856360697629597 ], [ 1.87566905349323, 47.856241479561596 ], [ 1.87551810695979, 47.856138413709701 ], [ 1.87537481895581, 47.856040011481497 ], [ 1.87515718693693, 47.855890491732701 ], [ 1.87480073820153, 47.855646301795304 ], [ 1.8746273907506, 47.8555276284836 ], [ 1.87452021752743, 47.855454323817398 ], [ 1.8744508789552, 47.855406854353298 ], [ 1.87438959557395, 47.855364232565698 ], [ 1.87430812209983, 47.855308815870899 ], [ 1.87425092664717, 47.855268933476403 ], [ 1.87403180921027, 47.855120387347299 ], [ 1.87361280329915, 47.8548374296847 ], [ 1.87335770315773, 47.854664234516697 ], [ 1.87291895612425, 47.854366593317103 ], [ 1.87151988502924, 47.855303810033199 ], [ 1.87147887571256, 47.855276413087701 ], [ 1.87144377944483, 47.855304338038898 ], [ 1.87064804075615, 47.8559410489489 ], [ 1.87059633672041, 47.855982675023803 ], [ 1.86995319302711, 47.856492588480201 ], [ 1.8698231661051, 47.856594845300997 ], [ 1.86974189649589, 47.856662018508501 ], [ 1.86954542982888, 47.856813229391697 ], [ 1.86918827342849, 47.857093402976901 ], [ 1.86908001268299, 47.857178227172298 ], [ 1.86910937026648, 47.857621170082197 ], [ 1.86893383090428, 47.857756560191 ], [ 1.86817545894005, 47.8583499603793 ], [ 1.86818257186333, 47.8584115945254 ], [ 1.86893434106902, 47.858832161561899 ], [ 1.8689684200672, 47.858852201863698 ], [ 1.86903464519484, 47.8588888434982 ], [ 1.86910278456172, 47.858923523368702 ], [ 1.86928658839888, 47.858984430232397 ], [ 1.86938180942861, 47.859016040640199 ], [ 1.86945896970238, 47.859041626411901 ], [ 1.8696688462178, 47.8590777616742 ], [ 1.86981103084053, 47.859102173503103 ], [ 1.87031007058727, 47.859188167001399 ], [ 1.87078500876396, 47.859269245970303 ], [ 1.87092453155993, 47.859293090769697 ], [ 1.87168157289313, 47.859422874677499 ], [ 1.87186599851621, 47.859454710845803 ], [ 1.87196207391189, 47.859471386021902 ], [ 1.87241073983483, 47.859549145473402 ], [ 1.87261875023292, 47.859585167466598 ], [ 1.87288419828372, 47.859630921708103 ], [ 1.87300466439765, 47.859651610672003 ], [ 1.87307422620409, 47.859663529843502 ], [ 1.87326531837154, 47.859696417912602 ], [ 1.87343788511122, 47.859726247531697 ], [ 1.87381846597319, 47.8597920067687 ], [ 1.87413854966685, 47.859847283365902 ], [ 1.87440134122913, 47.859892288587602 ], [ 1.87461296089159, 47.859928521654901 ], [ 1.87504804864919, 47.860003620462201 ], [ 1.87539093977241, 47.860061992547003 ], [ 1.875788729441, 47.860130070475101 ], [ 1.87582537636072, 47.860136362140302 ], [ 1.87598902299145, 47.860164392352502 ], [ 1.87613734354386, 47.860189845314103 ], [ 1.87680925310518, 47.860305099123003 ], [ 1.8772214367325, 47.860375740157302 ], [ 1.87853502015745, 47.860600901918801 ], [ 1.87893588205343, 47.860669538491301 ], [ 1.87913832868069, 47.8607034254768 ], [ 1.87946453087543, 47.860760816040397 ], [ 1.87953425017631, 47.860771742765202 ], [ 1.87954043504822, 47.8607131167647 ], [ 1.87955370190863, 47.8606992022494 ], [ 1.87956108028373, 47.860691802066398 ], [ 1.88008791561268, 47.860164796069 ], [ 1.88024382241097, 47.860008050454901 ], [ 1.8802730676944, 47.859978446981799 ], [ 1.88030545103823, 47.859945903192198 ], [ 1.88040849100956, 47.8598416673968 ], [ 1.88045304998823, 47.859796188621701 ], [ 1.88048189957342, 47.8597663112958 ], [ 1.88055801261148, 47.859689540827198 ], [ 1.8806446605141, 47.8596015298344 ], [ 1.88068026562189, 47.859625541582197 ], [ 1.88072524337988, 47.8596554032341 ], [ 1.88073328694207, 47.859629107681798 ], [ 1.88073966523296, 47.859605676492102 ] ] ], [ [ [ 1.8863514295185, 47.859350531569198 ], [ 1.88634928854386, 47.859337820156298 ], [ 1.8863469518052, 47.859321686591102 ], [ 1.88634229153425, 47.859288789531298 ], [ 1.8863322134008, 47.859239999680597 ], [ 1.88632313673348, 47.859207240711903 ], [ 1.88625991933413, 47.8589563290599 ], [ 1.88618356051536, 47.858656058320399 ], [ 1.88611120600451, 47.858368966625903 ], [ 1.88596775556816, 47.857792274667702 ], [ 1.88596888776362, 47.857782924605203 ], [ 1.88596993341071, 47.857771323525199 ], [ 1.88596667973303, 47.857754281150697 ], [ 1.88595762335776, 47.857695060012198 ], [ 1.8859539692626, 47.8576588421667 ], [ 1.88592712651214, 47.857369932135597 ], [ 1.88590698488506, 47.857125009518199 ], [ 1.88588801780254, 47.856900619809103 ], [ 1.88586935554001, 47.856687213922299 ], [ 1.88585278389914, 47.856616490363699 ], [ 1.88582665275838, 47.856504182374302 ], [ 1.88580608014864, 47.856413799081103 ], [ 1.88578169660041, 47.856307448185497 ], [ 1.88568915694741, 47.855899013407601 ], [ 1.88567422586915, 47.855832985781603 ], [ 1.8856594040041, 47.855768129291299 ], [ 1.88564484770326, 47.855703365326796 ], [ 1.88562318746005, 47.855607481137497 ], [ 1.88560201117063, 47.855514031749799 ], [ 1.88555586681811, 47.8553102654367 ], [ 1.88555391057241, 47.8553015160809 ], [ 1.88516790638695, 47.855316660194397 ], [ 1.88502844065465, 47.855322175378603 ], [ 1.8849355652098, 47.8553252529898 ], [ 1.88464275457893, 47.855334890575101 ], [ 1.88461264226252, 47.855335954399699 ], [ 1.88443378607651, 47.855364046392602 ], [ 1.88432791932942, 47.8553807712062 ], [ 1.88377579047149, 47.855390820453799 ], [ 1.8837516444048, 47.855483478943 ], [ 1.88373187051734, 47.855558987501801 ], [ 1.88374069559267, 47.855769150075403 ], [ 1.88374377163212, 47.855807342720503 ], [ 1.88375723939677, 47.855987486780599 ], [ 1.8837625072206, 47.8560295706164 ], [ 1.88376003847916, 47.856051599074497 ], [ 1.88373306076093, 47.856298144162999 ], [ 1.88373919991858, 47.856419713287103 ], [ 1.8837459196926, 47.856558209415901 ], [ 1.88373836025116, 47.856631583952101 ], [ 1.88372061800888, 47.856801350078001 ], [ 1.88371231433038, 47.856878317837499 ], [ 1.88370013753146, 47.856993232074302 ], [ 1.8836941065156, 47.857051139775002 ], [ 1.88368143899154, 47.857202142493797 ], [ 1.88367823492873, 47.857233704775197 ], [ 1.88367112180358, 47.857304923337402 ], [ 1.88366100256412, 47.857404645789899 ], [ 1.88365334646933, 47.857482609768397 ], [ 1.88365242595828, 47.857500962615802 ], [ 1.88364604494847, 47.857811069004804 ], [ 1.88363561345923, 47.857811059751498 ], [ 1.88338860621125, 47.857810599241702 ], [ 1.88333804764614, 47.857810838093599 ], [ 1.88318896676927, 47.857815359550301 ], [ 1.88300620915481, 47.8578186601098 ], [ 1.88290922953526, 47.857819536890503 ], [ 1.88277617710742, 47.857825020512003 ], [ 1.88267287512649, 47.857827637047599 ], [ 1.88254444334084, 47.857823263546301 ], [ 1.88235003383619, 47.857808270509501 ], [ 1.88235001356788, 47.857821951513998 ], [ 1.88228274156601, 47.857815640129701 ], [ 1.88228205460912, 47.857829224774797 ], [ 1.8822710176188, 47.858156838281197 ], [ 1.88229305954854, 47.858158038362099 ], [ 1.88227021894973, 47.858423703962401 ], [ 1.88227939534381, 47.858432522147702 ], [ 1.88226364326553, 47.858628229141601 ], [ 1.88198704671058, 47.858616412848299 ], [ 1.88195539026465, 47.858900535934701 ], [ 1.88207126931972, 47.859171123578903 ], [ 1.88201148984881, 47.859431576582701 ], [ 1.88195241116327, 47.859417152398898 ], [ 1.88175692743256, 47.859878739469103 ], [ 1.88159885579263, 47.8598144973244 ], [ 1.88143993175098, 47.859994077923197 ], [ 1.88142801032076, 47.860007645447297 ], [ 1.88158167377643, 47.860084356870097 ], [ 1.88173943939624, 47.8601631773614 ], [ 1.88177702917025, 47.860181897218602 ], [ 1.88187192649771, 47.860229335656399 ], [ 1.88222778103122, 47.860422102768602 ], [ 1.88222963227877, 47.8604231104907 ], [ 1.88258543074235, 47.860618666176897 ], [ 1.88265774288488, 47.860658958254596 ], [ 1.88285209192756, 47.860766388006098 ], [ 1.88287840143437, 47.860780949740999 ], [ 1.88334921983519, 47.8610405135015 ], [ 1.88350728618954, 47.861124374812199 ], [ 1.88356643179963, 47.861154820181 ], [ 1.88376745266328, 47.861250430822999 ], [ 1.8840159024653, 47.861367644047803 ], [ 1.8840366945528, 47.8613774726335 ], [ 1.88418117716399, 47.861445902496001 ], [ 1.88433903192983, 47.861520849872498 ], [ 1.88442065848631, 47.861557179043203 ], [ 1.8846636610432, 47.861666418382498 ], [ 1.88478874865488, 47.861722242044699 ], [ 1.88485326912678, 47.861751567729598 ], [ 1.88496164779849, 47.861800571826002 ], [ 1.88513946499533, 47.861880388197399 ], [ 1.88529830377542, 47.861953183406598 ], [ 1.88548296613025, 47.862038284714799 ], [ 1.88562578004954, 47.862103546620098 ], [ 1.88572089345515, 47.862147383574502 ], [ 1.88572119324971, 47.862139465753202 ], [ 1.88577418267269, 47.862163820993999 ], [ 1.88578747089918, 47.861727860338497 ], [ 1.88601419505016, 47.8617269529474 ], [ 1.88614488176025, 47.861726303529103 ], [ 1.88614523979566, 47.861664561705901 ], [ 1.88614798192128, 47.861387004233201 ], [ 1.88601466523117, 47.8613791679592 ], [ 1.8856675880674, 47.861360030731497 ], [ 1.88560319645111, 47.861356448896302 ], [ 1.88557474013723, 47.8613549185038 ], [ 1.88558277569828, 47.861290639364803 ], [ 1.88558512133197, 47.861229816476602 ], [ 1.88562246914729, 47.860622439480203 ], [ 1.88562331354086, 47.860607686241103 ], [ 1.88537367612358, 47.860591723731602 ], [ 1.88531744236784, 47.860588219230401 ], [ 1.88514125283624, 47.860577634409402 ], [ 1.88504532510389, 47.860572762504901 ], [ 1.88502381510124, 47.860571658015601 ], [ 1.88491906188572, 47.860566702136701 ], [ 1.8849389934905, 47.8603689646418 ], [ 1.88496084233103, 47.860169085157899 ], [ 1.8849843680908, 47.859953020194801 ], [ 1.88500537805446, 47.859761233380603 ], [ 1.88503951540061, 47.859453731327399 ], [ 1.8850523625724, 47.859332252944299 ], [ 1.88505367777153, 47.859320564434697 ], [ 1.88515368648884, 47.859322054841797 ], [ 1.88519419319189, 47.859322889782497 ], [ 1.88530140373892, 47.859325348572597 ], [ 1.88534939102881, 47.859326614564097 ], [ 1.88564280852344, 47.859333722235 ], [ 1.88572194804326, 47.859335463974801 ], [ 1.88589185856476, 47.859339147755499 ], [ 1.8860707205839, 47.859343276311598 ], [ 1.88634046851768, 47.859350247509902 ], [ 1.8863514295185, 47.859350531569198 ] ] ], [ [ [ 1.91259497231056, 47.856281280450702 ], [ 1.91258261316095, 47.856140214176101 ], [ 1.91258081152015, 47.8561171555599 ], [ 1.91257899146618, 47.856094996847503 ], [ 1.91256827229829, 47.855965286700901 ], [ 1.912559401962, 47.855862865953497 ], [ 1.91255601201296, 47.855825931455001 ], [ 1.91255608159117, 47.855809460726803 ], [ 1.91254576846316, 47.855686054844803 ], [ 1.91251288342691, 47.855554699071099 ], [ 1.91249064953071, 47.855471416023697 ], [ 1.91243948406202, 47.855285796222098 ], [ 1.91238101704096, 47.855077966826101 ], [ 1.91236686667419, 47.855024461161698 ], [ 1.91232080274762, 47.854857520113498 ], [ 1.91229394097863, 47.854758622773097 ], [ 1.91224921456535, 47.8545916940677 ], [ 1.91211472461468, 47.854099635591801 ], [ 1.91205969174225, 47.853913619556103 ], [ 1.91205645678597, 47.853901798557999 ], [ 1.91205275886596, 47.853886462969299 ], [ 1.91196952516361, 47.853555993104202 ], [ 1.91196666635757, 47.8535388651392 ], [ 1.91194388909276, 47.853449546322601 ], [ 1.9118900713942, 47.853236899131403 ], [ 1.91180249027555, 47.852962103424503 ], [ 1.9117676708155, 47.852847020644198 ], [ 1.91167844371078, 47.852737553616301 ], [ 1.91163852648932, 47.852688579132497 ], [ 1.91162285470096, 47.852670252180097 ], [ 1.91161906953459, 47.8526657166774 ], [ 1.91145720407871, 47.852733790727797 ], [ 1.91132433829309, 47.852789712628898 ], [ 1.91111638584974, 47.852868429440399 ], [ 1.91087717251313, 47.852958646662699 ], [ 1.91069029751809, 47.8530267574872 ], [ 1.91058102447273, 47.853066786251397 ], [ 1.91049856635488, 47.853096893091198 ], [ 1.91035587484103, 47.8531493023537 ], [ 1.91010487472392, 47.853240308603603 ], [ 1.90989953288831, 47.853315447217803 ], [ 1.90980777470477, 47.853349067460798 ], [ 1.90971142621797, 47.853384805154199 ], [ 1.90955233173561, 47.853447951922298 ], [ 1.90924711378087, 47.853567704851997 ], [ 1.90917362884273, 47.853597084129099 ], [ 1.90909341434445, 47.853628560964601 ], [ 1.90899067737289, 47.853669279090497 ], [ 1.90894402815648, 47.853687746846902 ], [ 1.90888453299915, 47.853713115703101 ], [ 1.90881385054651, 47.853749271397497 ], [ 1.90867206945856, 47.853822298848698 ], [ 1.90858192088043, 47.853868624193602 ], [ 1.908447444179, 47.853937578978297 ], [ 1.90831420004094, 47.854005104956897 ], [ 1.90819132102639, 47.854069306961001 ], [ 1.90796506331988, 47.854185831084301 ], [ 1.90785422926235, 47.8542430342549 ], [ 1.90773854646018, 47.854301902321303 ], [ 1.9075959416935, 47.854375820883298 ], [ 1.90754539224377, 47.8544018124107 ], [ 1.90738233241875, 47.854481930770902 ], [ 1.90732505310333, 47.854510019707 ], [ 1.90720608710304, 47.854559405865999 ], [ 1.90711626032134, 47.8545964622976 ], [ 1.90702742857828, 47.854630647686299 ], [ 1.9069341437198, 47.854666771684599 ], [ 1.9068481084514, 47.854701523040397 ], [ 1.90670492563867, 47.854744922543503 ], [ 1.90647146125058, 47.854814932686899 ], [ 1.90631176902805, 47.854861238080602 ], [ 1.90620833979781, 47.854889886303503 ], [ 1.90610706827692, 47.854917654478903 ], [ 1.90608704233868, 47.854922508173303 ], [ 1.90654474543441, 47.8554129064457 ], [ 1.9065906879522, 47.855461398721197 ], [ 1.90659448214648, 47.855465484426901 ], [ 1.90658893903853, 47.855468403014797 ], [ 1.90675826907824, 47.855597251863102 ], [ 1.90684517597121, 47.855663227208403 ], [ 1.90685575413357, 47.8556690862628 ], [ 1.90683674581125, 47.855676469780001 ], [ 1.90679885915627, 47.855691418031697 ], [ 1.90667399390397, 47.855741378727103 ], [ 1.90662867914557, 47.855759858001399 ], [ 1.90638814735118, 47.855854644209501 ], [ 1.90631008935662, 47.8558850591591 ], [ 1.90627633996073, 47.855900405843499 ], [ 1.90619544651463, 47.855938624943498 ], [ 1.90618795107866, 47.855932434542197 ], [ 1.90607039301259, 47.855997674012002 ], [ 1.90603177438205, 47.856015675450301 ], [ 1.90586497489238, 47.856101697322202 ], [ 1.90576604181488, 47.856152168929398 ], [ 1.90575671952574, 47.856156762372898 ], [ 1.90556655493074, 47.856188921361401 ], [ 1.9054713244924, 47.856241407430197 ], [ 1.90546510157379, 47.856244859668102 ], [ 1.90538826674547, 47.856287256429297 ], [ 1.90536435177113, 47.856299094307602 ], [ 1.90526964441938, 47.8563456445928 ], [ 1.90514696604175, 47.856406154966201 ], [ 1.90499672664911, 47.856473698582903 ], [ 1.9048338332384, 47.856493329853201 ], [ 1.90456596467848, 47.856609909010501 ], [ 1.90449961153942, 47.8566368317505 ], [ 1.9043604813905, 47.856690887148197 ], [ 1.90426510751021, 47.856730769840397 ], [ 1.90417921219754, 47.856777941598502 ], [ 1.90407982864378, 47.856824177226301 ], [ 1.90407253031232, 47.856827889367501 ], [ 1.90400775511967, 47.856849606131298 ], [ 1.90398849340602, 47.856856266761703 ], [ 1.90410480104208, 47.856962122099802 ], [ 1.90439459535837, 47.857228730956002 ], [ 1.90443633092819, 47.857267193901102 ], [ 1.90452142349102, 47.857343324814799 ], [ 1.90457509146049, 47.857393330084001 ], [ 1.90447532478533, 47.857451623471498 ], [ 1.90446476720559, 47.857457735405099 ], [ 1.9043355021213, 47.8575326746302 ], [ 1.904318741775, 47.857541248833101 ], [ 1.90428013441846, 47.857558619747003 ], [ 1.90418711935676, 47.8576007745895 ], [ 1.90413474330002, 47.857624317377599 ], [ 1.90398908439614, 47.857690012327097 ], [ 1.90379293560655, 47.857778547295602 ], [ 1.90368097158688, 47.857838076152902 ], [ 1.90364216510943, 47.8578585952609 ], [ 1.90358401662349, 47.857889644493603 ], [ 1.90344135188243, 47.857965717614398 ], [ 1.90343567276984, 47.857968724789401 ], [ 1.90341552472919, 47.857979427380599 ], [ 1.9032955797409, 47.858043291642502 ], [ 1.90322931700309, 47.8580786752172 ], [ 1.90318293489158, 47.858103353706603 ], [ 1.90307732465951, 47.858159521103701 ], [ 1.90295210454941, 47.858226215934998 ], [ 1.90294980353838, 47.858227544531502 ], [ 1.90271991183657, 47.858350235066297 ], [ 1.90271477307531, 47.858352977237701 ], [ 1.90250559887775, 47.858463260065498 ], [ 1.90235132745887, 47.858544263709199 ], [ 1.90224127312389, 47.858601828897399 ], [ 1.90214122132428, 47.858654267147401 ], [ 1.90191947158455, 47.858771091811001 ], [ 1.9020034670237, 47.8588549548722 ], [ 1.90222135420499, 47.859074001915197 ], [ 1.90230546014925, 47.859159035867599 ], [ 1.90231580626538, 47.859169663543298 ], [ 1.90231790297602, 47.859171753332497 ], [ 1.90245588869778, 47.8593159761352 ], [ 1.90246898531299, 47.859329419758097 ], [ 1.90248732642558, 47.859354433396497 ], [ 1.90270849942043, 47.859265594619998 ], [ 1.9026673282185, 47.8592192157287 ], [ 1.90294768869609, 47.859107348113199 ], [ 1.90306123472503, 47.859062055940797 ], [ 1.903088158131, 47.8590665380163 ], [ 1.90341573170116, 47.858935039030399 ], [ 1.90362004208731, 47.858853061516299 ], [ 1.90369545280263, 47.858938283230898 ], [ 1.90370316196297, 47.858947085993201 ], [ 1.90378746701552, 47.859042021551701 ], [ 1.90386392943687, 47.8591281530448 ], [ 1.90388204806718, 47.859131562592502 ], [ 1.90415972006354, 47.859020207030298 ], [ 1.90438532747952, 47.858930146429103 ], [ 1.9045534905095, 47.858772043444901 ], [ 1.90470133015178, 47.858633102088199 ], [ 1.90471128242715, 47.858623924230301 ], [ 1.90472253879473, 47.858629339757698 ], [ 1.90479854951902, 47.858666052333902 ], [ 1.9050118380163, 47.858466246425301 ], [ 1.90501602366914, 47.8583345145314 ], [ 1.90501005408594, 47.858130951869803 ], [ 1.90500854269007, 47.858080983600097 ], [ 1.90522516854435, 47.858186423852402 ], [ 1.90522491079437, 47.858250866811701 ], [ 1.90522594845306, 47.8583433141848 ], [ 1.90522631713068, 47.858370859915503 ], [ 1.90522998652211, 47.8586796197986 ], [ 1.90523037767918, 47.858712566181602 ], [ 1.90523010907467, 47.858732095295103 ], [ 1.90522952127416, 47.858864490786203 ], [ 1.90517674730528, 47.858842396534499 ], [ 1.90516070303187, 47.858835676267603 ], [ 1.90510285681499, 47.858858538378897 ], [ 1.90499822352378, 47.858899775354097 ], [ 1.90498204407844, 47.858906104883197 ], [ 1.90484828123761, 47.858959040836297 ], [ 1.904718563008, 47.859010394262697 ], [ 1.90455576676518, 47.8590768299768 ], [ 1.90450694025699, 47.859096805766399 ], [ 1.90462144377453, 47.859232075987798 ], [ 1.90477419776371, 47.859412796885103 ], [ 1.90478320910413, 47.859423321868903 ], [ 1.90482212977612, 47.859410274079003 ], [ 1.90490446347971, 47.859380350072598 ], [ 1.90498522957329, 47.859348611229201 ], [ 1.90517629187695, 47.8592669574208 ], [ 1.90534198867142, 47.859196047546 ], [ 1.90551496874207, 47.859122145129902 ], [ 1.90566550505194, 47.859050256300797 ], [ 1.90624542677909, 47.858773337778103 ], [ 1.90626525896061, 47.858764971957498 ], [ 1.90640530046088, 47.858705792404699 ], [ 1.9064467178347, 47.858688356986598 ], [ 1.90657561796255, 47.858631143554099 ], [ 1.90662204935029, 47.858610514535997 ], [ 1.90671247922206, 47.858570493877799 ], [ 1.90681648639048, 47.8585270893713 ], [ 1.90684977876413, 47.858514528513801 ], [ 1.90689318305741, 47.8584980115265 ], [ 1.90691353693639, 47.858490280509798 ], [ 1.90696166008834, 47.858471917306403 ], [ 1.90702488144763, 47.858447754248502 ], [ 1.90715388493386, 47.858398461802601 ], [ 1.9071348391486, 47.858362101393702 ], [ 1.90704906573892, 47.858266794539297 ], [ 1.90701323735856, 47.858207595879598 ], [ 1.90708799856506, 47.858155547972501 ], [ 1.90727443479247, 47.858025333640001 ], [ 1.90732965943825, 47.8579867847481 ], [ 1.90738703403537, 47.857941235269898 ], [ 1.90752033512399, 47.857819436419803 ], [ 1.90755637177495, 47.8577839490099 ], [ 1.90760577384916, 47.8577683876835 ], [ 1.90767994561265, 47.857744956286801 ], [ 1.90788913044666, 47.857679038100798 ], [ 1.90795634445571, 47.857668772861103 ], [ 1.90797512715586, 47.857665887439701 ], [ 1.90801134987225, 47.857660374112903 ], [ 1.90897891532916, 47.857329777838402 ], [ 1.90901401086025, 47.857321175465998 ], [ 1.90900065915873, 47.857319449170397 ], [ 1.90900769348426, 47.857315554256303 ], [ 1.9090642557977, 47.857283407521102 ], [ 1.90909252861538, 47.857267739099399 ], [ 1.90916073001524, 47.857241911061202 ], [ 1.90920669268527, 47.857217946389099 ], [ 1.90942782080886, 47.857449611223799 ], [ 1.90943000527247, 47.857453951888402 ], [ 1.90943750868805, 47.857459782115797 ], [ 1.90965876145839, 47.857691987667003 ], [ 1.90971086775601, 47.857746656401901 ], [ 1.90993313933658, 47.857968429980502 ], [ 1.91005869584423, 47.857904431124098 ], [ 1.91009788994392, 47.857884453562797 ], [ 1.91015235790943, 47.8578566072147 ], [ 1.91020101154371, 47.857831857091703 ], [ 1.91022840922587, 47.857813210027103 ], [ 1.91027153724974, 47.857783998183798 ], [ 1.91029405292312, 47.857768636032297 ], [ 1.91045842911058, 47.857657203362997 ], [ 1.91046344660769, 47.857653829677403 ], [ 1.91048826665768, 47.857636958762498 ], [ 1.91050547699368, 47.857625957665697 ], [ 1.91060981040739, 47.857559870972999 ], [ 1.9108108882422, 47.857745713137298 ], [ 1.91085965397923, 47.857715473330899 ], [ 1.91091086153987, 47.8576835460307 ], [ 1.91091608004056, 47.857683414459501 ], [ 1.91105934559569, 47.857590506530599 ], [ 1.9110602124165, 47.857587364316103 ], [ 1.91110835077091, 47.857548567876599 ], [ 1.91118498722085, 47.857476553138497 ], [ 1.91122578601812, 47.857450019552203 ], [ 1.91132629215252, 47.857505406747997 ], [ 1.91144151830925, 47.857403687450002 ], [ 1.91147325766235, 47.8573754495849 ], [ 1.91152296774003, 47.857331717148803 ], [ 1.91155415003911, 47.857304554182399 ], [ 1.91157948852236, 47.857268876292501 ], [ 1.91154073468045, 47.857234763957699 ], [ 1.91160923444401, 47.857200836605401 ], [ 1.91151147712486, 47.8571092021404 ], [ 1.91176190727885, 47.856942311369103 ], [ 1.91186834111808, 47.8568714726458 ], [ 1.91196481478141, 47.856810262258598 ], [ 1.91201195420582, 47.856780996970002 ], [ 1.91205136151871, 47.856757060406501 ], [ 1.91207694790587, 47.856741906403599 ], [ 1.91210822197932, 47.856723294846397 ], [ 1.91215084194684, 47.856699208025603 ], [ 1.91210522731756, 47.856660531873999 ], [ 1.91196925913433, 47.856743427932201 ], [ 1.9116658387729, 47.856461320352899 ], [ 1.91172613507724, 47.856429567011297 ], [ 1.91190121138898, 47.8563373131445 ], [ 1.91199587870042, 47.856285896784499 ], [ 1.91197236292487, 47.8562652469951 ], [ 1.91199668491049, 47.856253051528 ], [ 1.91203804036695, 47.856231923264602 ], [ 1.91205804124485, 47.856221757884299 ], [ 1.91208142169781, 47.856209823690797 ], [ 1.91213561396219, 47.856182243886003 ], [ 1.91220590874158, 47.856243470741298 ], [ 1.91237406029974, 47.856391471941699 ], [ 1.91247512690323, 47.856341014601398 ], [ 1.91259497231056, 47.856281280450702 ] ], [ [ 1.90960495749733, 47.854057162885397 ], [ 1.90954129491684, 47.854096624534101 ], [ 1.90954062085683, 47.854096888291402 ], [ 1.90960495749733, 47.854057162885397 ] ], [ [ 1.91003419769782, 47.853915249445102 ], [ 1.90993636370564, 47.853973817457103 ], [ 1.9099364454046, 47.853973746210102 ], [ 1.91003419769782, 47.853915249445102 ] ] ], [ [ [ 1.90424903138643, 47.859579357414297 ], [ 1.90424067386821, 47.859569558555599 ], [ 1.904116605952, 47.859424657860401 ], [ 1.90400808909406, 47.859297453742201 ], [ 1.90393176919339, 47.859210873650298 ], [ 1.90380931658868, 47.8592600437686 ], [ 1.90373913322686, 47.859180721478701 ], [ 1.90365509918698, 47.859085608412002 ], [ 1.90356962799217, 47.858988861711602 ], [ 1.90326336370891, 47.859111739591299 ], [ 1.90295655385255, 47.859235061611798 ], [ 1.9029935392672, 47.859276900886897 ], [ 1.90286339873774, 47.859329148402701 ], [ 1.9025586073272, 47.859451768202703 ], [ 1.90258019667562, 47.859481402588699 ], [ 1.90265771238621, 47.859587706381497 ], [ 1.90273574841276, 47.859694735039497 ], [ 1.90279973896952, 47.8597824606994 ], [ 1.90283537438656, 47.859831397971703 ], [ 1.90288519128167, 47.859899549421797 ], [ 1.90298034775497, 47.860032480107897 ], [ 1.90298358854399, 47.860037460818802 ], [ 1.90309411855261, 47.859995830725303 ], [ 1.90316663508817, 47.8599686063774 ], [ 1.90325087051081, 47.859937351191498 ], [ 1.90329871951507, 47.859919436956503 ], [ 1.90332554124133, 47.859909426823897 ], [ 1.90340613450652, 47.859879667609 ], [ 1.90344252819993, 47.859865966603103 ], [ 1.90349226027486, 47.859847529844799 ], [ 1.90351908007142, 47.859837609657703 ], [ 1.90356206675684, 47.859821990067303 ], [ 1.90358646474321, 47.859812767291601 ], [ 1.90365075340823, 47.859788886037997 ], [ 1.90369603550496, 47.859772207759299 ], [ 1.90386502688352, 47.859710331486902 ], [ 1.90389453946507, 47.859699536298002 ], [ 1.90391003769746, 47.859693830606403 ], [ 1.90398940828537, 47.859664959644803 ], [ 1.90407937961945, 47.859634387502702 ], [ 1.90414495491662, 47.859612948199 ], [ 1.90424903138643, 47.859579357414297 ] ] ], [ [ [ 1.86953854641221, 47.861826609067897 ], [ 1.86952748191312, 47.861541987544598 ], [ 1.86952359284238, 47.861454462401497 ], [ 1.869498613777, 47.861251793952597 ], [ 1.86946376699351, 47.861035169170499 ], [ 1.86942138264956, 47.8607767980426 ], [ 1.86939843727268, 47.8606420150698 ], [ 1.86938618257396, 47.86057052068 ], [ 1.86935119882806, 47.860360375021997 ], [ 1.86932711897153, 47.860190927999902 ], [ 1.86931722735946, 47.860121526538698 ], [ 1.86924226193648, 47.859596777577202 ], [ 1.86923749766331, 47.859562978659902 ], [ 1.86921322161838, 47.859396499901599 ], [ 1.86920320965543, 47.859332767740199 ], [ 1.8691995435491, 47.859303929840998 ], [ 1.86919537705311, 47.859273466973796 ], [ 1.86908880727157, 47.859064971271302 ], [ 1.86848020180304, 47.859043351727102 ], [ 1.86840857051886, 47.859040770685702 ], [ 1.86786385283628, 47.8590211142497 ], [ 1.86758627732631, 47.8590113247378 ], [ 1.86744087932739, 47.8590059608877 ], [ 1.86720979856201, 47.8589984194683 ], [ 1.86717587705797, 47.858996111761201 ], [ 1.86687528288037, 47.858974487260902 ], [ 1.86661914127439, 47.858956801741598 ], [ 1.86636582513712, 47.858938332889998 ], [ 1.86627488603042, 47.8589317836391 ], [ 1.86624710590848, 47.858929985049201 ], [ 1.86616376363378, 47.858924679229403 ], [ 1.86573442256888, 47.858894606829502 ], [ 1.86561650390646, 47.858886356096299 ], [ 1.86546493327918, 47.8588757096392 ], [ 1.86526395349564, 47.858861524835902 ], [ 1.8651876657271, 47.858901650634699 ], [ 1.86495382589737, 47.860093975698597 ], [ 1.86493839784203, 47.860171323362501 ], [ 1.8649058054064, 47.860338422984398 ], [ 1.86489983873244, 47.8603735583971 ], [ 1.86485217660473, 47.860619989268997 ], [ 1.86482683184117, 47.860754576053502 ], [ 1.86471509226977, 47.861345837492799 ], [ 1.86464698587532, 47.8617039502331 ], [ 1.86457326826808, 47.862086760750401 ], [ 1.86462556515259, 47.862130560649099 ], [ 1.8649794525463, 47.862131374388902 ], [ 1.86539643233801, 47.862133967300302 ], [ 1.86570869725605, 47.862135996475999 ], [ 1.86594701515305, 47.862137220097097 ], [ 1.86601735935188, 47.862137629967698 ], [ 1.866108982835, 47.862137435373597 ], [ 1.86675839683831, 47.8621411894026 ], [ 1.86694816554887, 47.862142302092501 ], [ 1.86719304553753, 47.862143136512898 ], [ 1.86767008839796, 47.8621453111449 ], [ 1.86874385856098, 47.8621507186052 ], [ 1.86873768777061, 47.861850032793598 ], [ 1.86953854641221, 47.861826609067897 ] ] ], [ [ [ 1.87496745645113, 47.862009752265998 ], [ 1.87489794141301, 47.861831230309498 ], [ 1.8746704677102, 47.861097015251197 ], [ 1.87451423307938, 47.860624235564998 ], [ 1.87435253702449, 47.860175795251202 ], [ 1.87434786967351, 47.860162519312297 ], [ 1.87429474922351, 47.860031048168103 ], [ 1.87428621932551, 47.860017015101903 ], [ 1.87427609461221, 47.860008817245799 ], [ 1.87425198643616, 47.859991484426601 ], [ 1.87422437682204, 47.859975288107201 ], [ 1.87420663617658, 47.859973047695703 ], [ 1.87403252508108, 47.859952925255499 ], [ 1.87385796909861, 47.859934868466901 ], [ 1.8738084246004, 47.859931332633401 ], [ 1.87354001791101, 47.859911474384901 ], [ 1.87352345979108, 47.859910235310302 ], [ 1.87333584938774, 47.859889712194402 ], [ 1.87317065409124, 47.859871744268602 ], [ 1.87312061490364, 47.859866313226 ], [ 1.87288199870865, 47.859816586939601 ], [ 1.87279691205571, 47.859798848001802 ], [ 1.87276097822271, 47.859790492052703 ], [ 1.87255229630684, 47.859741952768601 ], [ 1.87218790474194, 47.859657083329601 ], [ 1.87208635990324, 47.859633425150797 ], [ 1.87206652965362, 47.859628824117699 ], [ 1.87160765531726, 47.859540524249802 ], [ 1.87160822065758, 47.859551690674401 ], [ 1.87133770242102, 47.859505434714201 ], [ 1.87123442366093, 47.859487879650999 ], [ 1.87108837104032, 47.859462892302197 ], [ 1.87083767229698, 47.859421776323202 ], [ 1.87019523291279, 47.859311722263797 ], [ 1.86977826650019, 47.859240380202998 ], [ 1.86974522167717, 47.8592345713746 ], [ 1.86952416595607, 47.8591958083165 ], [ 1.86941130680434, 47.859175999127999 ], [ 1.86929942323819, 47.859242336904998 ], [ 1.86936717371901, 47.859729033038903 ], [ 1.86942179696521, 47.8601224442424 ], [ 1.86944961202118, 47.860323790058402 ], [ 1.86945182144282, 47.860339382724703 ], [ 1.86947238154957, 47.860460551526799 ], [ 1.86954000942867, 47.860858858220098 ], [ 1.86957508231516, 47.861064864244703 ], [ 1.86960228517884, 47.861225880463202 ], [ 1.86960286954915, 47.861229846441198 ], [ 1.86961859857117, 47.861364379779097 ], [ 1.86962773385184, 47.861444214787198 ], [ 1.86963173509979, 47.861589346054402 ], [ 1.86963673743381, 47.8617754405375 ], [ 1.87019821380645, 47.861763117001402 ], [ 1.87134416028697, 47.861738953092797 ], [ 1.87135312826525, 47.861814195913901 ], [ 1.87136561853558, 47.861918815169297 ], [ 1.87141102176086, 47.862199266277401 ], [ 1.87147161323211, 47.862432159265303 ], [ 1.87164456842427, 47.862406280301201 ], [ 1.87188917089931, 47.862369839007599 ], [ 1.87227117044121, 47.862312845997202 ], [ 1.8726809454375, 47.862251618232499 ], [ 1.87276010779789, 47.862239867723801 ], [ 1.87284624666123, 47.862227104089897 ], [ 1.87301088293183, 47.8622024033128 ], [ 1.87314747158956, 47.862182113340801 ], [ 1.87346184478777, 47.862135177886501 ], [ 1.87425267054846, 47.862017207470302 ], [ 1.87476897152184, 47.8619402530448 ], [ 1.87482227638389, 47.861886309537603 ], [ 1.87485026151612, 47.861973255404898 ], [ 1.8749067590025, 47.861964346367799 ], [ 1.87493483337333, 47.862002868881397 ], [ 1.87496745645113, 47.862009752265998 ] ] ], [ [ [ 1.88670373445135, 47.864475307151899 ], [ 1.88669782627728, 47.864457249602403 ], [ 1.88668982790622, 47.864417660437297 ], [ 1.88664032839531, 47.864137267534502 ], [ 1.88659746221141, 47.863891410373398 ], [ 1.88655067462046, 47.863660367182497 ], [ 1.88648113022228, 47.863328119536199 ], [ 1.8864675125929, 47.863263094876203 ], [ 1.88643035672574, 47.863083087215799 ], [ 1.88642694864388, 47.863047861924002 ], [ 1.88639905030741, 47.862866501968902 ], [ 1.88641756352553, 47.862576673339099 ], [ 1.88636842500995, 47.862553615057998 ], [ 1.88600946105757, 47.862380183130803 ], [ 1.88583564128417, 47.862300946134603 ], [ 1.88577044720849, 47.862271794629102 ], [ 1.88571015758714, 47.862244759838902 ], [ 1.88570807353184, 47.862222958209401 ], [ 1.88540892997873, 47.862086365540797 ], [ 1.88523166734937, 47.862005564783097 ], [ 1.88503679002373, 47.861916495674201 ], [ 1.88492006958932, 47.861863452039302 ], [ 1.88484892701045, 47.861831003195903 ], [ 1.88463748674576, 47.861734575367997 ], [ 1.88445797396278, 47.8616527619278 ], [ 1.88412859953445, 47.861503907434702 ], [ 1.8840206082818, 47.861455626293498 ], [ 1.88395794183419, 47.861427217850299 ], [ 1.88374278705329, 47.861329492916099 ], [ 1.88365388603068, 47.861289313724299 ], [ 1.88347719090821, 47.861219946602802 ], [ 1.88345805605182, 47.861214004016702 ], [ 1.8833474712405, 47.8611809988613 ], [ 1.88323550207109, 47.861150230615102 ], [ 1.88322432623144, 47.861147424008202 ], [ 1.88321621084915, 47.861145366592901 ], [ 1.88312215231492, 47.861121519294997 ], [ 1.8829727087539, 47.8610983147342 ], [ 1.88295082957942, 47.861095676221197 ], [ 1.88292801814351, 47.861092848812604 ], [ 1.88271229835025, 47.861085754315702 ], [ 1.88266751883904, 47.8610845178099 ], [ 1.8827046908718, 47.861339413558902 ], [ 1.88271046552332, 47.861376461708801 ], [ 1.88271458189944, 47.861403323197997 ], [ 1.88272099050267, 47.861467469694702 ], [ 1.88272232773727, 47.861486564056698 ], [ 1.88268655583311, 47.861489463683498 ], [ 1.88260538781035, 47.861494991231403 ], [ 1.8825607826685, 47.861498166725497 ], [ 1.88253882386339, 47.861499307701799 ], [ 1.88243478933631, 47.861504617343797 ], [ 1.88230844591625, 47.861508634284696 ], [ 1.88229405057847, 47.861512637504397 ], [ 1.88231112847185, 47.861520990891897 ], [ 1.8823515407036, 47.861863405019797 ], [ 1.88236843688875, 47.862007578224897 ], [ 1.8823731018415, 47.8620465059686 ], [ 1.88238249332625, 47.862057846383998 ], [ 1.88241091260328, 47.8623282300345 ], [ 1.88235998007234, 47.862333325355799 ], [ 1.88237893953281, 47.862506590636599 ], [ 1.88239501471891, 47.862651656036597 ], [ 1.88225238062612, 47.862654257659798 ], [ 1.88223310908751, 47.862654794129497 ], [ 1.88225450279751, 47.862782268713801 ], [ 1.88228673417459, 47.862979512414299 ], [ 1.88228666724087, 47.862989052583004 ], [ 1.88228701352087, 47.862991666102303 ], [ 1.88231360118517, 47.863145652359897 ], [ 1.88233670454062, 47.863299965436198 ], [ 1.88201014470992, 47.8633095453647 ], [ 1.88205024911828, 47.863602992187097 ], [ 1.88215163028493, 47.863596847505903 ], [ 1.88216273509516, 47.863685700770397 ], [ 1.88216789330382, 47.863726613349598 ], [ 1.88218647004798, 47.863867202130102 ], [ 1.88220545289626, 47.864032996878798 ], [ 1.88220759117558, 47.864045798321698 ], [ 1.88234608030897, 47.864036946716297 ], [ 1.88255086338078, 47.864024045935501 ], [ 1.88289454027406, 47.864002116385201 ], [ 1.88293793448294, 47.863999379258402 ], [ 1.88320217776376, 47.863982993072703 ], [ 1.88357864402297, 47.8639601135067 ], [ 1.88383968877565, 47.8639431554098 ], [ 1.88384263457775, 47.863943003417198 ], [ 1.88386750844778, 47.864159708128099 ], [ 1.8838744201517, 47.864219088828698 ], [ 1.88389655265618, 47.864400754499698 ], [ 1.88389699305687, 47.8644052590641 ], [ 1.88392016104769, 47.864594945226003 ], [ 1.8839250631705, 47.864629014686997 ], [ 1.8844606878358, 47.864600535450499 ], [ 1.88467914030492, 47.864541857085101 ], [ 1.88480184832044, 47.8645329425756 ], [ 1.88496369791372, 47.864519989540703 ], [ 1.88502760784939, 47.864514836381403 ], [ 1.8850830776952, 47.8645103230497 ], [ 1.88525844895181, 47.8644967780317 ], [ 1.88530252719487, 47.864493326467397 ], [ 1.88542043394102, 47.864483735647603 ], [ 1.88547831462963, 47.864479065015601 ], [ 1.88564127309099, 47.864470621955398 ], [ 1.88578163797431, 47.864480775683298 ], [ 1.88589957217918, 47.864489006122703 ], [ 1.885910677402, 47.864488841544301 ], [ 1.88595656554514, 47.864488377166097 ], [ 1.88600593443223, 47.864487765801599 ], [ 1.8861879011016, 47.864484992903101 ], [ 1.88631831412332, 47.864478580152799 ], [ 1.88640446260525, 47.864471747162902 ], [ 1.88664696392653, 47.864452536646603 ], [ 1.8866612126515, 47.8644555520859 ], [ 1.88670373445135, 47.864475307151899 ] ] ] ] } },
{ "type": "Feature", "properties": { "Name": null, "id": "" }, "geometry": { "type": "MultiPolygon", "coordinates": [ [ [ [ 1.73305697696989, 47.8522084764178 ], [ 1.73483819342243, 47.852950126623 ], [ 1.73500233083041, 47.852768274970302 ], [ 1.73558679171838, 47.8521475617558 ], [ 1.73601829927665, 47.851688026923703 ], [ 1.73605619491456, 47.851652160935103 ], [ 1.73583887491337, 47.851557108066899 ], [ 1.73563637944815, 47.851468515322701 ], [ 1.73486175096493, 47.851129193788701 ], [ 1.73483554554911, 47.851117749817703 ], [ 1.73478975508695, 47.8510976335875 ], [ 1.7347872803239, 47.851096544767898 ], [ 1.73481760407968, 47.851056889048699 ], [ 1.73486695551901, 47.8510004445072 ], [ 1.73492106834556, 47.850946211553499 ], [ 1.73497954576065, 47.850894005880697 ], [ 1.73513109946443, 47.850757383630103 ], [ 1.73520881303831, 47.850666680627398 ], [ 1.73522011470292, 47.850630078084997 ], [ 1.73522568049449, 47.850592873630497 ], [ 1.73522563340783, 47.850555518644697 ], [ 1.7352233034713, 47.8505354211159 ], [ 1.73517181820706, 47.850512993351003 ], [ 1.73514389218378, 47.850500810802899 ], [ 1.7351903346041, 47.850448565255697 ], [ 1.73510089882943, 47.850413756808699 ], [ 1.73482532494028, 47.850305652239001 ], [ 1.73471522681762, 47.850262519655303 ], [ 1.73463062378733, 47.850226952871203 ], [ 1.73460983801642, 47.850218177616199 ], [ 1.73423023039542, 47.850604098812703 ], [ 1.73421848696243, 47.850615988534102 ], [ 1.73415733298221, 47.850593591003197 ], [ 1.73406507512984, 47.850559381386198 ], [ 1.73401125971184, 47.850539358251801 ], [ 1.73383045567764, 47.850472328934302 ], [ 1.73389542563569, 47.850400211460403 ], [ 1.73396135190438, 47.850321623491503 ], [ 1.73383902065991, 47.850269987036903 ], [ 1.73380301073206, 47.850254746546298 ], [ 1.73369643665176, 47.850209670796801 ], [ 1.73366638495405, 47.850196924876897 ], [ 1.73360245177361, 47.850169411427601 ], [ 1.7335848468721, 47.850161840470903 ], [ 1.73346702963953, 47.850111602513302 ], [ 1.73339832244545, 47.850082417206899 ], [ 1.73338924056183, 47.850078574689199 ], [ 1.73363261498478, 47.849807083355103 ], [ 1.73344327783682, 47.849727899799703 ], [ 1.73341256017383, 47.849715056605802 ], [ 1.73322957637729, 47.8496386416234 ], [ 1.73314742056482, 47.849741716913201 ], [ 1.73311119647329, 47.849785971073203 ], [ 1.7330859913504, 47.849816752593199 ], [ 1.7330661588104, 47.849840931331897 ], [ 1.73300474331103, 47.849915382044998 ], [ 1.73297783719539, 47.849905325240101 ], [ 1.73296167086928, 47.849899119888697 ], [ 1.73254911516542, 47.849742904502001 ], [ 1.73254619976804, 47.849741792869601 ], [ 1.73211852322336, 47.850309190030998 ], [ 1.73189747861168, 47.850594925343401 ], [ 1.73178359273613, 47.850738611572602 ], [ 1.73156282163273, 47.850990325082797 ], [ 1.73144448409914, 47.851118751000499 ], [ 1.73104902623358, 47.851567984236503 ], [ 1.73163876133795, 47.851839912180601 ], [ 1.73166352139696, 47.851846345637902 ], [ 1.73305697696989, 47.8522084764178 ] ] ], [ [ [ 1.76668409218648, 47.862287547250901 ], [ 1.76574185358487, 47.8618935678588 ], [ 1.76581616772018, 47.861757624953 ], [ 1.76563127822631, 47.861673141068401 ], [ 1.76544297315783, 47.861591771280303 ], [ 1.76535898339824, 47.861556953832498 ], [ 1.7652137734977, 47.861514741310202 ], [ 1.76506298795501, 47.861712435700497 ], [ 1.76522775004757, 47.861782397128302 ], [ 1.76520670745943, 47.861807288364702 ], [ 1.76533361503228, 47.861860109439299 ], [ 1.76525252240866, 47.861953856194702 ], [ 1.7653471776278, 47.862065024106897 ], [ 1.76532025953458, 47.862095254109697 ], [ 1.76531119559188, 47.862105419825397 ], [ 1.76518365957813, 47.862102637487602 ], [ 1.76493656660228, 47.862110567825603 ], [ 1.76487335192983, 47.8620450954256 ], [ 1.76448691313684, 47.861896651189902 ], [ 1.76411592495691, 47.861756829308398 ], [ 1.76404624984019, 47.861727652293503 ], [ 1.7640584857982, 47.861713379640697 ], [ 1.76420550282404, 47.861539859414897 ], [ 1.76423231685135, 47.861508368422399 ], [ 1.76425198282308, 47.8614851730377 ], [ 1.76429172633569, 47.861438336544097 ], [ 1.76436694018834, 47.861465141491003 ], [ 1.76440408017283, 47.861478494023601 ], [ 1.76451820060039, 47.861367903767103 ], [ 1.76328790884945, 47.860990582577003 ], [ 1.76252250048495, 47.860684219661799 ], [ 1.76251078368946, 47.860681935844198 ], [ 1.76249871143801, 47.8606834286864 ], [ 1.76249060039599, 47.860687123543499 ], [ 1.76237910668742, 47.860811151064098 ], [ 1.76222374744398, 47.860980890707602 ], [ 1.76130710475334, 47.861987066550597 ], [ 1.76257159278008, 47.862504553875802 ], [ 1.76311557817064, 47.862722622625 ], [ 1.76342077815966, 47.8628388017421 ], [ 1.76372872931426, 47.8629517686852 ], [ 1.76394801659011, 47.8630295971195 ], [ 1.76404895498933, 47.863066124233598 ], [ 1.76423913781529, 47.863135904693998 ], [ 1.76480011557326, 47.8633428031725 ], [ 1.76549345509658, 47.863575394206201 ], [ 1.76549868297855, 47.863569148542503 ], [ 1.76552021502743, 47.863546242633703 ], [ 1.76644549467544, 47.8625459767877 ], [ 1.7666753126244, 47.862296995980799 ], [ 1.76668409218648, 47.862287547250901 ] ] ], [ [ [ 1.74505782611979, 47.854545163313603 ], [ 1.74500750212778, 47.854524192593502 ], [ 1.74477093780805, 47.854421750016797 ], [ 1.74440712992374, 47.854265379009398 ], [ 1.74413477937957, 47.854149410550697 ], [ 1.7441114587117, 47.854140249853302 ], [ 1.74408972969163, 47.854131646253997 ], [ 1.74400614098076, 47.854228052612498 ], [ 1.74374644208194, 47.854527346836903 ], [ 1.74302453201984, 47.855358870956699 ], [ 1.74304868930974, 47.855366600657597 ], [ 1.7432625271694, 47.855434779253699 ], [ 1.74337573124693, 47.855471726049601 ], [ 1.74367447431315, 47.855568986583002 ], [ 1.74373844133391, 47.855505044153297 ], [ 1.74387269147759, 47.855364535353701 ], [ 1.74392659808903, 47.855307505905799 ], [ 1.74421308358979, 47.855436767535302 ], [ 1.74422902485327, 47.855418666074499 ], [ 1.74442991763059, 47.855214062535097 ], [ 1.74447258348746, 47.855168613880103 ], [ 1.74452966646099, 47.8551072976542 ], [ 1.74505782611979, 47.854545163313603 ] ] ], [ [ [ 1.74721090079268, 47.856289083604899 ], [ 1.74720112538998, 47.856283938638597 ], [ 1.74712234073866, 47.856244752893801 ], [ 1.74704055527708, 47.856208055331997 ], [ 1.74695670281453, 47.856173945931602 ], [ 1.74562873118063, 47.855605020592002 ], [ 1.74461851872147, 47.855173055992303 ], [ 1.74458080797243, 47.855178593119099 ], [ 1.74452364229814, 47.855186802359803 ], [ 1.74403827718145, 47.855748492278799 ], [ 1.74517933768474, 47.856121914449602 ], [ 1.74533230977556, 47.856173956356002 ], [ 1.74650605308753, 47.856557345968397 ], [ 1.74678620793188, 47.856649359201498 ], [ 1.74693152511043, 47.856527057337402 ], [ 1.74721090079268, 47.856289083604899 ] ] ] ] } },
{ "type": "Feature", "properties": { "Name": null, "id": "" }, "geometry": { "type": "MultiPolygon", "coordinates": [ [ [ [ 1.81004885218922, 47.841301880771098 ], [ 1.81009482576239, 47.841213147353102 ], [ 1.80994552101188, 47.8411577164809 ], [ 1.80994406274006, 47.841157161623997 ], [ 1.80984316061579, 47.841119503664899 ], [ 1.8099697994397, 47.840963091257699 ], [ 1.81003577274595, 47.84087681103 ], [ 1.80978115378407, 47.840759914626901 ], [ 1.80954046833039, 47.840629837606798 ], [ 1.80912023195283, 47.8409113529327 ], [ 1.80879636034604, 47.841086733675802 ], [ 1.80872959034861, 47.841124939796003 ], [ 1.80843563941476, 47.841295492891 ], [ 1.8083452690672, 47.8413904353296 ], [ 1.80815229885565, 47.841583076031903 ], [ 1.80814459944622, 47.841592538844999 ], [ 1.80808628883885, 47.841664854333303 ], [ 1.80794834679762, 47.841836091484701 ], [ 1.80782927151837, 47.8420304727846 ], [ 1.80780644411578, 47.8420825365247 ], [ 1.80777671289559, 47.842168193799502 ], [ 1.80774834523991, 47.842288428742002 ], [ 1.80781018670749, 47.8426548577294 ], [ 1.80787043666396, 47.842680942959397 ], [ 1.80802132718711, 47.842659794082898 ], [ 1.8084002178263, 47.842607207985701 ], [ 1.80859336664029, 47.842585677621798 ], [ 1.80874818006193, 47.842568438090701 ], [ 1.80874197553952, 47.842558924031003 ], [ 1.80869377039774, 47.842472654954101 ], [ 1.80865342751304, 47.842405457807999 ], [ 1.8085746674424, 47.8424177991985 ], [ 1.80856089299175, 47.842394076671198 ], [ 1.80853420131156, 47.842374003335003 ], [ 1.80865804325586, 47.842318825141 ], [ 1.80867383011093, 47.8423124147754 ], [ 1.80876096873284, 47.842278195999 ], [ 1.80881340269288, 47.8422592864124 ], [ 1.80884996136179, 47.842232834757603 ], [ 1.80889045293639, 47.842203902755401 ], [ 1.80900585809798, 47.8421433279279 ], [ 1.80897448408541, 47.8421054751851 ], [ 1.80926215123007, 47.842012625573901 ], [ 1.80936291330974, 47.842092407222502 ], [ 1.80942446208864, 47.842066479112702 ], [ 1.80950478661983, 47.842032010595801 ], [ 1.80950952356327, 47.842029448390903 ], [ 1.80955896051763, 47.842001057010101 ], [ 1.80959853059934, 47.841977425997499 ], [ 1.80977827776247, 47.841819842689802 ], [ 1.80980435417867, 47.841753950020802 ], [ 1.80990407481817, 47.8414980735973 ], [ 1.80993515745967, 47.8415011793075 ], [ 1.80999282784895, 47.841415534952503 ], [ 1.81004885218922, 47.841301880771098 ] ] ], [ [ [ 1.82651574733411, 47.836042818916702 ], [ 1.8266417527237, 47.835930487199803 ], [ 1.82573581116125, 47.835480460258403 ], [ 1.82476474745832, 47.834995659619501 ], [ 1.82405498063931, 47.834640925458501 ], [ 1.82276565525153, 47.833998998442297 ], [ 1.82269346910827, 47.834071361948297 ], [ 1.8226758334611, 47.834089006892299 ], [ 1.82259750120205, 47.834167249298901 ], [ 1.82256222378946, 47.834202809123603 ], [ 1.82253389822766, 47.834238348731503 ], [ 1.8224971826597, 47.834284515288097 ], [ 1.82245675476764, 47.834335325079898 ], [ 1.82239379195189, 47.834419752356702 ], [ 1.82227365058999, 47.8345809240272 ], [ 1.82223700640942, 47.834629881527597 ], [ 1.82220325460611, 47.834674997632398 ], [ 1.82218740999082, 47.834696260892699 ], [ 1.82215829004099, 47.8347374630617 ], [ 1.82208803733056, 47.834837118657497 ], [ 1.82200785420309, 47.834950536005699 ], [ 1.82198452890043, 47.834983605420497 ], [ 1.82194519120016, 47.835039466541602 ], [ 1.82189216094521, 47.835109951740897 ], [ 1.82187232443441, 47.835136395436102 ], [ 1.82178885487588, 47.835247259325001 ], [ 1.82164162571951, 47.8353999672334 ], [ 1.82158710054426, 47.835453425364904 ], [ 1.82156455075257, 47.835475611267299 ], [ 1.8213825140307, 47.835630489336502 ], [ 1.82130470828343, 47.835696854816497 ], [ 1.82125658610057, 47.835726794516198 ], [ 1.82108779590322, 47.835838870478902 ], [ 1.82086358945765, 47.835954079415302 ], [ 1.82074999686566, 47.836000462495903 ], [ 1.82065192031063, 47.836040430775903 ], [ 1.82039632295503, 47.836142361683301 ], [ 1.82037347244744, 47.836196137855801 ], [ 1.82060127769764, 47.8365334464767 ], [ 1.82097644315494, 47.837086279943101 ], [ 1.82121637908346, 47.837443601277599 ], [ 1.82129073146354, 47.837551190439299 ], [ 1.82141365862562, 47.837729115445597 ], [ 1.82151798377341, 47.8378838108233 ], [ 1.82170605983828, 47.838162481164503 ], [ 1.82176844839815, 47.838255008108298 ], [ 1.82221484212766, 47.838906843182798 ], [ 1.82230499347074, 47.838917019541803 ], [ 1.82245374753777, 47.838816532070098 ], [ 1.82352222781479, 47.838339132151901 ], [ 1.82357634022971, 47.838316452437503 ], [ 1.82398370703664, 47.838146909128 ], [ 1.82399859498744, 47.838138687503601 ], [ 1.82418710884993, 47.8380355362033 ], [ 1.82446552532731, 47.837881170084302 ], [ 1.82476324427474, 47.837645807825098 ], [ 1.82496020821382, 47.837492874484603 ], [ 1.82500869390762, 47.837446465131698 ], [ 1.82511549142036, 47.837344563797501 ], [ 1.82519525115951, 47.837268314361502 ], [ 1.82536774596863, 47.8371033439022 ], [ 1.82545214483163, 47.837022820279302 ], [ 1.82547234987631, 47.837003850532199 ], [ 1.82559603937648, 47.836887626335503 ], [ 1.82578320930998, 47.836711821005302 ], [ 1.82587918251814, 47.836621691889199 ], [ 1.82594006997271, 47.836564515109103 ], [ 1.8259651877114, 47.836541003952803 ], [ 1.82598293090216, 47.836524529747699 ], [ 1.82603055126752, 47.836480901608901 ], [ 1.82608226474635, 47.836433534007 ], [ 1.82618797949935, 47.8363381015538 ], [ 1.82632029543865, 47.836218542547698 ], [ 1.82636080813887, 47.836181953921603 ], [ 1.82645288008299, 47.836098896069103 ], [ 1.82651574733411, 47.836042818916702 ] ] ], [ [ [ 1.81174187520592, 47.839885187554202 ], [ 1.81209252533766, 47.839515828381202 ], [ 1.81201347144224, 47.839481723907902 ], [ 1.81154535509615, 47.839274638533396 ], [ 1.81094246287334, 47.839008488373501 ], [ 1.8108591247501, 47.839016554376499 ], [ 1.81073328764209, 47.839131481343202 ], [ 1.81069220714925, 47.839168958982 ], [ 1.81063337824227, 47.839288615805401 ], [ 1.81054050798677, 47.839477685121501 ], [ 1.81046710462306, 47.839627257378702 ], [ 1.81041606809229, 47.839733221574299 ], [ 1.81059128590604, 47.839801516140398 ], [ 1.81052312910321, 47.8398839041351 ], [ 1.81058479599371, 47.839918283323698 ], [ 1.81051561900666, 47.83997455806 ], [ 1.81054663309564, 47.8399866639256 ], [ 1.81061901680867, 47.840014131003102 ], [ 1.81068555909708, 47.840051709927998 ], [ 1.8107048388171, 47.840062436611902 ], [ 1.81073019069218, 47.840076645247898 ], [ 1.81078659382348, 47.8401072805352 ], [ 1.81081656367411, 47.840124236278299 ], [ 1.81090307249036, 47.840171738609499 ], [ 1.81094016983131, 47.840192817035302 ], [ 1.8109706140164, 47.8401825945284 ], [ 1.81101286080075, 47.840212546117499 ], [ 1.81106445104479, 47.840249163141202 ], [ 1.81115687231175, 47.840313287052901 ], [ 1.8111901808857, 47.840336397219197 ], [ 1.81126443409549, 47.840387915499299 ], [ 1.81129004766508, 47.840360542051101 ], [ 1.81146863132667, 47.8401708107533 ], [ 1.8115429667453, 47.840093075355398 ], [ 1.81174187520592, 47.839885187554202 ] ] ], [ [ [ 1.8221975426472, 47.838987678325502 ], [ 1.82178236977131, 47.838380891812598 ], [ 1.82169304101888, 47.838249209926502 ], [ 1.82159401324115, 47.8381027588823 ], [ 1.82149407232498, 47.837955308451001 ], [ 1.82140137755545, 47.837818731933197 ], [ 1.82125753352901, 47.837607383013399 ], [ 1.82089748061967, 47.8370781052258 ], [ 1.82054091985075, 47.836554441842097 ], [ 1.8203109863674, 47.8362166616458 ], [ 1.82023798216759, 47.836199095350302 ], [ 1.82009113787326, 47.836243793121497 ], [ 1.82000230720781, 47.836264681749697 ], [ 1.8197148443912, 47.836332536773298 ], [ 1.81954591208704, 47.836372511053497 ], [ 1.81944296703226, 47.836396857584802 ], [ 1.81898428146898, 47.836505381740103 ], [ 1.81895471485039, 47.836512374788498 ], [ 1.8187629476102, 47.8365571585353 ], [ 1.81848362676282, 47.836625452613298 ], [ 1.81833442234337, 47.836661933507301 ], [ 1.81783052413955, 47.836765407078403 ], [ 1.81781738106985, 47.836803348839801 ], [ 1.81816185225366, 47.837093952897803 ], [ 1.81827877602574, 47.837192612031799 ], [ 1.81862417387531, 47.837483854023198 ], [ 1.81900095465941, 47.837800883780702 ], [ 1.81919610236211, 47.837965226842897 ], [ 1.81919781197421, 47.837966504196203 ], [ 1.81960262601985, 47.8383037963264 ], [ 1.81968794791008, 47.838374862836297 ], [ 1.819913305594, 47.838605845966804 ], [ 1.82006193257828, 47.8387581980598 ], [ 1.82018259427817, 47.838929710748701 ], [ 1.82047330070659, 47.839342900011602 ], [ 1.82062482219775, 47.839605992531503 ], [ 1.82069070352142, 47.839842390836601 ], [ 1.82071676187887, 47.840005660690402 ], [ 1.82076571956509, 47.840016594111297 ], [ 1.82134060071068, 47.839649372376797 ], [ 1.82206133451597, 47.839131316199101 ], [ 1.82219161416866, 47.839038024309303 ], [ 1.8221975426472, 47.838987678325502 ] ] ], [ [ [ 1.81585401690424, 47.841179357234097 ], [ 1.81527282666252, 47.840921370051397 ], [ 1.8150289441307, 47.840814134666502 ], [ 1.81470165233723, 47.840670141853302 ], [ 1.81428078670155, 47.840483617499899 ], [ 1.81398886684403, 47.840354381832 ], [ 1.81359394578731, 47.840179728581397 ], [ 1.81327750992301, 47.840040882039901 ], [ 1.81320232418535, 47.840049032208398 ], [ 1.81309446026256, 47.840155502534699 ], [ 1.81331785254433, 47.840252003560799 ], [ 1.81369601437612, 47.8404167671425 ], [ 1.81365927571014, 47.840457440047501 ], [ 1.81364445401329, 47.840474572024704 ], [ 1.81360988608458, 47.840513826713099 ], [ 1.81347377665108, 47.840669787118003 ], [ 1.81342458249246, 47.840645526786602 ], [ 1.81309813617207, 47.840487856473203 ], [ 1.8129840420522, 47.840597864027998 ], [ 1.81296911054549, 47.840613914690302 ], [ 1.81290059351737, 47.840682618844902 ], [ 1.8128266431647, 47.840755138386598 ], [ 1.81302777811652, 47.8408425936356 ], [ 1.81295633928317, 47.8409163988103 ], [ 1.81289186406597, 47.840983703702001 ], [ 1.81300908878756, 47.841026924818301 ], [ 1.81291627474674, 47.841111944883302 ], [ 1.81288818611213, 47.841100499345202 ], [ 1.81285126141823, 47.841137479702603 ], [ 1.81277767401076, 47.841109911853003 ], [ 1.81272436919346, 47.841090110118898 ], [ 1.81263531540507, 47.841186329259699 ], [ 1.8125605428618, 47.841265681052398 ], [ 1.81256982333215, 47.8412691953909 ], [ 1.81261992824436, 47.841288604755803 ], [ 1.81271628186056, 47.841326484282703 ], [ 1.81289807073834, 47.841388271054797 ], [ 1.8130094892356, 47.841428103015801 ], [ 1.81315889745269, 47.841485061154103 ], [ 1.81323938418327, 47.841515038822003 ], [ 1.81330071325147, 47.841397026356397 ], [ 1.81336300276879, 47.841271912789402 ], [ 1.81345188320183, 47.841153458913602 ], [ 1.81349577727344, 47.841175595374096 ], [ 1.81338607199392, 47.841400410295599 ], [ 1.81331320156005, 47.841544318882001 ], [ 1.81327152954473, 47.841626256267801 ], [ 1.81345776502067, 47.841662614343797 ], [ 1.81349740598014, 47.841671656332601 ], [ 1.81348545433858, 47.841691967662399 ], [ 1.81349395903453, 47.841694303948799 ], [ 1.81350512107246, 47.841697387196902 ], [ 1.8135150840941, 47.841700278294297 ], [ 1.81347246889256, 47.841806508864501 ], [ 1.8136487336129, 47.841816392863201 ], [ 1.8136711802727, 47.841817069965998 ], [ 1.81372716224968, 47.841818806347099 ], [ 1.81383484673884, 47.841822325757299 ], [ 1.81383901035682, 47.841809496457202 ], [ 1.81386287847947, 47.841734489606203 ], [ 1.81386633872244, 47.841729214019402 ], [ 1.81399348775882, 47.841531488057903 ], [ 1.81404763219565, 47.8415316755394 ], [ 1.81420180540011, 47.841261224594099 ], [ 1.81423643892393, 47.8411950574556 ], [ 1.81435338782976, 47.841238724468099 ], [ 1.81435908944807, 47.841240852335403 ], [ 1.81436068143769, 47.841241408488699 ], [ 1.81461431278655, 47.841331191839103 ], [ 1.8146218657325, 47.841334238503798 ], [ 1.81469130863863, 47.841361853303297 ], [ 1.81471277852407, 47.8413703511956 ], [ 1.81486637154073, 47.841431579900402 ], [ 1.81501673053494, 47.841511947821999 ], [ 1.81508660679365, 47.841556128571497 ], [ 1.81515478885909, 47.841604342604597 ], [ 1.81532862573732, 47.841729142123803 ], [ 1.81550971868556, 47.841756353983499 ], [ 1.81552680669403, 47.841667506834497 ], [ 1.81556272870846, 47.841627455200602 ], [ 1.81560605133297, 47.841579287396499 ], [ 1.81561948053208, 47.841558630739698 ], [ 1.81566917843653, 47.841482354211102 ], [ 1.8157513164292, 47.841348258864798 ], [ 1.81585401690424, 47.841179357234097 ] ] ], [ [ [ 1.81971416981414, 47.838602851875201 ], [ 1.81972527389077, 47.8385422969369 ], [ 1.81960198949347, 47.838416752396597 ], [ 1.81927244947566, 47.838139354730799 ], [ 1.81914687403241, 47.838032778699102 ], [ 1.81889086317809, 47.8378157968313 ], [ 1.81869385171977, 47.837651164428202 ], [ 1.81860038937386, 47.837573534413799 ], [ 1.81834646750846, 47.837359002569997 ], [ 1.81826400381335, 47.837351960932899 ], [ 1.81782875982359, 47.837548116557002 ], [ 1.81721956963108, 47.837822895278897 ], [ 1.81714245431333, 47.837857851468002 ], [ 1.81671798109468, 47.838050241201998 ], [ 1.81659400176195, 47.838106416581603 ], [ 1.81645680510763, 47.838167769031301 ], [ 1.81599301632756, 47.838378391445303 ], [ 1.8155928607553, 47.8385590513113 ], [ 1.81528115634047, 47.838700008881098 ], [ 1.81490175063528, 47.838873225168001 ], [ 1.81453261329799, 47.839041503472103 ], [ 1.81409596892759, 47.839239251354101 ], [ 1.8140197931836, 47.8392738549638 ], [ 1.81399634828442, 47.8392999907975 ], [ 1.81391766170507, 47.839369222794502 ], [ 1.81372812580302, 47.839552996362599 ], [ 1.81360778997827, 47.839667261893702 ], [ 1.81358033674641, 47.839693267083298 ], [ 1.81331017067045, 47.839949312351699 ], [ 1.8133250001538, 47.839997707745397 ], [ 1.81395333461586, 47.840275083784803 ], [ 1.81434389270285, 47.8404476214601 ], [ 1.81468917435867, 47.840600168055097 ], [ 1.81482354903802, 47.840659762472299 ], [ 1.81597510451405, 47.841169328520202 ], [ 1.81620731383991, 47.841272573631997 ], [ 1.81628782558461, 47.841265465393803 ], [ 1.81657099001755, 47.8410497791062 ], [ 1.81683376591047, 47.840842977441497 ], [ 1.81700312719651, 47.840712371405203 ], [ 1.8171059090351, 47.840629698942699 ], [ 1.81719289875176, 47.840559738532299 ], [ 1.81747243272449, 47.840344643509297 ], [ 1.81756563423391, 47.8402718651379 ], [ 1.81762046686575, 47.840229033200401 ], [ 1.81787115177413, 47.840036508876601 ], [ 1.8183989316917, 47.839623911645603 ], [ 1.81868746173323, 47.839400623435303 ], [ 1.81872234987172, 47.839370821535397 ], [ 1.81884758670961, 47.839276132365399 ], [ 1.81902879476158, 47.839135381569903 ], [ 1.81922524006341, 47.838982722578798 ], [ 1.81946122782524, 47.838801298097501 ], [ 1.81946667028927, 47.838797032407001 ], [ 1.81959286029586, 47.838695421267403 ], [ 1.81971416981414, 47.838602851875201 ] ] ], [ [ [ 1.82296305186295, 47.840926794138397 ], [ 1.82302310992213, 47.840599491322699 ], [ 1.82292332890254, 47.840335751380401 ], [ 1.82289265071504, 47.840235892651101 ], [ 1.82285620474221, 47.840124814800397 ], [ 1.82279017122272, 47.839949172942099 ], [ 1.8226408448294, 47.839701137066299 ], [ 1.82224965875288, 47.839073261034898 ], [ 1.82181951118559, 47.8393833449121 ], [ 1.82142826336591, 47.839663304795998 ], [ 1.82139036209936, 47.839690376906098 ], [ 1.82073661673584, 47.8401110818333 ], [ 1.820816013722, 47.840334924504802 ], [ 1.8208916688244, 47.840546668152697 ], [ 1.820989736276, 47.840820923807399 ], [ 1.82145001832447, 47.841154445799702 ], [ 1.82129029476523, 47.841284974970499 ], [ 1.82123935866161, 47.841278792422301 ], [ 1.82129714137775, 47.841386214747899 ], [ 1.82133337166055, 47.841452646022297 ], [ 1.82144621082121, 47.841657832076301 ], [ 1.82152467342314, 47.841863752688703 ], [ 1.82157255969041, 47.841989437371197 ], [ 1.82166392967671, 47.842228341072101 ], [ 1.82168571243573, 47.842301197749201 ], [ 1.82178628866635, 47.842480697389199 ], [ 1.82185082106158, 47.842549122945897 ], [ 1.82200849867126, 47.842716144538699 ], [ 1.82222409474413, 47.842948464469899 ], [ 1.82235942726535, 47.843122371899803 ], [ 1.8224128131727, 47.843120657684103 ], [ 1.82250420733504, 47.842724992744003 ], [ 1.82253971765225, 47.8425705326216 ], [ 1.82256275937999, 47.842471933322201 ], [ 1.82263393883772, 47.842167875098603 ], [ 1.82270468258446, 47.8418653425774 ], [ 1.82271220338443, 47.841833644645398 ], [ 1.82281556062594, 47.8413986750367 ], [ 1.82288975150467, 47.8410852857102 ], [ 1.82290361768542, 47.841026648516497 ], [ 1.82296305186295, 47.840926794138397 ] ] ], [ [ [ 1.82059625425758, 47.840134333066104 ], [ 1.82062338377429, 47.840068538671197 ], [ 1.82058295648237, 47.839853908696398 ], [ 1.82052692670464, 47.839631470924601 ], [ 1.82038116293547, 47.839380047465603 ], [ 1.81996963190507, 47.838796693705604 ], [ 1.81982089738718, 47.838643170286197 ], [ 1.81975450283018, 47.838640881938503 ], [ 1.81877718487558, 47.8393999970001 ], [ 1.81867597232294, 47.839478456278101 ], [ 1.81858278572469, 47.839550695626798 ], [ 1.81837164854104, 47.839714546750798 ], [ 1.81828880176823, 47.839778699142499 ], [ 1.81817153107913, 47.8398697775811 ], [ 1.81803792989507, 47.839973742752903 ], [ 1.81763792921337, 47.8402854654233 ], [ 1.81749357403851, 47.840397962500603 ], [ 1.8172713928035, 47.840571151311501 ], [ 1.81698296009607, 47.8407955171105 ], [ 1.81681360504132, 47.8409198224875 ], [ 1.81664360778497, 47.841054922321398 ], [ 1.81634473037455, 47.841291782532601 ], [ 1.81635582425067, 47.841339959752503 ], [ 1.81680081959286, 47.841536260901997 ], [ 1.8170501314242, 47.841646157534697 ], [ 1.81714170323066, 47.841652751744299 ], [ 1.81768161460167, 47.841519220685001 ], [ 1.81827167821546, 47.841372871050901 ], [ 1.81877306477121, 47.8412459675842 ], [ 1.81916594215402, 47.841146592639703 ], [ 1.81923943906532, 47.841130230752299 ], [ 1.81937951316294, 47.841065933751104 ], [ 1.81945056059677, 47.841033435319503 ], [ 1.81984233665101, 47.840784810779603 ], [ 1.81986444226651, 47.840770721660398 ], [ 1.82014630927691, 47.840534401547998 ], [ 1.82016213032608, 47.840520339158203 ], [ 1.82035552950747, 47.840348385631302 ], [ 1.82043941031442, 47.840273711067397 ], [ 1.82059625425758, 47.840134333066104 ] ] ], [ [ [ 1.82436691681451, 47.842829638093498 ], [ 1.82447220420654, 47.842584967126101 ], [ 1.82428303476604, 47.842541756522202 ], [ 1.82418355104475, 47.842517986763397 ], [ 1.82398471355986, 47.842470628311503 ], [ 1.82312886742808, 47.842278153794901 ], [ 1.82271225492502, 47.842181442636203 ], [ 1.82268823417498, 47.842288043011997 ], [ 1.82265124411271, 47.842442938392402 ], [ 1.82263383227451, 47.842516751555898 ], [ 1.82261747171051, 47.842585354706699 ], [ 1.82260951384878, 47.8426186684068 ], [ 1.82258784264604, 47.842709720653701 ], [ 1.82255982339137, 47.842827802070701 ], [ 1.82245256707914, 47.843281634018297 ], [ 1.8224563656641, 47.843387793513202 ], [ 1.82251881703801, 47.843453677483801 ], [ 1.82321055111003, 47.843486362775998 ], [ 1.82405162135231, 47.843561945777601 ], [ 1.824255296614, 47.843088556986103 ], [ 1.82429306005998, 47.843001266178398 ], [ 1.82430729761191, 47.842968105340297 ], [ 1.82436691681451, 47.842829638093498 ] ] ], [ [ [ 1.83787164177149, 47.8479708133369 ], [ 1.83738966327515, 47.847888269201498 ], [ 1.83675754550558, 47.8477802917768 ], [ 1.83642581884827, 47.847724346168903 ], [ 1.83638024411116, 47.847839375817799 ], [ 1.83536086635214, 47.847683623957401 ], [ 1.83460679663783, 47.847570013479903 ], [ 1.83421965321012, 47.847510810706602 ], [ 1.83418926762144, 47.847506188263303 ], [ 1.83387871787586, 47.847460346891701 ], [ 1.83369385487639, 47.847433036274701 ], [ 1.83362387173422, 47.847679055667903 ], [ 1.83350511874368, 47.847643131184803 ], [ 1.83332871562289, 47.847589801456799 ], [ 1.83313567974679, 47.847873840581798 ], [ 1.83288259831051, 47.847792744605897 ], [ 1.83246002014374, 47.847654425362101 ], [ 1.83206209811381, 47.847525981061899 ], [ 1.8318098458196, 47.847443810867198 ], [ 1.83127920154406, 47.847270387454898 ], [ 1.83102114079513, 47.847184917318202 ], [ 1.8309013988582, 47.847352131259299 ], [ 1.83060491834363, 47.847754847615597 ], [ 1.83042602415765, 47.848003199708202 ], [ 1.83058464250909, 47.848074718382399 ], [ 1.83074164807839, 47.848140550175998 ], [ 1.83114369070155, 47.848306663813197 ], [ 1.83156703753698, 47.848543915505097 ], [ 1.83183580910618, 47.848641282172203 ], [ 1.83211518974973, 47.848742714242299 ], [ 1.83212529670243, 47.848745245120099 ], [ 1.83236213398288, 47.848829421281501 ], [ 1.83250954157594, 47.848881923745203 ], [ 1.83306653945192, 47.8490862065184 ], [ 1.83337950205828, 47.848736213646497 ], [ 1.83354157926259, 47.848784450259103 ], [ 1.83384594321907, 47.848874875455103 ], [ 1.83387118224147, 47.848882507122603 ], [ 1.83424711834496, 47.848995875031797 ], [ 1.83525156826981, 47.849296852714197 ], [ 1.83595911252018, 47.849508916966002 ], [ 1.83630159790029, 47.849611415144501 ], [ 1.83698891211706, 47.8498194919867 ], [ 1.8370666365573, 47.849805771124203 ], [ 1.83729027145556, 47.849595476688599 ], [ 1.83752420547927, 47.849274932774001 ], [ 1.83761753723708, 47.849097819743399 ], [ 1.83776036662676, 47.848461070592002 ], [ 1.83787164177149, 47.8479708133369 ] ] ], [ [ [ 1.81613643254306, 47.848711336061299 ], [ 1.81558617967691, 47.848261404387202 ], [ 1.81540940055592, 47.848111643600603 ], [ 1.81533655132352, 47.848110457819097 ], [ 1.814389664834, 47.848735547720999 ], [ 1.81411729047559, 47.8489148835273 ], [ 1.81375575285751, 47.849152813291298 ], [ 1.81420985598869, 47.849428873287202 ], [ 1.81483109113097, 47.849801940188499 ], [ 1.81613643254306, 47.848711336061299 ] ] ], [ [ [ 1.81028547858404, 47.853393384794998 ], [ 1.81031052026312, 47.852997597740199 ], [ 1.81024202871861, 47.852789521587397 ], [ 1.81012850672705, 47.852538054153499 ], [ 1.81008026727782, 47.852428923536401 ], [ 1.81002555403369, 47.852304335616502 ], [ 1.80993121199291, 47.852092216547298 ], [ 1.80988002731219, 47.851977295330499 ], [ 1.80980333301077, 47.851807209523798 ], [ 1.80973012336308, 47.851672622712201 ], [ 1.80949047673747, 47.851267128600199 ], [ 1.8094701392012, 47.851231818512602 ], [ 1.80931505073463, 47.850896129313099 ], [ 1.80919678068448, 47.850642092152597 ], [ 1.80906585836573, 47.850415649292401 ], [ 1.80896399047403, 47.850247287357099 ], [ 1.80891296479662, 47.850000143197803 ], [ 1.80890843022658, 47.849987675840097 ], [ 1.80889344304528, 47.849743507842803 ], [ 1.80885072801498, 47.849734163148902 ], [ 1.8081349713383, 47.850363890082598 ], [ 1.80757294565049, 47.850858090967598 ], [ 1.80748116923752, 47.850943387083397 ], [ 1.80733812844225, 47.851078477217598 ], [ 1.80714596764219, 47.851263112956801 ], [ 1.80685217864487, 47.851608371725 ], [ 1.80682752995407, 47.851640074371602 ], [ 1.80704062528768, 47.851756103656697 ], [ 1.80732040192474, 47.851910074436098 ], [ 1.80758370436095, 47.8520533459549 ], [ 1.80784016654665, 47.852185656200596 ], [ 1.80820413712238, 47.852372073703698 ], [ 1.80864503268867, 47.852598965436997 ], [ 1.80895855591222, 47.852763175892697 ], [ 1.80917649713326, 47.852872229599903 ], [ 1.80930040565764, 47.852934513710302 ], [ 1.80941569460835, 47.852993559875699 ], [ 1.80964308667097, 47.853110629422297 ], [ 1.81010038991797, 47.853345872802898 ], [ 1.81028027622536, 47.853440586922297 ], [ 1.81028547858404, 47.853393384794998 ] ] ], [ [ [ 1.83676935827178, 47.850087612114102 ], [ 1.83696798446051, 47.849902002804498 ], [ 1.83694568705801, 47.849857677293301 ], [ 1.83648617325285, 47.849719456804799 ], [ 1.83625089369626, 47.849649165968501 ], [ 1.83572267937023, 47.849491358922499 ], [ 1.83544023156052, 47.849407366909404 ], [ 1.8349121399526, 47.849250277434997 ], [ 1.83455623978834, 47.849143861461698 ], [ 1.83437569809453, 47.849089952240597 ], [ 1.83410627912221, 47.849009596779503 ], [ 1.83340018195899, 47.848799245717302 ], [ 1.83308833407969, 47.849147179512997 ], [ 1.83246672303635, 47.8489197514563 ], [ 1.83209185994748, 47.848782085997499 ], [ 1.83158660583896, 47.8485965857938 ], [ 1.83137531714518, 47.848846596710104 ], [ 1.83107983822762, 47.849197478654801 ], [ 1.83104290185156, 47.849241395084 ], [ 1.83106351170212, 47.849295335949101 ], [ 1.83154440024768, 47.849518849464197 ], [ 1.83239330889339, 47.8499120015994 ], [ 1.8330318691573, 47.850208455378102 ], [ 1.83327238408931, 47.850320388935302 ], [ 1.83343612449513, 47.850396634967701 ], [ 1.83381165557589, 47.850571566245698 ], [ 1.83422595083643, 47.8507656034108 ], [ 1.83495056113997, 47.8511026855194 ], [ 1.83516425570583, 47.851200127256597 ], [ 1.83526806083643, 47.8512473326197 ], [ 1.83534843172376, 47.851241109905999 ], [ 1.83577613854651, 47.850866147677898 ], [ 1.83628930005514, 47.850466199071398 ], [ 1.83676935827178, 47.850087612114102 ] ] ], [ [ [ 1.81451853574879, 47.848575193192197 ], [ 1.81529000523053, 47.848069033382401 ], [ 1.81528497695595, 47.848018667281103 ], [ 1.81516502818586, 47.847934916992003 ], [ 1.81500118706785, 47.847816699552503 ], [ 1.81479860096384, 47.8476730677299 ], [ 1.81467868384394, 47.847587967087698 ], [ 1.81467447336814, 47.847590894853901 ], [ 1.81435221203478, 47.847806991065099 ], [ 1.81430061236728, 47.8478422932711 ], [ 1.81421939815067, 47.847790526882001 ], [ 1.81419777482861, 47.847776806852202 ], [ 1.81405077732778, 47.847682880886303 ], [ 1.8144401466532, 47.847425609352499 ], [ 1.81439667699618, 47.847396186897903 ], [ 1.81432017728179, 47.847336907409499 ], [ 1.81426216838186, 47.847377815418099 ], [ 1.81417773545276, 47.847434387953001 ], [ 1.81410405622709, 47.847482428233803 ], [ 1.81405857294229, 47.847513291699201 ], [ 1.81402681063654, 47.847492538384998 ], [ 1.8140061792473, 47.847506281260699 ], [ 1.81389600985628, 47.847427849052501 ], [ 1.81387026341696, 47.847449100984001 ], [ 1.8136052898904, 47.847632560956797 ], [ 1.81354832413331, 47.847590760379902 ], [ 1.81347545668435, 47.847530526976001 ], [ 1.81322116752862, 47.847349195370903 ], [ 1.81306695334322, 47.847446825502402 ], [ 1.81295694838098, 47.847385045830997 ], [ 1.81271777508622, 47.847245450501703 ], [ 1.81239954140644, 47.847490475297398 ], [ 1.81222299838041, 47.847641793992501 ], [ 1.81208663291088, 47.8477543651573 ], [ 1.81183184275132, 47.847954486061703 ], [ 1.81134231700715, 47.848306774312697 ], [ 1.81091732504992, 47.848625241071503 ], [ 1.81086684415962, 47.848658212874298 ], [ 1.81077664289864, 47.848715354565101 ], [ 1.81073589612307, 47.8487435644846 ], [ 1.81072842648029, 47.8487487093049 ], [ 1.81060033502995, 47.848825898857598 ], [ 1.81031427810564, 47.848934879772699 ], [ 1.81029903632253, 47.848940755823399 ], [ 1.8101990704911, 47.8489800661537 ], [ 1.80998655348763, 47.849059368967097 ], [ 1.80983789420211, 47.849117447022202 ], [ 1.80951637811646, 47.849263150149298 ], [ 1.80946876910779, 47.849287239555501 ], [ 1.80943228717146, 47.849316032367398 ], [ 1.80920951322904, 47.849465077079003 ], [ 1.8091209903289, 47.849524754807 ], [ 1.80903661304713, 47.8495784439205 ], [ 1.80898141876313, 47.849654571634503 ], [ 1.80900976216395, 47.849988974765402 ], [ 1.80906182375027, 47.850219747668099 ], [ 1.80906329556178, 47.8502316438652 ], [ 1.80928554966262, 47.850613290136799 ], [ 1.80947038938054, 47.851017688580001 ], [ 1.80955793284102, 47.851204806581997 ], [ 1.80989621058121, 47.851786099534799 ], [ 1.80999415105961, 47.852010676477398 ], [ 1.8100224634873, 47.852072080063998 ], [ 1.81017761200341, 47.852154572260702 ], [ 1.81028951568353, 47.851988469804702 ], [ 1.81036059171357, 47.851877939031901 ], [ 1.81039804202231, 47.851823863142698 ], [ 1.81084939387494, 47.851380462708001 ], [ 1.811313499483, 47.850934489456002 ], [ 1.81138526256268, 47.850864829272503 ], [ 1.81156611145055, 47.850688983039703 ], [ 1.81163519486043, 47.850625506202398 ], [ 1.8119502671847, 47.850319515290799 ], [ 1.81212565807644, 47.850148383398299 ], [ 1.81215356262451, 47.850132374265101 ], [ 1.81216282260938, 47.8501249072416 ], [ 1.81251090128949, 47.849897467248802 ], [ 1.81256074806182, 47.8498629581808 ], [ 1.81262346027178, 47.849821198546998 ], [ 1.81264613044812, 47.849806036406299 ], [ 1.81325558884842, 47.849406711338297 ], [ 1.81411852068873, 47.848835777627897 ], [ 1.81451853574879, 47.848575193192197 ] ] ], [ [ [ 1.83949594436462, 47.849156292864201 ], [ 1.8395350089343, 47.848965590143003 ], [ 1.83860415586084, 47.848753226839698 ], [ 1.83783142163882, 47.848574916055803 ], [ 1.83771192207555, 47.849104875633202 ], [ 1.83761526578854, 47.849293386941902 ], [ 1.83758257726118, 47.8493450882481 ], [ 1.83737346380164, 47.849625194187098 ], [ 1.83723037869243, 47.849759869591203 ], [ 1.83712132048596, 47.849861128761503 ], [ 1.83684656819143, 47.850121861108398 ], [ 1.83682492902475, 47.850139108286498 ], [ 1.83663618247423, 47.850288721705503 ], [ 1.83635864566797, 47.8505054108631 ], [ 1.83614665454725, 47.850672164640599 ], [ 1.83598378698365, 47.850800071564301 ], [ 1.83589193509014, 47.850872607422097 ], [ 1.83585383642527, 47.850902562364297 ], [ 1.83575963413041, 47.850984705755501 ], [ 1.83559140786701, 47.851131280817 ], [ 1.8355117940673, 47.851200607520902 ], [ 1.83543504090039, 47.851267532326801 ], [ 1.83525985631892, 47.851420338455497 ], [ 1.8352430054827, 47.851438712991197 ], [ 1.83515008147985, 47.851517358228001 ], [ 1.83501706744465, 47.851631338820901 ], [ 1.83487826167937, 47.851783785578903 ], [ 1.83428952707102, 47.852421230688201 ], [ 1.83388948668795, 47.852838496584198 ], [ 1.83387826666336, 47.852850086211902 ], [ 1.83356898193505, 47.8531168580922 ], [ 1.83322388877093, 47.8534125258942 ], [ 1.83324095047958, 47.8534577000515 ], [ 1.83388425758027, 47.8536253025785 ], [ 1.83440364779357, 47.853760257243103 ], [ 1.83453037054907, 47.853793199424103 ], [ 1.8347485458927, 47.853845321710203 ], [ 1.83508108381062, 47.853926932081301 ], [ 1.8354851013012, 47.854023832513597 ], [ 1.83552381339621, 47.854033127669801 ], [ 1.835652189243, 47.854063924817297 ], [ 1.83571112950012, 47.854077741105201 ], [ 1.83602351708667, 47.854151408014701 ], [ 1.83622331141447, 47.854200284837297 ], [ 1.83628848672862, 47.854216412906098 ], [ 1.8376461568376, 47.854551474414301 ], [ 1.83816878643175, 47.8546797835997 ], [ 1.83827098723158, 47.854335882089103 ], [ 1.83838046007055, 47.853952898611801 ], [ 1.83847690890897, 47.853615060445698 ], [ 1.83862614145228, 47.853095386809201 ], [ 1.83873926822134, 47.852704068119898 ], [ 1.83876146434963, 47.852630750599097 ], [ 1.83877775405515, 47.852576816520397 ], [ 1.83884684092055, 47.852334296404003 ], [ 1.83887571966341, 47.852218290774303 ], [ 1.83891949171359, 47.852038796254199 ], [ 1.83895582367345, 47.8518815502716 ], [ 1.83899926882069, 47.8517108733298 ], [ 1.83905282723328, 47.851493491807403 ], [ 1.83909158066946, 47.851335549633902 ], [ 1.83918945706048, 47.850931928042002 ], [ 1.83920010305809, 47.850866956918999 ], [ 1.83926207346943, 47.850490882631199 ], [ 1.83928275562822, 47.850364354645698 ], [ 1.83928508334403, 47.850349616205897 ], [ 1.83937781146058, 47.849759084618903 ], [ 1.83941092178389, 47.8495716534172 ], [ 1.83949594436462, 47.849156292864201 ] ] ], [ [ [ 1.82824242988636, 47.850811746409001 ], [ 1.82834435727293, 47.850725455664197 ], [ 1.8279594200154, 47.850577595515603 ], [ 1.82776201611105, 47.850500105277703 ], [ 1.82773547004156, 47.8504911091024 ], [ 1.82770724949147, 47.850479215893301 ], [ 1.8276726196323, 47.850466898585502 ], [ 1.82736676129806, 47.850347279529402 ], [ 1.82731055217181, 47.850325115405901 ], [ 1.8272182355363, 47.850297009688397 ], [ 1.8271313070491, 47.850273188203602 ], [ 1.82676955103889, 47.850165879949003 ], [ 1.82645162470028, 47.850072150407499 ], [ 1.82635088040954, 47.850044229706697 ], [ 1.82625997071146, 47.850006956357397 ], [ 1.82613641945611, 47.849958195143699 ], [ 1.82593453414179, 47.849871926010699 ], [ 1.82589223846223, 47.849855571031199 ], [ 1.82571089663953, 47.849771577338899 ], [ 1.82537271678543, 47.849614275537199 ], [ 1.82498702556888, 47.849434714563102 ], [ 1.82486908943137, 47.849380067608699 ], [ 1.82457638533964, 47.8492285295508 ], [ 1.82447317783465, 47.849173039671399 ], [ 1.8242886493309, 47.849076140435599 ], [ 1.82427726949831, 47.849070715823999 ], [ 1.8241898598391, 47.849014393927298 ], [ 1.82391411148399, 47.848846102357598 ], [ 1.82379626333823, 47.848739249755297 ], [ 1.82366992311353, 47.848623400936098 ], [ 1.8236561594423, 47.848629023502902 ], [ 1.82364469037798, 47.8486336789775 ], [ 1.82367223154602, 47.848718473941197 ], [ 1.82377097919648, 47.848999573198597 ], [ 1.82386523620454, 47.8492781970387 ], [ 1.82391538895904, 47.849392651663202 ], [ 1.82400285287824, 47.849579487752003 ], [ 1.82404831252474, 47.849682464065197 ], [ 1.82408735401754, 47.849761253528897 ], [ 1.82421184962873, 47.850105706799702 ], [ 1.82435189758436, 47.850496760486301 ], [ 1.82436503326435, 47.850531635696697 ], [ 1.82438957134428, 47.850576976240902 ], [ 1.8244465342074, 47.850679887590303 ], [ 1.82451862063412, 47.8508185040927 ], [ 1.82461909189262, 47.8510160009412 ], [ 1.82463032923185, 47.851033935358899 ], [ 1.82470903277564, 47.851193860175599 ], [ 1.82483765396016, 47.851466976487799 ], [ 1.82484969003661, 47.851491129512198 ], [ 1.82506480781516, 47.852152511314998 ], [ 1.82507831403305, 47.852194860871499 ], [ 1.82511597775104, 47.852269585633401 ], [ 1.82524877810993, 47.852541392995803 ], [ 1.82526215599864, 47.852571409987199 ], [ 1.82527363584416, 47.852596547477901 ], [ 1.82528420368228, 47.852620595725 ], [ 1.82531186716868, 47.852675868301603 ], [ 1.82535726610356, 47.852806026005503 ], [ 1.82548861942751, 47.853173678152103 ], [ 1.82556470300778, 47.853101442537401 ], [ 1.8261357307791, 47.852610847999699 ], [ 1.82681761961098, 47.852028830071298 ], [ 1.82760322091242, 47.8513578356065 ], [ 1.82824242988636, 47.850811746409001 ] ] ], [ [ [ 1.82556020760942, 47.853583215999699 ], [ 1.82545604029589, 47.853358950641898 ], [ 1.82540348183873, 47.8532441128879 ], [ 1.82538970657946, 47.853213911929899 ], [ 1.82532308605318, 47.853015314893298 ], [ 1.82521274258345, 47.852701518340503 ], [ 1.82514209819101, 47.852557966402699 ], [ 1.82505198125498, 47.852369754868398 ], [ 1.8249763205197, 47.852217241646699 ], [ 1.82490843071843, 47.8520035999912 ], [ 1.82490623348526, 47.852000157633597 ], [ 1.82484921605863, 47.8518270389308 ], [ 1.82476897929029, 47.851579159972502 ], [ 1.82474598922286, 47.851506112228698 ], [ 1.82469940372817, 47.851411585906703 ], [ 1.8246329749963, 47.851271046063601 ], [ 1.82457645298644, 47.851148157228501 ], [ 1.82451612046177, 47.851034321098602 ], [ 1.82449349359014, 47.850987199564599 ], [ 1.82446561254886, 47.850935794938501 ], [ 1.82443519702044, 47.850878064259902 ], [ 1.82434962631435, 47.850714290005101 ], [ 1.82426745053264, 47.850554240072803 ], [ 1.82412622827855, 47.850173975631698 ], [ 1.82400508585858, 47.8498411670924 ], [ 1.82398435098293, 47.8497811030512 ], [ 1.82387585369004, 47.8495537319235 ], [ 1.82382778839303, 47.849447669088498 ], [ 1.82375567499971, 47.8492923100141 ], [ 1.82369206665667, 47.849097072035299 ], [ 1.82360933939064, 47.848853397255702 ], [ 1.82355792524109, 47.848699325695499 ], [ 1.823541495916, 47.848656226464101 ], [ 1.82352614386601, 47.848606747370802 ], [ 1.82349168043259, 47.848502440915297 ], [ 1.82344016633126, 47.848491843165498 ], [ 1.82325845273168, 47.848618283655199 ], [ 1.82271185410563, 47.848996778715701 ], [ 1.82204516688893, 47.849459754196701 ], [ 1.82139936187017, 47.849909164275701 ], [ 1.8211389017275, 47.850088725802998 ], [ 1.82101884163383, 47.850172127897402 ], [ 1.82055330781369, 47.850499672274303 ], [ 1.82047612812034, 47.850548851380303 ], [ 1.82022948623215, 47.850720088958703 ], [ 1.8199183011307, 47.8509373915388 ], [ 1.81951630864735, 47.851215165810601 ], [ 1.81951676962695, 47.851266655750798 ], [ 1.81952383323262, 47.851273747557599 ], [ 1.81954746854561, 47.851293337398801 ], [ 1.81960360883985, 47.851336566726197 ], [ 1.81975536473273, 47.851451955410901 ], [ 1.82001489543578, 47.851652046641497 ], [ 1.82018094430477, 47.8517802698114 ], [ 1.8202050351123, 47.851797433841597 ], [ 1.82032405268172, 47.851881709311101 ], [ 1.82046686624964, 47.851984405789402 ], [ 1.82051434581394, 47.8520202568169 ], [ 1.82077696933942, 47.852207776048701 ], [ 1.82101708378467, 47.852379226813198 ], [ 1.82106895014476, 47.852416291809199 ], [ 1.82111202256447, 47.852439857037801 ], [ 1.82134575773018, 47.8525613778977 ], [ 1.82135792223715, 47.852567620744701 ], [ 1.82143129247237, 47.852605891731201 ], [ 1.82155488547927, 47.852670949883397 ], [ 1.82173252102775, 47.852765443668098 ], [ 1.82184117439526, 47.852822790678502 ], [ 1.82219520069105, 47.8529896223191 ], [ 1.82258188416351, 47.853173432322201 ], [ 1.82273884119301, 47.853247734947701 ], [ 1.82293629628867, 47.853341165608903 ], [ 1.82298103846627, 47.8533618665858 ], [ 1.82315028327152, 47.853442952602897 ], [ 1.82326702136065, 47.853497679074202 ], [ 1.82348502461343, 47.8535993257047 ], [ 1.82353425726814, 47.853622591753002 ], [ 1.8236925519735, 47.8536969964806 ], [ 1.82387405469214, 47.853804396966297 ], [ 1.82416280766532, 47.853972368190597 ], [ 1.82434475717833, 47.854077792191298 ], [ 1.82437431821862, 47.854095640202701 ], [ 1.82448455006651, 47.854160471232603 ], [ 1.8247035657339, 47.854289128359603 ], [ 1.82546208544886, 47.853666302054997 ], [ 1.82556020760942, 47.853583215999699 ] ] ], [ [ [ 1.81943664611673, 47.851478361272001 ], [ 1.81955503334667, 47.851398274314299 ], [ 1.81950003431546, 47.851357846737798 ], [ 1.81941408508954, 47.851290014855799 ], [ 1.81927697030701, 47.851189804626799 ], [ 1.8192569686239, 47.851175201813703 ], [ 1.81886799372951, 47.850927180676003 ], [ 1.81875208006263, 47.851022323423003 ], [ 1.81773738375302, 47.851875830137303 ], [ 1.81684392032763, 47.852628390305497 ], [ 1.81698257496209, 47.852749500973701 ], [ 1.81700187807258, 47.852765447255003 ], [ 1.81703221155532, 47.8527905056904 ], [ 1.8171025770438, 47.852789415074497 ], [ 1.81748517490368, 47.852524954961098 ], [ 1.81776945475268, 47.852327729779397 ], [ 1.81789457169332, 47.852239881511601 ], [ 1.81793571643926, 47.852211763194099 ], [ 1.81797333498084, 47.852185859561601 ], [ 1.81799851843233, 47.8522681117377 ], [ 1.81803322451213, 47.8523791727985 ], [ 1.81805164078733, 47.852441014680799 ], [ 1.81847702820759, 47.852146289331898 ], [ 1.81898490237969, 47.851792176746997 ], [ 1.81943664611673, 47.851478361272001 ] ] ], [ [ [ 1.82863066438129, 47.843390034149799 ], [ 1.82869489110964, 47.843114796368504 ], [ 1.82810066243921, 47.843062415501798 ], [ 1.82780963270694, 47.843036194736698 ], [ 1.82775337171714, 47.843034912354902 ], [ 1.8274236310909, 47.843048267959901 ], [ 1.82727442902644, 47.842902310836998 ], [ 1.82714383064354, 47.842816125886799 ], [ 1.8270249096394, 47.843073264091203 ], [ 1.82665263394041, 47.8438929477594 ], [ 1.82720723978537, 47.844014427012297 ], [ 1.82728401585428, 47.844031306396801 ], [ 1.82752367452296, 47.844052964446902 ], [ 1.82764883711064, 47.844064476662801 ], [ 1.82820621144504, 47.844115141341199 ], [ 1.82845161141457, 47.844155396801199 ], [ 1.82853586448318, 47.8437966504085 ], [ 1.82863066438129, 47.843390034149799 ] ] ], [ [ [ 1.83416605444329, 47.843608464051499 ], [ 1.83407881005539, 47.843599405949597 ], [ 1.83404719797046, 47.8435959413668 ], [ 1.83396939327865, 47.843589317268098 ], [ 1.83391626137652, 47.843585548694598 ], [ 1.83384501472704, 47.843578629676301 ], [ 1.83309801353544, 47.843511253742498 ], [ 1.83216240967365, 47.8434293039019 ], [ 1.83109530977684, 47.843332174653902 ], [ 1.83061742507337, 47.843290777086303 ], [ 1.82906669853614, 47.8431522625133 ], [ 1.82875959038189, 47.843121473127198 ], [ 1.8285214102953, 47.844167345163299 ], [ 1.8286386872207, 47.844184808190001 ], [ 1.82882101083254, 47.844229653455301 ], [ 1.82970904397869, 47.844438248525897 ], [ 1.83036116930637, 47.8445460141577 ], [ 1.830785398988, 47.844613970608698 ], [ 1.83125439336412, 47.844689302309803 ], [ 1.8318120783413, 47.844829692201401 ], [ 1.83210088261238, 47.844902955641203 ], [ 1.83234381347282, 47.844964600520797 ], [ 1.83244486806131, 47.844990269076398 ], [ 1.83273380973273, 47.845063442292002 ], [ 1.83342792926929, 47.845238395550901 ], [ 1.83358868730734, 47.845279238415998 ], [ 1.83362740455074, 47.845287994307299 ], [ 1.83365637303311, 47.845296203197002 ], [ 1.833736885581, 47.845319686143803 ], [ 1.83398106888949, 47.8443735952713 ], [ 1.83416605444329, 47.843608464051499 ] ] ], [ [ [ 1.82239154482997, 47.8441108199818 ], [ 1.82242750289566, 47.844050874579402 ], [ 1.822406945122, 47.843958858385903 ], [ 1.8224003800473, 47.843899116104197 ], [ 1.82238262691641, 47.843765003559099 ], [ 1.822370270838, 47.843634725593802 ], [ 1.82236919090186, 47.843598980931603 ], [ 1.82231243427365, 47.8435717681973 ], [ 1.82222036400578, 47.843587495452901 ], [ 1.82158397295982, 47.843706036517702 ], [ 1.82154689289073, 47.843714034852503 ], [ 1.82137742582748, 47.843728893761302 ], [ 1.81966546736267, 47.843891066928499 ], [ 1.81956765989509, 47.843900163670703 ], [ 1.8189506083524, 47.843978290807598 ], [ 1.81891999266832, 47.844014256404897 ], [ 1.81920326122578, 47.844197307881402 ], [ 1.81995422052618, 47.844676336144403 ], [ 1.82004793124211, 47.844737405345903 ], [ 1.82023185784923, 47.8448543778116 ], [ 1.82026986980058, 47.844882753135302 ], [ 1.82038502552166, 47.8449535787664 ], [ 1.82058141951251, 47.8450812071614 ], [ 1.82065477945995, 47.845083294959402 ], [ 1.82239154482997, 47.8441108199818 ] ] ], [ [ [ 1.83013805101146, 47.845570886349002 ], [ 1.83075906689789, 47.844674374461398 ], [ 1.8302330670108, 47.844589021256397 ], [ 1.83011117529596, 47.844568543500699 ], [ 1.82992589456998, 47.844536452112997 ], [ 1.82968023427593, 47.844495747130203 ], [ 1.82932523553197, 47.844411015844003 ], [ 1.8290351414837, 47.844341963052699 ], [ 1.82875170231459, 47.844274326132201 ], [ 1.82860949331451, 47.844241492627702 ], [ 1.82858097958164, 47.844236977403597 ], [ 1.82831541768482, 47.844195440694897 ], [ 1.82819429991535, 47.844176318800201 ], [ 1.82775756057685, 47.844136310829199 ], [ 1.82751017199353, 47.844113495875298 ], [ 1.82736791256955, 47.844101182514699 ], [ 1.82726248648635, 47.844092027571001 ], [ 1.82681852460825, 47.843997668128402 ], [ 1.82642385767977, 47.843911361040902 ], [ 1.82630398948889, 47.843884148822603 ], [ 1.82601448913034, 47.8438187848041 ], [ 1.82543731671468, 47.843750629549803 ], [ 1.82538677083951, 47.843744812786198 ], [ 1.82466220174484, 47.8436791378668 ], [ 1.82450033957817, 47.843664554344599 ], [ 1.82419343276886, 47.843636725349903 ], [ 1.82393721549381, 47.8436142643544 ], [ 1.82353821057609, 47.843579299447903 ], [ 1.82321874325512, 47.843551161881201 ], [ 1.82319765839669, 47.8435493301536 ], [ 1.82254081875859, 47.843516725082701 ], [ 1.82251483246819, 47.843549047681698 ], [ 1.82269593725598, 47.843666708098802 ], [ 1.8228831162127, 47.843787849546999 ], [ 1.82306528406958, 47.843905880068696 ], [ 1.82345203057073, 47.8441564765481 ], [ 1.82352717078432, 47.844204935349502 ], [ 1.82393383618233, 47.8444679712482 ], [ 1.82400040767415, 47.844510943236301 ], [ 1.82405708681702, 47.844547785364398 ], [ 1.82441709402092, 47.844780558526097 ], [ 1.82462855137918, 47.844916701929598 ], [ 1.82503314251048, 47.845177282756097 ], [ 1.82529415864133, 47.845345964720202 ], [ 1.8256540469643, 47.845578552659198 ], [ 1.82612914607982, 47.845886100272899 ], [ 1.82629366338886, 47.845992697663903 ], [ 1.82641269097061, 47.8460703066782 ], [ 1.82665851722108, 47.846230912617202 ], [ 1.82687530971073, 47.846071334199799 ], [ 1.82717404260733, 47.845846147796301 ], [ 1.8273899631218, 47.845950197292197 ], [ 1.82778819676257, 47.8461422975478 ], [ 1.82804341259954, 47.846265370448798 ], [ 1.82817505562243, 47.8463288821982 ], [ 1.82881660188499, 47.846638531403798 ], [ 1.8292556557352, 47.846847595798501 ], [ 1.83013805101146, 47.845570886349002 ] ] ], [ [ [ 1.82231051998841, 47.843507302084397 ], [ 1.82235594293931, 47.843460683139398 ], [ 1.82234875736768, 47.843392743729503 ], [ 1.82226394630645, 47.8431532765699 ], [ 1.82213527392285, 47.842992577326797 ], [ 1.82189727262062, 47.842733569337803 ], [ 1.82180353717505, 47.842631456866002 ], [ 1.82168919645721, 47.842505914797997 ], [ 1.82165613925374, 47.842447076379898 ], [ 1.82161211098136, 47.8423704858197 ], [ 1.82158436692339, 47.842313230922898 ], [ 1.82149206545468, 47.842056045837502 ], [ 1.82144672705399, 47.841930026689901 ], [ 1.82135819758915, 47.841683680501298 ], [ 1.82127741927143, 47.841546053872101 ], [ 1.82123695748228, 47.841471479176903 ], [ 1.82122373824988, 47.841446593631801 ], [ 1.82116375507498, 47.841335908803998 ], [ 1.8211186291866, 47.841254626452397 ], [ 1.82088577387896, 47.840836530445301 ], [ 1.82087820889401, 47.840815932155699 ], [ 1.82080675481114, 47.840619712461297 ], [ 1.82068408327269, 47.840261320047098 ], [ 1.82058115182997, 47.840248583681799 ], [ 1.8202206914293, 47.840574484112402 ], [ 1.82020638466741, 47.8405865815269 ], [ 1.8201009362054, 47.840675170479003 ], [ 1.81993649223979, 47.840813481224899 ], [ 1.81964814490683, 47.840992309345403 ], [ 1.81951277480512, 47.841079606512501 ], [ 1.81928392463602, 47.8411860346434 ], [ 1.81925426272322, 47.841215259235099 ], [ 1.81919986285216, 47.841268717421897 ], [ 1.8189653032837, 47.8414996610028 ], [ 1.81876516379405, 47.841751923057501 ], [ 1.81872198492167, 47.841811794714999 ], [ 1.81851409808926, 47.842099712164099 ], [ 1.81847368010137, 47.8421556511068 ], [ 1.81834469191702, 47.8423345511316 ], [ 1.81823054366378, 47.842495418565498 ], [ 1.81796705769985, 47.842866303784803 ], [ 1.81790430690921, 47.842982503978 ], [ 1.81774975238076, 47.843282748751697 ], [ 1.81743113567009, 47.843901683717199 ], [ 1.81746791340516, 47.843943368975999 ], [ 1.81771720107939, 47.8439827860878 ], [ 1.81798447343132, 47.843995110983897 ], [ 1.81823424629425, 47.8440067188914 ], [ 1.8189273576228, 47.843917480175399 ], [ 1.81916938898275, 47.8438863435589 ], [ 1.81956908683154, 47.843835911139003 ], [ 1.8197677500688, 47.843818918372598 ], [ 1.8199337662676, 47.843802946946603 ], [ 1.82021567773283, 47.843776169846201 ], [ 1.82046240220334, 47.843750388350003 ], [ 1.82093333294333, 47.8437073283716 ], [ 1.82116806380856, 47.843685745288603 ], [ 1.82153135259283, 47.8436490717745 ], [ 1.82159659627519, 47.843637215970801 ], [ 1.82231051998841, 47.843507302084397 ] ] ], [ [ [ 1.82053576266358, 47.845102080315101 ], [ 1.81881850313386, 47.8439964925685 ], [ 1.81865575390559, 47.844015825686803 ], [ 1.81857515630374, 47.844026625109201 ], [ 1.81841323496029, 47.844044796106097 ], [ 1.81823277809973, 47.844066740546801 ], [ 1.81770309064279, 47.8440461006738 ], [ 1.81746185684137, 47.844011265223102 ], [ 1.81737603914152, 47.844028311870602 ], [ 1.81733546087817, 47.844109361469798 ], [ 1.81730086135091, 47.844174089579397 ], [ 1.81728422293204, 47.844206775332601 ], [ 1.81716514897429, 47.844444460212699 ], [ 1.81706982425534, 47.844546199865597 ], [ 1.81703244296416, 47.844585697125297 ], [ 1.81689795236118, 47.844728986104101 ], [ 1.8168064147644, 47.844816722231698 ], [ 1.81673954312413, 47.844865552931203 ], [ 1.8164929579334, 47.845052895375197 ], [ 1.81645621392321, 47.845075747094 ], [ 1.81628154411171, 47.845185866399497 ], [ 1.81623950284601, 47.845206414348198 ], [ 1.81589651835363, 47.845381351356501 ], [ 1.81562995731563, 47.845516824787801 ], [ 1.81547120980232, 47.845596320373403 ], [ 1.81506096309596, 47.845801268931503 ], [ 1.81439371121101, 47.846096508428097 ], [ 1.81428456703791, 47.846140049906097 ], [ 1.81417306861391, 47.846181227231597 ], [ 1.81416197988242, 47.846174814450002 ], [ 1.81396579609674, 47.846247988884301 ], [ 1.81389550916867, 47.846275901198901 ], [ 1.81375893551494, 47.846332216206797 ], [ 1.81376125415135, 47.846372113919401 ], [ 1.81376288469161, 47.846382931564399 ], [ 1.81381665441386, 47.846537931852502 ], [ 1.81383738055131, 47.846597817825497 ], [ 1.81385648306434, 47.846640585548101 ], [ 1.8138858504926, 47.846702719124302 ], [ 1.81394573363382, 47.846793514287299 ], [ 1.81410536304572, 47.8469983699759 ], [ 1.81411762413699, 47.847012175396799 ], [ 1.81428651414816, 47.847179590435701 ], [ 1.81439849893924, 47.847290534090298 ], [ 1.81447445871532, 47.847344047459998 ], [ 1.81469727698664, 47.847503726025401 ], [ 1.81473347247588, 47.847529564486898 ], [ 1.81498109213884, 47.847704434676402 ], [ 1.81537607911841, 47.847986823932303 ], [ 1.81545948871843, 47.8479941469745 ], [ 1.81631071441013, 47.847514438582799 ], [ 1.81741523477152, 47.846900013546403 ], [ 1.81782646238412, 47.8466689640127 ], [ 1.81816383892767, 47.846481723670202 ], [ 1.81827230732247, 47.846420349918503 ], [ 1.81837876022788, 47.846359405810396 ], [ 1.81870487725653, 47.846179251250497 ], [ 1.81889747465377, 47.846068588869201 ], [ 1.81913401353588, 47.845936046204102 ], [ 1.81937834671428, 47.845801691318201 ], [ 1.81946525924792, 47.845753510914101 ], [ 1.8195534327105, 47.845702732858904 ], [ 1.81989856666634, 47.845508814899802 ], [ 1.82028637049664, 47.845289942414603 ], [ 1.82042161411911, 47.845214794493501 ], [ 1.8204721316223, 47.845185779394598 ], [ 1.8205333115876, 47.845152281008097 ], [ 1.82053576266358, 47.845102080315101 ] ] ], [ [ [ 1.82300414766614, 47.846866039593102 ], [ 1.82303635180669, 47.846806596475901 ], [ 1.82303189390675, 47.846790530063302 ], [ 1.82298337581181, 47.846608494149699 ], [ 1.82289439221271, 47.846273306038498 ], [ 1.82285205675888, 47.846107983806903 ], [ 1.82284076850557, 47.846062235709802 ], [ 1.82282803753092, 47.846009182362202 ], [ 1.82275830002998, 47.845589938270201 ], [ 1.82272376416678, 47.845392470792603 ], [ 1.82270608997899, 47.845278881390897 ], [ 1.82269656976202, 47.8452318008584 ], [ 1.82265884026727, 47.8450457324711 ], [ 1.82261956120176, 47.844881340795403 ], [ 1.82256398231226, 47.844649998365803 ], [ 1.8224862552492, 47.844301871115597 ], [ 1.82245860599492, 47.844185931210703 ], [ 1.82240561776301, 47.8441696475317 ], [ 1.82058393948737, 47.8451905941292 ], [ 1.82040969512356, 47.845287942412199 ], [ 1.82036785682461, 47.845311464180902 ], [ 1.8193452940292, 47.845887137720197 ], [ 1.81934277007943, 47.845934547347497 ], [ 1.8196127894082, 47.846130695547402 ], [ 1.81977689096025, 47.846249449288699 ], [ 1.81981783268614, 47.846278394265397 ], [ 1.82002878293999, 47.846431102548401 ], [ 1.82018910942239, 47.8465453172211 ], [ 1.82039310640714, 47.846692104246401 ], [ 1.82048415737767, 47.846758726826202 ], [ 1.82064642918208, 47.846875750688397 ], [ 1.82105835803464, 47.8471730525998 ], [ 1.82113166662266, 47.847225814873397 ], [ 1.8212288130511, 47.847295018362601 ], [ 1.82168866181125, 47.847626553020703 ], [ 1.82176474690691, 47.847626507235397 ], [ 1.82208495197226, 47.847429362291201 ], [ 1.82251005606285, 47.847168732812399 ], [ 1.8228692767933, 47.846948484930202 ], [ 1.82300414766614, 47.846866039593102 ] ] ], [ [ [ 1.83493994483327, 47.851599159736601 ], [ 1.83523970528442, 47.8513391302752 ], [ 1.83522676780586, 47.851288776792401 ], [ 1.83489996700471, 47.851135306329702 ], [ 1.83484464090789, 47.8511092842488 ], [ 1.83469745617165, 47.851040135417101 ], [ 1.83459686259268, 47.850992871431899 ], [ 1.83442479265427, 47.850912133873003 ], [ 1.83407134513311, 47.850748315232103 ], [ 1.83401217234061, 47.850720904374803 ], [ 1.83380963505643, 47.850627081747902 ], [ 1.83372491444847, 47.850587805580098 ], [ 1.83347736494848, 47.850473372789097 ], [ 1.83324544409768, 47.850365845591298 ], [ 1.83304674906267, 47.8502737699908 ], [ 1.83293066063889, 47.8502197797145 ], [ 1.83291054292877, 47.850210308618998 ], [ 1.83270735688595, 47.850115757494699 ], [ 1.83252720268049, 47.850031966304897 ], [ 1.83235684733365, 47.849952592807 ], [ 1.83201084390858, 47.849791362095303 ], [ 1.83178039366842, 47.849684116569698 ], [ 1.83165729143764, 47.849626904816603 ], [ 1.83152665021423, 47.849565927455998 ], [ 1.83103028582485, 47.849334698881201 ], [ 1.83095742482876, 47.849346123988703 ], [ 1.83062879616074, 47.849738708645297 ], [ 1.83059740968154, 47.849779529933997 ], [ 1.83035182953141, 47.849685452093503 ], [ 1.83031682623092, 47.849671871709504 ], [ 1.83014416791642, 47.849600122752499 ], [ 1.8299507237399, 47.849512864639202 ], [ 1.82969339534932, 47.849393735648299 ], [ 1.82952025464286, 47.849313610075598 ], [ 1.82927245671518, 47.849198985679401 ], [ 1.82913902765701, 47.849137257708499 ], [ 1.82891029228321, 47.849031463682799 ], [ 1.82854131913802, 47.848857481874497 ], [ 1.82827637011212, 47.848732512966798 ], [ 1.82801605776561, 47.8486095699703 ], [ 1.82778207663124, 47.848499310799497 ], [ 1.82767712597939, 47.848450016954502 ], [ 1.82749872726021, 47.848366055351903 ], [ 1.82720585310984, 47.848228203497598 ], [ 1.82689286464681, 47.848080878761799 ], [ 1.82681293216578, 47.848043175497402 ], [ 1.82661838733454, 47.847951760260997 ], [ 1.8265871551817, 47.847937046333001 ], [ 1.82639989233993, 47.847848943904403 ], [ 1.8263054001404, 47.847804523923401 ], [ 1.82616935399429, 47.8477405160342 ], [ 1.82601504636993, 47.847667864329999 ], [ 1.82611968817453, 47.847549379204899 ], [ 1.82603512126916, 47.847503618171999 ], [ 1.82591448382202, 47.8474382340248 ], [ 1.82585542229723, 47.847406139548198 ], [ 1.82579345356871, 47.847372485778301 ], [ 1.82562920970615, 47.847283622388403 ], [ 1.82548214852602, 47.847203841744999 ], [ 1.82553155744539, 47.847170492958803 ], [ 1.82555139753627, 47.847156110095803 ], [ 1.82549696180931, 47.847126491998601 ], [ 1.82553324815368, 47.847100032542201 ], [ 1.8255630002919, 47.847078818203101 ], [ 1.82569531444615, 47.846984823015397 ], [ 1.82588837085284, 47.846846791065602 ], [ 1.82599163031537, 47.846772666805201 ], [ 1.82610058369655, 47.846694999063899 ], [ 1.82620248188724, 47.8466219411062 ], [ 1.82630627520719, 47.846547821910399 ], [ 1.82632380051391, 47.846535305950503 ], [ 1.82641399869066, 47.846471311692298 ], [ 1.82667130033167, 47.846287836429397 ], [ 1.82661271334577, 47.846264567973499 ], [ 1.82650354231617, 47.8461947085924 ], [ 1.826441705729, 47.846155115831699 ], [ 1.82637249233238, 47.846110498706203 ], [ 1.82614705822713, 47.845965037793597 ], [ 1.82602234856176, 47.845884401315303 ], [ 1.82599980310095, 47.845869954163398 ], [ 1.82589447068388, 47.845801932793698 ], [ 1.82579375176613, 47.845736927821797 ], [ 1.82569264000503, 47.8456715587876 ], [ 1.82549530176305, 47.845543659655497 ], [ 1.82513370636909, 47.845309703973903 ], [ 1.82493677583308, 47.845181627913099 ], [ 1.8247482843217, 47.845058946623197 ], [ 1.82457626673253, 47.844947141240397 ], [ 1.82437063750629, 47.844813486419397 ], [ 1.82421640133516, 47.844713919982098 ], [ 1.82408602502546, 47.8446298041587 ], [ 1.82350494033717, 47.844254847691303 ], [ 1.82323131146296, 47.844076583976701 ], [ 1.823013043361, 47.8439343389295 ], [ 1.82296321911867, 47.843901975532702 ], [ 1.82285817778286, 47.843833234124702 ], [ 1.82247689320604, 47.8435837705401 ], [ 1.82248702079596, 47.843706015266903 ], [ 1.82251041036981, 47.843941805226599 ], [ 1.82251881869333, 47.843978703566499 ], [ 1.82253843483777, 47.844064949670098 ], [ 1.82258193935995, 47.844255846695397 ], [ 1.82259036173667, 47.844292115096401 ], [ 1.82264159652083, 47.844508292350298 ], [ 1.82270738405433, 47.844785822121899 ], [ 1.82280892830145, 47.845223837643502 ], [ 1.82285164729288, 47.845522737953701 ], [ 1.82286474563515, 47.845589386437297 ], [ 1.82288098135985, 47.8456894599286 ], [ 1.82293217535765, 47.846004196833597 ], [ 1.82294845605603, 47.846059986075801 ], [ 1.82296458931804, 47.846122434535303 ], [ 1.82301543580379, 47.846320065515698 ], [ 1.82304904167176, 47.8464509164532 ], [ 1.82307320082397, 47.846537387929899 ], [ 1.82314212671652, 47.8467820951264 ], [ 1.82314812346211, 47.846813208550699 ], [ 1.82317030052296, 47.846928823155203 ], [ 1.8232200771773, 47.8471929601656 ], [ 1.82324878834254, 47.847345634148297 ], [ 1.82326555569211, 47.847433831563301 ], [ 1.82328923408934, 47.8475601722783 ], [ 1.82332552448747, 47.847672508023997 ], [ 1.82336381256813, 47.847791254455402 ], [ 1.82337921005224, 47.847838663837301 ], [ 1.82341698952432, 47.847956235013498 ], [ 1.82343400550285, 47.848009061179901 ], [ 1.8234712965056, 47.848130587836799 ], [ 1.82349757175552, 47.848206099210202 ], [ 1.82354647461413, 47.848346734266997 ], [ 1.82357964875066, 47.848442836934503 ], [ 1.82364363156345, 47.848500274519701 ], [ 1.82368217696296, 47.848534954636399 ], [ 1.82382992583209, 47.848668299912198 ], [ 1.82388419944679, 47.848717359138902 ], [ 1.8239899773469, 47.848813739568101 ], [ 1.82416875835695, 47.848922552927299 ], [ 1.82433421465037, 47.849023221621501 ], [ 1.82433487513403, 47.849023588278598 ], [ 1.82442515381708, 47.849071117907499 ], [ 1.82448278157142, 47.849101578527197 ], [ 1.82461852830722, 47.849173146087203 ], [ 1.8248616038576, 47.849301324508602 ], [ 1.82492386152149, 47.849334081518002 ], [ 1.82508418059413, 47.849407154803401 ], [ 1.82516215628727, 47.849442679386598 ], [ 1.8252736017046, 47.849494560759503 ], [ 1.82530311831184, 47.849508267736198 ], [ 1.82548670349177, 47.849593544679301 ], [ 1.82557923060784, 47.849636235398002 ], [ 1.82589851602672, 47.8497832664413 ], [ 1.82594590434467, 47.8498051629551 ], [ 1.82618973779929, 47.849905353233297 ], [ 1.82634862693952, 47.849970669629798 ], [ 1.82640150094522, 47.8499924408219 ], [ 1.82648280961688, 47.850016386655497 ], [ 1.82671704410283, 47.850085066561597 ], [ 1.82701148025974, 47.850170729683498 ], [ 1.8273105688013, 47.850257698692303 ], [ 1.82735920040755, 47.850271776249301 ], [ 1.82735999660561, 47.850272054236299 ], [ 1.82756615926535, 47.8503525130131 ], [ 1.82775375838449, 47.850425855200299 ], [ 1.82794150957567, 47.850498388516201 ], [ 1.82845305222056, 47.850696118200702 ], [ 1.82851471746487, 47.850731657605898 ], [ 1.82872889512749, 47.850855128683001 ], [ 1.82909952990206, 47.851063599630898 ], [ 1.82931179602407, 47.851182910093499 ], [ 1.8298053641498, 47.851462632593197 ], [ 1.82980602470151, 47.851462999219002 ], [ 1.82981910204219, 47.851470330400304 ], [ 1.82996244598157, 47.851549708111698 ], [ 1.8300355337507, 47.851601022189598 ], [ 1.8302326776225, 47.851739262001402 ], [ 1.83036024674743, 47.851830633115704 ], [ 1.83041080192664, 47.851866780769399 ], [ 1.83055084500467, 47.851944324632001 ], [ 1.83070744711258, 47.852022933470103 ], [ 1.83088650302645, 47.852114277130802 ], [ 1.83107349430948, 47.8522096599782 ], [ 1.83109677368446, 47.852221323094398 ], [ 1.83120484671985, 47.852275055217497 ], [ 1.8314020270184, 47.852375399526103 ], [ 1.83147345613261, 47.852411034568298 ], [ 1.8316307136437, 47.852490368725803 ], [ 1.83195382949813, 47.852653262436597 ], [ 1.83214837027826, 47.852752139014903 ], [ 1.8322062975772, 47.852781518565401 ], [ 1.83269100274329, 47.8530277468126 ], [ 1.83278979713642, 47.853077874738801 ], [ 1.83287338027677, 47.853120380497202 ], [ 1.83292959004236, 47.853148842498697 ], [ 1.83318960075592, 47.853280951841597 ], [ 1.83326088468078, 47.853280670746699 ], [ 1.83380063582337, 47.852816641235002 ], [ 1.83421067555074, 47.852388583920899 ], [ 1.83493994483327, 47.851599159736601 ] ] ], [ [ [ 1.82343714433954, 47.848350498174703 ], [ 1.82341957934103, 47.848292265951997 ], [ 1.82337641806534, 47.848170140348401 ], [ 1.82337026941592, 47.848139835523803 ], [ 1.82334094308259, 47.848051152141998 ], [ 1.82327217539327, 47.847841460506501 ], [ 1.82322860939717, 47.847707449509699 ], [ 1.8231934964479, 47.847596295669703 ], [ 1.82318361473654, 47.847565503323203 ], [ 1.82315728443548, 47.8474260846139 ], [ 1.82308791105774, 47.8470566199762 ], [ 1.82306294651408, 47.8469340466674 ], [ 1.82301709656996, 47.846921345313902 ], [ 1.82278446602244, 47.847064826046797 ], [ 1.82243135567318, 47.847280814557998 ], [ 1.82181268834641, 47.847659482197201 ], [ 1.8217224905734, 47.847717082284397 ], [ 1.82117923973009, 47.847323593209403 ], [ 1.82082228258627, 47.847067708716601 ], [ 1.82069394517537, 47.8469760489442 ], [ 1.82052431847527, 47.846853010574499 ], [ 1.819995365054, 47.846472800800299 ], [ 1.8198275811599, 47.846351220046103 ], [ 1.81972281260522, 47.8462761780143 ], [ 1.8195290743663, 47.846137233821302 ], [ 1.81929179223123, 47.8459661676035 ], [ 1.8192137762596, 47.845962951978898 ], [ 1.81854914496716, 47.846333759262201 ], [ 1.81802069880548, 47.846629067082198 ], [ 1.81756903046942, 47.846880861857201 ], [ 1.81743549644285, 47.8469569238313 ], [ 1.81709237740322, 47.847149594751798 ], [ 1.81660044480336, 47.8474257323602 ], [ 1.81621386349134, 47.847642354797102 ], [ 1.81570822896268, 47.847926901295203 ], [ 1.81551475057438, 47.848034489235502 ], [ 1.81550934749797, 47.848084930005399 ], [ 1.81570776875114, 47.848247600492201 ], [ 1.8159091778164, 47.848414261194101 ], [ 1.81630475369524, 47.848736707255398 ], [ 1.81637181326841, 47.8487997605069 ], [ 1.81668187415178, 47.849071477006397 ], [ 1.8167289449434, 47.849113446196299 ], [ 1.81688224474924, 47.849273049072899 ], [ 1.81708394525074, 47.849481024837097 ], [ 1.81724820082775, 47.849653158958702 ], [ 1.81738121816816, 47.8497929345451 ], [ 1.81746555962432, 47.849866692436798 ], [ 1.81767253444748, 47.8500481674808 ], [ 1.81788634907064, 47.850198747838697 ], [ 1.81801022794256, 47.850286585161797 ], [ 1.81814354774548, 47.850370827083601 ], [ 1.81848509588237, 47.8505864197802 ], [ 1.81848535926722, 47.850586602451699 ], [ 1.81856605914124, 47.850637820481701 ], [ 1.81870569597626, 47.8507267158272 ], [ 1.81880630398734, 47.8507907354686 ], [ 1.81915705813919, 47.8510135295354 ], [ 1.81933021949028, 47.851122383592298 ], [ 1.81938281164775, 47.851162787033601 ], [ 1.81945115752167, 47.8511622147591 ], [ 1.81959332828317, 47.851064905312199 ], [ 1.81977182633074, 47.850939518267502 ], [ 1.81995608834726, 47.8508134688608 ], [ 1.82011719025452, 47.850700597595299 ], [ 1.82033218059782, 47.850551634276101 ], [ 1.82075633702003, 47.850256888236203 ], [ 1.82085738933235, 47.8501864366973 ], [ 1.82125451222282, 47.849910499073196 ], [ 1.82145859136997, 47.849770875016397 ], [ 1.82157745064033, 47.849687280386199 ], [ 1.82201558074909, 47.849382859149301 ], [ 1.82258780630615, 47.8489827522993 ], [ 1.82328332076429, 47.848497650580398 ], [ 1.82341328412834, 47.848407504788 ], [ 1.82343714433954, 47.848350498174703 ] ] ], [ [ [ 1.82376229041556, 47.864460855905399 ], [ 1.82389447104797, 47.864133289828203 ], [ 1.82379956005187, 47.864118657142903 ], [ 1.82379407376314, 47.864130843303798 ], [ 1.82356099425379, 47.864629583918102 ], [ 1.82333981307737, 47.864560669767201 ], [ 1.82324615845108, 47.8645315578744 ], [ 1.82314055011623, 47.864498635661697 ], [ 1.82310733335584, 47.864488581574697 ], [ 1.82307039813505, 47.864477320069099 ], [ 1.82303556669744, 47.864467699807697 ], [ 1.82278064911959, 47.8648952031063 ], [ 1.82280260476646, 47.864900373851697 ], [ 1.82285174561553, 47.864916168304198 ], [ 1.82287976908612, 47.864925180265899 ], [ 1.82293710566027, 47.864951407878202 ], [ 1.82297228292815, 47.864969582438199 ], [ 1.82304500513819, 47.865019816580698 ], [ 1.82303485217475, 47.865037356400997 ], [ 1.82322546703314, 47.865115505439498 ], [ 1.82335272753775, 47.865167366443202 ], [ 1.82344219602717, 47.865035231086303 ], [ 1.82351558159925, 47.864928676822203 ], [ 1.82359665272145, 47.864807258156397 ], [ 1.82365649194575, 47.864720459854396 ], [ 1.82367179757423, 47.864687670194698 ], [ 1.82376229041556, 47.864460855905399 ] ] ], [ [ [ 1.82518038787651, 47.864515387119802 ], [ 1.82522682038383, 47.864441955065303 ], [ 1.82517947982744, 47.8644294199364 ], [ 1.82511658266359, 47.864412678636903 ], [ 1.82504252204329, 47.864392675218298 ], [ 1.82489319343905, 47.864352836163697 ], [ 1.82481580372476, 47.864332169199002 ], [ 1.82478708373366, 47.864324410839203 ], [ 1.82470051864645, 47.864301311675803 ], [ 1.82460617047938, 47.864503065689 ], [ 1.82455084369774, 47.864621772674603 ], [ 1.8245274001219, 47.864671762544702 ], [ 1.82449701555884, 47.864739234523697 ], [ 1.8243604570204, 47.865010862024803 ], [ 1.82440473207874, 47.865022916720797 ], [ 1.82444225464704, 47.865031843460699 ], [ 1.82445369764581, 47.865034568350303 ], [ 1.82452807418006, 47.865052415088201 ], [ 1.82454577062393, 47.8650566427511 ], [ 1.82464132427907, 47.865072541361798 ], [ 1.82469999611321, 47.865080779785899 ], [ 1.8248090744707, 47.865096003653299 ], [ 1.82492990405792, 47.8649064858743 ], [ 1.82504635595261, 47.8647213345361 ], [ 1.82518038787651, 47.864515387119802 ] ] ], [ [ [ 1.84968912710575, 47.8692442176581 ], [ 1.84969510156218, 47.869135096749602 ], [ 1.84968654217163, 47.8691350128436 ], [ 1.84937795418428, 47.869134237598203 ], [ 1.8490631849023, 47.869134751031801 ], [ 1.84887483934323, 47.8691347037173 ], [ 1.84881691802676, 47.869134675556502 ], [ 1.84880113275324, 47.869134700713801 ], [ 1.84873251220059, 47.869134567547398 ], [ 1.84857279489976, 47.869134440583998 ], [ 1.84857713357338, 47.868983630022399 ], [ 1.8485859794034, 47.8686680592945 ], [ 1.84858557482829, 47.8686496937218 ], [ 1.84850729252103, 47.868650995746599 ], [ 1.84828114838047, 47.868654536885899 ], [ 1.84824141222154, 47.868654866935699 ], [ 1.84815270799313, 47.868655616390797 ], [ 1.84810999249855, 47.868657627300401 ], [ 1.84793300280662, 47.868658319985499 ], [ 1.8479328809122, 47.868670109819497 ], [ 1.84793271817464, 47.868696120495301 ], [ 1.84793092696333, 47.868883589285097 ], [ 1.84793176057942, 47.869054882411703 ], [ 1.84792746450761, 47.869074101913 ], [ 1.84790684704049, 47.869167417642601 ], [ 1.84790461261096, 47.869177926622498 ], [ 1.84788426839947, 47.8692709750026 ], [ 1.847855774077, 47.869400576541402 ], [ 1.84775882832263, 47.869392694047797 ], [ 1.84775335274537, 47.869392280250601 ], [ 1.8474363453716, 47.869366395062499 ], [ 1.84713844177942, 47.869341686787799 ], [ 1.84689021193881, 47.869321066203803 ], [ 1.84686461885239, 47.869403171888997 ], [ 1.84684220342377, 47.8694682973101 ], [ 1.84679814621003, 47.869630688533903 ], [ 1.84675493610843, 47.869791017873403 ], [ 1.84671009544077, 47.869952501260798 ], [ 1.84668586444184, 47.870045781237899 ], [ 1.84671538641445, 47.870047691523602 ], [ 1.84681985014843, 47.870054388636603 ], [ 1.84718944177237, 47.870079891959797 ], [ 1.8474436126716, 47.870098140006903 ], [ 1.84754180629883, 47.870104054829 ], [ 1.84772386165892, 47.870116733582599 ], [ 1.84772075978941, 47.870198070168499 ], [ 1.84809067958343, 47.870202332022799 ], [ 1.84822376832182, 47.870184466718896 ], [ 1.84839525877981, 47.870166168061601 ], [ 1.84855309981254, 47.870160426319998 ], [ 1.84869915890654, 47.870161319357102 ], [ 1.84890827842865, 47.870165891070101 ], [ 1.84899172438543, 47.870105414290897 ], [ 1.84905729775955, 47.870054843029699 ], [ 1.84918270033218, 47.8699903672373 ], [ 1.84922913662925, 47.869971020916097 ], [ 1.84931804288055, 47.869936339675803 ], [ 1.84944459055866, 47.8698869061325 ], [ 1.8495465287099, 47.869843441723901 ], [ 1.84962496245337, 47.869736381332501 ], [ 1.84965820001703, 47.869585224058703 ], [ 1.84967476000312, 47.869506179537503 ], [ 1.84968014218375, 47.8694244152111 ], [ 1.84968912710575, 47.8692442176581 ] ] ], [ [ [ 1.83125813472494, 47.866841502681098 ], [ 1.83149812302349, 47.866488000181597 ], [ 1.83135015467308, 47.866446652905601 ], [ 1.83109667360032, 47.8663737415866 ], [ 1.83106156408084, 47.866364481008198 ], [ 1.83104641751015, 47.8663598297018 ], [ 1.83104495634644, 47.866359365103897 ], [ 1.83087279189081, 47.866311295569403 ], [ 1.83082760192493, 47.8662981541327 ], [ 1.83068058263752, 47.866256275404197 ], [ 1.83049274337993, 47.866203278656599 ], [ 1.83032286526886, 47.866154691038901 ], [ 1.83028325865507, 47.866143135187102 ], [ 1.83024855458957, 47.866133698386399 ], [ 1.83014600567399, 47.866095142561299 ], [ 1.83005092213358, 47.866057741179802 ], [ 1.82988362552816, 47.865995227364699 ], [ 1.82968487668085, 47.865921418591903 ], [ 1.82962668286341, 47.865891405435399 ], [ 1.82942812042719, 47.865790955609299 ], [ 1.82934914122912, 47.865751194066803 ], [ 1.82929357284375, 47.865723457140298 ], [ 1.82918047787169, 47.865665803465603 ], [ 1.82889501063106, 47.865915608057897 ], [ 1.82886918784018, 47.865940192626503 ], [ 1.82885202056438, 47.865942271489097 ], [ 1.82881559588983, 47.865944158136301 ], [ 1.8287807077273, 47.865943089834097 ], [ 1.82869033425806, 47.865922655915902 ], [ 1.82863747204328, 47.865905656686202 ], [ 1.82858011028845, 47.865989601866403 ], [ 1.82848590145507, 47.8659611187595 ], [ 1.8282829500161, 47.866272051262698 ], [ 1.82827073041876, 47.866334845057501 ], [ 1.82825941380303, 47.8663566940808 ], [ 1.82818260367879, 47.866503630680299 ], [ 1.82810482722027, 47.866651907694603 ], [ 1.82820937152732, 47.866672753585704 ], [ 1.82830956985686, 47.866672314026403 ], [ 1.82844075713042, 47.866661742828299 ], [ 1.8285735440232, 47.866687820831103 ], [ 1.82841348977721, 47.866988380698302 ], [ 1.82840710184335, 47.866999027903297 ], [ 1.82842944026708, 47.867005101480103 ], [ 1.82855246022562, 47.867037382554898 ], [ 1.82877127224657, 47.867099242316499 ], [ 1.82889266004145, 47.867132766852997 ], [ 1.82939441193023, 47.867268672494397 ], [ 1.8294572056933, 47.867075394128598 ], [ 1.82946333100533, 47.8670584436708 ], [ 1.82963407720962, 47.867092009765301 ], [ 1.82975606495022, 47.867116538562001 ], [ 1.82978043256368, 47.867103370349902 ], [ 1.82999940288444, 47.8665689246304 ], [ 1.82985210375367, 47.866928442980203 ], [ 1.82988939104262, 47.8669369050547 ], [ 1.82988922856854, 47.866937309974404 ], [ 1.82989749037635, 47.866938742484699 ], [ 1.82997822628727, 47.866953498829098 ], [ 1.82998342409695, 47.866954360731803 ], [ 1.82994286223237, 47.867065116473199 ], [ 1.82995419203425, 47.867066939604697 ], [ 1.83009695333117, 47.867095725557498 ], [ 1.83015843765545, 47.867110019805502 ], [ 1.83021686790426, 47.867123293483502 ], [ 1.83030842582441, 47.867144728083098 ], [ 1.83032786396114, 47.867148882210898 ], [ 1.8303434396348, 47.867152277768099 ], [ 1.83049198966771, 47.867191561892596 ], [ 1.83044519955682, 47.867293614917202 ], [ 1.8304676879202, 47.867298969529898 ], [ 1.83064811804864, 47.8673423515379 ], [ 1.83071364252762, 47.867227793965696 ], [ 1.83074450709241, 47.8671686060814 ], [ 1.83101110256276, 47.867247499279799 ], [ 1.83103089197724, 47.867217453663201 ], [ 1.83125813472494, 47.866841502681098 ] ], [ [ 1.82988939104262, 47.8669369050547 ], [ 1.83003189215066, 47.866581759731098 ], [ 1.82988939796843, 47.8669369066264 ], [ 1.82988939104262, 47.8669369050547 ] ] ], [ [ [ 1.82777419022652, 47.865632230894001 ], [ 1.82783118654274, 47.865522450028003 ], [ 1.82771960853925, 47.865499193272299 ], [ 1.82776226005579, 47.8654090709584 ], [ 1.82764299415628, 47.865388707596701 ], [ 1.82752674060151, 47.865371254481602 ], [ 1.82745113943659, 47.865536114441397 ], [ 1.82718702125112, 47.865460748025498 ], [ 1.82716942300487, 47.865482354153798 ], [ 1.82653924135415, 47.865278125034401 ], [ 1.82653262013294, 47.865335664195896 ], [ 1.82712931084703, 47.865530107693701 ], [ 1.82702483306837, 47.865663895865701 ], [ 1.8276186884436, 47.865853718012502 ], [ 1.82762889245483, 47.865858050358803 ], [ 1.82773617067, 47.865700347428898 ], [ 1.82777222864635, 47.865636261673799 ], [ 1.82777419022652, 47.865632230894001 ] ] ], [ [ [ 1.82736663270459, 47.8659832415766 ], [ 1.82748766644585, 47.865826576426699 ], [ 1.82744182893169, 47.865812527115601 ], [ 1.82702491440291, 47.865678388027597 ], [ 1.82699966242561, 47.865671024927998 ], [ 1.82710016014102, 47.865535756859202 ], [ 1.82651213809227, 47.865342480010597 ], [ 1.82652014632716, 47.865282704511699 ], [ 1.82651444421949, 47.865244123885901 ], [ 1.82646359528975, 47.865226873766197 ], [ 1.82643394442723, 47.865218836485397 ], [ 1.82637737154782, 47.865206389532098 ], [ 1.82632203858881, 47.865198365366098 ], [ 1.82619232541437, 47.865184736655202 ], [ 1.82613428609624, 47.865178125460801 ], [ 1.82603380867834, 47.865173159837397 ], [ 1.82585627067176, 47.865459410334303 ], [ 1.82580284780664, 47.865552574490302 ], [ 1.82574345705329, 47.865649459247599 ], [ 1.82560649123423, 47.865867078902802 ], [ 1.82552782076893, 47.865995003484301 ], [ 1.82551257712631, 47.866018973151903 ], [ 1.82564289856943, 47.866053580629497 ], [ 1.8257084585622, 47.866070978317303 ], [ 1.82576151737998, 47.866085100572 ], [ 1.82581550638535, 47.866099502135597 ], [ 1.82594409368008, 47.866133911902999 ], [ 1.82595882808274, 47.866108766978599 ], [ 1.8259926254814, 47.866050239662201 ], [ 1.82602896320403, 47.865985707189701 ], [ 1.8260890159904, 47.865883068395398 ], [ 1.82613004549435, 47.865812012214597 ], [ 1.82624802919297, 47.865841995175998 ], [ 1.82636798918265, 47.865873347909798 ], [ 1.82645989688741, 47.865896949264602 ], [ 1.82647179621609, 47.865866915468203 ], [ 1.82686491283914, 47.865964185173603 ], [ 1.8270057581364, 47.866000786523401 ], [ 1.82701203832662, 47.865988968201002 ], [ 1.82700353510806, 47.865986362962502 ], [ 1.82702580637944, 47.865946981921702 ], [ 1.82703458897675, 47.865949049901403 ], [ 1.82704208006384, 47.865930853088102 ], [ 1.82710980987214, 47.865946921556301 ], [ 1.82724312722119, 47.865991278098797 ], [ 1.82729479740415, 47.866007725995701 ], [ 1.82741077819877, 47.866037597747699 ], [ 1.82741855716099, 47.866024534265499 ], [ 1.8273044228176, 47.865995851083198 ], [ 1.82732247203016, 47.865971999238099 ], [ 1.82732313870374, 47.8659720959092 ], [ 1.82736663270459, 47.8659832415766 ] ] ], [ [ [ 1.84199284305092, 47.862733030216098 ], [ 1.84212058406742, 47.862493338721499 ], [ 1.84208554786058, 47.8624500590021 ], [ 1.84163080260033, 47.862351331592599 ], [ 1.84085093483706, 47.862183954761001 ], [ 1.84045010039194, 47.862097276381498 ], [ 1.84013726286474, 47.862029558227903 ], [ 1.8399407038973, 47.8619841409283 ], [ 1.83976667976906, 47.861960278120101 ], [ 1.83927176961086, 47.861888236787401 ], [ 1.83865943347333, 47.861797569474497 ], [ 1.83752956174457, 47.8616300357005 ], [ 1.83714081609141, 47.861571998337801 ], [ 1.83673939931634, 47.861512393912697 ], [ 1.83669273882944, 47.861505450674002 ], [ 1.83662992809755, 47.861533630585498 ], [ 1.83661065312352, 47.861613726983997 ], [ 1.8366008653742, 47.8618102983421 ], [ 1.83662723933096, 47.862432247904003 ], [ 1.83664020260826, 47.862432736473203 ], [ 1.83756159481812, 47.862470671425001 ], [ 1.83751741328936, 47.862613256985199 ], [ 1.83740705024239, 47.862956355431102 ], [ 1.8373360932099, 47.863173382499198 ], [ 1.83716696337273, 47.863139663460203 ], [ 1.83714519294441, 47.863223785512098 ], [ 1.83712824307584, 47.8632893236081 ], [ 1.83712333140355, 47.863385403826399 ], [ 1.83710720377224, 47.863382813759301 ], [ 1.8369645959481, 47.863359528240302 ], [ 1.83685709700333, 47.863339380854697 ], [ 1.8368541648906, 47.863338901746097 ], [ 1.83682815735496, 47.863335493630601 ], [ 1.83687201811154, 47.863525395973603 ], [ 1.83687885866158, 47.863555076523397 ], [ 1.83686815863873, 47.863762799660599 ], [ 1.83686240202759, 47.863879123339501 ], [ 1.83685482258, 47.863938183659897 ], [ 1.83683255820998, 47.864112038998599 ], [ 1.83681202254444, 47.864280240932104 ], [ 1.83679021399982, 47.864457701080497 ], [ 1.83679006648061, 47.864458329675998 ], [ 1.83677959284826, 47.864496839394299 ], [ 1.83681542002463, 47.8645038551821 ], [ 1.83677763778593, 47.864653344396601 ], [ 1.83670799919252, 47.864828260121797 ], [ 1.83656945987556, 47.865046596675903 ], [ 1.83732693852897, 47.865217649902497 ], [ 1.83717647018019, 47.8655899629684 ], [ 1.83695933355788, 47.865543076830797 ], [ 1.83679904630673, 47.865508364929703 ], [ 1.83676350394813, 47.8655921702657 ], [ 1.83671737377945, 47.865707463503298 ], [ 1.83665105256854, 47.865852979307199 ], [ 1.83654272402408, 47.866072065289103 ], [ 1.83653712445934, 47.866083440807699 ], [ 1.83664486057544, 47.866111331456104 ], [ 1.83666131978476, 47.866104924042801 ], [ 1.83676573309413, 47.866064645434399 ], [ 1.83695945712519, 47.865989608762497 ], [ 1.83700945482789, 47.866003155512303 ], [ 1.83722780446541, 47.866061934626302 ], [ 1.83741321950624, 47.866030378833997 ], [ 1.83750062384318, 47.866015493374398 ], [ 1.83750568007492, 47.866016713574197 ], [ 1.83763630828714, 47.866049870563103 ], [ 1.83771266318979, 47.8660692586122 ], [ 1.83781216753038, 47.866094366398201 ], [ 1.83796633886561, 47.866133606728503 ], [ 1.83804043432987, 47.866152342127897 ], [ 1.83813288459982, 47.866175849644598 ], [ 1.83825579054152, 47.866207399329099 ], [ 1.83818216426699, 47.866393527278802 ], [ 1.83836995637144, 47.866491875267002 ], [ 1.83837207249796, 47.8664929763139 ], [ 1.83849319531235, 47.866557181036903 ], [ 1.8384973289523, 47.8666006058764 ], [ 1.83850039101637, 47.8666073867969 ], [ 1.83863373532151, 47.866638769366297 ], [ 1.83865474748257, 47.866589292843699 ], [ 1.8388080774204, 47.866228006760302 ], [ 1.83886385212753, 47.866238890365203 ], [ 1.83912831710494, 47.866293171787703 ], [ 1.83941262827476, 47.866351339239401 ], [ 1.83969601179456, 47.866409136788597 ], [ 1.83996275193916, 47.8664634388062 ], [ 1.84024600685026, 47.866521053723901 ], [ 1.84048825893445, 47.866569712008904 ], [ 1.84052651329942, 47.866336879010802 ], [ 1.8405740445629, 47.866120249092297 ], [ 1.84068237510096, 47.865636715654801 ], [ 1.84075521820025, 47.8654369871809 ], [ 1.84081911590171, 47.865273263546399 ], [ 1.84085841504526, 47.865170232395798 ], [ 1.84094753510538, 47.864935561366501 ], [ 1.84099127185219, 47.864819162771099 ], [ 1.84109682222777, 47.864597705074701 ], [ 1.84122461947849, 47.864325162293298 ], [ 1.84135590970777, 47.864045723201301 ], [ 1.84141271055202, 47.863925133013801 ], [ 1.84147231910281, 47.863798449955901 ], [ 1.84159207418044, 47.863544909024299 ], [ 1.84173185914216, 47.863249891852099 ], [ 1.8417569690751, 47.863196314789199 ], [ 1.84176103542852, 47.863187714137297 ], [ 1.8417803879438, 47.863146681390198 ], [ 1.84181825718829, 47.863066137774901 ], [ 1.84185570356723, 47.862986580061701 ], [ 1.84194629238493, 47.862819158734702 ], [ 1.84199284305092, 47.862733030216098 ] ], [ [ 1.8388080774204, 47.866228006760302 ], [ 1.83880807056646, 47.866228005422897 ], [ 1.83893228369854, 47.8659353399539 ], [ 1.8388080774204, 47.866228006760302 ] ] ], [ [ [ 1.84987494243925, 47.864071842445703 ], [ 1.85181483179656, 47.864101642525 ], [ 1.85181351610454, 47.864044924580298 ], [ 1.85181240175204, 47.863991268877598 ], [ 1.8518087081414, 47.863933177538698 ], [ 1.85180587822244, 47.863884635503602 ], [ 1.85180447445535, 47.863813425391697 ], [ 1.85180068723708, 47.863604929648098 ], [ 1.85179623041417, 47.863489315665198 ], [ 1.85179371362241, 47.863426285379902 ], [ 1.85177645031216, 47.862783008571803 ], [ 1.85177536381882, 47.8627466346597 ], [ 1.85176740128852, 47.862446649659503 ], [ 1.85176458145649, 47.862341942600203 ], [ 1.85176203788561, 47.862249209321199 ], [ 1.85175522900808, 47.861970117414302 ], [ 1.85174876839958, 47.861699669653703 ], [ 1.8517472379007, 47.861640519303798 ], [ 1.85174242898561, 47.861442184214198 ], [ 1.85174197086808, 47.861426248281397 ], [ 1.85172221068642, 47.860706709292998 ], [ 1.85171413596951, 47.860411943303603 ], [ 1.8510662527047, 47.860332153812003 ], [ 1.8508425986657, 47.860302600900702 ], [ 1.85068242870454, 47.860287530742099 ], [ 1.84951640581593, 47.860177273458397 ], [ 1.84892919519342, 47.8601184989205 ], [ 1.84886615404459, 47.860133001802197 ], [ 1.84880138024834, 47.860178090472701 ], [ 1.84881210256202, 47.860195567282801 ], [ 1.84916453261927, 47.860862115781003 ], [ 1.84940708479241, 47.861451978481199 ], [ 1.84943607474402, 47.861521479096602 ], [ 1.84951375488964, 47.8617081077996 ], [ 1.84953864976699, 47.8618308530788 ], [ 1.8495600286982, 47.861924491220101 ], [ 1.84961898918408, 47.862191223548301 ], [ 1.84964345555177, 47.862302893558599 ], [ 1.84966935986154, 47.862416107792299 ], [ 1.8497168768501, 47.862618371956103 ], [ 1.84972066578457, 47.862634880595003 ], [ 1.84973022821605, 47.862736863574398 ], [ 1.84973389818433, 47.862777403221699 ], [ 1.8497513497313, 47.862885674093803 ], [ 1.84976278705852, 47.8629813748652 ], [ 1.84976278316233, 47.862981554843302 ], [ 1.8497690361142, 47.863026350187504 ], [ 1.84976915230654, 47.863027161399799 ], [ 1.8497986963237, 47.8632503111549 ], [ 1.84981446541145, 47.863380707488602 ], [ 1.84983558009743, 47.863560750678303 ], [ 1.84984252439858, 47.863629224910497 ], [ 1.84986412276111, 47.863836365243998 ], [ 1.84986950584791, 47.863915175089403 ], [ 1.84986948831638, 47.8639159849903 ], [ 1.84987208280893, 47.863956784085502 ], [ 1.84987185851195, 47.8640227578124 ], [ 1.84987494243925, 47.864071842445703 ] ] ], [ [ [ 1.84979726852299, 47.8643975403238 ], [ 1.84979287719909, 47.863957807828697 ], [ 1.84975094224933, 47.863565591486001 ], [ 1.84971070763366, 47.863224606326597 ], [ 1.84970433602026, 47.863166758642102 ], [ 1.84969039710147, 47.863050691510601 ], [ 1.84966622675813, 47.862888259872399 ], [ 1.84964261536261, 47.862669128554003 ], [ 1.84963795803903, 47.8626371299952 ], [ 1.84959896880499, 47.862467262345703 ], [ 1.84954389951112, 47.862218479835803 ], [ 1.84949898394646, 47.862019661364997 ], [ 1.84944393117327, 47.861770158829898 ], [ 1.84943286807043, 47.861712805119602 ], [ 1.84918806922211, 47.8611154498563 ], [ 1.84909142346554, 47.860872109624502 ], [ 1.84899015101819, 47.860688039333297 ], [ 1.84877152480852, 47.860278246789299 ], [ 1.84870253894031, 47.860239946388297 ], [ 1.84798896586094, 47.860161385378703 ], [ 1.84791895342764, 47.8603493553315 ], [ 1.84784042175135, 47.860560103674501 ], [ 1.84783475103768, 47.860574899356102 ], [ 1.8477650547621, 47.8607667426433 ], [ 1.84739710491545, 47.860717854330801 ], [ 1.84698333016615, 47.860660503782498 ], [ 1.84696252661926, 47.860657689093202 ], [ 1.84691290196976, 47.860805805101002 ], [ 1.84687484850199, 47.8609199216599 ], [ 1.84686340007822, 47.860948251761499 ], [ 1.84680627587217, 47.861090623473103 ], [ 1.8467501459976, 47.8612303046731 ], [ 1.84664396743999, 47.861494425340702 ], [ 1.8466378619232, 47.861510746827001 ], [ 1.84662877440832, 47.861535049734698 ], [ 1.84660657866444, 47.861602517757298 ], [ 1.84654833106274, 47.861778091305503 ], [ 1.8465122459041, 47.861887726633903 ], [ 1.84650653170041, 47.861904501998801 ], [ 1.84649961008578, 47.861921445509303 ], [ 1.84644090849293, 47.8620624513499 ], [ 1.84637310797955, 47.8622344205301 ], [ 1.84630121020626, 47.862416430291297 ], [ 1.84631840973412, 47.862418939626302 ], [ 1.84625917331849, 47.862553729518901 ], [ 1.84624398861071, 47.862587783325601 ], [ 1.8462160832209, 47.862727201666999 ], [ 1.84619753658491, 47.862725129112299 ], [ 1.846175913506, 47.862803133608303 ], [ 1.84613180115498, 47.8629682248893 ], [ 1.84611632337078, 47.863046559824099 ], [ 1.8460811345244, 47.863194907291799 ], [ 1.84602783871779, 47.863425614156299 ], [ 1.84601151364657, 47.863493679793997 ], [ 1.84599103961331, 47.863580336311898 ], [ 1.84596203927399, 47.863702372178302 ], [ 1.84595674428901, 47.863724462107001 ], [ 1.84594658675985, 47.863767206085797 ], [ 1.84591979345167, 47.863879992798097 ], [ 1.84591139696236, 47.863915553439703 ], [ 1.84585912685896, 47.864135919296501 ], [ 1.84720777805496, 47.864283910570002 ], [ 1.84711819080618, 47.8646468521111 ], [ 1.8472192451139, 47.864649915170297 ], [ 1.84723527602625, 47.864644672182799 ], [ 1.84729824096426, 47.8646462808588 ], [ 1.8475295181782, 47.864651973014603 ], [ 1.8475232037947, 47.864702585546901 ], [ 1.84751089710595, 47.864801293543401 ], [ 1.84751717653729, 47.864801625245299 ], [ 1.84756728606883, 47.864803917579302 ], [ 1.84771943123834, 47.864807211968802 ], [ 1.84775726889091, 47.864807943576601 ], [ 1.84813927674897, 47.864820515099197 ], [ 1.84814021090511, 47.864820614277797 ], [ 1.84862921074185, 47.864846205548403 ], [ 1.84863984033185, 47.864707517419802 ], [ 1.84902949949056, 47.864718811007997 ], [ 1.84907762256213, 47.864720183130899 ], [ 1.84909162591042, 47.864388640760097 ], [ 1.84941139419579, 47.864390696771302 ], [ 1.84979726852299, 47.8643975403238 ] ] ], [ [ [ 1.83889120430769, 47.860727323134 ], [ 1.83898350907834, 47.860395925401001 ], [ 1.83810020422908, 47.860238667145097 ], [ 1.83762257993995, 47.860153738557003 ], [ 1.83708473948531, 47.860058040198297 ], [ 1.83701650074961, 47.8600471028276 ], [ 1.83699264413917, 47.860043266004702 ], [ 1.83690014104404, 47.860419844653201 ], [ 1.83686691104215, 47.860550927613801 ], [ 1.83681052747826, 47.86079267145 ], [ 1.83678039251129, 47.860916764386197 ], [ 1.83675606127645, 47.861020122894701 ], [ 1.83672650402876, 47.861148361919703 ], [ 1.83665598490138, 47.8614186781505 ], [ 1.83670175504666, 47.861460175817797 ], [ 1.83673374166258, 47.861465353415497 ], [ 1.83855176424078, 47.861736378086199 ], [ 1.83861312489274, 47.861707192710803 ], [ 1.83869070001631, 47.861437935377701 ], [ 1.83872732217146, 47.861310575927497 ], [ 1.83875798765695, 47.8612048495308 ], [ 1.83878601600601, 47.861085145714704 ], [ 1.83885676178689, 47.860852904073603 ], [ 1.83889120430769, 47.860727323134 ] ] ], [ [ [ 1.82973535412805, 47.860903050769203 ], [ 1.82995665589338, 47.860680686503898 ], [ 1.82989622433654, 47.8604853052192 ], [ 1.82984284637805, 47.860315826699399 ], [ 1.82981127876424, 47.860237024336797 ], [ 1.82976978000909, 47.860105107825099 ], [ 1.82973474582399, 47.859934732072801 ], [ 1.82970599446616, 47.859958837624497 ], [ 1.82963098740848, 47.8600245157849 ], [ 1.82955872586894, 47.860086980975602 ], [ 1.82952233751222, 47.860117760941101 ], [ 1.82944334425113, 47.8601822290996 ], [ 1.829069172788, 47.860501536315297 ], [ 1.82884967074504, 47.860466132248803 ], [ 1.82872705776086, 47.860410002987301 ], [ 1.82871776657326, 47.8604189110942 ], [ 1.82868148227481, 47.860457072546303 ], [ 1.82865222615081, 47.860443369177602 ], [ 1.82841818167027, 47.8603335619839 ], [ 1.82786853967431, 47.860076227865498 ], [ 1.82784283708245, 47.8601015335393 ], [ 1.8278051628743, 47.860135990490299 ], [ 1.82774274974772, 47.860194502587603 ], [ 1.82761964552862, 47.860312263957603 ], [ 1.82741008616256, 47.860511249047804 ], [ 1.82738904673124, 47.860531290715102 ], [ 1.82718588363576, 47.860725208831603 ], [ 1.82705595393461, 47.860849111964498 ], [ 1.82695705536892, 47.860942632265903 ], [ 1.82691622100255, 47.8609808376929 ], [ 1.82679155618021, 47.861096422365499 ], [ 1.82681977222942, 47.861108765664802 ], [ 1.82693016999955, 47.861160814389997 ], [ 1.82702452891315, 47.861206312048402 ], [ 1.82722783926068, 47.8613027635012 ], [ 1.827492293756, 47.861428628398798 ], [ 1.82770604525129, 47.861518702718001 ], [ 1.82792300677506, 47.861608808703302 ], [ 1.82802258892632, 47.861641936526198 ], [ 1.82803970199206, 47.861648318057703 ], [ 1.82818444064983, 47.861701968701297 ], [ 1.82829300064042, 47.861752557608597 ], [ 1.82827432361448, 47.861768572628598 ], [ 1.82836384619788, 47.8618090704013 ], [ 1.82843751358679, 47.8618467995367 ], [ 1.82845338954336, 47.861854698798503 ], [ 1.82850793922428, 47.861879905819798 ], [ 1.82868493659824, 47.861968891242597 ], [ 1.82884608483966, 47.861806054293197 ], [ 1.82888603198781, 47.861765589151098 ], [ 1.82893199569557, 47.861719153474198 ], [ 1.82900532430039, 47.861644818220199 ], [ 1.82923144924291, 47.861416292905403 ], [ 1.82927522721708, 47.861371905476801 ], [ 1.82951712011946, 47.861125715237002 ], [ 1.82952190933976, 47.861120812543803 ], [ 1.82954407147926, 47.861098351475299 ], [ 1.8295948291883, 47.8610467428596 ], [ 1.82962068692602, 47.861020448273202 ], [ 1.82971563675598, 47.860923826097398 ], [ 1.82973535412805, 47.860903050769203 ] ] ], [ [ [ 1.83039434665271, 47.862682789984198 ], [ 1.83056604586035, 47.862484052554599 ], [ 1.83055334291504, 47.8624413519276 ], [ 1.83054978886917, 47.862444826834803 ], [ 1.83029642521081, 47.862695585110401 ], [ 1.83014514065308, 47.862847901296199 ], [ 1.83007248654862, 47.862921973910801 ], [ 1.82985241271403, 47.862820949993903 ], [ 1.83004644318626, 47.862640797758303 ], [ 1.82998334065384, 47.8626091155868 ], [ 1.82988637160787, 47.862560444067803 ], [ 1.82996946491185, 47.862467843898003 ], [ 1.83009478680877, 47.862328320269199 ], [ 1.83040072210701, 47.861992128328197 ], [ 1.83041717481747, 47.861973840591503 ], [ 1.83040241277302, 47.861921398486899 ], [ 1.83037709657448, 47.861831947671902 ], [ 1.83035801984526, 47.861768931546401 ], [ 1.83034095007484, 47.8617848729032 ], [ 1.82995024832965, 47.8621500122456 ], [ 1.82992813348294, 47.862170313646999 ], [ 1.82972259808629, 47.862362772144799 ], [ 1.82951193918799, 47.862271652361898 ], [ 1.82954348725891, 47.862242084257197 ], [ 1.82970709011948, 47.862089171593901 ], [ 1.82950797711583, 47.8619900661743 ], [ 1.82926693308284, 47.861869750038998 ], [ 1.82914896419895, 47.861991164485602 ], [ 1.82912227962696, 47.862018530811099 ], [ 1.82901318052371, 47.8621319328646 ], [ 1.82896951559416, 47.862177221397602 ], [ 1.82896472424439, 47.862182214053902 ], [ 1.8288720520202, 47.862278498286599 ], [ 1.82882452558289, 47.862329058723198 ], [ 1.82856128658974, 47.862608787520202 ], [ 1.82857241421564, 47.862613669070697 ], [ 1.82868726541815, 47.862664140358298 ], [ 1.82872038092409, 47.862678782300598 ], [ 1.82880927246612, 47.862717653240502 ], [ 1.82906841287167, 47.862435722805103 ], [ 1.8294034996906, 47.862591900886102 ], [ 1.8291691341076, 47.8628664285322 ], [ 1.82912108132207, 47.862922654356197 ], [ 1.82918486336516, 47.8629477731481 ], [ 1.82929302392074, 47.862986295935798 ], [ 1.82935822037812, 47.862910799260803 ], [ 1.82956464704397, 47.8629937762813 ], [ 1.82938911418538, 47.863178072636501 ], [ 1.82925639388177, 47.863319321828001 ], [ 1.82935160172285, 47.863356905225203 ], [ 1.8294446899154, 47.863393567311803 ], [ 1.82954987788561, 47.863433500321101 ], [ 1.82956511269539, 47.863434102338097 ], [ 1.82965482071434, 47.8633570498586 ], [ 1.82969869903807, 47.863308162888401 ], [ 1.82974764997923, 47.863253655962097 ], [ 1.82977809407348, 47.863219576372899 ], [ 1.82990113469552, 47.863268777981098 ], [ 1.83003012080697, 47.8631147996458 ], [ 1.8301815857886, 47.862936112938897 ], [ 1.83022636864689, 47.862882554345397 ], [ 1.83039434665271, 47.862682789984198 ] ] ], [ [ [ 1.84550116748159, 47.861582554949003 ], [ 1.84559010697555, 47.861342657901901 ], [ 1.8455068834429, 47.861325637523301 ], [ 1.84460097118089, 47.861154704928097 ], [ 1.84435371604189, 47.8611095158181 ], [ 1.84369959163787, 47.860984710019402 ], [ 1.84317143408739, 47.860885714910303 ], [ 1.84309644679567, 47.860908197673503 ], [ 1.84292224374714, 47.861218178734802 ], [ 1.84275843576722, 47.861505219898298 ], [ 1.84272069209479, 47.861573974013197 ], [ 1.84253880762676, 47.861886398893397 ], [ 1.8423799275738, 47.862174208137098 ], [ 1.84232198727424, 47.862279756247901 ], [ 1.84230445780844, 47.8623108161649 ], [ 1.84227589360963, 47.862363369187896 ], [ 1.84225456924536, 47.862402852430797 ], [ 1.84222572181407, 47.862456122711301 ], [ 1.84209065081139, 47.862706903009098 ], [ 1.84199486967662, 47.862885524240497 ], [ 1.84198134923928, 47.862910593115203 ], [ 1.84193101522902, 47.863004605007703 ], [ 1.84175487474528, 47.863378290809301 ], [ 1.84167930258129, 47.863537849462702 ], [ 1.84153780000995, 47.863837980043201 ], [ 1.84142802923352, 47.864069117417202 ], [ 1.8413755896904, 47.864179849765499 ], [ 1.84132326403244, 47.864291483292099 ], [ 1.84122073574354, 47.864509370734503 ], [ 1.84112002556761, 47.8647235856888 ], [ 1.84106951976119, 47.8648314567074 ], [ 1.84104948616003, 47.864885263742799 ], [ 1.8409404962295, 47.865178513911403 ], [ 1.84087004886517, 47.865360444571202 ], [ 1.84076116474096, 47.865642624553502 ], [ 1.84075699811941, 47.8656619351408 ], [ 1.84065180513978, 47.866148829934801 ], [ 1.84060671022288, 47.866345772174398 ], [ 1.84107941830585, 47.866407417062703 ], [ 1.84162240102653, 47.866479114652201 ], [ 1.84170794933631, 47.866187342840597 ], [ 1.84195861625324, 47.866230410657202 ], [ 1.84223808560272, 47.866277632474201 ], [ 1.84252821489769, 47.866326758935301 ], [ 1.8428770585185, 47.866388524774003 ], [ 1.84288010798456, 47.866377483852901 ], [ 1.84288823008856, 47.8663484913397 ], [ 1.8429062201754, 47.866284042944997 ], [ 1.84291581480841, 47.866248854391898 ], [ 1.84293573149387, 47.866175784211897 ], [ 1.84299437300023, 47.8660197483863 ], [ 1.84304292347198, 47.865890975484199 ], [ 1.84310703609002, 47.865717081915101 ], [ 1.84315385583501, 47.865594052404298 ], [ 1.84322936224448, 47.865394438748098 ], [ 1.84326189879344, 47.865306911580802 ], [ 1.84327672454678, 47.865228030602204 ], [ 1.8433306697391, 47.865072578301103 ], [ 1.84340916472198, 47.864858502631101 ], [ 1.84341555474552, 47.8648414640707 ], [ 1.84348412763637, 47.864628460630399 ], [ 1.84352053145352, 47.864516849291398 ], [ 1.84355827773798, 47.864398860586697 ], [ 1.84363314871795, 47.864166837355199 ], [ 1.84368168841094, 47.864019972328798 ], [ 1.84370863173108, 47.863925099197601 ], [ 1.84372725926243, 47.863862007007803 ], [ 1.84374587304134, 47.863799544734903 ], [ 1.84378863164746, 47.863666303915799 ], [ 1.84379981623366, 47.8636317609716 ], [ 1.84384620351534, 47.863442390754102 ], [ 1.84388646249168, 47.863313355632201 ], [ 1.84391606726762, 47.863212928135603 ], [ 1.84392704158881, 47.863181893420801 ], [ 1.84395970231283, 47.8630823960996 ], [ 1.84398757604033, 47.863000043173301 ], [ 1.84399043066234, 47.862991790541102 ], [ 1.8440795888105, 47.862742266019303 ], [ 1.84408440951325, 47.862729712357499 ], [ 1.84411255226814, 47.862647272030401 ], [ 1.84416004503716, 47.862480774587297 ], [ 1.84452134140541, 47.862546978977498 ], [ 1.84503709854246, 47.8626389150268 ], [ 1.84511783799095, 47.862653391025297 ], [ 1.84512780161607, 47.862613435432401 ], [ 1.84514192631279, 47.862572800728799 ], [ 1.84515264602947, 47.8625411333324 ], [ 1.84517501634835, 47.862484198282701 ], [ 1.8451996584606, 47.862415044465799 ], [ 1.8452618740148, 47.862241760860499 ], [ 1.8453375566859, 47.862027295950199 ], [ 1.8454065309923, 47.861844537875399 ], [ 1.84547299931014, 47.861660134936798 ], [ 1.84550116748159, 47.861582554949003 ] ] ], [ [ [ 1.85315380025234, 47.855862872007897 ], [ 1.85319786507772, 47.855748271954603 ], [ 1.85302858690411, 47.855697292422903 ], [ 1.85290793681758, 47.8556610994819 ], [ 1.85279898119294, 47.855628351087198 ], [ 1.85241733128508, 47.855515528077802 ], [ 1.85211328133029, 47.855425965250603 ], [ 1.85174225495711, 47.855316754283599 ], [ 1.85147780840946, 47.8552388284713 ], [ 1.85130717894761, 47.8551886432559 ], [ 1.8512299727038, 47.855165835163703 ], [ 1.8508916409842, 47.855066212486904 ], [ 1.85050230462652, 47.854950517575503 ], [ 1.85014366877742, 47.854843763089399 ], [ 1.84991020086047, 47.854774418102501 ], [ 1.84971269742429, 47.855020635300598 ], [ 1.84961041962578, 47.855149064700299 ], [ 1.84950195508289, 47.8552852640764 ], [ 1.84926167652987, 47.855585966184996 ], [ 1.84904868591698, 47.855849221921801 ], [ 1.84904047755721, 47.855863902789501 ], [ 1.84895577451296, 47.856020496658701 ], [ 1.84886263018295, 47.856190148871903 ], [ 1.84890138626461, 47.856234633322899 ], [ 1.84922722812686, 47.856275093543402 ], [ 1.84939248329136, 47.856295616231201 ], [ 1.84942582654913, 47.856299813615102 ], [ 1.84964923644707, 47.856327476897 ], [ 1.84989505114664, 47.8563580596525 ], [ 1.85002376420584, 47.856373902792498 ], [ 1.85008751907645, 47.856381818411798 ], [ 1.8504374555819, 47.856421341308803 ], [ 1.85077973229449, 47.856462588290903 ], [ 1.85079518605651, 47.856465349919297 ], [ 1.85087765201459, 47.8564800190128 ], [ 1.85094653032319, 47.856492214744499 ], [ 1.85104725803608, 47.856509672826299 ], [ 1.85132052595194, 47.856557173002898 ], [ 1.85170744171277, 47.856624596739998 ], [ 1.85241931702252, 47.856748843382 ], [ 1.85253338555684, 47.856767870808099 ], [ 1.8525761624927, 47.856774949820803 ], [ 1.8526610536801, 47.856788831293002 ], [ 1.85278112571638, 47.856808547248001 ], [ 1.85284329572061, 47.856648310135 ], [ 1.85315380025234, 47.855862872007897 ] ] ], [ [ [ 1.8491524769857, 47.855570763651897 ], [ 1.84923042037956, 47.855473058902597 ], [ 1.84894763605804, 47.855377485823603 ], [ 1.84855842337708, 47.855249994554498 ], [ 1.84799889782667, 47.855064124228797 ], [ 1.84770833374948, 47.854969821828902 ], [ 1.84710644553291, 47.854770479797097 ], [ 1.84677531101045, 47.854660114821399 ], [ 1.8466541698299, 47.854622200370699 ], [ 1.84663448752166, 47.8546602605321 ], [ 1.84657342403175, 47.854781081804298 ], [ 1.84644473275029, 47.855035530920297 ], [ 1.84631439474322, 47.855291853855597 ], [ 1.84620444604597, 47.855508323329197 ], [ 1.84616944858181, 47.855580346028098 ], [ 1.8462053296532, 47.855627773418703 ], [ 1.8465443016281, 47.855703833676102 ], [ 1.84720627392673, 47.855852553961697 ], [ 1.84744236153597, 47.8559059984972 ], [ 1.84767698274281, 47.855959248130503 ], [ 1.84791240081136, 47.856012775139497 ], [ 1.84805894162502, 47.856045177080603 ], [ 1.84815743654501, 47.856066846142397 ], [ 1.84844355249591, 47.856132210904804 ], [ 1.84874763393572, 47.8562017116367 ], [ 1.8489308892382, 47.855854276772199 ], [ 1.84894357896961, 47.855830278994503 ], [ 1.84911440740491, 47.855618094710898 ], [ 1.8491524769857, 47.855570763651897 ] ] ], [ [ [ 1.84855247649182, 47.856993401253199 ], [ 1.84857178974003, 47.856929144737698 ], [ 1.84855448352173, 47.856925464551203 ], [ 1.84831247193766, 47.856873584338999 ], [ 1.84828185525953, 47.856866983180801 ], [ 1.84779371010392, 47.856762190535399 ], [ 1.84784689160416, 47.856591606669198 ], [ 1.8478742180809, 47.8565032166536 ], [ 1.84788886114305, 47.856457006072901 ], [ 1.84789907632263, 47.856423803240403 ], [ 1.84799725835781, 47.856108297426097 ], [ 1.84800026520287, 47.856099146082201 ], [ 1.84791125767186, 47.856077840085199 ], [ 1.84674797655097, 47.855814926454201 ], [ 1.84662900705643, 47.855787744397396 ], [ 1.84652946901585, 47.855764893669999 ], [ 1.84649992480516, 47.855758212570301 ], [ 1.84639120213913, 47.855733381235403 ], [ 1.84617708219027, 47.8556845610428 ], [ 1.84611060211083, 47.855709829644397 ], [ 1.84605319546302, 47.855816105173403 ], [ 1.845955427455, 47.856001191180802 ], [ 1.84586459041601, 47.856175004200502 ], [ 1.84577164552009, 47.856353476844603 ], [ 1.84570220178122, 47.856459723754803 ], [ 1.84555699940724, 47.856685836597897 ], [ 1.84558501138708, 47.856732286624798 ], [ 1.84579969019435, 47.856786333824999 ], [ 1.84591221804311, 47.856814623431298 ], [ 1.84594161342311, 47.856822023273999 ], [ 1.84604522978836, 47.856848064882698 ], [ 1.84622812096717, 47.8568940578796 ], [ 1.8464162369088, 47.856939651919902 ], [ 1.84642784816447, 47.856940756186802 ], [ 1.84655975180555, 47.8569759863204 ], [ 1.84800708750888, 47.857376073633297 ], [ 1.84811609838266, 47.857406306743798 ], [ 1.84839806304326, 47.857484591953501 ], [ 1.84848072361058, 47.857200256526099 ], [ 1.84855247649182, 47.856993401253199 ] ] ], [ [ [ 1.83514027856185, 47.856473238624801 ], [ 1.83527712059381, 47.8561912497929 ], [ 1.83524381103278, 47.856142854418103 ], [ 1.83464305949638, 47.855941929389303 ], [ 1.83416753093382, 47.855781759563499 ], [ 1.83391808352308, 47.855697822419202 ], [ 1.83389817173508, 47.855691053856397 ], [ 1.83375691352539, 47.855643835190698 ], [ 1.8336330446451, 47.8556025498049 ], [ 1.83360237582461, 47.855592343915397 ], [ 1.83341172922033, 47.855528702211103 ], [ 1.8330961690933, 47.855422683729202 ], [ 1.83287513047996, 47.855348477818602 ], [ 1.83275936957874, 47.855309522374498 ], [ 1.83260073442559, 47.855255918778397 ], [ 1.83237917424135, 47.855181166669198 ], [ 1.83213425272498, 47.8550984408079 ], [ 1.83192895555586, 47.855032220551898 ], [ 1.83185783220605, 47.8550494241249 ], [ 1.83177425724633, 47.855164613312702 ], [ 1.83164621383644, 47.855404561877101 ], [ 1.83155162400567, 47.855582737387003 ], [ 1.83141645282144, 47.855836566037098 ], [ 1.831372371, 47.8559193850854 ], [ 1.83134293979308, 47.855974537336103 ], [ 1.83127550345832, 47.856103748255897 ], [ 1.831243806062, 47.856164638465202 ], [ 1.83120206402372, 47.856244420449698 ], [ 1.83114844800094, 47.856347216375397 ], [ 1.83111161111306, 47.856416786190302 ], [ 1.83103905818347, 47.8565535967196 ], [ 1.83099789985742, 47.856631134215903 ], [ 1.83097380706553, 47.856668517813503 ], [ 1.83107274805066, 47.856706137267402 ], [ 1.83121781014153, 47.856762847949497 ], [ 1.83154477650926, 47.856873395392597 ], [ 1.83191210113086, 47.8569975750315 ], [ 1.83191276374401, 47.856997851655201 ], [ 1.83219257212635, 47.857081825168599 ], [ 1.83233782504186, 47.8571238649062 ], [ 1.83202444742553, 47.857587530728097 ], [ 1.8315130973881, 47.857426093648002 ], [ 1.83144913246633, 47.857525096212598 ], [ 1.83141171750302, 47.8575844443289 ], [ 1.83127771544899, 47.857797015225103 ], [ 1.83097602757147, 47.857710481344803 ], [ 1.830316433813, 47.857521459228401 ], [ 1.83016774708807, 47.857702244423699 ], [ 1.8300439288616, 47.857852944477997 ], [ 1.83006699443207, 47.857898718917397 ], [ 1.83075603694634, 47.858147531616098 ], [ 1.83096611585464, 47.858221812120703 ], [ 1.83206415842064, 47.858610244808901 ], [ 1.83291386733621, 47.858912848881502 ], [ 1.83353124052077, 47.859131589095 ], [ 1.83371062862555, 47.859196918593597 ], [ 1.83375303487444, 47.859208681227102 ], [ 1.83382081495774, 47.859185592706602 ], [ 1.83393323224807, 47.8589507075 ], [ 1.83400836668933, 47.858793579122299 ], [ 1.83409877191098, 47.858610949983998 ], [ 1.83418778409933, 47.858430827162003 ], [ 1.83420753199763, 47.858390249480699 ], [ 1.83423554600548, 47.858332562281603 ], [ 1.8343962044948, 47.858001756624297 ], [ 1.83451756654174, 47.857755168478 ], [ 1.83454934008217, 47.857690677878303 ], [ 1.83458002609391, 47.857626986543202 ], [ 1.8346406977666, 47.857501037025997 ], [ 1.83469771901933, 47.857382971976499 ], [ 1.83474195671154, 47.857292862633599 ], [ 1.8348458165163, 47.8570819236974 ], [ 1.83490216042408, 47.8569642118361 ], [ 1.8349446296063, 47.856875434968799 ], [ 1.83514027856185, 47.856473238624801 ] ] ], [ [ [ 1.81038821074389, 47.854246454554897 ], [ 1.81049126398963, 47.853878461520303 ], [ 1.81043323295706, 47.853776522620102 ], [ 1.8103957642565, 47.8537596709659 ], [ 1.81013717106916, 47.853626354853503 ], [ 1.80993820889295, 47.853523526192298 ], [ 1.80974049983452, 47.853424490285803 ], [ 1.80930297214689, 47.853201957528903 ], [ 1.80886134783409, 47.852977401271303 ], [ 1.8088479935144, 47.852970604978601 ], [ 1.80870178085409, 47.8528951325344 ], [ 1.8086828717542, 47.852885579530302 ], [ 1.80860988921778, 47.852848294528897 ], [ 1.80812610955466, 47.852601524979903 ], [ 1.80761873169331, 47.852339841954297 ], [ 1.80739650300145, 47.852225431119699 ], [ 1.8072229682593, 47.852128166727198 ], [ 1.80717252027408, 47.8520998408409 ], [ 1.80669536884889, 47.851832430371601 ], [ 1.80616990776251, 47.8524359077729 ], [ 1.80614767264646, 47.852461334171998 ], [ 1.80612131539632, 47.852491669132803 ], [ 1.80585633834111, 47.852768181297002 ], [ 1.80577637391143, 47.852851256041298 ], [ 1.80527368778428, 47.8533746727459 ], [ 1.80508993072978, 47.853565511252597 ], [ 1.80494013148315, 47.853721051688197 ], [ 1.80496100162285, 47.853750427336799 ], [ 1.80528641215398, 47.853867513717603 ], [ 1.80585366273299, 47.854071579996997 ], [ 1.80592957179552, 47.854097645308599 ], [ 1.80628827459217, 47.854221188346202 ], [ 1.80651490208927, 47.854276959755502 ], [ 1.80700640379803, 47.854394560784101 ], [ 1.80709322976223, 47.854434777799099 ], [ 1.80716920536606, 47.854469843899203 ], [ 1.80719038164091, 47.854479690215904 ], [ 1.80737330054901, 47.854564358536898 ], [ 1.80754276897237, 47.854652490212402 ], [ 1.80767985016025, 47.854723820764001 ], [ 1.80790090023821, 47.854831648127998 ], [ 1.80818620668328, 47.854972441206201 ], [ 1.80824383909145, 47.854996609125898 ], [ 1.80848496670952, 47.855097798608199 ], [ 1.8084854954729, 47.855098074006499 ], [ 1.80882636948158, 47.8552419501058 ], [ 1.80916592038665, 47.855385271697898 ], [ 1.80941371991398, 47.855499218237703 ], [ 1.80944350317546, 47.855512931870301 ], [ 1.80955235250507, 47.8555612013052 ], [ 1.80977307528545, 47.855683963220997 ], [ 1.80994323932303, 47.855783169482898 ], [ 1.80997593793499, 47.855744347180497 ], [ 1.8100943556331, 47.855299642746999 ], [ 1.81009508460587, 47.855296949864503 ], [ 1.81015412309515, 47.855079186308998 ], [ 1.810165460715, 47.8550387071394 ], [ 1.81022726336161, 47.854816921139701 ], [ 1.81023860086981, 47.854776441956801 ], [ 1.81030152087907, 47.8545525070002 ], [ 1.81038821074389, 47.854246454554897 ] ] ], [ [ [ 1.83502612683832, 47.853975441162397 ], [ 1.83487538830021, 47.853939920775197 ], [ 1.83477946477775, 47.853917275887099 ], [ 1.8345125812576, 47.853854318732601 ], [ 1.83449808080156, 47.853850844339703 ], [ 1.83440473937966, 47.853826334608002 ], [ 1.8341756429312, 47.853766092353602 ], [ 1.83387087974184, 47.853686465654498 ], [ 1.83368525787382, 47.853637905694399 ], [ 1.83344937196121, 47.853576334371603 ], [ 1.83330310898042, 47.8535380661638 ], [ 1.83318529812364, 47.853507371495198 ], [ 1.83310745661494, 47.853526129155 ], [ 1.83300757787948, 47.853634946481598 ], [ 1.8326149849401, 47.854077574512402 ], [ 1.83250267356454, 47.8542043594611 ], [ 1.83237115686459, 47.854353095330197 ], [ 1.83213400007373, 47.8546717962871 ], [ 1.8320559504858, 47.854779029905998 ], [ 1.8319369502474, 47.854942291294101 ], [ 1.8319647741625, 47.854990633060901 ], [ 1.8324376425903, 47.855149525426697 ], [ 1.83255818267755, 47.8551900589082 ], [ 1.83291051186928, 47.855308505860897 ], [ 1.83354613185196, 47.855522657934102 ], [ 1.83356352287364, 47.855528501406802 ], [ 1.83364861603216, 47.855557250174797 ], [ 1.83380141549714, 47.855608724111299 ], [ 1.83390444075804, 47.855643051475901 ], [ 1.83414222834248, 47.8557220123067 ], [ 1.83432391140935, 47.855359102095399 ], [ 1.83439133990352, 47.855223768773399 ], [ 1.83502612683832, 47.853975441162397 ] ] ], [ [ [ 1.83035274699366, 47.851910126337103 ], [ 1.83029489396011, 47.851871385636002 ], [ 1.83025576247245, 47.851844802797501 ], [ 1.83003679307217, 47.851689603672597 ], [ 1.82989753489635, 47.851594695248998 ], [ 1.82967577250867, 47.851469260553898 ], [ 1.82948252860716, 47.851360491649203 ], [ 1.82891938257532, 47.851040289119801 ], [ 1.82862142743173, 47.850871247313897 ], [ 1.82850679339789, 47.850806016027903 ], [ 1.82840379177243, 47.850746931419899 ], [ 1.82811169645333, 47.850997569421402 ], [ 1.82757308691335, 47.8514569044994 ], [ 1.82728901680134, 47.8517010499707 ], [ 1.8271588447064, 47.851812709988202 ], [ 1.82683247391035, 47.852088924690001 ], [ 1.82669780842557, 47.852204139615502 ], [ 1.82647858265437, 47.852394026109799 ], [ 1.82603191512957, 47.852776235885202 ], [ 1.82565925793725, 47.853095008395997 ], [ 1.82561920455068, 47.853128360825103 ], [ 1.82549011250236, 47.853233189091597 ], [ 1.82552672077147, 47.853319424254998 ], [ 1.82559426778116, 47.853457994370601 ], [ 1.82569789975656, 47.853639949979502 ], [ 1.82579112169194, 47.8537967787627 ], [ 1.82586148917142, 47.853928806245698 ], [ 1.82594521329883, 47.854110022257998 ], [ 1.82596338886527, 47.854158989040599 ], [ 1.8259720979476, 47.854212721565901 ], [ 1.82596800490548, 47.854258765211497 ], [ 1.82595161568383, 47.8542863239607 ], [ 1.82589434176872, 47.854342456417399 ], [ 1.82582931146838, 47.854404631823499 ], [ 1.82594398526459, 47.854462215177499 ], [ 1.82608421751261, 47.854531215290798 ], [ 1.82619584252255, 47.854587597763498 ], [ 1.82629199539599, 47.8546360845557 ], [ 1.82632005305621, 47.8546130529461 ], [ 1.82652617306333, 47.854714304837998 ], [ 1.82673289224863, 47.854812682059901 ], [ 1.82678180242678, 47.8548385537378 ], [ 1.82690819051468, 47.854898683508502 ], [ 1.82695923019166, 47.854925026448598 ], [ 1.82706075637798, 47.854972486210002 ], [ 1.8271895120592, 47.855034439517503 ], [ 1.82717314975882, 47.8550486773674 ], [ 1.82734432518634, 47.855139767428703 ], [ 1.8270866009317, 47.8553526723163 ], [ 1.82668893808856, 47.855682898882201 ], [ 1.82666649485573, 47.855718137926203 ], [ 1.82661954758734, 47.855754752038401 ], [ 1.82682286163411, 47.855965156019003 ], [ 1.82696496633414, 47.855852625754501 ], [ 1.82698582269309, 47.8558347425082 ], [ 1.82707118406361, 47.855766379152499 ], [ 1.82736430203662, 47.855531415902597 ], [ 1.82772648432736, 47.855239176329803 ], [ 1.82819411220856, 47.854858970117597 ], [ 1.82837750497712, 47.854711387019002 ], [ 1.82838340260183, 47.854716846455901 ], [ 1.82766595072166, 47.855297617270303 ], [ 1.82740344535803, 47.855509034908003 ], [ 1.8272099721608, 47.855664706506097 ], [ 1.82716681277906, 47.855699378505797 ], [ 1.82682983087914, 47.855970536237699 ], [ 1.82704262391267, 47.856181754656198 ], [ 1.82710399131912, 47.856237093609501 ], [ 1.82715329211833, 47.856281690846899 ], [ 1.82734131927662, 47.8564517070335 ], [ 1.82733110649348, 47.8564599757728 ], [ 1.82742026664474, 47.856540704823701 ], [ 1.82754368564188, 47.856650759036398 ], [ 1.82757760139117, 47.856683501168803 ], [ 1.82775222257996, 47.856836911037398 ], [ 1.8279855378628, 47.857045722370401 ], [ 1.82800255918417, 47.857031941047602 ], [ 1.82842428400398, 47.856690159410803 ], [ 1.82863651459413, 47.856520811829697 ], [ 1.82883583538637, 47.856651964483397 ], [ 1.82901998602414, 47.856767573853297 ], [ 1.82902117353978, 47.856768305776903 ], [ 1.82908966441733, 47.8567129138968 ], [ 1.82917367749305, 47.856644985646597 ], [ 1.82953432717397, 47.856355425676398 ], [ 1.82978277301075, 47.856156734439402 ], [ 1.83024274921388, 47.855789675306497 ], [ 1.83010791297572, 47.855712093262703 ], [ 1.82984101185297, 47.855558666499498 ], [ 1.82955271560355, 47.855393054459903 ], [ 1.82929215424456, 47.855243380004303 ], [ 1.82913618973119, 47.855153704768099 ], [ 1.8287032945734, 47.854904829162301 ], [ 1.82857103890872, 47.854825650872002 ], [ 1.82861225259879, 47.8547881686493 ], [ 1.82856572443981, 47.854763401635402 ], [ 1.82864567453143, 47.854758349379701 ], [ 1.82886951450048, 47.8545715654463 ], [ 1.82916673124764, 47.8543259275284 ], [ 1.82935172500019, 47.854172238276597 ], [ 1.82951665717864, 47.854036800399101 ], [ 1.83005891169482, 47.853588474443498 ], [ 1.83029986927975, 47.853389077193398 ], [ 1.83013474552059, 47.853326854568998 ], [ 1.82998688031877, 47.853270384397902 ], [ 1.82995277895018, 47.853258253095703 ], [ 1.82987227689875, 47.853227747167502 ], [ 1.82980380688438, 47.853203481818497 ], [ 1.82961374295462, 47.853132188770402 ], [ 1.8295468795591, 47.853107849288101 ], [ 1.82952568185184, 47.853098816902303 ], [ 1.82930880961947, 47.853018254957099 ], [ 1.82929386215917, 47.8530108150564 ], [ 1.82925045766881, 47.8529960704494 ], [ 1.82940652019721, 47.852832101297501 ], [ 1.82966045523636, 47.852565598040798 ], [ 1.82986405166601, 47.852350167276803 ], [ 1.8298321487831, 47.852305024540698 ], [ 1.8297918132128, 47.852248096497597 ], [ 1.82989050048938, 47.852151061081003 ], [ 1.82996118554138, 47.852183989368697 ], [ 1.83003001674715, 47.852216089041299 ], [ 1.83035274699366, 47.851910126337103 ] ] ], [ [ [ 1.81881833257628, 47.855730740040599 ], [ 1.81885534234269, 47.855353254667001 ], [ 1.81885510584999, 47.855333810328297 ], [ 1.81883950158658, 47.855229602738 ], [ 1.81881600208152, 47.855023335359 ], [ 1.81880858099776, 47.854936041836801 ], [ 1.81880125239313, 47.854874671858298 ], [ 1.81875517314429, 47.854480958127198 ], [ 1.81869341955512, 47.854347212813401 ], [ 1.81868027432658, 47.854318907587498 ], [ 1.81856607830689, 47.854071762630802 ], [ 1.8184892691553, 47.853905462249898 ], [ 1.81841484273654, 47.853746296520598 ], [ 1.81832764299788, 47.853560179326898 ], [ 1.81829483076787, 47.853490181703499 ], [ 1.8182551289968, 47.853405263149803 ], [ 1.81813509266711, 47.853024035077297 ], [ 1.81793262993483, 47.852380589424897 ], [ 1.81793085306464, 47.852364279848203 ], [ 1.81787928428524, 47.852356019396098 ], [ 1.81707915364606, 47.8529105113114 ], [ 1.81662877892349, 47.853221721251501 ], [ 1.81621832824681, 47.853505429491797 ], [ 1.81545272295459, 47.854033345934603 ], [ 1.81546191275805, 47.854083033791902 ], [ 1.81559260145779, 47.854153570407199 ], [ 1.81611137470831, 47.854434505048602 ], [ 1.8165826114055, 47.854688405069702 ], [ 1.81665753948187, 47.854728764924602 ], [ 1.81685959582657, 47.854837553748901 ], [ 1.81720992029048, 47.855026415155997 ], [ 1.81747541410963, 47.855169235835596 ], [ 1.81750197433732, 47.855183634990198 ], [ 1.81798683582773, 47.8554448671862 ], [ 1.8180399608532, 47.855473485275297 ], [ 1.81811898797723, 47.855516045672204 ], [ 1.81829699802646, 47.855611898375798 ], [ 1.81838554032402, 47.855659594938601 ], [ 1.81876257424509, 47.855862671930197 ], [ 1.81880727477697, 47.855849170610199 ], [ 1.81881833257628, 47.855730740040599 ] ] ], [ [ [ 1.83305160599481, 47.853481289199102 ], [ 1.83313873802344, 47.853386566449402 ], [ 1.83313313250402, 47.8533312452114 ], [ 1.83259150296328, 47.853058439819499 ], [ 1.83242484655738, 47.852974603020897 ], [ 1.83166508452966, 47.852587560729603 ], [ 1.8315554257999, 47.852532913167003 ], [ 1.83153426755212, 47.852522081355303 ], [ 1.83151826418444, 47.852514001156798 ], [ 1.83143896446706, 47.852520051918098 ], [ 1.83131379627341, 47.852623395435401 ], [ 1.83122376507519, 47.8526978359833 ], [ 1.83114572079791, 47.852762314892999 ], [ 1.83102422468093, 47.852862814399003 ], [ 1.83086595420393, 47.8529936403405 ], [ 1.83075984821534, 47.853081421667802 ], [ 1.83052625613899, 47.853274412649803 ], [ 1.83028530190401, 47.853473720389097 ], [ 1.83006260057629, 47.853657818134899 ], [ 1.82994722985667, 47.853753247091902 ], [ 1.82979290276003, 47.853880870579403 ], [ 1.82968202448484, 47.853972653719197 ], [ 1.8296328504401, 47.854013387235298 ], [ 1.82936111176153, 47.854237858458802 ], [ 1.82909658791182, 47.854456460469102 ], [ 1.82898121372392, 47.854551888431502 ], [ 1.82892127773264, 47.854601515111902 ], [ 1.82869099028242, 47.854789584899002 ], [ 1.8286992328641, 47.854840342221202 ], [ 1.82908735085168, 47.855063838473001 ], [ 1.82979115620488, 47.855472390747202 ], [ 1.83048648147517, 47.855871763163002 ], [ 1.83111248371497, 47.856231196732203 ], [ 1.83118920557479, 47.856087226968 ], [ 1.83128483242189, 47.8559045616718 ], [ 1.83132667104242, 47.8558203701755 ], [ 1.83134899026224, 47.855778468383903 ], [ 1.83141287952702, 47.855658492979998 ], [ 1.83163696598039, 47.855235163133202 ], [ 1.83164879387447, 47.855214218859302 ], [ 1.83168066268519, 47.855157650649097 ], [ 1.83169068115968, 47.855139928669203 ], [ 1.83175383889403, 47.855053159034298 ], [ 1.83188053111959, 47.854880703513203 ], [ 1.83196578303235, 47.854762200605798 ], [ 1.83212912394167, 47.854546815423298 ], [ 1.83229123327663, 47.8543265572604 ], [ 1.83230034239783, 47.8543136866518 ], [ 1.83260253649084, 47.853980691067697 ], [ 1.83261199320931, 47.853970254133003 ], [ 1.83270244437846, 47.853870614258597 ], [ 1.83274673293693, 47.853820829975199 ], [ 1.83283052353354, 47.8537260742144 ], [ 1.83292598078811, 47.853617663095797 ], [ 1.83305160599481, 47.853481289199102 ] ] ], [ [ [ 1.80926430272983, 47.855906613575598 ], [ 1.80950574020419, 47.855618154170301 ], [ 1.80911320377888, 47.8554400922391 ], [ 1.80906561509905, 47.855421247258498 ], [ 1.80881035198211, 47.855312174690397 ], [ 1.80866371275751, 47.855249479348302 ], [ 1.80828446047837, 47.855087571100398 ], [ 1.80813501471148, 47.855024846566302 ], [ 1.80805282424171, 47.8549865676476 ], [ 1.80772478814417, 47.854824997879902 ], [ 1.80761949903392, 47.854773162511897 ], [ 1.80752792703182, 47.854723896731699 ], [ 1.80747532303506, 47.854696179194598 ], [ 1.80731486559191, 47.854611739409599 ], [ 1.80728826801618, 47.854599137719298 ], [ 1.80719682263618, 47.854556173608202 ], [ 1.80711103571616, 47.854517317380797 ], [ 1.80700327450319, 47.854468426607603 ], [ 1.80697772447027, 47.854456825599897 ], [ 1.80696355972402, 47.854450380895301 ], [ 1.80667170181338, 47.854381255527201 ], [ 1.80658643113056, 47.8543611260964 ], [ 1.80633302610669, 47.854300761919198 ], [ 1.80629830977208, 47.854292397835401 ], [ 1.80625747145596, 47.854282711313999 ], [ 1.80607940601884, 47.854220232905497 ], [ 1.80594393370548, 47.8541726792715 ], [ 1.80583473031469, 47.8541344838304 ], [ 1.80580773626838, 47.854121697740297 ], [ 1.80551644376888, 47.854021611987001 ], [ 1.80528031259708, 47.853936578795299 ], [ 1.80497188382642, 47.853825516010197 ], [ 1.80491643602295, 47.853805419116298 ], [ 1.80485706504518, 47.853817055539103 ], [ 1.80468710104282, 47.854036656899197 ], [ 1.80456813936593, 47.8541647881665 ], [ 1.80452308264803, 47.8542118539618 ], [ 1.8045041880926, 47.854207610989697 ], [ 1.80444204797516, 47.854265033753698 ], [ 1.80433237312958, 47.854366706659199 ], [ 1.80431540929135, 47.854377694918298 ], [ 1.80426393857169, 47.854430455836997 ], [ 1.80427533370722, 47.854435162463098 ], [ 1.80424781158473, 47.854463684928298 ], [ 1.80422713249808, 47.854485256409397 ], [ 1.80412011280773, 47.854611528730402 ], [ 1.80405620737851, 47.854676044028601 ], [ 1.80392415200826, 47.854809441700503 ], [ 1.80390964931504, 47.854823965358001 ], [ 1.80389828660549, 47.854835640729704 ], [ 1.80377552485898, 47.854960132052099 ], [ 1.80373721069435, 47.854998715403603 ], [ 1.80365629151308, 47.855082318982497 ], [ 1.80340032206293, 47.855325883877001 ], [ 1.80406915287377, 47.855616143404497 ], [ 1.80399683701009, 47.855697764682901 ], [ 1.80381434565434, 47.855891224233702 ], [ 1.80378363384173, 47.855918813959498 ], [ 1.80364444167413, 47.856042327473801 ], [ 1.80341484000249, 47.855940255509701 ], [ 1.80332962005407, 47.856018774449502 ], [ 1.80324481095691, 47.856114669310699 ], [ 1.80318443172648, 47.856176879836497 ], [ 1.80315020244998, 47.856212174311302 ], [ 1.80292964384728, 47.856432966967603 ], [ 1.80317333037067, 47.856556965773699 ], [ 1.80364541951799, 47.856800845539503 ], [ 1.8038107641706, 47.856882099725503 ], [ 1.80385472190854, 47.856901809898801 ], [ 1.80397509228805, 47.856955062456599 ], [ 1.80399783903451, 47.8569664554987 ], [ 1.80413913728808, 47.857034682746601 ], [ 1.80430326573033, 47.857104672662501 ], [ 1.80443167585059, 47.857163227211501 ], [ 1.80462855609333, 47.857251732284503 ], [ 1.80474603084273, 47.857297033710502 ], [ 1.80476207206099, 47.857303317766302 ], [ 1.80490652226189, 47.857362305222502 ], [ 1.80502585976003, 47.857425897201601 ], [ 1.80514780699463, 47.857492395927501 ], [ 1.80524329054671, 47.857575996791702 ], [ 1.80529881632147, 47.857628497542699 ], [ 1.80532824750461, 47.857651929606902 ], [ 1.80539438456114, 47.857684556328799 ], [ 1.80543684036625, 47.857705690740502 ], [ 1.80554190173232, 47.857744024247303 ], [ 1.8060568432489, 47.857914972753399 ], [ 1.80655334066267, 47.858061698887198 ], [ 1.80742967271217, 47.858369170435303 ], [ 1.80769242502981, 47.858526476665098 ], [ 1.80796054085284, 47.858397067840897 ], [ 1.80807431108182, 47.858339447822999 ], [ 1.80811607325888, 47.858308098895002 ], [ 1.80810922922199, 47.858303168873498 ], [ 1.80798961364172, 47.858227876112799 ], [ 1.80796824703031, 47.858214517690001 ], [ 1.80791035096561, 47.858178105797997 ], [ 1.80801244402111, 47.858104435572699 ], [ 1.80802121957673, 47.858094803750603 ], [ 1.8079499655155, 47.858069597302197 ], [ 1.80791572835006, 47.858057638247601 ], [ 1.80772619445765, 47.858004947095601 ], [ 1.807788057255, 47.857834738466501 ], [ 1.80786283833622, 47.857708675525799 ], [ 1.80807240872339, 47.8577743513382 ], [ 1.80814425784183, 47.857796863491799 ], [ 1.80820602622006, 47.857702351350703 ], [ 1.80863995520541, 47.8578303411782 ], [ 1.80864959485677, 47.857811987200598 ], [ 1.80873067294722, 47.857691298208898 ], [ 1.80879501696853, 47.857595191753099 ], [ 1.80870925591845, 47.8575728087568 ], [ 1.8082691529959, 47.857457807755203 ], [ 1.80724884963644, 47.857195503304197 ], [ 1.80736170576473, 47.856981888771102 ], [ 1.80794126235853, 47.857110191549403 ], [ 1.80821324196458, 47.857171910812397 ], [ 1.8082559526773, 47.857086295941002 ], [ 1.80842084988122, 47.856853857089803 ], [ 1.80854002026518, 47.856895211523202 ], [ 1.8086572662932, 47.856742036499099 ], [ 1.80870300707143, 47.856682284855196 ], [ 1.80879521535806, 47.856560178624001 ], [ 1.80890561721137, 47.856413954557503 ], [ 1.80893676693987, 47.856372686573899 ], [ 1.80867156999518, 47.856277014331198 ], [ 1.808747827251, 47.8562101917936 ], [ 1.80894476645121, 47.856284288765401 ], [ 1.80906650111351, 47.856169412779302 ], [ 1.80916356248406, 47.8560753483643 ], [ 1.80922918343102, 47.856011657878597 ], [ 1.80919897664437, 47.85599893 ], [ 1.80920695948156, 47.855988839990601 ], [ 1.80926668586737, 47.855913658481697 ], [ 1.80926430272983, 47.855906613575598 ] ] ], [ [ [ 1.8186792982287, 47.857767863731297 ], [ 1.81905414941181, 47.857961556466499 ], [ 1.81903736230885, 47.857904501845297 ], [ 1.81893912776479, 47.8575886616972 ], [ 1.81890854681216, 47.8574903340878 ], [ 1.81890020636218, 47.857420313165903 ], [ 1.81886594481902, 47.857138600221603 ], [ 1.8188187179041, 47.856778358851599 ], [ 1.81880830466891, 47.856699316122899 ], [ 1.81876243203544, 47.856368431202903 ], [ 1.81875896185081, 47.856326002017497 ], [ 1.81879285932592, 47.855986289242097 ], [ 1.81875607916735, 47.855926242919203 ], [ 1.81874960556433, 47.855922667383801 ], [ 1.81846019787794, 47.855766377545102 ], [ 1.81825311594258, 47.855654750699898 ], [ 1.81809044154314, 47.855566883225599 ], [ 1.81761574155718, 47.855311694509503 ], [ 1.8173224951461, 47.855153922905401 ], [ 1.81717659795211, 47.855075494182103 ], [ 1.81689313003114, 47.854923130587899 ], [ 1.81660385091937, 47.854767557338299 ], [ 1.8155292086123, 47.854189744109 ], [ 1.8154031392934, 47.854121954346603 ], [ 1.81523703015536, 47.854032607911002 ], [ 1.81513118315251, 47.853975553150697 ], [ 1.81459889650323, 47.8536893469254 ], [ 1.81440517189902, 47.853585138710997 ], [ 1.81419969380224, 47.853456328840998 ], [ 1.81357800009248, 47.853078124614001 ], [ 1.8134963292625, 47.853028513561 ], [ 1.81333745143324, 47.852933026811698 ], [ 1.8131853646658, 47.8528388686724 ], [ 1.8129533406744, 47.852695386443699 ], [ 1.81284893828783, 47.852633753671498 ], [ 1.81281516390412, 47.852613159773902 ], [ 1.81259985005867, 47.852481997176803 ], [ 1.81229311385541, 47.852294912859897 ], [ 1.81199165525965, 47.852111121484 ], [ 1.81154547595938, 47.851839004131797 ], [ 1.81137964410159, 47.851737863557702 ], [ 1.81092713625668, 47.851461989219302 ], [ 1.81085561424273, 47.851467024805302 ], [ 1.81046482780471, 47.8518452425647 ], [ 1.81016268425879, 47.852301676187899 ], [ 1.81015282697602, 47.852383574740998 ], [ 1.81021986787885, 47.852530969984201 ], [ 1.81030091891352, 47.852709650495598 ], [ 1.81032769013748, 47.852768248055902 ], [ 1.81037380577975, 47.852912550654302 ], [ 1.81039642872851, 47.8529891979979 ], [ 1.81038368652803, 47.853211931871499 ], [ 1.81037054185304, 47.853440692258097 ], [ 1.81037004928602, 47.853486592009602 ], [ 1.81048374830507, 47.853545080902798 ], [ 1.81081188515349, 47.853714114864403 ], [ 1.81108502651454, 47.853854777647598 ], [ 1.81119462464511, 47.853911334066701 ], [ 1.81144344267849, 47.854039418218399 ], [ 1.81176788221855, 47.854206611750399 ], [ 1.81186333663203, 47.854255823517597 ], [ 1.81246423383506, 47.854565329024702 ], [ 1.81252848752458, 47.8545984727687 ], [ 1.8129456167117, 47.854813315891803 ], [ 1.81349906112433, 47.855098393260199 ], [ 1.81364819802195, 47.855175239207298 ], [ 1.81366585124765, 47.8551872089282 ], [ 1.81373364615292, 47.8552235381161 ], [ 1.8139067553314, 47.855310887169502 ], [ 1.81427736550511, 47.855501312588402 ], [ 1.81500181580179, 47.8558728994566 ], [ 1.81529956991321, 47.856026311899903 ], [ 1.81558396975792, 47.856172928060602 ], [ 1.81573390490155, 47.856250229351502 ], [ 1.81603562835408, 47.856405750127699 ], [ 1.81667835109636, 47.856736987408098 ], [ 1.81688950530917, 47.856845957750402 ], [ 1.8171852867183, 47.8569983552172 ], [ 1.81756754268045, 47.857195367878496 ], [ 1.81786650298683, 47.857349325749901 ], [ 1.81805568833488, 47.8574480815426 ], [ 1.81835150245367, 47.857599306161298 ], [ 1.81851468467957, 47.8576826777688 ], [ 1.8186792982287, 47.857767863731297 ] ] ], [ [ [ 1.82846332836187, 47.858540679789101 ], [ 1.82859346696918, 47.858419027323102 ], [ 1.82846163080898, 47.858362895584698 ], [ 1.82841273718969, 47.858342155364802 ], [ 1.8284410700478, 47.858324886595298 ], [ 1.82821342120838, 47.858180219229602 ], [ 1.82819091415071, 47.858200156388598 ], [ 1.82794564821961, 47.8584176877674 ], [ 1.82730278263868, 47.858082821658101 ], [ 1.82735733123991, 47.858029091608202 ], [ 1.82758648285128, 47.8577963689009 ], [ 1.82774546853382, 47.857634141607001 ], [ 1.82759838889676, 47.857584067136301 ], [ 1.82725614773645, 47.8574204308334 ], [ 1.82751530444781, 47.857191518484498 ], [ 1.82737349454978, 47.857120884350202 ], [ 1.82736539981891, 47.857118013166797 ], [ 1.82724568743977, 47.857058130775897 ], [ 1.82720841350186, 47.8570866509978 ], [ 1.82712162820485, 47.857049779862201 ], [ 1.82718863806483, 47.8569888837322 ], [ 1.82717262209603, 47.856981342895999 ], [ 1.82719182863649, 47.856965513330998 ], [ 1.82718336061676, 47.856961378279003 ], [ 1.82718625391409, 47.856957536823302 ], [ 1.82723853105508, 47.856909724678999 ], [ 1.82732958836607, 47.856849968943799 ], [ 1.82737394599896, 47.856815578902797 ], [ 1.82736428453777, 47.856810981890298 ], [ 1.82748955370756, 47.856722045089299 ], [ 1.82734207841268, 47.856586997933299 ], [ 1.82730911338335, 47.856559665763498 ], [ 1.82721670798309, 47.856474493751399 ], [ 1.82714926906686, 47.856415493815099 ], [ 1.82710811303646, 47.856377548657598 ], [ 1.8269572546501, 47.856238326739501 ], [ 1.82691241865719, 47.856197464426302 ], [ 1.82680650453164, 47.8560760634155 ], [ 1.82676404313547, 47.856030634332498 ], [ 1.82670896930241, 47.8559628468958 ], [ 1.82669003285057, 47.8559422254868 ], [ 1.82658020450159, 47.855822495264697 ], [ 1.82646996528277, 47.8557213926616 ], [ 1.82624056705871, 47.8555113571013 ], [ 1.82613829035151, 47.855419154698097 ], [ 1.82611789600253, 47.8554040091432 ], [ 1.82598710026276, 47.855307290801797 ], [ 1.82583683282585, 47.8551960659942 ], [ 1.82568774947291, 47.855085752923003 ], [ 1.82567986441379, 47.855079463374203 ], [ 1.82555113748658, 47.854979974943497 ], [ 1.82547776364557, 47.854923434791999 ], [ 1.82530711683728, 47.854802554277398 ], [ 1.82521270344921, 47.854735902281099 ], [ 1.82508731166961, 47.854648957953501 ], [ 1.82487433297413, 47.854501190149598 ], [ 1.82483411671785, 47.854475314741599 ], [ 1.82477953385344, 47.854439934458703 ], [ 1.82462659605374, 47.854340832460402 ], [ 1.8244572054705, 47.854241925419103 ], [ 1.82399008301762, 47.853969826707697 ], [ 1.82386597881379, 47.853897385362998 ], [ 1.82365607663462, 47.853774038519497 ], [ 1.82362426102339, 47.853755357629197 ], [ 1.82330769780254, 47.853605377919799 ], [ 1.8231236132945, 47.853518022652302 ], [ 1.82305122050092, 47.853483812985097 ], [ 1.82288857302476, 47.853406753426803 ], [ 1.82265988953394, 47.853298337794101 ], [ 1.82265750885208, 47.853297143782498 ], [ 1.8223990170662, 47.853176097206898 ], [ 1.82234925251792, 47.853152735318297 ], [ 1.82229869379323, 47.853129005398401 ], [ 1.82219572064306, 47.853080806785897 ], [ 1.82205621968017, 47.853015409585502 ], [ 1.82190110016935, 47.852942744638497 ], [ 1.82180820307057, 47.852898517257998 ], [ 1.82176943030609, 47.852880035995597 ], [ 1.82137710658391, 47.8526733942467 ], [ 1.82109410635235, 47.852524105591897 ], [ 1.82103951395004, 47.8524953840666 ], [ 1.82099457174428, 47.852471710010597 ], [ 1.8209381038253, 47.852431088374203 ], [ 1.82083688163404, 47.852358333614703 ], [ 1.82071459962643, 47.852270425522697 ], [ 1.82047068933073, 47.852095335577303 ], [ 1.82009804343974, 47.8518280409737 ], [ 1.82000996554236, 47.8517596480959 ], [ 1.81961728932207, 47.851455156571397 ], [ 1.81922139563937, 47.851729030766002 ], [ 1.81884919878596, 47.851989460823397 ], [ 1.81872409001348, 47.852077040154803 ], [ 1.81807406446447, 47.852527109415902 ], [ 1.81817834621737, 47.852853003316 ], [ 1.81818522536473, 47.852874404801703 ], [ 1.81823886409385, 47.853042182264701 ], [ 1.81827498984831, 47.853155597734201 ], [ 1.81834785029201, 47.853385135021803 ], [ 1.81844923597019, 47.853606858714997 ], [ 1.8184967995052, 47.853711118329102 ], [ 1.81853824366545, 47.853801904922598 ], [ 1.81859622525117, 47.853924811287001 ], [ 1.81869698281521, 47.854138787564601 ], [ 1.8188496799602, 47.854464807978097 ], [ 1.81886196283544, 47.854580053294598 ], [ 1.81887016478251, 47.854656283574101 ], [ 1.81888214063962, 47.854767295356098 ], [ 1.81891838821861, 47.855091963026297 ], [ 1.81892248926918, 47.855130078153103 ], [ 1.81893471904775, 47.855235691909201 ], [ 1.8189470942853, 47.855346797674102 ], [ 1.81892211376749, 47.855622333922199 ], [ 1.81891182675551, 47.855736181805398 ], [ 1.81889601753489, 47.855936022719703 ], [ 1.81901460918696, 47.855979610873398 ], [ 1.81917339822646, 47.856037824941502 ], [ 1.8191913066663, 47.856044395837202 ], [ 1.81949946663161, 47.856157398158302 ], [ 1.81980757614151, 47.8562667087728 ], [ 1.82003283483416, 47.856348992653302 ], [ 1.82011335594551, 47.856378605388301 ], [ 1.82019388314037, 47.856407948101001 ], [ 1.82056546643947, 47.856543817580899 ], [ 1.82071060074978, 47.856596761725903 ], [ 1.8209736736387, 47.856692745192099 ], [ 1.82115304006805, 47.856758003994003 ], [ 1.82132325089266, 47.856820020215899 ], [ 1.82151614672973, 47.856890364869301 ], [ 1.82168860352125, 47.8569536632343 ], [ 1.82197102994681, 47.857057579557399 ], [ 1.82226663580298, 47.857230664322202 ], [ 1.82233621540555, 47.857271326753697 ], [ 1.82247721696079, 47.857354020111998 ], [ 1.82287778247248, 47.857588822689998 ], [ 1.82300399744704, 47.857662906186299 ], [ 1.82311872738873, 47.857730213672703 ], [ 1.82319029005079, 47.857771975572 ], [ 1.82332905504442, 47.857853115270501 ], [ 1.82359852949145, 47.858010812933202 ], [ 1.82364922938405, 47.858040484171603 ], [ 1.82371273405735, 47.858077754506503 ], [ 1.82385928808661, 47.858163562092798 ], [ 1.82400902778935, 47.858250481525403 ], [ 1.82424381169074, 47.858386497805903 ], [ 1.82433580098138, 47.858442055011501 ], [ 1.82437449905962, 47.8584641349196 ], [ 1.82475787333495, 47.858684807128498 ], [ 1.82494091982371, 47.858789790684803 ], [ 1.82503105844396, 47.858844428694397 ], [ 1.82517351733703, 47.858928123343702 ], [ 1.82526504529948, 47.858980434849002 ], [ 1.82544688043162, 47.859085855491998 ], [ 1.82547221747607, 47.859101320627197 ], [ 1.82584403487746, 47.859264357833098 ], [ 1.82604563461733, 47.8593530536697 ], [ 1.82660062965432, 47.8595973988756 ], [ 1.82695496236276, 47.859753056875903 ], [ 1.82716279487259, 47.859844333291001 ], [ 1.82732999828053, 47.859679758595703 ], [ 1.82737595558621, 47.859633593437898 ], [ 1.82750652762883, 47.859504655831699 ], [ 1.8275724697348, 47.859437718290003 ], [ 1.8276347080447, 47.859374974108498 ], [ 1.82782487501208, 47.859206037713598 ], [ 1.82786501298167, 47.859168995106401 ], [ 1.82801709140336, 47.8590290206945 ], [ 1.82832517039586, 47.858740919645101 ], [ 1.82848834897142, 47.858588724271698 ], [ 1.82844303485095, 47.858563339358597 ], [ 1.82846332836187, 47.858540679789101 ] ] ], [ [ [ 1.8162692269391, 47.858424849004898 ], [ 1.81729152433129, 47.857314637776298 ], [ 1.81713893576516, 47.857236141707197 ], [ 1.81677280727486, 47.857047661137202 ], [ 1.81644872374569, 47.856881025704297 ], [ 1.81633460989888, 47.856822538659401 ], [ 1.8160868166647, 47.8566953757731 ], [ 1.81579499317419, 47.856545625675501 ], [ 1.81558501969352, 47.856437835347997 ], [ 1.8153405346137, 47.856312414392001 ], [ 1.8150939334475, 47.856185981432901 ], [ 1.8150107608289, 47.856143467136498 ], [ 1.81487430657694, 47.856073411807301 ], [ 1.81472633663009, 47.855998019438402 ], [ 1.81435892832127, 47.8558077179135 ], [ 1.81404715597276, 47.855647410625998 ], [ 1.81365936884827, 47.855447629863299 ], [ 1.81346711152334, 47.855349375695603 ], [ 1.81330411023803, 47.855264558484997 ], [ 1.81314426210485, 47.855182293195902 ], [ 1.81287771125456, 47.8550453925087 ], [ 1.81245619846786, 47.854829154676104 ], [ 1.81242552313003, 47.854813452573701 ], [ 1.81226764705998, 47.854732826170199 ], [ 1.81208796593029, 47.854640547576501 ], [ 1.81194877600762, 47.8545675807081 ], [ 1.81180942861989, 47.854495692183399 ], [ 1.8114977872477, 47.854336189252002 ], [ 1.81106574861273, 47.854112728847902 ], [ 1.81107079020018, 47.854108549508801 ], [ 1.81083047525918, 47.8539829810124 ], [ 1.81068573173928, 47.853907346016499 ], [ 1.81066623475505, 47.853900127626098 ], [ 1.8105766943122, 47.853921362077898 ], [ 1.81045994429453, 47.854345652093997 ], [ 1.81041304112823, 47.8545053029492 ], [ 1.81037085481641, 47.854657350820503 ], [ 1.81035910423781, 47.854698365884303 ], [ 1.81031728978408, 47.854845737012901 ], [ 1.81026901794448, 47.855018695258302 ], [ 1.810433533984, 47.855095341275501 ], [ 1.81056641339681, 47.855157444838198 ], [ 1.81072801699006, 47.855232800769301 ], [ 1.81077354816257, 47.855253964455301 ], [ 1.81085851859819, 47.855293619755102 ], [ 1.8107385130063, 47.855433087639398 ], [ 1.81072546866337, 47.855448256965303 ], [ 1.81057430356012, 47.8556235024759 ], [ 1.81052048303031, 47.855685873208699 ], [ 1.81052492428045, 47.855690598717501 ], [ 1.81063668474286, 47.855806043493303 ], [ 1.8106919614647, 47.855863849727399 ], [ 1.8106960177385, 47.855867851252697 ], [ 1.81075350402078, 47.855904617708198 ], [ 1.81084459010999, 47.855963866977902 ], [ 1.81088347569854, 47.855989193673103 ], [ 1.81106930696464, 47.856075685747399 ], [ 1.81123366320062, 47.8561656502849 ], [ 1.81156584192361, 47.855769672204303 ], [ 1.81194196920733, 47.8559368215194 ], [ 1.81177982687849, 47.856100706195598 ], [ 1.81158350409256, 47.856297907812703 ], [ 1.81170515911029, 47.856323892640098 ], [ 1.81190053546308, 47.856336492534901 ], [ 1.81173831802062, 47.856521618521299 ], [ 1.81185187450962, 47.856562912718402 ], [ 1.81154466962272, 47.856910116489701 ], [ 1.81162201294045, 47.8569441133358 ], [ 1.81176702966415, 47.8570079585202 ], [ 1.81194263981478, 47.857085254667098 ], [ 1.81214540141062, 47.8571744366294 ], [ 1.81252628585098, 47.857342289047203 ], [ 1.81284648825289, 47.857484683657198 ], [ 1.81317836444075, 47.8576314258843 ], [ 1.81322631347521, 47.857652252981502 ], [ 1.8133838024015, 47.857720722719598 ], [ 1.81349968422467, 47.857771849757299 ], [ 1.81361623773501, 47.8578168628556 ], [ 1.81388660889616, 47.857921126835699 ], [ 1.81409346344411, 47.858000985766303 ], [ 1.81415260879879, 47.858023545811498 ], [ 1.81437924465164, 47.8581099948087 ], [ 1.81469592703037, 47.858230746481702 ], [ 1.81495465814087, 47.858329399783202 ], [ 1.81543886020247, 47.858512957477501 ], [ 1.81546551783797, 47.858523037607398 ], [ 1.8158367648638, 47.858656128195399 ], [ 1.8160042116941, 47.858716143971499 ], [ 1.81601737099997, 47.858701785335498 ], [ 1.8162692269391, 47.858424849004898 ] ] ], [ [ [ 1.82723771927055, 47.860564251480199 ], [ 1.82733364504981, 47.860472051350101 ], [ 1.82680978970874, 47.860228201266096 ], [ 1.8267667646766, 47.860208149137499 ], [ 1.82709443176366, 47.859881543528303 ], [ 1.82666325574671, 47.859692804374497 ], [ 1.826494397323, 47.859617308379804 ], [ 1.82635756268619, 47.859557343961598 ], [ 1.82615608741448, 47.859469009964798 ], [ 1.8255398803543, 47.859198667387098 ], [ 1.82542355484462, 47.859148808112302 ], [ 1.82533353310456, 47.859094891663602 ], [ 1.82492025610686, 47.858853309933899 ], [ 1.82472221287917, 47.858737015031203 ], [ 1.82461050438054, 47.858671989685099 ], [ 1.82445459742874, 47.8585796087403 ], [ 1.82420028944319, 47.858431336059397 ], [ 1.82400884139183, 47.8583193364043 ], [ 1.82384077241686, 47.858220622084502 ], [ 1.8235076878044, 47.858024303412002 ], [ 1.82328576780332, 47.8578933651076 ], [ 1.82316306244732, 47.8578238175823 ], [ 1.82283799366232, 47.857634147968199 ], [ 1.82245948041554, 47.857412077842802 ], [ 1.82225260305888, 47.8572905593876 ], [ 1.82206752942325, 47.857180960631702 ], [ 1.8219195241577, 47.857094506066097 ], [ 1.82172834930384, 47.857024899453201 ], [ 1.82155280494975, 47.856962110191198 ], [ 1.82085815130598, 47.8567095859297 ], [ 1.82062461986605, 47.856626320424397 ], [ 1.82047270639494, 47.856571507835199 ], [ 1.82005416424212, 47.856418334086399 ], [ 1.81927332103988, 47.856133160116798 ], [ 1.8191893143905, 47.856103961754698 ], [ 1.81888890037846, 47.855991486636398 ], [ 1.8188520082495, 47.856327568921401 ], [ 1.8188713162478, 47.8564817687258 ], [ 1.81888456789725, 47.856589552905298 ], [ 1.81891622650243, 47.8568379364091 ], [ 1.81895575020152, 47.857129603348902 ], [ 1.81899899333393, 47.857482603757902 ], [ 1.81903561057357, 47.8575981838136 ], [ 1.81916952809523, 47.858017533253502 ], [ 1.81920701031333, 47.858040052702897 ], [ 1.81945365385936, 47.8581653970137 ], [ 1.81970611995267, 47.8582935896385 ], [ 1.81993928102972, 47.858411866561802 ], [ 1.8202015383396, 47.858544927032497 ], [ 1.82032096272111, 47.858605533779603 ], [ 1.82065869961418, 47.8587786859961 ], [ 1.82085007859455, 47.858875478953202 ], [ 1.82107064573784, 47.858988946500098 ], [ 1.82146540979326, 47.8591901220287 ], [ 1.82157678822444, 47.8592457861455 ], [ 1.82180824727961, 47.859362781985901 ], [ 1.82193383226687, 47.859429209454802 ], [ 1.82209361501881, 47.859515602046002 ], [ 1.82217888617078, 47.859560472422899 ], [ 1.82230696083387, 47.859629264697801 ], [ 1.82248054757039, 47.859720475759701 ], [ 1.82278204559309, 47.859900008548401 ], [ 1.82292049656993, 47.859995546828102 ], [ 1.82303487066394, 47.860079142267097 ], [ 1.82316391433678, 47.860170715492799 ], [ 1.82325083667087, 47.860237743763797 ], [ 1.82342899241891, 47.860358342023297 ], [ 1.82346956356492, 47.860380440978503 ], [ 1.82374663384106, 47.860552075445298 ], [ 1.82377698266357, 47.860570741481602 ], [ 1.82393788025078, 47.860673524197999 ], [ 1.82390642387474, 47.860704891937701 ], [ 1.82404991675705, 47.860808490112099 ], [ 1.82421166432088, 47.860643235082101 ], [ 1.82430077785392, 47.860550879103101 ], [ 1.82444255831779, 47.860610985446698 ], [ 1.82447192725853, 47.860625591090901 ], [ 1.82471799983174, 47.860372701673903 ], [ 1.82473617441386, 47.860355242028703 ], [ 1.82498835886464, 47.860091972243502 ], [ 1.82502612001029, 47.860108101942501 ], [ 1.82517959444488, 47.860183716014198 ], [ 1.82522348126675, 47.860207107682299 ], [ 1.8253328958114, 47.860261128318498 ], [ 1.82556007818691, 47.860372493203698 ], [ 1.82563904058904, 47.860412527388497 ], [ 1.82569079528683, 47.860436987723297 ], [ 1.82577396129439, 47.860480484217398 ], [ 1.82585502175106, 47.860522429431199 ], [ 1.82604837305994, 47.860627514187499 ], [ 1.82622230503533, 47.860721693303098 ], [ 1.82623950161106, 47.860730326157601 ], [ 1.82643220492271, 47.860543865747402 ], [ 1.82695454045496, 47.860783921900101 ], [ 1.82699068415585, 47.860800664838301 ], [ 1.82709083354018, 47.860704996801097 ], [ 1.82716064556529, 47.8606385482489 ], [ 1.82723771927055, 47.860564251480199 ] ] ], [ [ [ 1.81896917232731, 47.8581744722267 ], [ 1.8181212694028, 47.857740551271803 ], [ 1.81742760242551, 47.8583814455355 ], [ 1.81678335120584, 47.858976659437801 ], [ 1.81676860149612, 47.858990372053903 ], [ 1.81722185161645, 47.8591529979943 ], [ 1.81733224689221, 47.859192544685001 ], [ 1.81741968318848, 47.859181994928498 ], [ 1.81776356546368, 47.858958458278202 ], [ 1.81807623637555, 47.858755038211399 ], [ 1.81809822422714, 47.858740588270997 ], [ 1.81858750418363, 47.858419684095999 ], [ 1.81896917232731, 47.8581744722267 ] ] ], [ [ [ 1.85269615543397, 47.857027516850401 ], [ 1.85275719604633, 47.856870059014398 ], [ 1.8526725779522, 47.856855910259597 ], [ 1.85255517615482, 47.856836400328397 ], [ 1.85246615741236, 47.8568216683312 ], [ 1.85231744287108, 47.856796811399398 ], [ 1.85226387241383, 47.856787916537399 ], [ 1.85199781888461, 47.856740669197599 ], [ 1.85173869537354, 47.856694569178998 ], [ 1.85170917077208, 47.856798329949903 ], [ 1.85163928502343, 47.857080272354303 ], [ 1.85150004080348, 47.857638221528198 ], [ 1.8514460214418, 47.857854252871903 ], [ 1.85165449863616, 47.857873935315297 ], [ 1.8519636083744, 47.857903242978601 ], [ 1.85203341158261, 47.857909866573301 ], [ 1.85211577598908, 47.857916973062302 ], [ 1.85232375575599, 47.857934939285101 ], [ 1.85233723543776, 47.857936241257697 ], [ 1.85245071249451, 47.857654544981798 ], [ 1.85269615543397, 47.857027516850401 ] ] ], [ [ [ 1.8375158612872, 47.8568458559619 ], [ 1.83755797106507, 47.8567182808872 ], [ 1.83751694123337, 47.856674220124503 ], [ 1.83706853445569, 47.856569596359201 ], [ 1.8354066425912, 47.856182184628302 ], [ 1.83533930759558, 47.8562034783046 ], [ 1.83511557012102, 47.8566669620837 ], [ 1.83500311006552, 47.8568981578563 ], [ 1.83489475549306, 47.857118953263097 ], [ 1.83481264652012, 47.857289424337999 ], [ 1.83449453083377, 47.8579456679945 ], [ 1.83424028726966, 47.858463932000902 ], [ 1.83421514238076, 47.8585188574393 ], [ 1.83401282364778, 47.858931786649698 ], [ 1.83388471380176, 47.859199189081103 ], [ 1.83391657094673, 47.859246760235003 ], [ 1.83435365488958, 47.859362264271098 ], [ 1.83511763827321, 47.859568141139498 ], [ 1.83524969479502, 47.859596364793603 ], [ 1.83612859784422, 47.859782763856799 ], [ 1.83619391745944, 47.859646058791299 ], [ 1.83626199019064, 47.859499660067002 ], [ 1.83632651923182, 47.859350165855098 ], [ 1.83668917637179, 47.859426129210597 ], [ 1.837045111332, 47.859503734960803 ], [ 1.83707320919426, 47.859509323978898 ], [ 1.83709920108718, 47.859513361970897 ], [ 1.83714179330192, 47.859400553396902 ], [ 1.83721753563295, 47.859203015280897 ], [ 1.83725154503264, 47.859121804597201 ], [ 1.83733064141162, 47.8589176389915 ], [ 1.83737086483544, 47.858815247823202 ], [ 1.83738768233874, 47.8586395377325 ], [ 1.83739792374562, 47.858550440720599 ], [ 1.83740125314047, 47.8585388626067 ], [ 1.83739961534178, 47.858460898944301 ], [ 1.83740010093198, 47.858322560556097 ], [ 1.83739786901961, 47.858112818406397 ], [ 1.83740202845583, 47.858020510795903 ], [ 1.83740260386529, 47.857975872227897 ], [ 1.8374039625331, 47.857907659163999 ], [ 1.83740453844638, 47.8578446588403 ], [ 1.83740272673054, 47.857799096525802 ], [ 1.8373989382649, 47.857703289809301 ], [ 1.83740214049256, 47.8574530075391 ], [ 1.83744588984001, 47.8572199586566 ], [ 1.8375158612872, 47.8568458559619 ] ] ], [ [ [ 1.85154381839919, 47.857196798829101 ], [ 1.85167180670165, 47.856683113460797 ], [ 1.85158267030993, 47.856667659567997 ], [ 1.85147235202076, 47.8566483979005 ], [ 1.85134164635434, 47.856625696211097 ], [ 1.85132086166312, 47.856622072383303 ], [ 1.85110262452208, 47.856583931978399 ], [ 1.8507542134741, 47.856523274039098 ], [ 1.85072464870202, 47.856622623782599 ], [ 1.85063600804937, 47.856899611489403 ], [ 1.85034492313847, 47.856847254702402 ], [ 1.85020797400706, 47.856822600391901 ], [ 1.85013630117148, 47.856809746782197 ], [ 1.8500852843418, 47.856973332152698 ], [ 1.84983469082642, 47.8569347822406 ], [ 1.84962168691641, 47.856902000895502 ], [ 1.84954384398897, 47.856889986506502 ], [ 1.84954091016949, 47.856889597702498 ], [ 1.84938482329391, 47.856865564831303 ], [ 1.84937000289393, 47.856913844031403 ], [ 1.84936798676595, 47.856920484884 ], [ 1.84936525337509, 47.856929368913399 ], [ 1.84933000221967, 47.8570441439932 ], [ 1.84920181749649, 47.857022364736203 ], [ 1.84917138135095, 47.8570179167859 ], [ 1.84906837298475, 47.857352115773701 ], [ 1.84905246403702, 47.857403705556699 ], [ 1.84901261774718, 47.857576220856402 ], [ 1.84900275193283, 47.857624188569702 ], [ 1.84899721984933, 47.857651136825403 ], [ 1.8489887114, 47.8576920071866 ], [ 1.84897587892172, 47.857753447053398 ], [ 1.84897332123186, 47.857766563190197 ], [ 1.84897319063276, 47.857772592473601 ], [ 1.84896833408918, 47.857805397901402 ], [ 1.84892910883582, 47.858072698091803 ], [ 1.84890846570761, 47.858216869040497 ], [ 1.84887277586278, 47.858685192567997 ], [ 1.84886870417683, 47.858762019773401 ], [ 1.84886238378167, 47.858874738251899 ], [ 1.84866001279769, 47.858863211564703 ], [ 1.84854072851271, 47.858856370375896 ], [ 1.84831965713587, 47.858843759478802 ], [ 1.84784665982498, 47.8588167032866 ], [ 1.8477898282047, 47.858927305520098 ], [ 1.84762039094725, 47.859265783033798 ], [ 1.84744771305854, 47.859605578547097 ], [ 1.84729087312652, 47.859911866249298 ], [ 1.84732635697149, 47.859959289235199 ], [ 1.84792293979082, 47.860097641216903 ], [ 1.84798686479964, 47.860110240022998 ], [ 1.84837311558084, 47.860153815670998 ], [ 1.84851430044488, 47.860168522648799 ], [ 1.84870125899464, 47.860187909029001 ], [ 1.84882613939523, 47.860103266482398 ], [ 1.84892434790599, 47.860076777518202 ], [ 1.84903807263706, 47.860087254085599 ], [ 1.8493298592146, 47.860114148387403 ], [ 1.84962004342164, 47.860140936240498 ], [ 1.85018007005363, 47.860195120504201 ], [ 1.85031541087528, 47.860207967869201 ], [ 1.85051615875672, 47.8602267664062 ], [ 1.85085264706845, 47.860258505263303 ], [ 1.85088537204034, 47.860099691166802 ], [ 1.85100161438187, 47.859542238203197 ], [ 1.85106935303385, 47.859223822127099 ], [ 1.85113276565203, 47.858926065514098 ], [ 1.85125074590278, 47.858380780117102 ], [ 1.85127194561584, 47.858272437610502 ], [ 1.85127983532888, 47.8582415519843 ], [ 1.85135328713108, 47.857949473920002 ], [ 1.851367914456, 47.857897682296198 ], [ 1.851422715553, 47.8576764381571 ], [ 1.85154381839919, 47.857196798829101 ] ] ], [ [ [ 1.83976303546189, 47.858072236523299 ], [ 1.83989969391984, 47.8575894318015 ], [ 1.83985658507993, 47.857548591656403 ], [ 1.83757719718469, 47.857221079749003 ], [ 1.83752415283482, 47.857249356923397 ], [ 1.83748205819362, 47.857455689659702 ], [ 1.83748431573652, 47.857749860227997 ], [ 1.83748861341146, 47.8580057973031 ], [ 1.83748580008621, 47.8582872263176 ], [ 1.83748676321566, 47.858377694494102 ], [ 1.83748701377641, 47.858421261132698 ], [ 1.83748238164234, 47.858547407265398 ], [ 1.83747776290331, 47.858611807639903 ], [ 1.8374721118485, 47.858674487619901 ], [ 1.83744713279119, 47.858825904539202 ], [ 1.83744515611713, 47.8588428965707 ], [ 1.83734803136897, 47.859082526985802 ], [ 1.83729200065557, 47.859222745084402 ], [ 1.83735721789527, 47.859237252709399 ], [ 1.83744175694912, 47.859255012051399 ], [ 1.8378801685213, 47.859346843785602 ], [ 1.83925597177638, 47.8595868348877 ], [ 1.839329592933, 47.859424827877397 ], [ 1.83943296057217, 47.859186787852799 ], [ 1.83949100718662, 47.859058109816097 ], [ 1.83951736158078, 47.858959811172298 ], [ 1.83956669995105, 47.8587828023757 ], [ 1.83976303546189, 47.858072236523299 ] ] ], [ [ [ 1.85229117291432, 47.858050281283603 ], [ 1.85231971635634, 47.857979543917502 ], [ 1.8514321950318, 47.857899931776998 ], [ 1.85140281209861, 47.858009454332802 ], [ 1.851379107732, 47.858109941626203 ], [ 1.85134198561558, 47.858255751763899 ], [ 1.8513383752688, 47.8582804687153 ], [ 1.85125974997794, 47.858650983340297 ], [ 1.85125217379141, 47.858685922403801 ], [ 1.85121783842902, 47.858845080980103 ], [ 1.8512067106265, 47.858895826727 ], [ 1.85116477145266, 47.859091184169699 ], [ 1.85114808126743, 47.859170318065701 ], [ 1.85107884979436, 47.8595021308101 ], [ 1.85104563122027, 47.859665260571298 ], [ 1.85103664309505, 47.8597098166628 ], [ 1.85097419950069, 47.860012173013502 ], [ 1.8509226914779, 47.860266481967102 ], [ 1.85129840488642, 47.860315075213897 ], [ 1.85171788917857, 47.860368236030503 ], [ 1.85169752770422, 47.8597941440783 ], [ 1.85169707933787, 47.859777758183597 ], [ 1.8516961996408, 47.859750387057296 ], [ 1.85168940284347, 47.859551222210698 ], [ 1.85175891520311, 47.859379536668499 ], [ 1.85180656950789, 47.859260021989897 ], [ 1.85191447223342, 47.858988982831399 ], [ 1.85193455244308, 47.8589385946565 ], [ 1.85199649462539, 47.858782946338302 ], [ 1.85206294469245, 47.858616721101299 ], [ 1.85217119540435, 47.8583480252518 ], [ 1.85222928104266, 47.858203680091002 ], [ 1.85229117291432, 47.858050281283603 ] ] ], [ [ [ 1.84578539748525, 47.856169814663801 ], [ 1.8460343036698, 47.855700708359699 ], [ 1.84599803412844, 47.855658857629102 ], [ 1.84559757980481, 47.855611983640401 ], [ 1.84537493229077, 47.855586390282802 ], [ 1.84520444678534, 47.855566710491303 ], [ 1.84495323543323, 47.8555385849385 ], [ 1.84493908996585, 47.855537185544001 ], [ 1.84474379609359, 47.855514470549203 ], [ 1.84431014504352, 47.855481396583201 ], [ 1.84402015457556, 47.855459277605398 ], [ 1.84382442363569, 47.855444387517103 ], [ 1.84321424779724, 47.855398858600402 ], [ 1.84315068322008, 47.855431444988497 ], [ 1.84300205960264, 47.856090732671397 ], [ 1.84293159516163, 47.856391026498301 ], [ 1.84289493438731, 47.856557630861602 ], [ 1.84287266336346, 47.856653000321302 ], [ 1.84285920208999, 47.856706152631702 ], [ 1.84283128019856, 47.8568337794201 ], [ 1.84279011713934, 47.857016720864699 ], [ 1.84267797948794, 47.8575048112153 ], [ 1.84260966654327, 47.857638610067902 ], [ 1.84249254731582, 47.857870216663599 ], [ 1.84234334790188, 47.8581623523323 ], [ 1.84218532486832, 47.8584726724254 ], [ 1.84211765055573, 47.858607737361602 ], [ 1.84201220581719, 47.8588128160944 ], [ 1.84194391501023, 47.858945444598 ], [ 1.84184128675622, 47.859150100908202 ], [ 1.8417536596676, 47.859323042212303 ], [ 1.84156569411041, 47.859693641410999 ], [ 1.8415394253517, 47.859745226900799 ], [ 1.84126320307681, 47.860286690153401 ], [ 1.84117213299966, 47.8605069413669 ], [ 1.84105666474848, 47.860784916897103 ], [ 1.8409974172977, 47.860931945409 ], [ 1.84087106967113, 47.861236455714497 ], [ 1.84085307836825, 47.8612886628448 ], [ 1.84081341799959, 47.861383859903398 ], [ 1.84054366084809, 47.862032854937198 ], [ 1.84058367683455, 47.862080774777098 ], [ 1.84128164802402, 47.862231503189797 ], [ 1.84210275439971, 47.862409275035702 ], [ 1.8421745858548, 47.862384421544398 ], [ 1.84224279854032, 47.862261693279002 ], [ 1.84250458068316, 47.861799833264001 ], [ 1.84255870813356, 47.861709638852297 ], [ 1.84258895519506, 47.861659622580703 ], [ 1.84275078966659, 47.861365001499998 ], [ 1.84283204415437, 47.861226740028599 ], [ 1.8429886290043, 47.860951958642602 ], [ 1.84310849581232, 47.860741801009503 ], [ 1.84343863183187, 47.860162071585201 ], [ 1.84348498527539, 47.860078640694603 ], [ 1.84367640113729, 47.859745606137501 ], [ 1.84377617322244, 47.859573593260897 ], [ 1.84388738201965, 47.859367669802197 ], [ 1.84395611723761, 47.859239004992901 ], [ 1.84406915749431, 47.859034899550501 ], [ 1.84414194242892, 47.858904474347199 ], [ 1.84430592805347, 47.858602401303401 ], [ 1.84447375166708, 47.8582959553815 ], [ 1.84459778951403, 47.858071795774599 ], [ 1.84465670493887, 47.857957885182302 ], [ 1.84472705477557, 47.857847057433702 ], [ 1.84496732557619, 47.857474537792001 ], [ 1.84507634921312, 47.857307205182103 ], [ 1.84514987630244, 47.857191637981202 ], [ 1.84518063168242, 47.857142616055803 ], [ 1.84523683445173, 47.8570549609206 ], [ 1.84535595935963, 47.856871975960203 ], [ 1.84547662973572, 47.856679375162301 ], [ 1.84553535754158, 47.856586254197701 ], [ 1.84555937162837, 47.856552017234399 ], [ 1.84569544707358, 47.856333555308296 ], [ 1.84571864617775, 47.856293729759997 ], [ 1.84574980475432, 47.856238411037502 ], [ 1.84578539748525, 47.856169814663801 ] ] ], [ [ [ 1.84776611409236, 47.857356425549298 ], [ 1.84731263846073, 47.857231539541203 ], [ 1.84716547608284, 47.857190669812297 ], [ 1.84688523740744, 47.857113118626501 ], [ 1.84655244195695, 47.857023168918303 ], [ 1.84640671247751, 47.856984112479601 ], [ 1.84631121093647, 47.856960041176201 ], [ 1.84620663480802, 47.856935070470698 ], [ 1.8461662927214, 47.856926752957101 ], [ 1.84556281519614, 47.856775182298598 ], [ 1.84549270103963, 47.856795284303097 ], [ 1.84502747311441, 47.857519234114697 ], [ 1.84498973771111, 47.857575567971502 ], [ 1.84486003511448, 47.857777440156298 ], [ 1.84472923640056, 47.857980471500198 ], [ 1.8447207199647, 47.857996949198402 ], [ 1.84453173943631, 47.858347741328799 ], [ 1.844431870977, 47.858530554991198 ], [ 1.84430622154322, 47.858761089104902 ], [ 1.8442776058069, 47.858810041840698 ], [ 1.84421790003818, 47.858923314357902 ], [ 1.84409939061633, 47.859132946587998 ], [ 1.84398624905373, 47.859347852061802 ], [ 1.84395408032646, 47.859406400600697 ], [ 1.84388548839282, 47.859534616768201 ], [ 1.8438538067414, 47.859589209704801 ], [ 1.84376083428731, 47.859756069167297 ], [ 1.84347297194509, 47.860255748798998 ], [ 1.84336975865502, 47.860432137857302 ], [ 1.84334582862513, 47.860474655925103 ], [ 1.84329400441285, 47.8605636133301 ], [ 1.84316234599293, 47.860799397290897 ], [ 1.84319748632089, 47.860844027884802 ], [ 1.84464953895152, 47.861117019670303 ], [ 1.84562097538947, 47.8613008377367 ], [ 1.84574192918851, 47.861009410743797 ], [ 1.84583409083619, 47.860793487364099 ], [ 1.84585734490369, 47.860738901050297 ], [ 1.84566139027754, 47.859914566992899 ], [ 1.84540420237761, 47.859858931324602 ], [ 1.84546270169973, 47.859733405268301 ], [ 1.84549210197424, 47.859672938922699 ], [ 1.8455951398312, 47.859467293548597 ], [ 1.84562986538202, 47.859395628510498 ], [ 1.84575887113794, 47.859422910187199 ], [ 1.84638453843947, 47.859557955932303 ], [ 1.84723417739241, 47.859738673187898 ], [ 1.84724031079354, 47.8597395435268 ], [ 1.84726732059622, 47.8597460194839 ], [ 1.84728344375746, 47.859711794706101 ], [ 1.84741438525749, 47.859452596959201 ], [ 1.84742452910661, 47.8594350549727 ], [ 1.84743952672674, 47.859409549923399 ], [ 1.84742009593954, 47.8594051286438 ], [ 1.84728796218372, 47.859374037716698 ], [ 1.84718746356087, 47.859351988301903 ], [ 1.84672131001636, 47.859249747856602 ], [ 1.84680195188277, 47.859089785552797 ], [ 1.84688231710024, 47.858924059926601 ], [ 1.8469140304937, 47.858855515194698 ], [ 1.8469521201575, 47.858782802724001 ], [ 1.84700336463264, 47.858683216997399 ], [ 1.84704694420095, 47.858597867257402 ], [ 1.84708697678499, 47.858515722945199 ], [ 1.84717614484185, 47.858344863095901 ], [ 1.84725689914358, 47.858179591028602 ], [ 1.84726075632827, 47.8581744084386 ], [ 1.84728591977341, 47.858124160949203 ], [ 1.84736162650421, 47.858000423101302 ], [ 1.84766866035861, 47.857508662784198 ], [ 1.84776611409236, 47.857356425549298 ] ] ], [ [ [ 1.84225223151414, 47.858207087523098 ], [ 1.84239429857773, 47.857929282960903 ], [ 1.84230408133467, 47.8579143514104 ], [ 1.8410231026471, 47.857712415848702 ], [ 1.83997372580629, 47.857549299940104 ], [ 1.83987853776058, 47.857884630761603 ], [ 1.83982791729737, 47.858065317436797 ], [ 1.83978070208021, 47.858237036894302 ], [ 1.8397334452948, 47.858410646087101 ], [ 1.83970044931874, 47.858519140093499 ], [ 1.83963273671648, 47.858759783287603 ], [ 1.839552175881, 47.8590620451752 ], [ 1.83954738784956, 47.859073068863601 ], [ 1.83946026103995, 47.859271755916801 ], [ 1.83941891248059, 47.859364595706197 ], [ 1.83936375987722, 47.859489341944702 ], [ 1.83919567146571, 47.859873725396298 ], [ 1.83905069065557, 47.860387949380801 ], [ 1.83902139290139, 47.860492339301899 ], [ 1.83894562013891, 47.860758824547702 ], [ 1.83888257555311, 47.8609875421281 ], [ 1.83876369394117, 47.861414985640202 ], [ 1.83867996986902, 47.861720815574103 ], [ 1.8387198286013, 47.8617636040428 ], [ 1.83922270904776, 47.861838066799102 ], [ 1.83942789569911, 47.861868089219499 ], [ 1.83981399515322, 47.861925012681802 ], [ 1.83995677732079, 47.861946316322999 ], [ 1.8400637889832, 47.861970326443497 ], [ 1.84041221407513, 47.862043707017797 ], [ 1.84048177451074, 47.862018742101199 ], [ 1.84081603094826, 47.861208909433302 ], [ 1.84099124070543, 47.860785890772497 ], [ 1.84103199729155, 47.860683323767297 ], [ 1.84120328117659, 47.860274577252 ], [ 1.84134065784637, 47.860003838534098 ], [ 1.84141354665577, 47.859862885056401 ], [ 1.84147732725517, 47.859734802802699 ], [ 1.84152543318432, 47.859644729318298 ], [ 1.84162920003613, 47.859437024276403 ], [ 1.84177533150658, 47.859144859373203 ], [ 1.84189462159854, 47.858912104926802 ], [ 1.84197688597348, 47.858751981768698 ], [ 1.84205532975589, 47.858601451743503 ], [ 1.84213579372962, 47.8584379803697 ], [ 1.84222754675763, 47.858253558344103 ], [ 1.84225223151414, 47.858207087523098 ] ] ], [ [ [ 1.82023114911566, 47.861361690037803 ], [ 1.82060311756432, 47.860981632534198 ], [ 1.82058623396508, 47.860928807702798 ], [ 1.82041546848507, 47.8608430227996 ], [ 1.82031798454253, 47.860793977990802 ], [ 1.82002517660357, 47.860644859284598 ], [ 1.81997822817812, 47.8606208948136 ], [ 1.81959708012604, 47.8604266921594 ], [ 1.81932808343154, 47.8602896023556 ], [ 1.81918022714349, 47.860214307124899 ], [ 1.81892324282166, 47.860084447949603 ], [ 1.81855661720012, 47.859899118827101 ], [ 1.81829792163199, 47.859768160889097 ], [ 1.81816658660014, 47.859701851599802 ], [ 1.81802613159829, 47.859630679809499 ], [ 1.81751496148472, 47.859371973919004 ], [ 1.81724570807108, 47.859234876560897 ], [ 1.81723575958641, 47.859231175911802 ], [ 1.81703004486732, 47.859153764407999 ], [ 1.81665460816014, 47.859022345610498 ], [ 1.8164894167349, 47.8589630736139 ], [ 1.81639547681186, 47.858929362687597 ], [ 1.81575182827974, 47.858698565167003 ], [ 1.81556049995703, 47.858629937095699 ], [ 1.81541972559749, 47.858579370902497 ], [ 1.81522689389893, 47.858506226646298 ], [ 1.81490291067645, 47.858382882454997 ], [ 1.81439630906851, 47.858190365270097 ], [ 1.81422722183649, 47.858126100142997 ], [ 1.81407285651305, 47.8580673841238 ], [ 1.81382265170064, 47.857970345193401 ], [ 1.8134511268209, 47.857826174159399 ], [ 1.81341961102268, 47.857812084027003 ], [ 1.81334126050265, 47.857823082733802 ], [ 1.81284058736816, 47.858323508110701 ], [ 1.81274058773506, 47.858423486278802 ], [ 1.81232280241625, 47.858841129807701 ], [ 1.81246833592922, 47.858894088137802 ], [ 1.8127917727014, 47.859011852954303 ], [ 1.81320051393914, 47.859160722817897 ], [ 1.81337245945862, 47.859222858059503 ], [ 1.81358965050858, 47.859301202158598 ], [ 1.81388331883127, 47.8594106520586 ], [ 1.81406952444147, 47.859481121232598 ], [ 1.81452280267326, 47.859702263668296 ], [ 1.81469994323582, 47.859789471878102 ], [ 1.81514802180499, 47.860010109229599 ], [ 1.81551867991368, 47.860194049672302 ], [ 1.81585798241821, 47.860362730965697 ], [ 1.81604879002438, 47.860455025485798 ], [ 1.81632659847957, 47.8605924817983 ], [ 1.81660613268328, 47.860730584895897 ], [ 1.81684308175483, 47.8608471057955 ], [ 1.8171180005724, 47.8609823708099 ], [ 1.81717793231723, 47.861011867849498 ], [ 1.81738060705164, 47.861112020515002 ], [ 1.81774877793807, 47.861294218401198 ], [ 1.81815282329386, 47.861493248060803 ], [ 1.8184260244256, 47.861627862528302 ], [ 1.81881380717529, 47.86181862526 ], [ 1.81886355227994, 47.861843158380999 ], [ 1.81903541824257, 47.8619276064315 ], [ 1.81947229042079, 47.8621425332922 ], [ 1.82001789301002, 47.861581146936402 ], [ 1.82023114911566, 47.861361690037803 ] ] ], [ [ [ 1.82349808906204, 47.863193677154399 ], [ 1.8235296394486, 47.863121896647101 ], [ 1.82343092129644, 47.863025587682301 ], [ 1.82333064464741, 47.862927192798303 ], [ 1.82328470990099, 47.862881457805003 ], [ 1.82324650152186, 47.862843180987497 ], [ 1.82313300648018, 47.8627316921052 ], [ 1.82312566200196, 47.862743229546297 ], [ 1.82311332806224, 47.862762637696598 ], [ 1.82309534910281, 47.862759127038103 ], [ 1.82307052354146, 47.862799021852297 ], [ 1.82281571605095, 47.862726888973199 ], [ 1.82279180030055, 47.862761932394697 ], [ 1.82267934195942, 47.862730471112499 ], [ 1.82270030388724, 47.862695938125398 ], [ 1.82269194310636, 47.862692973956797 ], [ 1.8226795131813, 47.862710670936799 ], [ 1.82264681656822, 47.862701341984902 ], [ 1.82265670176627, 47.862683799490398 ], [ 1.82262163404283, 47.862672826583299 ], [ 1.82261553883714, 47.862682306331997 ], [ 1.82260611425693, 47.862679061456298 ], [ 1.82260992021141, 47.8626702788046 ], [ 1.82253811632051, 47.862651196483199 ], [ 1.82253266357077, 47.862649791632897 ], [ 1.82251856865111, 47.862646049837501 ], [ 1.82239892355941, 47.8626129860098 ], [ 1.82224710707393, 47.862571048307501 ], [ 1.82235130522077, 47.862426010200899 ], [ 1.82229167651681, 47.862406779898997 ], [ 1.82245112609522, 47.8621766980609 ], [ 1.8224193197378, 47.862151356435596 ], [ 1.82235470324711, 47.862103723375903 ], [ 1.82230153518961, 47.862064575997998 ], [ 1.82214855021322, 47.861972851622902 ], [ 1.82199891468498, 47.8618688294804 ], [ 1.82167486302912, 47.861632362999003 ], [ 1.8214654523451, 47.861479675153802 ], [ 1.8212002379285, 47.861286192361703 ], [ 1.82103307897805, 47.8611764123048 ], [ 1.8209595216761, 47.8611279685122 ], [ 1.82072571785082, 47.861001856727597 ], [ 1.8206514516177, 47.861009481047702 ], [ 1.82036770472553, 47.861301587122902 ], [ 1.82018250754069, 47.861492253612198 ], [ 1.81965491472508, 47.862037800371198 ], [ 1.81950679087909, 47.862191035070701 ], [ 1.81949104894274, 47.862207258265101 ], [ 1.81888311828488, 47.861907621573799 ], [ 1.81868680596347, 47.861815816472202 ], [ 1.81829844514605, 47.861620997100196 ], [ 1.81776353447136, 47.861358363327803 ], [ 1.81771074680444, 47.861332358923903 ], [ 1.81769883614559, 47.861326658357399 ], [ 1.81703865750875, 47.861001732815801 ], [ 1.81665905941201, 47.860816357071698 ], [ 1.81658671294681, 47.860779803858499 ], [ 1.81649215441744, 47.8607316854281 ], [ 1.81602899879561, 47.860502890486899 ], [ 1.81553648487552, 47.860259305833303 ], [ 1.81532775015058, 47.8601553083017 ], [ 1.81508566878943, 47.860035312058997 ], [ 1.81504623259964, 47.8600164619452 ], [ 1.81472804444149, 47.859860772796701 ], [ 1.81455644739523, 47.859776860968601 ], [ 1.81402871206042, 47.859517972377397 ], [ 1.81401412187041, 47.859512514363097 ], [ 1.81368596203466, 47.859390384822497 ], [ 1.81352449268182, 47.859332226385803 ], [ 1.81321827444617, 47.859221838540897 ], [ 1.81311737791164, 47.859182294035001 ], [ 1.81311101388563, 47.8591797994114 ], [ 1.81294253131202, 47.859118328881401 ], [ 1.8128543109106, 47.859086113116298 ], [ 1.81276051885399, 47.859051860703502 ], [ 1.81268317475626, 47.859023715263803 ], [ 1.81222746142565, 47.858858256410002 ], [ 1.81248977645327, 47.858598985654901 ], [ 1.81329253512833, 47.857801077717397 ], [ 1.8132763102739, 47.8577490683967 ], [ 1.81315314496878, 47.857694717135999 ], [ 1.81275607002659, 47.857521032418497 ], [ 1.81239149715878, 47.857359286506401 ], [ 1.81219706361404, 47.8572744197361 ], [ 1.81210676476884, 47.857233631432401 ], [ 1.81170523509852, 47.857056117553697 ], [ 1.81149478599501, 47.856963886632201 ], [ 1.81131232469396, 47.8568820199256 ], [ 1.81130218466611, 47.856892898294802 ], [ 1.81113104650623, 47.857099985261598 ], [ 1.81110341796277, 47.857133368680103 ], [ 1.81103042499025, 47.857221737952898 ], [ 1.81077281571819, 47.857115346393897 ], [ 1.81070220525902, 47.857085287634597 ], [ 1.81058952935575, 47.857040490911999 ], [ 1.81020323102898, 47.856881848127301 ], [ 1.81014782455288, 47.856877595820499 ], [ 1.8100494467565, 47.857006571191299 ], [ 1.81001059850737, 47.856991505657497 ], [ 1.80996178362457, 47.857051226605101 ], [ 1.80994470995092, 47.8570731056477 ], [ 1.80990753026675, 47.857120883374897 ], [ 1.80981781434127, 47.857251206538699 ], [ 1.80968743670955, 47.857459334996101 ], [ 1.80965069930337, 47.857517198143398 ], [ 1.80959916153552, 47.8576208157453 ], [ 1.80959851178667, 47.857625939671202 ], [ 1.80969859846922, 47.857647657277802 ], [ 1.80960567680596, 47.857765796500601 ], [ 1.80954763061359, 47.857843515420399 ], [ 1.80954801627351, 47.857850180006402 ], [ 1.80937220792847, 47.8580324645052 ], [ 1.80872350642294, 47.857831999684798 ], [ 1.80869609554952, 47.857873485570899 ], [ 1.80861419465822, 47.857995066264898 ], [ 1.80887149928202, 47.8581150507883 ], [ 1.80883672961819, 47.858150701406103 ], [ 1.8087317316124, 47.8582585462906 ], [ 1.80867427327146, 47.858315928691297 ], [ 1.80868334003319, 47.858323131476901 ], [ 1.80866876908638, 47.858340715304898 ], [ 1.80896776593992, 47.858486235462003 ], [ 1.80872336443869, 47.858792845169297 ], [ 1.80849173785647, 47.858672761151396 ], [ 1.80846166314466, 47.858701798663802 ], [ 1.80844688353615, 47.858698858276497 ], [ 1.80839820456872, 47.8587523693026 ], [ 1.80833936459796, 47.858728189288399 ], [ 1.80827397081041, 47.858775589887003 ], [ 1.80861974462741, 47.858922666130503 ], [ 1.80870665183985, 47.8589596422566 ], [ 1.80917929812054, 47.859162820513902 ], [ 1.80955737877693, 47.8593247132711 ], [ 1.80975701839833, 47.859410177150501 ], [ 1.81014596648598, 47.859576678651301 ], [ 1.81019339331509, 47.859596961608403 ], [ 1.81067494345333, 47.8598031942416 ], [ 1.81104445441319, 47.859959954679901 ], [ 1.81116043510972, 47.859845378454501 ], [ 1.81131401587831, 47.859915341394498 ], [ 1.81133999277486, 47.859925955610898 ], [ 1.81149427795314, 47.859988364692299 ], [ 1.81171179292506, 47.860076166448202 ], [ 1.81177594434806, 47.860102198692999 ], [ 1.81186978884223, 47.860140142756499 ], [ 1.81195011103505, 47.860172729296103 ], [ 1.8121189777799, 47.860241045758499 ], [ 1.81222169934559, 47.8602827697759 ], [ 1.81230228337018, 47.8603156287448 ], [ 1.81250772522798, 47.860399166352799 ], [ 1.81267247631086, 47.860466180213997 ], [ 1.81275633748556, 47.8605020423201 ], [ 1.81280445684277, 47.860521341102398 ], [ 1.81299426428018, 47.860598328998002 ], [ 1.81316460462059, 47.860666658819802 ], [ 1.81324904955344, 47.860700366255102 ], [ 1.81344218516161, 47.860778107140497 ], [ 1.81356585551206, 47.860828142605897 ], [ 1.81384038229077, 47.860938658987799 ], [ 1.81408799416859, 47.861038641652499 ], [ 1.81412604220853, 47.861053787679502 ], [ 1.81438624807681, 47.861158847475799 ], [ 1.81457737921163, 47.861236656191103 ], [ 1.81460191459477, 47.861245994975903 ], [ 1.81474127975544, 47.861300058115603 ], [ 1.81533108281232, 47.861523566220903 ], [ 1.81538586397377, 47.861544101293397 ], [ 1.81546226107829, 47.861572955367798 ], [ 1.81553648960025, 47.861471094731797 ], [ 1.81572708665459, 47.861548986148698 ], [ 1.81575333267233, 47.8615596020773 ], [ 1.81579996244152, 47.861585815239799 ], [ 1.81589005693856, 47.861636229370703 ], [ 1.81591513700812, 47.861651153916 ], [ 1.8157879471646, 47.861920886651802 ], [ 1.81590583216066, 47.861954659597998 ], [ 1.81600915969401, 47.861987475442398 ], [ 1.81608595955891, 47.862010302570901 ], [ 1.81611550881868, 47.862022751919298 ], [ 1.81617004941865, 47.862042114070299 ], [ 1.81622816245577, 47.862063222405403 ], [ 1.81630274078006, 47.862089717333703 ], [ 1.81636869340247, 47.862113154907497 ], [ 1.8165063903922, 47.862164228764698 ], [ 1.81654415845286, 47.862180001219599 ], [ 1.81659021274073, 47.862202067842297 ], [ 1.81665681108612, 47.862238563029699 ], [ 1.8167779620862, 47.8622999106924 ], [ 1.81680081352168, 47.862312832369803 ], [ 1.81681150677564, 47.862319150807302 ], [ 1.81686179126343, 47.8623554813569 ], [ 1.81688125359114, 47.862370439042898 ], [ 1.81695624325926, 47.862426550560798 ], [ 1.81702619121962, 47.8624628092766 ], [ 1.81710497049724, 47.8625049175428 ], [ 1.81727956932664, 47.862574724271703 ], [ 1.81742249314271, 47.862631430246601 ], [ 1.81746209434164, 47.862642990462902 ], [ 1.81749980540626, 47.862655341694399 ], [ 1.81756715056332, 47.862676362374103 ], [ 1.8176149745951, 47.862691065701704 ], [ 1.81767140457593, 47.8627097261054 ], [ 1.81771443063792, 47.862723660973103 ], [ 1.81776336658947, 47.862736485260797 ], [ 1.81785634442753, 47.862765684812203 ], [ 1.81795203728904, 47.862787080885397 ], [ 1.81801804995812, 47.862801877277903 ], [ 1.81805522076012, 47.862808462328999 ], [ 1.81818033740389, 47.862823944016597 ], [ 1.81831054363217, 47.862839116794902 ], [ 1.81844912651287, 47.862856533991597 ], [ 1.81878632929928, 47.862994492190403 ], [ 1.81895113058661, 47.863096060800402 ], [ 1.81901436913116, 47.863121359710703 ], [ 1.81903040093452, 47.863104149407199 ], [ 1.81906268251979, 47.8630599200444 ], [ 1.81911707793924, 47.862983600133703 ], [ 1.8190990937238, 47.862968297674698 ], [ 1.81912476786657, 47.862944523764099 ], [ 1.81914501366477, 47.862954358452797 ], [ 1.81918106679915, 47.8629209680524 ], [ 1.81926325033706, 47.862942407104399 ], [ 1.81930048316383, 47.862904078063501 ], [ 1.81944342849394, 47.862947910514599 ], [ 1.81943057626016, 47.862966502996599 ], [ 1.8196644755342, 47.863034382529598 ], [ 1.8196058643172, 47.863143963468197 ], [ 1.81992200936103, 47.863212489847101 ], [ 1.81976802026785, 47.863449013788099 ], [ 1.82044035267142, 47.863511760163597 ], [ 1.82046090845581, 47.863513676976602 ], [ 1.82084177856025, 47.863546758046297 ], [ 1.82084771856689, 47.8635322363493 ], [ 1.82084772279785, 47.8635139646467 ], [ 1.82087758698179, 47.863397793641603 ], [ 1.8207279864894, 47.863382518820899 ], [ 1.82072978711053, 47.863361654921803 ], [ 1.82076487504673, 47.863359667353002 ], [ 1.82076547811775, 47.863338521391498 ], [ 1.82076538251623, 47.863324749113602 ], [ 1.82114893004314, 47.863345614941302 ], [ 1.82141571086199, 47.8629141835195 ], [ 1.82142881586413, 47.862896223425899 ], [ 1.8214709928219, 47.8629062780034 ], [ 1.82167491421205, 47.862956930771503 ], [ 1.82173169317206, 47.862971992362702 ], [ 1.8218002259643, 47.862993832592203 ], [ 1.8218811093818, 47.863019667164203 ], [ 1.82200320400486, 47.863050865918602 ], [ 1.82221836937444, 47.863107211148701 ], [ 1.82227128858587, 47.863121423652302 ], [ 1.82247852644553, 47.863155276685099 ], [ 1.82258817511408, 47.863174738807402 ], [ 1.82262668000325, 47.863181515805202 ], [ 1.82268283870385, 47.863194410498998 ], [ 1.82287853934103, 47.863247948938799 ], [ 1.82300280872927, 47.863283668884598 ], [ 1.82305145510242, 47.863297568142698 ], [ 1.82314238275046, 47.863316841948901 ], [ 1.8231666111085, 47.863322035432901 ], [ 1.8231900391132, 47.863327130875902 ], [ 1.82322198349124, 47.863328171335503 ], [ 1.82325975378799, 47.863325849890401 ], [ 1.82329658800511, 47.863323519045302 ], [ 1.82338058913879, 47.863317340784803 ], [ 1.82344073735666, 47.863313173492003 ], [ 1.82347116251691, 47.863249932534401 ], [ 1.82349808906204, 47.863193677154399 ] ] ], [ [ [ 1.82362172756299, 47.861584482795003 ], [ 1.82374718033502, 47.861457838277602 ], [ 1.82346169821699, 47.861321583014103 ], [ 1.8232468551451, 47.861546880299898 ], [ 1.82303803016882, 47.861433985002598 ], [ 1.82331986949549, 47.861154904760397 ], [ 1.82355282651844, 47.860926908662996 ], [ 1.8233094875149, 47.8608023266099 ], [ 1.82329161482638, 47.860794046575698 ], [ 1.82323167993376, 47.860764552655098 ], [ 1.82321183337675, 47.860754812671303 ], [ 1.823405782023, 47.860603202988102 ], [ 1.82315729976171, 47.8604150228417 ], [ 1.82311316197561, 47.860451303661698 ], [ 1.82304559607678, 47.860506701321 ], [ 1.82297862886055, 47.860565255252297 ], [ 1.82297453143592, 47.860563053937099 ], [ 1.82287998744361, 47.860514040761302 ], [ 1.82285896349818, 47.8605031187886 ], [ 1.82275992514552, 47.8604517201926 ], [ 1.82259173222472, 47.860364434117201 ], [ 1.82244551728682, 47.860269177584399 ], [ 1.82232079363061, 47.860187907924796 ], [ 1.82236574392061, 47.8601451549195 ], [ 1.82237147372117, 47.860140081933103 ], [ 1.82232649852882, 47.860117578346902 ], [ 1.82217728933373, 47.860042813395602 ], [ 1.82221646202197, 47.860013323738499 ], [ 1.82228065540628, 47.859965273402601 ], [ 1.82236225956744, 47.859904076496797 ], [ 1.8222608737579, 47.859850043628498 ], [ 1.82206660110087, 47.859780946739001 ], [ 1.8218581929196, 47.859703966818799 ], [ 1.82183576267618, 47.859726333779598 ], [ 1.8217560697308, 47.859689259933397 ], [ 1.8214420609297, 47.859543352063 ], [ 1.82112633551916, 47.859396525985602 ], [ 1.82115129652869, 47.859374634627599 ], [ 1.8208577080695, 47.859200667541302 ], [ 1.82089659746517, 47.859171895532498 ], [ 1.82062154278911, 47.859030697281298 ], [ 1.8205559535354, 47.858997004681001 ], [ 1.82033789206268, 47.858885181510097 ], [ 1.81981661181446, 47.858617833074 ], [ 1.81957316642683, 47.858492881803301 ], [ 1.81950347938398, 47.858457077155997 ], [ 1.8194596982502, 47.8584351244902 ], [ 1.81926844710288, 47.858338780529898 ], [ 1.81903407842952, 47.858220760121 ], [ 1.81894059061856, 47.858281025072799 ], [ 1.81885008227663, 47.858339609777502 ], [ 1.81867816379325, 47.858450569966401 ], [ 1.81844476612664, 47.858601684783203 ], [ 1.81803563993973, 47.858866510279803 ], [ 1.8174797834515, 47.859227875179101 ], [ 1.81748353979948, 47.859275437728897 ], [ 1.81773732955037, 47.859404277904801 ], [ 1.8178099363587, 47.859441103098902 ], [ 1.81811716034232, 47.859596943438902 ], [ 1.81827361688122, 47.859676287083701 ], [ 1.81843153075708, 47.859756275250199 ], [ 1.81895354979363, 47.860020666765202 ], [ 1.81925020308787, 47.860170997079301 ], [ 1.81954963614151, 47.860322704713397 ], [ 1.81967211329552, 47.860384512854097 ], [ 1.81984377815018, 47.860471838084997 ], [ 1.82012654792145, 47.860615185774002 ], [ 1.82042042373309, 47.860764404973601 ], [ 1.82067912139276, 47.860895718109802 ], [ 1.82085068970457, 47.860987541274199 ], [ 1.82102212289312, 47.861079452827802 ], [ 1.82113867582477, 47.8611552412045 ], [ 1.82127316346099, 47.861242550739298 ], [ 1.82130712222088, 47.861267284262503 ], [ 1.82171774531245, 47.861568347442102 ], [ 1.82175156877119, 47.861593169477601 ], [ 1.82190858371825, 47.861708157111998 ], [ 1.82195965548352, 47.861745303443797 ], [ 1.82212103426761, 47.861862584806403 ], [ 1.82240067704082, 47.862063140869999 ], [ 1.82258306237065, 47.862192243505497 ], [ 1.82261780673516, 47.862217794584701 ], [ 1.82275572670897, 47.862319448129199 ], [ 1.82279597594436, 47.8623500948691 ], [ 1.82283398383728, 47.862379278968902 ], [ 1.82290335347197, 47.862435780279597 ], [ 1.82291458788185, 47.862423741823598 ], [ 1.82298826309158, 47.862346263442198 ], [ 1.82313181899219, 47.862199549269398 ], [ 1.82349642408096, 47.861825169624403 ], [ 1.82341678063132, 47.861785667257998 ], [ 1.82362172756299, 47.861584482795003 ] ] ], [ [ [ 1.83612197013413, 47.860103668518498 ], [ 1.83623208524126, 47.859851386833199 ], [ 1.83509583754265, 47.859610858766302 ], [ 1.83468898108202, 47.8595012383186 ], [ 1.83374608545776, 47.8592510962077 ], [ 1.83368754901986, 47.859236923006399 ], [ 1.83354568213617, 47.859186547924203 ], [ 1.83302094134784, 47.859000592291501 ], [ 1.83291318536912, 47.8589621668294 ], [ 1.8328907536533, 47.858954382956803 ], [ 1.83282385876633, 47.858973699388002 ], [ 1.83230531158526, 47.859991127360502 ], [ 1.83225448813599, 47.860094581435803 ], [ 1.83211853385975, 47.860365414129703 ], [ 1.832083542579, 47.860430052001099 ], [ 1.83196477777152, 47.860667212373798 ], [ 1.83184115052766, 47.860906484396203 ], [ 1.83181725377265, 47.860953140918802 ], [ 1.831850600817, 47.860999827341701 ], [ 1.83271768661863, 47.8612558906324 ], [ 1.83269614873011, 47.861298700420498 ], [ 1.83261584823931, 47.861276659461602 ], [ 1.83197374936806, 47.861086561507797 ], [ 1.83185749633466, 47.861051200865198 ], [ 1.83178202432176, 47.861028577339297 ], [ 1.83169499989386, 47.861002148378098 ], [ 1.83159548428318, 47.8611788342495 ], [ 1.83176430361024, 47.861226239660503 ], [ 1.83166493819036, 47.861396086416903 ], [ 1.83154026356702, 47.861622026360102 ], [ 1.8308497841703, 47.861424149775203 ], [ 1.83087335983599, 47.861531944900499 ], [ 1.83088536655924, 47.861667077335099 ], [ 1.83088707084385, 47.861802377124803 ], [ 1.83092909260787, 47.861843839725303 ], [ 1.83132050427195, 47.861968980596799 ], [ 1.8314094124104, 47.862286876062001 ], [ 1.83133055870216, 47.862442255371498 ], [ 1.83122863810049, 47.8625639216908 ], [ 1.83165843704393, 47.862786652838103 ], [ 1.83139473468014, 47.862899507516303 ], [ 1.83127944544011, 47.862947863834499 ], [ 1.83129785499553, 47.862956147969498 ], [ 1.83132050415384, 47.8629662744993 ], [ 1.83133411943252, 47.8629736107901 ], [ 1.83147875560268, 47.863050478416397 ], [ 1.83156722600052, 47.8630964537045 ], [ 1.83173857652495, 47.863187178300699 ], [ 1.8317799398087, 47.863210002244301 ], [ 1.83181448487652, 47.863190094294097 ], [ 1.83191145518287, 47.8632814281778 ], [ 1.83203840129362, 47.8633477680021 ], [ 1.83207478809839, 47.863365771853303 ], [ 1.83214860837289, 47.863305480935303 ], [ 1.83227085937043, 47.863208138471698 ], [ 1.83232819496371, 47.8631371523905 ], [ 1.83239493065313, 47.863113154213003 ], [ 1.83275651435531, 47.863275436739499 ], [ 1.83279003451635, 47.863289991530202 ], [ 1.8328181154447, 47.863302512018201 ], [ 1.83283279895244, 47.863291677059301 ], [ 1.83286157619288, 47.863302944345698 ], [ 1.83301590435359, 47.863364965046401 ], [ 1.83301122526122, 47.863370949070699 ], [ 1.83285903459244, 47.863570874063697 ], [ 1.83284780021634, 47.863583003452298 ], [ 1.83286665094926, 47.863589491554201 ], [ 1.83279336064611, 47.863662209339303 ], [ 1.83302556464989, 47.863735085614699 ], [ 1.83306725435005, 47.8637491815213 ], [ 1.83337372429188, 47.863845027751999 ], [ 1.83334491262101, 47.863896226062998 ], [ 1.83332325229643, 47.8639384946379 ], [ 1.83343370371033, 47.863970375696397 ], [ 1.83345870318277, 47.863928320317797 ], [ 1.83348497530674, 47.8638831272931 ], [ 1.83350106451698, 47.8638570048075 ], [ 1.83350894180332, 47.863845472042499 ], [ 1.83406661262716, 47.862886575127703 ], [ 1.83416342097484, 47.862912289399297 ], [ 1.8344997269395, 47.863001498574697 ], [ 1.83467403128726, 47.8626528271894 ], [ 1.83503118738527, 47.861955748381099 ], [ 1.83503676118849, 47.861945542761802 ], [ 1.83505583674973, 47.861911258930199 ], [ 1.83529543358089, 47.861963952338797 ], [ 1.8353820178771, 47.861766523227601 ], [ 1.83545017681912, 47.8616103150421 ], [ 1.83552025872762, 47.861451785672401 ], [ 1.83561681863164, 47.861232403278798 ], [ 1.83564467325265, 47.861175884368201 ], [ 1.83572597016558, 47.860993793914801 ], [ 1.8357939950034, 47.860843614716302 ], [ 1.83585685695786, 47.860703195166899 ], [ 1.8359207291852, 47.860565485854302 ], [ 1.83598064867501, 47.860425037027497 ], [ 1.83604828471002, 47.860274223728801 ], [ 1.83612197013413, 47.860103668518498 ] ] ] ] } },
{ "type": "Feature", "properties": { "Name": null, "id": "" }, "geometry": { "type": "MultiPolygon", "coordinates": [ [ [ [ 1.97809056689461, 47.9064399449476 ], [ 1.97786700987519, 47.906412708239898 ], [ 1.97802198079631, 47.905816701672698 ], [ 1.97802546135936, 47.905802781368998 ], [ 1.97792209071389, 47.905790541225102 ], [ 1.97779468685582, 47.905775121661499 ], [ 1.97730191117935, 47.905714848729701 ], [ 1.97718039298005, 47.905699659761602 ], [ 1.97685544224609, 47.905661997489901 ], [ 1.97692380714456, 47.905490235720997 ], [ 1.97687115041748, 47.905478976486599 ], [ 1.9764801470408, 47.905423726909198 ], [ 1.97641553580057, 47.905414613368997 ], [ 1.97654308127139, 47.905158763969901 ], [ 1.9769659467148, 47.904310651722298 ], [ 1.97666079954363, 47.904183517409301 ], [ 1.97665748150317, 47.904182048430499 ], [ 1.97642218288391, 47.904083963415999 ], [ 1.97634702940069, 47.904052436941399 ], [ 1.97627254169287, 47.9040210962294 ], [ 1.97601004433596, 47.904007736986202 ], [ 1.97593275929616, 47.904003462855101 ], [ 1.97593722001291, 47.9040359031831 ], [ 1.97581933517147, 47.9040962577645 ], [ 1.97580384039197, 47.904101522857403 ], [ 1.97558029463134, 47.9041783263403 ], [ 1.9755237555211, 47.904201864141697 ], [ 1.97520384539287, 47.904333538602003 ], [ 1.9748820982506, 47.904463216070397 ], [ 1.97481048089069, 47.904539724230503 ], [ 1.97473841532041, 47.904750334308503 ], [ 1.97471687013716, 47.904826289528103 ], [ 1.97467403848282, 47.904937070409403 ], [ 1.97449688577297, 47.9053005793834 ], [ 1.97439231875578, 47.905468153480697 ], [ 1.97432812620245, 47.905569027218597 ], [ 1.97426616356185, 47.905644539296098 ], [ 1.97425608066427, 47.905653721624603 ], [ 1.97416363624495, 47.905741117911802 ], [ 1.9741373311535, 47.905779319778297 ], [ 1.97409341161933, 47.905842388836497 ], [ 1.97402150069571, 47.905947785161203 ], [ 1.97394318795014, 47.906051955451197 ], [ 1.97361088138118, 47.906505551092302 ], [ 1.97341726264999, 47.906792321011899 ], [ 1.97324529013956, 47.907032567850798 ], [ 1.97327323095894, 47.9070413625074 ], [ 1.97351684922443, 47.907118015399902 ], [ 1.97355551585163, 47.907063631048501 ], [ 1.97399686324916, 47.907181072712703 ], [ 1.97409555119897, 47.9072071359655 ], [ 1.97402766898579, 47.907339478558001 ], [ 1.97396282483059, 47.907466987442099 ], [ 1.97396073722757, 47.907471109377397 ], [ 1.97402053231003, 47.907480182161798 ], [ 1.97429003368749, 47.907519887963304 ], [ 1.97435515293002, 47.907530537143401 ], [ 1.97439478522582, 47.907537003534301 ], [ 1.97442320798951, 47.907541661945203 ], [ 1.97451247934782, 47.907556302119197 ], [ 1.97499955046894, 47.907635437570498 ], [ 1.97547942690948, 47.907712888150101 ], [ 1.97545928494503, 47.9078271072134 ], [ 1.97546677135099, 47.907827622545803 ], [ 1.9755022061893, 47.907829641754603 ], [ 1.9755816260633, 47.907834564759902 ], [ 1.97570008062032, 47.907842258290401 ], [ 1.97597467570873, 47.907860943740701 ], [ 1.97598229422964, 47.907861550195904 ], [ 1.97598136720532, 47.907840211222599 ], [ 1.97598672084233, 47.907840257905498 ], [ 1.97606663428986, 47.9078404146873 ], [ 1.97611093043049, 47.907841070914699 ], [ 1.97620380041869, 47.907842690623802 ], [ 1.97653676545919, 47.907847213000998 ], [ 1.97693934000286, 47.907851710846103 ], [ 1.97706959144684, 47.907886326877097 ], [ 1.9770996013221, 47.907885058213701 ], [ 1.97711599448165, 47.907527526119097 ], [ 1.97712267261889, 47.907528304317303 ], [ 1.97716247723366, 47.907532791189603 ], [ 1.97760847229914, 47.907590227128502 ], [ 1.97761354610052, 47.907590901327403 ], [ 1.97778158455685, 47.907609644870703 ], [ 1.97784648780438, 47.907374309989898 ], [ 1.97793671804896, 47.907040191333898 ], [ 1.9779374374851, 47.907037587486101 ], [ 1.97796984841862, 47.906918524563601 ], [ 1.97799482969734, 47.9068168576989 ], [ 1.97803131824985, 47.906673709218097 ], [ 1.97805030786081, 47.9065981812888 ], [ 1.97807027585456, 47.906520501776697 ], [ 1.97809056689461, 47.9064399449476 ] ] ], [ [ [ 1.97445267390514, 47.905101644627003 ], [ 1.97433235370633, 47.905093843471597 ], [ 1.97415978261006, 47.905095396176399 ], [ 1.97400046099189, 47.905103994694699 ], [ 1.97392835917528, 47.9051084949282 ], [ 1.9737325267787, 47.905122354297298 ], [ 1.97338444302269, 47.905146042878201 ], [ 1.97311035375551, 47.905164257250298 ], [ 1.9727822664548, 47.905185238787098 ], [ 1.97270333017551, 47.905190128504699 ], [ 1.97277768213326, 47.905007080866604 ], [ 1.97263706643876, 47.905003600628298 ], [ 1.97266276002544, 47.904927862072597 ], [ 1.9725666091404, 47.904909290063799 ], [ 1.97256141349181, 47.9049218451595 ], [ 1.97246805573883, 47.9049041975478 ], [ 1.97240643270828, 47.905045054537801 ], [ 1.97218610756364, 47.905003434563298 ], [ 1.97216186832574, 47.905073155481901 ], [ 1.97213530189642, 47.905138625836997 ], [ 1.9720280035944, 47.905426149262397 ], [ 1.97192261651008, 47.905704778893401 ], [ 1.97206115580485, 47.905732632858303 ], [ 1.97195577381956, 47.905969500699896 ], [ 1.9719031072149, 47.905958779173098 ], [ 1.97176952203788, 47.906110526220502 ], [ 1.97099975321679, 47.906991672032497 ], [ 1.9709945487396, 47.9069977466919 ], [ 1.97118207541613, 47.907088223560699 ], [ 1.97096546161193, 47.907365787627398 ], [ 1.97083552863411, 47.907598118983699 ], [ 1.97116807737864, 47.907720737984199 ], [ 1.97099513816316, 47.907975643663001 ], [ 1.97084865726523, 47.908191449268102 ], [ 1.97086055347589, 47.908192363554598 ], [ 1.97191644444799, 47.908276945200903 ], [ 1.97211867201144, 47.908292936009502 ], [ 1.97230767720886, 47.9083073706989 ], [ 1.97294626003692, 47.9072946542396 ], [ 1.97298801069815, 47.9072469573305 ], [ 1.9729960900092, 47.907237577585299 ], [ 1.9730389426284, 47.907188270225198 ], [ 1.97308001000164, 47.907141287337197 ], [ 1.9730743088823, 47.907138447363501 ], [ 1.97312327790708, 47.907091263545702 ], [ 1.97316946059645, 47.907042795289598 ], [ 1.97317588852458, 47.907035741191599 ], [ 1.97324713462958, 47.906951040497603 ], [ 1.9733018800958, 47.906868175581103 ], [ 1.97332657504722, 47.906830229851501 ], [ 1.97363998630981, 47.906329487899697 ], [ 1.97372183537227, 47.906229398900301 ], [ 1.97377187910384, 47.906168093581996 ], [ 1.97389013875215, 47.906019450537499 ], [ 1.97405887227232, 47.905766393811199 ], [ 1.97411949195546, 47.905670349223598 ], [ 1.97417704712058, 47.9055735577994 ], [ 1.97419935963295, 47.9055341509928 ], [ 1.97423424229954, 47.905474603104899 ], [ 1.97445267390514, 47.905101644627003 ] ] ], [ [ [ 1.98225863489731, 47.905591135124702 ], [ 1.98226642848915, 47.905806041688301 ], [ 1.98229653467456, 47.905806662620499 ], [ 1.98230454609865, 47.906024181149 ], [ 1.98246873484429, 47.906020113718597 ], [ 1.98261630714825, 47.906016982145701 ], [ 1.98276053007456, 47.906014001381202 ], [ 1.98290568811593, 47.9060111185427 ], [ 1.98289723479491, 47.905795576330299 ], [ 1.98294653237187, 47.905723730278801 ], [ 1.98295175368975, 47.905723685496298 ], [ 1.98300544595655, 47.9057228904529 ], [ 1.98327056481975, 47.905718705920698 ], [ 1.98353663255177, 47.905713898977403 ], [ 1.98380538728493, 47.905708574661404 ], [ 1.9840264671742, 47.905704367334998 ], [ 1.98406583058223, 47.905675906688799 ], [ 1.98405503261343, 47.905379790900597 ], [ 1.98404855107728, 47.905242839086497 ], [ 1.98404528676172, 47.905105645083502 ], [ 1.98404518909048, 47.9051037541591 ], [ 1.98400046460018, 47.905076636085198 ], [ 1.98373774767974, 47.905081383048298 ], [ 1.98345882127326, 47.905086799139397 ], [ 1.9831811027643, 47.905092045020197 ], [ 1.98289990968421, 47.905096990138603 ], [ 1.98262125077863, 47.905102406558697 ], [ 1.98239427423183, 47.905107100144697 ], [ 1.98233118403983, 47.905151285298501 ], [ 1.98234155684288, 47.905399245656398 ], [ 1.98225062773634, 47.905401337740102 ], [ 1.98225865042312, 47.905590325225198 ], [ 1.98225863489731, 47.905591135124702 ] ], [ [ 1.98225863489731, 47.905591135124702 ], [ 1.98260141735144, 47.905585555089701 ], [ 1.98249068202311, 47.905587385757698 ], [ 1.98237217905978, 47.905589419020103 ], [ 1.98225863489731, 47.905591135124702 ] ] ], [ [ [ 1.98507706206702, 47.904993062024602 ], [ 1.98500875441602, 47.904841175274697 ], [ 1.98500593459943, 47.904835336657101 ], [ 1.9847349135416, 47.904815920049003 ], [ 1.98446728792017, 47.904796748186797 ], [ 1.98419970281421, 47.904777567062901 ], [ 1.9842052662138, 47.904880669535601 ], [ 1.98419964928086, 47.904777566599797 ], [ 1.9840323718406, 47.904765580018797 ], [ 1.98373084759984, 47.904743971092799 ], [ 1.98372584781494, 47.904633151131499 ], [ 1.98369529639895, 47.904532055444697 ], [ 1.98320469044985, 47.904594303181597 ], [ 1.98322454853331, 47.904642843183296 ], [ 1.98324526386958, 47.904693451690001 ], [ 1.98314916843726, 47.904682305166702 ], [ 1.98286938996146, 47.904649856854299 ], [ 1.98258940024258, 47.904654991641301 ], [ 1.98260214948309, 47.904967595369101 ], [ 1.98266969190329, 47.905012372406297 ], [ 1.98288502274432, 47.905007667425799 ], [ 1.983162069948, 47.905002506439402 ], [ 1.98345492845414, 47.9049964916329 ], [ 1.98374201136505, 47.904991506158801 ], [ 1.98404076532485, 47.904985180897903 ], [ 1.98421128382968, 47.905006906904099 ], [ 1.98447653629918, 47.905002540827503 ], [ 1.98474419429449, 47.904998374957302 ], [ 1.98507706206702, 47.904993062024602 ] ] ], [ [ [ 1.98549981215656, 47.905460684408702 ], [ 1.98524389945729, 47.905186391895199 ], [ 1.98503112987914, 47.905190133301197 ], [ 1.98475128684239, 47.905194464497598 ], [ 1.98474614108853, 47.905071564860002 ], [ 1.98447461874745, 47.905074797281003 ], [ 1.98425156327184, 47.9050774582768 ], [ 1.98421370185333, 47.905104401919097 ], [ 1.98422484420282, 47.905368569376499 ], [ 1.98423144304498, 47.905555384263202 ], [ 1.98426223894829, 47.905554930613597 ], [ 1.98427148919153, 47.905764089338497 ], [ 1.9842792492777, 47.905960184605199 ], [ 1.98428000834532, 47.9059764818467 ], [ 1.98441647139692, 47.906176210326002 ], [ 1.9844257900405, 47.906206892180897 ], [ 1.98446338705109, 47.906333762545799 ], [ 1.98449166723113, 47.906429861055798 ], [ 1.98452111074288, 47.906528129701201 ], [ 1.98459061049796, 47.9065547417392 ], [ 1.98478868066089, 47.906486971385597 ], [ 1.98478393422101, 47.906462179334802 ], [ 1.98478063896068, 47.906445500162199 ], [ 1.98477819796471, 47.906433148552303 ], [ 1.98477015800169, 47.906391587338 ], [ 1.98475137805992, 47.906295661034903 ], [ 1.98474831951846, 47.906280603972903 ], [ 1.98470248155044, 47.906227645504998 ], [ 1.98469523173055, 47.906172770561099 ], [ 1.98468963191222, 47.906129610364303 ], [ 1.98468565455183, 47.9060996047372 ], [ 1.98466754859121, 47.905954452189803 ], [ 1.98466685399729, 47.905948775949298 ], [ 1.98465038039229, 47.905795267151298 ], [ 1.98464667804096, 47.905757883587597 ], [ 1.98462460910772, 47.905546993998598 ], [ 1.98462360079284, 47.905536724852404 ], [ 1.98462336582275, 47.905535012749397 ], [ 1.98476415274154, 47.905522639435603 ], [ 1.98479700261163, 47.905519773302103 ], [ 1.98494851863567, 47.905506322473798 ], [ 1.98504201477028, 47.905502990435203 ], [ 1.98511997052492, 47.905500334050302 ], [ 1.98516336754197, 47.9054989090234 ], [ 1.9853505096858, 47.905477395207399 ], [ 1.98549981215656, 47.905460684408702 ] ] ], [ [ [ 1.98440668365348, 47.906596893019902 ], [ 1.98429364508907, 47.906229240257296 ], [ 1.98428255093609, 47.906193412822397 ], [ 1.98419686796892, 47.906061176235603 ], [ 1.98414591065511, 47.906058935358701 ], [ 1.98414452338566, 47.905816633296197 ], [ 1.98409764998125, 47.905789856702 ], [ 1.98387617340089, 47.905793790721397 ], [ 1.98360826260657, 47.905796962417199 ], [ 1.98333901169754, 47.905800211903703 ], [ 1.98333830288268, 47.905802275853503 ], [ 1.98303082766626, 47.905809423875098 ], [ 1.98303596792997, 47.905911442648502 ], [ 1.98304052004865, 47.906009226145599 ], [ 1.98304271164924, 47.906062527344098 ], [ 1.98304488256895, 47.906116908406602 ], [ 1.98292664439445, 47.906119034534697 ], [ 1.98278538629107, 47.9061209611423 ], [ 1.9826374380648, 47.906122739616897 ], [ 1.98264680386949, 47.906367450930397 ], [ 1.98259348658935, 47.906369599119998 ], [ 1.98258346219363, 47.906124342072097 ], [ 1.98243095315294, 47.906126620794502 ], [ 1.98227039491826, 47.906129819601396 ], [ 1.98219941831066, 47.906131454547797 ], [ 1.98216982141034, 47.906132188062998 ], [ 1.98214685225857, 47.906122358574599 ], [ 1.98212606073453, 47.906110657878003 ], [ 1.98212566440043, 47.9061103844314 ], [ 1.9821255226763, 47.906103812928599 ], [ 1.98212309858215, 47.906034759032899 ], [ 1.98211297388643, 47.905801831523803 ], [ 1.98211161065416, 47.905712355952701 ], [ 1.98210689808904, 47.9056230313521 ], [ 1.98210637211566, 47.905615556478701 ], [ 1.98209864179203, 47.905425311462601 ], [ 1.98209032269957, 47.905237851438002 ], [ 1.98208485698628, 47.905125677314501 ], [ 1.98191681032031, 47.905141204226403 ], [ 1.98190729925264, 47.905240701983601 ], [ 1.98190356441742, 47.905279803258402 ], [ 1.98167910461306, 47.905285138314902 ], [ 1.98168354628075, 47.905432513060902 ], [ 1.98168820035456, 47.905622551432799 ], [ 1.98169391704831, 47.9057781275488 ], [ 1.98170295429454, 47.905809437227703 ], [ 1.98176889910325, 47.906042218783497 ], [ 1.98179847041475, 47.906147509581402 ], [ 1.98186881734293, 47.906395089809699 ], [ 1.98175455565291, 47.906399229321501 ], [ 1.98170834204449, 47.906400898682698 ], [ 1.98176963921938, 47.906603848611098 ], [ 1.9818345574044, 47.906806469858601 ], [ 1.98185339998817, 47.906863965597402 ], [ 1.98219109269805, 47.906810100571697 ], [ 1.98266991786236, 47.906732976297 ], [ 1.98274913936896, 47.9067202520203 ], [ 1.98279020606395, 47.906861463558499 ], [ 1.98327952247022, 47.906795678142601 ], [ 1.98326383878293, 47.906740910104503 ], [ 1.98325430129693, 47.906707706163701 ], [ 1.98324915344864, 47.9066899308621 ], [ 1.9833265647807, 47.906673860387201 ], [ 1.98347587754363, 47.906642841638501 ], [ 1.98347545246729, 47.906637077721498 ], [ 1.98345718338343, 47.906339817305501 ], [ 1.98394237416011, 47.906349416560097 ], [ 1.9840208809473, 47.906583835436997 ], [ 1.98415715520758, 47.906562603428597 ], [ 1.98420624827372, 47.906662302177303 ], [ 1.98422776934109, 47.9067058701145 ], [ 1.98435968703606, 47.906660479196901 ], [ 1.98440668365348, 47.906596893019902 ] ] ] ] } }
]
}
