{
"type": "FeatureCollection",
"name": "Touraine-OISLY",
"crs": { "type": "name", "properties": { "name": "urn:ogc:def:crs:OGC:1.3:CRS84" } },
"features": [
{ "type": "Feature", "properties": { "Name": null, "id": "" }, "geometry": { "type": "MultiPolygon", "coordinates": [ [ [ [ 1.38327968967105, 47.382821592672698 ], [ 1.38195186760517, 47.382843329436596 ], [ 1.38312264271404, 47.383081603868199 ], [ 1.38321398803444, 47.3831003600841 ], [ 1.38327968967105, 47.382821592672698 ] ] ], [ [ [ 1.35978290295743, 47.387346792455197 ], [ 1.35933451733583, 47.3871213258262 ], [ 1.35879126998021, 47.3868418537606 ], [ 1.35832264830931, 47.386606841248998 ], [ 1.35804624875025, 47.386465185298398 ], [ 1.35825964590917, 47.3861357530281 ], [ 1.35674611084084, 47.385525091446297 ], [ 1.35708957495132, 47.384914233179998 ], [ 1.35734357078068, 47.384477327885598 ], [ 1.3577198342223, 47.383821415810097 ], [ 1.35809094547464, 47.383164178125398 ], [ 1.35803732143777, 47.383151157208502 ], [ 1.35804167962579, 47.383143475306902 ], [ 1.35818931842897, 47.382883003251003 ], [ 1.35854602678704, 47.382253707176702 ], [ 1.35792333743634, 47.381855857386398 ], [ 1.35754333827777, 47.382053862764202 ], [ 1.35717917517694, 47.382248507126597 ], [ 1.35688291184545, 47.3824072296607 ], [ 1.35638423285103, 47.382675585932503 ], [ 1.35552011953563, 47.383141433670403 ], [ 1.35504902801426, 47.383395966229699 ], [ 1.35418558756598, 47.384138021401398 ], [ 1.35390795692279, 47.384377532341297 ], [ 1.35368521648113, 47.384572781850601 ], [ 1.35358279123117, 47.384662524051699 ], [ 1.35338200481456, 47.384838284061601 ], [ 1.35316883202386, 47.385024484008902 ], [ 1.35312714670562, 47.385060855005001 ], [ 1.35416700965149, 47.385748812936903 ], [ 1.35557037805881, 47.386682328784502 ], [ 1.356600888515, 47.387370761555701 ], [ 1.35706903357881, 47.387683613866898 ], [ 1.35757885004424, 47.388024326041702 ], [ 1.35793554624941, 47.388263045772803 ], [ 1.35838385575914, 47.388558243555501 ], [ 1.35883612845172, 47.3888506051645 ], [ 1.35886247014253, 47.388808253037503 ], [ 1.3592197209355, 47.388235914065 ], [ 1.35978290295743, 47.387346792455197 ] ] ], [ [ [ 1.3961117167796, 47.387957535278403 ], [ 1.39605353778309, 47.387560497206202 ], [ 1.395998424918, 47.387184642532802 ], [ 1.39594539238878, 47.386823033657002 ], [ 1.39594383802762, 47.3867783797699 ], [ 1.39446509988282, 47.386767546900003 ], [ 1.39451690490558, 47.3871304091995 ], [ 1.39439575071337, 47.387137145639102 ], [ 1.39374525267207, 47.387173287314297 ], [ 1.39357911796209, 47.387182543779304 ], [ 1.39354066087491, 47.386695638247303 ], [ 1.39313880002429, 47.386689499100903 ], [ 1.39283167064439, 47.386686766162697 ], [ 1.39231370800389, 47.386682044339999 ], [ 1.39223504249099, 47.3866813796119 ], [ 1.39221163429094, 47.386757697333898 ], [ 1.39218282737915, 47.3868332200691 ], [ 1.39216133371382, 47.386881499006101 ], [ 1.39208243577815, 47.386970807238903 ], [ 1.39065173648656, 47.386870812135903 ], [ 1.39066348357338, 47.3868116028166 ], [ 1.38865422262708, 47.386670815964798 ], [ 1.38843615980234, 47.386649992455901 ], [ 1.38831818609944, 47.386638695741702 ], [ 1.38819773993926, 47.386627175544497 ], [ 1.38796937824998, 47.386605398009003 ], [ 1.38787637616699, 47.386596518020603 ], [ 1.38776427397677, 47.387371895369398 ], [ 1.38749792902667, 47.387356595254403 ], [ 1.38750673096442, 47.387282137712397 ], [ 1.3873668238435, 47.387265664692301 ], [ 1.38737091823644, 47.3872269505232 ], [ 1.38741874532483, 47.386770952086401 ], [ 1.38730678401674, 47.386762519965401 ], [ 1.38711250267333, 47.386747975480802 ], [ 1.38696011289104, 47.386736632083597 ], [ 1.38660405188155, 47.386709982571197 ], [ 1.38654509498663, 47.386705544744302 ], [ 1.38624791042813, 47.386664431566402 ], [ 1.38604615450427, 47.386651573317202 ], [ 1.38605965621867, 47.3871160851714 ], [ 1.38609915976135, 47.387876071067097 ], [ 1.38736791541172, 47.387961126031399 ], [ 1.38767503614474, 47.387989966590901 ], [ 1.38800145563211, 47.388033102063901 ], [ 1.38814296897845, 47.388057520017 ], [ 1.38871032240112, 47.388183885631797 ], [ 1.38883738231669, 47.388200890254502 ], [ 1.38913596147129, 47.388222846593202 ], [ 1.38980263777455, 47.388229975360296 ], [ 1.39012514193445, 47.388241113655802 ], [ 1.39115829295141, 47.388324583976797 ], [ 1.39193596499576, 47.388301776767598 ], [ 1.39203125255962, 47.3883008797889 ], [ 1.3921418814041, 47.388299933794002 ], [ 1.39240996113158, 47.388314607891402 ], [ 1.39255587895318, 47.388330176457103 ], [ 1.39270191910237, 47.388345647486503 ], [ 1.39390943528715, 47.388510558238401 ], [ 1.39446532731195, 47.388587683806797 ], [ 1.39465384361978, 47.388609069283099 ], [ 1.39474876197838, 47.388610776108301 ], [ 1.39490836223256, 47.3885953950778 ], [ 1.3949773378114, 47.388583687857 ], [ 1.39504470881194, 47.388568446916501 ], [ 1.39511006707804, 47.388549576585497 ], [ 1.3951389678955, 47.388539909170497 ], [ 1.3956414783201, 47.388241477156299 ], [ 1.3961117167796, 47.387957535278403 ] ] ], [ [ [ 1.38600172247065, 47.387886297428402 ], [ 1.38598918074474, 47.387683237505797 ], [ 1.38597954684033, 47.387480037854402 ], [ 1.38597743501353, 47.387423787918898 ], [ 1.38595559892753, 47.386908045003601 ], [ 1.3859545683652, 47.386738801551502 ], [ 1.38594544122355, 47.386682616266498 ], [ 1.38593587233544, 47.386675019140299 ], [ 1.38592440504366, 47.386668827282698 ], [ 1.38591130141464, 47.386664143375199 ], [ 1.38590684138121, 47.386663000976903 ], [ 1.38554762595119, 47.3866094906641 ], [ 1.38540071127977, 47.386588055791499 ], [ 1.38519318746396, 47.386556306699198 ], [ 1.38498506063911, 47.386526538727999 ], [ 1.38490247433416, 47.386515198909898 ], [ 1.38477895954363, 47.386495988170999 ], [ 1.38475996638132, 47.386479967364998 ], [ 1.38475927410431, 47.386464218843301 ], [ 1.38480209446427, 47.386269329050599 ], [ 1.3848129500843, 47.386201193922403 ], [ 1.38480761506636, 47.386172325165603 ], [ 1.38479663718376, 47.386163537850301 ], [ 1.38477639682883, 47.386158115371799 ], [ 1.38450832850288, 47.386117510269102 ], [ 1.38435165778074, 47.386094317754399 ], [ 1.38413278541157, 47.386061328531 ], [ 1.38392932679741, 47.386030272922902 ], [ 1.38379139844025, 47.386009870303297 ], [ 1.38384205291694, 47.3858797831045 ], [ 1.38392588499329, 47.385627172099703 ], [ 1.38415672843714, 47.384663212083296 ], [ 1.38417422687429, 47.384542271041603 ], [ 1.38416924717973, 47.384497668247299 ], [ 1.38416416450014, 47.384452523782798 ], [ 1.38413336352993, 47.384386231688303 ], [ 1.38403591941433, 47.384212559374703 ], [ 1.38394114552666, 47.384038284797697 ], [ 1.38389745398316, 47.383955885408803 ], [ 1.38378992785185, 47.383757410817502 ], [ 1.38374970577882, 47.383683073120402 ], [ 1.38370693431738, 47.383609312227897 ], [ 1.38369344872462, 47.383586983976798 ], [ 1.3836149762023, 47.383503101405303 ], [ 1.38346832550001, 47.383375150707401 ], [ 1.38342928147254, 47.383343553071299 ], [ 1.38322911669301, 47.3831811830064 ], [ 1.38317021172189, 47.383141304515803 ], [ 1.3831485151999, 47.383131458535502 ], [ 1.38309600505174, 47.383107687006898 ], [ 1.38305976428042, 47.383101402362897 ], [ 1.38227843280221, 47.382941101677901 ], [ 1.38181866299768, 47.382845923187901 ], [ 1.38179320615125, 47.382846478211803 ], [ 1.38166557188204, 47.383149008545601 ], [ 1.3813253070116, 47.383940284799401 ], [ 1.38147458332557, 47.383974984679 ], [ 1.38151343468942, 47.383982197548796 ], [ 1.38118087905626, 47.385085225713503 ], [ 1.38152743557716, 47.385145227441299 ], [ 1.38140080733294, 47.385598659654498 ], [ 1.38139468505415, 47.385620967260401 ], [ 1.3813680164721, 47.385716956319001 ], [ 1.38133044015716, 47.385852356888499 ], [ 1.38131865260535, 47.385894565391403 ], [ 1.38130838514754, 47.385931653797897 ], [ 1.38157180739971, 47.385963125656303 ], [ 1.38152543586829, 47.386208081034098 ], [ 1.38151282127419, 47.386272859960101 ], [ 1.38149355298481, 47.386369204160999 ], [ 1.38146630157511, 47.386505576848599 ], [ 1.38143451521186, 47.386672274735702 ], [ 1.38122252958034, 47.386651801393299 ], [ 1.38100450571872, 47.386628893537299 ], [ 1.38079051624812, 47.386605420189397 ], [ 1.38071762631747, 47.386597453868298 ], [ 1.38015569929754, 47.386511155884897 ], [ 1.38014431441475, 47.386609338493798 ], [ 1.38011842085382, 47.386833617460901 ], [ 1.38009490668346, 47.387037058384401 ], [ 1.3800845928066, 47.387113826472898 ], [ 1.38072263558775, 47.387155066660299 ], [ 1.38094440302805, 47.387172174577302 ], [ 1.38115931221045, 47.387188097089002 ], [ 1.3813650229839, 47.387201739184299 ], [ 1.38148732424593, 47.387209780744499 ], [ 1.38154136793054, 47.387213603491404 ], [ 1.38166140247225, 47.3872220725125 ], [ 1.38195539672441, 47.387246765812399 ], [ 1.3820852003243, 47.387260142456199 ], [ 1.38221533687371, 47.387271713793197 ], [ 1.38228471553884, 47.387277010146597 ], [ 1.3830966288765, 47.3873428333265 ], [ 1.38324616882744, 47.387360345859797 ], [ 1.3837221718872, 47.387419763859 ], [ 1.38380124643904, 47.387432847459202 ], [ 1.38418605603767, 47.387502565776899 ], [ 1.38434511074739, 47.387530374584401 ], [ 1.38484802699673, 47.387610150713797 ], [ 1.38521623606993, 47.387676915752998 ], [ 1.38536141641886, 47.387716415641201 ], [ 1.38563941603022, 47.387799988289899 ], [ 1.38600172247065, 47.387886297428402 ] ] ], [ [ [ 1.38597677727513, 47.387905453640499 ], [ 1.38567233104163, 47.387836704228903 ], [ 1.38556338568319, 47.387808620718999 ], [ 1.38545905503319, 47.387776549420103 ], [ 1.38535361009292, 47.387746263337597 ], [ 1.38524718365083, 47.387717755309303 ], [ 1.38521551502854, 47.387709662082798 ], [ 1.38513533427324, 47.387693664820802 ], [ 1.38494717956776, 47.387664453406202 ], [ 1.38432849183219, 47.387562269698698 ], [ 1.38379987836388, 47.387468997296502 ], [ 1.38371455666065, 47.387455997917002 ], [ 1.38356757757124, 47.387441042705198 ], [ 1.38309921168053, 47.387387321747198 ], [ 1.38293583774271, 47.387371759538702 ], [ 1.38231051291431, 47.3873298351497 ], [ 1.38216956292915, 47.387320724584399 ], [ 1.38194896270793, 47.387304886814398 ], [ 1.38172613996159, 47.3872871358599 ], [ 1.38116413957543, 47.3872420619821 ], [ 1.38108761071019, 47.387236467299402 ], [ 1.3804365416227, 47.387191905279899 ], [ 1.38036073165798, 47.387188850243597 ], [ 1.37988999613021, 47.387160627490999 ], [ 1.37966286309291, 47.387145594718 ], [ 1.37962201834944, 47.387142855463097 ], [ 1.37950281574221, 47.3871419682552 ], [ 1.37938083583885, 47.387140853125302 ], [ 1.37925896055972, 47.387141540117803 ], [ 1.37921281233203, 47.387142319360102 ], [ 1.37913236801283, 47.387147842710398 ], [ 1.37908588297031, 47.387369835479497 ], [ 1.37907414307116, 47.3874196077455 ], [ 1.37903498284308, 47.387593135254697 ], [ 1.37899860777518, 47.387767061734301 ], [ 1.37904551158963, 47.387766743302798 ], [ 1.37911229437549, 47.387766260824101 ], [ 1.37919603811207, 47.387765654616899 ], [ 1.3792698342387, 47.387765179786904 ], [ 1.37931449836126, 47.387764830022903 ], [ 1.37931152158342, 47.387779095811197 ], [ 1.37928855213929, 47.387832376148701 ], [ 1.37931064722009, 47.387923381025601 ], [ 1.37933279923281, 47.388012504860598 ], [ 1.37933436099844, 47.3880858458419 ], [ 1.37933345634018, 47.388174990394397 ], [ 1.37932927951187, 47.388477221927303 ], [ 1.37931957486412, 47.3885592297082 ], [ 1.37931605694691, 47.3886128892483 ], [ 1.37935745976157, 47.3886151861755 ], [ 1.37935764719822, 47.3886089850647 ], [ 1.37948718655245, 47.388596978737098 ], [ 1.37954145629387, 47.3885942416631 ], [ 1.38006129842903, 47.388629101518397 ], [ 1.38022101378803, 47.388642987026302 ], [ 1.38040791585475, 47.3886610327189 ], [ 1.38059436310544, 47.3886809716073 ], [ 1.38059336744898, 47.388683208725702 ], [ 1.38047519473468, 47.388965466108203 ], [ 1.3809384982221, 47.388986559662399 ], [ 1.38107144935924, 47.388992868088103 ], [ 1.3811335861718, 47.3890040338663 ], [ 1.38309598802996, 47.389357025024303 ], [ 1.38315998690056, 47.389309987114302 ], [ 1.38336336580422, 47.389163358971501 ], [ 1.38345831866084, 47.389095790154201 ], [ 1.38350488957651, 47.389067850190401 ], [ 1.38360003277636, 47.389019903494798 ], [ 1.38365925639029, 47.388994021211701 ], [ 1.38377303155668, 47.388952095940503 ], [ 1.3837982235101, 47.388942829950601 ], [ 1.38390031911157, 47.388910097282697 ], [ 1.38401932174617, 47.388874637239603 ], [ 1.38415359631101, 47.388824712916502 ], [ 1.38510394981194, 47.388440321939001 ], [ 1.38521382574914, 47.388395279776397 ], [ 1.38532217321028, 47.388348595573298 ], [ 1.38538114347695, 47.388322267715502 ], [ 1.38553804765964, 47.388239305512997 ], [ 1.3856068878469, 47.3881973667159 ], [ 1.38569161454403, 47.388143871323798 ], [ 1.38579161786786, 47.388066925633197 ], [ 1.38597677727513, 47.387905453640499 ] ] ], [ [ [ 1.38667620462545, 47.390528787857001 ], [ 1.38660111755876, 47.390407696484402 ], [ 1.38657629309748, 47.390340416771501 ], [ 1.38648066178526, 47.3900477314141 ], [ 1.38637515665922, 47.389735127242901 ], [ 1.38633843813154, 47.389538385888898 ], [ 1.38630449787859, 47.3893414129478 ], [ 1.38627985085832, 47.3891867704139 ], [ 1.38625136059666, 47.389015336199002 ], [ 1.38621957042958, 47.3888865888363 ], [ 1.38619651914964, 47.388787306592498 ], [ 1.38611308131633, 47.388382159665497 ], [ 1.38604409144076, 47.388059094998198 ], [ 1.38602675877065, 47.387963655712703 ], [ 1.38594827382571, 47.3880392886526 ], [ 1.38588971770738, 47.388090635488702 ], [ 1.38582895672169, 47.388140790173601 ], [ 1.38577939643336, 47.388179575307397 ], [ 1.38572607348136, 47.388216507385799 ], [ 1.38567077641578, 47.3882520704407 ], [ 1.38561369104635, 47.388286258045397 ], [ 1.38555478032578, 47.388318979643699 ], [ 1.38549516076639, 47.388349701497901 ], [ 1.38541627857482, 47.388385648204498 ], [ 1.38533588096531, 47.3884199621059 ], [ 1.38528181980505, 47.388441766116102 ], [ 1.38492074528946, 47.388585162434303 ], [ 1.38474925241643, 47.388656324051396 ], [ 1.38449254751585, 47.3887578421472 ], [ 1.38431824655197, 47.388829756464403 ], [ 1.38414481542753, 47.3888991885227 ], [ 1.38398672371988, 47.388956309068099 ], [ 1.38385258743014, 47.388997231183403 ], [ 1.38379183876266, 47.389016969682501 ], [ 1.38372389054471, 47.389041551222199 ], [ 1.38364591194053, 47.389074718087699 ], [ 1.38356150989273, 47.389113369030603 ], [ 1.38352052931285, 47.389141026588703 ], [ 1.38348173394189, 47.389170083116198 ], [ 1.38325761377618, 47.389348981276498 ], [ 1.38318947905363, 47.389397312312703 ], [ 1.38311927768962, 47.389444263976301 ], [ 1.38306266797505, 47.3894801677149 ], [ 1.38305533693704, 47.3896656639836 ], [ 1.38304664026584, 47.389878855369901 ], [ 1.38353378326721, 47.389921330223103 ], [ 1.38403131026715, 47.389966387425297 ], [ 1.38416230110991, 47.389975798397799 ], [ 1.38461358313587, 47.390013358352697 ], [ 1.38507620991377, 47.3900519745266 ], [ 1.38507664004039, 47.390046938298298 ], [ 1.38507739005126, 47.390035243602 ], [ 1.38518672135281, 47.390038328916702 ], [ 1.38533669661469, 47.390042536859298 ], [ 1.38532077630298, 47.3902625519545 ], [ 1.38530846522508, 47.390442405595003 ], [ 1.38561098773069, 47.390461913481097 ], [ 1.38584103109418, 47.3904772359151 ], [ 1.38604250378565, 47.390491170839098 ], [ 1.3866622854889, 47.390533546864397 ], [ 1.38667620462545, 47.390528787857001 ] ] ], [ [ [ 1.39731053336911, 47.3927296965023 ], [ 1.39730072064494, 47.3926906914215 ], [ 1.39725254116062, 47.3924989195826 ], [ 1.39714163444595, 47.392061827128003 ], [ 1.39702046075971, 47.391593457416398 ], [ 1.39698894327708, 47.391475963155202 ], [ 1.3968695131531, 47.39101544156 ], [ 1.39675564408695, 47.39055435713 ], [ 1.39643707225729, 47.389276378767697 ], [ 1.39642800263493, 47.389244487871601 ], [ 1.39639740650766, 47.389135730789803 ], [ 1.39632889763206, 47.388877823146501 ], [ 1.39626605963343, 47.388619174296799 ], [ 1.3962334483696, 47.388477191901799 ], [ 1.3961154450726, 47.388026142535999 ], [ 1.39521710190064, 47.388584557694003 ], [ 1.39519082222828, 47.3885948015457 ], [ 1.39512886214689, 47.388618851064798 ], [ 1.39499543410282, 47.388650611693599 ], [ 1.39483702829099, 47.388679677282703 ], [ 1.39481525320932, 47.388681168410997 ], [ 1.39474474586244, 47.3886860204139 ], [ 1.39460982092284, 47.388675657618499 ], [ 1.3939649685776, 47.3885961783566 ], [ 1.39382185629885, 47.388575437068098 ], [ 1.39324588300299, 47.388491980236402 ], [ 1.39274673620909, 47.3884220261031 ], [ 1.39264138187012, 47.388406235277799 ], [ 1.39252784675774, 47.388393113453397 ], [ 1.39241368177524, 47.3883837554515 ], [ 1.39229886012347, 47.388378169903902 ], [ 1.3922035365459, 47.388376284393097 ], [ 1.39150503468929, 47.388395803900103 ], [ 1.39118287422752, 47.388404104679203 ], [ 1.39114874955402, 47.3884018226493 ], [ 1.39097754067648, 47.388390485280702 ], [ 1.39076411668445, 47.388373431080097 ], [ 1.39052149066666, 47.388353973337303 ], [ 1.39038538324803, 47.388342418734197 ], [ 1.39021562442003, 47.388331370432901 ], [ 1.39004548440068, 47.388324188293602 ], [ 1.38982033943157, 47.3883133538218 ], [ 1.38936513666008, 47.3883047342308 ], [ 1.38913780714603, 47.388300423031303 ], [ 1.3888532811666, 47.3882824431142 ], [ 1.38872130374257, 47.388261858823 ], [ 1.38847321413837, 47.388209393679197 ], [ 1.38826641254884, 47.388170114921799 ], [ 1.38798332366495, 47.388117595682203 ], [ 1.38774426111938, 47.388077580518797 ], [ 1.38728867283823, 47.388039090364103 ], [ 1.386985433071, 47.388013454011499 ], [ 1.38609748508175, 47.387930386597901 ], [ 1.38612176838315, 47.388122183480199 ], [ 1.3861889786298, 47.388473117580297 ], [ 1.38628529749421, 47.388911091494698 ], [ 1.38636225450566, 47.389354108807403 ], [ 1.38645419374619, 47.389827569105101 ], [ 1.38662006430787, 47.3903129679613 ], [ 1.38665472031955, 47.390400732977398 ], [ 1.38673998866629, 47.390531131591203 ], [ 1.38676246780795, 47.390541086721299 ], [ 1.38690787416278, 47.390551333879998 ], [ 1.3872986785681, 47.3905786620914 ], [ 1.38841212260152, 47.390683888895097 ], [ 1.38954489375708, 47.390798664738298 ], [ 1.38979426520652, 47.3908238902427 ], [ 1.39003648572237, 47.390848385910097 ], [ 1.39026686038842, 47.390873959596199 ], [ 1.39043839131082, 47.390892937672199 ], [ 1.39051879187397, 47.390901821114198 ], [ 1.3906368539218, 47.390914917444398 ], [ 1.39101201615828, 47.390971432374997 ], [ 1.39120481707367, 47.3910044796637 ], [ 1.39151720558452, 47.391078906454197 ], [ 1.39189818347121, 47.391170578200096 ], [ 1.39190749674882, 47.391173048035299 ], [ 1.39249098108545, 47.391332364791197 ], [ 1.39265058363324, 47.391376907818803 ], [ 1.39272860872967, 47.391398722506402 ], [ 1.39277207688469, 47.3914109384665 ], [ 1.39332134250116, 47.3915712095435 ], [ 1.39358991734163, 47.391648239574003 ], [ 1.39367528757622, 47.391672748225702 ], [ 1.39419087902598, 47.3918206646931 ], [ 1.39443839020368, 47.391893620153098 ], [ 1.39481837281312, 47.392005599219402 ], [ 1.39522149757673, 47.3921232267558 ], [ 1.39577564130922, 47.392284903903601 ], [ 1.39619854457662, 47.392409904957901 ], [ 1.39689544650527, 47.3926127307843 ], [ 1.39715644642925, 47.3926862354772 ], [ 1.39731053336911, 47.3927296965023 ] ] ], [ [ [ 1.40904537990553, 47.395672509017402 ], [ 1.40873884140615, 47.395570865516198 ], [ 1.40825595024613, 47.395468193682703 ], [ 1.40775875662564, 47.3953663053762 ], [ 1.40769774064338, 47.395355376473603 ], [ 1.40726358207402, 47.396042295072398 ], [ 1.40690784638902, 47.395972890932299 ], [ 1.40682754340425, 47.395999207406199 ], [ 1.40668892385428, 47.396043317691799 ], [ 1.40636526603251, 47.395960053313502 ], [ 1.40574989085835, 47.3969664335213 ], [ 1.40655664169253, 47.397488721972998 ], [ 1.40734947144552, 47.396908084933798 ], [ 1.40821414184449, 47.3962769510483 ], [ 1.40904537990553, 47.395672509017402 ] ] ], [ [ [ 1.35316595918295, 47.391588641231003 ], [ 1.3527207123894, 47.391473493148602 ], [ 1.3515486221137, 47.391170471813702 ], [ 1.35179423208577, 47.3907918508893 ], [ 1.35184150593837, 47.390733877957203 ], [ 1.35195560880635, 47.390593826381497 ], [ 1.35212469572235, 47.390386483735497 ], [ 1.3522534561959, 47.390256093835703 ], [ 1.35260235760636, 47.389938271528102 ], [ 1.35248206631941, 47.389866884884199 ], [ 1.35226644317968, 47.389713146912101 ], [ 1.35212645741825, 47.389585880964098 ], [ 1.35183006703787, 47.389313017674901 ], [ 1.35177207155229, 47.389269525434798 ], [ 1.35095929638214, 47.389946977873898 ], [ 1.35110977268002, 47.390044347624098 ], [ 1.35094979102546, 47.390253006546999 ], [ 1.35080996892729, 47.390435137269002 ], [ 1.35049117940504, 47.3903146249733 ], [ 1.35022343885476, 47.3902134745097 ], [ 1.34992375644043, 47.390099903723502 ], [ 1.34975394241511, 47.390031665044603 ], [ 1.3500386451409, 47.389586315404401 ], [ 1.3492043947442, 47.389011352013398 ], [ 1.3491295578222, 47.3890985107533 ], [ 1.34896810617394, 47.389286716105602 ], [ 1.34882342317975, 47.389455197479101 ], [ 1.34867569727872, 47.389627309092603 ], [ 1.34843996245553, 47.389902166749799 ], [ 1.34829669458857, 47.389865790074303 ], [ 1.34807176148799, 47.3898067512539 ], [ 1.34774248820363, 47.390215626858399 ], [ 1.34759441821177, 47.3906374857552 ], [ 1.34772601529902, 47.390720473280503 ], [ 1.34818910538925, 47.391012508088998 ], [ 1.34850392616949, 47.391212763886301 ], [ 1.34864940589899, 47.391305302678703 ], [ 1.34844164250738, 47.391759584346701 ], [ 1.3483813859091, 47.391893221314 ], [ 1.34828266719665, 47.3921123901968 ], [ 1.3482387661744, 47.392209631114802 ], [ 1.34782741186135, 47.392133744052202 ], [ 1.34740468036054, 47.392057054513003 ], [ 1.34699045233071, 47.391983275563199 ], [ 1.34656347681788, 47.391906693662399 ], [ 1.3461109773956, 47.391824983962401 ], [ 1.34572654119675, 47.3917939161324 ], [ 1.34563358001597, 47.391784471749098 ], [ 1.34558153004146, 47.391779121032002 ], [ 1.34555934931982, 47.391776905550202 ], [ 1.34545250844286, 47.3917660839832 ], [ 1.3450499745119, 47.391725122048399 ], [ 1.34488653820721, 47.391706732311697 ], [ 1.34499319399057, 47.391212831251899 ], [ 1.34478695614565, 47.391194525361698 ], [ 1.3443456568538, 47.391156151406598 ], [ 1.34425407798289, 47.391148787505699 ], [ 1.34416212038462, 47.391145100785202 ], [ 1.34412861324149, 47.391144713599502 ], [ 1.34430178630973, 47.390293886215098 ], [ 1.34431446624184, 47.390140034858199 ], [ 1.34434468968226, 47.389775297808697 ], [ 1.34406085193635, 47.389823163524603 ], [ 1.34377567290102, 47.389867218748101 ], [ 1.34348942482924, 47.389907665436802 ], [ 1.34339735106859, 47.389919823521403 ], [ 1.34305997007898, 47.389952319306801 ], [ 1.3427172606896, 47.389984747165698 ], [ 1.34242528192462, 47.389996503741799 ], [ 1.34222207847888, 47.3900045912889 ], [ 1.34190701592403, 47.390017629126497 ], [ 1.34164886023844, 47.3900285245387 ], [ 1.34162233584044, 47.390162909600001 ], [ 1.34137815254707, 47.391263347867998 ], [ 1.34121319257829, 47.392003538853501 ], [ 1.3417729865275, 47.392211981049797 ], [ 1.34227621883207, 47.392402875529598 ], [ 1.34255533361428, 47.392508708413999 ], [ 1.34271047440998, 47.392567744367398 ], [ 1.34283758058205, 47.392616196972298 ], [ 1.34337657123092, 47.392820291887702 ], [ 1.34344179314211, 47.392844811731003 ], [ 1.34394402919986, 47.393034424012903 ], [ 1.34397976914056, 47.393047988905501 ], [ 1.34410768580125, 47.393096460627298 ], [ 1.3445596110063, 47.393267876814598 ], [ 1.34501379190037, 47.393439764496598 ], [ 1.34521136071917, 47.393514536690098 ], [ 1.34532147337705, 47.393556081660599 ], [ 1.34573809052455, 47.393713475601302 ], [ 1.3460237688333, 47.393821464213403 ], [ 1.34615915019089, 47.393872650962102 ], [ 1.34645702013459, 47.393985232864999 ], [ 1.34661487110167, 47.394046093790003 ], [ 1.34694475072346, 47.394173346923303 ], [ 1.34831054551161, 47.394688058446299 ], [ 1.34856135839171, 47.394784911612 ], [ 1.34877814175599, 47.394868585309197 ], [ 1.34905571496451, 47.394968887777502 ], [ 1.34933055955729, 47.395072572345903 ], [ 1.34941445974473, 47.3951051873862 ], [ 1.35015150210876, 47.3953880640695 ], [ 1.3508911733089, 47.395667632739801 ], [ 1.35115674445592, 47.395766949455101 ], [ 1.35147469528617, 47.395460901203798 ], [ 1.35175117907851, 47.3951932065306 ], [ 1.35186257750875, 47.394920605086199 ], [ 1.35200415938402, 47.394577533893298 ], [ 1.35208596539736, 47.394381514911899 ], [ 1.35216325232517, 47.394199198925399 ], [ 1.35226244166679, 47.393965186201797 ], [ 1.35238729032432, 47.393669391415798 ], [ 1.35247503880914, 47.3934615620513 ], [ 1.35253331952265, 47.393323771346502 ], [ 1.35268668654912, 47.392963245368001 ], [ 1.35272167668928, 47.392882606087902 ], [ 1.35295822558028, 47.392459671988597 ], [ 1.35274344787007, 47.392460149741702 ], [ 1.35269871528881, 47.392467331426403 ], [ 1.35316595918295, 47.391588641231003 ] ] ], [ [ [ 1.38676619548766, 47.393180521407402 ], [ 1.38672666363633, 47.391423424894001 ], [ 1.38661599612453, 47.390625726001602 ], [ 1.38629896408568, 47.390604119529499 ], [ 1.38574148339181, 47.390564443430897 ], [ 1.38571570583391, 47.390782061656601 ], [ 1.38567549313743, 47.390797422246202 ], [ 1.38564814486847, 47.3908078292121 ], [ 1.38536721691374, 47.390955698286803 ], [ 1.38527302641891, 47.391007171177499 ], [ 1.38521899484398, 47.3910367099569 ], [ 1.38513233656926, 47.391092978399101 ], [ 1.38480407756168, 47.391306205517999 ], [ 1.38469774358557, 47.391295967384401 ], [ 1.3846291694227, 47.391993863561297 ], [ 1.38453474012837, 47.392894537802299 ], [ 1.38452139447678, 47.393022370158398 ], [ 1.38488721870452, 47.393103058512402 ], [ 1.38525529178415, 47.393183957008397 ], [ 1.38575814225489, 47.393182286878002 ], [ 1.38588653318311, 47.393181872423597 ], [ 1.38635319727016, 47.393181119964098 ], [ 1.38676619548766, 47.393180521407402 ] ] ], [ [ [ 1.35459881161424, 47.392574697232803 ], [ 1.35408488908606, 47.392511184001897 ], [ 1.35374624097546, 47.392507361825501 ], [ 1.35301931285405, 47.392514453306603 ], [ 1.35268694209549, 47.393102513833803 ], [ 1.35244379809162, 47.393679916485297 ], [ 1.35207005685059, 47.394571210684198 ], [ 1.35181262569986, 47.395210482853599 ], [ 1.35160734223049, 47.395414151276199 ], [ 1.35137412782317, 47.395637763323997 ], [ 1.35121969868877, 47.395791702764299 ], [ 1.3518170525282, 47.396020976763197 ], [ 1.3524795334065, 47.396270087803799 ], [ 1.35294682710334, 47.396460056283303 ], [ 1.35334037067844, 47.396644800554903 ], [ 1.35331928743589, 47.395534004510502 ], [ 1.35333317247666, 47.395416528045899 ], [ 1.35335638648722, 47.3952215423041 ], [ 1.35338518811496, 47.395026815754697 ], [ 1.35339449781437, 47.394971086850298 ], [ 1.35343301405477, 47.394740247785599 ], [ 1.35347002515143, 47.394523865791399 ], [ 1.35356702069074, 47.394001026954598 ], [ 1.35360028869786, 47.393887066304003 ], [ 1.35363382222643, 47.393819723072902 ], [ 1.35406059071628, 47.393166168855302 ], [ 1.35426718521592, 47.3928989014846 ], [ 1.35437116940194, 47.392790380523302 ], [ 1.35447984799566, 47.3926839878255 ], [ 1.35459881161424, 47.392574697232803 ] ] ], [ [ [ 1.38288826096377, 47.399273117611699 ], [ 1.38288832042292, 47.399271146583899 ], [ 1.38283308822206, 47.398777063585499 ], [ 1.38281937643585, 47.398616180196299 ], [ 1.38280210503788, 47.398450214102397 ], [ 1.38277976452384, 47.398350302179097 ], [ 1.38212869137774, 47.398404182415398 ], [ 1.38148802693158, 47.398451901169302 ], [ 1.38145058430162, 47.398261091366997 ], [ 1.38127832081472, 47.398274468241297 ], [ 1.38082336794, 47.398310983503201 ], [ 1.38036863542971, 47.398349399888197 ], [ 1.37991421683851, 47.3983896916912 ], [ 1.37983432926919, 47.398391594914003 ], [ 1.37995683836683, 47.399274703685002 ], [ 1.38017807177946, 47.3992791003215 ], [ 1.38052428824933, 47.399279177657 ], [ 1.38091870208405, 47.399281662824102 ], [ 1.38118330319237, 47.399268797638499 ], [ 1.38155389599171, 47.399243748221899 ], [ 1.38167430678757, 47.3992454781215 ], [ 1.38173828518096, 47.399250069126303 ], [ 1.38208407224869, 47.399290725445503 ], [ 1.38222184629079, 47.399291868006998 ], [ 1.3828681120399, 47.399286046123201 ], [ 1.38287542430919, 47.399284986312701 ], [ 1.38288187353758, 47.399282203757899 ], [ 1.38288637272916, 47.399278124533403 ], [ 1.38288826096377, 47.399273117611699 ] ] ], [ [ [ 1.39490103435622, 47.403775522847603 ], [ 1.39439596659309, 47.403552638038697 ], [ 1.39436022846749, 47.403538368696999 ], [ 1.3940948202585, 47.403420904067197 ], [ 1.39353284859262, 47.403178222396797 ], [ 1.39368153281954, 47.403013884919801 ], [ 1.39368700930623, 47.402896190046 ], [ 1.39368217005014, 47.402859414451797 ], [ 1.39370602178812, 47.402824664868803 ], [ 1.39320486272456, 47.4026390775811 ], [ 1.39305497121609, 47.402574708631199 ], [ 1.39166587010785, 47.4019486529332 ], [ 1.39153215717449, 47.401887522007598 ], [ 1.39153218503707, 47.401887477373599 ], [ 1.39127062356307, 47.399869475915303 ], [ 1.39114791749533, 47.399787760752297 ], [ 1.39102506284976, 47.399702171726602 ], [ 1.39097416865719, 47.3996548363925 ], [ 1.39090462045166, 47.399667442858302 ], [ 1.39085047018906, 47.399669826867701 ], [ 1.39067189108499, 47.3996607286197 ], [ 1.39012185232386, 47.3996173063558 ], [ 1.39006489259877, 47.399604173425899 ], [ 1.38967596874517, 47.399436529025103 ], [ 1.38928472606452, 47.399275964228302 ], [ 1.38861614046018, 47.399202053135497 ], [ 1.38825590872622, 47.399187408399499 ], [ 1.38808375984714, 47.399170480855503 ], [ 1.38779032763641, 47.399134106861098 ], [ 1.38770489725799, 47.399128483428399 ], [ 1.38734415487616, 47.399118051602599 ], [ 1.38717421617939, 47.399098641270903 ], [ 1.3869978717318, 47.399029017154099 ], [ 1.38695325230146, 47.399023608125198 ], [ 1.38684825511795, 47.399008087461603 ], [ 1.38674457528652, 47.398988893382501 ], [ 1.38658839611593, 47.398974526182101 ], [ 1.38646305633409, 47.398974002517001 ], [ 1.38640420990844, 47.398974698582997 ], [ 1.38632423667551, 47.398972382256602 ], [ 1.38624467102951, 47.398966217864199 ], [ 1.38610486905733, 47.398966393491897 ], [ 1.385860400073, 47.398970923573202 ], [ 1.38570056604715, 47.398992943212598 ], [ 1.38555407346524, 47.399017128726797 ], [ 1.38540904700198, 47.399045026013603 ], [ 1.38513511101091, 47.399106806373503 ], [ 1.3847584186808, 47.399208954852398 ], [ 1.38457590144148, 47.399245685373202 ], [ 1.38433447327159, 47.3992803905603 ], [ 1.38419124548463, 47.399292563515999 ], [ 1.38403897415007, 47.399301639330403 ], [ 1.38383883110179, 47.3993036568259 ], [ 1.38368279289363, 47.399327707329597 ], [ 1.38350185576321, 47.399355535277003 ], [ 1.38371810934851, 47.399930180910303 ], [ 1.38379940737316, 47.400134033646601 ], [ 1.38402134880053, 47.4007005729434 ], [ 1.38423797324015, 47.401268118196803 ], [ 1.38429827360628, 47.401414179802401 ], [ 1.3843538153348, 47.401564136958797 ], [ 1.3844695377264, 47.401854049249302 ], [ 1.38459910069146, 47.402177161886698 ], [ 1.38461774449858, 47.402213319372301 ], [ 1.38499496778366, 47.402712250906497 ], [ 1.38515705259081, 47.402926246138598 ], [ 1.38527078004208, 47.4029942650088 ], [ 1.38529992215493, 47.403011686995697 ], [ 1.38558119278112, 47.4032332249772 ], [ 1.38576700949326, 47.403360832357102 ], [ 1.38596640296327, 47.403465244786901 ], [ 1.38624281298373, 47.4035774875572 ], [ 1.38641172347589, 47.403639004887502 ], [ 1.38687023834478, 47.403771924602097 ], [ 1.38702035258856, 47.403824797682702 ], [ 1.38718055329093, 47.403885373706601 ], [ 1.38733798985641, 47.403949233600699 ], [ 1.3874427667845, 47.404002818972103 ], [ 1.3875968382054, 47.404077607560502 ], [ 1.38775415962305, 47.4041492986428 ], [ 1.38785024465889, 47.4041924987147 ], [ 1.38812128457383, 47.404319509813199 ], [ 1.38815301990931, 47.404334986144399 ], [ 1.38833599947802, 47.404443920890799 ], [ 1.38852898655008, 47.404605999779697 ], [ 1.38863823425437, 47.404686090334302 ], [ 1.38872872117227, 47.404738657134899 ], [ 1.38880322430277, 47.404784699705701 ], [ 1.38907388761248, 47.4049813391538 ], [ 1.38913466745139, 47.405055976754198 ], [ 1.3891893215441, 47.405114241478401 ], [ 1.38924867788912, 47.405170500414897 ], [ 1.38934638074779, 47.405250880541303 ], [ 1.38945484594645, 47.405317813793403 ], [ 1.38959648242605, 47.4051723729836 ], [ 1.39070520233218, 47.405653220512399 ], [ 1.39096496981096, 47.405363613258302 ], [ 1.39116724336174, 47.405146420436203 ], [ 1.39131540998629, 47.404986940876199 ], [ 1.39160594365621, 47.4051104406783 ], [ 1.3919794056917, 47.405260126156499 ], [ 1.39214943213145, 47.405325062835303 ], [ 1.39237009341654, 47.405414820566499 ], [ 1.39252109386669, 47.405511880537297 ], [ 1.3933315190039, 47.404474598900698 ], [ 1.39348825503868, 47.404536018611701 ], [ 1.39353785181492, 47.404556512237399 ], [ 1.39374957561116, 47.404643983005798 ], [ 1.39399885079628, 47.4047432357888 ], [ 1.39408343185551, 47.404776637620998 ], [ 1.39490103435622, 47.403775522847603 ] ] ], [ [ [ 1.37551524952015, 47.399234617051199 ], [ 1.3754955200947, 47.398768919751198 ], [ 1.37543988575165, 47.398751575268101 ], [ 1.37517061713139, 47.398687891835898 ], [ 1.37464697555283, 47.398538158444097 ], [ 1.37458798853476, 47.398517255149699 ], [ 1.3745751456491, 47.398512654695999 ], [ 1.37452906772217, 47.398490671273301 ], [ 1.37411843420456, 47.398265000335698 ], [ 1.37409640626991, 47.398252816143199 ], [ 1.37396655499957, 47.398188603152597 ], [ 1.37386209752833, 47.3981436533943 ], [ 1.37380293268113, 47.398123827672102 ], [ 1.37377378261741, 47.398119989493999 ], [ 1.37375432624414, 47.398123580065999 ], [ 1.37374375816349, 47.398130986557298 ], [ 1.37374814922191, 47.399175215293504 ], [ 1.3737280367669, 47.399643219052599 ], [ 1.37370971446575, 47.399776824111001 ], [ 1.37368086397154, 47.399852251638201 ], [ 1.37365069933197, 47.3999233478985 ], [ 1.37408225515795, 47.399732404196499 ], [ 1.37447035238967, 47.399548855890302 ], [ 1.37457946625712, 47.3995050734516 ], [ 1.37473108078007, 47.399444264284597 ], [ 1.37495901315958, 47.3993663696018 ], [ 1.37506408258627, 47.399336117109598 ], [ 1.3753278839169, 47.399273138228402 ], [ 1.37549623650624, 47.399237133640398 ], [ 1.37551524952015, 47.399234617051199 ] ] ], [ [ [ 1.38451797884231, 47.402083429972301 ], [ 1.38442856009206, 47.401850940854203 ], [ 1.38430893199793, 47.401557741856301 ], [ 1.38417128206585, 47.401196817095403 ], [ 1.38377340765656, 47.400173874674003 ], [ 1.38361621100721, 47.399775797278998 ], [ 1.38345898577618, 47.399362034376203 ], [ 1.38329335064219, 47.3993582369365 ], [ 1.38299719059247, 47.3993367413632 ], [ 1.38295472130062, 47.399334791185503 ], [ 1.38284861524914, 47.3993292278087 ], [ 1.38274225963659, 47.399327541545901 ], [ 1.38264045133941, 47.399329411949303 ], [ 1.38241776564443, 47.399331824758796 ], [ 1.38233732596097, 47.3993361620958 ], [ 1.38212342762393, 47.3993290624121 ], [ 1.38189389900197, 47.399317422956898 ], [ 1.38160412472589, 47.399286486554502 ], [ 1.38153181977273, 47.3992853631363 ], [ 1.38126720179571, 47.399306692551498 ], [ 1.38103917517287, 47.3993190947374 ], [ 1.38093010558914, 47.3993242840302 ], [ 1.38082059587881, 47.399325604416298 ], [ 1.38073823815281, 47.399324070404703 ], [ 1.38054578679515, 47.3993212371971 ], [ 1.38001875423163, 47.399319019159897 ], [ 1.37983105557989, 47.399316890259399 ], [ 1.37955954205958, 47.399312737700299 ], [ 1.37947234224472, 47.399305561893399 ], [ 1.37915659666445, 47.399257330069403 ], [ 1.37915472896875, 47.399886623315702 ], [ 1.37977390305164, 47.4002175561561 ], [ 1.37989966409499, 47.4002726925427 ], [ 1.38007899225228, 47.400326801269898 ], [ 1.38038011506645, 47.400375997305403 ], [ 1.38092819193817, 47.400452365584599 ], [ 1.38111839651238, 47.400480548820603 ], [ 1.38142119906837, 47.400526875264902 ], [ 1.38166485492403, 47.400557881491999 ], [ 1.38175313803281, 47.400569662683203 ], [ 1.38189589333308, 47.400593924888398 ], [ 1.38209887992174, 47.400641975895297 ], [ 1.3823373452334, 47.400711859343502 ], [ 1.38260925676363, 47.400814693561003 ], [ 1.38284627352587, 47.400918572511401 ], [ 1.38303106341083, 47.401002807557497 ], [ 1.38324282836918, 47.4011050469745 ], [ 1.38339267644735, 47.401174299335601 ], [ 1.38360182245692, 47.401293068825503 ], [ 1.3836521045789, 47.401320959508801 ], [ 1.3838739385704, 47.401466268240299 ], [ 1.3840375642285, 47.401587528603102 ], [ 1.38422484692957, 47.401745385099602 ], [ 1.38427162328428, 47.401787975157198 ], [ 1.38431383780848, 47.401832761787801 ], [ 1.38433567980561, 47.401859158529597 ], [ 1.38451797884231, 47.402083429972301 ] ] ], [ [ [ 1.37368923678224, 47.3990329486966 ], [ 1.37368368509659, 47.398477670962897 ], [ 1.37367555728738, 47.398180841848799 ], [ 1.37363146140577, 47.3981669803118 ], [ 1.37172736451351, 47.397917106689199 ], [ 1.37168706719052, 47.397913111884101 ], [ 1.37165549635346, 47.397909959585803 ], [ 1.37127204387607, 47.397901851883198 ], [ 1.37098910053584, 47.397898779652103 ], [ 1.37086216019028, 47.397894705176597 ], [ 1.37073558632191, 47.397886863048001 ], [ 1.37060968655929, 47.397875167538501 ], [ 1.37057812675042, 47.3978716549436 ], [ 1.37038778965766, 47.397847864301397 ], [ 1.37033632333597, 47.3978413714688 ], [ 1.3698695405067, 47.397746940945297 ], [ 1.3691789604842, 47.397601901116701 ], [ 1.36892042849628, 47.397551859493603 ], [ 1.36867280116733, 47.397504302299602 ], [ 1.36842687416671, 47.397453175856498 ], [ 1.36834187194269, 47.3974344974229 ], [ 1.36778940690916, 47.397729834346102 ], [ 1.36763225336065, 47.397818712124597 ], [ 1.3680961667644, 47.398081791253702 ], [ 1.36824732822423, 47.398167550255003 ], [ 1.36886436432097, 47.398517564982001 ], [ 1.36847381949122, 47.398841692996903 ], [ 1.36947015013783, 47.399330139711303 ], [ 1.36908063616764, 47.399761971172801 ], [ 1.3685164773949, 47.399497102811402 ], [ 1.36798591439966, 47.400261942995201 ], [ 1.36788118296886, 47.400208160192399 ], [ 1.36751936765175, 47.400057298525702 ], [ 1.36719934889384, 47.399909642747197 ], [ 1.36701394306868, 47.3998252113837 ], [ 1.36674586112849, 47.399703125531197 ], [ 1.36662000020501, 47.399638249041303 ], [ 1.36629293824127, 47.400042982459503 ], [ 1.36614626047014, 47.400229905266599 ], [ 1.36605750396682, 47.4003642934533 ], [ 1.36598870850927, 47.400484222621003 ], [ 1.36590518621674, 47.400624806915999 ], [ 1.36587695139343, 47.4006722660598 ], [ 1.36447236412468, 47.400137781622298 ], [ 1.36426557211071, 47.4004157688478 ], [ 1.36422439774995, 47.400473931359002 ], [ 1.36418363497794, 47.400531640444399 ], [ 1.36409850886961, 47.400652050124897 ], [ 1.36389902947447, 47.400937981997501 ], [ 1.36383851963002, 47.401016545366403 ], [ 1.36373841104331, 47.4011841587158 ], [ 1.3635906384299, 47.401443472647102 ], [ 1.36345775802172, 47.401713620614601 ], [ 1.3633194875241, 47.401982612080701 ], [ 1.36319577073862, 47.402214027704403 ], [ 1.36315366957274, 47.4022763996267 ], [ 1.36297648815481, 47.402488424282502 ], [ 1.36405564629826, 47.403002491958603 ], [ 1.36409876131944, 47.403022907143097 ], [ 1.36427163247751, 47.4031050146897 ], [ 1.36482658520222, 47.403368792101098 ], [ 1.36522179079486, 47.403558100674601 ], [ 1.36535339008662, 47.403621186304797 ], [ 1.36562684476563, 47.4037511568364 ], [ 1.36594766192186, 47.4039036897654 ], [ 1.36692136917595, 47.4043722187836 ], [ 1.36702933078302, 47.404424688016803 ], [ 1.36725032119251, 47.404532227415302 ], [ 1.36855088295248, 47.405148313053402 ], [ 1.36873563339865, 47.405232300093303 ], [ 1.36897296817009, 47.405029142283098 ], [ 1.36929381087388, 47.404755925064698 ], [ 1.36949244230323, 47.404586321301501 ], [ 1.36970646110259, 47.4044030578915 ], [ 1.36982768184631, 47.404298736155503 ], [ 1.36996112448537, 47.404183690874 ], [ 1.37028143461453, 47.403910643582797 ], [ 1.37052413093906, 47.4036620430062 ], [ 1.37089787580549, 47.403119940468699 ], [ 1.37120046445172, 47.402679484710703 ], [ 1.3712379881188, 47.402623429676503 ], [ 1.37151799126123, 47.401975899763798 ], [ 1.37173836529243, 47.401502948518697 ], [ 1.37176076626181, 47.40146052958 ], [ 1.37194511122656, 47.401199565928898 ], [ 1.37200005214914, 47.401133246913801 ], [ 1.37205857366411, 47.401062557075001 ], [ 1.37225445588703, 47.400874001907603 ], [ 1.37279625465089, 47.400440113555803 ], [ 1.37285321645183, 47.400398466153099 ], [ 1.3730377858464, 47.400283610550296 ], [ 1.37326713414867, 47.400147897748603 ], [ 1.37332778773063, 47.400106932038398 ], [ 1.37354527773745, 47.399959896952303 ], [ 1.37360246087511, 47.399906547186902 ], [ 1.3736336531609, 47.399857966111497 ], [ 1.37365438567217, 47.399770809995402 ], [ 1.37366562563346, 47.399447537295103 ], [ 1.37368923678224, 47.3990329486966 ] ], [ [ 1.3704793079442, 47.400483895451799 ], [ 1.3702712812752, 47.400772950422102 ], [ 1.37003682558382, 47.401102017164199 ], [ 1.37002993201439, 47.401156889498999 ], [ 1.36995996842731, 47.401395737327199 ], [ 1.36994298208591, 47.401472869936804 ], [ 1.36969307488112, 47.4014216007008 ], [ 1.3694410556933, 47.401370022183698 ], [ 1.36921947211594, 47.4013245514247 ], [ 1.36956071634126, 47.400863779536003 ], [ 1.36908631889805, 47.400689716878503 ], [ 1.36894954274417, 47.400639528395601 ], [ 1.36926107878003, 47.400201453653096 ], [ 1.3693275805623, 47.400107844982998 ], [ 1.3695372021912, 47.400176269996997 ], [ 1.36958415812565, 47.400191604791999 ], [ 1.37012512601325, 47.400368237316499 ], [ 1.3704793079442, 47.400483895451799 ] ] ], [ [ [ 1.37905719549616, 47.399989601051999 ], [ 1.37905272596797, 47.3999159407985 ], [ 1.37903020523002, 47.399209549222498 ], [ 1.37860729778382, 47.3991863294995 ], [ 1.3785017696547, 47.399188423530603 ], [ 1.37817164898666, 47.399194597287199 ], [ 1.37773113767673, 47.399200526619502 ], [ 1.37761263034486, 47.399202069605302 ], [ 1.37748362879674, 47.399204645552501 ], [ 1.37745936039454, 47.399205108268497 ], [ 1.37731536713342, 47.399207907025698 ], [ 1.37688096108294, 47.399226793940002 ], [ 1.37648843089108, 47.399245750694 ], [ 1.37610375553013, 47.399258864232898 ], [ 1.37570448034161, 47.399268450114398 ], [ 1.37557164577946, 47.399283287763303 ], [ 1.37517680699611, 47.399342500394198 ], [ 1.37504807349895, 47.399369901199996 ], [ 1.37497243001511, 47.399395351642099 ], [ 1.37484297736809, 47.399442091598701 ], [ 1.37471619447183, 47.399492182171997 ], [ 1.37459237757012, 47.399545474445098 ], [ 1.37425953268367, 47.399694284191902 ], [ 1.37385543483612, 47.399901630508502 ], [ 1.37362393055519, 47.400025879315301 ], [ 1.37336441298356, 47.4001773688369 ], [ 1.37308409512828, 47.400345629203699 ], [ 1.37284197447585, 47.400508876995403 ], [ 1.37271533550527, 47.400601258856 ], [ 1.37253562747655, 47.400742446431103 ], [ 1.37240903738408, 47.400850216348097 ], [ 1.37230942903478, 47.400938492158801 ], [ 1.37216943160092, 47.4010938309411 ], [ 1.3720235124048, 47.401282563225301 ], [ 1.37195231726117, 47.401389775582999 ], [ 1.37179949732355, 47.401650649411401 ], [ 1.37165556573282, 47.401949355901799 ], [ 1.37164558191813, 47.401972419195303 ], [ 1.37163471565394, 47.401997901188601 ], [ 1.37148630748766, 47.402343058998198 ], [ 1.37142674495895, 47.402472385472201 ], [ 1.37136807340157, 47.4025863457017 ], [ 1.37122330526759, 47.402822948885103 ], [ 1.37115808147232, 47.402925562335 ], [ 1.3709188226004, 47.403289921689499 ], [ 1.37074868975356, 47.403536244308597 ], [ 1.37059795058941, 47.403764047243797 ], [ 1.37100321159951, 47.403886811741302 ], [ 1.37191034308945, 47.404149310770997 ], [ 1.37215162180795, 47.404211808118497 ], [ 1.37237601824505, 47.404269935877402 ], [ 1.37263904955808, 47.404338066956903 ], [ 1.37317713801253, 47.4034441245024 ], [ 1.37341713980356, 47.4035289761147 ], [ 1.37347432485852, 47.403548242982403 ], [ 1.37353909873884, 47.403570038012099 ], [ 1.37373324816619, 47.403638049611203 ], [ 1.37377914207853, 47.403653556859702 ], [ 1.37410201341023, 47.4037622647025 ], [ 1.37435506660532, 47.403820050989097 ], [ 1.37474681720997, 47.403907984437602 ], [ 1.3750383436723, 47.403977201624201 ], [ 1.375179624224, 47.404006133373997 ], [ 1.37524427407926, 47.404019371993101 ], [ 1.3752089713454, 47.404329090146497 ], [ 1.37553430069061, 47.4043459794513 ], [ 1.37588941180505, 47.404364364243001 ], [ 1.3759952081997, 47.403457294207797 ], [ 1.37600074688486, 47.403359841290801 ], [ 1.37604352722108, 47.402993115500998 ], [ 1.3766398708412, 47.403180322370602 ], [ 1.37684715481732, 47.403248241984997 ], [ 1.37704537995078, 47.403312703350899 ], [ 1.37719888829203, 47.403357812251599 ], [ 1.37762395659694, 47.403496055530503 ], [ 1.37785924497488, 47.402950703307297 ], [ 1.37790815914438, 47.402847579658101 ], [ 1.37795384763729, 47.402797579021801 ], [ 1.37811138806655, 47.402644098945899 ], [ 1.37823043414787, 47.4025013907127 ], [ 1.37828914122303, 47.402411630202302 ], [ 1.37834173699773, 47.402321784437497 ], [ 1.37838896192537, 47.4022306122096 ], [ 1.37844858344297, 47.4020856164286 ], [ 1.37851269614008, 47.401846502420902 ], [ 1.37854144727297, 47.401693062643403 ], [ 1.37855373032825, 47.401472008011403 ], [ 1.37857930259485, 47.401356133185899 ], [ 1.37860963391818, 47.401160081908898 ], [ 1.37864584210285, 47.4009964005566 ], [ 1.37867048649276, 47.400911189061802 ], [ 1.37868722473752, 47.400832629260002 ], [ 1.3787362781961, 47.400681813464502 ], [ 1.37876961858091, 47.400585306229701 ], [ 1.37881712751818, 47.400463182316003 ], [ 1.37887004413099, 47.400342025156299 ], [ 1.37892823229056, 47.400221949896903 ], [ 1.37894970528841, 47.400178436230597 ], [ 1.37905719549616, 47.399989601051999 ] ] ], [ [ [ 1.36865424172929, 47.405318127153102 ], [ 1.36695280739116, 47.4045113026121 ], [ 1.36591119839303, 47.4040148080351 ], [ 1.36414785689947, 47.403177186848197 ], [ 1.36378061279301, 47.403000954473697 ], [ 1.36341047767297, 47.402823059496598 ], [ 1.36329495443132, 47.402767410003001 ], [ 1.36319546570027, 47.402719558393798 ], [ 1.3630600760552, 47.402654805169803 ], [ 1.36302964956974, 47.402640159647703 ], [ 1.36294974677478, 47.402601938617202 ], [ 1.3628159397314, 47.402537927691398 ], [ 1.36268093240845, 47.402473278433803 ], [ 1.36255270341611, 47.402412497109403 ], [ 1.36240749144797, 47.402343733091698 ], [ 1.36228946261534, 47.402287687115901 ], [ 1.36218083015203, 47.402236194291802 ], [ 1.3621373348168, 47.402215682973903 ], [ 1.36196783761021, 47.4021353304109 ], [ 1.36182394950289, 47.402067124519597 ], [ 1.3616758775911, 47.401996968670801 ], [ 1.36160825309053, 47.401964952307097 ], [ 1.36155158317398, 47.401938132458902 ], [ 1.36139477873378, 47.401863000072602 ], [ 1.3611584641857, 47.401749911803101 ], [ 1.36093115139103, 47.401641722006602 ], [ 1.36071570947336, 47.401540010859698 ], [ 1.36018805090725, 47.401289572653901 ], [ 1.35988709105528, 47.401569609848501 ], [ 1.35973317515354, 47.401491634638901 ], [ 1.3595968454828, 47.401422731173099 ], [ 1.35971412029678, 47.401245837185101 ], [ 1.35948896315118, 47.401170071093397 ], [ 1.35947159590675, 47.401195460323699 ], [ 1.35935672618321, 47.401157265646098 ], [ 1.35935277180512, 47.401160811434103 ], [ 1.35927464295244, 47.401133678669197 ], [ 1.35928206252708, 47.401125238607598 ], [ 1.35921875605663, 47.401103005998699 ], [ 1.35923908099286, 47.401076307944301 ], [ 1.35916920698027, 47.401047679873102 ], [ 1.35903919344454, 47.400972652111498 ], [ 1.35917349433229, 47.400805372001997 ], [ 1.35913484532414, 47.400786908769597 ], [ 1.35893772986095, 47.400692376836403 ], [ 1.35882637829187, 47.400638942543402 ], [ 1.35834498592738, 47.400409947741601 ], [ 1.35765238153184, 47.400071541139397 ], [ 1.35705911726595, 47.399776672404698 ], [ 1.35671633998326, 47.399595017963499 ], [ 1.35634863467866, 47.399388258204297 ], [ 1.35572791235522, 47.399006349070802 ], [ 1.35579570538163, 47.399269134043202 ], [ 1.35591015354868, 47.399620502318903 ], [ 1.35601913808584, 47.399972783597299 ], [ 1.35608610219009, 47.4001991174976 ], [ 1.35613363260586, 47.400310196016697 ], [ 1.35632493525156, 47.4006023145771 ], [ 1.35636461445573, 47.4006636971883 ], [ 1.3564093855634, 47.400723368970397 ], [ 1.35643555776946, 47.400754703510501 ], [ 1.3565454227639, 47.400860017924899 ], [ 1.3565926395463, 47.400905245827097 ], [ 1.35667602849703, 47.401034568635701 ], [ 1.35675570862919, 47.401227352868098 ], [ 1.35683975934623, 47.401437648444997 ], [ 1.35693734650234, 47.401675777336102 ], [ 1.35863140872162, 47.401561004583002 ], [ 1.35869947939519, 47.401744259352498 ], [ 1.35877682478802, 47.401952495859497 ], [ 1.35883871044733, 47.402117754356503 ], [ 1.3588635325549, 47.402184157629598 ], [ 1.35890826657504, 47.402303650051103 ], [ 1.35733372595097, 47.402414037879502 ], [ 1.35751233867448, 47.402735552727101 ], [ 1.35771653396039, 47.403090463997003 ], [ 1.35784348812625, 47.403301391486004 ], [ 1.35799283050791, 47.403563381154797 ], [ 1.3581023204273, 47.403739675632401 ], [ 1.35847197791614, 47.403838409189902 ], [ 1.35905612407779, 47.403994858277898 ], [ 1.35936390281953, 47.404077571144398 ], [ 1.35965916587934, 47.404157585537902 ], [ 1.35990225396756, 47.404223357427902 ], [ 1.36014088170181, 47.404287985430301 ], [ 1.36038767406109, 47.404354528835199 ], [ 1.36046467796573, 47.404375252085501 ], [ 1.36061565894623, 47.404415935445599 ], [ 1.36076823320173, 47.404457001221701 ], [ 1.36095602053439, 47.404507134846199 ], [ 1.36100598105864, 47.404520543542397 ], [ 1.36113307386937, 47.404554397702903 ], [ 1.3612832766943, 47.4045945379805 ], [ 1.3614659279407, 47.4046439501072 ], [ 1.36160075196029, 47.404680451786398 ], [ 1.3617254593153, 47.404714271678699 ], [ 1.36185435166193, 47.404749158826597 ], [ 1.3619421392113, 47.4047729142397 ], [ 1.36204596854901, 47.404800767221701 ], [ 1.36212993127951, 47.4048233971507 ], [ 1.3622300628879, 47.404850306496797 ], [ 1.36234427209518, 47.404880925532098 ], [ 1.36271392030883, 47.404980896751397 ], [ 1.36313296569971, 47.4050949959246 ], [ 1.36455201091417, 47.405472434570001 ], [ 1.36519512351962, 47.405646518771 ], [ 1.36599897765857, 47.405859530910703 ], [ 1.3668138135159, 47.4060770945201 ], [ 1.36763156792435, 47.406296151906403 ], [ 1.36773708232583, 47.406205711982402 ], [ 1.36794907542871, 47.4060240530398 ], [ 1.36821989366198, 47.405754179460402 ], [ 1.36865424172929, 47.405318127153102 ] ] ], [ [ [ 1.38661687220002, 47.406132042904602 ], [ 1.38634790652665, 47.405270737739599 ], [ 1.38629330481251, 47.405107307159199 ], [ 1.38623604432127, 47.404935727153102 ], [ 1.38616996401426, 47.404787956998803 ], [ 1.3860419982778, 47.404636347651497 ], [ 1.38590988073754, 47.404472894446002 ], [ 1.38577048675403, 47.404292142661703 ], [ 1.38569578020095, 47.404175018671197 ], [ 1.38563309657522, 47.404055018216297 ], [ 1.38540206650319, 47.403527659016703 ], [ 1.38530249251976, 47.403332269857799 ], [ 1.38519157660834, 47.403100464459897 ], [ 1.38504357198024, 47.402919592040803 ], [ 1.38492336532892, 47.402752800390303 ], [ 1.38453985218501, 47.402268088424599 ], [ 1.38442656319868, 47.402117401182402 ], [ 1.38413181112599, 47.401792641314401 ], [ 1.38384859287018, 47.401566210327601 ], [ 1.38359163905949, 47.401395490611201 ], [ 1.38320384471713, 47.401187538871298 ], [ 1.38279005503934, 47.400984617585799 ], [ 1.38274901410823, 47.4009664892084 ], [ 1.38271138475088, 47.4009491285763 ], [ 1.38256327749926, 47.4008837621951 ], [ 1.38241227531223, 47.400821614758598 ], [ 1.38225837925911, 47.400762650255302 ], [ 1.38210593477651, 47.4007136010229 ], [ 1.38171208672099, 47.400641950944902 ], [ 1.38145518886144, 47.400601945690497 ], [ 1.38110112420668, 47.400551006990902 ], [ 1.38089096032757, 47.400516702289401 ], [ 1.38064442458272, 47.400480080910299 ], [ 1.38039671722589, 47.4004471342854 ], [ 1.38021506919907, 47.400421500106397 ], [ 1.38001576055407, 47.400383032145797 ], [ 1.3798703470609, 47.400337949562001 ], [ 1.37979613253107, 47.400303871196698 ], [ 1.37971473368782, 47.400262228437903 ], [ 1.37963674410867, 47.400217481759597 ], [ 1.37954478261802, 47.4001664176646 ], [ 1.37922252548784, 47.3999996039405 ], [ 1.37917103118139, 47.399980779323499 ], [ 1.37913116356806, 47.399983996247201 ], [ 1.37908324038171, 47.400055827698402 ], [ 1.37903487250939, 47.400137098029901 ], [ 1.37899190393521, 47.400219614116303 ], [ 1.37896307737044, 47.4002730016065 ], [ 1.37885949467601, 47.400519840308 ], [ 1.37884198883676, 47.400575996723603 ], [ 1.3788293796192, 47.400610999194797 ], [ 1.37879060661564, 47.4007292831838 ], [ 1.37875723275368, 47.400848380752102 ], [ 1.37872940769313, 47.400968167935602 ], [ 1.37870712529181, 47.4010884105504 ], [ 1.37869052895156, 47.401209191633697 ], [ 1.378665718654, 47.401334522206298 ], [ 1.37863421471206, 47.401465873089201 ], [ 1.37859717567529, 47.401596507503498 ], [ 1.3785966751293, 47.401668297646502 ], [ 1.37858244170093, 47.401763558560802 ], [ 1.37856152437338, 47.4018662715429 ], [ 1.37853515634072, 47.401968548358397 ], [ 1.37876916738561, 47.401977915759304 ], [ 1.38066364876682, 47.402051817230699 ], [ 1.38081675415951, 47.402062827027997 ], [ 1.38080210135293, 47.402116781434302 ], [ 1.38131196893655, 47.402178020237102 ], [ 1.38193981158766, 47.402250766664203 ], [ 1.38199253771751, 47.402452953386899 ], [ 1.38208160555131, 47.402880850995302 ], [ 1.38219050806243, 47.403408715418699 ], [ 1.38225055179109, 47.403708623827498 ], [ 1.38229854976365, 47.403965172954202 ], [ 1.38235235972705, 47.404222072988603 ], [ 1.38230334151468, 47.4042295756499 ], [ 1.38230022644662, 47.404240949241697 ], [ 1.38232433909052, 47.404287906774101 ], [ 1.38244325197996, 47.404569491570399 ], [ 1.38268476025826, 47.405177326074998 ], [ 1.38269994855177, 47.405182948632003 ], [ 1.3832344243421, 47.4051561926712 ], [ 1.38340820479433, 47.405150838174301 ], [ 1.38409059019798, 47.4051194354007 ], [ 1.384391032148, 47.405114344703399 ], [ 1.38441119462207, 47.405280989409299 ], [ 1.38443679828192, 47.405447520605598 ], [ 1.38489839499103, 47.405403699611199 ], [ 1.38502405069373, 47.405918044086398 ], [ 1.38510501234844, 47.406258101036698 ], [ 1.38529823636968, 47.406244477997603 ], [ 1.38661687220002, 47.406132042904602 ] ] ], [ [ [ 1.38943808387434, 47.405349977553698 ], [ 1.38929716244441, 47.405265928612501 ], [ 1.38919563459108, 47.405184405996302 ], [ 1.38915167558329, 47.405136103634497 ], [ 1.38910313410589, 47.405089799662598 ], [ 1.38907265279238, 47.405063905497599 ], [ 1.38899791724315, 47.404973506854098 ], [ 1.38887814651916, 47.4048909298726 ], [ 1.3887602456492, 47.404807928473197 ], [ 1.38857224506931, 47.404694332894302 ], [ 1.38847789451097, 47.404625154314303 ], [ 1.38833183411045, 47.404484533639497 ], [ 1.38820883053268, 47.404407655586397 ], [ 1.38811780867894, 47.404359681921598 ], [ 1.38775646554665, 47.404204029130398 ], [ 1.38716189674315, 47.405320368019702 ], [ 1.3871353095439, 47.405336539393801 ], [ 1.38759058456804, 47.405686593263603 ], [ 1.38763045683282, 47.405717291022398 ], [ 1.38780868140643, 47.405851272333003 ], [ 1.38817977136603, 47.406138768284698 ], [ 1.38836660280687, 47.406018796985599 ], [ 1.38943808387434, 47.405349977553698 ] ] ], [ [ [ 1.37045764189832, 47.396153239164299 ], [ 1.36985687915071, 47.3960561742037 ], [ 1.36793388187358, 47.395739738884501 ], [ 1.36792986863095, 47.395706484982199 ], [ 1.36778344936175, 47.395677750943101 ], [ 1.36737099908121, 47.395642670406403 ], [ 1.36703733925038, 47.395618536308803 ], [ 1.36674660233367, 47.395598335652899 ], [ 1.36664386532377, 47.395591283010702 ], [ 1.36689852490403, 47.394899664681098 ], [ 1.36639458013754, 47.394825217690098 ], [ 1.36583458764419, 47.394742480460202 ], [ 1.36556060655253, 47.394703901071097 ], [ 1.36595290538481, 47.394296592455497 ], [ 1.36583279846288, 47.394243932974597 ], [ 1.36571582245137, 47.394188183994402 ], [ 1.36565660637243, 47.394158097755103 ], [ 1.36497092651212, 47.393951639707602 ], [ 1.36483578157272, 47.3939003884038 ], [ 1.36483114461877, 47.393895911247199 ], [ 1.36472584608291, 47.394019359071699 ], [ 1.36429558632332, 47.393841926559702 ], [ 1.36414801921699, 47.393781072525101 ], [ 1.36380260509917, 47.393671099797501 ], [ 1.36346421187826, 47.393540542721396 ], [ 1.36323000578344, 47.393441974856799 ], [ 1.36263254968707, 47.393778117536797 ], [ 1.36235314367032, 47.393938198756601 ], [ 1.36192951549578, 47.394193976616499 ], [ 1.3624930821502, 47.394543093589 ], [ 1.36279309561697, 47.3947278030547 ], [ 1.36273585266957, 47.394787710751302 ], [ 1.36296545390361, 47.394961685896 ], [ 1.36319995606854, 47.395034254855801 ], [ 1.36374435326554, 47.395199999941603 ], [ 1.36343734845964, 47.395543835383798 ], [ 1.36390975950295, 47.3957157424827 ], [ 1.36396687371357, 47.395728260289502 ], [ 1.36418860142634, 47.395776804931501 ], [ 1.3643435124091, 47.395831396293303 ], [ 1.36448649186528, 47.395885909651497 ], [ 1.36462673538971, 47.395943616768903 ], [ 1.364763948378, 47.396004612554997 ], [ 1.36492594115125, 47.396082694995798 ], [ 1.36504522690074, 47.396140647108801 ], [ 1.36516699341712, 47.3962177043541 ], [ 1.36555182568644, 47.396461116106302 ], [ 1.36606969865446, 47.396726871112499 ], [ 1.36658230647177, 47.396923183314399 ], [ 1.36672102247132, 47.396991581051097 ], [ 1.36686593939898, 47.3970819182939 ], [ 1.36700973828469, 47.397131487774303 ], [ 1.36727476153623, 47.3971946805814 ], [ 1.36742271451342, 47.397225867787199 ], [ 1.36787032648641, 47.397310305918303 ], [ 1.36820621587094, 47.397356519404099 ], [ 1.36826639189641, 47.397360893435099 ], [ 1.36829841879522, 47.397357759304498 ], [ 1.36832910023642, 47.397350905663401 ], [ 1.36835764814709, 47.397340519541302 ], [ 1.36837715026981, 47.397330636754901 ], [ 1.36851524618221, 47.397266143387 ], [ 1.36864997562976, 47.397198532281401 ], [ 1.36870063224496, 47.397171907011597 ], [ 1.36881715198707, 47.397098277714598 ], [ 1.36892990965352, 47.397021894346601 ], [ 1.36902479738964, 47.396953174679602 ], [ 1.36939618652334, 47.3966897688682 ], [ 1.36959406148299, 47.396560176670803 ], [ 1.36964343897605, 47.396536333288502 ], [ 1.36969590203653, 47.396515675525698 ], [ 1.36975088849805, 47.396498375575199 ], [ 1.36976558106109, 47.396494448764898 ], [ 1.36988046670147, 47.396473153445903 ], [ 1.36990218972012, 47.396469145104199 ], [ 1.37004402278065, 47.396475680435302 ], [ 1.3700803355386, 47.396475487163599 ], [ 1.37011621977867, 47.396471506217601 ], [ 1.37015078742749, 47.396463725149303 ], [ 1.37018318975043, 47.396452582260103 ], [ 1.37021280349786, 47.396438077820001 ], [ 1.37023863194892, 47.396420720089203 ], [ 1.370257320721, 47.396403982595501 ], [ 1.37033870325909, 47.396322286981103 ], [ 1.37045764189832, 47.396153239164299 ] ], [ [ 1.36472584608291, 47.394019359071699 ], [ 1.36472584925331, 47.394019360379097 ], [ 1.3643694620388, 47.394437164605897 ], [ 1.36472584608291, 47.394019359071699 ] ] ], [ [ [ 1.36983707019084, 47.391876332970597 ], [ 1.36808379654715, 47.391763686822202 ], [ 1.36810539148572, 47.3915769505196 ], [ 1.36717351460105, 47.391516316758299 ], [ 1.36624125956658, 47.391459451852299 ], [ 1.36529778560896, 47.391405744167002 ], [ 1.36532109032244, 47.3913719827897 ], [ 1.36540436973805, 47.391280691868999 ], [ 1.36544593383909, 47.391235130861297 ], [ 1.3655560662459, 47.391136320875603 ], [ 1.36530405638315, 47.391098319554303 ], [ 1.36509466303928, 47.391066787567901 ], [ 1.36517570007674, 47.3907798718636 ], [ 1.36477818107803, 47.390319985603497 ], [ 1.36374082890962, 47.389103691466502 ], [ 1.36347334601913, 47.389095154365599 ], [ 1.36320996885484, 47.389086764492902 ], [ 1.36261547565247, 47.389067849405897 ], [ 1.36202320110022, 47.389049232652198 ], [ 1.36163844765664, 47.389037193188898 ], [ 1.36140884326636, 47.389030013495997 ], [ 1.36112996642082, 47.389021220360398 ], [ 1.36102632955377, 47.3890180125752 ], [ 1.36083397901142, 47.389013526900698 ], [ 1.36101874763703, 47.389239584025702 ], [ 1.36069336645509, 47.389273029267699 ], [ 1.36059063938055, 47.389282979761902 ], [ 1.3605869140476, 47.389245677702597 ], [ 1.36058479759356, 47.389225136756899 ], [ 1.36051156294248, 47.389224076996904 ], [ 1.36051050409913, 47.389249165203097 ], [ 1.36040372853368, 47.389253196838503 ], [ 1.36026857724361, 47.389258169755102 ], [ 1.36026879359559, 47.389242424818299 ], [ 1.36019802338201, 47.389244019783 ], [ 1.36007560505431, 47.388994385981498 ], [ 1.35980094697864, 47.388986819682202 ], [ 1.35956016516937, 47.388980099911898 ], [ 1.35924143216908, 47.388971352114503 ], [ 1.3588865997211, 47.388962490033798 ], [ 1.36021572501295, 47.390570971827898 ], [ 1.35981268794929, 47.390722397173199 ], [ 1.36139734960921, 47.392625980730699 ], [ 1.36157260364452, 47.3925000268164 ], [ 1.36205789431788, 47.392826956028898 ], [ 1.36220191245636, 47.392923958804197 ], [ 1.36235331050541, 47.393479988926003 ], [ 1.36235883694527, 47.393629406671401 ], [ 1.36234927151829, 47.393888289223398 ], [ 1.36365390923519, 47.393159832589298 ], [ 1.36382244195898, 47.393074991947003 ], [ 1.36398453174287, 47.3930139929614 ], [ 1.36402438287502, 47.393002056199798 ], [ 1.36410894753559, 47.392979610651203 ], [ 1.36419538733519, 47.392960892056401 ], [ 1.36428330824488, 47.392945777816202 ], [ 1.364067652127, 47.392830301996497 ], [ 1.36394268865553, 47.392741862365298 ], [ 1.3638618263668, 47.392671240800901 ], [ 1.36378847025289, 47.392614050692004 ], [ 1.36371098229213, 47.392559305487303 ], [ 1.36367537613736, 47.392532521766803 ], [ 1.36352926713997, 47.3924257761036 ], [ 1.3633790999271, 47.392321683314002 ], [ 1.36322500758606, 47.392220227248302 ], [ 1.36312601197741, 47.392153392633503 ], [ 1.36301416450873, 47.392082775385497 ], [ 1.3628984921547, 47.392014976434602 ], [ 1.3627791481828, 47.391950187011901 ], [ 1.36275210995189, 47.391933337979502 ], [ 1.36268634492423, 47.391889021667602 ], [ 1.36262474703121, 47.391841981773702 ], [ 1.36256733233302, 47.391792560681502 ], [ 1.36253183035622, 47.391758493833798 ], [ 1.36248196595721, 47.391705415370801 ], [ 1.36213574972959, 47.391274154958502 ], [ 1.36181573849512, 47.3908823939217 ], [ 1.36149075668607, 47.390492470663403 ], [ 1.3615446651842, 47.390492978296102 ], [ 1.36170368937394, 47.390690947979301 ], [ 1.36194744824359, 47.390987588444801 ], [ 1.36219603904779, 47.391282396550302 ], [ 1.36247942426716, 47.3916379937804 ], [ 1.36255638475645, 47.391722949793902 ], [ 1.36269239924028, 47.391839260898898 ], [ 1.36284587187831, 47.391943140065003 ], [ 1.36301897042823, 47.392055218848299 ], [ 1.36319601141207, 47.392164570632097 ], [ 1.36331274758402, 47.392240109660101 ], [ 1.36361354506644, 47.3924509308994 ], [ 1.36381717692133, 47.3925949340654 ], [ 1.36402786614845, 47.3927592860896 ], [ 1.36416260036695, 47.392852995363299 ], [ 1.36432124985375, 47.392919065584401 ], [ 1.3644479016027, 47.3929443746852 ], [ 1.36470431606473, 47.392947351196597 ], [ 1.36506251165215, 47.392927681824602 ], [ 1.36519913898153, 47.392926766756702 ], [ 1.365414725119, 47.392925466981303 ], [ 1.3654672164035, 47.392925133474101 ], [ 1.36598217446298, 47.392951712437402 ], [ 1.36700413164336, 47.393042892508397 ], [ 1.36747599876802, 47.393087731901304 ], [ 1.36761532181142, 47.3930897421127 ], [ 1.36775493475147, 47.393077439926302 ], [ 1.36788601215009, 47.393051079619902 ], [ 1.36791464957218, 47.3930420364645 ], [ 1.36798609381648, 47.393019322904401 ], [ 1.3680593647115, 47.392985821181703 ], [ 1.36909849961136, 47.392589155214601 ], [ 1.36924333641405, 47.392541935145502 ], [ 1.36939437579383, 47.392511801367903 ], [ 1.36950693608633, 47.3925047811788 ], [ 1.36975834112277, 47.392511088820598 ], [ 1.36983707019084, 47.391876332970597 ] ] ], [ [ [ 1.3932718283252, 47.394964843349101 ], [ 1.3932530952214, 47.395266917260301 ], [ 1.39325198286787, 47.395436760348097 ], [ 1.39363573190678, 47.395241032775601 ], [ 1.39391723349033, 47.395294848142001 ], [ 1.39427064219608, 47.395362468425198 ], [ 1.39471435221249, 47.395384487140902 ], [ 1.39516943551608, 47.395411073043199 ], [ 1.39525307622215, 47.395440868825901 ], [ 1.3965343880897, 47.395896305884499 ], [ 1.39661481821376, 47.395930639361701 ], [ 1.39767625335636, 47.396267340326098 ], [ 1.39751432687399, 47.396500875365398 ], [ 1.3975234687545, 47.396503351370299 ], [ 1.39849086419067, 47.396764619596802 ], [ 1.39882990782877, 47.396220646699099 ], [ 1.39886696708684, 47.396161254227103 ], [ 1.39891817747162, 47.396176365606699 ], [ 1.39917422606594, 47.396252048167099 ], [ 1.39962370697219, 47.3963848751306 ], [ 1.39973270888321, 47.396212870687698 ], [ 1.39978231715826, 47.396224358082399 ], [ 1.40000413406911, 47.396275887486198 ], [ 1.40058997785365, 47.396412081671599 ], [ 1.40113615298906, 47.395500666997101 ], [ 1.40156794399299, 47.395630803204902 ], [ 1.4017881115461, 47.395697153941597 ], [ 1.4019086390106, 47.395733403452603 ], [ 1.4016675516829, 47.3961823631154 ], [ 1.4021130159621, 47.396260606739901 ], [ 1.40210400338392, 47.3962827044354 ], [ 1.40212817788678, 47.396289339359903 ], [ 1.40251617543799, 47.396396009229903 ], [ 1.40262997079792, 47.396427294369097 ], [ 1.40315161451703, 47.3965706700018 ], [ 1.40338769713721, 47.396181199346501 ], [ 1.4037885525445, 47.396291192862201 ], [ 1.40396082587001, 47.396338514004398 ], [ 1.4041807944032, 47.396398824788697 ], [ 1.40444884512724, 47.396472499407601 ], [ 1.4046364701745, 47.396523991888301 ], [ 1.40466985385717, 47.396533093637899 ], [ 1.40547992651222, 47.396755444879602 ], [ 1.40505108865251, 47.395705349261902 ], [ 1.40495912923629, 47.395471400882798 ], [ 1.40492503896832, 47.395393815104498 ], [ 1.40484101137309, 47.394999391407602 ], [ 1.40465450525559, 47.394945672540899 ], [ 1.40405665060219, 47.394773525407601 ], [ 1.40330653545363, 47.394554255929002 ], [ 1.40311887170108, 47.394499438184098 ], [ 1.40258605739925, 47.394344923795103 ], [ 1.40235991614845, 47.394279401774803 ], [ 1.40194083964268, 47.394157627586999 ], [ 1.40170394966357, 47.394088436010698 ], [ 1.40130276246174, 47.393971137211103 ], [ 1.40126047554809, 47.393958751670098 ], [ 1.40121991394959, 47.393946758996996 ], [ 1.40100613894517, 47.3938837363362 ], [ 1.40084844989464, 47.393837250489 ], [ 1.40060182213543, 47.393764771326197 ], [ 1.40054603067237, 47.393748607199797 ], [ 1.40010962556026, 47.393621716784303 ], [ 1.39983044304488, 47.393540504405699 ], [ 1.39961056098463, 47.3934778452671 ], [ 1.39948026688305, 47.393440738490497 ], [ 1.39920457125013, 47.393362264739103 ], [ 1.39898189284029, 47.393296054369202 ], [ 1.39876867964682, 47.393232594050602 ], [ 1.39804302357707, 47.393021099955 ], [ 1.39764026189877, 47.392903766550099 ], [ 1.39728605949537, 47.392797905787297 ], [ 1.39721143602249, 47.392776609320698 ], [ 1.3962637192202, 47.392505470968999 ], [ 1.39608956799916, 47.392455510047597 ], [ 1.39529396147171, 47.392226808392699 ], [ 1.39500994351889, 47.392143716669601 ], [ 1.39479144647604, 47.392079896835199 ], [ 1.39452475291119, 47.392001905197098 ], [ 1.3942635727542, 47.391925789861297 ], [ 1.39409180581661, 47.3918760298872 ], [ 1.39367830058204, 47.391756283087901 ], [ 1.39335786132395, 47.391663572077903 ], [ 1.39323927964627, 47.391629249152402 ], [ 1.39263005953565, 47.391454273797898 ], [ 1.39248388657466, 47.3914124375274 ], [ 1.39201097102304, 47.3912768987148 ], [ 1.39188269198323, 47.391243241603199 ], [ 1.39180191313527, 47.391220866020497 ], [ 1.39164943186288, 47.391181624585698 ], [ 1.39149512986869, 47.391146067370101 ], [ 1.39141159827169, 47.391126624718197 ], [ 1.3912174712866, 47.391084285399401 ], [ 1.39102180276663, 47.391045607019599 ], [ 1.39082454182232, 47.391010516835998 ], [ 1.39062597512972, 47.390979180880002 ], [ 1.3905034063926, 47.390962501619903 ], [ 1.39034524984215, 47.390944528170301 ], [ 1.39018618793668, 47.390930215566698 ], [ 1.38889415457366, 47.390811654462901 ], [ 1.38856637692765, 47.390781360570898 ], [ 1.38830483127695, 47.390756242777201 ], [ 1.38807830743004, 47.390734491217202 ], [ 1.38785254975514, 47.3907128398765 ], [ 1.38712952572783, 47.390645978968102 ], [ 1.38671218868535, 47.3906081165849 ], [ 1.38674077632658, 47.390797982924397 ], [ 1.38676606892914, 47.3909660500303 ], [ 1.38678233086294, 47.391069829833498 ], [ 1.3868189541238, 47.3913050793428 ], [ 1.38683036134268, 47.391592687908698 ], [ 1.38683465158522, 47.391702604308698 ], [ 1.38684017042926, 47.3919404654836 ], [ 1.38684492100327, 47.392151862451499 ], [ 1.38684962654251, 47.3926053651861 ], [ 1.38685414469758, 47.392836828600501 ], [ 1.38685472333679, 47.3928656311612 ], [ 1.38687014710885, 47.393530073147602 ], [ 1.38685355168923, 47.394120391668203 ], [ 1.38685191274365, 47.394182351870299 ], [ 1.38685552145201, 47.3942501473825 ], [ 1.38691354426357, 47.394555608771697 ], [ 1.38692954474618, 47.394616562140101 ], [ 1.3869876892648, 47.394823693414097 ], [ 1.38705114738666, 47.395030078990303 ], [ 1.38712141134132, 47.395187883783898 ], [ 1.38723188261603, 47.395343842185397 ], [ 1.38734012545888, 47.395464141093797 ], [ 1.38741093036282, 47.395518048082501 ], [ 1.3875267419571, 47.395594818839399 ], [ 1.38764513664986, 47.395657579200801 ], [ 1.38779818889358, 47.395734163780702 ], [ 1.38795438512861, 47.3958076313695 ], [ 1.38859444073802, 47.396114604764499 ], [ 1.38984950283537, 47.396716479613801 ], [ 1.39011178357114, 47.396808187439397 ], [ 1.39099589604965, 47.396978614480901 ], [ 1.39104277903672, 47.396987645856598 ], [ 1.39123066414158, 47.396539204545 ], [ 1.39143271396157, 47.396057419334703 ], [ 1.39154707539409, 47.395784544650098 ], [ 1.39161098935785, 47.395632056413497 ], [ 1.39169592702785, 47.395429392100198 ], [ 1.39173988506576, 47.395188902764701 ], [ 1.39179241910481, 47.394891042116697 ], [ 1.3932718283252, 47.394964843349101 ] ] ], [ [ [ 1.3564944169519, 47.393336144251997 ], [ 1.35498074209427, 47.393157050662403 ], [ 1.35491903635788, 47.393540197844203 ], [ 1.35506996569426, 47.392603027749303 ], [ 1.35501463007482, 47.392606179586501 ], [ 1.35472985325888, 47.392595487087199 ], [ 1.35470170821149, 47.3925927387589 ], [ 1.35467332787758, 47.392593768772201 ], [ 1.35464587885333, 47.392598584632402 ], [ 1.3546203203719, 47.392607037843398 ], [ 1.35459755755302, 47.392618582968197 ], [ 1.35457869597715, 47.392633055574997 ], [ 1.35456743100528, 47.392645402698598 ], [ 1.35438442783929, 47.392827997792402 ], [ 1.35421095355377, 47.393036190784201 ], [ 1.35402803997619, 47.3932995704278 ], [ 1.35399305642114, 47.393358888697399 ], [ 1.35387033213983, 47.393566377010501 ], [ 1.35367447070559, 47.393875186995302 ], [ 1.35364386144005, 47.393959138990297 ], [ 1.35355137190756, 47.394422930497903 ], [ 1.3535522552103, 47.394433027475898 ], [ 1.35363152463624, 47.394389364108399 ], [ 1.35367820071357, 47.394372053067599 ], [ 1.35372725053875, 47.3943581881312 ], [ 1.35377818067645, 47.394347861353701 ], [ 1.35383046897374, 47.394341236415499 ], [ 1.35389403450582, 47.394338291675403 ], [ 1.35397175230572, 47.394339968215803 ], [ 1.35404907627243, 47.394345402796901 ], [ 1.35408604281102, 47.394349356625703 ], [ 1.35429474725177, 47.394361657024199 ], [ 1.35442703228963, 47.394098433891799 ], [ 1.3544698432657, 47.394013492887701 ], [ 1.35448865429595, 47.393976059409098 ], [ 1.35455888765675, 47.3938910742785 ], [ 1.35491836010709, 47.393544951387099 ], [ 1.35584597972422, 47.393618948705502 ], [ 1.355882724706, 47.3936218993938 ], [ 1.35604318583714, 47.393423244335899 ], [ 1.35648536010979, 47.3933923901971 ], [ 1.3564944169519, 47.393336144251997 ] ] ], [ [ [ 1.36976584730182, 47.392568603319702 ], [ 1.36956296714083, 47.392548047627699 ], [ 1.3694199977825, 47.392548698784502 ], [ 1.36933246891955, 47.392564074491403 ], [ 1.36922635256147, 47.392593325638899 ], [ 1.36891194077866, 47.392713331910599 ], [ 1.3681835460426, 47.392996514096097 ], [ 1.36803081443992, 47.393072587796901 ], [ 1.36787830429972, 47.393110883784303 ], [ 1.36774845304222, 47.393132678280203 ], [ 1.36765416747547, 47.393135190263898 ], [ 1.36758015458573, 47.393138175891899 ], [ 1.36743098378279, 47.393125141570401 ], [ 1.36708832051599, 47.393096739125497 ], [ 1.36678541219738, 47.3930760882863 ], [ 1.36611646566495, 47.393025712479002 ], [ 1.36583095434978, 47.393008112858197 ], [ 1.36550965990064, 47.392983418587797 ], [ 1.3651738274482, 47.3929780486148 ], [ 1.3649342600488, 47.3929917783259 ], [ 1.36481012916313, 47.393007707380697 ], [ 1.36482520382517, 47.393039055120603 ], [ 1.36485509031878, 47.393172103911802 ], [ 1.36482711551402, 47.3933467746429 ], [ 1.36478313236833, 47.393549825816997 ], [ 1.36477223392589, 47.393589353023202 ], [ 1.36476819457659, 47.3936252760667 ], [ 1.36476998670845, 47.393661290129799 ], [ 1.36477721071397, 47.3936970204293 ], [ 1.36479003937778, 47.393732019195802 ], [ 1.36480805901278, 47.3937659384585 ], [ 1.36483141671694, 47.393798303073297 ], [ 1.36485961680475, 47.393828844950903 ], [ 1.36498117219563, 47.393894383505703 ], [ 1.36513198932846, 47.393953058182099 ], [ 1.36539107194382, 47.3940143712977 ], [ 1.36565148840815, 47.394110241779899 ], [ 1.36573085930963, 47.394139458813697 ], [ 1.36594429242014, 47.394241583254903 ], [ 1.36606890887919, 47.394294206948402 ], [ 1.36610379716573, 47.394301549244602 ], [ 1.36626491062911, 47.394335714253202 ], [ 1.36661343347232, 47.394397047767903 ], [ 1.36701586031716, 47.394467898163299 ], [ 1.36736414401165, 47.394528865883103 ], [ 1.36765417005706, 47.394579632540399 ], [ 1.36810243091225, 47.394680808641297 ], [ 1.36949101878421, 47.394742878484401 ], [ 1.36949140192616, 47.394551964052702 ], [ 1.36949193332504, 47.394360970648499 ], [ 1.36950769154637, 47.3940420824988 ], [ 1.36951508057928, 47.393825722034499 ], [ 1.36952031572345, 47.3937041610112 ], [ 1.36954164782828, 47.393598303517102 ], [ 1.36963000570502, 47.393211264922499 ], [ 1.36976584730182, 47.392568603319702 ] ] ], [ [ [ 1.38287097777676, 47.396045354080002 ], [ 1.3824868399697, 47.395475429210201 ], [ 1.38246632213466, 47.395436904132403 ], [ 1.38234785253225, 47.395038903412903 ], [ 1.38218170805858, 47.3945282213204 ], [ 1.38206198606567, 47.394111222391899 ], [ 1.38196649331114, 47.3937372120253 ], [ 1.38190686363718, 47.393514507402898 ], [ 1.38184988313615, 47.3932914704301 ], [ 1.38179386065092, 47.3930599920444 ], [ 1.38130110308241, 47.393120446143897 ], [ 1.38148605807281, 47.393776688230297 ], [ 1.38144100981336, 47.393780374006703 ], [ 1.38117777360334, 47.393801632089101 ], [ 1.38089033107281, 47.393824884509399 ], [ 1.38058973404015, 47.393849474668301 ], [ 1.38022705590288, 47.393889829455702 ], [ 1.37995562433373, 47.393879925058798 ], [ 1.37975967652155, 47.3938539104524 ], [ 1.37962632326411, 47.393869285573302 ], [ 1.37951076140461, 47.393882567489101 ], [ 1.3791779052115, 47.393918031341499 ], [ 1.37909150516843, 47.393927235407403 ], [ 1.37897400321234, 47.393939769431299 ], [ 1.37898333881751, 47.393992806697703 ], [ 1.3781025377722, 47.3941084331084 ], [ 1.37823517970594, 47.394959084020002 ], [ 1.37824460563357, 47.394966598717303 ], [ 1.37826484134759, 47.3949678804019 ], [ 1.37941349203149, 47.3949018702518 ], [ 1.379447164253, 47.394918366564497 ], [ 1.37947906745037, 47.394936359874997 ], [ 1.37950751365019, 47.394954665152497 ], [ 1.37953982075757, 47.394985179533997 ], [ 1.37964129789638, 47.395114206428602 ], [ 1.37967425891542, 47.3951498531152 ], [ 1.37969343773076, 47.395168119233801 ], [ 1.3797149103427, 47.395185075728897 ], [ 1.37974189639307, 47.395203000439302 ], [ 1.37983071943664, 47.395256722052402 ], [ 1.37996637412148, 47.395313176025198 ], [ 1.38010854598079, 47.395364597398597 ], [ 1.38014911419155, 47.395376696613901 ], [ 1.38029313253767, 47.395419679791402 ], [ 1.38072002733274, 47.395522841162403 ], [ 1.38085803925334, 47.395558374768001 ], [ 1.38103319236063, 47.395610173223403 ], [ 1.38114106512293, 47.395647879955 ], [ 1.38124756094651, 47.395687278158903 ], [ 1.38128645269314, 47.395702216875499 ], [ 1.38138131936565, 47.395745135657698 ], [ 1.38152974548148, 47.395821385084098 ], [ 1.3816039512882, 47.395864367236598 ], [ 1.38167651265195, 47.395908677039003 ], [ 1.3817385926891, 47.395948789153998 ], [ 1.38191529168163, 47.396070694252103 ], [ 1.38200312425526, 47.396139337849696 ], [ 1.38287097777676, 47.396045354080002 ] ] ], [ [ [ 1.38751406496777, 47.395710334222301 ], [ 1.38732748159595, 47.395612043980201 ], [ 1.38729486671575, 47.395591602940598 ], [ 1.38726413729238, 47.395569756422098 ], [ 1.38724641363123, 47.395555923691397 ], [ 1.38718087586971, 47.395498398060901 ], [ 1.38714227717866, 47.395448107054698 ], [ 1.38709522570555, 47.395371137249001 ], [ 1.38700181742872, 47.395212192026797 ], [ 1.38698326637821, 47.395169013036899 ], [ 1.38692845879669, 47.394957174027503 ], [ 1.38687084712754, 47.394745557175902 ], [ 1.38681392848308, 47.394546177197697 ], [ 1.38679132520122, 47.394415144785398 ], [ 1.3867848518407, 47.394285677743497 ], [ 1.38677799219145, 47.394275687266202 ], [ 1.386558554438, 47.394350211101703 ], [ 1.3864942469925, 47.394368632100203 ], [ 1.3863892017998, 47.394394222065998 ], [ 1.38632512367697, 47.394405461031397 ], [ 1.38626043699658, 47.394414890732698 ], [ 1.38619315902263, 47.394422744762302 ], [ 1.38613552423065, 47.394435333604598 ], [ 1.38606838656682, 47.394460107864802 ], [ 1.38602782511282, 47.394478155917398 ], [ 1.38598877913527, 47.3944978366941 ], [ 1.38595658081001, 47.394516009819597 ], [ 1.38587169787076, 47.394591544802999 ], [ 1.38585692309539, 47.394606628336 ], [ 1.38580306054472, 47.394660390261002 ], [ 1.38575168423181, 47.3947152491411 ], [ 1.3857025307002, 47.394771147298002 ], [ 1.38563435300404, 47.3948546574101 ], [ 1.38558107413393, 47.394924247213098 ], [ 1.38555770744651, 47.394956039723503 ], [ 1.38551119406901, 47.395007913693597 ], [ 1.38546302019338, 47.395056802299997 ], [ 1.38544537739491, 47.395071125642602 ], [ 1.38542563857227, 47.395084159328697 ], [ 1.38540165320022, 47.395096863924401 ], [ 1.38536475948773, 47.395111541195497 ], [ 1.38524701784273, 47.395140366318003 ], [ 1.38507119479487, 47.395149026210802 ], [ 1.38456654952201, 47.395216244201002 ], [ 1.38437530875062, 47.3952445694812 ], [ 1.38398936703781, 47.395290618424703 ], [ 1.383793582355, 47.395310424923899 ], [ 1.38362559766536, 47.395326916956897 ], [ 1.38334687652173, 47.395347424525099 ], [ 1.38314637162361, 47.395365444561698 ], [ 1.38293049315578, 47.395396819348498 ], [ 1.38252968637221, 47.395452912200597 ], [ 1.38257019637195, 47.395527172804002 ], [ 1.38263798173277, 47.3956317868385 ], [ 1.38276912657382, 47.3958255565069 ], [ 1.382897729546, 47.3960201009982 ], [ 1.38292934557738, 47.396068774677197 ], [ 1.38295648285855, 47.396108112026297 ], [ 1.38303597157362, 47.396211636997897 ], [ 1.3831196461544, 47.396312239818599 ], [ 1.38322058387845, 47.396428740418997 ], [ 1.3832984062556, 47.396504888126501 ], [ 1.38336342504799, 47.396561499349403 ], [ 1.38348110630916, 47.3966553085329 ], [ 1.38356057567476, 47.396712039501097 ], [ 1.38365289999901, 47.396768588953599 ], [ 1.38372486947535, 47.396806676493597 ], [ 1.38379998512153, 47.396841134123001 ], [ 1.38387675109926, 47.396874074971699 ], [ 1.38395501078842, 47.396905415824499 ], [ 1.38403454129337, 47.396935072545702 ], [ 1.38406584730708, 47.396946132238199 ], [ 1.38416299096826, 47.396976123685803 ], [ 1.38426120663349, 47.397004428208199 ], [ 1.38436056111222, 47.397031028723099 ], [ 1.3844240655018, 47.397046866586898 ], [ 1.38452597631404, 47.397068289214097 ], [ 1.38462856442886, 47.397087920378802 ], [ 1.38468959608537, 47.397098690558401 ], [ 1.38476072137014, 47.397108061253398 ], [ 1.38483216546912, 47.397115653559702 ], [ 1.38489178285792, 47.3971205514476 ], [ 1.38515067746663, 47.3971378152265 ], [ 1.38529003094083, 47.397139165247502 ], [ 1.38556590119284, 47.397117172710999 ], [ 1.38563233289659, 47.397119922859602 ], [ 1.3856985727044, 47.397124642160897 ], [ 1.3857293434838, 47.397127509418397 ], [ 1.38586059473636, 47.397142513240603 ], [ 1.38599124868652, 47.397159300399203 ], [ 1.38602715582608, 47.397164219733199 ], [ 1.38604416010869, 47.397162754023498 ], [ 1.38606181087986, 47.397161837519 ], [ 1.38607897238917, 47.397159113439997 ], [ 1.38609528946113, 47.397154486818103 ], [ 1.38611031655272, 47.397148221586498 ], [ 1.38612312552496, 47.3971407550587 ], [ 1.38614160959546, 47.397125813022797 ], [ 1.38632878233677, 47.396934142537198 ], [ 1.38637831026842, 47.3968834716107 ], [ 1.38681673939536, 47.396436631775202 ], [ 1.38712297240902, 47.3961263556508 ], [ 1.38729803315389, 47.395944329862203 ], [ 1.38751406496777, 47.395710334222301 ] ] ], [ [ [ 1.37265717909502, 47.396061896957001 ], [ 1.37264984860716, 47.395875727948301 ], [ 1.37264123573756, 47.395657982162199 ], [ 1.37263753029078, 47.395563821108297 ], [ 1.37262326512942, 47.395166223462297 ], [ 1.37253899045614, 47.394774650890703 ], [ 1.37247650994064, 47.394470640489402 ], [ 1.37244093420695, 47.394297662901899 ], [ 1.3724072299055, 47.394133805471498 ], [ 1.3723985992019, 47.3940913931119 ], [ 1.37240565424675, 47.393958152407897 ], [ 1.37242269583752, 47.393537888539399 ], [ 1.37245442865418, 47.392960387148698 ], [ 1.3724511656397, 47.392942081456603 ], [ 1.37244735408358, 47.392791157873198 ], [ 1.37244191563006, 47.3925706559641 ], [ 1.37165288246171, 47.3925595178262 ], [ 1.37133994864798, 47.392555116612698 ], [ 1.37114697655637, 47.392548838697699 ], [ 1.37106769743934, 47.392546260339302 ], [ 1.37061238472505, 47.392531812739698 ], [ 1.36987485394643, 47.392517980791901 ], [ 1.36971501460894, 47.3932644007756 ], [ 1.36962498299607, 47.393704314188902 ], [ 1.36960194646636, 47.393861425316103 ], [ 1.3696052791214, 47.393979874056498 ], [ 1.36960447770279, 47.394307075512501 ], [ 1.36960029056323, 47.394501439155199 ], [ 1.36958988487668, 47.394976143644897 ], [ 1.36958856882094, 47.395005901255402 ], [ 1.36958837912536, 47.395058355611198 ], [ 1.36959111892055, 47.3951108420408 ], [ 1.36959554099884, 47.395138969362002 ], [ 1.36960295356483, 47.395169047453898 ], [ 1.36961316105886, 47.395198786570298 ], [ 1.36962603559437, 47.395228031850003 ], [ 1.36964170221293, 47.395256595962501 ], [ 1.36965270240456, 47.395277711401498 ], [ 1.36969035390342, 47.395327653015997 ], [ 1.36973709888112, 47.395379874061803 ], [ 1.36979024064703, 47.395426251172097 ], [ 1.36981449394068, 47.395443239518897 ], [ 1.36987167270225, 47.395473727197398 ], [ 1.37028465569387, 47.395275369987402 ], [ 1.37037413419452, 47.395278001733402 ], [ 1.37049869345427, 47.395281683305598 ], [ 1.37047630697228, 47.395639519553697 ], [ 1.37073322469705, 47.395651664655396 ], [ 1.37103030914893, 47.395765873395703 ], [ 1.37105614744127, 47.395935824668101 ], [ 1.37109814366648, 47.396213347284203 ], [ 1.37109727181648, 47.396215856174102 ], [ 1.37107564106584, 47.396276185687803 ], [ 1.37070241765937, 47.396232509601099 ], [ 1.37082219647716, 47.396283610601003 ], [ 1.37105242098317, 47.3963408148227 ], [ 1.37132092713302, 47.396402867696601 ], [ 1.37145272278574, 47.396433823462402 ], [ 1.37173255252892, 47.396498113879503 ], [ 1.37201321963607, 47.396560614548598 ], [ 1.37208013462008, 47.396331257677403 ], [ 1.37187488328534, 47.396309691637299 ], [ 1.37190509764657, 47.3960968113633 ], [ 1.3719467342704, 47.396095521546798 ], [ 1.37194941640127, 47.396081431918901 ], [ 1.37217150285971, 47.396085243662803 ], [ 1.3723370246054, 47.396088065080299 ], [ 1.37237333873589, 47.396088690474102 ], [ 1.37237751697934, 47.396064627407704 ], [ 1.37248592516052, 47.396063569760202 ], [ 1.37265717909502, 47.396061896957001 ] ] ], [ [ [ 1.35631671539091, 47.394552168658002 ], [ 1.3562729958743, 47.394564759436904 ], [ 1.35622739582949, 47.394573812059598 ], [ 1.35618058597742, 47.394579074890999 ], [ 1.35613323980812, 47.394580638487597 ], [ 1.35608587672891, 47.394578429156297 ], [ 1.35603824049738, 47.394572155146598 ], [ 1.35572283213926, 47.394549047823098 ], [ 1.35553142002839, 47.394534941672497 ], [ 1.35546226132685, 47.394530884133303 ], [ 1.35523862705672, 47.394517663330497 ], [ 1.35439272701419, 47.394443224341899 ], [ 1.35390146488619, 47.394405071420898 ], [ 1.35385447570821, 47.394411852452997 ], [ 1.35380909625065, 47.394422347893602 ], [ 1.35376142505055, 47.394437952146603 ], [ 1.35365176232868, 47.394495915769902 ], [ 1.35356613807171, 47.394589767445297 ], [ 1.3535235941136, 47.3948006597114 ], [ 1.35348673175422, 47.395012199656001 ], [ 1.35346247453818, 47.395172523314798 ], [ 1.3534273758123, 47.395437148684898 ], [ 1.35342077897526, 47.395496076398899 ], [ 1.35340019734531, 47.395678322750598 ], [ 1.35340580143041, 47.395954788458702 ], [ 1.35340948899077, 47.396136937268302 ], [ 1.35341885480575, 47.396318995398701 ], [ 1.35343261059989, 47.396488510104 ], [ 1.35345089703619, 47.3967199102932 ], [ 1.3537604254409, 47.396951292454197 ], [ 1.35410458606017, 47.397215299160102 ], [ 1.35410884115005, 47.397214918196603 ], [ 1.35447229531479, 47.3971814082999 ], [ 1.35458349276099, 47.3971712317258 ], [ 1.3546652789764, 47.397170534240701 ], [ 1.35474693647647, 47.397173598539297 ], [ 1.3548336277572, 47.397181154955803 ], [ 1.35537113481581, 47.397219984645297 ], [ 1.35568626571951, 47.397240108436101 ], [ 1.35592535063058, 47.397255365468197 ], [ 1.35597893972687, 47.397198191610997 ], [ 1.35602770557883, 47.397139166748303 ], [ 1.35607162251569, 47.397078263510998 ], [ 1.35608706894596, 47.397054549332502 ], [ 1.35615209243936, 47.396477440420298 ], [ 1.35617795758607, 47.396211243353697 ], [ 1.35617872511797, 47.3959505260122 ], [ 1.35615776861641, 47.395799341055003 ], [ 1.35609985616157, 47.395623070730899 ], [ 1.35607498655004, 47.395566210130497 ], [ 1.35605547839026, 47.395508344849802 ], [ 1.35604108947107, 47.395447859754597 ], [ 1.35605839438801, 47.395238122579897 ], [ 1.35611207937204, 47.395022074731898 ], [ 1.35614850446795, 47.394917432210299 ], [ 1.35617982853273, 47.394831247753501 ], [ 1.35628328596624, 47.394612319888502 ], [ 1.35631671539091, 47.394552168658002 ] ] ], [ [ [ 1.38909439764328, 47.396479311439798 ], [ 1.38846359685731, 47.3961769801722 ], [ 1.3875629587898, 47.395731811302099 ], [ 1.38710680757574, 47.396207913889299 ], [ 1.38694677715848, 47.396361911659902 ], [ 1.3866363085572, 47.396680664251001 ], [ 1.38625875993667, 47.397069183710201 ], [ 1.38614758723797, 47.397194181592198 ], [ 1.38633405275636, 47.397244517192298 ], [ 1.38671302572105, 47.3973207086649 ], [ 1.38695709175635, 47.397368979180598 ], [ 1.38715960819086, 47.397413881650401 ], [ 1.38756097404079, 47.397499546893798 ], [ 1.38792178557781, 47.397584927606999 ], [ 1.38875338434865, 47.396800878719397 ], [ 1.38885995240648, 47.396700467291602 ], [ 1.38909439764328, 47.396479311439798 ] ] ], [ [ [ 1.37362760189588, 47.398095318084401 ], [ 1.37358849885075, 47.397584275329301 ], [ 1.37359402648352, 47.397137208389097 ], [ 1.37356803484198, 47.397074303509001 ], [ 1.3734648088187, 47.396938151710202 ], [ 1.37338529518371, 47.396883213871902 ], [ 1.37327846474205, 47.396833098081601 ], [ 1.37317874148738, 47.396801791804698 ], [ 1.37313956870769, 47.396791789591802 ], [ 1.37280696320923, 47.396724314988802 ], [ 1.37264777493091, 47.3967010629394 ], [ 1.37212652350308, 47.396623697793203 ], [ 1.37164387182359, 47.396528520833598 ], [ 1.3708705983374, 47.396346388970002 ], [ 1.370645134438, 47.396280895438103 ], [ 1.37060117026766, 47.396258849968802 ], [ 1.37056074508066, 47.396233801740301 ], [ 1.37052424612299, 47.396206098332897 ], [ 1.37051534592427, 47.396198329255199 ], [ 1.3703364116356, 47.396429951029297 ], [ 1.37029347160039, 47.3964645095826 ], [ 1.37024650161928, 47.396496409495001 ], [ 1.37021261225115, 47.396516337414504 ], [ 1.37017596607246, 47.396527060667701 ], [ 1.37013558377429, 47.396538983086799 ], [ 1.3699933404041, 47.396537214208202 ], [ 1.3698596708131, 47.396532143860099 ], [ 1.36974758569777, 47.396557710279197 ], [ 1.36965222944611, 47.396607443641699 ], [ 1.36956048377661, 47.396660099814603 ], [ 1.36950172045112, 47.3966964981038 ], [ 1.36923161018091, 47.396885970731297 ], [ 1.36907204617471, 47.3969975785839 ], [ 1.36890845464637, 47.397106428540802 ], [ 1.36881165383831, 47.397168278278798 ], [ 1.36872420475063, 47.397219562452001 ], [ 1.36849886674714, 47.397337251811301 ], [ 1.36841148600681, 47.397385835529398 ], [ 1.36913970148877, 47.3975433020764 ], [ 1.36934591833767, 47.397593410906602 ], [ 1.3695540797304, 47.397639764976503 ], [ 1.36976381953196, 47.397682629261197 ], [ 1.3699169018215, 47.397711373063402 ], [ 1.37048515017391, 47.397793755504402 ], [ 1.37072293633318, 47.397824882775801 ], [ 1.37123368459336, 47.397848038281097 ], [ 1.37145080791033, 47.397854392915598 ], [ 1.3716125607827, 47.397859233404901 ], [ 1.3719566699652, 47.397893053606801 ], [ 1.37245877746349, 47.397954943702402 ], [ 1.37362760189588, 47.398095318084401 ] ] ], [ [ [ 1.38240065402602, 47.397158853763202 ], [ 1.38233746152418, 47.397004376883601 ], [ 1.38223755732611, 47.396768407979899 ], [ 1.38212215501255, 47.3964893016445 ], [ 1.38201229991247, 47.396228541281801 ], [ 1.38199462031253, 47.3961917573682 ], [ 1.38197184823056, 47.396169930123001 ], [ 1.38191057780668, 47.396120114182601 ], [ 1.38187396740984, 47.396091521478198 ], [ 1.38181516363475, 47.396047853470797 ], [ 1.38175432019833, 47.396005426596702 ], [ 1.38159054731848, 47.395898998821004 ], [ 1.38151651988111, 47.3958549386738 ], [ 1.38139344113184, 47.3957903059949 ], [ 1.38132677311184, 47.395761186629599 ], [ 1.38107194489084, 47.395659577085503 ], [ 1.3809538341794, 47.395618396279403 ], [ 1.38072494713365, 47.395552244457903 ], [ 1.38034993100397, 47.395455046068001 ], [ 1.38010269502546, 47.395386647529499 ], [ 1.37997416595785, 47.395344060005797 ], [ 1.37985242480002, 47.395296254604702 ], [ 1.37983571978961, 47.395288269452799 ], [ 1.37979333176472, 47.3952666276179 ], [ 1.37975270310317, 47.395243371569201 ], [ 1.37971398687529, 47.395218701527902 ], [ 1.37965075955158, 47.395177140673503 ], [ 1.37962197914178, 47.395152338946602 ], [ 1.37952236744287, 47.395027398807699 ], [ 1.37949112952861, 47.394995728813299 ], [ 1.37945042286694, 47.394967168251 ], [ 1.37943530827176, 47.394959214208903 ], [ 1.37941815390991, 47.394952501288302 ], [ 1.37939975551047, 47.394947463763799 ], [ 1.37937099931192, 47.394943362336797 ], [ 1.37831061721287, 47.394991469890101 ], [ 1.37829984332363, 47.394992571166597 ], [ 1.37828822998012, 47.394995560562997 ], [ 1.37827773428705, 47.395000177250601 ], [ 1.37826907443068, 47.395006350211403 ], [ 1.37826262189214, 47.395013634430804 ], [ 1.37837494802293, 47.395532197691097 ], [ 1.3783865171678, 47.395586346594399 ], [ 1.37840966218109, 47.395703630405897 ], [ 1.37842985661105, 47.3958211431734 ], [ 1.37844942065544, 47.395934073144197 ], [ 1.37846415023019, 47.396036302047499 ], [ 1.37851762047879, 47.396414483251903 ], [ 1.37855076920195, 47.396554407292697 ], [ 1.37857973293808, 47.396638043455901 ], [ 1.37861591992324, 47.396722680724203 ], [ 1.37872949930123, 47.397012371958702 ], [ 1.37876882055252, 47.397138083727199 ], [ 1.37879305178956, 47.397223445601199 ], [ 1.37882663860008, 47.397350238885601 ], [ 1.37885753690156, 47.397477363828102 ], [ 1.37888565470679, 47.397604792136597 ], [ 1.37893126124778, 47.397616961988703 ], [ 1.38010523324193, 47.397509564168502 ], [ 1.38024733054898, 47.397490357486802 ], [ 1.38054829622954, 47.397450295370597 ], [ 1.38113269705853, 47.397371005217899 ], [ 1.38171662029858, 47.397289904720303 ], [ 1.38186708880026, 47.397270092267497 ], [ 1.38203065004669, 47.397246608132399 ], [ 1.38219360299613, 47.397221305519103 ], [ 1.38227983460467, 47.397201580182497 ], [ 1.38240065402602, 47.397158853763202 ] ] ], [ [ [ 1.38265317571615, 47.397884885267501 ], [ 1.38261224522978, 47.3977335184751 ], [ 1.38254952283631, 47.397568252619102 ], [ 1.38240470602759, 47.397195078847801 ], [ 1.38228874879059, 47.397230039514596 ], [ 1.38220053069063, 47.397250556575202 ], [ 1.38165611695574, 47.3973310478885 ], [ 1.38173333307849, 47.397636346754403 ], [ 1.38177277070452, 47.397792276112703 ], [ 1.3818109050809, 47.3979430640819 ], [ 1.38265317571615, 47.397884885267501 ] ] ], [ [ [ 1.38602420316962, 47.398935110814399 ], [ 1.38599473412301, 47.398837882875199 ], [ 1.38596082586145, 47.3987172101819 ], [ 1.38592958019319, 47.398596196265899 ], [ 1.38587881455166, 47.398428946465202 ], [ 1.38569959140143, 47.397963603946501 ], [ 1.38561843382972, 47.3975660533929 ], [ 1.38551882318133, 47.397157351752298 ], [ 1.38534196568857, 47.397169320215802 ], [ 1.38530856291053, 47.397169747750901 ], [ 1.38527925289813, 47.397170772347103 ], [ 1.38522358721116, 47.397171151803697 ], [ 1.38516797601644, 47.397169722205398 ], [ 1.38511255674914, 47.397166323390699 ], [ 1.38500222586709, 47.3971611624399 ], [ 1.38480585206376, 47.397143974486703 ], [ 1.38474141653486, 47.397136587572497 ], [ 1.38470221441161, 47.397132324370403 ], [ 1.3846244754727, 47.397122402559603 ], [ 1.38454745599238, 47.3971106088756 ], [ 1.38445368688951, 47.397092270680602 ], [ 1.38436469837164, 47.397072828326799 ], [ 1.3842765724482, 47.397051606112498 ], [ 1.38418944221852, 47.397028587881202 ], [ 1.38396095929123, 47.396953543359302 ], [ 1.38386806828685, 47.396919288972498 ], [ 1.38382439812261, 47.396900494085699 ], [ 1.38375330219372, 47.396868172252603 ], [ 1.38368373973833, 47.396834250987098 ], [ 1.38365065191885, 47.396815882256597 ], [ 1.38358686823144, 47.396778538740399 ], [ 1.38352499427122, 47.396739871150203 ], [ 1.38346516530075, 47.396699791330398 ], [ 1.38340720602224, 47.396658395889801 ], [ 1.38336402151273, 47.396623508580497 ], [ 1.38331848113887, 47.396584077537902 ], [ 1.38327535143685, 47.396543419447099 ], [ 1.38322994397165, 47.396499146109598 ], [ 1.38315940836641, 47.396427610641197 ], [ 1.3830912916471, 47.396355019288698 ], [ 1.38287657094922, 47.396087642224501 ], [ 1.38208237175129, 47.3961690730439 ], [ 1.3820722299602, 47.396171633097701 ], [ 1.38206334904454, 47.396175912435901 ], [ 1.3820564180308, 47.396181488458602 ], [ 1.382050098133, 47.3961931776401 ], [ 1.38205805045693, 47.3962275752111 ], [ 1.38217697204415, 47.396503840365099 ], [ 1.38228184102754, 47.396754545809699 ], [ 1.38236572302603, 47.396955482645801 ], [ 1.38248568002271, 47.3972414859794 ], [ 1.38267066670286, 47.3977473057246 ], [ 1.3828058850474, 47.398246670345699 ], [ 1.38336633354202, 47.398187447644297 ], [ 1.3836131537456, 47.398162885831098 ], [ 1.38374393533132, 47.398149991382198 ], [ 1.38370393617586, 47.398016006516798 ], [ 1.38433094174849, 47.397935050532404 ], [ 1.38433651978806, 47.397934326691399 ], [ 1.38444233572739, 47.398296601363803 ], [ 1.38454343516501, 47.398653498034101 ], [ 1.38468570031992, 47.399191188447503 ], [ 1.38479980106074, 47.399169516361802 ], [ 1.38487211206562, 47.399149307598698 ], [ 1.38502990293225, 47.3991066597928 ], [ 1.38518859642528, 47.399065735051302 ], [ 1.38541125785671, 47.399016091173998 ], [ 1.38545460059402, 47.3990075270289 ], [ 1.38548060043968, 47.399002404660699 ], [ 1.38567160732857, 47.398973903110999 ], [ 1.38570007931466, 47.398970354681701 ], [ 1.38580433772926, 47.398958431258599 ], [ 1.38590890762945, 47.398948492923701 ], [ 1.38601396676616, 47.398940362065296 ], [ 1.38602420316962, 47.398935110814399 ] ] ], [ [ [ 1.37794582843556, 47.398335580174901 ], [ 1.37790829886649, 47.397541532220202 ], [ 1.37778200108546, 47.397546478178299 ], [ 1.37772168509012, 47.397103688148803 ], [ 1.37782661693805, 47.397099254545601 ], [ 1.37780305472157, 47.396777548777301 ], [ 1.37775395109263, 47.395997997095002 ], [ 1.37714650985112, 47.396000748349699 ], [ 1.37684991779059, 47.396002082740402 ], [ 1.37661915502839, 47.395975207776097 ], [ 1.37648200320772, 47.395979631571997 ], [ 1.37603703880428, 47.3959937845719 ], [ 1.37585494458151, 47.395999632814402 ], [ 1.37391410714816, 47.3960810666781 ], [ 1.37390364872938, 47.396264546683298 ], [ 1.37391823944187, 47.3963360979184 ], [ 1.37392141115921, 47.396340824321001 ], [ 1.37393608374845, 47.396362900073598 ], [ 1.37406776877465, 47.396397984115303 ], [ 1.37408947010229, 47.396415665170899 ], [ 1.37411930043505, 47.396581988787098 ], [ 1.37415674579296, 47.3968435183981 ], [ 1.37416765993783, 47.396940121130903 ], [ 1.37415214376722, 47.396974272181403 ], [ 1.37413816101845, 47.396985844802003 ], [ 1.37412328353996, 47.396995000860002 ], [ 1.37410675338161, 47.397002684173501 ], [ 1.37364297981174, 47.397050374889098 ], [ 1.37368069224658, 47.397103278248998 ], [ 1.37369154274633, 47.397125021442697 ], [ 1.3737008612241, 47.397149183272901 ], [ 1.37370738034497, 47.397173828176598 ], [ 1.37370221646823, 47.397340112598798 ], [ 1.37369701922667, 47.397511429739701 ], [ 1.37370240903881, 47.397641053679401 ], [ 1.37371175574306, 47.397808972643503 ], [ 1.37372403406733, 47.397976860564299 ], [ 1.37373243961383, 47.397996588683 ], [ 1.37374545398027, 47.398020883224298 ], [ 1.37376115693668, 47.398044414016397 ], [ 1.37379012784667, 47.398071641899101 ], [ 1.37380773748891, 47.398085213993397 ], [ 1.37382721757387, 47.398097452650298 ], [ 1.37384861005087, 47.398108286424197 ], [ 1.3739209232574, 47.398134877868202 ], [ 1.37398545943477, 47.398160802269302 ], [ 1.37404845868494, 47.398188433896202 ], [ 1.37410983477675, 47.398217555451197 ], [ 1.37420313822408, 47.398267382220602 ], [ 1.37447459016331, 47.398422515329898 ], [ 1.37464572359457, 47.398501161825301 ], [ 1.37476375198608, 47.398541177303798 ], [ 1.37503930676603, 47.398615304058602 ], [ 1.37526789295672, 47.398674529672 ], [ 1.3754973319729, 47.398731884922398 ], [ 1.37554111869012, 47.398742851157202 ], [ 1.37573939788192, 47.398809305754597 ], [ 1.37580428988609, 47.398836233520697 ], [ 1.37586811918113, 47.398862786249097 ], [ 1.37609495920433, 47.398978404373302 ], [ 1.37605514337258, 47.398652059471701 ], [ 1.37603989231276, 47.398528213633497 ], [ 1.37600688081841, 47.398528824052597 ], [ 1.37598083664901, 47.398207092315403 ], [ 1.37608151994945, 47.398194587427298 ], [ 1.37627365506974, 47.398160444559103 ], [ 1.37628096458978, 47.398159475163901 ], [ 1.37642231264679, 47.398139281228197 ], [ 1.37649084991676, 47.398129460495603 ], [ 1.37649947666554, 47.3981292207881 ], [ 1.37655570632177, 47.398127772896402 ], [ 1.3766473505838, 47.398641897685799 ], [ 1.37674319383792, 47.399161492232899 ], [ 1.37688290870577, 47.3991515213702 ], [ 1.3772917588185, 47.399144946330999 ], [ 1.37778530558366, 47.3991414783235 ], [ 1.37787476964961, 47.399140862587799 ], [ 1.37769914185311, 47.398313536592497 ], [ 1.37776365199402, 47.398314094465697 ], [ 1.37794582843556, 47.398335580174901 ] ] ], [ [ [ 1.38814594529665, 47.398338987064498 ], [ 1.38815397113522, 47.398026636168701 ], [ 1.388161076872, 47.397714011362801 ], [ 1.38808240523386, 47.397691401471199 ], [ 1.3880027549273, 47.397670470690201 ], [ 1.38794016576441, 47.397655448845498 ], [ 1.38771800582314, 47.397601829731798 ], [ 1.38733309959207, 47.397524838989398 ], [ 1.38725975567546, 47.397504994587997 ], [ 1.38709707446304, 47.397460942001999 ], [ 1.38702508286189, 47.397445519115102 ], [ 1.38652023169701, 47.3973515280722 ], [ 1.38644229191892, 47.3973354820466 ], [ 1.38636530743718, 47.397317657448603 ], [ 1.38629684324718, 47.397300041084698 ], [ 1.38621988858345, 47.397277264656303 ], [ 1.38614182237902, 47.397256174485697 ], [ 1.38606279772625, 47.397236970781698 ], [ 1.38597014220458, 47.397216857500801 ], [ 1.38574350112424, 47.397175660764098 ], [ 1.38568530338134, 47.3971680908572 ], [ 1.38558269855923, 47.397165729889998 ], [ 1.38574577365817, 47.397973888271999 ], [ 1.38580049091029, 47.398112047408901 ], [ 1.38586788700054, 47.398294204490099 ], [ 1.3859326162363, 47.398476864726497 ], [ 1.38595812822923, 47.398551356955103 ], [ 1.38606470528345, 47.398932359548198 ], [ 1.38607885636776, 47.3989375891394 ], [ 1.38615014601545, 47.398937624180903 ], [ 1.38622151186117, 47.398939533046502 ], [ 1.38629082169231, 47.398943223118302 ], [ 1.38650470816891, 47.398951557524903 ], [ 1.38663927280004, 47.398953118532901 ], [ 1.38672988051423, 47.398958544468201 ], [ 1.38681461023093, 47.398969372157097 ], [ 1.38692222633063, 47.398989521169099 ], [ 1.38696815215126, 47.399000431704202 ], [ 1.3870130667317, 47.399013219011003 ], [ 1.38702880317629, 47.399018209363398 ], [ 1.38719782432467, 47.399072074089403 ], [ 1.38721907392465, 47.399078941661401 ], [ 1.38726613099845, 47.399087076559901 ], [ 1.38738889615419, 47.3991022219871 ], [ 1.38766427513414, 47.399109651273498 ], [ 1.38772650043045, 47.399111252390703 ], [ 1.38778853660416, 47.399114732665602 ], [ 1.38785023703999, 47.399120117077601 ], [ 1.3878804894041, 47.399123507787998 ], [ 1.38810913635398, 47.399156093261801 ], [ 1.38814594529665, 47.398338987064498 ] ] ], [ [ [ 1.36500893366889, 47.399720674441802 ], [ 1.3640402335263, 47.399260841253799 ], [ 1.36311107557057, 47.398812901300097 ], [ 1.36294147758485, 47.398731377971103 ], [ 1.36243826714825, 47.3992218236612 ], [ 1.36221668478798, 47.399129473757903 ], [ 1.3619704220713, 47.399017237170497 ], [ 1.36248586285792, 47.398513288659103 ], [ 1.36195347063802, 47.398254867678602 ], [ 1.36189708607402, 47.398227511684098 ], [ 1.36167179121549, 47.398118820171398 ], [ 1.36150821769927, 47.3980403418511 ], [ 1.36116541516334, 47.397875879637297 ], [ 1.3611404822534, 47.397863823076698 ], [ 1.362428270293, 47.396060195482299 ], [ 1.36216140304249, 47.3959548539232 ], [ 1.36118607932928, 47.395658737792999 ], [ 1.36000470769007, 47.3953885018853 ], [ 1.35962812170527, 47.395310005268897 ], [ 1.35927716205059, 47.395236920265802 ], [ 1.3589778388547, 47.395174206243802 ], [ 1.35876774270008, 47.395130137647499 ], [ 1.35852082176353, 47.3950783366029 ], [ 1.35899786880033, 47.3941468650414 ], [ 1.35871331249316, 47.394111361571497 ], [ 1.35825647437926, 47.394052391553799 ], [ 1.35817256276167, 47.3940451469851 ], [ 1.35805187550222, 47.3940316114602 ], [ 1.357932274111, 47.394014228436703 ], [ 1.35786388064136, 47.394002088545399 ], [ 1.35760807801554, 47.393954301840402 ], [ 1.35735384933399, 47.393902764132903 ], [ 1.35695801590451, 47.3938297312259 ], [ 1.35655238364093, 47.393747212309201 ], [ 1.35653694709489, 47.393876183306602 ], [ 1.3564794542772, 47.394361000562697 ], [ 1.35646363646109, 47.394426271948902 ], [ 1.35641660894989, 47.3945061117957 ], [ 1.35634242094809, 47.394623708541999 ], [ 1.35625661906146, 47.394819943910299 ], [ 1.3561255485584, 47.395214176038202 ], [ 1.3561144608573, 47.395300736621799 ], [ 1.35613012965484, 47.395468675305899 ], [ 1.35615878893193, 47.395631575324899 ], [ 1.35622888866308, 47.395771056577601 ], [ 1.35622829387121, 47.395828079372201 ], [ 1.35622756208486, 47.395897786834702 ], [ 1.35622597227766, 47.396120891943603 ], [ 1.35622524155034, 47.396359658087398 ], [ 1.35621912196665, 47.396685083321103 ], [ 1.35621521463726, 47.396716505980898 ], [ 1.35620282279896, 47.396815752689598 ], [ 1.35614701230344, 47.396985607001199 ], [ 1.35609688198318, 47.397155730668501 ], [ 1.35605755356866, 47.397210134891203 ], [ 1.35597978665277, 47.397272621430197 ], [ 1.35591770062555, 47.397355201409603 ], [ 1.35589045292933, 47.397391426292799 ], [ 1.35586278413223, 47.397453918809497 ], [ 1.35583094505542, 47.3975948759985 ], [ 1.35577784728771, 47.397808518761501 ], [ 1.35571937444409, 47.398021428187 ], [ 1.35568430180121, 47.3981631589457 ], [ 1.35567996992428, 47.3982585577847 ], [ 1.35570110934207, 47.398547298898599 ], [ 1.35571038475688, 47.398614545648897 ], [ 1.3556815404093, 47.398710579268702 ], [ 1.35562458035041, 47.398789828056003 ], [ 1.35579704478079, 47.398910281872503 ], [ 1.356144077934, 47.399129779991803 ], [ 1.35620625823139, 47.399166134650599 ], [ 1.3569870742463, 47.399619444750002 ], [ 1.35723530237547, 47.399744766473702 ], [ 1.35781614315429, 47.400038279336698 ], [ 1.35791697295162, 47.400089225030101 ], [ 1.35852321857467, 47.400376177926098 ], [ 1.35880720240597, 47.4005059626245 ], [ 1.35964188808095, 47.400903361475898 ], [ 1.36013293803213, 47.401136907851502 ], [ 1.36052030217746, 47.401321809581702 ], [ 1.36083145028046, 47.4014699800165 ], [ 1.36092467878884, 47.401514242962399 ], [ 1.36098551632079, 47.4015430937377 ], [ 1.36118163532707, 47.401636167394997 ], [ 1.36138338983327, 47.401731021865402 ], [ 1.36141395836749, 47.401745327689497 ], [ 1.36231516314716, 47.402169215078501 ], [ 1.36295247063944, 47.4024684575934 ], [ 1.36314287251476, 47.40220219927 ], [ 1.36356045559028, 47.401416954481199 ], [ 1.36371229431906, 47.401146082718 ], [ 1.36383249615492, 47.400967974395002 ], [ 1.36440908134069, 47.400148209474999 ], [ 1.36448538096397, 47.400060602833797 ], [ 1.3645837613587, 47.399973396734602 ], [ 1.36473990794708, 47.399874433428401 ], [ 1.36487260238787, 47.3997960923123 ], [ 1.36500893366889, 47.399720674441802 ] ] ] ] } }
]
}
