{
"type": "FeatureCollection",
"name": "Touraine-MESLAND",
"crs": { "type": "name", "properties": { "name": "urn:ogc:def:crs:OGC:1.3:CRS84" } },
"features": [
{ "type": "Feature", "properties": { "Name": null, "id": "" }, "geometry": { "type": "MultiPolygon", "coordinates": [ [ [ [ 1.10852623973669, 47.493452810658802 ], [ 1.10856275675144, 47.493434521794498 ], [ 1.10752128809315, 47.493200181319601 ], [ 1.10713754208305, 47.493140082847397 ], [ 1.10675213484088, 47.493078146247598 ], [ 1.10646613826802, 47.493032087086199 ], [ 1.10645712625282, 47.493031841541203 ], [ 1.10646450329593, 47.493055012253699 ], [ 1.10671275589775, 47.493934239045601 ], [ 1.10680055002335, 47.493969809940801 ], [ 1.10716446486084, 47.493859074441701 ], [ 1.1073796775533, 47.493781668546802 ], [ 1.10763700885414, 47.493707143539503 ], [ 1.1076586902551, 47.4936981403918 ], [ 1.1077476851641, 47.4936791015434 ], [ 1.10825064736281, 47.493559168049202 ], [ 1.10835762540866, 47.493522979641497 ], [ 1.10852623973669, 47.493452810658802 ] ] ], [ [ [ 1.08179460415774, 47.494826836044901 ], [ 1.08145461521, 47.493940681452898 ], [ 1.08142572861328, 47.493870386481902 ], [ 1.08119357058791, 47.493001791067201 ], [ 1.08100363654894, 47.492307033826201 ], [ 1.08107465561487, 47.492083384740397 ], [ 1.08105366394112, 47.492073044154701 ], [ 1.08051940007093, 47.492038651031599 ], [ 1.08026457357279, 47.492019144158903 ], [ 1.08023371511696, 47.4920386881277 ], [ 1.07904226726889, 47.494457271916502 ], [ 1.07927655495017, 47.494555527222097 ], [ 1.08023322029053, 47.494942553159298 ], [ 1.08083347243347, 47.4951830256555 ], [ 1.08086247206186, 47.495123859100097 ], [ 1.08125471328281, 47.4951401173142 ], [ 1.08174259361727, 47.4951617399851 ], [ 1.08179460415774, 47.494826836044901 ] ] ], [ [ [ 1.09334390315225, 47.493254100484101 ], [ 1.09400515368471, 47.493197867656399 ], [ 1.09377835143608, 47.492055469573501 ], [ 1.09369039753518, 47.492053417870899 ], [ 1.09314367031202, 47.492098692523101 ], [ 1.0926265199657, 47.492198978731601 ], [ 1.09164109268619, 47.492421063866097 ], [ 1.090743144998, 47.492620677383897 ], [ 1.09046056007833, 47.492688277358802 ], [ 1.09021297632809, 47.492761222785603 ], [ 1.0900359186132, 47.492868919035502 ], [ 1.08981343262407, 47.493039647240003 ], [ 1.08993875619055, 47.493979657986898 ], [ 1.08999755242386, 47.4944130334639 ], [ 1.090004073381, 47.494416075774303 ], [ 1.09033198819431, 47.494556110692201 ], [ 1.09069477949906, 47.494487286406603 ], [ 1.09079783252098, 47.494627028684299 ], [ 1.09341309682209, 47.494382231759502 ], [ 1.09324450088937, 47.493846897918999 ], [ 1.0930915248582, 47.493344567813899 ], [ 1.09334390315225, 47.493254100484101 ] ] ], [ [ [ 1.08298573842023, 47.494384624429998 ], [ 1.08344679279254, 47.494224011316497 ], [ 1.08299909277487, 47.492217496237402 ], [ 1.08298579740511, 47.492215926782997 ], [ 1.08238322144764, 47.492172935404099 ], [ 1.0811848796363, 47.492085686779198 ], [ 1.08115871975452, 47.492100545119399 ], [ 1.08109433290573, 47.4922955978369 ], [ 1.08151719971124, 47.493845195345003 ], [ 1.08185290212403, 47.494760876257502 ], [ 1.08191629724689, 47.494759155838103 ], [ 1.08298573842023, 47.494384624429998 ] ] ], [ [ [ 1.08461201303701, 47.4942295536393 ], [ 1.08440365916672, 47.493923628935498 ], [ 1.08394027466335, 47.494117190092197 ], [ 1.08194543669676, 47.494804639019698 ], [ 1.08190779573172, 47.494842503493899 ], [ 1.08198786665304, 47.494830720712599 ], [ 1.08306464669174, 47.494745319576097 ], [ 1.08315286198, 47.494710898221101 ], [ 1.08461201303701, 47.4942295536393 ] ] ], [ [ [ 1.09568735994927, 47.494315875944302 ], [ 1.09617550282023, 47.495817576674803 ], [ 1.09623038950405, 47.494241787106098 ], [ 1.09627942680308, 47.492866533367298 ], [ 1.09629352242177, 47.492447571107903 ], [ 1.09621935863905, 47.492383887532 ], [ 1.09611531804308, 47.492372066262497 ], [ 1.09591474944248, 47.492324351835798 ], [ 1.09590752194222, 47.4923224958698 ], [ 1.0957973200545, 47.492497997007298 ], [ 1.09566043016267, 47.4928608092644 ], [ 1.09566915469857, 47.493535072671001 ], [ 1.09568735994927, 47.494315875944302 ] ] ], [ [ [ 1.07959148330988, 47.502543514686998 ], [ 1.08003973264542, 47.501326504678602 ], [ 1.07945557964271, 47.501274601260597 ], [ 1.07900247096569, 47.502438223974103 ], [ 1.07955558901129, 47.502562876426502 ], [ 1.07959148330988, 47.502543514686998 ] ] ], [ [ [ 1.09731805259711, 47.501528754912798 ], [ 1.09743720852754, 47.501505002884201 ], [ 1.09561782213688, 47.500397292453002 ], [ 1.09049925527427, 47.502089086990601 ], [ 1.09072464230663, 47.503312069001403 ], [ 1.09077713103084, 47.5032751654905 ], [ 1.09089947976717, 47.503186344892498 ], [ 1.09092840012359, 47.503165325728403 ], [ 1.09114689248409, 47.503065519381799 ], [ 1.09124341685022, 47.503021530496902 ], [ 1.09145661889823, 47.502939618324 ], [ 1.09175084657178, 47.502838035103601 ], [ 1.09200965557869, 47.502772005016901 ], [ 1.09230675008426, 47.502715173285303 ], [ 1.09281915012874, 47.502620923420501 ], [ 1.09327375729551, 47.502501774289698 ], [ 1.09333906778482, 47.5024801075242 ], [ 1.09337589277175, 47.502468041258901 ], [ 1.0934336624007, 47.502442460259402 ], [ 1.09349998807444, 47.502415047323701 ], [ 1.09372957605865, 47.502316867477298 ], [ 1.09377337945231, 47.502294659475702 ], [ 1.09379301667373, 47.5022846439443 ], [ 1.09418841931311, 47.502139472883599 ], [ 1.0943534025397, 47.5020938370428 ], [ 1.09466941898893, 47.502020768145101 ], [ 1.09555304039805, 47.501849846261102 ], [ 1.09696461015954, 47.501576106835799 ], [ 1.09703718961697, 47.501562561506198 ], [ 1.09731805259711, 47.501528754912798 ] ] ], [ [ [ 1.13624485521868, 47.499052547178202 ], [ 1.13697757097395, 47.498073941131601 ], [ 1.13661008873991, 47.497910095509802 ], [ 1.13652369904411, 47.497871616683298 ], [ 1.1364565305897, 47.4978412698459 ], [ 1.13630536138853, 47.497773292560197 ], [ 1.1362014839334, 47.497726520049298 ], [ 1.13614294512486, 47.4977001828588 ], [ 1.13609067574195, 47.497676566146602 ], [ 1.13597974511203, 47.497626700216003 ], [ 1.13595007723077, 47.497613340606001 ], [ 1.13587403771426, 47.497579078745197 ], [ 1.13581288421401, 47.4975515290066 ], [ 1.13578425928562, 47.4975387442977 ], [ 1.13575016250626, 47.497523611981997 ], [ 1.13569721342482, 47.497500065245603 ], [ 1.13564233047672, 47.4974755871228 ], [ 1.13555112455248, 47.497435049560103 ], [ 1.13554274138473, 47.4974312237009 ], [ 1.13535169830156, 47.497346210445002 ], [ 1.13523354024009, 47.497293706934599 ], [ 1.13514299187014, 47.497252999482399 ], [ 1.13495077546477, 47.497166616140603 ], [ 1.13488989831467, 47.497139169366598 ], [ 1.13482939721351, 47.497111989700002 ], [ 1.13518515111072, 47.496763868218402 ], [ 1.13553708581424, 47.496421888380503 ], [ 1.1354289844373, 47.496370986633998 ], [ 1.13533718133649, 47.496327819091498 ], [ 1.13524892010553, 47.496286337916999 ], [ 1.13518559960452, 47.496256592125 ], [ 1.13510711726529, 47.496219679401499 ], [ 1.13501089837134, 47.496174378953597 ], [ 1.13490500128444, 47.496124682525398 ], [ 1.13482589691903, 47.496086949273703 ], [ 1.1346646758827, 47.496010245821502 ], [ 1.13467085168182, 47.496004591076399 ], [ 1.13460731996111, 47.496003024489603 ], [ 1.13448699698332, 47.496000143221998 ], [ 1.13439469727755, 47.495997548555401 ], [ 1.13429442034765, 47.495994736011298 ], [ 1.13418103087386, 47.495991524271702 ], [ 1.13402559117951, 47.495987179645503 ], [ 1.13394880778877, 47.495985013251399 ], [ 1.13388179922508, 47.495984092894801 ], [ 1.13376728401952, 47.495982303378597 ], [ 1.13363974963162, 47.4959804852448 ], [ 1.13341379358814, 47.495977134968399 ], [ 1.13329781000004, 47.495979733485399 ], [ 1.1332462612016, 47.495980861323801 ], [ 1.13305035385716, 47.495994379386701 ], [ 1.13279274817208, 47.496051253529203 ], [ 1.13267191037493, 47.4960779677197 ], [ 1.13256436847746, 47.496097160382298 ], [ 1.13232533511436, 47.496139582464103 ], [ 1.13182096039051, 47.496229009567799 ], [ 1.13169011485941, 47.496253131140001 ], [ 1.13089842511872, 47.496398930900803 ], [ 1.13017177394782, 47.496544886902697 ], [ 1.12994797960522, 47.496570089743599 ], [ 1.13018791665446, 47.496753978930101 ], [ 1.1305820159232, 47.4970382165397 ], [ 1.13074502535944, 47.497157588910099 ], [ 1.13096910707614, 47.497321610937199 ], [ 1.1310334558669, 47.497374759247002 ], [ 1.13109444942238, 47.497425071413602 ], [ 1.1311307105939, 47.497457698844698 ], [ 1.13123798506625, 47.497554287273097 ], [ 1.13129768277234, 47.497615464526397 ], [ 1.13144342380615, 47.497764875723703 ], [ 1.13158148465864, 47.497906338949299 ], [ 1.13161951477793, 47.497945018342897 ], [ 1.13175850640469, 47.498086487255598 ], [ 1.13179745798871, 47.498126180819199 ], [ 1.13183012643249, 47.498162793243502 ], [ 1.13189818717274, 47.498238681940101 ], [ 1.13196008710896, 47.498307988831698 ], [ 1.13201028199153, 47.498363970981003 ], [ 1.13206477953982, 47.498424965359902 ], [ 1.13211349680832, 47.498480653641799 ], [ 1.13213709050811, 47.498507765179497 ], [ 1.13225329170654, 47.498640674251 ], [ 1.13237128973814, 47.498775412819398 ], [ 1.13239412150278, 47.4988015216287 ], [ 1.13243243028263, 47.498847858690397 ], [ 1.13251846833424, 47.498951569764301 ], [ 1.13269424566354, 47.499163372992903 ], [ 1.13283375514279, 47.499331672010101 ], [ 1.13287935760925, 47.499389092814397 ], [ 1.13328088863456, 47.499896930618704 ], [ 1.13336252935722, 47.500001479919099 ], [ 1.13364211849883, 47.5003589475456 ], [ 1.13372847809314, 47.500465003794702 ], [ 1.13377082796205, 47.500517068662901 ], [ 1.13386215335883, 47.500629336142197 ], [ 1.13398266911378, 47.500786605406802 ], [ 1.13545924938674, 47.499358091392402 ], [ 1.1355161661168, 47.499381071400897 ], [ 1.1358900893446, 47.4995322374807 ], [ 1.13624485521868, 47.499052547178202 ] ] ], [ [ [ 1.12684845465754, 47.498463529079899 ], [ 1.12726026625128, 47.498171770867899 ], [ 1.12686592257592, 47.497909569233897 ], [ 1.12663367004778, 47.497751890783597 ], [ 1.12670561510572, 47.497589496515097 ], [ 1.12671454270784, 47.4975694077716 ], [ 1.12672731092142, 47.497524628402097 ], [ 1.12674492072921, 47.497463377273199 ], [ 1.12677251289414, 47.497367467642803 ], [ 1.12678132121712, 47.497336743083402 ], [ 1.126802816625, 47.497255583235798 ], [ 1.12681417953101, 47.497212230922102 ], [ 1.12680230959314, 47.497128895802099 ], [ 1.12678063503797, 47.496978376174297 ], [ 1.1267670082566, 47.4968841267793 ], [ 1.12671987895104, 47.496713838882997 ], [ 1.12670612805371, 47.496664121972003 ], [ 1.12668216497348, 47.496577080726503 ], [ 1.12668353351217, 47.4965391322526 ], [ 1.12668840507014, 47.496384816502797 ], [ 1.1266908436059, 47.496305682257898 ], [ 1.12669364807786, 47.496219890826097 ], [ 1.12670330359602, 47.495917551760598 ], [ 1.12629042210043, 47.495954212351002 ], [ 1.12590737762553, 47.495984877524997 ], [ 1.125221219186, 47.496060132364299 ], [ 1.12446164908967, 47.496138928438697 ], [ 1.12444175542017, 47.4962940738478 ], [ 1.12442604350238, 47.496413305980703 ], [ 1.12441561967192, 47.496493113029302 ], [ 1.12440540052243, 47.496570870423398 ], [ 1.12440118418173, 47.496602839308402 ], [ 1.12440763853478, 47.496726471179002 ], [ 1.12440921152386, 47.496756642402303 ], [ 1.12441920752674, 47.4968516350581 ], [ 1.1244223354504, 47.4968825516466 ], [ 1.12442408876531, 47.497114895943703 ], [ 1.12442420771541, 47.49714864541 ], [ 1.12442511680933, 47.497215948052002 ], [ 1.12442589153498, 47.497279124628399 ], [ 1.1244263302987, 47.497315121274099 ], [ 1.1244127909399, 47.497396246760601 ], [ 1.1243955673589, 47.497498706780199 ], [ 1.1243759676073, 47.497615886332802 ], [ 1.12436682804237, 47.4976707995392 ], [ 1.12435431935207, 47.497745638699897 ], [ 1.12434282504441, 47.497814281328502 ], [ 1.1242208936141, 47.498474122748 ], [ 1.12422034242493, 47.498511445053602 ], [ 1.12554461993462, 47.498439612840102 ], [ 1.12581135569554, 47.498424581528901 ], [ 1.12599307881831, 47.498414250871697 ], [ 1.12608639686778, 47.498411024825003 ], [ 1.12625799640111, 47.498405222066602 ], [ 1.12629456194287, 47.498629409954397 ], [ 1.12633102176656, 47.498827412071897 ], [ 1.12684845465754, 47.498463529079899 ] ] ], [ [ [ 1.13308655466933, 47.500040862726998 ], [ 1.13324914355802, 47.500053516709698 ], [ 1.13265039876558, 47.499298155136501 ], [ 1.13193140329113, 47.498449496889897 ], [ 1.13176624463667, 47.498271249938597 ], [ 1.13174054229544, 47.498243654295202 ], [ 1.13153665220326, 47.498023636970998 ], [ 1.13123286607585, 47.497701224567997 ], [ 1.13096679548263, 47.497441409821498 ], [ 1.13046177132059, 47.497077894945797 ], [ 1.13033544632441, 47.496987023755302 ], [ 1.13004413673534, 47.496776720531898 ], [ 1.12977609871275, 47.4965833667572 ], [ 1.12933356265045, 47.496265411283197 ], [ 1.12929914093097, 47.496240646384898 ], [ 1.12920355591495, 47.496192550955101 ], [ 1.12916039062138, 47.496170869076302 ], [ 1.129039460348, 47.496122276416301 ], [ 1.12880622233871, 47.496051323214402 ], [ 1.12849019420729, 47.495982064861998 ], [ 1.12805369420992, 47.495885352017801 ], [ 1.12792238340271, 47.495856292423198 ], [ 1.12772028060182, 47.4958091490927 ], [ 1.12733461775934, 47.495849771450402 ], [ 1.12718789410054, 47.4958651688356 ], [ 1.12708356141433, 47.495876133249098 ], [ 1.12673716108262, 47.495910199586902 ], [ 1.12672468363471, 47.496161466772897 ], [ 1.12672188791624, 47.496217031426902 ], [ 1.12671749321639, 47.496302707244901 ], [ 1.12671132879598, 47.496426406122097 ], [ 1.12670549676093, 47.496548579632503 ], [ 1.12679321959824, 47.4969016471332 ], [ 1.12679635011129, 47.496913934103503 ], [ 1.12680176638019, 47.496951631505297 ], [ 1.12681246920501, 47.497023521608398 ], [ 1.12683050207334, 47.497145997792899 ], [ 1.12683354177768, 47.497217044333702 ], [ 1.1267954535174, 47.497382783404703 ], [ 1.12678099987897, 47.497445345873402 ], [ 1.12675336456926, 47.497542866550198 ], [ 1.12674817792707, 47.497561223628502 ], [ 1.12672967843356, 47.497606901293402 ], [ 1.1266989151496, 47.497683328976798 ], [ 1.12666920202566, 47.497756703126498 ], [ 1.1272932845093, 47.498172490742597 ], [ 1.12682189034691, 47.498508437774099 ], [ 1.1263522844312, 47.498837919718397 ], [ 1.12637710103491, 47.498986346849499 ], [ 1.12649814480148, 47.4989316485225 ], [ 1.12655206346163, 47.498979418174301 ], [ 1.12664638080188, 47.499063034609598 ], [ 1.12669723028712, 47.499107774463802 ], [ 1.12682605122031, 47.499221821278397 ], [ 1.12684617012891, 47.499241854819701 ], [ 1.1268730936008, 47.499268669828901 ], [ 1.12694271293785, 47.499337833430999 ], [ 1.12699688891952, 47.499396492988197 ], [ 1.12704583923196, 47.499449575982297 ], [ 1.12710386161946, 47.499512610301302 ], [ 1.12733953049665, 47.499768055274799 ], [ 1.12780386808857, 47.500003421857599 ], [ 1.12786283708773, 47.500033371798303 ], [ 1.1279697601142, 47.500087584060601 ], [ 1.1282496261671, 47.500228772538499 ], [ 1.1283861537909, 47.500297785604701 ], [ 1.12869589608631, 47.500454030605802 ], [ 1.12892556194278, 47.500569919802601 ], [ 1.12926489526537, 47.500741054064598 ], [ 1.12935978002566, 47.500676028204097 ], [ 1.12947515320476, 47.500728051643399 ], [ 1.12970340251481, 47.500830950570702 ], [ 1.12986152899799, 47.500683570433701 ], [ 1.12995274585224, 47.500590410378102 ], [ 1.1300214799253, 47.500513619030599 ], [ 1.13020554111893, 47.500308443083 ], [ 1.13048159025009, 47.500003914917997 ], [ 1.13058128177219, 47.499911898834803 ], [ 1.13069537833968, 47.499828559673198 ], [ 1.13074093183078, 47.499795300047403 ], [ 1.13086578801941, 47.499700995266501 ], [ 1.13106758957803, 47.499567460264501 ], [ 1.13122232297768, 47.499461848020097 ], [ 1.13105915663836, 47.499424708703401 ], [ 1.13096892752097, 47.499407936132897 ], [ 1.13089928152351, 47.4994032801267 ], [ 1.13091965631264, 47.4993791428207 ], [ 1.13102748910403, 47.499385681033502 ], [ 1.13111786569359, 47.499401654558099 ], [ 1.13121377051112, 47.499426351644203 ], [ 1.13129221135986, 47.4994531005838 ], [ 1.13135276360156, 47.499478842204198 ], [ 1.13165187125509, 47.499605663385601 ], [ 1.13189059738246, 47.499705682722997 ], [ 1.13199159071639, 47.499747919731597 ], [ 1.13253408030036, 47.499977803175902 ], [ 1.13261023708313, 47.500002272559698 ], [ 1.1327621577852, 47.5000156476301 ], [ 1.13308655466933, 47.500040862726998 ] ] ], [ [ [ 1.11065497212993, 47.497656110097601 ], [ 1.11203431187615, 47.496989724829497 ], [ 1.11191434919266, 47.496878316686001 ], [ 1.11166757996163, 47.496649185162802 ], [ 1.11148145422814, 47.496476411963698 ], [ 1.11104309570288, 47.496589960700398 ], [ 1.1106559320993, 47.496707876787902 ], [ 1.11028374031155, 47.496837829969998 ], [ 1.11036690595628, 47.497071613160301 ], [ 1.11055602683375, 47.497466155769999 ], [ 1.11065497212993, 47.497656110097601 ] ] ], [ [ [ 1.10657389854282, 47.4940366560011 ], [ 1.10663257346855, 47.493959894381803 ], [ 1.10640257005194, 47.493112370781702 ], [ 1.10630577122192, 47.493050117729297 ], [ 1.10621346137431, 47.493051723441702 ], [ 1.1058364166933, 47.4931476556172 ], [ 1.10530071983901, 47.493291159580799 ], [ 1.10487918306326, 47.493402356485703 ], [ 1.10456374706867, 47.493449646665603 ], [ 1.10424367754888, 47.493446211853303 ], [ 1.10389900317377, 47.493395922874598 ], [ 1.10354415999228, 47.493319192987101 ], [ 1.10298504501467, 47.4931535773242 ], [ 1.10216917127541, 47.492871024929698 ], [ 1.1009383590372, 47.492357064822798 ], [ 1.10047099053402, 47.492220773584997 ], [ 1.09987678102242, 47.492265107338802 ], [ 1.0987601463959, 47.492350183268897 ], [ 1.0980692498036, 47.492402960379003 ], [ 1.09782794237345, 47.4924454458829 ], [ 1.09752869507786, 47.492471569322298 ], [ 1.09727998531968, 47.492462545585603 ], [ 1.09706350407377, 47.492479709927302 ], [ 1.09683296593438, 47.4924599248886 ], [ 1.09644105322497, 47.492413244853097 ], [ 1.09636542567215, 47.492459038085002 ], [ 1.09632539833448, 47.493587471022799 ], [ 1.09624832087436, 47.4959498323391 ], [ 1.09624548719971, 47.496032832051299 ], [ 1.09720665301563, 47.496681038063002 ], [ 1.09749386979228, 47.4966722048405 ], [ 1.09766890821159, 47.4966634479538 ], [ 1.09783693373305, 47.496789162420903 ], [ 1.09809535635571, 47.496637644834799 ], [ 1.09903734106454, 47.496950844057203 ], [ 1.09948005850061, 47.497098065261298 ], [ 1.10011318872911, 47.497310285329903 ], [ 1.10021956759863, 47.497345975118897 ], [ 1.10022245695592, 47.497346922660498 ], [ 1.10087646455988, 47.497562549364901 ], [ 1.10100077701912, 47.497542578612197 ], [ 1.10195838120988, 47.496867724145801 ], [ 1.10198778442407, 47.4968441079507 ], [ 1.10218731731825, 47.496713006965102 ], [ 1.10288885749728, 47.496174879989702 ], [ 1.1032797361903, 47.495867115113199 ], [ 1.10242091471111, 47.495489916251799 ], [ 1.10218763869053, 47.495391463653398 ], [ 1.10123105585071, 47.4949953477972 ], [ 1.10079639172666, 47.495199888092998 ], [ 1.1007491076611, 47.495200629877601 ], [ 1.09992926781006, 47.495176229888301 ], [ 1.09949229521661, 47.495163176669003 ], [ 1.09817503594839, 47.4951092087204 ], [ 1.09801645363692, 47.495116010938098 ], [ 1.09797922290835, 47.494637359409502 ], [ 1.0981095372793, 47.494433803472802 ], [ 1.09834759566193, 47.494300186432802 ], [ 1.09942692329706, 47.493764860894203 ], [ 1.099296471165, 47.493599233495701 ], [ 1.1000656289207, 47.493680888993097 ], [ 1.10019452832252, 47.493467502112999 ], [ 1.10189689618074, 47.494070030323002 ], [ 1.10167542872199, 47.494420827580001 ], [ 1.10372335832189, 47.495445682978797 ], [ 1.10376441252102, 47.495407047891703 ], [ 1.10411737496589, 47.4951634303468 ], [ 1.10501608241199, 47.494587188326904 ], [ 1.10522097364285, 47.494476149780503 ], [ 1.10543393510357, 47.494394938032301 ], [ 1.10559029749784, 47.494344545293401 ], [ 1.10561800173835, 47.494334307844298 ], [ 1.10588329624712, 47.494245149243 ], [ 1.10612470203001, 47.494174393446201 ], [ 1.10657389854282, 47.4940366560011 ] ] ], [ [ [ 1.09017544603566, 47.496932583813503 ], [ 1.0902468806721, 47.496874308915999 ], [ 1.090132563327, 47.496014204051797 ], [ 1.08966147704115, 47.495590411148001 ], [ 1.0894476392166, 47.495398048959103 ], [ 1.08919732265501, 47.495172870740802 ], [ 1.08915494681877, 47.495134753939901 ], [ 1.08876189384518, 47.494781146581602 ], [ 1.08845461172269, 47.494504707131 ], [ 1.08801506151525, 47.494109274523197 ], [ 1.08786761654834, 47.494411549469099 ], [ 1.0878496170952, 47.494463892911597 ], [ 1.08747030801617, 47.4952771975356 ], [ 1.08743028718647, 47.495369104227201 ], [ 1.08717459876128, 47.495902406036798 ], [ 1.08715777435286, 47.495930024953701 ], [ 1.08696597354215, 47.496682944573202 ], [ 1.08690275841209, 47.496919240531199 ], [ 1.08687996177586, 47.497012429336003 ], [ 1.08693412551296, 47.497048975685097 ], [ 1.08725749547905, 47.497035782002399 ], [ 1.08770261773997, 47.497022317076699 ], [ 1.08827192759163, 47.497003261951697 ], [ 1.0883329864704, 47.497000058982898 ], [ 1.08869765639181, 47.496986674646301 ], [ 1.08900559745999, 47.496974294483401 ], [ 1.08968919922396, 47.496948796389297 ], [ 1.09017544603566, 47.496932583813503 ] ] ], [ [ [ 1.08712740190298, 47.495893248060398 ], [ 1.0875589248682, 47.494977982239199 ], [ 1.08635480202025, 47.494832750733501 ], [ 1.08608629652496, 47.494928556858 ], [ 1.0859537623163, 47.494977433378303 ], [ 1.08541288794381, 47.494908585370197 ], [ 1.08495180848594, 47.494962631303601 ], [ 1.08445473750716, 47.495021477132497 ], [ 1.08435180214404, 47.495029914187697 ], [ 1.08427422858891, 47.495030583372099 ], [ 1.08392192566481, 47.495044355193201 ], [ 1.08279542717026, 47.495045170289103 ], [ 1.08281554233358, 47.494833072556297 ], [ 1.08281635277366, 47.494796735644599 ], [ 1.08192775068366, 47.494866603362098 ], [ 1.08190854343503, 47.494883908459599 ], [ 1.08190138685356, 47.494908984579702 ], [ 1.08171211204943, 47.496075297761401 ], [ 1.08174501862835, 47.496097620977302 ], [ 1.08187742622638, 47.496111020610002 ], [ 1.08215892158696, 47.496145810697001 ], [ 1.08411019096866, 47.496368818774499 ], [ 1.08418511556709, 47.496378361957703 ], [ 1.08462552994536, 47.496424286570999 ], [ 1.0849016824128, 47.496460701933501 ], [ 1.0852186482812, 47.496535047127502 ], [ 1.08574873491436, 47.496663002476197 ], [ 1.08587237564753, 47.496694604137502 ], [ 1.08642682520031, 47.496823875092097 ], [ 1.0867780818062, 47.496908773963 ], [ 1.08683487974816, 47.496883909599902 ], [ 1.08709207439104, 47.496005842437597 ], [ 1.08710232636224, 47.495961385694599 ], [ 1.08712740190298, 47.495893248060398 ] ] ], [ [ [ 1.09041582173755, 47.496923657359801 ], [ 1.09114555989385, 47.496895701514703 ], [ 1.09077762345918, 47.496410898211998 ], [ 1.09042414836634, 47.496093998670702 ], [ 1.09021795551589, 47.496037583413298 ], [ 1.09025186999502, 47.496287485019998 ], [ 1.09032833243296, 47.496872258610502 ], [ 1.09041582173755, 47.496923657359801 ] ] ], [ [ [ 1.1101467818429, 47.496818013973801 ], [ 1.11017940858776, 47.496756819558001 ], [ 1.11000211287013, 47.496391371431301 ], [ 1.10997900953927, 47.496343571511602 ], [ 1.10991971452868, 47.496225077731602 ], [ 1.10984379018348, 47.4960737369139 ], [ 1.10957996874869, 47.495539045735804 ], [ 1.1095872543201, 47.495414816013302 ], [ 1.10958854778788, 47.4953827190336 ], [ 1.10959913469815, 47.4953541944652 ], [ 1.10965180806274, 47.495226856494597 ], [ 1.1098138846844, 47.494835273748997 ], [ 1.1095782961107, 47.494943372908999 ], [ 1.10944110897377, 47.495006877130997 ], [ 1.10915933079053, 47.4951369704144 ], [ 1.10897768166416, 47.495178484462301 ], [ 1.10879093477623, 47.495221004975498 ], [ 1.10863165340742, 47.4952573980772 ], [ 1.10869733089806, 47.495331281401903 ], [ 1.10843843279059, 47.495427024262298 ], [ 1.10799718579889, 47.495605398926799 ], [ 1.1076833958314, 47.495732087431001 ], [ 1.10767248189488, 47.495736394229901 ], [ 1.10757237327991, 47.495776934626299 ], [ 1.10737436035566, 47.495661975489298 ], [ 1.10720367069403, 47.495752260551697 ], [ 1.10718107080197, 47.495764292116498 ], [ 1.10716169790394, 47.495774863406801 ], [ 1.10700976491601, 47.495871224661698 ], [ 1.10698158551847, 47.49589450181 ], [ 1.10668460254356, 47.496154353811299 ], [ 1.10628545818393, 47.496404863755799 ], [ 1.10615707317217, 47.496441683764303 ], [ 1.10606477385374, 47.496508885234 ], [ 1.10600230721915, 47.496554538397099 ], [ 1.10596397241847, 47.496582431421103 ], [ 1.10588734316998, 47.496638200079602 ], [ 1.10577410482387, 47.496550017502997 ], [ 1.10570529537083, 47.496587931808101 ], [ 1.10560517675598, 47.496643300306999 ], [ 1.1054953061924, 47.4967039126469 ], [ 1.10546688705868, 47.496685901269601 ], [ 1.10537802258017, 47.496782133594301 ], [ 1.10532646845045, 47.496838138633798 ], [ 1.1052764550605, 47.496892277828202 ], [ 1.10524014552597, 47.496927118787703 ], [ 1.10517271018282, 47.496996362746899 ], [ 1.10509492696203, 47.497076045295401 ], [ 1.10549664893382, 47.497344016133503 ], [ 1.10563878027466, 47.497283397160302 ], [ 1.10580546590211, 47.497212228172302 ], [ 1.10607950284079, 47.497091183236499 ], [ 1.10651571449909, 47.496974907804201 ], [ 1.10741586128889, 47.496674343616498 ], [ 1.10770921184847, 47.4966137207198 ], [ 1.10806868537177, 47.496618893178699 ], [ 1.10815174497725, 47.496646102170899 ], [ 1.10826119288271, 47.496674009759701 ], [ 1.10834319091343, 47.496697428614901 ], [ 1.10842323922763, 47.496719627197997 ], [ 1.10890145523317, 47.496851388197001 ], [ 1.10893420874952, 47.4968595734696 ], [ 1.10912959045997, 47.496894313732398 ], [ 1.10930014536294, 47.496924778915798 ], [ 1.10935914298752, 47.496926843967998 ], [ 1.10957699882495, 47.496934323363902 ], [ 1.10983398256452, 47.496917360569199 ], [ 1.1101467818429, 47.496818013973801 ] ] ], [ [ [ 1.0991959074985, 47.498121917658104 ], [ 1.1000643963683, 47.497353448135797 ], [ 1.09872528756338, 47.496908554970403 ], [ 1.09817722125282, 47.496726736540502 ], [ 1.09804098721433, 47.496737865576698 ], [ 1.09783950919898, 47.496856862207103 ], [ 1.09764149015789, 47.496720113999103 ], [ 1.0972798943537, 47.496733126263997 ], [ 1.0991959074985, 47.498121917658104 ] ] ], [ [ [ 1.09163439789111, 47.498654017141298 ], [ 1.0922851722498, 47.497957861786396 ], [ 1.0911851259465, 47.496947854105599 ], [ 1.09008630267869, 47.496988938561202 ], [ 1.08873603794017, 47.497037331973601 ], [ 1.08838190266242, 47.497052978294498 ], [ 1.08693693935403, 47.497102192002998 ], [ 1.08688005369847, 47.497140651396201 ], [ 1.08688306227227, 47.497293574988099 ], [ 1.08839628879302, 47.497237135132004 ], [ 1.08840422619565, 47.497341849711802 ], [ 1.08898086363613, 47.497488220249998 ], [ 1.08937492561806, 47.497635582432899 ], [ 1.09163439789111, 47.498654017141298 ] ] ], [ [ [ 1.11738735631404, 47.498334050547697 ], [ 1.11750459638568, 47.498267603544903 ], [ 1.11653057639635, 47.497786317384502 ], [ 1.11644213872153, 47.497743009105797 ], [ 1.11609750582121, 47.497535760918502 ], [ 1.11595000910355, 47.497645693560003 ], [ 1.11588287074938, 47.497606141895801 ], [ 1.11576770283393, 47.497688053960999 ], [ 1.1160524534215, 47.497857570687998 ], [ 1.11565691771329, 47.497622125298797 ], [ 1.11416005042707, 47.498422658302701 ], [ 1.11403901082502, 47.4988628666556 ], [ 1.11415993372137, 47.498877925286003 ], [ 1.11422253593035, 47.498876174393899 ], [ 1.11435086884676, 47.498855534189097 ], [ 1.11475964601673, 47.498782418180497 ], [ 1.11497027633608, 47.498766296555701 ], [ 1.11513678175569, 47.498791275988097 ], [ 1.11526497788425, 47.498837488510901 ], [ 1.11572852594817, 47.499060384747601 ], [ 1.11606458786504, 47.498916233712698 ], [ 1.1165275404489, 47.498717596183802 ], [ 1.11719920737623, 47.4984302717208 ], [ 1.11733285992155, 47.498361848108203 ], [ 1.11738735631404, 47.498334050547697 ] ] ], [ [ [ 1.11823631900917, 47.498908095926801 ], [ 1.11812953527388, 47.498768670398199 ], [ 1.11809606990328, 47.498724747755297 ], [ 1.11804394941971, 47.498656671714798 ], [ 1.11800958947519, 47.4986117441332 ], [ 1.11800615575501, 47.498607375668499 ], [ 1.11792539802231, 47.498501667750801 ], [ 1.1178954421401, 47.498408224825504 ], [ 1.11789112180748, 47.498392046580904 ], [ 1.11786040799516, 47.4982752075856 ], [ 1.11784183486745, 47.498204539980598 ], [ 1.11775117137083, 47.498071497298099 ], [ 1.11766398130109, 47.498158851541497 ], [ 1.1175690072373, 47.498252562937303 ], [ 1.1175074777925, 47.498294464504397 ], [ 1.1172325326862, 47.498441525275197 ], [ 1.117091025, 47.498503599936598 ], [ 1.11690621178743, 47.4985846665301 ], [ 1.11627764331446, 47.498858405638202 ], [ 1.11577456264851, 47.499075905191802 ], [ 1.11589436121546, 47.499137630409599 ], [ 1.11599628095087, 47.499190161243 ], [ 1.11605124858276, 47.499215811622499 ], [ 1.11636139530464, 47.499359779021198 ], [ 1.1164296566254, 47.499392037113097 ], [ 1.11651205400116, 47.499430745585698 ], [ 1.11664408837232, 47.499495197987798 ], [ 1.11678062755233, 47.499574741992802 ], [ 1.11690937697278, 47.499653268501902 ], [ 1.11695731040319, 47.499682496436499 ], [ 1.11699480064969, 47.499721532160599 ], [ 1.11725777996622, 47.500105748912503 ], [ 1.11730520554905, 47.500175100002103 ], [ 1.11797939994721, 47.500017642763403 ], [ 1.11789417716198, 47.499872991858503 ], [ 1.11786451770093, 47.499822845766502 ], [ 1.11764526641498, 47.499455886583398 ], [ 1.11761556880918, 47.499406460126899 ], [ 1.11758942349825, 47.499362565588399 ], [ 1.11753281538893, 47.4992679626083 ], [ 1.11748242808484, 47.4991808435283 ], [ 1.117465087016, 47.499150687505299 ], [ 1.1174449658103, 47.4991157143482 ], [ 1.11823631900917, 47.498908095926801 ] ] ], [ [ [ 1.11065848648483, 47.4979516483887 ], [ 1.11069575738216, 47.497868054738603 ], [ 1.11050680954691, 47.497494125858097 ], [ 1.11026989530478, 47.497044368556899 ], [ 1.11022613977217, 47.496900032936999 ], [ 1.11013426254098, 47.496881686589703 ], [ 1.11005702667746, 47.4969062215498 ], [ 1.10986096787037, 47.496968104830501 ], [ 1.10958343031066, 47.4969918294466 ], [ 1.1093008669567, 47.496978050417802 ], [ 1.10891215604398, 47.496911754937699 ], [ 1.10804834025685, 47.496674613870603 ], [ 1.10772440801785, 47.496667155357002 ], [ 1.10743015892442, 47.496730636035799 ], [ 1.10655624791429, 47.497021920250297 ], [ 1.10612328182358, 47.497139959399398 ], [ 1.10521373912766, 47.497526819281703 ], [ 1.10473286982987, 47.497786214490901 ], [ 1.10404938204829, 47.498283902 ], [ 1.10364586651525, 47.4985336026269 ], [ 1.10296120302393, 47.498928238703797 ], [ 1.10276809487296, 47.499039474296801 ], [ 1.10252872991764, 47.499203288041898 ], [ 1.10186052192704, 47.4996302227635 ], [ 1.10181620153575, 47.499658548175198 ], [ 1.10181511045898, 47.499659340775501 ], [ 1.10170444080781, 47.499734685484 ], [ 1.10170459516219, 47.499814591268198 ], [ 1.10267375295459, 47.500507188692801 ], [ 1.10356584777474, 47.501150908844799 ], [ 1.10352876760722, 47.501199504125601 ], [ 1.10553491012158, 47.501996193784798 ], [ 1.10685158383886, 47.501712283270798 ], [ 1.10706016593881, 47.501555425176903 ], [ 1.10730957466006, 47.501366760931802 ], [ 1.10763466968519, 47.501064549331701 ], [ 1.10780492507812, 47.500906229983499 ], [ 1.10797323913035, 47.5007640773795 ], [ 1.10807960518368, 47.500643032801399 ], [ 1.10816819234567, 47.500546794064398 ], [ 1.1082353643851, 47.5004448050082 ], [ 1.10828619477113, 47.500349906972602 ], [ 1.1083687968417, 47.500195187796699 ], [ 1.10848424807829, 47.500047115753098 ], [ 1.10851845260351, 47.500007548479303 ], [ 1.10870368938117, 47.499812779039097 ], [ 1.10886909322925, 47.499630626365899 ], [ 1.10891951793541, 47.499568577719103 ], [ 1.10898275365068, 47.499453828434497 ], [ 1.10908830866765, 47.499219127996902 ], [ 1.10915825669616, 47.499083985038098 ], [ 1.10927225244404, 47.4989021499131 ], [ 1.1094089790819, 47.498763606512703 ], [ 1.10969695947252, 47.498546866890202 ], [ 1.11028046671814, 47.498154197876502 ], [ 1.11057307049508, 47.497993330058698 ], [ 1.11065848648483, 47.4979516483887 ] ] ], [ [ [ 1.1034374468563, 47.501206166309402 ], [ 1.10341785051033, 47.501120640649901 ], [ 1.10272086203077, 47.500625037437501 ], [ 1.10257840637208, 47.500518745933803 ], [ 1.10243960088813, 47.5004107038529 ], [ 1.10165177884806, 47.499853925379298 ], [ 1.1015417176349, 47.499854067770798 ], [ 1.10115944146215, 47.500119755397499 ], [ 1.10200964544347, 47.5008050078563 ], [ 1.10211257832195, 47.5008339404623 ], [ 1.10248058165259, 47.500937333320699 ], [ 1.1034374468563, 47.501206166309402 ] ] ], [ [ [ 1.11716660355217, 47.502646660356 ], [ 1.11795780001625, 47.501862217228698 ], [ 1.11794497411663, 47.5018347454766 ], [ 1.11789155751434, 47.501733180161303 ], [ 1.11785767362386, 47.501560230344097 ], [ 1.11783945584814, 47.501417490399199 ], [ 1.11782443929667, 47.501300463984002 ], [ 1.11780858114101, 47.501176391721401 ], [ 1.1177897150175, 47.5010294273212 ], [ 1.11775102020797, 47.500956985048497 ], [ 1.1177195790292, 47.500897797011199 ], [ 1.11701649106814, 47.499904451053403 ], [ 1.116903515502, 47.499771479395299 ], [ 1.11680227214772, 47.499677406142801 ], [ 1.11673952283167, 47.4996248069506 ], [ 1.11658580434222, 47.499539582668298 ], [ 1.11652374538063, 47.499508145284501 ], [ 1.11596587491768, 47.499242019713499 ], [ 1.11575173671637, 47.499138511126198 ], [ 1.11522505102554, 47.498883889317703 ], [ 1.11510870291297, 47.498841551157597 ], [ 1.11496493922066, 47.498821991014601 ], [ 1.11477579206415, 47.498835506923903 ], [ 1.11437200331672, 47.498906182569797 ], [ 1.1142319665255, 47.498927524757498 ], [ 1.11415293349541, 47.498932152129001 ], [ 1.11398254153492, 47.498911511409901 ], [ 1.1134071538916, 47.498748925726503 ], [ 1.11329499246729, 47.498722419832298 ], [ 1.11229981795354, 47.498816653420597 ], [ 1.11180763752307, 47.4987877063637 ], [ 1.11123182252696, 47.498904655589598 ], [ 1.11080720509406, 47.499004758081597 ], [ 1.11068851646043, 47.499008091716902 ], [ 1.11032871271646, 47.498960278460103 ], [ 1.11029470451624, 47.498971774404801 ], [ 1.10994104055858, 47.4990916813599 ], [ 1.10932641262456, 47.499360747490599 ], [ 1.10927750142592, 47.499413825696301 ], [ 1.1092519830678, 47.499505776420101 ], [ 1.10975489872293, 47.500526583361797 ], [ 1.10955157071435, 47.5007106970153 ], [ 1.10992904030727, 47.501082445032203 ], [ 1.11006005922669, 47.501212024604698 ], [ 1.11012437854042, 47.5012757190241 ], [ 1.11097940975403, 47.502121111864597 ], [ 1.11174215070992, 47.5024279938036 ], [ 1.11333461412867, 47.503065526319901 ], [ 1.11336237998134, 47.503076609856599 ], [ 1.11384887079825, 47.5034372875229 ], [ 1.11398739862992, 47.503539368121999 ], [ 1.11420243551753, 47.5036977023058 ], [ 1.11491945936252, 47.502869344939697 ], [ 1.11624087165838, 47.503399011236603 ], [ 1.11700099535432, 47.502572797063998 ], [ 1.11716660355217, 47.502646660356 ] ] ], [ [ [ 1.07908553135904, 47.503509586363201 ], [ 1.07956686608982, 47.502653311902002 ], [ 1.07954404487621, 47.502620538431202 ], [ 1.07952376723177, 47.502597603506601 ], [ 1.07908417291526, 47.502496072784197 ], [ 1.07893664136333, 47.502460117354097 ], [ 1.0775423122408, 47.5021463880204 ], [ 1.07716201323027, 47.503059698523302 ], [ 1.07693755437425, 47.503017923762897 ], [ 1.07661797325114, 47.503796486484397 ], [ 1.07737933266774, 47.5038399467293 ], [ 1.07741287039715, 47.503758642540703 ], [ 1.07771168386892, 47.503703037616503 ], [ 1.07818150439247, 47.503622537823503 ], [ 1.07908553135904, 47.503509586363201 ] ] ], [ [ [ 1.08678826669221, 47.502031895808102 ], [ 1.0868674549895, 47.501106111387799 ], [ 1.0868644910936, 47.501078266642097 ], [ 1.08603725568584, 47.500810975677901 ], [ 1.08591772370148, 47.500772337573302 ], [ 1.08530204260781, 47.500700352207701 ], [ 1.08431870085749, 47.500848892215899 ], [ 1.08410247549245, 47.500879714685603 ], [ 1.08374393779, 47.5009314449713 ], [ 1.08364632619522, 47.500946362150202 ], [ 1.08342255171293, 47.500980552838101 ], [ 1.08291581308871, 47.501058394870803 ], [ 1.08199132450867, 47.501191631210297 ], [ 1.08194438010721, 47.501182736499103 ], [ 1.08119914850401, 47.501040686414498 ], [ 1.08088930760172, 47.500977883563003 ], [ 1.08079119884609, 47.500959222321903 ], [ 1.08051426667316, 47.5009076666433 ], [ 1.08033243037652, 47.500869869072403 ], [ 1.07999423883003, 47.501791085661303 ], [ 1.07972569088631, 47.502522748004097 ], [ 1.07975368230015, 47.502588805320201 ], [ 1.07986860285415, 47.502608203675202 ], [ 1.08012839409833, 47.5026607208329 ], [ 1.08022699391035, 47.502679849877602 ], [ 1.08053538743172, 47.502746583307101 ], [ 1.08112268402093, 47.502872835786597 ], [ 1.08126267038718, 47.502904351103503 ], [ 1.082564938127, 47.503234843640598 ], [ 1.08276106975859, 47.503284839406199 ], [ 1.08281657061544, 47.5032990069652 ], [ 1.0831221706826, 47.503377131832202 ], [ 1.08331419918692, 47.5034233674007 ], [ 1.08351969371011, 47.5034791075241 ], [ 1.08352633363555, 47.503482188145703 ], [ 1.08422624344635, 47.503601497948701 ], [ 1.08494185417248, 47.503730696097797 ], [ 1.08535841257412, 47.503805911581502 ], [ 1.08543379979917, 47.503792428542397 ], [ 1.08671203817847, 47.502938378333297 ], [ 1.08678826669221, 47.502031895808102 ] ] ], [ [ [ 1.08071566646965, 47.5038857627002 ], [ 1.08111934219585, 47.502905619220101 ], [ 1.08032217576683, 47.502738316095503 ], [ 1.08004693106946, 47.5026802232032 ], [ 1.07991727891781, 47.502653657973603 ], [ 1.07974031152345, 47.502619622582202 ], [ 1.07965784811598, 47.502634786154303 ], [ 1.07916486007305, 47.503518484866298 ], [ 1.07962844227336, 47.503629423737898 ], [ 1.07991469851092, 47.503695163513797 ], [ 1.08071566646965, 47.5038857627002 ] ] ], [ [ [ 1.12915017406019, 47.511729198882698 ], [ 1.12927217393935, 47.511463610513701 ], [ 1.12916199140649, 47.511558518300703 ], [ 1.1290762353205, 47.511616946494399 ], [ 1.12864921580373, 47.511763329845103 ], [ 1.12839399937702, 47.511788728239502 ], [ 1.12810549853136, 47.511860637691001 ], [ 1.12795111588953, 47.511921987443401 ], [ 1.12671144783228, 47.512365225679403 ], [ 1.12687366010316, 47.512541089745298 ], [ 1.12705260735055, 47.5127024828654 ], [ 1.12711965798784, 47.512751003023602 ], [ 1.12666058837657, 47.512916916189504 ], [ 1.1267418824523, 47.5129977920814 ], [ 1.1268104379612, 47.513067478167201 ], [ 1.12691213983162, 47.513031268856999 ], [ 1.12724225653078, 47.512913534065802 ], [ 1.12732552428257, 47.512883781194198 ], [ 1.12736101210844, 47.512908743535597 ], [ 1.12737321771645, 47.512916944304301 ], [ 1.12757422475181, 47.513051894933398 ], [ 1.12805151369479, 47.512755720851501 ], [ 1.12811350098368, 47.512722996375899 ], [ 1.1289701799566, 47.512430823541401 ], [ 1.1289660320306, 47.512372356533199 ], [ 1.12896061052323, 47.512323323348703 ], [ 1.12895030391176, 47.512203844900398 ], [ 1.12899875178537, 47.5120820953967 ], [ 1.12903131256952, 47.512003814560998 ], [ 1.12915017406019, 47.511729198882698 ] ] ], [ [ [ 1.10705409750233, 47.512091502388003 ], [ 1.10708434190977, 47.512030018259502 ], [ 1.10697395168717, 47.511888174670403 ], [ 1.10692349341992, 47.511770913474997 ], [ 1.10684677797009, 47.5113850825078 ], [ 1.10679312465036, 47.5112860206901 ], [ 1.10673239670792, 47.511213748252899 ], [ 1.10652741948908, 47.510962461663098 ], [ 1.10601241103609, 47.511120605302501 ], [ 1.10544790257452, 47.511288287652803 ], [ 1.10575089566934, 47.511636577422998 ], [ 1.10536093253633, 47.511818099780001 ], [ 1.10597092994563, 47.512403902921299 ], [ 1.1065201684414, 47.512257894898902 ], [ 1.10705409750233, 47.512091502388003 ] ] ], [ [ [ 1.08084364220915, 47.517965808098303 ], [ 1.08055231549943, 47.5178666103212 ], [ 1.08018983712415, 47.517740100541097 ], [ 1.07981968252278, 47.517613463117002 ], [ 1.07936338999613, 47.517456411403103 ], [ 1.07912950758597, 47.517391445155098 ], [ 1.07891098476832, 47.517334412199801 ], [ 1.07866163992397, 47.517271080973302 ], [ 1.07831719579315, 47.517185552455501 ], [ 1.07807860974388, 47.517103596617197 ], [ 1.07806981099187, 47.517105072261401 ], [ 1.07804715267402, 47.517207796552398 ], [ 1.07802397495465, 47.517296492745899 ], [ 1.0780105549548, 47.517368863191898 ], [ 1.07799861861137, 47.517541600784803 ], [ 1.07791740578928, 47.517719912912398 ], [ 1.07775277083989, 47.518050316361197 ], [ 1.07746812773951, 47.518555483024798 ], [ 1.07735899166581, 47.518749523608101 ], [ 1.07733095625253, 47.518799520537499 ], [ 1.07723573916228, 47.5188936460899 ], [ 1.07716360198448, 47.518933641036597 ], [ 1.07709601018423, 47.518969208845498 ], [ 1.07716192353176, 47.518975887990997 ], [ 1.07728619069939, 47.5190131806309 ], [ 1.07776130374002, 47.519164175709001 ], [ 1.07794564122135, 47.519218755989797 ], [ 1.07807348198401, 47.5192280226644 ], [ 1.07823937163075, 47.519235233385601 ], [ 1.07834049204747, 47.519233875415701 ], [ 1.07869934152388, 47.519217002411303 ], [ 1.07888289809767, 47.5192137975042 ], [ 1.07899785610821, 47.519215377327903 ], [ 1.07907468708002, 47.519220821686403 ], [ 1.07920433638948, 47.519234880137702 ], [ 1.07931782515554, 47.519254794947202 ], [ 1.07980718306128, 47.519380201331998 ], [ 1.07992644413801, 47.519412987570902 ], [ 1.08020678250233, 47.519570037608297 ], [ 1.08021138854511, 47.519567250156499 ], [ 1.08020423112713, 47.519501888008001 ], [ 1.08020416608558, 47.5194422342827 ], [ 1.08021946120752, 47.519351625115299 ], [ 1.08023654266181, 47.519298637799103 ], [ 1.08029219165488, 47.519158044870103 ], [ 1.08057791706399, 47.518473922645597 ], [ 1.08072668312988, 47.518112657997399 ], [ 1.08078013432474, 47.518038794587703 ], [ 1.08084364220915, 47.517965808098303 ] ] ], [ [ [ 1.09340958427332, 47.517354238326703 ], [ 1.09347279542721, 47.517165275961297 ], [ 1.09319643788616, 47.517150111544503 ], [ 1.0926449701844, 47.517121340862701 ], [ 1.09217705115083, 47.517095952301801 ], [ 1.09189237505893, 47.517082989676503 ], [ 1.09166342324919, 47.517289604720197 ], [ 1.09150568281528, 47.517433708191099 ], [ 1.09135593798626, 47.517569757630604 ], [ 1.09126218633756, 47.517667159750502 ], [ 1.09113556132842, 47.517799283598201 ], [ 1.09099380780607, 47.517945989328503 ], [ 1.09081426105026, 47.518137501689701 ], [ 1.09073926360558, 47.518216238887199 ], [ 1.09066327289234, 47.518297102751397 ], [ 1.09059588352323, 47.518392433096302 ], [ 1.09056400687723, 47.518465492731998 ], [ 1.09048258060034, 47.518650553480001 ], [ 1.09044801550577, 47.5187281701496 ], [ 1.09039388773618, 47.518806078540798 ], [ 1.09030649272159, 47.518936782352597 ], [ 1.09019443935008, 47.519102891509803 ], [ 1.09007262342565, 47.5192810681975 ], [ 1.08985357367442, 47.519546774159103 ], [ 1.08966461172925, 47.519770518355699 ], [ 1.08958475243107, 47.5198661749479 ], [ 1.08962294692652, 47.519918457830002 ], [ 1.09014425531315, 47.519915242587302 ], [ 1.09049744623973, 47.519911278523502 ], [ 1.09043996737579, 47.519979146408602 ], [ 1.09056270835715, 47.519975358794497 ], [ 1.09088510302038, 47.519967269314598 ], [ 1.09133938490107, 47.519955720398102 ], [ 1.09131584890797, 47.520308666419297 ], [ 1.09182843783935, 47.520300699667096 ], [ 1.09227636005275, 47.520292743631003 ], [ 1.0927295736025, 47.520285124586103 ], [ 1.09279665305487, 47.519986366589897 ], [ 1.0928037369348, 47.519915944104802 ], [ 1.0928253065151, 47.519704330675999 ], [ 1.09284664128871, 47.51948028767 ], [ 1.09285322543379, 47.519426856804202 ], [ 1.09288029961399, 47.519310975377799 ], [ 1.09291565797896, 47.519157349085397 ], [ 1.09295303646205, 47.519007078359003 ], [ 1.09297991243335, 47.518929173117598 ], [ 1.09301037609576, 47.518851668732403 ], [ 1.09307993977112, 47.518659839246098 ], [ 1.0931049772622, 47.518585397493098 ], [ 1.09313851092622, 47.518460176323998 ], [ 1.09317477290166, 47.518310247391298 ], [ 1.09326236916245, 47.517956323075602 ], [ 1.09336175554795, 47.517554626462399 ], [ 1.09340958427332, 47.517354238326703 ] ] ], [ [ [ 1.09042637475628, 47.518647813688901 ], [ 1.09036826586702, 47.518642161359402 ], [ 1.09031673858489, 47.518714988969201 ], [ 1.09030565643686, 47.518730906790097 ], [ 1.0903564221089, 47.518773959111897 ], [ 1.09038953082198, 47.518721872380098 ], [ 1.09042637475628, 47.518647813688901 ] ] ], [ [ [ 1.08731512210841, 47.520317873492097 ], [ 1.08744608484025, 47.520278234487499 ], [ 1.0874176070888, 47.520246810874703 ], [ 1.08723403442207, 47.520073124436699 ], [ 1.08710353545568, 47.519948562081602 ], [ 1.08704562706396, 47.5198934245809 ], [ 1.0867058346103, 47.5195719088617 ], [ 1.08649811189676, 47.519376394757302 ], [ 1.08640938681285, 47.519292486867201 ], [ 1.08611496136003, 47.519019409158297 ], [ 1.08602637755389, 47.518936043512397 ], [ 1.08590018523826, 47.518820545536599 ], [ 1.08585860986306, 47.518860246341902 ], [ 1.08579982174409, 47.5189170244332 ], [ 1.08521523748879, 47.518570224116999 ], [ 1.08510431846949, 47.518654112265502 ], [ 1.08499043789678, 47.518738662974698 ], [ 1.08478014683216, 47.518898695844896 ], [ 1.08458918747915, 47.5190429556326 ], [ 1.08450967012335, 47.5191214165798 ], [ 1.08439799938247, 47.519232907485197 ], [ 1.08421556828552, 47.519415466498302 ], [ 1.08395229246473, 47.519676725101803 ], [ 1.08380733863327, 47.519823018586798 ], [ 1.08375682818216, 47.519877941856002 ], [ 1.08481042480037, 47.520442020322903 ], [ 1.08493717623434, 47.520509653451697 ], [ 1.08544541028144, 47.520783464195901 ], [ 1.08550946739632, 47.520728834800501 ], [ 1.08563603740897, 47.5206385673144 ], [ 1.0857059610926, 47.520586024096097 ], [ 1.08576085173577, 47.520552403763404 ], [ 1.0858285020791, 47.520518803890297 ], [ 1.08589040580367, 47.520493123293797 ], [ 1.08596130287805, 47.520476135308499 ], [ 1.08603374539447, 47.520463503659002 ], [ 1.08615969866338, 47.520444655439597 ], [ 1.08626890470494, 47.520429493912303 ], [ 1.08634593689261, 47.520422321919902 ], [ 1.08677830057719, 47.520378213945897 ], [ 1.08715469495131, 47.5203425230644 ], [ 1.08723893560957, 47.520334856516797 ], [ 1.08726958781487, 47.520331496809199 ], [ 1.08731512210841, 47.520317873492097 ] ] ], [ [ [ 1.09471815044818, 47.517712664686101 ], [ 1.09480366428777, 47.5175676193629 ], [ 1.09440146248162, 47.517488632006 ], [ 1.09347485698333, 47.5173121403162 ], [ 1.09338052133229, 47.517673608125001 ], [ 1.09331150660718, 47.5179556143298 ], [ 1.09324045144597, 47.518228844059401 ], [ 1.09317981438394, 47.518474538436301 ], [ 1.09313523150679, 47.518633047220703 ], [ 1.09302908109823, 47.518975700711103 ], [ 1.09297417297048, 47.5191553622603 ], [ 1.09290299038181, 47.519427599140101 ], [ 1.09289338824921, 47.5195309986129 ], [ 1.09285726255984, 47.519865289350101 ], [ 1.09284190897776, 47.520005844795698 ], [ 1.0928284310058, 47.520080385583398 ], [ 1.0927956596422, 47.520250153526 ], [ 1.09281314304657, 47.520429684962899 ], [ 1.09284981088905, 47.520785786240097 ], [ 1.0929147097395, 47.5209868930556 ], [ 1.0929650714777, 47.521139796928701 ], [ 1.09308683211911, 47.521078949404 ], [ 1.09344222040757, 47.520902069906597 ], [ 1.09385109790114, 47.520697115925302 ], [ 1.09411958110397, 47.520561519588497 ], [ 1.0942576589215, 47.520501126792396 ], [ 1.09432915862268, 47.520474608240796 ], [ 1.09441568349927, 47.520443842259503 ], [ 1.09438967356881, 47.5202136045313 ], [ 1.09431976951611, 47.519621655300298 ], [ 1.09427107628183, 47.519205516299202 ], [ 1.09458807257435, 47.517925529852803 ], [ 1.09463684991785, 47.517844641788301 ], [ 1.09467230947155, 47.517786127356302 ], [ 1.09471815044818, 47.517712664686101 ] ] ], [ [ [ 1.09129232159423, 47.5309953841927 ], [ 1.09134134221471, 47.530853408949199 ], [ 1.09112617165205, 47.530703947199001 ], [ 1.0909657664631, 47.5306251366708 ], [ 1.09074714660511, 47.530551477198898 ], [ 1.09042544415291, 47.530476975047797 ], [ 1.09027743125552, 47.530448042156799 ], [ 1.08894980901978, 47.530188575614702 ], [ 1.0888620629128, 47.530172262236199 ], [ 1.08871666525403, 47.5304350671477 ], [ 1.08839245048895, 47.531053419842998 ], [ 1.08806038094371, 47.531690452305199 ], [ 1.08936618547854, 47.5319519837416 ], [ 1.08982836138545, 47.532046843803798 ], [ 1.08986781938998, 47.532054333486897 ], [ 1.09123821592488, 47.532348245241998 ], [ 1.09116219820449, 47.5318439150196 ], [ 1.09115691730478, 47.531643271433502 ], [ 1.09118789081276, 47.531344707730803 ], [ 1.09120584947525, 47.531249819544598 ], [ 1.09129232159423, 47.5309953841927 ] ] ], [ [ [ 1.09061683733067, 47.523990432845601 ], [ 1.09063100480283, 47.523930202235299 ], [ 1.09031887719057, 47.523755090563299 ], [ 1.09003226993411, 47.523565206257203 ], [ 1.08971131947255, 47.523790875171699 ], [ 1.08922266223999, 47.524171276136101 ], [ 1.08951398880949, 47.524377537198397 ], [ 1.08946826814791, 47.524407086641098 ], [ 1.08940091602153, 47.524450498989601 ], [ 1.08934461195468, 47.524486799068903 ], [ 1.08913310332813, 47.524625587814 ], [ 1.08910126437127, 47.524646468625797 ], [ 1.08899277181813, 47.524717704297998 ], [ 1.08896066061091, 47.524738760691001 ], [ 1.08833964692097, 47.525141677114298 ], [ 1.0883267142493, 47.525150180993698 ], [ 1.08810593451283, 47.5252952988277 ], [ 1.08807057045791, 47.525318453609501 ], [ 1.08790757326509, 47.525198573004197 ], [ 1.08771945986309, 47.525326055684999 ], [ 1.08732881804762, 47.525491885850499 ], [ 1.08694913572317, 47.525575740943502 ], [ 1.08693123910359, 47.525614858272498 ], [ 1.08729881237257, 47.525821232656703 ], [ 1.08753618736093, 47.525952266042097 ], [ 1.08779046733417, 47.526093120631103 ], [ 1.08791210315253, 47.526159675678997 ], [ 1.08818861284034, 47.526313148634898 ], [ 1.08830754047287, 47.526377767960497 ], [ 1.08847091305505, 47.526468678760203 ], [ 1.08855904024789, 47.526514694402799 ], [ 1.08872549488461, 47.526594157108001 ], [ 1.08886173325, 47.526646471934797 ], [ 1.08903560097037, 47.526716421319897 ], [ 1.08910426419516, 47.526742056242398 ], [ 1.08958968145857, 47.526883535397197 ], [ 1.08978195469492, 47.526950732906002 ], [ 1.0899316833977, 47.527011740398997 ], [ 1.09016429512188, 47.527124600845099 ], [ 1.09016785266986, 47.527026856454697 ], [ 1.09011744171572, 47.526818080429898 ], [ 1.08993151665134, 47.526355454670103 ], [ 1.08991497480974, 47.526277802204497 ], [ 1.08990489979857, 47.5261862092852 ], [ 1.08989120082179, 47.525969057562797 ], [ 1.08996502485542, 47.525650341985298 ], [ 1.08998958245671, 47.525570940897602 ], [ 1.09003232840463, 47.525440838512701 ], [ 1.09018093126765, 47.525017378600801 ], [ 1.09023696327953, 47.5248617690429 ], [ 1.09046958914941, 47.524475900005299 ], [ 1.0904890939025, 47.5244292630506 ], [ 1.09052456942442, 47.524305776419801 ], [ 1.0905353839812, 47.524271323730403 ], [ 1.09061683733067, 47.523990432845601 ] ] ], [ [ [ 1.09539091762018, 47.5260253360793 ], [ 1.09548917010029, 47.5257644359003 ], [ 1.09475736795808, 47.524959583238697 ], [ 1.094341581941, 47.525302001297 ], [ 1.09393159377991, 47.525634518155599 ], [ 1.09383041017171, 47.525724597291898 ], [ 1.09383710723838, 47.525741085291401 ], [ 1.09368323079501, 47.526120820112801 ], [ 1.09353316818167, 47.5264871109176 ], [ 1.09469564947501, 47.5267164010302 ], [ 1.09511725181582, 47.526800565153799 ], [ 1.09533464508146, 47.5268430785029 ], [ 1.09536098894771, 47.526448706160799 ], [ 1.09539091762018, 47.5260253360793 ] ] ], [ [ [ 1.08146595970486, 47.525938811559698 ], [ 1.08135508922126, 47.525912198149499 ], [ 1.08126746546092, 47.525892729431597 ], [ 1.08116125203702, 47.525869334943501 ], [ 1.08093452179229, 47.525818096230097 ], [ 1.08069860351237, 47.525778041988701 ], [ 1.08041353067894, 47.525734899683002 ], [ 1.08007919042794, 47.525698481611002 ], [ 1.07992573238493, 47.525688426251698 ], [ 1.07971830840517, 47.525690060392499 ], [ 1.07957852022385, 47.525702100866397 ], [ 1.07945811351534, 47.525721924973404 ], [ 1.07931365129698, 47.525756020314503 ], [ 1.07914951641584, 47.525815966335102 ], [ 1.07892004627006, 47.525900623170998 ], [ 1.07871467235462, 47.525976519543399 ], [ 1.08068544615129, 47.527238306204097 ], [ 1.08096308194975, 47.527415558920602 ], [ 1.08105196937191, 47.5274724878198 ], [ 1.08115099838534, 47.527536507782997 ], [ 1.08125154696165, 47.527601903290901 ], [ 1.08146595970486, 47.525938811559698 ] ] ], [ [ [ 1.08999474120044, 47.527517742400299 ], [ 1.0901054198018, 47.527244363297598 ], [ 1.09009449622846, 47.5272092663566 ], [ 1.09006792653277, 47.527180477036197 ], [ 1.08999331506281, 47.527142697727697 ], [ 1.08989004928241, 47.527093184651903 ], [ 1.0897193691802, 47.5270381366199 ], [ 1.08953526592507, 47.526987091248003 ], [ 1.08938285123709, 47.526940625876499 ], [ 1.08913161807405, 47.526865690022603 ], [ 1.08890689878298, 47.526792088751399 ], [ 1.08874636382067, 47.5267281114347 ], [ 1.08859941376562, 47.526656370010897 ], [ 1.08842682284312, 47.526570062405298 ], [ 1.08810325365352, 47.526399430652098 ], [ 1.08781874446302, 47.526242143580603 ], [ 1.08771658176519, 47.526184191720603 ], [ 1.0876191443312, 47.526128307206399 ], [ 1.08751478463771, 47.526068608328501 ], [ 1.08741938957178, 47.526014729052598 ], [ 1.08733402184556, 47.525966317672001 ], [ 1.08723256165645, 47.525914769820901 ], [ 1.08700870898049, 47.525795573063199 ], [ 1.08676969132102, 47.525666663583998 ], [ 1.0867081143306, 47.525632157434003 ], [ 1.08575788287656, 47.525807109643402 ], [ 1.08545246994257, 47.525858198064803 ], [ 1.08517800361487, 47.5258914706911 ], [ 1.08427845064837, 47.525977364259298 ], [ 1.0837415515659, 47.526016287447497 ], [ 1.08367262133658, 47.526023050796098 ], [ 1.08345234114518, 47.526165638073003 ], [ 1.08329193031892, 47.526424048221998 ], [ 1.08327078472128, 47.526464714330203 ], [ 1.08322973048624, 47.526624276791303 ], [ 1.08322479317264, 47.5266648492656 ], [ 1.08323884547876, 47.526795739344799 ], [ 1.08325135080351, 47.526896728258897 ], [ 1.08326319267378, 47.526982849436301 ], [ 1.0832715339091, 47.527063159401898 ], [ 1.08328719836347, 47.527161318924499 ], [ 1.08328834103498, 47.527173574330398 ], [ 1.08333589381828, 47.5272710966793 ], [ 1.08337813094673, 47.527358185847802 ], [ 1.08352084583794, 47.527646620696103 ], [ 1.08355416395176, 47.527683617224298 ], [ 1.08383584806497, 47.528018663729398 ], [ 1.0838884293117, 47.528066430608 ], [ 1.08401913161269, 47.528168227779702 ], [ 1.0853228219692, 47.528998607200997 ], [ 1.08571614743171, 47.529245909477702 ], [ 1.08590926796369, 47.529406157671602 ], [ 1.0859493754576, 47.529490509516798 ], [ 1.08620155320295, 47.529536681361002 ], [ 1.08666554734733, 47.529620869465703 ], [ 1.08725325874202, 47.529726309657697 ], [ 1.08732743833934, 47.529742761826903 ], [ 1.08743085848874, 47.530260061027697 ], [ 1.08742179234485, 47.530278622807899 ], [ 1.08686259590978, 47.531439710001401 ], [ 1.08695725331955, 47.531459838960998 ], [ 1.08796017740023, 47.531680398913998 ], [ 1.08848195386328, 47.530680722144297 ], [ 1.08853429442772, 47.530576241443903 ], [ 1.08877697839069, 47.530123145459001 ], [ 1.08918783718467, 47.529340329307502 ], [ 1.08932627451709, 47.529074978554803 ], [ 1.08966116178133, 47.528338474957202 ], [ 1.08969725275175, 47.528256309680302 ], [ 1.08975138370496, 47.528130977199702 ], [ 1.08999474120044, 47.527517742400299 ] ] ], [ [ [ 1.09266482778996, 47.527133347002597 ], [ 1.09255570772561, 47.527131237193302 ], [ 1.09226627061579, 47.527149244669801 ], [ 1.09219415566342, 47.527159193409197 ], [ 1.09158926511634, 47.527299488681301 ], [ 1.09120962907761, 47.527324165419799 ], [ 1.09068924221545, 47.527303279678897 ], [ 1.09020180490247, 47.527199193236797 ], [ 1.09015777507646, 47.527320549567797 ], [ 1.09010940233315, 47.527451460113198 ], [ 1.09000495669035, 47.527732324705802 ], [ 1.08958138364894, 47.5287288011492 ], [ 1.08929913910993, 47.529293783753801 ], [ 1.0888720224835, 47.530129061763503 ], [ 1.08972620027752, 47.5303042725835 ], [ 1.0906869935603, 47.530495855069297 ], [ 1.09086073733457, 47.530547349933897 ], [ 1.09098866634845, 47.530591071038003 ], [ 1.09105598010158, 47.530621526769202 ], [ 1.09119729926488, 47.530694982342403 ], [ 1.09135582200644, 47.530803079047899 ], [ 1.09154814113415, 47.530212029663197 ], [ 1.09170594121279, 47.529697039623599 ], [ 1.09181856410437, 47.529417487259003 ], [ 1.09211031609633, 47.5286970907827 ], [ 1.09236156984233, 47.528056347266201 ], [ 1.09243511814579, 47.527876199290098 ], [ 1.0925420351951, 47.527600235404599 ], [ 1.09259449626621, 47.527473433700102 ], [ 1.09262923019336, 47.527380719558302 ], [ 1.09266482778996, 47.527133347002597 ] ] ], [ [ [ 1.09596332165509, 47.523522524111897 ], [ 1.09658016344681, 47.5230968275187 ], [ 1.09650464034351, 47.5230693831232 ], [ 1.09618338446861, 47.523122662660001 ], [ 1.09605726232258, 47.523124159039597 ], [ 1.0960236487399, 47.523106502109997 ], [ 1.09603716365688, 47.523074875337201 ], [ 1.09608296499597, 47.5230571110813 ], [ 1.09622523218667, 47.523078919926299 ], [ 1.09640734179854, 47.523050208964698 ], [ 1.09640760159381, 47.523035815629697 ], [ 1.09596437296167, 47.522794108412299 ], [ 1.09616192902632, 47.522643644414998 ], [ 1.09620082601408, 47.5226114597913 ], [ 1.09583219056091, 47.522444678106901 ], [ 1.09529888129762, 47.5220664976029 ], [ 1.09510457793169, 47.521909198440802 ], [ 1.09498680589835, 47.521802492486501 ], [ 1.09485873569157, 47.521642718831004 ], [ 1.09472063407908, 47.521445161782502 ], [ 1.09418692788989, 47.520633636489499 ], [ 1.09412386002811, 47.520655169494198 ], [ 1.0940262558264, 47.5206984228846 ], [ 1.09369871916267, 47.520868934562202 ], [ 1.0930066751166, 47.5212188586463 ], [ 1.09315810630577, 47.521418535821198 ], [ 1.09362022090224, 47.522014632466004 ], [ 1.09402026944402, 47.522532393557498 ], [ 1.09412285934223, 47.522651079786897 ], [ 1.09421693283264, 47.5227558593525 ], [ 1.0943258403772, 47.522836048016202 ], [ 1.0946389735901, 47.523002170235003 ], [ 1.094804468622, 47.523082761265798 ], [ 1.09513654933971, 47.523231651786602 ], [ 1.09524744682237, 47.523348590839902 ], [ 1.09596332165509, 47.523522524111897 ] ] ], [ [ [ 1.08943012838512, 47.521957481463403 ], [ 1.08952068433427, 47.521921931903599 ], [ 1.0894525019906, 47.521825334334103 ], [ 1.08930071794136, 47.521617281546199 ], [ 1.08923629064063, 47.521584881874901 ], [ 1.08886713158352, 47.521367699856597 ], [ 1.08819993049204, 47.520976250944997 ], [ 1.08806887064853, 47.521080665032201 ], [ 1.08797703487518, 47.521154252997299 ], [ 1.08777873310662, 47.521371907226403 ], [ 1.08771930414503, 47.521446215788401 ], [ 1.08769262377362, 47.5214890339265 ], [ 1.08767624639918, 47.521533299702 ], [ 1.08766202210663, 47.521584263870203 ], [ 1.08765706205736, 47.521622233997398 ], [ 1.08765390971701, 47.521701094590803 ], [ 1.08764775879627, 47.5219017230338 ], [ 1.08764675262156, 47.521947330516198 ], [ 1.08763681371577, 47.522007810335303 ], [ 1.08762830089049, 47.522041049008799 ], [ 1.08760053733676, 47.522146112989702 ], [ 1.08788183074494, 47.5222343407791 ], [ 1.088067717392, 47.522033491575797 ], [ 1.08822109671547, 47.522125058580201 ], [ 1.08858662699376, 47.522346775120198 ], [ 1.08911264065501, 47.5220741654419 ], [ 1.08933375595731, 47.521992125227101 ], [ 1.08943012838512, 47.521957481463403 ] ] ], [ [ [ 1.08415550970596, 47.522080790374801 ], [ 1.0842228676867, 47.521978998160897 ], [ 1.08398712675778, 47.521854638287301 ], [ 1.08266267641145, 47.522821432148703 ], [ 1.08296036361004, 47.523009185308702 ], [ 1.08333264455172, 47.522666802447297 ], [ 1.08381746070012, 47.5223376499316 ], [ 1.08408068431164, 47.522154663976401 ], [ 1.08411013760265, 47.5221261817981 ], [ 1.08415550970596, 47.522080790374801 ] ] ], [ [ [ 1.09259397450915, 47.521342592924498 ], [ 1.09291888266032, 47.521160615030503 ], [ 1.09287549215773, 47.521020962242702 ], [ 1.0928037024604, 47.520786094194598 ], [ 1.09277671826487, 47.520575910306498 ], [ 1.09274528514527, 47.520327232932999 ], [ 1.09232322682242, 47.520333020946502 ], [ 1.09210897910289, 47.5203368971667 ], [ 1.09187371316524, 47.520341239244203 ], [ 1.09153344751793, 47.520344608808998 ], [ 1.09123079705841, 47.520349881046798 ], [ 1.0910127198472, 47.520375014338903 ], [ 1.09085609881082, 47.520393626516402 ], [ 1.09087628700181, 47.520466305493599 ], [ 1.09079395847596, 47.520484090625899 ], [ 1.09071147766278, 47.520502044284598 ], [ 1.09074401983084, 47.520639719464697 ], [ 1.09078748290395, 47.520824088911397 ], [ 1.0907960566811, 47.520855356673501 ], [ 1.09079485465226, 47.520855517065002 ], [ 1.09058597999369, 47.520915088105497 ], [ 1.09060884174423, 47.521053234987399 ], [ 1.09058703259596, 47.521060954392397 ], [ 1.09069733045668, 47.521517452324503 ], [ 1.09078079197989, 47.5218574291046 ], [ 1.09084491327624, 47.521869392503902 ], [ 1.09108265924521, 47.521913067038703 ], [ 1.09136145752168, 47.521964805775902 ], [ 1.0914329606188, 47.521978141309297 ], [ 1.09145565871155, 47.521982393789997 ], [ 1.09148520010038, 47.521987829820397 ], [ 1.09163347721392, 47.522015424379802 ], [ 1.09207976241435, 47.521699806925497 ], [ 1.09233494165151, 47.521517481471598 ], [ 1.09259397450915, 47.521342592924498 ] ] ], [ [ [ 1.08891193808161, 47.520353793613999 ], [ 1.08901542049172, 47.520274102002098 ], [ 1.0887780544998, 47.520263186387901 ], [ 1.08870154108267, 47.520256231975601 ], [ 1.08859561899651, 47.520239791042897 ], [ 1.08842107598486, 47.520214624989499 ], [ 1.0883022323635, 47.520195630764498 ], [ 1.08816228391949, 47.520201465804099 ], [ 1.08803348824787, 47.520208023894199 ], [ 1.08797199715849, 47.5202110489357 ], [ 1.08783414969035, 47.520235817762 ], [ 1.0876694571786, 47.520264530957398 ], [ 1.08764220384435, 47.520269117080801 ], [ 1.08757956638869, 47.520285611322997 ], [ 1.08743549522405, 47.520324576146102 ], [ 1.08731373308751, 47.520359683980097 ], [ 1.087284746336, 47.520367393025303 ], [ 1.08704779362255, 47.520389138728802 ], [ 1.08686530997789, 47.520406852838498 ], [ 1.08671095456016, 47.520421534835997 ], [ 1.08654090532364, 47.520437210541402 ], [ 1.08634709421449, 47.520455728322403 ], [ 1.08627748544608, 47.5204634634173 ], [ 1.08606861352647, 47.520490539491199 ], [ 1.08600528093048, 47.520500808616099 ], [ 1.08592799564364, 47.520522103746202 ], [ 1.08583981679768, 47.5205539978787 ], [ 1.08577858512347, 47.520586523640297 ], [ 1.08565008446564, 47.520678749482798 ], [ 1.08556286841308, 47.520743146212403 ], [ 1.08521829912238, 47.521047408555098 ], [ 1.08497074411656, 47.521260440223998 ], [ 1.08478184631132, 47.521431539531299 ], [ 1.08459571915163, 47.521598731249902 ], [ 1.08454674516184, 47.521647845388998 ], [ 1.08445708042813, 47.5217463808278 ], [ 1.08440312269462, 47.521808820178101 ], [ 1.08437459565857, 47.521836687363098 ], [ 1.08433058799074, 47.521899290224297 ], [ 1.08420789505668, 47.522097507802798 ], [ 1.08445291309614, 47.522116923219002 ], [ 1.08449759784422, 47.5221226279305 ], [ 1.08465870709808, 47.522155574679203 ], [ 1.08500667931566, 47.5222254022774 ], [ 1.08524362176353, 47.522265825065702 ], [ 1.0853231752798, 47.522280755294801 ], [ 1.08535011516695, 47.522288671309802 ], [ 1.08547105914441, 47.5223267017195 ], [ 1.08598409389308, 47.522488108629801 ], [ 1.08603128873267, 47.5225016875726 ], [ 1.08610368815046, 47.522512249816202 ], [ 1.08621674851727, 47.5225299086541 ], [ 1.08628451762231, 47.522539854503101 ], [ 1.08637778030671, 47.522553937608599 ], [ 1.08644391350717, 47.5225653962123 ], [ 1.08649936199497, 47.522567495129898 ], [ 1.08655655727132, 47.522572413983397 ], [ 1.08661948008497, 47.5225736631063 ], [ 1.08668866519202, 47.522570413883102 ], [ 1.08672700512451, 47.522568450089203 ], [ 1.08679538217168, 47.522558434430699 ], [ 1.0868522762404, 47.522549850985001 ], [ 1.08694617966126, 47.522531907412997 ], [ 1.08706129546837, 47.522511808781204 ], [ 1.08710527681089, 47.522500032901497 ], [ 1.08715354519846, 47.522488066246602 ], [ 1.0871667471181, 47.522482799399803 ], [ 1.08731491855302, 47.522397746910599 ], [ 1.08750379508828, 47.522223761980896 ], [ 1.08751458372171, 47.522208289818302 ], [ 1.08752268271698, 47.522190342400997 ], [ 1.08755781063377, 47.522094196328297 ], [ 1.08757715643486, 47.522026775610399 ], [ 1.08759523486255, 47.521943126634397 ], [ 1.08760027140342, 47.521899674246498 ], [ 1.0876059924486, 47.521598444449701 ], [ 1.08761107274595, 47.521557856090702 ], [ 1.08762576047464, 47.521508430236402 ], [ 1.08764636075601, 47.521457588700002 ], [ 1.08784348306109, 47.521224617296603 ], [ 1.08789388058654, 47.521169051193198 ], [ 1.08793455621444, 47.5211322162667 ], [ 1.08802730864051, 47.521058643372001 ], [ 1.08858328851857, 47.520616394349297 ], [ 1.0888692625806, 47.520391577531903 ], [ 1.08891193808161, 47.520353793613999 ] ] ], [ [ [ 1.08724292196334, 47.522644242262103 ], [ 1.08724503709975, 47.522641224571203 ], [ 1.08721112077083, 47.522631375669697 ], [ 1.08711534283639, 47.522602872341203 ], [ 1.08713154531695, 47.522584328616297 ], [ 1.0871958379245, 47.522515322585498 ], [ 1.0871472269806, 47.522529804795496 ], [ 1.0870036296476, 47.5225590614547 ], [ 1.08683323805359, 47.5225945231659 ], [ 1.08673136547581, 47.522605222554297 ], [ 1.08668168546137, 47.522608710973202 ], [ 1.08647768781361, 47.522604470457601 ], [ 1.08642175981837, 47.522601283160199 ], [ 1.08619816429614, 47.522562252517098 ], [ 1.0860706000775, 47.522541663245399 ], [ 1.08597344221511, 47.522524994762797 ], [ 1.0856525117443, 47.522424135792299 ], [ 1.08546503074204, 47.522364393096403 ], [ 1.08534674332692, 47.522326415328799 ], [ 1.08531583755265, 47.522317515737598 ], [ 1.08504338897001, 47.522271188265996 ], [ 1.08459121329736, 47.5221888072955 ], [ 1.08449044245273, 47.522168755646497 ], [ 1.08430897807003, 47.522147800771698 ], [ 1.08428415630095, 47.522147554848097 ], [ 1.08422386339889, 47.522154910633098 ], [ 1.08417622336636, 47.5221675076981 ], [ 1.08415005222561, 47.522178953966097 ], [ 1.08411712570799, 47.522192702291903 ], [ 1.08406497992083, 47.522227546535397 ], [ 1.08397337276746, 47.522280443646601 ], [ 1.08383154559472, 47.522377121595497 ], [ 1.08348883379244, 47.522609322224604 ], [ 1.08339874337047, 47.522671419065901 ], [ 1.08333969794463, 47.522724058786999 ], [ 1.08317740976836, 47.522874910604003 ], [ 1.08299594771193, 47.523034793137398 ], [ 1.08322491813276, 47.523133399730597 ], [ 1.08336965333987, 47.5231967470515 ], [ 1.08368031148227, 47.523330920787899 ], [ 1.08391129074607, 47.523432890541002 ], [ 1.08397913898568, 47.523462909257503 ], [ 1.08415339546471, 47.5235389865123 ], [ 1.08442815815045, 47.5236604035196 ], [ 1.08472360641236, 47.523793685081202 ], [ 1.08490762919803, 47.523875873387603 ], [ 1.08509318909585, 47.523959698386498 ], [ 1.08522189973112, 47.524013694851703 ], [ 1.08530075862639, 47.524040301003303 ], [ 1.08538936742457, 47.524068967136799 ], [ 1.08558919673758, 47.5241292728006 ], [ 1.08568848855946, 47.524159933008796 ], [ 1.08583313464073, 47.524204015831202 ], [ 1.08647915236484, 47.5234123910938 ], [ 1.08690410708153, 47.522984143134103 ], [ 1.08724292196334, 47.522644242262103 ] ] ], [ [ [ 1.09517637411454, 47.5241829120448 ], [ 1.09530181343003, 47.523628156686598 ], [ 1.09527719709202, 47.523519867096603 ], [ 1.09522469869234, 47.523408042415703 ], [ 1.09509703761577, 47.523269867778303 ], [ 1.09471762180359, 47.523096333437898 ], [ 1.09429652758577, 47.522871549190299 ], [ 1.09416649191495, 47.5227766084178 ], [ 1.09410506996196, 47.522716455943097 ], [ 1.09394194974715, 47.522531256793599 ], [ 1.0937654623958, 47.522304176668399 ], [ 1.09357951298161, 47.5220599236537 ], [ 1.09310416486558, 47.521433473514101 ], [ 1.09301927863404, 47.521320928605903 ], [ 1.09295773837171, 47.5212492662206 ], [ 1.09263492696174, 47.521450709451798 ], [ 1.09223479220835, 47.5217285017306 ], [ 1.09209006906076, 47.521835658904799 ], [ 1.0921631061546, 47.522240068466601 ], [ 1.09218874906652, 47.522359630858801 ], [ 1.0921883053025, 47.522502852261901 ], [ 1.09218603865614, 47.522662890538001 ], [ 1.09218205445722, 47.522830085979898 ], [ 1.09214627527079, 47.523085919798099 ], [ 1.09214040059366, 47.523152220052999 ], [ 1.09212217586242, 47.523388820243902 ], [ 1.09211593041609, 47.5236544116894 ], [ 1.09211488237549, 47.524123437259803 ], [ 1.09211455361247, 47.524197481768198 ], [ 1.09223270642436, 47.524588609857702 ], [ 1.09232510223942, 47.524917034678801 ], [ 1.09238600957707, 47.525166022924502 ], [ 1.0924264590076, 47.5253792360853 ], [ 1.09243662674855, 47.525493313545098 ], [ 1.0924418411393, 47.525553960555797 ], [ 1.09237768084232, 47.525543330104902 ], [ 1.0923713310995, 47.525491407502898 ], [ 1.09236203002896, 47.5254007369101 ], [ 1.09234842455571, 47.525307384668501 ], [ 1.09226557032309, 47.524910459724097 ], [ 1.09214529036165, 47.524479444692901 ], [ 1.09206379007876, 47.524179894121303 ], [ 1.09205915094873, 47.524008505767299 ], [ 1.09125090471374, 47.523862236115797 ], [ 1.09106551082793, 47.5238286217851 ], [ 1.09071237972678, 47.523764661836701 ], [ 1.0906806341864, 47.523971344741497 ], [ 1.09062003343846, 47.524193915407899 ], [ 1.09053565336337, 47.5244636922559 ], [ 1.09048382063303, 47.524551623738702 ], [ 1.09028953966654, 47.524895225434001 ], [ 1.09023146156609, 47.525069791180599 ], [ 1.09006392422354, 47.525550333137403 ], [ 1.09004836357215, 47.525601527695102 ], [ 1.09003039358276, 47.525660255233703 ], [ 1.09001472626037, 47.525711457041403 ], [ 1.08995418523199, 47.525989907793203 ], [ 1.08997100960166, 47.526300069228903 ], [ 1.09018953943839, 47.5268622114043 ], [ 1.09022760400182, 47.526991242758001 ], [ 1.09021661281631, 47.527164616956298 ], [ 1.09036494481821, 47.527198876778499 ], [ 1.09069788041038, 47.527270223019798 ], [ 1.09088738102403, 47.527279620865002 ], [ 1.09107174210162, 47.5272873855223 ], [ 1.09126939394066, 47.527291513773903 ], [ 1.09145568907652, 47.527278987219702 ], [ 1.09157802375169, 47.527268798706601 ], [ 1.09189572638169, 47.527197465101501 ], [ 1.09209369898185, 47.527153101086498 ], [ 1.09221097976796, 47.527120607052197 ], [ 1.0924019206447, 47.527105273723599 ], [ 1.09266220277803, 47.527085069048901 ], [ 1.09271936367833, 47.527076937266798 ], [ 1.09276359022426, 47.527073636113798 ], [ 1.09289736661225, 47.5270191891778 ], [ 1.09289976682856, 47.5270182379979 ], [ 1.09300150052976, 47.526978825762001 ], [ 1.09319136349252, 47.526887451849802 ], [ 1.09322584281595, 47.526863722823599 ], [ 1.09332135929412, 47.526729107237401 ], [ 1.09343444624148, 47.526571467346201 ], [ 1.09366097796915, 47.5259992428524 ], [ 1.09374725202991, 47.525771796443102 ], [ 1.09376856869669, 47.525715284121198 ], [ 1.09379933921386, 47.525673251945904 ], [ 1.09431230798761, 47.5252632642039 ], [ 1.0946353756268, 47.525000997850199 ], [ 1.0948330257488, 47.524837409615699 ], [ 1.09492794060358, 47.524733270791302 ], [ 1.09498432208531, 47.524611484314498 ], [ 1.09504597823222, 47.524480437749702 ], [ 1.09517637411454, 47.5241829120448 ] ] ], [ [ [ 1.08584606112527, 47.5247642494164 ], [ 1.08637678107194, 47.524629393293203 ], [ 1.08633010259934, 47.524561212936 ], [ 1.08628907526877, 47.524517508542502 ], [ 1.08623336252206, 47.524472221386297 ], [ 1.0861898489787, 47.524441532127703 ], [ 1.08613288572076, 47.524408533039903 ], [ 1.08606958035487, 47.5243744573309 ], [ 1.08595351480244, 47.5243258918998 ], [ 1.08588003844319, 47.524301526591202 ], [ 1.08577682803807, 47.524272260867001 ], [ 1.08541308258949, 47.524164377391401 ], [ 1.08530352803866, 47.524131135242598 ], [ 1.08523124794146, 47.524110129701597 ], [ 1.08519135201549, 47.524096859465097 ], [ 1.08430268836933, 47.523706342386802 ], [ 1.08405630515405, 47.5235968268764 ], [ 1.08328992664894, 47.523258573034497 ], [ 1.0829305296053, 47.523097943731202 ], [ 1.08267516013408, 47.523310031710103 ], [ 1.08251006286383, 47.523443476401901 ], [ 1.0823145406248, 47.523605737779903 ], [ 1.08221916224038, 47.523685466891102 ], [ 1.08210967086799, 47.5237765610377 ], [ 1.08186780680386, 47.523971428481801 ], [ 1.08140086650653, 47.524355126337703 ], [ 1.08105933339399, 47.524637915694903 ], [ 1.08092684789807, 47.524747700961903 ], [ 1.08055811203325, 47.525043439153102 ], [ 1.08032116438791, 47.525233972388001 ], [ 1.08017403382292, 47.525351700379701 ], [ 1.08005067477491, 47.525451559355297 ], [ 1.08001865692126, 47.525473605336998 ], [ 1.0798457530214, 47.525569748612803 ], [ 1.08020182676636, 47.525592848050401 ], [ 1.08048104888399, 47.525625269645097 ], [ 1.080619226785, 47.525646597956197 ], [ 1.0807646343388, 47.525669836972497 ], [ 1.0808766403494, 47.525690346838601 ], [ 1.0809835476546, 47.525713284804802 ], [ 1.08137688410783, 47.525796043304098 ], [ 1.08143785783304, 47.525806519336797 ], [ 1.08166077606509, 47.525842486327697 ], [ 1.08175437476637, 47.525858820596703 ], [ 1.08183933371292, 47.525871050782698 ], [ 1.08207058522569, 47.525900410018998 ], [ 1.08215354807268, 47.525909365636899 ], [ 1.08227734127204, 47.525786569097598 ], [ 1.08226203789234, 47.525635777066299 ], [ 1.08280589063259, 47.525475878422597 ], [ 1.08291136932513, 47.5254433796364 ], [ 1.08298073732469, 47.525424387319802 ], [ 1.08341614610165, 47.525295054084403 ], [ 1.08444734128499, 47.524991107696501 ], [ 1.08473975778453, 47.525124249141797 ], [ 1.08474205861609, 47.525123476577598 ], [ 1.08498987281369, 47.524979457448602 ], [ 1.08524971125278, 47.524914277470799 ], [ 1.08584606112527, 47.5247642494164 ] ] ], [ [ [ 1.12931832315171, 47.513711839185703 ], [ 1.12933560175594, 47.513581845751602 ], [ 1.12924241405204, 47.513158059044997 ], [ 1.12915818550814, 47.512769603895897 ], [ 1.12909380584085, 47.512620354275903 ], [ 1.12898835978686, 47.5124650427868 ], [ 1.12814785773096, 47.5127537029121 ], [ 1.12804844739846, 47.512815233530098 ], [ 1.12720594922719, 47.513333296693403 ], [ 1.12758974765395, 47.513515061669402 ], [ 1.12834106272503, 47.513865549375403 ], [ 1.12896383620892, 47.514153902099999 ], [ 1.12910096469207, 47.514274029992599 ], [ 1.12915296438059, 47.514205425501501 ], [ 1.12926851589549, 47.513882693090103 ], [ 1.12931832315171, 47.513711839185703 ] ] ], [ [ [ 1.09915104627032, 47.512603585312696 ], [ 1.10012802772335, 47.511788444214702 ], [ 1.09949845794492, 47.511404991504797 ], [ 1.09908757279693, 47.511156374547397 ], [ 1.09899892301627, 47.5111475899281 ], [ 1.09869198106405, 47.511257898226198 ], [ 1.09823017339238, 47.511387576403301 ], [ 1.09790015531461, 47.511515127168103 ], [ 1.09770185962268, 47.5116178060197 ], [ 1.09761982300102, 47.511675290891603 ], [ 1.09754855476011, 47.511725198937299 ], [ 1.09748830668305, 47.511767552295296 ], [ 1.09730510455846, 47.511860950519697 ], [ 1.09707772955929, 47.511934070065301 ], [ 1.09684549731521, 47.511929286882797 ], [ 1.09659896933787, 47.5117156162745 ], [ 1.09646461222876, 47.511601967971799 ], [ 1.09637094732834, 47.511595548566 ], [ 1.09623863462103, 47.511647772077097 ], [ 1.09615065535125, 47.511689212476 ], [ 1.096101114527, 47.511744354909702 ], [ 1.09597710070181, 47.511892716118403 ], [ 1.0958320887838, 47.5120496391797 ], [ 1.09574338508054, 47.512161795141701 ], [ 1.09569964368126, 47.512228719583497 ], [ 1.09568850978261, 47.512261105685397 ], [ 1.09572118329343, 47.512341182415597 ], [ 1.09590717768464, 47.512604775220098 ], [ 1.09621810785172, 47.512990308265302 ], [ 1.09635322921296, 47.513149035019303 ], [ 1.09636838759128, 47.5131667507166 ], [ 1.09682365393814, 47.5134325074009 ], [ 1.09704484364411, 47.513266337400097 ], [ 1.09726249150333, 47.513114137628101 ], [ 1.09784184529065, 47.512703723552001 ], [ 1.09823432137337, 47.512422545908997 ], [ 1.09849111713735, 47.512241125023998 ], [ 1.09857290339855, 47.512183203270801 ], [ 1.09915104627032, 47.512603585312696 ] ] ], [ [ [ 1.0828557197572, 47.515317292153298 ], [ 1.08285930985789, 47.515256068733599 ], [ 1.08285708393637, 47.515196919637603 ], [ 1.08283917970443, 47.515124285455101 ], [ 1.08280421861134, 47.5150706936288 ], [ 1.08274063200944, 47.514997370870702 ], [ 1.08267170696226, 47.514925040739698 ], [ 1.08235164743872, 47.514631550175402 ], [ 1.08192791842418, 47.514246679541998 ], [ 1.08149994423145, 47.513858054589498 ], [ 1.08122342338875, 47.513608659591398 ], [ 1.08116963612683, 47.513550885390998 ], [ 1.0811351602983, 47.513470135306001 ], [ 1.08110257873083, 47.513333995559698 ], [ 1.08108824268818, 47.513326466081999 ], [ 1.08065755224912, 47.513539822722699 ], [ 1.08058873942127, 47.513557823203897 ], [ 1.08020735454009, 47.513625987261797 ], [ 1.08011721024388, 47.513653612685502 ], [ 1.0799877919267, 47.513702354088998 ], [ 1.07993624724843, 47.513728382324501 ], [ 1.07983500232434, 47.513773112689798 ], [ 1.0802497304369, 47.514022771080903 ], [ 1.08047452489467, 47.514158016531603 ], [ 1.0807466024824, 47.514321953291798 ], [ 1.08085593249919, 47.514400451640903 ], [ 1.08130527004893, 47.514750397444402 ], [ 1.08173995206014, 47.515086674866403 ], [ 1.0821249378661, 47.515409427732401 ], [ 1.08220388897063, 47.515479771172501 ], [ 1.08244281920737, 47.515740412351199 ], [ 1.08254418335046, 47.515869975682499 ], [ 1.08258279429775, 47.5157694940063 ], [ 1.08263243625472, 47.515669022733903 ], [ 1.08267913037552, 47.515605915322801 ], [ 1.08277850255641, 47.515478124115397 ], [ 1.0828360105081, 47.515380663505098 ], [ 1.0828557197572, 47.515317292153298 ] ] ], [ [ [ 1.12155600222726, 47.513957974109303 ], [ 1.1216973885007, 47.513922697110701 ], [ 1.12144498649835, 47.513581488477598 ], [ 1.12117955466161, 47.513229174159797 ], [ 1.12103642553238, 47.513272868250802 ], [ 1.12080304110705, 47.512964793569097 ], [ 1.12073469011297, 47.512992396322097 ], [ 1.12061496249602, 47.513042599079903 ], [ 1.12023717492276, 47.513196147984402 ], [ 1.12020051590556, 47.513211025647003 ], [ 1.11999539483736, 47.512995111881601 ], [ 1.1198441387221, 47.512836333408501 ], [ 1.1197982069516, 47.512787969641103 ], [ 1.1197733794969, 47.512761925379102 ], [ 1.11969591685896, 47.5127738664535 ], [ 1.11950819888415, 47.512802072460197 ], [ 1.11945784030369, 47.512809696611498 ], [ 1.11960222654824, 47.512963871706297 ], [ 1.11950249923373, 47.513003879297102 ], [ 1.11916759513139, 47.513139694440099 ], [ 1.11910476411231, 47.513073787781202 ], [ 1.11864010923254, 47.513283564629397 ], [ 1.11895036224356, 47.513588760761003 ], [ 1.11925011382599, 47.513883530816202 ], [ 1.11969731475662, 47.514321539259001 ], [ 1.11990148029577, 47.514305753767196 ], [ 1.11997892262748, 47.514297855037597 ], [ 1.12021214547436, 47.5142607659078 ], [ 1.12062040842255, 47.514197065098401 ], [ 1.12073642685414, 47.5141692857067 ], [ 1.12097958139902, 47.514107089758802 ], [ 1.1210927312633, 47.514077724063803 ], [ 1.12140199868305, 47.513997540573101 ], [ 1.12155600222726, 47.513957974109303 ] ] ], [ [ [ 1.12170876413186, 47.513986683410501 ], [ 1.12169920720566, 47.513979146017697 ], [ 1.12118291391554, 47.5141066585809 ], [ 1.12099047275548, 47.514154951014802 ], [ 1.1206247028748, 47.514240137873202 ], [ 1.12027610799965, 47.514298714442802 ], [ 1.12016447942681, 47.514311617414698 ], [ 1.11961804633935, 47.514372681984099 ], [ 1.11972859407708, 47.514459716468799 ], [ 1.11981975411351, 47.5144986533398 ], [ 1.12111187579066, 47.5151179683211 ], [ 1.12124744564568, 47.514842009006401 ], [ 1.12136666358652, 47.514595652449003 ], [ 1.12146778983846, 47.514387577605 ], [ 1.12152609417573, 47.514272571905003 ], [ 1.12170876413186, 47.513986683410501 ] ] ], [ [ [ 1.12546393880971, 47.514987580930899 ], [ 1.12547291243434, 47.514855923705703 ], [ 1.12546843269882, 47.514569639247902 ], [ 1.12545985167914, 47.514390896445001 ], [ 1.12545323578064, 47.5141905934696 ], [ 1.12544958278293, 47.514073742871403 ], [ 1.12543826982337, 47.513708265588399 ], [ 1.12409653525251, 47.513120389328499 ], [ 1.12377547804417, 47.513277410944099 ], [ 1.12365719462381, 47.513335383547698 ], [ 1.12351229696242, 47.513402264694903 ], [ 1.12345196489144, 47.513425207980703 ], [ 1.1232312636447, 47.513505967886402 ], [ 1.12303930507155, 47.5135743325202 ], [ 1.12288381394276, 47.513629084848198 ], [ 1.12256175622053, 47.513743614813599 ], [ 1.12228157708639, 47.513842188187198 ], [ 1.12203629040818, 47.5139012190335 ], [ 1.12182261793433, 47.513956175839397 ], [ 1.12176455085939, 47.513968701031999 ], [ 1.12155036307536, 47.514284668425098 ], [ 1.1214930789723, 47.514396737243302 ], [ 1.12139101477721, 47.514605409263901 ], [ 1.12135886826767, 47.514671908407898 ], [ 1.12131189671679, 47.514766954588303 ], [ 1.12129009487258, 47.514808346026904 ], [ 1.12127159036835, 47.5148497005802 ], [ 1.1212420591516, 47.514902654693898 ], [ 1.12120216158953, 47.514989270001202 ], [ 1.12112939253938, 47.515140301740999 ], [ 1.12235469742396, 47.515734835236799 ], [ 1.12383714324851, 47.516447964086503 ], [ 1.12473163434181, 47.516881086496298 ], [ 1.12482525324307, 47.5167886985707 ], [ 1.12485454561896, 47.516749687089003 ], [ 1.12490251129649, 47.516671646309099 ], [ 1.12494094236903, 47.516614971810803 ], [ 1.12498576044438, 47.516542922077797 ], [ 1.12501851813595, 47.5164482761719 ], [ 1.12504160876288, 47.516378019800101 ], [ 1.12511140217483, 47.516146675746199 ], [ 1.12514551409251, 47.516021725887803 ], [ 1.12526136854618, 47.515617218210302 ], [ 1.12529606437414, 47.515483552738999 ], [ 1.12534617214745, 47.515330695398802 ], [ 1.12542375023173, 47.515111892927301 ], [ 1.12546393880971, 47.514987580930899 ] ] ], [ [ [ 1.08110324851343, 47.515466523795602 ], [ 1.08213089817016, 47.5154711594815 ], [ 1.08179152523715, 47.515189937456398 ], [ 1.08145503550806, 47.514924771265598 ], [ 1.0812113347715, 47.514733246485797 ], [ 1.08071409300871, 47.514349745051803 ], [ 1.08033443735573, 47.514121105734297 ], [ 1.0800365902016, 47.513943138031102 ], [ 1.0797780198717, 47.513787714964998 ], [ 1.07957762983512, 47.5138519891808 ], [ 1.07931923243058, 47.513890545417603 ], [ 1.07921604051873, 47.5139050880952 ], [ 1.07895064045773, 47.5139643097923 ], [ 1.07878300820382, 47.514000885513198 ], [ 1.07834584674363, 47.514093560826197 ], [ 1.07784433672332, 47.5141990035643 ], [ 1.07719302000382, 47.514314947431203 ], [ 1.07754817480536, 47.514581514847102 ], [ 1.07769479976491, 47.514689084762303 ], [ 1.07775104909535, 47.514734493401498 ], [ 1.07777446648259, 47.514754860006903 ], [ 1.07792372828296, 47.514838269814398 ], [ 1.07804728058856, 47.5149166542488 ], [ 1.07819273284616, 47.515035090223698 ], [ 1.07828769331773, 47.5150784447357 ], [ 1.07858271620792, 47.5152140685178 ], [ 1.07866879474, 47.515264200483699 ], [ 1.07877654739642, 47.515353650874403 ], [ 1.07915950110571, 47.5152144470675 ], [ 1.07924369533913, 47.515243414694297 ], [ 1.07927183370624, 47.515258546319998 ], [ 1.07931706775577, 47.515281721327298 ], [ 1.07932895337573, 47.5153019785716 ], [ 1.07934279198507, 47.515326328894901 ], [ 1.07935257514123, 47.515489889249501 ], [ 1.07952490681932, 47.515491711959598 ], [ 1.08033167043816, 47.515478694524496 ], [ 1.08081163302204, 47.515468708755897 ], [ 1.08110324851343, 47.515466523795602 ] ] ], [ [ [ 1.13596404061327, 47.516498999923499 ], [ 1.13614671754969, 47.516206697470501 ], [ 1.1359765750363, 47.516173677525302 ], [ 1.13564777260203, 47.516108820027497 ], [ 1.13554430715463, 47.516086968664602 ], [ 1.13543565389212, 47.516061432588003 ], [ 1.13502754256691, 47.515957037174203 ], [ 1.13450002547178, 47.515822609277301 ], [ 1.1335207754127, 47.515570726081897 ], [ 1.1333589787919, 47.515531353006999 ], [ 1.13330360179347, 47.515515960445498 ], [ 1.13293880161492, 47.515389047900101 ], [ 1.13277185576057, 47.515322075119897 ], [ 1.13229027645718, 47.515103716967602 ], [ 1.13147208367315, 47.514738308044699 ], [ 1.13101569814366, 47.514509741584597 ], [ 1.13048602938853, 47.514236787104998 ], [ 1.12962264919669, 47.513791529976999 ], [ 1.12943257841575, 47.513688705029701 ], [ 1.12938117988091, 47.513733305459198 ], [ 1.12922650062609, 47.514184140931903 ], [ 1.12921749967867, 47.514198294883002 ], [ 1.12914493139799, 47.5143108331552 ], [ 1.12913538388711, 47.514347830635401 ], [ 1.1291821102766, 47.514551577375897 ], [ 1.12924402933326, 47.514762510100297 ], [ 1.1294042237598, 47.515325602345001 ], [ 1.12949001361343, 47.515648298176302 ], [ 1.12955852278825, 47.515804636728099 ], [ 1.12972151437455, 47.516081921385698 ], [ 1.12976281544458, 47.516152059496001 ], [ 1.13015678657808, 47.516829471437099 ], [ 1.13060017941461, 47.517588404718502 ], [ 1.13090133797157, 47.517719859096701 ], [ 1.13093991315429, 47.517736865134403 ], [ 1.13148305244658, 47.5172418346366 ], [ 1.13216104351047, 47.516622429292198 ], [ 1.13194885948581, 47.516816288827599 ], [ 1.13357033895072, 47.517379747488803 ], [ 1.13392186488592, 47.517518411504099 ], [ 1.13384059419633, 47.517584919516302 ], [ 1.13368993525003, 47.517716775060499 ], [ 1.13343074350638, 47.517944838024903 ], [ 1.13502476942881, 47.5184104120463 ], [ 1.13514803292815, 47.518131431823903 ], [ 1.13521844092492, 47.517975041961897 ], [ 1.13528394176444, 47.517829009205599 ], [ 1.13569131301802, 47.516946918881999 ], [ 1.13596404061327, 47.516498999923499 ] ] ], [ [ [ 1.13244643631918, 47.521064929492901 ], [ 1.1324759846522, 47.521073686678598 ], [ 1.13246239234975, 47.521049167014397 ], [ 1.13236956894819, 47.520837291522298 ], [ 1.13196987474957, 47.520124969971398 ], [ 1.13166036908464, 47.5195764352395 ], [ 1.13156792525487, 47.519417013449903 ], [ 1.13127441298332, 47.518892954644897 ], [ 1.13094834792879, 47.518306361979199 ], [ 1.13083434976938, 47.518133627933103 ], [ 1.13050679205735, 47.517659209125199 ], [ 1.13048576992043, 47.517623332925602 ], [ 1.13014973288317, 47.517052136426301 ], [ 1.12969551196619, 47.516284653511001 ], [ 1.12961144041802, 47.516136610163599 ], [ 1.12946374713025, 47.515888203807002 ], [ 1.12941191907135, 47.515762998869597 ], [ 1.12932397003656, 47.515541563974097 ], [ 1.12930754081051, 47.515496397008498 ], [ 1.12921056145953, 47.515141025717099 ], [ 1.12914340144507, 47.514902474462602 ], [ 1.12904654881242, 47.514558360010199 ], [ 1.12897976457301, 47.514320886087901 ], [ 1.12894262973503, 47.514267733128698 ], [ 1.12885232428506, 47.514196978842001 ], [ 1.12868687430683, 47.5141258641722 ], [ 1.12779236258736, 47.513716163556801 ], [ 1.12711694102369, 47.513400576236499 ], [ 1.1270104372146, 47.513711665877302 ], [ 1.12695217330813, 47.513721507255198 ], [ 1.126677349474, 47.5137786053456 ], [ 1.12644120030333, 47.5138273475511 ], [ 1.12550348348535, 47.513767102787497 ], [ 1.12552319579362, 47.514313489924298 ], [ 1.12553893944726, 47.514670124321 ], [ 1.12554349541247, 47.514820376495898 ], [ 1.12550419617389, 47.515012989693403 ], [ 1.12538688297675, 47.515406498254201 ], [ 1.12527548604848, 47.515779050319601 ], [ 1.12521549140825, 47.515973932598499 ], [ 1.12504170299616, 47.516548972481701 ], [ 1.12494304197152, 47.516700661251797 ], [ 1.1248371011678, 47.516843507862099 ], [ 1.12464902702795, 47.517028999526303 ], [ 1.12427644567298, 47.517477042108403 ], [ 1.12414848065978, 47.517626628804102 ], [ 1.12478202852286, 47.517974126010103 ], [ 1.12410836984303, 47.518673191298397 ], [ 1.1248111162427, 47.518994816649801 ], [ 1.12527804734073, 47.519203875495997 ], [ 1.12560171839467, 47.519351642836298 ], [ 1.12578526828676, 47.519448236920297 ], [ 1.12631627686678, 47.519737251373101 ], [ 1.12662835108087, 47.5194869494903 ], [ 1.12700753579539, 47.519176578884 ], [ 1.12711443634315, 47.5192325012409 ], [ 1.12716202292291, 47.519257486855899 ], [ 1.12718898907661, 47.519231754441797 ], [ 1.12727883939285, 47.519125897065898 ], [ 1.1273662777747, 47.519028176539699 ], [ 1.12771888285298, 47.518873911931202 ], [ 1.12858872936486, 47.518498899371799 ], [ 1.12815503625776, 47.519093341526698 ], [ 1.12783165748276, 47.519543823777497 ], [ 1.12854408011261, 47.5197004112663 ], [ 1.12828143863696, 47.519979415561998 ], [ 1.12865879382025, 47.5200797386508 ], [ 1.12914501663204, 47.520206506241401 ], [ 1.12995947533356, 47.520421790304098 ], [ 1.1307807283519, 47.520640238890401 ], [ 1.13240914326714, 47.521082303930001 ], [ 1.13244643631918, 47.521064929492901 ] ] ], [ [ [ 1.07606709234945, 47.5157882612382 ], [ 1.07611001798334, 47.515766216305202 ], [ 1.07593943068547, 47.515724375673202 ], [ 1.07581938304772, 47.5156949036881 ], [ 1.07564038307779, 47.5156508437287 ], [ 1.07558957177628, 47.515645664620401 ], [ 1.07545762595829, 47.515925065050702 ], [ 1.07540817187756, 47.515919097904202 ], [ 1.07522241745852, 47.515896148669597 ], [ 1.07507500758299, 47.515878010477998 ], [ 1.07501582681335, 47.516006027124703 ], [ 1.0749150168544, 47.5159952315665 ], [ 1.07353499682926, 47.517578316868303 ], [ 1.07316998945967, 47.517999882884901 ], [ 1.07323964187641, 47.518037762623699 ], [ 1.0736431984874, 47.518278092997598 ], [ 1.07429871536751, 47.518672397357001 ], [ 1.0743608981106, 47.518697024842197 ], [ 1.0743649832518, 47.5186005493753 ], [ 1.07438494410967, 47.518548961012598 ], [ 1.07440590929688, 47.518514146046599 ], [ 1.07465173425307, 47.518265829031698 ], [ 1.07471037180426, 47.518206532699999 ], [ 1.07489238991818, 47.518021478002098 ], [ 1.07498538408282, 47.517894650341802 ], [ 1.07501795578327, 47.517810990136198 ], [ 1.07508573467762, 47.517543109336799 ], [ 1.0750891594628, 47.5175332612896 ], [ 1.07521490512541, 47.5171807079331 ], [ 1.07530964378793, 47.516916702835502 ], [ 1.07537431521011, 47.516736579427601 ], [ 1.07557061919878, 47.516408430741699 ], [ 1.07574551598003, 47.516175021597299 ], [ 1.07597797253764, 47.515896605099897 ], [ 1.07606709234945, 47.5157882612382 ] ] ], [ [ [ 1.08248056782506, 47.516766861925802 ], [ 1.08249067275214, 47.516553971288097 ], [ 1.08219298279212, 47.516492994561403 ], [ 1.08216591993275, 47.516503057065997 ], [ 1.08191652510397, 47.516455210143903 ], [ 1.08176088663857, 47.516421818010599 ], [ 1.08168206191757, 47.516405735605801 ], [ 1.08151992202372, 47.516367220792098 ], [ 1.0815116746401, 47.516366670824503 ], [ 1.08110384179132, 47.516339435483403 ], [ 1.08107066817167, 47.5163364400916 ], [ 1.08091408654891, 47.5163223182469 ], [ 1.08075603508192, 47.516308045924397 ], [ 1.08065930937902, 47.516299321559003 ], [ 1.0800957735485, 47.516242037328801 ], [ 1.07996594023718, 47.516229228283699 ], [ 1.07979686666296, 47.5162365451786 ], [ 1.07951043696406, 47.516199311019598 ], [ 1.07883826021958, 47.516116161999001 ], [ 1.07892902919099, 47.516140105820597 ], [ 1.07894691333335, 47.516152106090502 ], [ 1.0789517744144, 47.516164413917799 ], [ 1.0789550893424, 47.516175363636201 ], [ 1.07883691417934, 47.516474434605797 ], [ 1.07859051493919, 47.5170887620461 ], [ 1.07854488867238, 47.517202254913599 ], [ 1.07879341700253, 47.517266473357402 ], [ 1.07906507868075, 47.517333863879003 ], [ 1.07928216564177, 47.517389801379402 ], [ 1.07939838969601, 47.517425599636297 ], [ 1.07959682711358, 47.517493817028402 ], [ 1.08000932943892, 47.517635568587302 ], [ 1.08029096003862, 47.517731555629801 ], [ 1.08052964018011, 47.517814390772301 ], [ 1.08087843703797, 47.517930319360403 ], [ 1.08097022742246, 47.517853674635802 ], [ 1.0810796486759, 47.517778328621702 ], [ 1.08123179983687, 47.517700444550997 ], [ 1.08160742866533, 47.517511535075798 ], [ 1.08164435335152, 47.517493720361898 ], [ 1.08211461944555, 47.517256105781698 ], [ 1.08222513554919, 47.517194255990802 ], [ 1.08231210067328, 47.517129767506603 ], [ 1.0823590608594, 47.517084492892799 ], [ 1.08240031086906, 47.517031659835403 ], [ 1.08243138925709, 47.516981153549899 ], [ 1.08245122153481, 47.516929579796603 ], [ 1.08247573341003, 47.516847576880302 ], [ 1.08248056782506, 47.516766861925802 ] ] ], [ [ [ 1.07890395789132, 47.516222369006698 ], [ 1.07892193005996, 47.516166794270497 ], [ 1.0789163667113, 47.516155906531502 ], [ 1.07873441176844, 47.516123328054398 ], [ 1.07869838243997, 47.516094758014397 ], [ 1.07864969275043, 47.516105237507297 ], [ 1.07860958970231, 47.516113850620499 ], [ 1.07856708018511, 47.516106576661599 ], [ 1.07848811193724, 47.516093046895399 ], [ 1.07848304344392, 47.516091324558197 ], [ 1.07835384461114, 47.516047558742599 ], [ 1.07827861041194, 47.515988925366699 ], [ 1.07823674656546, 47.515956288111099 ], [ 1.07804737895208, 47.515907360736598 ], [ 1.07803938651972, 47.515904896832602 ], [ 1.07797039808203, 47.515883661634597 ], [ 1.07783865291862, 47.515843094741399 ], [ 1.07778394107747, 47.515826245849503 ], [ 1.07774534300716, 47.515814065786998 ], [ 1.07770194769809, 47.515800383914403 ], [ 1.0776636522671, 47.5157882898541 ], [ 1.07760118851446, 47.5157685757218 ], [ 1.077535964779, 47.515747996641302 ], [ 1.07752412377215, 47.5157442626479 ], [ 1.07737706548546, 47.515626861884598 ], [ 1.0773692367088, 47.515623914406497 ], [ 1.0772997876181, 47.515597763909703 ], [ 1.07720142298705, 47.515560736414102 ], [ 1.07684508096074, 47.516243362264198 ], [ 1.07650141530218, 47.516170077734401 ], [ 1.07599912020803, 47.516061713126199 ], [ 1.07591444331738, 47.516042108563298 ], [ 1.07578329775773, 47.516187720092297 ], [ 1.07570300446166, 47.516290824975101 ], [ 1.07554053891857, 47.516551073766003 ], [ 1.07546388948325, 47.516674038892198 ], [ 1.07542974679242, 47.516735279856903 ], [ 1.07534998968261, 47.5169682248915 ], [ 1.07528182208219, 47.517149091902297 ], [ 1.07520522108593, 47.517342317399603 ], [ 1.07515616095695, 47.517484907922402 ], [ 1.07511516011546, 47.517624038863097 ], [ 1.07508848207491, 47.5177352502416 ], [ 1.07507467458081, 47.517796115643399 ], [ 1.07506147719412, 47.517862555712703 ], [ 1.07500807669313, 47.517945871875902 ], [ 1.07491870077845, 47.518064124298398 ], [ 1.07475717776615, 47.518234057417899 ], [ 1.07473769706423, 47.518254598309497 ], [ 1.07458734359867, 47.518416251778604 ], [ 1.07448903436039, 47.518518247776797 ], [ 1.07446393470912, 47.518560837097702 ], [ 1.0744476289321, 47.518603202540497 ], [ 1.07444233869611, 47.518646029118898 ], [ 1.07446178141232, 47.5187133055489 ], [ 1.07506293954648, 47.518781331748897 ], [ 1.07541169648751, 47.518822145111102 ], [ 1.07588643925853, 47.518860220316803 ], [ 1.07646891486367, 47.518901566488204 ], [ 1.07673092568984, 47.518928482272202 ], [ 1.07701831105285, 47.518962047056597 ], [ 1.07712747584936, 47.518908103380099 ], [ 1.07720411267958, 47.518861258477202 ], [ 1.07726284806706, 47.5188062034998 ], [ 1.07729814404118, 47.5187568576196 ], [ 1.07740430365502, 47.518572042297698 ], [ 1.0774126287701, 47.518554909611701 ], [ 1.07747104062756, 47.5184544861036 ], [ 1.07755139310018, 47.518307206550098 ], [ 1.07757704994827, 47.518263095081601 ], [ 1.07764242256668, 47.518147236077702 ], [ 1.07773651835808, 47.517975898799399 ], [ 1.07788535092649, 47.517666907808902 ], [ 1.07794248836874, 47.517532733341298 ], [ 1.07794842254897, 47.5174726472152 ], [ 1.07794865095591, 47.517397871190497 ], [ 1.07796700033055, 47.517292635720999 ], [ 1.07801653121923, 47.517080143357802 ], [ 1.07795453939632, 47.517053909199198 ], [ 1.07795676636438, 47.517022269185098 ], [ 1.07772883709555, 47.516986652859003 ], [ 1.07770992328544, 47.516984810159201 ], [ 1.07773230962304, 47.5169288672097 ], [ 1.077857245486, 47.516947801828799 ], [ 1.07785487510306, 47.516961611178303 ], [ 1.07788230317624, 47.5169669348426 ], [ 1.07787400366149, 47.516982996492104 ], [ 1.07796678487307, 47.516995358819003 ], [ 1.07798112515423, 47.517009812951102 ], [ 1.07799509606848, 47.517023819784001 ], [ 1.07805623589198, 47.517051570582701 ], [ 1.07831283822703, 47.517141477125399 ], [ 1.07842593455685, 47.5171721824535 ], [ 1.07851481990079, 47.517196806830597 ], [ 1.07855881363701, 47.5170873209332 ], [ 1.07868320471813, 47.516775134616701 ], [ 1.07890395789132, 47.516222369006698 ] ] ], [ [ [ 1.14402301726554, 47.502790205980197 ], [ 1.14405342813371, 47.502748965562297 ], [ 1.1440309153625, 47.502717281761299 ], [ 1.14400579074808, 47.502699602700098 ], [ 1.14358445141831, 47.502514032844303 ], [ 1.14316045311072, 47.502321314807098 ], [ 1.14298315432141, 47.5022437370502 ], [ 1.14265114421861, 47.502129990388802 ], [ 1.14242603746764, 47.502049389549001 ], [ 1.14224287115908, 47.501983953615699 ], [ 1.14202056144166, 47.501906638038001 ], [ 1.14179448344822, 47.501834925487501 ], [ 1.14163019242607, 47.501780414434101 ], [ 1.14140279922679, 47.501707959796697 ], [ 1.14119975855283, 47.501921664868803 ], [ 1.14115892814955, 47.501964449116102 ], [ 1.14111147560984, 47.502021525218403 ], [ 1.14109567411933, 47.502040343743303 ], [ 1.14103889813366, 47.502132089842704 ], [ 1.14093254807635, 47.5023040906148 ], [ 1.14088618611019, 47.502379093146899 ], [ 1.14086095711174, 47.502419893234801 ], [ 1.14078180815364, 47.502547082413699 ], [ 1.14071899285247, 47.502648168252698 ], [ 1.14060311699004, 47.502837655689397 ], [ 1.14056924925782, 47.502912137168202 ], [ 1.1405390134612, 47.502978843052297 ], [ 1.14050762823816, 47.503047268369897 ], [ 1.14048224981412, 47.503103435952603 ], [ 1.14047102146629, 47.503127909911797 ], [ 1.14031979364164, 47.503332824052002 ], [ 1.14024096018693, 47.503439776715801 ], [ 1.14015088640353, 47.503564269920503 ], [ 1.13999853249981, 47.503774748193301 ], [ 1.13988550301072, 47.503928471116197 ], [ 1.13983597464903, 47.503995859239403 ], [ 1.1397975545229, 47.504049117218898 ], [ 1.1397649450457, 47.5041446790785 ], [ 1.1397209012211, 47.504274057752603 ], [ 1.13969305180065, 47.504355388110802 ], [ 1.13965228923374, 47.504477904012496 ], [ 1.13962135740977, 47.504571061507797 ], [ 1.13945691847431, 47.504814814230997 ], [ 1.13933468524585, 47.504996176205601 ], [ 1.1392240699712, 47.505159823497898 ], [ 1.13917893450827, 47.505226930333002 ], [ 1.13904750086553, 47.505409144511297 ], [ 1.13899466932817, 47.505482413193597 ], [ 1.13886035132019, 47.505674926768201 ], [ 1.13870491422209, 47.505919083322098 ], [ 1.13868200638157, 47.505955327926003 ], [ 1.13851702121421, 47.506266466051798 ], [ 1.1383273034962, 47.506537149638497 ], [ 1.13794922703404, 47.5070629785574 ], [ 1.13828371951961, 47.507003674454999 ], [ 1.13868060354119, 47.506933228637699 ], [ 1.13879352178976, 47.506913224595202 ], [ 1.13910524269419, 47.506855247169099 ], [ 1.13915389296817, 47.506846056666603 ], [ 1.13926879516576, 47.506819051677297 ], [ 1.13942267840011, 47.506782710558703 ], [ 1.13954792282669, 47.506737250037901 ], [ 1.13967961321604, 47.5066894612063 ], [ 1.13980731541786, 47.5066386552217 ], [ 1.13989634820654, 47.506603123940899 ], [ 1.14034000480086, 47.506408379771401 ], [ 1.14050675509503, 47.506335172873001 ], [ 1.14078782656154, 47.5062129890892 ], [ 1.14097761018176, 47.506148792976198 ], [ 1.14111961129604, 47.506106308381298 ], [ 1.14127812286185, 47.506077404020097 ], [ 1.14150879875526, 47.506020711493797 ], [ 1.14171306739674, 47.505970602506999 ], [ 1.14192348447843, 47.505916008150301 ], [ 1.14201607832995, 47.5058811713577 ], [ 1.1427321280249, 47.505666216612802 ], [ 1.14276578119819, 47.505612422541098 ], [ 1.14280149244934, 47.505526903933003 ], [ 1.14281555016968, 47.505463784424002 ], [ 1.14285501598747, 47.505287717744402 ], [ 1.14286339539477, 47.505249980213101 ], [ 1.14288723804089, 47.505076095578602 ], [ 1.14289549421734, 47.505015494755398 ], [ 1.14287365477022, 47.504897805659397 ], [ 1.14281122787987, 47.504677705621702 ], [ 1.14279838809694, 47.504631877342803 ], [ 1.14278788066705, 47.5045988630119 ], [ 1.14273857689548, 47.504442855947701 ], [ 1.14274216737916, 47.504398379060099 ], [ 1.14274841078272, 47.504319206763398 ], [ 1.14275550817339, 47.504261747883902 ], [ 1.14277733363666, 47.504219452525298 ], [ 1.14282456682974, 47.504142671401198 ], [ 1.14287376724561, 47.504062040860397 ], [ 1.1429153255228, 47.504005950634003 ], [ 1.14298507840604, 47.503911259136103 ], [ 1.14300417451614, 47.503885568755898 ], [ 1.14302677628709, 47.503855351176199 ], [ 1.14306944384781, 47.503797918960103 ], [ 1.14311237582749, 47.503740139783901 ], [ 1.14312871109796, 47.503718187090797 ], [ 1.14316788388225, 47.503676447258997 ], [ 1.14333102277279, 47.503502486341702 ], [ 1.14354734220606, 47.503267136464601 ], [ 1.14373604655121, 47.503078932727703 ], [ 1.14392191432867, 47.502896617183097 ], [ 1.14400403812324, 47.502815997435 ], [ 1.14402301726554, 47.502790205980197 ] ] ], [ [ [ 1.13149012401491, 47.509806557668703 ], [ 1.13177283240998, 47.509595263102099 ], [ 1.13163005757437, 47.509566195716602 ], [ 1.13150693513989, 47.509536822014901 ], [ 1.13131029528533, 47.509484281213702 ], [ 1.13109925503369, 47.509418291114798 ], [ 1.13090343428159, 47.509334725687502 ], [ 1.13053905117524, 47.509149329672098 ], [ 1.1302511895748, 47.509007650670398 ], [ 1.12957272409094, 47.508778133372402 ], [ 1.12923198871693, 47.5086706829007 ], [ 1.12882418462212, 47.5085404455047 ], [ 1.1287070800736, 47.508502881648099 ], [ 1.12850810300081, 47.508448956842201 ], [ 1.12844329675612, 47.508434400777503 ], [ 1.1283796634733, 47.508420124635997 ], [ 1.12821484672917, 47.508413092082897 ], [ 1.12803721341956, 47.508419521597098 ], [ 1.12785611535246, 47.508440652877297 ], [ 1.12772025889749, 47.508467310037403 ], [ 1.12757134557246, 47.508516942756003 ], [ 1.1274055350082, 47.508585743563202 ], [ 1.12728386438273, 47.508656991367197 ], [ 1.1271666803001, 47.508754567092602 ], [ 1.12707647784772, 47.5088705935961 ], [ 1.12703059983685, 47.508965209472997 ], [ 1.12702765386739, 47.508977992948502 ], [ 1.12758380781528, 47.509610779722202 ], [ 1.12773030848395, 47.509777476394397 ], [ 1.12875777161286, 47.510946458552702 ], [ 1.12877222963737, 47.510943071092903 ], [ 1.1294893659794, 47.510775449138499 ], [ 1.12974093156786, 47.510711398349699 ], [ 1.13025328113721, 47.510540412608698 ], [ 1.13086476957928, 47.510229777060999 ], [ 1.13101311848545, 47.510132445510699 ], [ 1.13149012401491, 47.509806557668703 ] ] ], [ [ [ 1.08848245574844, 47.509068763731698 ], [ 1.08895300123066, 47.508602402299601 ], [ 1.08743022976662, 47.507456888619501 ], [ 1.08738247383085, 47.507531839080798 ], [ 1.08722616205785, 47.507699272491699 ], [ 1.08679244560044, 47.508123678139 ], [ 1.08663354268513, 47.508278372290903 ], [ 1.08644066614958, 47.5084792851274 ], [ 1.08630578710134, 47.508706812201801 ], [ 1.08624162750504, 47.508956768600299 ], [ 1.08621334603028, 47.509073079591197 ], [ 1.0864275297525, 47.509098729642702 ], [ 1.08713245820342, 47.509108161500897 ], [ 1.08748313849069, 47.509101816404602 ], [ 1.08848245574844, 47.509068763731698 ] ] ], [ [ [ 1.12153833589361, 47.509077181596297 ], [ 1.12175502751533, 47.508952726448904 ], [ 1.12173920596677, 47.508919633435802 ], [ 1.12170330871342, 47.508769856732002 ], [ 1.12168610558477, 47.508697771661502 ], [ 1.12165281389182, 47.508567656874597 ], [ 1.12163396365474, 47.508570864596699 ], [ 1.12158442026721, 47.508582644644399 ], [ 1.1215206492865, 47.5085314636774 ], [ 1.12138189951687, 47.508546181433303 ], [ 1.12123149556959, 47.508134852737598 ], [ 1.12097552068567, 47.508133417239698 ], [ 1.12087125408259, 47.508134211856301 ], [ 1.12080071693413, 47.508131165374699 ], [ 1.12048961523788, 47.508130604510299 ], [ 1.12043446751351, 47.508127535925702 ], [ 1.12030238040162, 47.508130033233101 ], [ 1.12028602367124, 47.508131110971497 ], [ 1.12035171205147, 47.5083791714871 ], [ 1.12043741819555, 47.5086029195893 ], [ 1.12052925556286, 47.5088477280581 ], [ 1.12071195778845, 47.508878281540802 ], [ 1.12102853376228, 47.508933089728004 ], [ 1.12109744764106, 47.508944924898799 ], [ 1.12121172137037, 47.509020592216402 ], [ 1.12144444597579, 47.509173344452499 ], [ 1.12153833589361, 47.509077181596297 ] ] ], [ [ [ 1.07484309566513, 47.504577140558801 ], [ 1.0752687624051, 47.503879383475997 ], [ 1.07476762891794, 47.503847242195697 ], [ 1.07450423924232, 47.503831174922098 ], [ 1.07437945178109, 47.503823394792697 ], [ 1.07421253184252, 47.503812919163202 ], [ 1.07383509854182, 47.503789256532201 ], [ 1.07326420727819, 47.503700948415698 ], [ 1.0720440772388, 47.503520830163097 ], [ 1.07201093631087, 47.503511997811302 ], [ 1.07194917391961, 47.503494659991098 ], [ 1.07265031884914, 47.5017983496436 ], [ 1.07288505476001, 47.501241059528901 ], [ 1.07176777960071, 47.501024271353501 ], [ 1.07113048915639, 47.500900807924403 ], [ 1.07102937619362, 47.500924282719502 ], [ 1.0709538350715, 47.501028634097104 ], [ 1.07082118464658, 47.501165400595397 ], [ 1.07035844154069, 47.501647470664302 ], [ 1.07014999646925, 47.501819205192497 ], [ 1.07000776296378, 47.501938622869197 ], [ 1.06995703624016, 47.5019786169117 ], [ 1.06988483343396, 47.502045952295298 ], [ 1.06982333309002, 47.502096915087797 ], [ 1.06975923353013, 47.502167986358103 ], [ 1.06959577899985, 47.502383847929899 ], [ 1.0694581317118, 47.502576410648999 ], [ 1.06936597589245, 47.502684429559999 ], [ 1.06878944948981, 47.503316275915203 ], [ 1.06875497747621, 47.503354638982799 ], [ 1.06867743375821, 47.503415230936803 ], [ 1.06850799994319, 47.503551727235603 ], [ 1.0682561529415, 47.503723540275402 ], [ 1.06809830862309, 47.503812082292598 ], [ 1.06819111891756, 47.503801609531202 ], [ 1.06900854770442, 47.504012984468098 ], [ 1.06821652778541, 47.505279361741898 ], [ 1.0684987139321, 47.505339938682603 ], [ 1.06872389437239, 47.5053909079042 ], [ 1.06891637451068, 47.505435923133703 ], [ 1.06926175908584, 47.505503956692202 ], [ 1.06938071492784, 47.5055261334725 ], [ 1.06979621394395, 47.505590771070899 ], [ 1.07026281897811, 47.505666167331803 ], [ 1.07062011466481, 47.505724948615502 ], [ 1.0716198722299, 47.505929770037 ], [ 1.07186926695789, 47.505987085658397 ], [ 1.0724063234096, 47.506110731334502 ], [ 1.07291160480568, 47.506229328801503 ], [ 1.07301400807417, 47.506253659182597 ], [ 1.07317331059504, 47.5062909871559 ], [ 1.07326863702039, 47.506316631950199 ], [ 1.07367193197177, 47.506431882693903 ], [ 1.07374844286864, 47.506456027441097 ], [ 1.07404499599762, 47.5059617703429 ], [ 1.07421968035057, 47.505653768053001 ], [ 1.07431552103616, 47.505499731686598 ], [ 1.07484309566513, 47.504577140558801 ] ] ], [ [ [ 1.11033181959397, 47.504596271468699 ], [ 1.11120948648966, 47.503230886340397 ], [ 1.11062583818817, 47.5028582759453 ], [ 1.11047687283032, 47.5026129007286 ], [ 1.11082609816816, 47.5020688148823 ], [ 1.11002526607404, 47.501277667835502 ], [ 1.1094997663693, 47.500757632523502 ], [ 1.10850277126066, 47.502140383079599 ], [ 1.10897507472183, 47.5023351568747 ], [ 1.10831134230908, 47.5033626613222 ], [ 1.1074106435876, 47.5030849765349 ], [ 1.10734812841992, 47.503241488931998 ], [ 1.10726458865026, 47.503433010097403 ], [ 1.10702334309122, 47.503930703843203 ], [ 1.10834509160767, 47.504410024399697 ], [ 1.10863149491166, 47.504512864525701 ], [ 1.10799283050616, 47.505502046690602 ], [ 1.10796665516865, 47.505542545527099 ], [ 1.10821046025848, 47.505645036940102 ], [ 1.10832452057697, 47.505689586589597 ], [ 1.10847123289956, 47.505737457512502 ], [ 1.10854326179791, 47.505760975172997 ], [ 1.10871079595942, 47.505799117162702 ], [ 1.10891129498975, 47.505828726778397 ], [ 1.10906924824438, 47.505837557287599 ], [ 1.10928476033397, 47.505841315873397 ], [ 1.109398740362, 47.5058362862788 ], [ 1.10953446506897, 47.505832248689501 ], [ 1.11033181959397, 47.504596271468699 ] ] ], [ [ [ 1.13513246468382, 47.503122572411201 ], [ 1.13514531728351, 47.5029410304805 ], [ 1.13514268531024, 47.502851100465897 ], [ 1.13509739126391, 47.502699295723502 ], [ 1.13500085431461, 47.502546913778403 ], [ 1.13469372853572, 47.502078871085097 ], [ 1.13456867806934, 47.501888413039197 ], [ 1.13446921382148, 47.501736613962898 ], [ 1.13439994578617, 47.501631102200903 ], [ 1.13435482374251, 47.501563614211399 ], [ 1.1341632498204, 47.501277052003999 ], [ 1.1339845340126, 47.501009324857201 ], [ 1.1339371464371, 47.500938630936197 ], [ 1.13375259977587, 47.500700235385203 ], [ 1.13376219194537, 47.500684649861697 ], [ 1.1337354033208, 47.500672515386903 ], [ 1.13371406853464, 47.500645350374803 ], [ 1.13327303360729, 47.500083595078401 ], [ 1.13313412909897, 47.500073400618398 ], [ 1.13286768506, 47.500053643551603 ], [ 1.13272493851404, 47.500039326169201 ], [ 1.13255109946201, 47.5000219980625 ], [ 1.13240567509786, 47.499960311730803 ], [ 1.13210041063024, 47.499830863693397 ], [ 1.1319745999063, 47.499777513947102 ], [ 1.13185583319823, 47.499727158333897 ], [ 1.13170790864184, 47.4996644405513 ], [ 1.13159478099223, 47.499616606207297 ], [ 1.13127892833602, 47.499482664140899 ], [ 1.13068311826059, 47.499882072530198 ], [ 1.13055100257983, 47.500019462396502 ], [ 1.13012473811292, 47.500492198854502 ], [ 1.12993618559288, 47.5007079994704 ], [ 1.13000885669343, 47.500788474238398 ], [ 1.12999577260583, 47.500853751173402 ], [ 1.13033797292912, 47.501245637115197 ], [ 1.13038862388462, 47.501303428010203 ], [ 1.13041893648872, 47.5013318182124 ], [ 1.13051103540069, 47.501417988846597 ], [ 1.13053950362119, 47.501438704924396 ], [ 1.1305692687153, 47.501460333212002 ], [ 1.13064671987156, 47.501507496970603 ], [ 1.1307511874496, 47.501571301551699 ], [ 1.13083760042311, 47.5016240024284 ], [ 1.13102487315335, 47.5017373072412 ], [ 1.13114844634724, 47.501812213869997 ], [ 1.13127866762532, 47.501891188804002 ], [ 1.13124838597861, 47.501943674260701 ], [ 1.13117816977546, 47.502065174924098 ], [ 1.13106266859907, 47.502265437375698 ], [ 1.13070650476353, 47.502886616389702 ], [ 1.13242174464929, 47.503283418469202 ], [ 1.13256121324413, 47.503315754752599 ], [ 1.1327101608155, 47.503350241699302 ], [ 1.13217830038194, 47.504027828609701 ], [ 1.13195901661435, 47.503962949975502 ], [ 1.13140324768043, 47.504814793544 ], [ 1.13120298054646, 47.504767686488201 ], [ 1.13137329384324, 47.504364072199301 ], [ 1.13111637939873, 47.504311707424002 ], [ 1.13103953688871, 47.504296059224103 ], [ 1.13086619073233, 47.504260818597302 ], [ 1.13058805744027, 47.504204240460801 ], [ 1.1303705352788, 47.504160087522003 ], [ 1.12984942442005, 47.5040543446068 ], [ 1.12968043161595, 47.504020432640203 ], [ 1.1293548041399, 47.503954895334999 ], [ 1.12902338543719, 47.503888174607901 ], [ 1.12875649439665, 47.504551560894498 ], [ 1.12871724571292, 47.504642610321099 ], [ 1.12870350275307, 47.504674228108101 ], [ 1.12860692251751, 47.504898031602401 ], [ 1.12853481826333, 47.5050796747622 ], [ 1.12838518427523, 47.505457082244597 ], [ 1.12816521057862, 47.5054225112738 ], [ 1.12727887810695, 47.50535204669 ], [ 1.12721364241891, 47.505782582898803 ], [ 1.12719366528627, 47.505898864940299 ], [ 1.12716966038455, 47.506039096175002 ], [ 1.12712246381458, 47.506314538386398 ], [ 1.12708505524637, 47.506488031376698 ], [ 1.12706861209604, 47.506598247384801 ], [ 1.12654103766748, 47.507183478001103 ], [ 1.12614526136115, 47.507862478668301 ], [ 1.12623894023352, 47.507816416552103 ], [ 1.12677052451491, 47.507804569743399 ], [ 1.12724261821036, 47.507800201179599 ], [ 1.12728604568579, 47.507799836694097 ], [ 1.12800133527707, 47.507749616956502 ], [ 1.1280488643248, 47.507746346734002 ], [ 1.12809797983408, 47.507742930901898 ], [ 1.1289684036167, 47.507680493790097 ], [ 1.12902991159511, 47.507676106034303 ], [ 1.12979394213148, 47.507543370166303 ], [ 1.12997073499566, 47.507512613491102 ], [ 1.13048365631928, 47.507425131071003 ], [ 1.13074109858835, 47.507396252512301 ], [ 1.13089824374989, 47.5073835385694 ], [ 1.13094606276122, 47.507379560501398 ], [ 1.13090036894835, 47.507298375981598 ], [ 1.13095505098585, 47.5072508651905 ], [ 1.13096389026232, 47.507241291571702 ], [ 1.13100377659443, 47.507198495665797 ], [ 1.13115120330609, 47.506901753601298 ], [ 1.13129811453874, 47.506661944931203 ], [ 1.13154831093978, 47.506754413591402 ], [ 1.13159301604035, 47.506770707558701 ], [ 1.13194839215208, 47.506899725761897 ], [ 1.13202617190229, 47.506937358276097 ], [ 1.13218573342457, 47.507020944043397 ], [ 1.13241474911641, 47.507140866842398 ], [ 1.13247920823679, 47.507069047972202 ], [ 1.132892602477, 47.506466438797602 ], [ 1.13310157657362, 47.506162234803199 ], [ 1.13335441352236, 47.505794804141303 ], [ 1.13351659558778, 47.505559118171703 ], [ 1.13386011768084, 47.505064488695098 ], [ 1.13412593305645, 47.504677824376998 ], [ 1.13431404880711, 47.504403970070598 ], [ 1.13478464791594, 47.503718973247601 ], [ 1.13484699911327, 47.503628129688103 ], [ 1.13492614209447, 47.503513000740398 ], [ 1.13507047246738, 47.503296916839801 ], [ 1.13513246468382, 47.503122572411201 ] ] ], [ [ [ 1.14074267575547, 47.502512692613898 ], [ 1.14103523979247, 47.502037380547101 ], [ 1.14070432979798, 47.501915452077498 ], [ 1.14065124672646, 47.501895957445697 ], [ 1.14058505482325, 47.501875533243599 ], [ 1.14048311789422, 47.501844084736703 ], [ 1.14044108521126, 47.5018316094867 ], [ 1.14023257315218, 47.501769898654402 ], [ 1.14015768639739, 47.5017477146693 ], [ 1.14003081340539, 47.501704693605198 ], [ 1.1398802398118, 47.501649336561599 ], [ 1.1397287399287, 47.501593496313802 ], [ 1.13945312427999, 47.501492184046697 ], [ 1.13932875627025, 47.501446320889897 ], [ 1.13929772583743, 47.501433849855502 ], [ 1.13916815138176, 47.501381438430002 ], [ 1.13895886301709, 47.501296680386702 ], [ 1.13888724500267, 47.501268415989998 ], [ 1.13864684285985, 47.501173615982999 ], [ 1.13856208619914, 47.501138037232103 ], [ 1.13845768867852, 47.501094130940103 ], [ 1.13824305883223, 47.501006765066897 ], [ 1.1380627191985, 47.500933272881099 ], [ 1.13786885163818, 47.5008705311688 ], [ 1.13778077146191, 47.500935042273603 ], [ 1.13773550381988, 47.500968588275398 ], [ 1.13720723358364, 47.501358610049401 ], [ 1.13686216637441, 47.501607313818099 ], [ 1.13680519266474, 47.501660283181401 ], [ 1.13662860400515, 47.501798012866701 ], [ 1.13628783277965, 47.502086104568498 ], [ 1.13623612899895, 47.502128893292401 ], [ 1.13603103619024, 47.502298643867398 ], [ 1.13581650113437, 47.502480029365202 ], [ 1.13578750266927, 47.502507631124899 ], [ 1.13570393395596, 47.502587042626402 ], [ 1.13552156755458, 47.5027901109721 ], [ 1.13528582172851, 47.503051931798304 ], [ 1.13527429609247, 47.503095921413497 ], [ 1.13525785597177, 47.503161964431598 ], [ 1.1352061336677, 47.503286806717298 ], [ 1.13516823616963, 47.503347824143702 ], [ 1.13512046994468, 47.503417489596202 ], [ 1.1348687666868, 47.503784330003299 ], [ 1.13459717051509, 47.5041804388011 ], [ 1.13451504863716, 47.504300922273998 ], [ 1.13448505647048, 47.504344778194202 ], [ 1.13431384042968, 47.504595879927002 ], [ 1.13425266336592, 47.504683860684999 ], [ 1.13385331042733, 47.505258102644497 ], [ 1.13348086929204, 47.505796595920799 ], [ 1.13343140731714, 47.505869033775099 ], [ 1.13318307688691, 47.506233754530797 ], [ 1.13311934969442, 47.506329968580999 ], [ 1.13301451522927, 47.506488408445499 ], [ 1.13297365374577, 47.5065504491334 ], [ 1.13263641372036, 47.507035911408799 ], [ 1.13282410035086, 47.506956027681497 ], [ 1.13302760827292, 47.506898367136998 ], [ 1.13322822460864, 47.506865673258702 ], [ 1.13340511616731, 47.506861285972001 ], [ 1.13357714263514, 47.506863033301499 ], [ 1.13376472263952, 47.506890132883001 ], [ 1.13472794017713, 47.507084702095803 ], [ 1.13544719116155, 47.507216157566504 ], [ 1.13553405040826, 47.5072309005566 ], [ 1.13603995928785, 47.507316844185603 ], [ 1.13632719559373, 47.507368692278298 ], [ 1.13643935087946, 47.5073366938676 ], [ 1.13647571889296, 47.507329919207699 ], [ 1.13660888091716, 47.507304478425802 ], [ 1.1367103613689, 47.5072851758583 ], [ 1.13676021716543, 47.5072757355004 ], [ 1.13682664561551, 47.507263957955502 ], [ 1.13698085963767, 47.507236521334598 ], [ 1.1370360435258, 47.507226715849598 ], [ 1.13714335071134, 47.5072076051175 ], [ 1.13727487002921, 47.507184289292297 ], [ 1.13740060397438, 47.507161871283799 ], [ 1.13760947966997, 47.507124718855302 ], [ 1.1378862502619, 47.5070756312697 ], [ 1.13817363098555, 47.506668611692803 ], [ 1.13839565745982, 47.506374160592102 ], [ 1.13847257124691, 47.506261505962698 ], [ 1.13856405501307, 47.5060826069884 ], [ 1.13861374620194, 47.505985436544698 ], [ 1.13885211713295, 47.505604518440698 ], [ 1.13893934101614, 47.505478098884502 ], [ 1.13904671583257, 47.505322845927303 ], [ 1.139231339868, 47.505067719867803 ], [ 1.13953354553752, 47.504627744625097 ], [ 1.13956513176041, 47.504554748725603 ], [ 1.13957768568457, 47.504525802991502 ], [ 1.13971890245212, 47.504136272455199 ], [ 1.13974180967391, 47.5040449766962 ], [ 1.14002679371609, 47.503659767078403 ], [ 1.14041512939435, 47.503124208545003 ], [ 1.14043214085546, 47.503093533043597 ], [ 1.14046122938591, 47.503041107356303 ], [ 1.14054476832024, 47.502835445866801 ], [ 1.14074267575547, 47.502512692613898 ] ] ], [ [ [ 1.13612352852959, 47.507460724545702 ], [ 1.13628055061792, 47.5073847567851 ], [ 1.13583544463045, 47.507302776391498 ], [ 1.13537912662483, 47.507218823033597 ], [ 1.13516186779238, 47.507178096120903 ], [ 1.13435520270262, 47.507032615499099 ], [ 1.13374530956802, 47.506920940046101 ], [ 1.13362083923032, 47.506904062546297 ], [ 1.13346536464493, 47.506899429012897 ], [ 1.13333989978868, 47.506902677412903 ], [ 1.13312455717227, 47.506931632941999 ], [ 1.13301441989818, 47.506958699272602 ], [ 1.13288046958986, 47.506998700945097 ], [ 1.1327113352604, 47.507068266271297 ], [ 1.13245555680917, 47.507254729281598 ], [ 1.13222693093264, 47.5074022161321 ], [ 1.13211845297526, 47.507550692287403 ], [ 1.13188220595555, 47.507977606068003 ], [ 1.13184608672236, 47.508078061770199 ], [ 1.13182756573829, 47.508168895130197 ], [ 1.13182595503786, 47.508288452512197 ], [ 1.13183968595989, 47.508360651289202 ], [ 1.13197681958984, 47.508684736760301 ], [ 1.13203830578257, 47.508911229636901 ], [ 1.13205649233815, 47.509022910637199 ], [ 1.13205301523045, 47.509183370578697 ], [ 1.1320263239194, 47.509298104822697 ], [ 1.13196895459194, 47.509413400712099 ], [ 1.1319037718635, 47.5095054578413 ], [ 1.13220449066558, 47.509544773298302 ], [ 1.13244736416924, 47.509556229674502 ], [ 1.13307155641008, 47.509573129476898 ], [ 1.13341945370449, 47.509577397488698 ], [ 1.13361228176422, 47.509569762457303 ], [ 1.13379060497997, 47.509551639160499 ], [ 1.13398539216966, 47.509511458166003 ], [ 1.1341195464742, 47.5094810027649 ], [ 1.13436353114774, 47.509394301570303 ], [ 1.13449381142016, 47.5093304956713 ], [ 1.13463025876198, 47.509251031237 ], [ 1.13476160864425, 47.509153864082599 ], [ 1.1349631145066, 47.508951031470403 ], [ 1.13518469130151, 47.508632907474897 ], [ 1.13537807621841, 47.508345377942 ], [ 1.13547633537288, 47.508200868275097 ], [ 1.13576403006436, 47.507778300455698 ], [ 1.13584477986121, 47.507685058643801 ], [ 1.13589624307794, 47.507630651013102 ], [ 1.13598571366995, 47.507549884205503 ], [ 1.13612352852959, 47.507460724545702 ] ] ], [ [ [ 1.13216232327663, 47.507352297264198 ], [ 1.13220807919124, 47.507313016608599 ], [ 1.13142622141906, 47.507357215216899 ], [ 1.13092585680955, 47.507394975516199 ], [ 1.13068931381772, 47.507414843535898 ], [ 1.13055373987724, 47.507432774514598 ], [ 1.12924660834053, 47.507657984649001 ], [ 1.12903059403749, 47.5076976277672 ], [ 1.12900487924967, 47.507707911707399 ], [ 1.12903163026437, 47.507728411386502 ], [ 1.12879788577264, 47.507747609212799 ], [ 1.12821157507323, 47.507793377924202 ], [ 1.12900107878674, 47.508121273497103 ], [ 1.13157559983868, 47.508686533446301 ], [ 1.13187482172907, 47.508693231076101 ], [ 1.13180913626595, 47.508550093550397 ], [ 1.13174773907827, 47.508410887481503 ], [ 1.13173498269279, 47.508299374491898 ], [ 1.13174213359816, 47.5081741523327 ], [ 1.131770275447, 47.508044521584601 ], [ 1.13182236127229, 47.507920668178997 ], [ 1.13184975577557, 47.507863796419102 ], [ 1.1319661046253, 47.507655884690898 ], [ 1.13216232327663, 47.507352297264198 ] ] ], [ [ [ 1.12810007267444, 47.507951607373599 ], [ 1.12817173977367, 47.507874513153197 ], [ 1.12777659529488, 47.507910573804402 ], [ 1.12787623371001, 47.507820251987503 ], [ 1.12746886157914, 47.5078529546876 ], [ 1.12661039723545, 47.507867076888601 ], [ 1.12647310077863, 47.507870748987202 ], [ 1.12633254370905, 47.507893907383902 ], [ 1.1262284626982, 47.507937983464501 ], [ 1.12636091656778, 47.508173112475703 ], [ 1.12696014270353, 47.508252798565898 ], [ 1.12726929424485, 47.508385743007501 ], [ 1.12741158348699, 47.508450167108002 ], [ 1.12757033106698, 47.508393309272897 ], [ 1.12767943651753, 47.508361720383903 ], [ 1.12810007267444, 47.507951607373599 ] ] ], [ [ [ 1.07843628468921, 47.505070588856 ], [ 1.07808050500044, 47.504974696086897 ], [ 1.07791138563925, 47.504929901392998 ], [ 1.07752575095812, 47.504796975133502 ], [ 1.0774709772691, 47.5047159785533 ], [ 1.07729292745102, 47.504697490045601 ], [ 1.07702940325009, 47.504674312992698 ], [ 1.07636398114556, 47.504631750383503 ], [ 1.0760600767879, 47.5046162693599 ], [ 1.07541537681155, 47.504574322630504 ], [ 1.07501213803831, 47.505567483869498 ], [ 1.07546283896656, 47.505743461995699 ], [ 1.0755829042284, 47.505818730747201 ], [ 1.07582630659115, 47.505977344670498 ], [ 1.07622508836458, 47.506091791674201 ], [ 1.07636638627794, 47.506131339160397 ], [ 1.07672974000303, 47.506219987585801 ], [ 1.07738406337693, 47.5063844530723 ], [ 1.07769003218634, 47.506459626596502 ], [ 1.07774276108841, 47.506444856187301 ], [ 1.07784884721176, 47.506235844198002 ], [ 1.07838007712554, 47.505190750856599 ], [ 1.07843628468921, 47.505070588856 ] ] ], [ [ [ 1.1145090247275, 47.5050527549135 ], [ 1.11466530552555, 47.504931783103302 ], [ 1.11407896625208, 47.504386294863799 ], [ 1.11324797837694, 47.503986697760702 ], [ 1.11213647830308, 47.505712778302097 ], [ 1.11228081220921, 47.505709147143499 ], [ 1.11272279320991, 47.505707393185901 ], [ 1.11298051904616, 47.505718770916097 ], [ 1.11319035739285, 47.505746993692199 ], [ 1.11341903364339, 47.505809277643699 ], [ 1.11358193486945, 47.505872252011997 ], [ 1.11377821118266, 47.505978356045098 ], [ 1.11380905624988, 47.506003157568202 ], [ 1.11389697587484, 47.5059955316882 ], [ 1.1145090247275, 47.5050527549135 ] ] ], [ [ [ 1.12142732627259, 47.505662256664102 ], [ 1.12158652702501, 47.505673431367498 ], [ 1.12148070805822, 47.505510443478897 ], [ 1.12142650674101, 47.5054267676717 ], [ 1.12138912841219, 47.505369204917599 ], [ 1.1213996012533, 47.505369914027703 ], [ 1.12134251842289, 47.505277106550601 ], [ 1.12127273389433, 47.505175549311502 ], [ 1.12109816837811, 47.504727921551797 ], [ 1.12104029344431, 47.5046611050211 ], [ 1.12054131650224, 47.504556577656302 ], [ 1.12023486204946, 47.504486371772302 ], [ 1.12000281333606, 47.504440974539101 ], [ 1.11954331687865, 47.504350874209599 ], [ 1.11872330719557, 47.504301511712796 ], [ 1.118050388705, 47.504256545397403 ], [ 1.11807139669804, 47.504351365131903 ], [ 1.11808654164536, 47.504417565054098 ], [ 1.1181347291138, 47.5046278245864 ], [ 1.11818546165523, 47.505025636241598 ], [ 1.11821944006226, 47.505372781071301 ], [ 1.11833381696253, 47.505894364680401 ], [ 1.11838178992285, 47.506092653975898 ], [ 1.11842237195139, 47.5062487115718 ], [ 1.11842000965064, 47.5062629809794 ], [ 1.11839567165538, 47.506404465953999 ], [ 1.11838188992926, 47.506487999764502 ], [ 1.11834162144552, 47.506732162601701 ], [ 1.11831551729572, 47.5068815336368 ], [ 1.11830594933505, 47.506937069621401 ], [ 1.11828805232545, 47.5070389863915 ], [ 1.11828678646305, 47.507082149722798 ], [ 1.11827852866955, 47.507352031987402 ], [ 1.11828172420543, 47.507373765521002 ], [ 1.11831678179517, 47.507609447310699 ], [ 1.11830552052663, 47.507744849492298 ], [ 1.11832643160338, 47.507747276152998 ], [ 1.1187060418608, 47.507803576993098 ], [ 1.11876405589638, 47.5078112847822 ], [ 1.11881543876265, 47.507818615356904 ], [ 1.11887329532254, 47.507827401042903 ], [ 1.1190814161596, 47.507859808201303 ], [ 1.11913912956037, 47.507868510405601 ], [ 1.11942310529508, 47.507911082495099 ], [ 1.11948109298776, 47.507918789498198 ], [ 1.11963095014748, 47.507939261275503 ], [ 1.12018228065039, 47.508021333897901 ], [ 1.12023972277164, 47.508026420524502 ], [ 1.12005295668658, 47.507596585209797 ], [ 1.12003671444758, 47.507561135058701 ], [ 1.12000181191463, 47.507486062841402 ], [ 1.11998481549039, 47.507353347041601 ], [ 1.11996926483373, 47.507232431944097 ], [ 1.11996210028067, 47.507176526824303 ], [ 1.11994897152942, 47.507073289859797 ], [ 1.11994655542221, 47.507055071558298 ], [ 1.11994170330227, 47.507016932855102 ], [ 1.11992095071494, 47.5068553612278 ], [ 1.11994434836963, 47.5067435474379 ], [ 1.11996361728898, 47.5066512779932 ], [ 1.11996538846752, 47.506642851703397 ], [ 1.11997501436221, 47.506596581778403 ], [ 1.12001545494892, 47.506403267533997 ], [ 1.12004156506964, 47.506278540542297 ], [ 1.12011650865471, 47.505919791946901 ], [ 1.120192268618, 47.505570681838599 ], [ 1.1206454660039, 47.505607409373397 ], [ 1.12074306805254, 47.505614242083603 ], [ 1.12121367317597, 47.505647205320003 ], [ 1.12142732627259, 47.505662256664102 ] ] ], [ [ [ 1.1182170349602, 47.506862268025202 ], [ 1.11834407281088, 47.506236714164302 ], [ 1.11834550801801, 47.506100333823802 ], [ 1.11816000748254, 47.505370722648699 ], [ 1.1181524288979, 47.504984413032702 ], [ 1.11811248449331, 47.504758907633899 ], [ 1.11802443244008, 47.504700498198503 ], [ 1.11681708001545, 47.504625551079599 ], [ 1.11538219417593, 47.504537897947003 ], [ 1.11529433556823, 47.504532929102702 ], [ 1.11458002246401, 47.505083707564303 ], [ 1.1143034364223, 47.505506423888399 ], [ 1.11402903560614, 47.5059198016042 ], [ 1.11395096699798, 47.506037365517599 ], [ 1.11395653205189, 47.506133178606298 ], [ 1.11444406496603, 47.506704962572798 ], [ 1.1145701847493, 47.506834736171598 ], [ 1.11465110514118, 47.506950704238697 ], [ 1.1148252520542, 47.507151351828298 ], [ 1.11511990104048, 47.507424090733601 ], [ 1.11545013831983, 47.507653140132199 ], [ 1.11584799749918, 47.507839413934398 ], [ 1.11625737632818, 47.5079880822462 ], [ 1.11668904978782, 47.508121460266302 ], [ 1.11714332468275, 47.508234978617402 ], [ 1.11789505026913, 47.508408918700702 ], [ 1.11798883091572, 47.508374930261098 ], [ 1.11822565380737, 47.507735798092703 ], [ 1.11818087829227, 47.507231654498803 ], [ 1.11821050088843, 47.506929018117198 ], [ 1.1182170349602, 47.506862268025202 ] ] ], [ [ [ 1.07952891655378, 47.506278523042702 ], [ 1.07972533013503, 47.506093607922097 ], [ 1.07823020464083, 47.5056407059351 ], [ 1.07811652239696, 47.505864449980798 ], [ 1.07797802970939, 47.506146249143903 ], [ 1.07787677530419, 47.506335828776201 ], [ 1.07778915666159, 47.506519429358399 ], [ 1.07964509018081, 47.507011716512501 ], [ 1.07941256154957, 47.506849976592903 ], [ 1.07944532359283, 47.5068002370081 ], [ 1.07955460342392, 47.506641645914598 ], [ 1.07925699465742, 47.506537468469901 ], [ 1.07926595005727, 47.506528990047201 ], [ 1.07952891655378, 47.506278523042702 ] ] ], [ [ [ 1.07727917227552, 47.507263723726197 ], [ 1.07769637231289, 47.506529108848298 ], [ 1.0776736959904, 47.506495617131698 ], [ 1.07634809343185, 47.506166657922499 ], [ 1.07605483056383, 47.5068064653533 ], [ 1.07599566288293, 47.5070501065088 ], [ 1.07664382064021, 47.507172280287399 ], [ 1.07688562706903, 47.507219555030602 ], [ 1.07718704215409, 47.5072921334311 ], [ 1.07727917227552, 47.507263723726197 ] ] ], [ [ [ 1.07948926662129, 47.507269658517998 ], [ 1.07961337753562, 47.507029265314799 ], [ 1.07777686899499, 47.506546302376996 ], [ 1.07764103810603, 47.506780557633199 ], [ 1.07751829085294, 47.506994607000102 ], [ 1.07742147244267, 47.507157174668301 ], [ 1.07734428439078, 47.5072882272109 ], [ 1.07738336841524, 47.507344761432698 ], [ 1.078760823974, 47.5077091303557 ], [ 1.07920495480451, 47.507826133363999 ], [ 1.07929299310346, 47.5076529746947 ], [ 1.07938370676336, 47.507486343098698 ], [ 1.07948926662129, 47.507269658517998 ] ] ], [ [ [ 1.09635770476939, 47.507284602434503 ], [ 1.09722535500833, 47.5061072156143 ], [ 1.09718446577257, 47.506041474592102 ], [ 1.09523355907717, 47.505505596306897 ], [ 1.09433601239939, 47.505259961719403 ], [ 1.09411731245626, 47.505201404777701 ], [ 1.09372455215356, 47.505095401856799 ], [ 1.09346324194551, 47.505022189973097 ], [ 1.09325625757769, 47.5049671726509 ], [ 1.09294165543825, 47.5048807426436 ], [ 1.09281180958835, 47.504844014061902 ], [ 1.09211530361216, 47.5056123294953 ], [ 1.09209071228834, 47.505602112225702 ], [ 1.09197823656573, 47.505555231319001 ], [ 1.0916816937913, 47.5054288899371 ], [ 1.09117777532459, 47.505210522055997 ], [ 1.09062628074734, 47.504964827824899 ], [ 1.08970253090635, 47.506044336180601 ], [ 1.09016862292297, 47.506292362422698 ], [ 1.09066827838226, 47.506543592959702 ], [ 1.09095630109409, 47.506685365453102 ], [ 1.09102780571235, 47.5067196814786 ], [ 1.09119550631693, 47.5068035658296 ], [ 1.09131728232858, 47.506865078536897 ], [ 1.09146145643942, 47.5069428053895 ], [ 1.09163637460235, 47.5070359915807 ], [ 1.09187013319254, 47.507158324260303 ], [ 1.09220569336841, 47.507336330532098 ], [ 1.09238970430217, 47.507431735380401 ], [ 1.092446539757, 47.507461209181301 ], [ 1.09298137366719, 47.507746140649502 ], [ 1.09309823339757, 47.5078077510179 ], [ 1.09348600881692, 47.508014619983499 ], [ 1.09341231990108, 47.508221951177902 ], [ 1.0934055299552, 47.5082476550742 ], [ 1.09319345322834, 47.508866382828501 ], [ 1.09325219403338, 47.508919631397603 ], [ 1.0933581383799, 47.508923670135403 ], [ 1.09353266747083, 47.508941166709803 ], [ 1.0937073825519, 47.508963888489397 ], [ 1.09376727289916, 47.508971099202398 ], [ 1.09403654287276, 47.509019516573701 ], [ 1.09427776008003, 47.509072768956898 ], [ 1.09466801673572, 47.509196556650103 ], [ 1.09575090716844, 47.509595369902897 ], [ 1.09588123103284, 47.509634353759701 ], [ 1.09597566932345, 47.509600654659899 ], [ 1.09612179764634, 47.509227721449101 ], [ 1.09633169164471, 47.508704883837098 ], [ 1.09630386391609, 47.508462919153899 ], [ 1.09628014498872, 47.508272048242702 ], [ 1.09627286002778, 47.508162339360403 ], [ 1.09626949425077, 47.5079339203754 ], [ 1.09629165799454, 47.507740935744401 ], [ 1.09634076603387, 47.507330030912797 ], [ 1.09635770476939, 47.507284602434503 ] ] ], [ [ [ 1.09326757242416, 47.508407310830798 ], [ 1.09338870366913, 47.508053843751298 ], [ 1.09335280719892, 47.508036769687301 ], [ 1.09267561158238, 47.507675954477797 ], [ 1.09199396961896, 47.507312631177001 ], [ 1.0912566548815, 47.506925151813903 ], [ 1.09019238266719, 47.506393986139997 ], [ 1.09021133292734, 47.506376846615403 ], [ 1.09011360756087, 47.506329593417099 ], [ 1.08928051752677, 47.505882723895901 ], [ 1.08877334196395, 47.505615444318899 ], [ 1.08866616442384, 47.505626769259301 ], [ 1.08864615110017, 47.505654687151399 ], [ 1.08842758372537, 47.505905281215703 ], [ 1.08837167646935, 47.505952572485803 ], [ 1.08820128620486, 47.506109232285603 ], [ 1.08802618149155, 47.506278420369803 ], [ 1.08798120053335, 47.5063174268004 ], [ 1.08784619076041, 47.5064690210557 ], [ 1.08773138374223, 47.506623458910298 ], [ 1.08765337643612, 47.506820910476897 ], [ 1.08760343072091, 47.507024045014603 ], [ 1.08758353212232, 47.5071252948702 ], [ 1.08757566596988, 47.507158724437502 ], [ 1.08777523351243, 47.507307922069302 ], [ 1.0880786961214, 47.507535540038297 ], [ 1.09004227023708, 47.509013890048003 ], [ 1.09022330222129, 47.509009284844602 ], [ 1.09079460045469, 47.5089872046007 ], [ 1.09091125839529, 47.5089818676649 ], [ 1.09105509987681, 47.508977453192401 ], [ 1.09124136885098, 47.508967970901502 ], [ 1.09225388335296, 47.5089328601156 ], [ 1.09259887091044, 47.508918761893497 ], [ 1.09287943283707, 47.508915817852497 ], [ 1.09295907318671, 47.508913645731099 ], [ 1.093050873442, 47.508912212817499 ], [ 1.09311138634594, 47.508858340668802 ], [ 1.09326757242416, 47.508407310830798 ] ] ], [ [ [ 1.0998812139372, 47.507049382388701 ], [ 1.09993111600269, 47.5070096503907 ], [ 1.09722525348942, 47.5062348482736 ], [ 1.09701104950503, 47.506525984804703 ], [ 1.09672679511763, 47.506914689530298 ], [ 1.0964353651034, 47.507303267321603 ], [ 1.09642048056206, 47.507340265439801 ], [ 1.09634835910818, 47.507934074379001 ], [ 1.09635097180367, 47.508164993218202 ], [ 1.09636567156991, 47.508290031291601 ], [ 1.09638253658663, 47.5084356342538 ], [ 1.09641515233692, 47.508714468202399 ], [ 1.09605508778609, 47.509615566703602 ], [ 1.09610928038407, 47.509677221365799 ], [ 1.09623296443604, 47.509693675939502 ], [ 1.09648718409321, 47.509703600918797 ], [ 1.09669753016627, 47.509681924388197 ], [ 1.09704419559088, 47.5095919892293 ], [ 1.09718041669776, 47.509556747510103 ], [ 1.09729763976488, 47.509532171490797 ], [ 1.09747112381688, 47.509508892172398 ], [ 1.09752832561079, 47.509469541494099 ], [ 1.09758241252487, 47.509432201886398 ], [ 1.09771620676674, 47.509360921257397 ], [ 1.09781947751005, 47.509285459478797 ], [ 1.09792240674073, 47.509197917444297 ], [ 1.09800267980419, 47.5091121754987 ], [ 1.09808539197258, 47.509010526926701 ], [ 1.09810182526399, 47.5089897524186 ], [ 1.09813714475058, 47.508949855179303 ], [ 1.09822991158909, 47.508827408913099 ], [ 1.09830108209979, 47.508728912355402 ], [ 1.09845371341254, 47.508544854959702 ], [ 1.09865768125815, 47.508308033261798 ], [ 1.09921371654963, 47.507664996314098 ], [ 1.0992662299868, 47.507608649476303 ], [ 1.0993967134325, 47.507468034850497 ], [ 1.09965680792765, 47.5072460924236 ], [ 1.0998812139372, 47.507049382388701 ] ] ], [ [ [ 1.11793077329926, 47.508504795315602 ], [ 1.11793598509093, 47.508496415628798 ], [ 1.11711118344242, 47.5083054387147 ], [ 1.11667005108173, 47.508194932963796 ], [ 1.11665163602076, 47.508190304326298 ], [ 1.11647796855335, 47.5081380374343 ], [ 1.1162124778668, 47.508054734222 ], [ 1.11578969642029, 47.507902868661901 ], [ 1.11537433711258, 47.507707496568599 ], [ 1.1150331477974, 47.507469076564597 ], [ 1.11488251082885, 47.507338456676798 ], [ 1.11473127244536, 47.507187216384096 ], [ 1.11454321996255, 47.506964112425599 ], [ 1.11408610978073, 47.506416961528402 ], [ 1.11391591247958, 47.506232205891898 ], [ 1.11388063112594, 47.506183219503598 ], [ 1.11383334125595, 47.506132228870499 ], [ 1.11377715674187, 47.506088909813201 ], [ 1.11379043604352, 47.506180372741099 ], [ 1.11366568151964, 47.506337195055401 ], [ 1.11296378703332, 47.5070527334831 ], [ 1.11241706822787, 47.507895371952898 ], [ 1.11195977400279, 47.5085955257778 ], [ 1.11186479645184, 47.508725041902601 ], [ 1.11194129552202, 47.508739535602601 ], [ 1.11183894205543, 47.508874325658702 ], [ 1.11170528567478, 47.509048820792302 ], [ 1.11165242483146, 47.509137555240599 ], [ 1.11157147155177, 47.509268036740004 ], [ 1.11162229123115, 47.509320697150201 ], [ 1.11192186752313, 47.509324588421002 ], [ 1.11217790590579, 47.509335318998602 ], [ 1.11251375611909, 47.509375533830301 ], [ 1.1128230416291, 47.509430057198202 ], [ 1.11373541021043, 47.509612361283303 ], [ 1.11410973272567, 47.509686590551802 ], [ 1.11453208532128, 47.509755130844503 ], [ 1.11466570066509, 47.509776516654902 ], [ 1.11509003125974, 47.509808197024398 ], [ 1.11545406744982, 47.509825565584599 ], [ 1.11568034330844, 47.509832817679602 ], [ 1.11577922598907, 47.509389262080802 ], [ 1.11618613810038, 47.509440006682802 ], [ 1.116306741851, 47.5094538779137 ], [ 1.1163838412606, 47.509462705767099 ], [ 1.11658017173511, 47.509486651905597 ], [ 1.11685227723733, 47.509519682973497 ], [ 1.11709742313576, 47.509549198342697 ], [ 1.11715202041216, 47.509555861235299 ], [ 1.11750624467076, 47.5095986185299 ], [ 1.11759048738732, 47.509217169569901 ], [ 1.11762077442666, 47.509084596036402 ], [ 1.11764164832761, 47.508992172846902 ], [ 1.11765095066676, 47.5089513904108 ], [ 1.11766673809691, 47.508926091770597 ], [ 1.11770082237173, 47.5088717803051 ], [ 1.11775336309384, 47.508788071399003 ], [ 1.11793077329926, 47.508504795315602 ] ] ], [ [ [ 1.1058835866009, 47.507012808700601 ], [ 1.10592998499383, 47.506692465695998 ], [ 1.10475786460378, 47.506772901508803 ], [ 1.10469424430877, 47.506777233106199 ], [ 1.10401132591617, 47.506824063980197 ], [ 1.10383163064249, 47.506835834514199 ], [ 1.10335315600784, 47.506869970124598 ], [ 1.10319000502106, 47.506879487819297 ], [ 1.10262785823241, 47.506924639005597 ], [ 1.10179221350665, 47.507567872947703 ], [ 1.10182158251699, 47.507585459324403 ], [ 1.10207375406304, 47.507753596109097 ], [ 1.10216434232921, 47.507916975539302 ], [ 1.10240530034508, 47.508357457848 ], [ 1.10243020624358, 47.5083993546356 ], [ 1.10249039765589, 47.508504107831001 ], [ 1.10253845407676, 47.508581200684603 ], [ 1.10257797756657, 47.508644846412402 ], [ 1.10262126835412, 47.508714307127697 ], [ 1.1026485741123, 47.508712158574298 ], [ 1.1030090113297, 47.509190088226099 ], [ 1.1033045890673, 47.509677018432697 ], [ 1.10344677741583, 47.509904769819698 ], [ 1.10351174205489, 47.509951838414999 ], [ 1.10384582931111, 47.509919521133497 ], [ 1.10424791578924, 47.509898150781403 ], [ 1.1044311679573, 47.509891299561303 ], [ 1.1044533764481, 47.509890499314203 ], [ 1.10472940070994, 47.509881068915199 ], [ 1.10483910504835, 47.509877324718701 ], [ 1.1049375438283, 47.509875720269299 ], [ 1.10519506571699, 47.509871633450203 ], [ 1.10534999128996, 47.509869092348303 ], [ 1.10566631255638, 47.509865186208998 ], [ 1.10570314649717, 47.509809022897599 ], [ 1.105725631542, 47.509244270173198 ], [ 1.10572279253463, 47.508955929184999 ], [ 1.10576976706635, 47.5079431495571 ], [ 1.10577555852581, 47.507904192695598 ], [ 1.10585422875628, 47.507580331617199 ], [ 1.10586906928375, 47.5073319771464 ], [ 1.1058835866009, 47.507012808700601 ] ] ], [ [ [ 1.10282709638866, 47.510037946972297 ], [ 1.10337461935107, 47.509972125909698 ], [ 1.10320528082509, 47.5097057728739 ], [ 1.10294278063771, 47.509273558958498 ], [ 1.10290596582281, 47.509219321811401 ], [ 1.10287776480972, 47.509177011338103 ], [ 1.10283835497284, 47.5091281254034 ], [ 1.10277775650878, 47.509041554210903 ], [ 1.10269976907887, 47.508947307418801 ], [ 1.10259016225068, 47.508795495324001 ], [ 1.10255081320933, 47.508742288268003 ], [ 1.1025320975251, 47.508712819017497 ], [ 1.10235637514901, 47.508413873481899 ], [ 1.10202212198663, 47.507793048698304 ], [ 1.10177541169362, 47.507624550569901 ], [ 1.10118698212227, 47.507282267597802 ], [ 1.10027006184508, 47.506869264683999 ], [ 1.1002213340276, 47.506865840958703 ], [ 1.09995325600986, 47.507083701595 ], [ 1.09947004223377, 47.507496441583903 ], [ 1.09928535494507, 47.507692736285399 ], [ 1.09904856693696, 47.507966994206903 ], [ 1.09903302244582, 47.507988953890703 ], [ 1.0989586212866, 47.508073720845303 ], [ 1.09891685016172, 47.508119815986099 ], [ 1.09875268921167, 47.508310159846502 ], [ 1.09852822118616, 47.508570030990199 ], [ 1.09837725267116, 47.5087559164499 ], [ 1.09821444059305, 47.508971754368197 ], [ 1.09815543584062, 47.509034558822201 ], [ 1.09807173390171, 47.509137884069098 ], [ 1.09803928782785, 47.5091717143601 ], [ 1.09798668868844, 47.509230391329901 ], [ 1.09788770717875, 47.509315296612897 ], [ 1.09786523629212, 47.509330579031598 ], [ 1.09776909233004, 47.509400331500302 ], [ 1.09765733397648, 47.509460716746297 ], [ 1.09763024541129, 47.509486260516901 ], [ 1.09782806242374, 47.5094913719049 ], [ 1.09821299144388, 47.509525343022297 ], [ 1.09858462848602, 47.509584820859601 ], [ 1.09895576184217, 47.509658867021798 ], [ 1.0995138897044, 47.509780109494699 ], [ 1.09959470115537, 47.509795870207597 ], [ 1.09987108415394, 47.509842580099402 ], [ 1.1002714976316, 47.509922240854401 ], [ 1.10109345281807, 47.510018828370299 ], [ 1.10141231836559, 47.510040258893 ], [ 1.10149981953999, 47.510040550079097 ], [ 1.10215055728501, 47.510083538824901 ], [ 1.10234167552653, 47.510083121903399 ], [ 1.10256745018501, 47.5100681690557 ], [ 1.10282709638866, 47.510037946972297 ] ] ], [ [ [ 1.10973434000406, 47.507442065776097 ], [ 1.10913083389648, 47.507411797895202 ], [ 1.10836973186786, 47.507374133173798 ], [ 1.10660542742463, 47.507287372371501 ], [ 1.105950997487, 47.507255342002999 ], [ 1.10593271098876, 47.507584515788203 ], [ 1.10584639573956, 47.507946403227798 ], [ 1.10580175403586, 47.5089575190012 ], [ 1.10580215139537, 47.509251024685199 ], [ 1.10578430710594, 47.509808217336698 ], [ 1.10586460287249, 47.509861107386399 ], [ 1.10661757716578, 47.509846647877801 ], [ 1.10722912213932, 47.509823619320898 ], [ 1.10726941585273, 47.509818358128697 ], [ 1.10731905808991, 47.509811799107503 ], [ 1.10752761169174, 47.509784311329597 ], [ 1.10765076995729, 47.509768015133403 ], [ 1.10780329543281, 47.509740139168102 ], [ 1.10805985047738, 47.5096788180281 ], [ 1.1083338531908, 47.509600230522103 ], [ 1.10881584383354, 47.5094552002424 ], [ 1.10885842763089, 47.509445293524102 ], [ 1.10894198896436, 47.5094258051341 ], [ 1.10920276957239, 47.509371933486598 ], [ 1.10951663538167, 47.508243549150301 ], [ 1.10968748709497, 47.507620965354 ], [ 1.10973434000406, 47.507442065776097 ] ] ], [ [ [ 1.0763508619404, 47.508337553300599 ], [ 1.07714835389184, 47.507423118865702 ], [ 1.07712515186131, 47.507371348788702 ], [ 1.07686557399585, 47.507306051893501 ], [ 1.07657604823874, 47.507246166808102 ], [ 1.07640037900103, 47.507516014052598 ], [ 1.07594538092577, 47.508054203116203 ], [ 1.07575194892255, 47.507966891189099 ], [ 1.07556557226291, 47.5078859083808 ], [ 1.07537500363643, 47.508097997970097 ], [ 1.07516252515692, 47.508333199349003 ], [ 1.07480602281925, 47.508493986853203 ], [ 1.07439028124763, 47.508316441518502 ], [ 1.07430561694396, 47.508382853201802 ], [ 1.07380478891125, 47.508758830725199 ], [ 1.073618293367, 47.508893701478399 ], [ 1.07349696381589, 47.508838291337398 ], [ 1.07327090782071, 47.509048341146197 ], [ 1.07324065592154, 47.509072836665801 ], [ 1.0725866054588, 47.509602435772699 ], [ 1.07271552602509, 47.5096500486586 ], [ 1.07272901773349, 47.509655134105401 ], [ 1.07441618586954, 47.5104046903636 ], [ 1.07518958065831, 47.510748166870499 ], [ 1.07524851533921, 47.510633093927801 ], [ 1.07539581529289, 47.510279733991503 ], [ 1.07548136409412, 47.5100303252296 ], [ 1.07554344548818, 47.5097402078611 ], [ 1.07560121380865, 47.5095525953856 ], [ 1.0757846817301, 47.508984982238204 ], [ 1.07580732609153, 47.5089502757058 ], [ 1.07598668327485, 47.508703361061698 ], [ 1.0763508619404, 47.508337553300599 ] ] ], [ [ [ 1.07902021992279, 47.507862868477098 ], [ 1.07763127988013, 47.507503967918197 ], [ 1.07731108090196, 47.5074182136877 ], [ 1.07721088121832, 47.507441898091798 ], [ 1.07665190876222, 47.508092331491298 ], [ 1.07663526665619, 47.5081149905579 ], [ 1.07641497793446, 47.508363913712103 ], [ 1.07601365733093, 47.508720815467903 ], [ 1.07594655572207, 47.508812180901302 ], [ 1.07592516466948, 47.5088412354906 ], [ 1.07589432178531, 47.508993401926197 ], [ 1.07573337228882, 47.509469264836703 ], [ 1.07564195645158, 47.509737377750596 ], [ 1.07561381187113, 47.509823371535298 ], [ 1.07678238873966, 47.510409265160703 ], [ 1.07734202113891, 47.5106898159097 ], [ 1.07805323646762, 47.511048598647903 ], [ 1.07815968959786, 47.510949804374398 ], [ 1.07807535158424, 47.510505243731799 ], [ 1.07780543127621, 47.510363026735099 ], [ 1.07792236420451, 47.510195208107 ], [ 1.07801120232998, 47.510047356520197 ], [ 1.07804176505531, 47.509996410526 ], [ 1.07809141819854, 47.509913841433999 ], [ 1.07843201477721, 47.5093804571124 ], [ 1.07843734275901, 47.509329806183104 ], [ 1.07845065142194, 47.5092674913327 ], [ 1.07840846085457, 47.509118315897702 ], [ 1.0783723237532, 47.5089530506717 ], [ 1.07837542297056, 47.5089411351697 ], [ 1.07838382604203, 47.508907354838897 ], [ 1.07841452377692, 47.508816369173203 ], [ 1.07843230430362, 47.508780501436597 ], [ 1.07855836285793, 47.508527184433198 ], [ 1.07902021992279, 47.507862868477098 ] ] ], [ [ [ 1.09233493846077, 47.509607961340201 ], [ 1.09287872628575, 47.509007946108802 ], [ 1.09233339558542, 47.509031911382301 ], [ 1.0920566444859, 47.509042750162301 ], [ 1.0915130481214, 47.509062778165003 ], [ 1.09108307367005, 47.509076885538697 ], [ 1.09022812577994, 47.509106447096897 ], [ 1.09015233957797, 47.509108599493899 ], [ 1.08994227139122, 47.509115772029801 ], [ 1.09029546603155, 47.5093587317035 ], [ 1.09075272346683, 47.5094388978967 ], [ 1.09112079492575, 47.509499007568401 ], [ 1.09126776982459, 47.509523016337397 ], [ 1.09145452729281, 47.5097025125256 ], [ 1.09194447358392, 47.510034372060296 ], [ 1.09198396739204, 47.509996075686097 ], [ 1.09233493846077, 47.509607961340201 ] ] ], [ [ [ 1.12011461968498, 47.510550126694397 ], [ 1.1202029194383, 47.510498589089202 ], [ 1.12000859754193, 47.510337567060098 ], [ 1.11999274271389, 47.510324345343001 ], [ 1.11993061562197, 47.510272127596302 ], [ 1.11952200694558, 47.509928780414199 ], [ 1.11953365061628, 47.509892807829402 ], [ 1.11954422453585, 47.509850596140502 ], [ 1.11952497743489, 47.509790984466797 ], [ 1.11931322662111, 47.509726663129598 ], [ 1.11883474012235, 47.509575962912997 ], [ 1.11874666221726, 47.509628754654301 ], [ 1.11857066982225, 47.509710785825902 ], [ 1.1183723748422, 47.509781552608302 ], [ 1.11814814056694, 47.509857923884098 ], [ 1.11810415337239, 47.509869612128703 ], [ 1.11793881657216, 47.509903318313803 ], [ 1.11778130755535, 47.509932477579099 ], [ 1.1176522919479, 47.509952921745899 ], [ 1.11753766477773, 47.5099647922031 ], [ 1.11751873382859, 47.510003879354599 ], [ 1.1176661838085, 47.510101966127998 ], [ 1.11774491062138, 47.510087615753498 ], [ 1.11759290425216, 47.510207742160397 ], [ 1.11757440184381, 47.510220301123603 ], [ 1.11752570730486, 47.510263400484902 ], [ 1.1177946526231, 47.510380323534299 ], [ 1.11817318443589, 47.510544477549203 ], [ 1.11836828651883, 47.511002416712003 ], [ 1.11864071155298, 47.510815397260203 ], [ 1.11913911090523, 47.5111431339785 ], [ 1.11922070517245, 47.511196935916097 ], [ 1.11939700265677, 47.5110692938974 ], [ 1.11950031571526, 47.510991833192001 ], [ 1.11981749656167, 47.5107617013606 ], [ 1.11996045843747, 47.510656814223204 ], [ 1.12011461968498, 47.510550126694397 ] ] ], [ [ [ 1.09581142956612, 47.5098405701752 ], [ 1.09587795485125, 47.509742440341697 ], [ 1.09567789243289, 47.509682417524701 ], [ 1.09508619278402, 47.5094592566683 ], [ 1.09485293112373, 47.509369876265303 ], [ 1.09474070215491, 47.509326973155403 ], [ 1.09461050865589, 47.509277284155303 ], [ 1.09422158118331, 47.509800630334198 ], [ 1.09381956264204, 47.510343921401699 ], [ 1.09361433690891, 47.510596192475802 ], [ 1.09396169262257, 47.510721045207198 ], [ 1.09479865915245, 47.511017860231597 ], [ 1.09487542137496, 47.510894344513403 ], [ 1.09496965434733, 47.510767980923497 ], [ 1.09508925745286, 47.510656528728397 ], [ 1.09530713963996, 47.510471858284902 ], [ 1.09549177919551, 47.510281322639599 ], [ 1.09581142956612, 47.5098405701752 ] ] ], [ [ [ 1.11762177443911, 47.510132817128202 ], [ 1.1173855870396, 47.509976309585703 ], [ 1.11713630383767, 47.509980457418798 ], [ 1.11670308438786, 47.509963758785403 ], [ 1.11625308322032, 47.510319440564899 ], [ 1.11652494466678, 47.510484819838602 ], [ 1.11665412732614, 47.510562722517498 ], [ 1.11702803290826, 47.510891832837302 ], [ 1.11711095256117, 47.510775777172 ], [ 1.11715799485496, 47.510690539058501 ], [ 1.11722389431251, 47.510567563252899 ], [ 1.11728020525659, 47.510475730771603 ], [ 1.11732795024909, 47.510403361811001 ], [ 1.11745548989108, 47.510258367280699 ], [ 1.11757058010753, 47.5101646299889 ], [ 1.11762177443911, 47.510132817128202 ] ] ], [ [ [ 1.11671509823746, 47.511210104099298 ], [ 1.11682408556122, 47.511056526627499 ], [ 1.11618179431023, 47.5105874660509 ], [ 1.11583909694283, 47.5103576596563 ], [ 1.11538786151478, 47.510055972668603 ], [ 1.11536034558748, 47.510034286907803 ], [ 1.11535847798519, 47.509913412424098 ], [ 1.11504480425676, 47.509902188738003 ], [ 1.11478325147773, 47.509886071869403 ], [ 1.11465724840815, 47.509877946381899 ], [ 1.11448488055572, 47.509852421880304 ], [ 1.11437786492559, 47.509833456235398 ], [ 1.11416483623181, 47.509793857101599 ], [ 1.11374063069682, 47.509707016112799 ], [ 1.11343958561025, 47.509647496296701 ], [ 1.1131166169159, 47.509581858028596 ], [ 1.11278794399497, 47.5095197191092 ], [ 1.11248981930636, 47.509468257774898 ], [ 1.11216299520396, 47.509435482470401 ], [ 1.11167482518993, 47.509421170241303 ], [ 1.11162530601529, 47.509421259128601 ], [ 1.11146387807367, 47.509536885089602 ], [ 1.11133473388355, 47.509747982680302 ], [ 1.11116915016943, 47.509960551381099 ], [ 1.11109699988109, 47.510035115523998 ], [ 1.11100019031258, 47.510130952798598 ], [ 1.11092495999543, 47.5101877287685 ], [ 1.11082666392289, 47.510261670770802 ], [ 1.11068453915657, 47.510335973540698 ], [ 1.11049456854004, 47.510433685380796 ], [ 1.1104698025352, 47.510446312751498 ], [ 1.11040424003117, 47.510478429784499 ], [ 1.11023690249053, 47.510581730639601 ], [ 1.11014264620235, 47.510639458128402 ], [ 1.10994918907068, 47.5107737233444 ], [ 1.10990440353054, 47.5108007836388 ], [ 1.10990977728191, 47.5110962602717 ], [ 1.11049707025445, 47.511160809313502 ], [ 1.1104987551838, 47.511084895829001 ], [ 1.11084094717159, 47.511114782343803 ], [ 1.1106762150312, 47.511433999968297 ], [ 1.11207918743147, 47.511828834606497 ], [ 1.11293650917897, 47.511757578712903 ], [ 1.11655136318474, 47.511457087592198 ], [ 1.11671509823746, 47.511210104099298 ] ] ], [ [ [ 1.11142447299898, 47.509418004156402 ], [ 1.11123146580621, 47.509412912792797 ], [ 1.11045980509879, 47.509408469414403 ], [ 1.11004741193431, 47.509402789571801 ], [ 1.10981630983258, 47.509411457559601 ], [ 1.10969091584847, 47.509415852300798 ], [ 1.10956250239384, 47.509423709532498 ], [ 1.1094248716035, 47.509439682866599 ], [ 1.10926014610139, 47.509459349281599 ], [ 1.10911212525099, 47.509487660398797 ], [ 1.10892790009468, 47.5095288629484 ], [ 1.10888363653272, 47.509541173547298 ], [ 1.10841102951345, 47.5096763798594 ], [ 1.10816680756007, 47.509746717059997 ], [ 1.10809018470931, 47.509768397518599 ], [ 1.10793240826373, 47.509801582072001 ], [ 1.10766828119669, 47.509860168767297 ], [ 1.10759905855364, 47.509868372837502 ], [ 1.10756348638212, 47.509871648879297 ], [ 1.10744403193624, 47.509891804892497 ], [ 1.10695012822499, 47.509929378714098 ], [ 1.10668095629633, 47.509936332519501 ], [ 1.10669909562291, 47.510323076014203 ], [ 1.10670583186137, 47.510507095034797 ], [ 1.10671956964714, 47.510724966310001 ], [ 1.10672972216898, 47.510987061655896 ], [ 1.10662529407074, 47.510977225116598 ], [ 1.10686124355566, 47.511260619248098 ], [ 1.10692730251481, 47.511372650443903 ], [ 1.10694745919093, 47.511475652067404 ], [ 1.10700313016991, 47.511757296391202 ], [ 1.10705197452455, 47.511867967319198 ], [ 1.10718148105808, 47.512035954212003 ], [ 1.10727288268475, 47.5121270390026 ], [ 1.10815509883502, 47.511753971832697 ], [ 1.10840809440669, 47.511492925448003 ], [ 1.10826589548653, 47.511447009970098 ], [ 1.10840871230664, 47.511493115561301 ], [ 1.1084290194221, 47.511471313060198 ], [ 1.10848258406071, 47.5114222726801 ], [ 1.1085433186385, 47.511369656967197 ], [ 1.10863608059804, 47.511305792682698 ], [ 1.10875669192093, 47.511231944551902 ], [ 1.10895133029584, 47.511159504796098 ], [ 1.10902519457262, 47.511129062993398 ], [ 1.10905889152459, 47.511115320276602 ], [ 1.10931894230308, 47.511008258042203 ], [ 1.109397402156, 47.510975999707703 ], [ 1.10946479629473, 47.510948496048897 ], [ 1.10972561466315, 47.510820042561001 ], [ 1.10978205280053, 47.5107979435506 ], [ 1.10983809979402, 47.510757577792297 ], [ 1.10997617227375, 47.510670523483697 ], [ 1.10999128388206, 47.5106750005382 ], [ 1.11008523163878, 47.510596297545497 ], [ 1.1101476730309, 47.510551722376 ], [ 1.11036855179802, 47.510425924216598 ], [ 1.11045892063043, 47.5103834225227 ], [ 1.11074160089253, 47.510241635047798 ], [ 1.11082785864836, 47.510184947941603 ], [ 1.11094166053601, 47.510100551410702 ], [ 1.11105429524273, 47.5099863501868 ], [ 1.11110802221547, 47.509925074646702 ], [ 1.11119174337573, 47.509813366935497 ], [ 1.11124858255351, 47.509736204468403 ], [ 1.11136532919852, 47.509519053334103 ], [ 1.11142447299898, 47.509418004156402 ] ] ], [ [ [ 1.10049835730691, 47.510395794308799 ], [ 1.10106512270618, 47.510104464431301 ], [ 1.10078633619066, 47.510068865388 ], [ 1.10036081957949, 47.510022436723503 ], [ 1.10022417675556, 47.510007468066803 ], [ 1.0999186081337, 47.509956663440803 ], [ 1.09985682907463, 47.509946453750899 ], [ 1.09962126125286, 47.509898518640497 ], [ 1.09939877314249, 47.509848644399298 ], [ 1.09937096411282, 47.509842869333397 ], [ 1.09921437949664, 47.509810556326698 ], [ 1.09870434842539, 47.509700100864798 ], [ 1.09848978668464, 47.509659079230303 ], [ 1.09835361938267, 47.509638623572698 ], [ 1.09822221320612, 47.509610970095899 ], [ 1.09817642387856, 47.509607062273297 ], [ 1.09796157148527, 47.509588437277699 ], [ 1.09782779276966, 47.509586028326098 ], [ 1.0976490330642, 47.509582767795898 ], [ 1.09751361509184, 47.509592820502597 ], [ 1.09749390742184, 47.5095942995559 ], [ 1.09734447134348, 47.509616990139897 ], [ 1.09719943241693, 47.509650557344699 ], [ 1.09704992421683, 47.509686473503102 ], [ 1.09683113901765, 47.509743273159501 ], [ 1.09672375412026, 47.509771079840597 ], [ 1.09650532352512, 47.509803330312401 ], [ 1.0964552152264, 47.509804645711696 ], [ 1.09637758564387, 47.509806673007702 ], [ 1.09620233152982, 47.5097911498342 ], [ 1.0959899958036, 47.509765286954199 ], [ 1.09591494653257, 47.509867680595796 ], [ 1.0957749320591, 47.510058333906201 ], [ 1.09567052114579, 47.510201531674603 ], [ 1.09558971750131, 47.510312475064801 ], [ 1.09556874776142, 47.510333715334497 ], [ 1.09539272966313, 47.510510543602997 ], [ 1.09517144047731, 47.510689756003003 ], [ 1.09503490156139, 47.510825224657601 ], [ 1.09497414649942, 47.510899695342196 ], [ 1.09492066885411, 47.510968342224601 ], [ 1.09487299190734, 47.511062925890997 ], [ 1.09485381632133, 47.5111259386996 ], [ 1.09484332652844, 47.511235005777202 ], [ 1.0948563237889, 47.511253667824697 ], [ 1.09487318016219, 47.5112830088813 ], [ 1.0949487507801, 47.511344824463798 ], [ 1.09504027137402, 47.511380464510303 ], [ 1.09516447500111, 47.511423481930201 ], [ 1.09524682268407, 47.511452119685799 ], [ 1.09532027088789, 47.511477640537102 ], [ 1.09536433604662, 47.5114926864401 ], [ 1.0956263990013, 47.511556910415798 ], [ 1.09571506566403, 47.511580158562303 ], [ 1.0959725217044, 47.511632700086999 ], [ 1.09615139684201, 47.511617974641403 ], [ 1.09644492430088, 47.511482251138801 ], [ 1.09649285610021, 47.511508155768198 ], [ 1.09652864503932, 47.511546269755598 ], [ 1.09657274002946, 47.511593352494501 ], [ 1.09662103540694, 47.511627717915097 ], [ 1.0967588547539, 47.511752389648898 ], [ 1.09688446261572, 47.511862455103298 ], [ 1.09697446812664, 47.511888443394099 ], [ 1.09705984981259, 47.511878168382303 ], [ 1.09714960270083, 47.5118421497627 ], [ 1.09726157761085, 47.511812445692101 ], [ 1.09742202616428, 47.511727671179798 ], [ 1.09764694421942, 47.5115797313168 ], [ 1.09785206784576, 47.511468168861498 ], [ 1.09819278777693, 47.511338271735802 ], [ 1.09828227140056, 47.5113131429002 ], [ 1.09865447525465, 47.511208600752198 ], [ 1.09891485502892, 47.5111149649479 ], [ 1.09902101510822, 47.511076790480303 ], [ 1.09909987183831, 47.511048507281103 ], [ 1.09936867769538, 47.510952945987903 ], [ 1.09965451882035, 47.510823752253899 ], [ 1.09983644324216, 47.510743655732497 ], [ 1.09989983218573, 47.510710068431202 ], [ 1.09998499948343, 47.5106649777412 ], [ 1.1002113963383, 47.510545042077702 ], [ 1.10049835730691, 47.510395794308799 ] ] ], [ [ [ 1.10132365991942, 47.511214846839302 ], [ 1.10091939321214, 47.5102331268955 ], [ 1.10055320781227, 47.510431975745597 ], [ 1.10028102252717, 47.510576800390801 ], [ 1.09988511103349, 47.510789272058602 ], [ 1.09941953453258, 47.510997166552102 ], [ 1.09914587934227, 47.511094179561901 ], [ 1.09913714667909, 47.511137221046901 ], [ 1.09965990717297, 47.511452762458397 ], [ 1.10017395690351, 47.511766394542398 ], [ 1.10132365991942, 47.511214846839302 ] ] ], [ [ [ 1.14270387487717, 47.507506087921897 ], [ 1.14270855898618, 47.507397204510603 ], [ 1.14270682702257, 47.5072740914555 ], [ 1.14271400964222, 47.507154100836999 ], [ 1.14271500276796, 47.506913078051099 ], [ 1.14271814661641, 47.5065599709758 ], [ 1.14271722238557, 47.506503536806001 ], [ 1.14271734861904, 47.506447848708397 ], [ 1.14271922324801, 47.506335678997303 ], [ 1.14272388191065, 47.5061747066284 ], [ 1.14272885697408, 47.505762345871702 ], [ 1.14220002980158, 47.505924757970803 ], [ 1.14127790616622, 47.506173131784102 ], [ 1.14104360595943, 47.506230846526002 ], [ 1.14081292607715, 47.506306347577699 ], [ 1.14061550201035, 47.506387331135301 ], [ 1.1404319352632, 47.506474487217197 ], [ 1.14022966603478, 47.5065694301436 ], [ 1.14001299145626, 47.506665133212799 ], [ 1.13983993943046, 47.506733025458502 ], [ 1.13978145591219, 47.506753296326401 ], [ 1.13971623130041, 47.5067763498419 ], [ 1.13965339755964, 47.506799432491597 ], [ 1.13945850447709, 47.506865615836197 ], [ 1.13924710508528, 47.506924962285098 ], [ 1.13906468625093, 47.506965250409301 ], [ 1.13885692891263, 47.507004683307898 ], [ 1.13857571046928, 47.507052171430701 ], [ 1.13752219974413, 47.507241511162697 ], [ 1.1367624801255, 47.507376725344898 ], [ 1.13661564480975, 47.507401758547601 ], [ 1.13642147932797, 47.507461375552502 ], [ 1.13628028208284, 47.5075221456379 ], [ 1.13613818825893, 47.507608256681998 ], [ 1.13602787070784, 47.507700377390599 ], [ 1.135940224402, 47.507801243490398 ], [ 1.13580195458232, 47.507991889559101 ], [ 1.13578050964953, 47.508027256600698 ], [ 1.13575332542215, 47.5080633421776 ], [ 1.13565876065385, 47.508205209962199 ], [ 1.13554340828173, 47.508371569261797 ], [ 1.13519486613883, 47.508883482513298 ], [ 1.1350194254934, 47.509103732393498 ], [ 1.13489415709122, 47.509219734644198 ], [ 1.13475842784933, 47.509317110965597 ], [ 1.13463098182432, 47.509397971214902 ], [ 1.13447596327941, 47.509477219358097 ], [ 1.13429037141742, 47.509550206159403 ], [ 1.1341331055897, 47.509595940742898 ], [ 1.13398578384249, 47.5096270857007 ], [ 1.13380258305598, 47.509658547243703 ], [ 1.13356113713635, 47.509684996696997 ], [ 1.13352541701048, 47.509681525212798 ], [ 1.13321437586204, 47.509682809252404 ], [ 1.13285367300724, 47.509676084423603 ], [ 1.13230061657188, 47.509656920184497 ], [ 1.1320746167213, 47.5096375673144 ], [ 1.13184897006406, 47.509608486260198 ], [ 1.13183807774464, 47.509615956085398 ], [ 1.13141647680287, 47.509908824476597 ], [ 1.13097654466386, 47.510212733473203 ], [ 1.13083685800491, 47.510289971774498 ], [ 1.13031987056203, 47.510550043974099 ], [ 1.13014951711626, 47.510638476686999 ], [ 1.13004659681067, 47.510689967126901 ], [ 1.12996562396711, 47.5107446910107 ], [ 1.12988797467758, 47.510836628000298 ], [ 1.12982513039087, 47.510911442698998 ], [ 1.12951381004604, 47.511276207022199 ], [ 1.12938710768027, 47.511406118794604 ], [ 1.1293197466761, 47.511484642425003 ], [ 1.12928986339857, 47.511544525990402 ], [ 1.12924021546486, 47.511658062654497 ], [ 1.12917809773182, 47.511798303262999 ], [ 1.12910189948567, 47.511971776897703 ], [ 1.12901533861168, 47.512174770516403 ], [ 1.12905404133162, 47.512396207784697 ], [ 1.12955541236378, 47.512439363557398 ], [ 1.1299046725679, 47.512462203014799 ], [ 1.13032762902901, 47.512495606137101 ], [ 1.13055034452558, 47.512514198172603 ], [ 1.13063256191005, 47.512495032911197 ], [ 1.13070525108705, 47.512475084459297 ], [ 1.13079179442519, 47.5124321457157 ], [ 1.13098116307858, 47.512320723540697 ], [ 1.13114575092934, 47.512204572675898 ], [ 1.13120252285871, 47.512162047557503 ], [ 1.13131068086397, 47.5120637739358 ], [ 1.13152730006202, 47.511785087156198 ], [ 1.13160281090324, 47.511682039848097 ], [ 1.13173354210772, 47.5115618247073 ], [ 1.13177534964766, 47.5115850952172 ], [ 1.131663283389, 47.511677363915197 ], [ 1.13160685143003, 47.511751652049298 ], [ 1.13146491043153, 47.5119325187705 ], [ 1.13133638135978, 47.512098833730398 ], [ 1.13120781801077, 47.512203344089599 ], [ 1.13112121423565, 47.512273897636902 ], [ 1.13100568057919, 47.512351982723096 ], [ 1.13088502471662, 47.512421089518803 ], [ 1.1307764307394, 47.512479314677996 ], [ 1.13062519204485, 47.512537828060999 ], [ 1.13053936799721, 47.512553333829104 ], [ 1.13015858458012, 47.5125285498073 ], [ 1.12905403213398, 47.512444343400396 ], [ 1.12906425297618, 47.512463317008901 ], [ 1.12919040207262, 47.512696990075902 ], [ 1.12931253444683, 47.513246938378998 ], [ 1.12939170793627, 47.513616961866397 ], [ 1.12957767682187, 47.513712418753798 ], [ 1.12972495663371, 47.513786635081203 ], [ 1.1298090027361, 47.513831923797298 ], [ 1.1299812333871, 47.513921225844598 ], [ 1.13016469879992, 47.514015741167 ], [ 1.13089905815237, 47.514395716264701 ], [ 1.13112822309891, 47.514515994260201 ], [ 1.1314020735875, 47.514657526576798 ], [ 1.13200103558038, 47.5149285621168 ], [ 1.13228252550691, 47.515060400308897 ], [ 1.13263212052546, 47.515218819615001 ], [ 1.13272430332489, 47.515259212247898 ], [ 1.13288155823942, 47.515322428213501 ], [ 1.13308632072167, 47.5154014598263 ], [ 1.13331334836047, 47.515473563448303 ], [ 1.13356562981036, 47.515542217358401 ], [ 1.13405617204994, 47.515666594299297 ], [ 1.134895058165, 47.515877031928802 ], [ 1.13581160746725, 47.5147750253916 ], [ 1.13555661322585, 47.514682039993197 ], [ 1.13609342761908, 47.513841212974803 ], [ 1.13666183278273, 47.512947629625103 ], [ 1.13678245077414, 47.512987393308698 ], [ 1.13700458959165, 47.513047454365001 ], [ 1.13718077789269, 47.512771145585397 ], [ 1.13741973045141, 47.5122857663224 ], [ 1.13720868265974, 47.512226720670498 ], [ 1.13777213090744, 47.511114137011901 ], [ 1.13784286675613, 47.510981053038002 ], [ 1.13793779495481, 47.510802759089302 ], [ 1.13782588292569, 47.510760785568003 ], [ 1.13777599519706, 47.510740899698703 ], [ 1.13761983428227, 47.510677788596801 ], [ 1.13753253622968, 47.510645320288901 ], [ 1.13750325964025, 47.510632336699601 ], [ 1.13726142296519, 47.510535612106104 ], [ 1.13724832994944, 47.510530351523698 ], [ 1.13724715304968, 47.510529801470199 ], [ 1.13715174146241, 47.510494492941199 ], [ 1.13730176987749, 47.510294426114001 ], [ 1.13732885109456, 47.510261300901497 ], [ 1.13745181898378, 47.510093350968702 ], [ 1.13757007129585, 47.509942874443603 ], [ 1.1376006125527, 47.509902349111002 ], [ 1.13765348412083, 47.509830783522197 ], [ 1.13771207462681, 47.5097552664894 ], [ 1.13784848726085, 47.5095793463245 ], [ 1.13790027758441, 47.509508663749401 ], [ 1.13805076581102, 47.509329204590202 ], [ 1.13811262135258, 47.509262554504602 ], [ 1.13817113303486, 47.5091896471586 ], [ 1.13818352796538, 47.509177158491298 ], [ 1.13828240461013, 47.509055967992502 ], [ 1.13839079864638, 47.508905675274299 ], [ 1.13847938792154, 47.508756245584301 ], [ 1.13850337864467, 47.508716416722898 ], [ 1.13852833738227, 47.5086758829963 ], [ 1.13868382015499, 47.5087174804871 ], [ 1.13892321581484, 47.5083788709969 ], [ 1.13918939645906, 47.508511349078503 ], [ 1.13923814184429, 47.508533467161001 ], [ 1.13933784974429, 47.5085819705753 ], [ 1.13961608303371, 47.508704204398697 ], [ 1.13966587076574, 47.5087307509257 ], [ 1.13977375574391, 47.508557515505402 ], [ 1.13988719129621, 47.508370241223503 ], [ 1.1400211826484, 47.5081573992871 ], [ 1.14023379488534, 47.508135140476099 ], [ 1.14030395627232, 47.508129903453998 ], [ 1.14036990305222, 47.508123959836198 ], [ 1.14044550496942, 47.508115126900599 ], [ 1.14063954982812, 47.508095614399302 ], [ 1.14090141485279, 47.5080693951952 ], [ 1.14114797461831, 47.508043831641402 ], [ 1.14247328742501, 47.507904506162198 ], [ 1.14254731234019, 47.5078128634565 ], [ 1.14259908647821, 47.507745861260098 ], [ 1.14264690474051, 47.5076634260598 ], [ 1.14268807653306, 47.507581046964901 ], [ 1.14270387487717, 47.507506087921897 ] ] ], [ [ [ 1.07980986091945, 47.512914129755501 ], [ 1.07987721460314, 47.512863087279499 ], [ 1.07950683532972, 47.512667787228601 ], [ 1.07867905979126, 47.512245764645698 ], [ 1.07861504074747, 47.512169559915499 ], [ 1.07859534884744, 47.512138368780498 ], [ 1.07858146009191, 47.512082889929097 ], [ 1.07857215658568, 47.511967473615798 ], [ 1.07855877733856, 47.511804213739502 ], [ 1.07853148547654, 47.511528063718103 ], [ 1.07852871763306, 47.511430124268202 ], [ 1.07849786402488, 47.511370034604802 ], [ 1.07844172587506, 47.511303855315802 ], [ 1.07837672340766, 47.5112620933089 ], [ 1.07746793656661, 47.510808282042198 ], [ 1.07746051175848, 47.510804467807802 ], [ 1.07620242674098, 47.510164617949798 ], [ 1.07560039246607, 47.509866874439801 ], [ 1.07553566334078, 47.510077665864202 ], [ 1.07550125413179, 47.510189650397102 ], [ 1.07544458531646, 47.510329315427001 ], [ 1.07540352493637, 47.510430754168503 ], [ 1.07534466290403, 47.510576325705699 ], [ 1.07524485798898, 47.510768709189698 ], [ 1.07521812740334, 47.510820177000099 ], [ 1.07519983834868, 47.510855324524101 ], [ 1.0750973342672, 47.511052885736802 ], [ 1.07498592150452, 47.511261626991796 ], [ 1.07498411387336, 47.511263848184903 ], [ 1.07476689422094, 47.511543604332502 ], [ 1.07464300985644, 47.511672685924303 ], [ 1.07502654068439, 47.511925080853302 ], [ 1.07513778812462, 47.511998313065597 ], [ 1.07516813922716, 47.512018353588203 ], [ 1.07546918323174, 47.5122168087087 ], [ 1.07563242016716, 47.512324475794202 ], [ 1.07595446966457, 47.512536872835298 ], [ 1.07590655223426, 47.512565120220998 ], [ 1.07583052580316, 47.512609993434403 ], [ 1.07578897008818, 47.512634663098098 ], [ 1.07567468972349, 47.512702189415599 ], [ 1.07546531972524, 47.512825781160601 ], [ 1.07539514000702, 47.512867338062001 ], [ 1.0750120224902, 47.513093624620801 ], [ 1.0747061450439, 47.513274517300601 ], [ 1.07486006346632, 47.513418471481799 ], [ 1.0751756131683, 47.513703373099197 ], [ 1.07521578780329, 47.513737424321697 ], [ 1.07615782021363, 47.514537058211602 ], [ 1.0765052971471, 47.514448997509298 ], [ 1.07708511125622, 47.514302055636399 ], [ 1.07711354514379, 47.514294889268697 ], [ 1.07724905248575, 47.514268023641101 ], [ 1.07735582157898, 47.514246806562703 ], [ 1.07759067757295, 47.5142132507832 ], [ 1.07766236599995, 47.514202935049802 ], [ 1.07774000469924, 47.514186441497998 ], [ 1.07781375283855, 47.5141705860472 ], [ 1.07790332987534, 47.514151407968399 ], [ 1.07807962898321, 47.514113715852098 ], [ 1.07823089577225, 47.514081364334601 ], [ 1.07829649622975, 47.514066994969198 ], [ 1.07868288068688, 47.513982648925797 ], [ 1.07882560119283, 47.513951398315903 ], [ 1.07897520819311, 47.513917127598198 ], [ 1.0788595153724, 47.513827537378397 ], [ 1.07905558990317, 47.513720990548201 ], [ 1.0788805282685, 47.513584419163998 ], [ 1.07894649293938, 47.513553226590901 ], [ 1.07904478955251, 47.513505855174103 ], [ 1.07888591774389, 47.513384047428303 ], [ 1.07894893060032, 47.513349924844903 ], [ 1.07904876166047, 47.513289792753 ], [ 1.0791334520361, 47.513355929064801 ], [ 1.07917601555878, 47.5133860654241 ], [ 1.07930059364389, 47.513295942854 ], [ 1.07933125332733, 47.513271182412502 ], [ 1.07931425749664, 47.513256675635198 ], [ 1.07940420328164, 47.513190527577002 ], [ 1.07955094699857, 47.513082689634899 ], [ 1.07957078964928, 47.513091939820001 ], [ 1.07968166704269, 47.513009136578702 ], [ 1.07980986091945, 47.512914129755501 ] ] ] ] } }
]
}
