{"type":"FeatureCollection","features":[{"type":"Feature","properties":{"OBJECTID":1644,"ZON_CO_ID":12,"ZON_DS_NOM":"Calatayud","CAL_DS_NOM":"D.O.Calatayud","TPR_DS_DES":"Denominación de Origen","TPR_DS_GRU":"CALIDAD DIFERENCIADA","FAM_DS_NOM":"Vinos"},"geometry":{"type":"Polygon","coordinates":[[[-1.8172590699999773,41.55205132999998],[-1.8162407099999882,41.55200481000003],[-1.8156618099999946,41.55218798999999],[-1.8144281400000182,41.552769739999974],[-1.8136935399999743,41.552942299999984],[-1.8112961499999756,41.552899500000024],[-1.8090272499999855,41.55238960999998],[-1.8069984800000043,41.55186415999998],[-1.8042049499999848,41.55054709000001],[-1.8031394700000192,41.54980641999998],[-1.802858399999991,41.549443199999985],[-1.8025879699999905,41.54850363999998],[-1.8014332800000261,41.54675322000003],[-1.8011142600000198,41.54584917],[-1.8006488999999988,41.54378166999999],[-1.8001441200000272,41.54319994000002],[-1.7999508300000002,41.542630470000006],[-1.7998148199999946,41.5415572],[-1.7997738600000162,41.53988143999999],[-1.7974690500000179,41.53939796999998],[-1.7967605499999877,41.53946260999999],[-1.7948943600000007,41.53989340999999],[-1.7943175199999928,41.53996842999999],[-1.7931182500000205,41.539991859999986],[-1.7880356100000085,41.53932587999998],[-1.7851105400000051,41.539322019999986],[-1.782837270000016,41.5397213],[-1.7773319300000026,41.54241003999999],[-1.7743907400000012,41.54325239999997],[-1.7745265899999936,41.544947190000016],[-1.7701349100000243,41.54703496000002],[-1.7672900100000106,41.54784214],[-1.7664681900000119,41.54818460000001],[-1.7654797299999814,41.549092710000025],[-1.762708009999983,41.54919801],[-1.7593687599999726,41.54763079000003],[-1.7572655299999838,41.546013800000026],[-1.754280470000026,41.54474750000003],[-1.753600860000006,41.54455098],[-1.750867019999987,41.54456633000001],[-1.7491615900000284,41.54409743000002],[-1.7480913100000066,41.54488741],[-1.7399617799999874,41.54122272000001],[-1.739327220000007,41.54117973000001],[-1.7371354300000235,41.541687079999974],[-1.736295460000008,41.54111039999998],[-1.7353282199999853,41.54029811999999],[-1.7350871699999857,41.539133549999974],[-1.7335039999999822,41.536098719999984],[-1.7332910399999832,41.53533977000001],[-1.7337776900000108,41.53312937999999],[-1.7337029400000006,41.53266019],[-1.7335206700000185,41.53217179000001],[-1.733112819999974,41.53157282000001],[-1.7309991299999865,41.52932473999999],[-1.7304785300000276,41.528976709999995],[-1.7285304700000097,41.52929745],[-1.7278674799999862,41.52948827],[-1.7273770200000058,41.52943779999998],[-1.7228713599999992,41.52693786999998],[-1.7214117999999985,41.527408019999996],[-1.720194020000008,41.527772760000005],[-1.719367869999985,41.52772752999999],[-1.7183489999999892,41.528337669999985],[-1.7140588099999832,41.53010918000001],[-1.713055250000025,41.531151780000016],[-1.7109292600000003,41.533785050000006],[-1.7101316600000018,41.53410936],[-1.70755711999999,41.53397235],[-1.703457329999992,41.53398020999998],[-1.6998403499999881,41.533822240000006],[-1.699339010000017,41.53251954000001],[-1.6989340000000084,41.531794390000016],[-1.6981560500000228,41.53113705999999],[-1.696935979999978,41.53041166999998],[-1.6966669899999829,41.52948089],[-1.6961701399999924,41.528556519999995],[-1.695292189999975,41.527510740000025],[-1.6941073500000243,41.52503832999997],[-1.6936866600000258,41.52450212999997],[-1.6927632499999845,41.52393317999997],[-1.6889540999999895,41.52204332000002],[-1.687950160000014,41.52131129000003],[-1.6875229899999908,41.52109925000002],[-1.6864546300000143,41.52059164999997],[-1.6861478299999817,41.52035396000002],[-1.6849443799999904,41.518232520000026],[-1.6832642499999793,41.516573979999976],[-1.6821550799999727,41.51512912999999],[-1.680795929999988,41.514194799999984],[-1.6800073900000143,41.51407766],[-1.6784061100000258,41.513266629999976],[-1.677189960000021,41.512964409999995],[-1.6778260799999885,41.51173775000001],[-1.678547760000015,41.50807113000002],[-1.6789893800000186,41.506977329999984],[-1.6799144700000284,41.50508745000002],[-1.679581349999978,41.50438107000002],[-1.6795547400000146,41.503921400000024],[-1.6800982799999815,41.50075712],[-1.6796900200000096,41.500211999999976],[-1.6796684400000004,41.50009466],[-1.6795268199999782,41.49939948000002],[-1.6791187499999864,41.49884535000001],[-1.6789436600000158,41.49861815999998],[-1.6787729199999717,41.49640943000003],[-1.6785959299999718,41.49568682],[-1.6783095000000117,41.495044010000015],[-1.6776775700000144,41.494307160000005],[-1.6772199299999784,41.49324804999998],[-1.6765773399999944,41.49244801999998],[-1.6761125799999945,41.49174011000002],[-1.6744969100000162,41.489902029999996],[-1.6763640099999861,41.487041239999996],[-1.6759903299999905,41.48656856000002],[-1.6748481500000025,41.48560063000002],[-1.674772169999983,41.48462697000002],[-1.6751045500000146,41.48242404000001],[-1.6753661100000272,41.48193165999999],[-1.6757831599999804,41.481450069999994],[-1.6762096100000008,41.48109470000003],[-1.676065489999985,41.480525580000005],[-1.6759123900000077,41.480397719999985],[-1.6756174299999884,41.48017814000002],[-1.6753056800000081,41.47960710000001],[-1.6750236099999825,41.47934264000003],[-1.6735929100000249,41.478434419999985],[-1.6718918299999928,41.477865329999986],[-1.6712711999999783,41.47775908],[-1.6698718999999755,41.47707636000001],[-1.6693868699999825,41.47678251999997],[-1.6691886599999748,41.476519010000004],[-1.668489980000004,41.47496167999998],[-1.6668153800000027,41.47427572999999],[-1.666571690000012,41.473894599999994],[-1.6665545800000245,41.47356113000001],[-1.6688291500000219,41.471849099999986],[-1.668890499999975,41.471192289999976],[-1.6686596999999779,41.47076627000001],[-1.66850058,41.469764629999986],[-1.667538219999983,41.46822225],[-1.6671929199999909,41.46695722999999],[-1.666888340000014,41.46545850000001],[-1.6670568900000262,41.464829940000016],[-1.6672825200000148,41.464337160000014],[-1.667590109999992,41.463935400000025],[-1.6679930999999897,41.46355276000003],[-1.668463499999973,41.46221613],[-1.6682583400000226,41.46170934999998],[-1.6678106300000195,41.46135287999999],[-1.6667480400000159,41.460034510000014],[-1.665826509999988,41.459429339999986],[-1.664714349999997,41.459362380000016],[-1.6638874600000122,41.459397809999984],[-1.663328349999972,41.45922016999998],[-1.6630797500000085,41.45908216999999],[-1.6629491799999983,41.45902661000002],[-1.6620431900000199,41.45825044999998],[-1.6615677099999857,41.458082779999984],[-1.6608520899999917,41.45794834999998],[-1.6596810400000095,41.457835620000026],[-1.6573318200000244,41.457375850000005],[-1.6550960000000146,41.45722361000003],[-1.6541976799999816,41.457240119999994],[-1.653265690000012,41.457148140000015],[-1.6512374600000044,41.45622364000002],[-1.6505854299999783,41.45475680999999],[-1.6502315700000167,41.45450045000001],[-1.6495786599999747,41.45423156999999],[-1.6491023099999893,41.45410887999998],[-1.6488400999999726,41.45405176000003],[-1.6482227399999942,41.45380130000001],[-1.6476674699999876,41.453443489999984],[-1.6474610000000212,41.453008710000006],[-1.646427010000025,41.45149233000001],[-1.6450435400000174,41.450088919999985],[-1.6440874300000132,41.44886165999998],[-1.643800409999983,41.44827280999999],[-1.6437162999999941,41.44771336000002],[-1.6431376400000204,41.44618430999998],[-1.6425239899999724,41.44518627000002],[-1.641877969999996,41.44459316000001],[-1.640976760000001,41.44360972999999],[-1.6404422400000271,41.44283779],[-1.6398695699999735,41.442173490000016],[-1.639314259999992,41.44182463999999],[-1.6382021599999916,41.441198980000024],[-1.6378873300000123,41.44308676999998],[-1.6374585799999863,41.444126530000005],[-1.6372950800000012,41.444502899999975],[-1.635891239999978,41.44580130999998],[-1.6353504900000075,41.44647042999998],[-1.6349658799999816,41.447114390000024],[-1.634598589999996,41.448073799999975],[-1.6348632400000156,41.44972526999999],[-1.6350532499999986,41.45151096000001],[-1.634206909999989,41.45190624000003],[-1.6325258100000042,41.452714920000005],[-1.630912120000005,41.45373153999998],[-1.6305380599999921,41.454438659999994],[-1.6305190799999991,41.45477169999998],[-1.63063274000001,41.45562874000001],[-1.6304425800000217,41.45613087999999],[-1.6291752999999858,41.45604371000002],[-1.6280199299999936,41.45632717000001],[-1.6249892600000067,41.45696650000002],[-1.6231334999999945,41.45752976],[-1.6224489200000107,41.45762965],[-1.6220261500000106,41.45780472000001],[-1.6216322299999888,41.45831341000002],[-1.6204000600000086,41.45826260000001],[-1.619604939999988,41.45792879999999],[-1.6174546999999961,41.456569890000026],[-1.6167956799999956,41.45603053999997],[-1.6158492100000217,41.455496719999985],[-1.614670349999983,41.45519429000001],[-1.6097338899999727,41.45536888999999],[-1.6092039499999942,41.45551560000001],[-1.6089002900000082,41.45571909],[-1.6082369499999913,41.45594525000001],[-1.6079936699999848,41.45556399999998],[-1.6070103999999787,41.45451625999999],[-1.6066565200000014,41.45426878000001],[-1.6031799599999772,41.455595689999996],[-1.6013966500000265,41.45612345000001],[-1.5990550000000212,41.456446210000024],[-1.5984644100000196,41.45662816999999],[-1.5980043199999727,41.45686575000002],[-1.5975177600000166,41.45722009999997],[-1.5964338200000157,41.45640522999997],[-1.5961081899999954,41.45595989999998],[-1.5956365700000106,41.45451299000001],[-1.5969268000000056,41.454087389999984],[-1.597805610000023,41.45386393000001],[-1.598084589999985,41.45369619000002],[-1.5991247000000044,41.45209657999999],[-1.5992156600000271,41.45176442000002],[-1.5989569999999844,41.451545090000025],[-1.5982898500000147,41.45139284999999],[-1.5969650000000115,41.45120555],[-1.5962844800000084,41.45000829000003],[-1.5963495699999726,41.44976588999998],[-1.5970671599999946,41.44924322000003],[-1.5965261299999725,41.44879526],[-1.594704400000012,41.447782210000014],[-1.5945326600000271,41.44741981999999],[-1.5944258100000184,41.446824040000024],[-1.5942258599999946,41.446659469999986],[-1.5934559199999967,41.44628075000003],[-1.5925529900000015,41.44596345999997],[-1.5913016299999754,41.445704939999985],[-1.5912466699999754,41.445479079999984],[-1.5912921199999914,41.445038280000006],[-1.5909092800000053,41.44447514000001],[-1.590856649999978,41.444141230000014],[-1.5909458799999925,41.44389011999999],[-1.591070860000002,41.442540570000006],[-1.5908823099999836,41.44240315000002],[-1.5891439000000105,41.44197651000002],[-1.5895062999999823,41.44071994000001],[-1.589356969999983,41.44042988000001],[-1.5886084800000049,41.439619049999976],[-1.5886985000000209,41.43933191999997],[-1.5889805599999818,41.43902013000002],[-1.588901480000004,41.43880299],[-1.588442989999976,41.43841904999999],[-1.5880851699999994,41.438360620000026],[-1.587812289999988,41.438249180000014],[-1.5876051000000189,41.437868330000015],[-1.587544830000013,41.43733615999997],[-1.587332570000001,41.43718944],[-1.586676969999985,41.43706429000002],[-1.5864638900000045,41.43640413999998],[-1.5849044000000276,41.436565099999996],[-1.5845465900000022,41.43650665000001],[-1.583747399999993,41.43583027],[-1.5825078500000131,41.435040379999975],[-1.5828617199999826,41.43472947999999],[-1.583169479999981,41.434336959999996],[-1.583319930000016,41.434023560000014],[-1.5834177899999986,41.43337623999997],[-1.5822347800000216,41.432190719999994],[-1.582085310000025,41.43190965000002],[-1.582055099999991,41.431648069999994],[-1.5823257800000192,41.43075969],[-1.582177300000012,41.430433600000015],[-1.5819095599999855,41.43008802000003],[-1.5815564999999765,41.42981344999998],[-1.5787328700000103,41.428679699999975],[-1.5761050500000238,41.42789957999997],[-1.5755478500000208,41.42765849],[-1.5753738999999882,41.42740413000001],[-1.5753933999999958,41.426512660000014],[-1.5749885700000164,41.424778249999974],[-1.5749235900000258,41.42337230999999],[-1.5748887500000137,41.42277739999997],[-1.5748721100000012,41.422443929999986],[-1.574863300000004,41.422299699999996],[-1.5745798400000126,41.42103517999999],[-1.5744596800000181,41.42051127000002],[-1.5741416700000173,41.4197327],[-1.573830629999975,41.418089520000024],[-1.5735783000000083,41.41759099000001],[-1.573368759999994,41.416777739999986],[-1.5732681999999727,41.416452230000004],[-1.5725113500000134,41.41276786999998],[-1.5725171400000022,41.411957289999975],[-1.5721014100000161,41.410727140000006],[-1.5717824000000178,41.41054303999999],[-1.5710196499999824,41.41040745999999],[-1.5691295899999886,41.410392960000024],[-1.5686952500000189,41.40837893999998],[-1.567370559999972,41.40550714],[-1.5669050199999788,41.404915870000025],[-1.5654309500000068,41.40340228000002],[-1.5649447000000123,41.40266661999999],[-1.56468529,41.401951810000014],[-1.5640220999999883,41.401646289999974],[-1.5635183599999891,41.40116261999998],[-1.562935130000028,41.401029230000006],[-1.5625992199999814,41.400529629999994],[-1.5624460899999804,41.39987918999998],[-1.5615271500000176,41.39869675],[-1.560134909999988,41.39836408000002],[-1.5591492899999935,41.39803647999997],[-1.5582248700000036,41.39764659000002],[-1.5569779699999913,41.397234630000014],[-1.5548081000000025,41.39636969999998],[-1.5539409200000023,41.39609759000001],[-1.5531634199999758,41.396096820000025],[-1.5521684700000264,41.39619239000001],[-1.5485447300000033,41.39562429],[-1.5486303700000121,41.39607573000001],[-1.5485501300000237,41.396993459999976],[-1.5481321600000228,41.39857346000002],[-1.5477713099999733,41.39919942],[-1.5464972500000158,41.40054342000002],[-1.5449907899999857,41.401578219999976],[-1.5444294000000127,41.40207551999998],[-1.5440721100000019,41.40253938000001],[-1.5433140299999764,41.40273694000001],[-1.5430171300000097,41.40317454000001],[-1.54214939000002,41.40346077999999],[-1.5419260499999723,41.40381824000002],[-1.5413271300000133,41.404387110000016],[-1.5395961300000067,41.405824310000014],[-1.538673430000017,41.40642509000003],[-1.5382840299999998,41.406717379999975],[-1.5370185300000117,41.40766506],[-1.5358778600000278,41.40838013000001],[-1.534691759999987,41.40951795000001],[-1.53175908999998,41.41170533000002],[-1.5307308100000228,41.41220561],[-1.5298983700000122,41.41251023000001],[-1.5287670999999818,41.412802],[-1.5274991399999749,41.413317199999995],[-1.5269498800000179,41.41379655999998],[-1.5268400900000074,41.41494807999999],[-1.5275172999999995,41.41674919000002],[-1.527595940000026,41.41697538],[-1.5290516300000263,41.41768755999999],[-1.5296876300000122,41.418137049999984],[-1.5282678600000281,41.41954203],[-1.524822830000005,41.42107414999998],[-1.5243689800000197,41.42156373],[-1.5212715200000275,41.426225699999975],[-1.5212558800000124,41.42638763000002],[-1.5215831099999946,41.42778795999999],[-1.5220216899999741,41.42797374000003],[-1.5221523800000227,41.42854287],[-1.5221182399999975,41.428992789999995],[-1.5223381999999788,41.42931987999998],[-1.5232552900000087,41.430043230000024],[-1.5239770900000167,41.43093520999997],[-1.5246485999999777,41.43193461999999],[-1.5260220499999946,41.43259174000002],[-1.526280789999987,41.43279322000001],[-1.5267915700000003,41.433493320000025],[-1.52752688999999,41.43379097000002],[-1.5279014299999858,41.43416506],[-1.5282435400000054,41.43438560999999],[-1.528698630000008,41.434373419999986],[-1.5288391600000182,41.43451033000002],[-1.5289778200000228,41.43525970000002],[-1.5291767599999844,41.43546040000001],[-1.5298510700000065,41.43581130000001],[-1.5304245799999876,41.436386089999985],[-1.5311455400000114,41.43679162000001],[-1.5311702700000183,41.437287330000004],[-1.5312803799999983,41.437712069999975],[-1.5315797100000168,41.438238309999974],[-1.5317404599999804,41.44066329999998],[-1.5312005000000113,41.44178231000001],[-1.5302311400000121,41.442832769999995],[-1.5294254899999942,41.44299360000002],[-1.5283691399999952,41.4431242],[-1.5283215900000187,41.44416842999999],[-1.5277858700000024,41.444566889999976],[-1.5272101699999894,41.44514499000002],[-1.5273125800000003,41.44538047999998],[-1.5277092300000277,41.44636735],[-1.5275213599999802,41.44673424000001],[-1.525780759999975,41.44853138000002],[-1.5238250400000197,41.45030772000001],[-1.5228891799999928,41.45092620999998],[-1.5208474799999863,41.452791460000014],[-1.5189550299999723,41.45440640999999],[-1.517751780000026,41.45624637999998],[-1.5175580800000148,41.45844162999998],[-1.5171227199999748,41.45915659000002],[-1.5149772400000074,41.45925498999998],[-1.514127579999979,41.459235009999986],[-1.5125620000000026,41.45910667999999],[-1.509784599999989,41.45908873000002],[-1.5088769600000091,41.45741964000001],[-1.5089108099999748,41.455420489999995],[-1.5055812400000264,41.453386679999994],[-1.5042410600000267,41.45179300000001],[-1.5029987199999937,41.45063292999998],[-1.5025875000000042,41.450294310000004],[-1.5021851399999946,41.45009090999997],[-1.5005459899999778,41.449529110000014],[-1.498783670000023,41.449118810000016],[-1.4987049599999978,41.448379190000026],[-1.4984638999999902,41.44741227999998],[-1.4980703900000094,41.446308269999975],[-1.497126929999979,41.445692459999975],[-1.496151540000028,41.44490509000002],[-1.4965577899999971,41.443901600000004],[-1.4958203099999992,41.44318039000001],[-1.4955338400000073,41.44159137999998],[-1.4953744300000267,41.441238010000006],[-1.4929842700000222,41.44107159999999],[-1.4929043000000206,41.4398726],[-1.4916500799999994,41.439243669999996],[-1.4896404500000244,41.43764103000001],[-1.4882709899999895,41.43630798999999],[-1.4874434000000178,41.43535135000002],[-1.4866485699999998,41.43401684000003],[-1.4862368799999786,41.43319177000001],[-1.485160570000005,41.431096930000024],[-1.48229077000002,41.430473629999995],[-1.4813632199999915,41.430218190000005],[-1.4810649699999772,41.42863799000003],[-1.4797907099999748,41.42836894999999],[-1.4783900499999731,41.42889986],[-1.477771319999988,41.42823414999998],[-1.4769188399999962,41.42681773999999],[-1.4754227000000242,41.425293710000005],[-1.4760969999999816,41.423582280000005],[-1.474381419999986,41.420190839999975],[-1.4740929100000244,41.41973666000001],[-1.4724372499999845,41.418390620000025],[-1.4710577600000079,41.4175166],[-1.469771040000012,41.41676991000003],[-1.4675867099999778,41.41552485],[-1.4681793899999889,41.414235710000014],[-1.4669513000000052,41.413543800000014],[-1.46611944,41.41279412],[-1.464164970000013,41.41195739],[-1.4618283899999938,41.410584089999986],[-1.4579726700000037,41.408190590000004],[-1.4564207999999894,41.40703486000001],[-1.4544420700000273,41.40521584999999],[-1.4543207699999812,41.40427748000002],[-1.4514085100000216,41.4024819],[-1.4507616800000278,41.40201381999998],[-1.450180429999989,41.401303429999984],[-1.4498095199999739,41.40080303000002],[-1.448814029999994,41.39990690000002],[-1.447968230000015,41.39925598000002],[-1.4474602299999901,41.398987920000025],[-1.4459364300000175,41.39867910999999],[-1.4448375499999884,41.398610210000015],[-1.444194809999999,41.39847542000001],[-1.4422479400000157,41.39735019],[-1.4416332200000284,41.397044619999974],[-1.4399663199999964,41.396220389999996],[-1.439694299999985,41.39609058999997],[-1.4394306899999947,41.395609639999975],[-1.4392003799999884,41.39523722000001],[-1.4390533399999867,41.39488394],[-1.4378490400000032,41.39222848000003],[-1.4372092300000077,41.390976790000025],[-1.4356881599999838,41.388569200000006],[-1.4387612400000194,41.38460275],[-1.4392056600000274,41.384023309999975],[-1.4395753100000093,41.38356895999999],[-1.4484804800000006,41.37270059000002],[-1.4538985899999943,41.366081150000014],[-1.4554305600000248,41.363994030000015],[-1.4560259900000005,41.36308329000002],[-1.4484337600000003,41.36008079999999],[-1.4476761500000066,41.35976433000002],[-1.4470156699999848,41.35938612000001],[-1.4450780399999985,41.357918789999985],[-1.4435818200000199,41.35649341999999],[-1.4430183499999885,41.35555805000001],[-1.4431657700000073,41.35438909999999],[-1.4432050600000252,41.35274129999999],[-1.4429273499999908,41.35185482999998],[-1.4418671600000152,41.34969674000001],[-1.4394861600000013,41.34579135000001],[-1.4388598699999875,41.34499020999999],[-1.4374014399999737,41.34250241000001],[-1.4354176800000005,41.341493660000026],[-1.4350420299999769,41.34120933000003],[-1.4355202899999995,41.340702420000014],[-1.436274200000014,41.34016322000002],[-1.4369383299999754,41.33937959999997],[-1.4363012599999934,41.33853327000003],[-1.43469245,41.33684505000002],[-1.433885939999982,41.33559106000001],[-1.4311667299999726,41.33436505999998],[-1.4302498800000194,41.33422645000002],[-1.430267179999987,41.33350610000002],[-1.4301014499999951,41.33344079],[-1.4298879300000067,41.333374830000025],[-1.4292295399999944,41.332924479999974],[-1.4277201400000195,41.3320842],[-1.427337840000007,41.33158357999997],[-1.427016789999982,41.331020739999985],[-1.4267611299999885,41.330719999999985],[-1.426256570000021,41.330334789999995],[-1.4260549900000115,41.329773579999994],[-1.4261151300000279,41.32926099000002],[-1.426280399999996,41.328848919999984],[-1.426746680000008,41.32834187999998],[-1.4266610899999819,41.32792637],[-1.4256424199999742,41.32606593999998],[-1.4251242199999865,41.32575259999999],[-1.424621650000006,41.32528635],[-1.4242161700000224,41.32475837999999],[-1.4239092999999912,41.32410564999998],[-1.4240213499999754,41.32342262999998],[-1.423521849999986,41.32183951000002],[-1.4234517099999948,41.321280090000016],[-1.423509249999995,41.32087554999998],[-1.4247624600000108,41.31894713999998],[-1.4244551699999874,41.318312419999984],[-1.4241313900000137,41.31836203],[-1.423453870000003,41.31821764],[-1.4229333499999939,41.31800334000002],[-1.4215618299999733,41.31691267000002],[-1.4199884099999736,41.31577417],[-1.4194212400000197,41.31551416999997],[-1.4187652499999786,41.31546913],[-1.416948600000012,41.31549819000003],[-1.4152820400000223,41.31525006999999],[-1.4134141399999862,41.31542249],[-1.4124287000000209,41.3156611],[-1.4095436399999812,41.31491869000001],[-1.4072938599999816,41.316544910000005],[-1.4064312300000097,41.316154659999995],[-1.4040406400000052,41.31473441000003],[-1.4017278000000033,41.31355838000002],[-1.4001639499999783,41.31302324000001],[-1.3951446400000123,41.31504303999998],[-1.3929422900000077,41.315696849999995],[-1.3908002599999918,41.31681084000002],[-1.3899502799999937,41.31736640999998],[-1.3892626400000267,41.31763602000001],[-1.3883031899999878,41.31778471000001],[-1.3874120599999742,41.31806947000001],[-1.3866498599999773,41.318455099999994],[-1.3856567899999845,41.31851323000001],[-1.385319480000021,41.31862560000002],[-1.384945679999987,41.31876447000002],[-1.384009419999984,41.31894046999997],[-1.383632939999984,41.319187390000025],[-1.3831166200000098,41.319774619999976],[-1.3827728499999807,41.320148089999975],[-1.3822596300000214,41.320609260000026],[-1.381752640000002,41.320818299999985],[-1.3775135899999782,41.32216374000001],[-1.376239699999985,41.32246103],[-1.3753545000000145,41.32250257999999],[-1.374448319999999,41.32242673000002],[-1.3739579499999763,41.32244681999998],[-1.3720244900000012,41.32332021000002],[-1.3697186800000054,41.32426935000001],[-1.3687113899999872,41.32537198],[-1.3678160299999718,41.325818649999974],[-1.3669841999999903,41.32611308999998],[-1.3661136100000135,41.32652408000001],[-1.3650338799999986,41.32765266000001],[-1.3641445499999918,41.32881096],[-1.3629157500000133,41.33063996999999],[-1.3615482700000143,41.33227784000002],[-1.360901819999981,41.33280006000001],[-1.3604812400000128,41.33289315000002],[-1.3599549400000228,41.332912669999985],[-1.3564787700000238,41.332385680000016],[-1.3548041700000226,41.33197444000001],[-1.3541764899999862,41.331749290000005],[-1.35311046999999,41.33137375000001],[-1.3522283199999947,41.33128906000002],[-1.3514498200000276,41.33135897],[-1.3499936000000048,41.33129306000001],[-1.3490546900000027,41.331090440000025],[-1.3463034999999763,41.33072668],[-1.3448468500000104,41.33067870999997],[-1.3442287999999962,41.33007534000001],[-1.3433469899999864,41.32903582],[-1.3423384399999918,41.328282709999996],[-1.342130510000004,41.32800049000002],[-1.3419521199999735,41.32702512999998],[-1.341923300000019,41.326277119999986],[-1.3417939000000274,41.325725809999994],[-1.3413747999999828,41.324819049999974],[-1.3411762599999975,41.32416766],[-1.3417025100000046,41.32273408999998],[-1.3417428399999949,41.32208615000002],[-1.341659170000014,41.32161657],[-1.340424110000015,41.31943702000001],[-1.3398291299999983,41.31840161000002],[-1.339584670000022,41.31767751000001],[-1.3403362099999754,41.31631024000001],[-1.3405250499999966,41.31310638000002],[-1.3399338300000068,41.312395289999984],[-1.339415410000015,41.3116402],[-1.339028369999994,41.310887019999996],[-1.338469439999983,41.30890635999998],[-1.3386188700000048,41.308196940000016],[-1.3371296899999834,41.30568942999997],[-1.3365165199999751,41.304905940000026],[-1.3361874199999875,41.30422564000003],[-1.336123079999993,41.303468099999975],[-1.3363549499999863,41.30280491000002],[-1.3364816399999881,41.30205013],[-1.3362428099999875,41.30157830000002],[-1.335509600000023,41.30082009],[-1.3341775800000164,41.2996569],[-1.3334391500000038,41.29910576999998],[-1.3325682600000164,41.29953451],[-1.331380500000023,41.29927409999999],[-1.3287855099999888,41.29893019999997],[-1.3268896700000141,41.29880357000002],[-1.3263712099999907,41.29899418999997],[-1.3241030199999955,41.300348299999996],[-1.3234072899999774,41.30046427000002],[-1.3231092600000238,41.30044191000002],[-1.3221913599999766,41.299906109999995],[-1.3217856499999812,41.29989118999998],[-1.3208338700000013,41.30021056999999],[-1.3201374399999963,41.300353529999995],[-1.318636060000017,41.29789063999999],[-1.3182007400000089,41.29670433000001],[-1.318141149999974,41.296235079999974],[-1.3182482299999947,41.295786280000016],[-1.3196576600000185,41.293455970000025],[-1.3196420400000193,41.29220372999998],[-1.3199613799999952,41.29092936000001],[-1.3199185600000192,41.29027120000001],[-1.3197432800000115,41.289656149999985],[-1.3193142999999736,41.28915448999999],[-1.318728980000003,41.288695570000016],[-1.3174837400000001,41.287893740000015],[-1.3166191400000002,41.28715151],[-1.3150746000000026,41.28452579999998],[-1.3127252400000202,41.28162707000001],[-1.310933069999976,41.27981734000002],[-1.3118908600000054,41.27925492999998],[-1.3135067100000128,41.27863910000002],[-1.3136043000000086,41.27763170999998],[-1.313444430000004,41.27549463999998],[-1.313213840000003,41.275176009999996],[-1.3115942000000018,41.27408939999998],[-1.3098844900000017,41.27279428000003],[-1.306020090000004,41.26941377000003],[-1.3039650000000051,41.26809546999999],[-1.3034412700000075,41.26757433],[-1.3022082599999862,41.26586278000002],[-1.3016506299999833,41.265269079999996],[-1.3011105799999996,41.26491883],[-1.300566329999981,41.26473064999999],[-1.2996629300000109,41.26458220000001],[-1.2987132100000167,41.264838380000015],[-1.297777520000011,41.26455433000001],[-1.2972955199999774,41.263808600000004],[-1.2969684299999926,41.26307416999998],[-1.296577950000028,41.26156417999999],[-1.295292619999998,41.258662809999976],[-1.2947952499999928,41.25805194999998],[-1.2940304599999877,41.25762628000001],[-1.2922386299999857,41.25722141],[-1.2915760999999861,41.256995399999994],[-1.291396930000019,41.25654236999998],[-1.2912077600000202,41.255557769999996],[-1.2908583600000156,41.254309569999975],[-1.2905421400000137,41.25362031999998],[-1.290540309999983,41.25323298000001],[-1.2907604700000093,41.253029079999976],[-1.2913738699999726,41.25284902999999],[-1.29326973000002,41.25246283000001],[-1.29406302000001,41.25224939999998],[-1.2959941699999717,41.25142231000001],[-1.2976146199999903,41.250149239999985],[-1.3005438899999717,41.25040869999998],[-1.3024471599999856,41.250652960000025],[-1.303709920000017,41.25074362999999],[-1.305041249999988,41.25095240000002],[-1.3069349500000271,41.25110637],[-1.3076889100000244,41.25102737999998],[-1.3107293900000059,41.25021635000002],[-1.3108517100000086,41.25010105000001],[-1.310998589999997,41.249959090000004],[-1.3111257799999976,41.24965470000001],[-1.3110836700000164,41.24851016000002],[-1.31122302,41.248196940000014],[-1.3154285200000118,41.243376590000025],[-1.3160923600000274,41.242620680000016],[-1.3183522699999912,41.24244655000001],[-1.3195036999999843,41.242220169999996],[-1.319740109999998,41.24137693],[-1.320707700000014,41.23994085999999],[-1.321124110000028,41.239523589999976],[-1.3218054700000152,41.23901110000003],[-1.3225198999999748,41.238138789999994],[-1.323334980000027,41.23752916000001],[-1.3238671899999872,41.23724867999999],[-1.3265971499999978,41.236883060000025],[-1.3270242500000222,41.237447729999985],[-1.3281473399999868,41.237391979999984],[-1.3294367400000056,41.238770810000005],[-1.33055367999998,41.24036330000001],[-1.3308808200000044,41.241106650000006],[-1.3311233100000095,41.241425419999985],[-1.3327725500000156,41.242737369999986],[-1.3335966399999961,41.24365003999998],[-1.334220689999995,41.24445171999997],[-1.3363477699999748,41.246220900000026],[-1.3371764699999744,41.246485080000014],[-1.3379379900000004,41.24704552999998],[-1.338503849999995,41.247792300000015],[-1.3387727599999835,41.24801235000001],[-1.3391740600000048,41.24818928000002],[-1.3394542199999933,41.248436519999984],[-1.33989274999999,41.24902832999999],[-1.3404031800000098,41.25008054],[-1.340672569999981,41.250282579999975],[-1.3410626300000104,41.250432320000016],[-1.3413324800000055,41.25061635999998],[-1.3415436700000214,41.25123189999999],[-1.3419388400000116,41.25165192999998],[-1.3420502600000077,41.252437180000015],[-1.342318760000012,41.25267523000002],[-1.3430124500000034,41.253090550000024],[-1.3440297500000042,41.253924859999984],[-1.3457343399999786,41.25590396000001],[-1.3456618399999911,41.25593894999997],[-1.3457360400000198,41.256309320000014],[-1.3458843399999978,41.25658167],[-1.346873560000006,41.25758668999998],[-1.34741415000002,41.25839610000003],[-1.3485814000000005,41.25991707999998],[-1.348668470000007,41.260251600000004],[-1.3485749499999997,41.260646580000014],[-1.348609070000009,41.26118751000001],[-1.3487771599999974,41.26162227999998],[-1.3492948599999863,41.262395319999996],[-1.3508931700000062,41.263868419999994],[-1.3522173900000212,41.26485115999998],[-1.352819199999999,41.26513],[-1.3530695800000103,41.26514258999998],[-1.3534787099999903,41.26501332999999],[-1.3541864000000032,41.26487933999999],[-1.3546900900000196,41.26478745999998],[-1.3574543500000118,41.26499808],[-1.3589590899999848,41.264974499999994],[-1.361712329999989,41.265148839999995],[-1.3623495400000252,41.265446139999995],[-1.3647358200000212,41.26597547],[-1.365479779999987,41.26630129],[-1.3670787500000188,41.267287780000004],[-1.3675777700000253,41.267862320000006],[-1.3685817200000088,41.26925467000001],[-1.3690143200000193,41.269621099999995],[-1.3695205500000043,41.26990749999999],[-1.3710552200000166,41.270604779999985],[-1.3746028699999897,41.271492609999996],[-1.3744616600000086,41.26900460000002],[-1.3741177100000073,41.268432270000005],[-1.3734350600000198,41.26755793000001],[-1.373755420000009,41.26475216],[-1.3745168300000046,41.264375599999994],[-1.3781124500000033,41.26283202000002],[-1.379181630000005,41.262558850000005],[-1.3817498500000056,41.261523109999985],[-1.38456524999998,41.26062588999997],[-1.3865715200000182,41.26059098000002],[-1.3872795799999835,41.25995237000001],[-1.3875410200000147,41.259514679999995],[-1.3875068099999908,41.25896475000002],[-1.387277019999999,41.25860123000001],[-1.3866470799999888,41.25800693000002],[-1.3860083199999735,41.25728638999999],[-1.3859668000000056,41.2570336],[-1.386190450000015,41.25667643999998],[-1.3872215600000004,41.25551994],[-1.3875123500000086,41.25534385999998],[-1.3881354700000088,41.2552445],[-1.3897248399999853,41.25516766999999],[-1.3904802999999788,41.25502511000002],[-1.3912021799999934,41.25479200000001],[-1.3925058300000046,41.25419771000003],[-1.3928228999999988,41.25392290999997],[-1.3930356700000175,41.25352055000002],[-1.3927019899999777,41.25106589000001],[-1.3927881500000012,41.25047260000002],[-1.3929883199999722,41.25009709],[-1.3931014400000095,41.249864479999985],[-1.3939999699999817,41.248751089999985],[-1.3951264699999797,41.24758684],[-1.3955705199999784,41.24699853999999],[-1.3963441899999793,41.24659498],[-1.398655930000018,41.24576244999997],[-1.3992044999999962,41.245779089999985],[-1.401054180000017,41.24774138999999],[-1.4029306499999734,41.24811872999999],[-1.4036206499999935,41.248209359999976],[-1.4044234200000005,41.24758997999999],[-1.405522019999978,41.24707375999998],[-1.4072388999999816,41.24616076000001],[-1.412240020000013,41.24514897],[-1.4153206500000124,41.24458793000002],[-1.4169648600000073,41.244205220000026],[-1.4174553199999878,41.24366251999999],[-1.4178763599999797,41.243028779999975],[-1.418580239999983,41.242543049999995],[-1.4205239099999858,41.241614949999985],[-1.421010200000012,41.241243310000016],[-1.4226490300000023,41.23909499000001],[-1.4243642700000123,41.23624511999998],[-1.42597188000002,41.23439357000001],[-1.4279896300000132,41.23185403000002],[-1.4286655000000223,41.23103458000003],[-1.4293835500000114,41.22945005999998],[-1.4302943999999798,41.228282509999985],[-1.4311263399999916,41.227420129999985],[-1.4323437900000044,41.22640087000002],[-1.4330276100000106,41.22574363000001],[-1.4361871099999917,41.221327910000014],[-1.4365876200000116,41.220540700000015],[-1.437060410000015,41.219223020000015],[-1.4377104700000132,41.218475220000016],[-1.4397495499999877,41.21650323],[-1.4406706799999824,41.21538978000001],[-1.4416358400000036,41.214430040000025],[-1.4456795500000226,41.20989992],[-1.4489941300000169,41.20642271000003],[-1.4499628600000278,41.20530081999999],[-1.449853389999987,41.20438058000002],[-1.4495552800000269,41.203367730000025],[-1.4492460899999742,41.20130986999999],[-1.448856420000027,41.19811597],[-1.4485762300000147,41.196851149999986],[-1.448287760000028,41.19593751000002],[-1.4482189899999867,41.19531506999999],[-1.4484829400000194,41.19423773],[-1.4486581099999967,41.19287996000003],[-1.4496054900000104,41.18962299999998],[-1.4496709800000076,41.18785842],[-1.4502592800000116,41.187181769999995],[-1.450508780000007,41.187725580000006],[-1.4506831400000237,41.188421500000004],[-1.4519083700000124,41.191581600000006],[-1.4524139999999761,41.19239005999998],[-1.453354939999997,41.19294315000002],[-1.4552658000000065,41.193833530000006],[-1.4567502900000022,41.194601060000025],[-1.4602925699999787,41.19661212],[-1.4634488899999951,41.19779824],[-1.4649931800000218,41.198566459999995],[-1.4667021100000284,41.19943594],[-1.469078109999998,41.20034128999998],[-1.471300670000005,41.200668070000006],[-1.4722856199999796,41.200879310000005],[-1.473587049999992,41.20132892999999],[-1.4743626399999812,41.20182562000002],[-1.474988479999979,41.203635410000004],[-1.4752319599999737,41.20393588000002],[-1.4762630100000251,41.204733180000005],[-1.4802574500000105,41.20426355000001],[-1.4816072599999757,41.20417327000001],[-1.48224313999998,41.20401052],[-1.4849304599999869,41.20281189000002],[-1.485697679999987,41.20264184000001],[-1.4873582800000236,41.20251954999998],[-1.488275090000002,41.202585639999995],[-1.4890704000000028,41.20274920999998],[-1.4898249699999724,41.203128419999985],[-1.4905725200000006,41.20381378000002],[-1.4914300799999864,41.20438349],[-1.4923879300000067,41.20526075999999],[-1.4932307700000251,41.20543393000003],[-1.4952560500000232,41.20605490999998],[-1.4959531499999912,41.206343249999975],[-1.496634610000001,41.20679352000002],[-1.4972079500000177,41.207278410000015],[-1.497848509999983,41.20795332],[-1.4980760700000246,41.20843368999999],[-1.4980891999999812,41.208902249999994],[-1.4982273499999792,41.209120229999996],[-1.4989483499999778,41.20888643000001],[-1.5003595100000098,41.20820223999999],[-1.5017484399999717,41.20744567999998],[-1.5028147900000022,41.20671192999998],[-1.5042402500000094,41.205919789999996],[-1.5044270999999867,41.20557093000002],[-1.504482180000025,41.205247369999995],[-1.5046665699999835,41.20500657000002],[-1.5051737100000082,41.204733920000024],[-1.5055100199999742,41.2046302],[-1.5057762299999808,41.204462509999985],[-1.5059488499999816,41.203690110000025],[-1.5064896499999918,41.20298552999998],[-1.506925439999975,41.20270295],[-1.5076440899999852,41.20256813999998],[-1.5089770100000237,41.20269351000002],[-1.509202930000015,41.202723460000016],[-1.509971930000006,41.20247218999998],[-1.510791480000023,41.202095480000025],[-1.511153859999979,41.201892989999976],[-1.5112625900000012,41.20183135000002],[-1.5130500199999801,41.20084560999999],[-1.5147401699999818,41.199939649999976],[-1.5155944100000056,41.19960838999998],[-1.5164225500000157,41.199375859999975],[-1.5170225400000277,41.199212450000005],[-1.5187313600000039,41.19853187000001],[-1.5187794600000188,41.19851447000002],[-1.5205420300000014,41.197564320000026],[-1.520834040000011,41.197306860000026],[-1.5246002900000235,41.19422057999998],[-1.52496339999999,41.19398202999997],[-1.5252513400000112,41.19390464999998],[-1.526444500000025,41.19387489000002],[-1.5267572800000266,41.19375279000002],[-1.5274438499999974,41.19238343000001],[-1.5276493299999743,41.19172850000001],[-1.529805490000001,41.18916189999999],[-1.5302437000000282,41.18876215],[-1.5309024800000088,41.18756354999999],[-1.5310925599999905,41.18706156000002],[-1.5311765600000058,41.18650416000003],[-1.5309115800000086,41.18502354999998],[-1.5311774400000218,41.184864800000014],[-1.5327293899999859,41.18424506000002],[-1.5353058000000033,41.18366536000002],[-1.5366938999999888,41.18343980999998],[-1.5370445799999857,41.18321907000001],[-1.5379977499999882,41.18217729999998],[-1.5383257899999876,41.18190222999999],[-1.538878679999982,41.18170207999998],[-1.5391228799999794,41.181443960000024],[-1.5391290800000093,41.181164799999976],[-1.5394073200000093,41.180447730000026],[-1.5413369899999907,41.17784198999999],[-1.5413928599999736,41.17747338999999],[-1.5412741000000096,41.175841520000006],[-1.541400679999981,41.17550984000002],[-1.5426091400000246,41.174237070000004],[-1.5430519600000139,41.173621149999974],[-1.5433755999999903,41.173003730000005],[-1.5443073700000127,41.17076362],[-1.5442537700000116,41.17049272000003],[-1.5430096900000194,41.16961225],[-1.5424067700000137,41.16884799000002],[-1.5402091899999846,41.167964419999976],[-1.5393278299999906,41.167394779999995],[-1.5390472299999942,41.167148010000005],[-1.5388234200000284,41.167028070000015],[-1.5385878899999739,41.166898979999985],[-1.5383761900000081,41.166770180000015],[-1.5373088000000052,41.16599099000001],[-1.5348880399999985,41.163897469999995],[-1.5347308500000167,41.16346311000001],[-1.534375300000022,41.162837060000015],[-1.5336326299999996,41.16246731000001],[-1.5325374600000146,41.16133640999999],[-1.5319715399999723,41.16105897],[-1.5316675700000246,41.16079388000003],[-1.5312155400000051,41.16022063999998],[-1.5303272699999866,41.15943464999998],[-1.5296309099999803,41.159128510000016],[-1.529203979999977,41.159032980000006],[-1.5289046899999903,41.15909220999998],[-1.5283030900000085,41.15934573999999],[-1.527268709999987,41.160296319999986],[-1.5265806599999792,41.16068385],[-1.5253662900000222,41.161154710000005],[-1.5261454199999775,41.159363180000014],[-1.5264850899999942,41.15856585],[-1.5267726399999901,41.15743457999997],[-1.5275547400000278,41.15124737999997],[-1.528099549999979,41.14340874999999],[-1.5280619499999943,41.14242644000001],[-1.5283156599999757,41.13747551],[-1.5286888300000214,41.135705789999975],[-1.5286312599999974,41.135083529999974],[-1.5283683499999938,41.134053300000005],[-1.5280569999999898,41.133058489999996],[-1.5274999499999922,41.13133091999998],[-1.527043849999984,41.129352419999975],[-1.5262912700000015,41.12784753],[-1.5208346900000151,41.12786763999998],[-1.5164539599999785,41.12825265999999],[-1.5125144400000181,41.12756230000002],[-1.5148723699999778,41.127070290000006],[-1.5177946200000179,41.12690977],[-1.5208364100000153,41.12566980999998],[-1.5219134899999744,41.12544944000001],[-1.523174240000003,41.12500623],[-1.524497150000002,41.12444670000002],[-1.5262733600000047,41.123325480000005],[-1.5285393600000248,41.12213843000001],[-1.530206910000004,41.12161026000001],[-1.5351799100000108,41.117602180000006],[-1.535434099999975,41.11581289999998],[-1.5378771800000095,41.11414150000002],[-1.538245580000023,41.11364175],[-1.5384905999999887,41.11279815],[-1.5385655100000122,41.11210550999999],[-1.5383444099999792,41.10972469000001],[-1.5387036299999863,41.108026800000005],[-1.539198639999995,41.10718637000002],[-1.5423823300000095,41.10431724],[-1.5445263799999793,41.10267793999998],[-1.54662608000001,41.10088490999999],[-1.5470112099999938,41.10070060999999],[-1.551500830000009,41.09960417999997],[-1.5522071500000152,41.09943291000002],[-1.5528020200000014,41.09999886000003],[-1.5575330400000098,41.106363569999985],[-1.5594687399999998,41.10879283999998],[-1.560210770000026,41.11026135999998],[-1.5606308499999955,41.11229333],[-1.5633705999999847,41.113912889999995],[-1.566011059999994,41.11408091999999],[-1.5658474800000022,41.11612360999999],[-1.5662524800000028,41.11666911999998],[-1.5685176599999977,41.11712066000001],[-1.5751926500000195,41.116347710000014],[-1.5760336199999756,41.11656528999998],[-1.5772560400000089,41.11676956000002],[-1.5805873200000065,41.11694578999999],[-1.586319059999994,41.11682714],[-1.5874070400000164,41.118858209999985],[-1.587662650000027,41.11915859999999],[-1.589341040000022,41.12032313999998],[-1.5908876400000054,41.11985566999999],[-1.5914131600000019,41.11979004],[-1.5921278499999971,41.11978977000001],[-1.5955962799999952,41.11912953000001],[-1.600343070000008,41.11884504],[-1.6029793899999731,41.1203453],[-1.6049396999999885,41.12171121],[-1.6049968500000205,41.122387479999986],[-1.605577530000005,41.12252962000002],[-1.6065185200000087,41.12478392000003],[-1.6080084499999998,41.125306369999976],[-1.6091915200000244,41.126257469999985],[-1.6096451600000137,41.126776380000024],[-1.6098162000000116,41.12713874999997],[-1.6098756100000173,41.128274429999976],[-1.6103846400000066,41.12899218000001],[-1.6109610199999906,41.12934143000001],[-1.6123969399999964,41.12847599000003],[-1.613056169999993,41.12828576999999],[-1.614739659999998,41.12810787000001],[-1.6153962299999876,41.12804369999998],[-1.6177629200000183,41.12936924000002],[-1.6190955199999735,41.12774583999999],[-1.619137290000026,41.127458090000005],[-1.6189531599999896,41.12714962000001],[-1.6187697699999717,41.12623765000001],[-1.6191676999999913,41.12600822000002],[-1.6209269099999801,41.125623959999984],[-1.622162650000007,41.12520639000002],[-1.6231322200000022,41.12498378999999],[-1.6239603800000282,41.124687429999994],[-1.6250700300000176,41.124601600000005],[-1.6313752199999954,41.122713050000016],[-1.6364303799999789,41.12077333000002],[-1.6443309200000158,41.11773197000002],[-1.6469529699999725,41.11765472000002],[-1.6480453099999863,41.11724419000001],[-1.6487516000000255,41.117072329999985],[-1.6511493099999939,41.11747876999999],[-1.654208830000016,41.11755961],[-1.655168709999998,41.11663403],[-1.656078330000014,41.116419459999975],[-1.670555850000028,41.11141713000001],[-1.6875134399999752,41.10555850999998],[-1.6912907600000153,41.10425034999997],[-1.717265999999995,41.09802109999998],[-1.7200172400000042,41.09431348999999],[-1.7224341500000264,41.09370978999999],[-1.7234894499999882,41.09393769000002],[-1.7237656899999934,41.093814640000005],[-1.7242043599999874,41.09329704999999],[-1.7247787900000162,41.09191621999997],[-1.7258810399999902,41.09094657000003],[-1.7262830899999813,41.090473610000004],[-1.7271663399999966,41.088510670000005],[-1.7272504499999854,41.087854040000025],[-1.72793329000001,41.08763639],[-1.7289358500000276,41.08689081],[-1.7291146399999775,41.08626222999999],[-1.7307592899999804,41.084938220000026],[-1.732468879999999,41.08394817999999],[-1.7328930900000046,41.083556509999994],[-1.732978829999979,41.083431340000004],[-1.7339469699999768,41.08199173000003],[-1.7350160600000208,41.08335466],[-1.735038309999993,41.08343596999998],[-1.735123509999994,41.083959359999994],[-1.7349703099999942,41.084498139999994],[-1.7360534499999858,41.085131579999995],[-1.7369646199999806,41.08604236000002],[-1.7377402199999779,41.08719485],[-1.738324700000021,41.08838128000002],[-1.7382657200000153,41.08959669000001],[-1.7381216699999982,41.090279699999996],[-1.738739819999978,41.090953049999996],[-1.7394893300000263,41.093474430000015],[-1.7404864200000247,41.094881550000025],[-1.7418650299999854,41.09626580999998],[-1.7439503800000011,41.099306179999985],[-1.7456919599999878,41.10164916999997],[-1.7465461699999878,41.103694229999974],[-1.7466651500000125,41.10432607000001],[-1.7466082700000243,41.10481186999999],[-1.7463343300000247,41.10543944],[-1.7456940999999802,41.10654041999999],[-1.744321990000003,41.109173750000025],[-1.744178820000002,41.10981174],[-1.7438955000000078,41.11217768],[-1.744045540000002,41.11305306999998],[-1.74329898000002,41.11535090000001],[-1.7429125099999965,41.11687798999998],[-1.742568179999978,41.11931532],[-1.7428765299999895,41.12063382000002],[-1.7435385599999904,41.12214533000002],[-1.7452776100000165,41.124650429999974],[-1.7455764599999952,41.125221169999975],[-1.751572909999993,41.12435856000002],[-1.7560796399999958,41.12352457999998],[-1.7640138099999945,41.122222850000014],[-1.768497439999976,41.121334090000005],[-1.7730423400000177,41.120346729999994],[-1.7761065299999927,41.11955064],[-1.7795705500000167,41.11902893000001],[-1.7806133099999784,41.118679670000006],[-1.7812005200000272,41.11848772000002],[-1.7866826599999968,41.118329440000025],[-1.7868627799999786,41.118250269999976],[-1.7912800199999879,41.11640510000001],[-1.7921177599999965,41.11618870000001],[-1.7961319099999855,41.11552814999999],[-1.8055490300000088,41.113797680000005],[-1.8074837099999854,41.11351148],[-1.809050090000028,41.11514908999999],[-1.8096832200000108,41.11570511000002],[-1.807612430000006,41.119556999999986],[-1.8083722800000146,41.127590750000024],[-1.8086617499999988,41.129368269999986],[-1.8100615299999845,41.13365240000002],[-1.8118188400000008,41.13464338],[-1.814267330000007,41.13629001999999],[-1.814818119999984,41.136800119999975],[-1.8152491499999996,41.13734502],[-1.8156417000000147,41.13804264999999],[-1.8180253599999787,41.143309629999976],[-1.8187279900000135,41.144658979999974],[-1.8205772000000024,41.14785766],[-1.8221643100000051,41.15039604999998],[-1.8227009500000122,41.15104108999998],[-1.8220298100000036,41.15191698000001],[-1.8217734599999744,41.15225664000002],[-1.8210293500000034,41.15321284999999],[-1.8213880700000118,41.153811029999986],[-1.821468579999987,41.15397399],[-1.8211593899999912,41.154601360000015],[-1.8203544500000248,41.15429585999999],[-1.8198182500000257,41.15429037000001],[-1.8192544899999916,41.154491759999985],[-1.821036079999999,41.15682499000002],[-1.8211252799999897,41.1571682],[-1.8207978899999944,41.16013736999997],[-1.8208064599999716,41.16231730999999],[-1.8211017300000094,41.16379759],[-1.8216642099999945,41.16500137000003],[-1.8245229799999834,41.164445090000015],[-1.8264222000000245,41.16422125999998],[-1.8291187599999716,41.164068559999976],[-1.8295940099999939,41.16415447000003],[-1.830836369999986,41.16467152000001],[-1.831228049999993,41.164765569999986],[-1.8351349999999798,41.16424669000003],[-1.8360631300000136,41.164337149999994],[-1.8366334099999904,41.16444199],[-1.836823460000005,41.16447993999998],[-1.8399488800000086,41.16366476000002],[-1.8434484800000064,41.16393416],[-1.8454156500000067,41.16390887],[-1.8459218799999917,41.16358967000002],[-1.8489137000000255,41.162908019999975],[-1.8500179100000196,41.16315324999999],[-1.8531493500000238,41.16334662000003],[-1.854175199999986,41.16330278999999],[-1.8552153100000055,41.163123970000015],[-1.8543078700000137,41.16252945000002],[-1.8556480999999962,41.160858340000004],[-1.8561377799999832,41.159430989999976],[-1.8586685999999872,41.157825720000005],[-1.8588856000000078,41.15768374999999],[-1.8595829999999864,41.157330349999995],[-1.868744310000011,41.15409688],[-1.8693928700000129,41.15380599000002],[-1.8733826700000122,41.151178819999984],[-1.8774598599999877,41.14969632999998],[-1.882125369999983,41.14584137999998],[-1.8857294599999932,41.14552500000002],[-1.890059650000012,41.15231358],[-1.8980132099999878,41.16483858999999],[-1.8994471299999987,41.166761940000015],[-1.899470220000012,41.166807199999994],[-1.899739210000007,41.16711602999999],[-1.8999567600000091,41.16764956999998],[-1.9000604199999884,41.168578360000026],[-1.9003353100000027,41.16924755000002],[-1.9004262899999844,41.16950964],[-1.9020603100000244,41.17159701000003],[-1.9026540400000158,41.172449400000005],[-1.9029214199999842,41.172857290000024],[-1.9043171100000222,41.17566297000002],[-1.9057882600000084,41.17752353999998],[-1.9068875500000217,41.178092460000016],[-1.9082672600000024,41.179006319999985],[-1.9095571700000278,41.17958601999999],[-1.9103942699999834,41.18015242000001],[-1.9111279800000034,41.18048363999998],[-1.9147721900000079,41.18145483000001],[-1.9183707500000082,41.18230839],[-1.9203291499999864,41.18284920999997],[-1.9215839199999891,41.18340143],[-1.9262216199999784,41.184156359999974],[-1.927843810000013,41.18338781],[-1.928920870000013,41.18387523000001],[-1.9307706499999995,41.18450495000002],[-1.932404550000001,41.18521370000002],[-1.9335022999999865,41.185899440000014],[-1.9342313700000204,41.186527720000015],[-1.9361203099999784,41.1884278],[-1.9366860200000247,41.188838369999985],[-1.9372226400000159,41.189572940000005],[-1.9377684300000055,41.19047875000001],[-1.9375561300000186,41.191071299999976],[-1.9379271000000244,41.19393917000002],[-1.9384494799999743,41.19629499000001],[-1.9387664600000107,41.1973428],[-1.939476930000012,41.19913287000003],[-1.941524099999981,41.20530394999997],[-1.9424787799999876,41.20749258000001],[-1.9426047399999788,41.20781800999998],[-1.9441091200000074,41.209948610000026],[-1.9448138800000265,41.211369279999985],[-1.9455650200000036,41.212132800000006],[-1.946364889999984,41.212833709999984],[-1.9486396300000024,41.21454793999999],[-1.949790749999977,41.215666380000016],[-1.951268529999993,41.217247180000015],[-1.951807140000028,41.21713498999998],[-1.9534399300000018,41.216483270000026],[-1.9557404600000154,41.21584659000001],[-1.9567574399999899,41.21565764000002],[-1.9581717300000037,41.215238080000006],[-1.959647490000009,41.214701950000006],[-1.9611989300000232,41.21390525999999],[-1.9619264799999883,41.21391182000002],[-1.9632773700000143,41.21372581999998],[-1.9683287099999802,41.212618220000024],[-1.9697521100000017,41.212369739999986],[-1.970722990000013,41.21207217],[-1.971416999999974,41.211934240000005],[-1.973324429999991,41.21200532],[-1.9755040800000074,41.21221388999999],[-1.9764910499999928,41.21241183000001],[-1.9777023999999983,41.212755879999975],[-1.9779848200000174,41.212812429999985],[-1.9788440199999968,41.2129822],[-1.9842958300000078,41.21372401000002],[-1.9906176399999822,41.21452725],[-1.9929287599999839,41.21472763999998],[-1.9947173099999986,41.214779299999975],[-1.995589300000006,41.21475088],[-1.997283340000024,41.214693590000024],[-1.999128369999994,41.214952849999975],[-2.001712380000015,41.21838919999999],[-2.002275059999988,41.21904262999999],[-2.004030740000019,41.22048103999998],[-2.0058139600000118,41.22246912999998],[-2.0076038400000016,41.22471397999999],[-2.009022019999975,41.226496199999985],[-2.0104568900000004,41.227868709999996],[-2.0143774000000008,41.23216296999999],[-2.014797699999974,41.23277909000001],[-2.015525249999996,41.234388679999995],[-2.015827619999982,41.23491371],[-2.016428210000015,41.23703563999999],[-2.0172610700000178,41.238790240000014],[-2.0173110200000224,41.241826249999974],[-2.017038819999982,41.24326515000001],[-2.0167401400000244,41.2440823],[-2.0162758800000233,41.24479894000001],[-2.0155823100000134,41.245684770000025],[-2.013635469999997,41.24737055000003],[-2.013366700000006,41.247782599999994],[-2.0142038100000264,41.24925802000001],[-2.014706530000012,41.24995590999998],[-2.0148596399999974,41.25009233999998],[-2.0151773900000194,41.250392309999995],[-2.0159452400000077,41.250921319999975],[-2.018502080000019,41.252339329999984],[-2.0197951000000103,41.25287279999998],[-2.020840480000004,41.25320597000001],[-2.0249385700000175,41.25453787999999],[-2.025817449999977,41.25483356000001],[-2.0317675499999837,41.25605478],[-2.0361416200000235,41.25731653999998],[-2.0376119300000255,41.25798641],[-2.0390200800000002,41.258826880000015],[-2.0403126900000075,41.25859445999998],[-2.044056000000012,41.25811219000002],[-2.0448930599999926,41.25801104999999],[-2.047056390000023,41.257821809999996],[-2.0481569300000046,41.257659769999975],[-2.0491880800000217,41.257344020000005],[-2.0502888699999744,41.257163950000006],[-2.052237709999986,41.25694582],[-2.0535319300000197,41.25659617000002],[-2.0550791100000083,41.25608643999999],[-2.0564365999999836,41.25548506000001],[-2.0574602699999787,41.25485391000001],[-2.0579064300000027,41.256199700000025],[-2.057912559999977,41.2574338],[-2.0577868799999806,41.25953156000003],[-2.057917159999988,41.26043339],[-2.0583246799999984,41.261148330000026],[-2.0588531299999886,41.26175617000001],[-2.0597716099999843,41.262637419999976],[-2.062554030000001,41.26507416999999],[-2.0648345500000005,41.26672310999999],[-2.065935319999994,41.26738961000001],[-2.066388150000023,41.26828504000002],[-2.067219410000007,41.26943576000002],[-2.069596470000022,41.27439119000002],[-2.0701341299999854,41.27520621999997],[-2.0699761399999943,41.27876297],[-2.070187560000022,41.280692320000014],[-2.0702041900000268,41.28204360000001],[-2.0712231499999803,41.28344801999998],[-2.071606700000018,41.28418973999999],[-2.0740501199999812,41.287893559999986],[-2.0746899399999847,41.28909672999998],[-2.0761870200000203,41.29133365000001],[-2.07781872999999,41.29334643999999],[-2.078108400000019,41.29397929999999],[-2.0788849200000072,41.294814229999986],[-2.0803604899999755,41.296051069999976],[-2.0845906800000193,41.29931856000002],[-2.0849863199999845,41.29921361999999],[-2.085847860000001,41.29910337000001],[-2.0879836700000283,41.29926445000001],[-2.0892807000000175,41.29961702000003],[-2.092322980000006,41.29987526000002],[-2.093757040000014,41.29982352000002],[-2.0953961299999833,41.29962925000001],[-2.0966542799999957,41.299341889999994],[-2.096633499999996,41.29998125999998],[-2.096580510000024,41.301223900000025],[-2.0960113099999944,41.30438111000001],[-2.0954516499999727,41.305980069999976],[-2.095155250000005,41.307545059999995],[-2.0950955100000215,41.30840932000001],[-2.095167160000017,41.30927462],[-2.0953969600000164,41.30993397999998],[-2.0954887899999903,41.31020493],[-2.0958971499999848,41.311775469999986],[-2.0962683100000277,41.31517425999999],[-2.097441070000002,41.31936300000001],[-2.0975553200000263,41.32060695000001],[-2.0978706899999793,41.32113185999998],[-2.0986471800000004,41.32287642],[-2.0988984800000026,41.32371610000001],[-2.099014010000019,41.32486997000001],[-2.099886280000021,41.326606260000005],[-2.10084353000002,41.32911786],[-2.101174370000024,41.33112913999997],[-2.1022419999999897,41.33344342999999],[-2.102264909999974,41.33351567],[-2.103737130000013,41.337706690000005],[-2.1037297699999726,41.33998556],[-2.1031580399999825,41.34158445000003],[-2.1035795799999732,41.34309201000002],[-2.103484939999987,41.346505149999984],[-2.1043158300000187,41.34867344999998],[-2.09606986,41.353716229999975],[-2.0962840000000256,41.354654700000026],[-2.096634090000009,41.35959359999998],[-2.0966512599999874,41.360944870000026],[-2.0969456299999933,41.36300090999998],[-2.0970350299999723,41.36518145000002],[-2.097539270000027,41.36762646],[-2.0990620200000194,41.37338521999999],[-2.098221330000001,41.375378309999974],[-2.09766621,41.378337439999996],[-2.0892509399999994,41.377208199999984],[-2.0867202700000007,41.37688186999998],[-2.067910559999973,41.38265790999998],[-2.0674900899999784,41.382789609999975],[-2.0671988199999873,41.38392219999997],[-2.0656857299999842,41.384351279999976],[-2.064154770000016,41.38435685000002],[-2.0633995599999935,41.384476810000024],[-2.061945190000017,41.38497838000001],[-2.0591078499999753,41.38434268999998],[-2.056640870000024,41.38456568999999],[-2.052345559999992,41.38550318],[-2.051678489999972,41.38531753000001],[-2.0465196000000105,41.38314008999998],[-2.0456027999999833,41.38204257000001],[-2.0450474900000017,41.381578579999996],[-2.0435254399999963,41.38098043999997],[-2.0418237900000236,41.38039880000002],[-2.0388716799999997,41.38027507999999],[-2.038584309999976,41.381110379999996],[-2.034189519999984,41.38634296999999],[-2.0320293099999844,41.38683823000002],[-2.0292704500000127,41.384157759999994],[-2.0251137600000106,41.38379831999998],[-2.0281978900000013,41.381491470000014],[-2.020854789999987,41.376709240000025],[-2.01821369999999,41.37500231000001],[-2.0153666400000247,41.37427537999997],[-2.014762580000024,41.371513900000025],[-2.013139439999975,41.37051816000002],[-2.0139800399999785,41.369489499999986],[-2.0146122500000274,41.36483801000003],[-2.0095200900000236,41.36238924999998],[-2.007763060000002,41.35999611],[-1.9997888799999828,41.35452249000002],[-1.9945492499999773,41.348540809999974],[-1.991739759999973,41.343922350000014],[-1.9823342000000252,41.338480000000004],[-1.9745689000000084,41.33979820000002],[-1.970931520000022,41.340053950000026],[-1.9681068699999855,41.339456659999996],[-1.9675484900000129,41.339339059999986],[-1.9664127400000098,41.33945496000001],[-1.9628559399999972,41.33981026999999],[-1.9577665900000056,41.34192611999998],[-1.950604539999972,41.345815370000025],[-1.9488708200000247,41.34659220999998],[-1.9404976800000213,41.34991127000001],[-1.941803020000009,41.35123838999999],[-1.9415781999999808,41.35330805000001],[-1.9429690499999879,41.355266459999996],[-1.944210720000001,41.35906103000002],[-1.9431493399999908,41.358898150000016],[-1.9403874999999857,41.35890877999998],[-1.9342506400000161,41.3562129],[-1.9357855000000086,41.35812769],[-1.9367033199999923,41.36049615000002],[-1.9322019699999942,41.363057630000014],[-1.9318235999999729,41.36499072999999],[-1.9281042999999727,41.36722602999998],[-1.9282573099999922,41.36810118],[-1.9270906099999934,41.369972870000026],[-1.9264824100000055,41.37132731999998],[-1.9256213499999717,41.37423770999999],[-1.925579780000021,41.37530921000001],[-1.9214079100000276,41.37882810999997],[-1.9199760600000104,41.379355120000014],[-1.9196385700000178,41.37951408999999],[-1.919539929999985,41.37969330999999],[-1.9195243899999923,41.37990933999998],[-1.9196532400000024,41.38007269000002],[-1.9199734000000035,41.38023783],[-1.9205092500000092,41.380377969999984],[-1.9219315799999777,41.38042733999998],[-1.9224922399999969,41.38051366000002],[-1.9232644200000095,41.380827150000016],[-1.9236388799999986,41.38132605999999],[-1.9242828000000145,41.38289037999999],[-1.924482370000021,41.38311743000003],[-1.924886860000015,41.38324732000001],[-1.9271623299999874,41.38233179000002],[-1.9274023799999895,41.38227998999997],[-1.927604620000011,41.38234491999998],[-1.927692879999995,41.38279612000002],[-1.9278558400000065,41.38306785999998],[-1.928187410000021,41.38326912000002],[-1.9297803399999793,41.38313083000003],[-1.9299818499999901,41.38324079],[-1.930047390000027,41.383619710000005],[-1.9296968900000024,41.384571240000014],[-1.92884454,41.38622068000001],[-1.9287792800000148,41.386553349999986],[-1.9288222299999802,41.38685099999998],[-1.9338280399999803,41.390122210000015],[-1.9348363500000119,41.390635970000005],[-1.9354262300000187,41.39113685000001],[-1.9356583699999987,41.39157136],[-1.9357105199999864,41.39204023000002],[-1.9355804900000066,41.39267855999998],[-1.9348551599999837,41.39387885000002],[-1.9348637400000257,41.39408610999999],[-1.93505171999999,41.394295020000015],[-1.9353479299999776,41.39446891],[-1.9368835800000284,41.394924479999986],[-1.9370944600000257,41.39519666000001],[-1.9369673799999987,41.39565486999999],[-1.9365852999999902,41.39634490999998],[-1.936557999999991,41.39655183000002],[-1.93669564999999,41.396913410000025],[-1.9374713999999926,41.397758280000005],[-1.9375254899999845,41.39811006999997],[-1.937329420000026,41.39839649999999],[-1.9357678100000157,41.39952600999999],[-1.9356935399999884,41.39967845000001],[-1.9359064899999794,41.39982454],[-1.9368619100000046,41.39992345000002],[-1.937747179999974,41.39992262999999],[-1.9380431199999748,41.40011451999999],[-1.9382710599999768,41.40081020000002],[-1.9382527899999786,41.401197360000026],[-1.9376631599999996,41.40140809000002],[-1.9377048499999887,41.40178679000002],[-1.9382883999999763,41.402683920000015],[-1.9388515599999891,41.40336468999999],[-1.938978010000028,41.40368111999999],[-1.9383989500000212,41.40471163000001],[-1.9381188400000156,41.4050153],[-1.9380318799999827,41.40521266000002],[-1.938087429999996,41.4054744],[-1.9387089599999854,41.40624577],[-1.9386564199999725,41.40653352999999],[-1.9378767499999867,41.40739105],[-1.9372949199999994,41.40785405999998],[-1.9373853299999837,41.40817916999998],[-1.9376775000000066,41.40860522000003],[-1.9380423299999734,41.408977900000025],[-1.9381791399999884,41.40939350999997],[-1.9380278099999941,41.40986951000002],[-1.9374425799999813,41.41053965999998],[-1.9372083800000155,41.41096084999998],[-1.9371670599999788,41.41129375000003],[-1.9373050400000125,41.41163731],[-1.937790829999983,41.41193003000001],[-1.938848969999981,41.41234514000001],[-1.9390381800000114,41.41248200000001],[-1.9391181099999812,41.41271692999999],[-1.9390417899999761,41.41299545999999],[-1.9387982700000066,41.413254429999995],[-1.9386707099999967,41.413739659999976],[-1.9394730000000209,41.41590886],[-1.9398788500000137,41.416705260000015],[-1.9399014599999873,41.416786530000024],[-1.9399218699999778,41.4170029],[-1.9396708599999783,41.41772119000001],[-1.9397621800000024,41.41799225],[-1.93973225000002,41.41836128],[-1.9394404099999747,41.41864683],[-1.9365241300000093,41.41989896000001],[-1.9422925999999734,41.41986208999998],[-1.947191939999982,41.421032990000015],[-1.950272439999992,41.422205099999985],[-1.9524953200000255,41.42313512999999],[-1.9536858899999743,41.424262899999974],[-1.9508961000000227,41.426579419999996],[-1.9487403800000038,41.42964029000001],[-1.9494810799999982,41.43269157999998],[-1.949015289999977,41.43337188999999],[-1.9488087899999869,41.43578401000002],[-1.9523988000000259,41.44550879000002],[-1.9522271600000067,41.44947951],[-1.9529569000000038,41.45174702000003],[-1.9514989699999887,41.45603928999998],[-1.952171519999979,41.45963038000002],[-1.952485050000007,41.46023673000002],[-1.9532756400000153,41.462450750000016],[-1.95667044999999,41.46655296],[-1.9572310199999947,41.468188380000015],[-1.9614158599999882,41.473099260000026],[-1.9650578200000268,41.47678910000002],[-1.9666285900000275,41.478937970000004],[-1.9699783300000036,41.481454059999976],[-1.9652081400000156,41.48465390000001],[-1.959751439999991,41.486559279999994],[-1.9577392799999984,41.48803628000002],[-1.9535931099999857,41.48812473999999],[-1.9482986699999856,41.49032828999998],[-1.9455993099999773,41.490573789999985],[-1.9424379999999815,41.49196792999999],[-1.9423899399999982,41.49197650000002],[-1.9316453999999794,41.49554318999998],[-1.9296450599999844,41.496974780000016],[-1.9257381699999883,41.49849662999998],[-1.9238782400000218,41.500118569999984],[-1.9238174500000014,41.50017205],[-1.9237437799999952,41.500279449999994],[-1.9231051500000262,41.50049865],[-1.922824549999973,41.50080227000001],[-1.9167213800000127,41.502519389999975],[-1.9142461800000206,41.502937410000015],[-1.9130794700000138,41.50320562000002],[-1.9126332000000161,41.50338154000002],[-1.9117440399999737,41.50424684000001],[-1.9086672600000156,41.5069469],[-1.9074753099999953,41.50799845],[-1.906976670000006,41.50843507000002],[-1.9058971900000188,41.50920844000001],[-1.9053237699999954,41.50981546999998],[-1.9011246399999777,41.50940609999998],[-1.8993312999999716,41.50916375999998],[-1.8982360699999958,41.50873892999999],[-1.8942696299999966,41.508745869999984],[-1.8926408400000128,41.508694160000005],[-1.8906566300000236,41.508404799999994],[-1.8891121899999916,41.50832682999999],[-1.888057109999977,41.50836167],[-1.8867043600000102,41.508285520000015],[-1.8855876800000146,41.50841881000002],[-1.8846298299999944,41.50837349],[-1.883560760000023,41.50852523999998],[-1.8811295400000176,41.507753990000026],[-1.8789332200000217,41.50865133000002],[-1.8786177000000066,41.50957600999999],[-1.8779158199999983,41.510668039999985],[-1.8770858500000145,41.51084909000002],[-1.875586329999976,41.510942520000015],[-1.8744088999999917,41.51112014],[-1.8740773000000104,41.51158527000001],[-1.8739820399999871,41.512241870000025],[-1.8731952399999727,41.51338708999998],[-1.872872789999974,41.51401443999998],[-1.8723034000000212,41.514369139999985],[-1.8716685200000143,41.5143539],[-1.8709757600000216,41.51422100000002],[-1.8683071199999972,41.51400560000002],[-1.866910589999975,41.51368559000002],[-1.8664697799999885,41.513537120000024],[-1.8654877600000077,41.513500410000006],[-1.864832540000009,41.51327777],[-1.8645402399999966,41.51286055000003],[-1.8646704399999976,41.51226735],[-1.8639931600000068,41.511936400000025],[-1.8624522999999726,41.51165093999998],[-1.8616181799999936,41.51138147],[-1.8608688599999823,41.512427890000026],[-1.8595553800000175,41.51489185999998],[-1.8587093099999947,41.51666690000002],[-1.858291950000023,41.51723020999998],[-1.85730159000002,41.518346269999995],[-1.8555372600000055,41.520535489999986],[-1.854193099999975,41.52199927999999],[-1.8518804000000273,41.52468737999999],[-1.854187109999998,41.527097319999996],[-1.8547094900000047,41.52738175000002],[-1.8565391299999874,41.528985250000005],[-1.857670799999994,41.53006835999997],[-1.860245060000011,41.53228268999999],[-1.8600143099999968,41.53313608000002],[-1.8629248400000051,41.53532666000001],[-1.8636843599999793,41.53576651999998],[-1.865186059999985,41.53626774999998],[-1.8653154099999938,41.537097700000004],[-1.8654854499999942,41.53765781999999],[-1.8656431900000143,41.53823584000003],[-1.866538769999977,41.53981193999999],[-1.8653783199999907,41.540358930000025],[-1.864940660000002,41.54070589000003],[-1.8646805999999856,41.541180699999984],[-1.8643328599999904,41.54255537],[-1.8636351000000104,41.54269259],[-1.8627288199999725,41.54309795],[-1.8622171600000001,41.54356125999999],[-1.861934510000026,41.54395477999998],[-1.861724240000001,41.545006539999974],[-1.8610876100000269,41.546441379999976],[-1.8603851899999881,41.54752429000001],[-1.8589773100000002,41.54917664999999],[-1.8564296600000034,41.55086268000002],[-1.8550991800000247,41.551515970000025],[-1.8541947900000082,41.551804189999984],[-1.84886616,41.554101790000004],[-1.8486374099999807,41.554153540000016],[-1.8462399200000164,41.554786999999976],[-1.8430286799999749,41.55599768000002],[-1.842003649999981,41.55632062000001],[-1.8411133899999754,41.55648277],[-1.8404047299999888,41.556547679999994],[-1.8382571800000278,41.55660704000002],[-1.8375955100000283,41.556726449999985],[-1.8369427499999915,41.55701706999997],[-1.835933099999977,41.55781747999998],[-1.8351696700000275,41.558260099999984],[-1.8342882800000098,41.55859342999997],[-1.8323035000000232,41.558933550000006],[-1.8314517399999772,41.55828538999998],[-1.8283377700000187,41.556740479999974],[-1.8261743300000148,41.55502505999999],[-1.8228845300000103,41.55459508000001],[-1.8210324699999774,41.55423381999998],[-1.8202091599999903,41.554009199999996],[-1.819663079999998,41.55370635000003],[-1.8178203900000085,41.552174200000024],[-1.8172590699999773,41.55205132999998]],[[-1.9353393100000176,41.300439340000025],[-1.9354668299999958,41.29700865000001],[-1.9355497700000228,41.296315830000026],[-1.9359342299999867,41.294616959999985],[-1.9362317700000062,41.2933046],[-1.9367929100000083,41.29111194000001],[-1.9379906099999857,41.28501585999999],[-1.938655390000008,41.28084246999998],[-1.9390369299999861,41.27940477999999],[-1.9392221800000016,41.27828954],[-1.9404248800000232,41.26742847000003],[-1.9404867900000227,41.26507806000001],[-1.9407150700000102,41.26277421999998],[-1.9407335600000124,41.26236905000002],[-1.9407049000000143,41.26192741],[-1.9406858300000067,41.26162999000002],[-1.9407426099999725,41.26107203999999],[-1.940870700000005,41.26053275999999],[-1.9409109100000137,41.26035297999999],[-1.9409865700000069,41.26001138999999],[-1.9410645899999963,41.25961576999998],[-1.9410712900000249,41.25920148],[-1.941005720000021,41.25901171999999],[-1.9409231199999795,41.258767750000004],[-1.9408106199999793,41.258343360000026],[-1.9407317299999818,41.258054389999984],[-1.940797669999995,41.25766766999999],[-1.9408615699999814,41.257407039999975],[-1.941032440000015,41.257174410000005],[-1.9413586100000089,41.25693421],[-1.941540649999979,41.25684130000002],[-1.9417317900000057,41.256739470000014],[-1.9419137200000023,41.256560990000025],[-1.9419798000000128,41.25616525999999],[-1.9419946400000185,41.25598524999998],[-1.9420934699999748,41.25577898],[-1.9422753900000203,41.255600500000014],[-1.9424207900000283,41.255466720000015],[-1.9424718700000199,41.25526001999998],[-1.9424759400000084,41.25500784000002],[-1.9424191800000017,41.25482717],[-1.942197080000028,41.25453687999999],[-1.942066060000002,41.25442758999998],[-1.9420086000000083,41.25438201999998],[-1.9420259199999919,41.25404889999999],[-1.9420196600000281,41.25369755000003],[-1.9419055500000013,41.25337222000002],[-1.9418428199999767,41.25282218000001],[-1.9422904900000049,41.25244798],[-1.9426431699999966,41.25218099],[-1.9432558099999824,41.25179928],[-1.9436178999999925,41.25155038999998],[-1.9437998099999731,41.25137190999999],[-1.9439347100000077,41.251147960000026],[-1.944033950000005,41.250914669999986],[-1.9440863300000046,41.250626909999994],[-1.9439751300000125,41.25012146],[-1.9436000800000102,41.24969465999999],[-1.9433889100000101,41.24946754000001],[-1.9431517500000268,41.24932574000002],[-1.9426087200000097,41.24900099000001],[-1.9421012600000154,41.24864502999998],[-1.9417362699999785,41.24833541999999],[-1.9412633100000107,41.248060839999994],[-1.9411243299999796,41.247798339999974],[-1.9410683099999915,41.24757263999999],[-1.9408923699999718,41.24738186000002],[-1.9407042099999785,41.24720897999998],[-1.9404931999999917,41.24697284000001],[-1.940341999999987,41.24672824999999],[-1.9402867100000094,41.24645751000003],[-1.940182230000005,41.2462764],[-1.9399339700000269,41.246129989999986],[-1.9396732000000156,41.24601949999999],[-1.939413160000015,41.245863970000016],[-1.9392025899999794,41.245600809999985],[-1.9391232899999977,41.245338860000004],[-1.9391154499999743,41.24508658000002],[-1.9391061399999785,41.24492435000002],[-1.938725780000027,41.24409214999997],[-1.938517709999985,41.24367588000001],[-1.9384260499999755,41.243440840000005],[-1.9383162600000219,41.24321914000001],[-1.9382873800000198,41.243160320000015],[-1.9381946999999968,41.242988319999995],[-1.9376868699999932,41.242659360000005],[-1.9370252400000254,41.24224792000001],[-1.936754599999972,41.242011219999995],[-1.9366281700000059,41.241712800000016],[-1.9366203299999825,41.241460510000024],[-1.9365759699999785,41.24125292999997],[-1.9355695099999934,41.24076623000002],[-1.9347983399999862,41.24048886999998],[-1.934526539999979,41.24032421999999],[-1.9342909800000143,41.240132879999976],[-1.934163099999978,41.23992451999999],[-1.9340106299999889,41.23976097000002],[-1.9338337099999876,41.23963322999998],[-1.9334910599999944,41.239422880000006],[-1.9333019200000194,41.239313030000005],[-1.9330665100000033,41.23911269000001],[-1.9329038700000183,41.23884095],[-1.9327035300000261,41.23868596],[-1.9324911100000008,41.23853987000001],[-1.9322906300000113,41.23839389],[-1.9320668600000204,41.23821165999999],[-1.9318559199999754,41.23797551000001],[-1.9318771000000083,41.23740823000003],[-1.9318455599999993,41.23714670999999],[-1.9318012100000033,41.236939129999996],[-1.931733730000019,41.23668629000002],[-1.9315459200000191,41.23649538000001],[-1.9313452999999754,41.23635840999998],[-1.931086779999987,41.2361128],[-1.930898969999987,41.235921899999994],[-1.9307347299999833,41.23574923000001],[-1.930524680000019,41.235459030000015],[-1.9303962299999853,41.23528670000002],[-1.9298860000000104,41.23511080999998],[-1.929601429999991,41.23500007000001],[-1.9292946099999995,41.234790050000015],[-1.9290350800000056,41.23460748000002],[-1.9288000000000238,41.234389109999995],[-1.9286970399999745,41.234117930000025],[-1.928677300000004,41.23386553],[-1.92865697000002,41.23364916000003],[-1.928684579999981,41.23337468],[-1.92725286000001,41.233410890000016],[-1.9273924899999884,41.23362838000003],[-1.92747731999998,41.23427772000002],[-1.926995359999978,41.23602070999999],[-1.9269893100000104,41.23638996],[-1.9273317700000234,41.23733894999998],[-1.9272405799999888,41.23780649999998],[-1.927080760000024,41.23809326000003],[-1.9265834600000176,41.23858403999998],[-1.926515839999979,41.23906982],[-1.9277030800000148,41.24090042],[-1.927711620000025,41.24110768000003],[-1.9275886199999945,41.241331720000005],[-1.9272253600000226,41.24165261000002],[-1.9268227499999853,41.24218932000002],[-1.9268667900000196,41.24241491999999],[-1.9258061400000202,41.24305357999998],[-1.9239912200000049,41.24383831],[-1.9231130599999915,41.244262470000024],[-1.9224965099999736,41.24474311],[-1.921809689999975,41.24514203000001],[-1.9194172900000126,41.24620052],[-1.918137549999983,41.247089259999996],[-1.9175482599999896,41.248083570000006],[-1.9140437899999938,41.24997819999999],[-1.9138477100000273,41.25010695999998],[-1.9130179499999826,41.25066211000001],[-1.9139299600000186,41.25108505999998],[-1.9153961600000002,41.25191856999999],[-1.9157613300000094,41.25221026000003],[-1.915776849999986,41.25271483],[-1.9159494500000278,41.253103780000004],[-1.916230359999986,41.2534397],[-1.9170107099999996,41.25388842000001],[-1.9184837000000243,41.25431660999999],[-1.9189457100000027,41.254528119999975],[-1.9191174399999795,41.254971109999985],[-1.9207025200000203,41.25729192],[-1.9230545400000096,41.26088994999998],[-1.9234766700000137,41.26135328999999],[-1.9224621000000184,41.26497386],[-1.9248901099999784,41.26832934999999],[-1.9260062199999766,41.26942968999998],[-1.92572100000001,41.270805189999976],[-1.9262132000000065,41.27136825000002],[-1.9259890199999745,41.27193362999998],[-1.9260022600000184,41.27258230000001],[-1.9263521999999966,41.27454021],[-1.9261656900000048,41.276448070000015],[-1.925834850000001,41.278417649999994],[-1.925768029999972,41.27957900000001],[-1.9258577400000263,41.28066074999998],[-1.9254293899999766,41.28347611999999],[-1.9251032999999893,41.28878753999999],[-1.9251471700000025,41.28975176],[-1.925386930000002,41.29115016999998],[-1.923204499999997,41.293138469999974],[-1.9211378699999955,41.294614379999985],[-1.9201718400000232,41.29520882999998],[-1.9195934300000204,41.2955637],[-1.9176484199999777,41.295455360000005],[-1.9179311299999995,41.29492656999997],[-1.918252329999973,41.29432608000002],[-1.9169792299999813,41.29475547999999],[-1.9118965299999786,41.29587853999999],[-1.9113575000000083,41.29597252999997],[-1.9094098499999745,41.30121451000002],[-1.9088791300000025,41.30264168000002],[-1.907680819999996,41.30586402],[-1.9071486299999947,41.307687499999986],[-1.9101362100000188,41.31120172999999],[-1.9116937000000007,41.31236942999999],[-1.912973060000013,41.31374165],[-1.9140701599999943,41.31530129999999],[-1.9144155000000183,41.316088209999975],[-1.9155755400000203,41.31745927999998],[-1.9172470600000224,41.318970260000015],[-1.9203140399999938,41.321359029999996],[-1.9206301899999971,41.32174931999998],[-1.9206949699999996,41.32361448],[-1.9198868600000196,41.325516489999984],[-1.9181464900000265,41.32742775999998],[-1.9212804200000164,41.328682189999995],[-1.9234592299999917,41.325540950000004],[-1.9339990899999862,41.307182599999976],[-1.934288630000026,41.305726059999984],[-1.934867660000009,41.30281296999999],[-1.9353393100000176,41.300439340000025]]]}},{"type":"Feature","properties":{"OBJECTID":1655,"ZON_CO_ID":13,"ZON_DS_NOM":"Campo de Borja","CAL_DS_NOM":"D.O.Campo de Borja","TPR_DS_DES":"Denominación de Origen","TPR_DS_GRU":"CALIDAD DIFERENCIADA","FAM_DS_NOM":"Vinos"},"geometry":{"type":"Polygon","coordinates":[[[-1.4730531499999984,41.92447533000001],[-1.4678952799999934,41.92280346000001],[-1.465829470000017,41.92194727999998],[-1.4631487199999924,41.92058746999999],[-1.45706346999998,41.91689421000001],[-1.4532932600000095,41.91572666000002],[-1.450959360000013,41.91600140000003],[-1.446853630000021,41.91574775999999],[-1.4454461099999776,41.91561161999999],[-1.4447695399999816,41.91566549999999],[-1.4407236600000033,41.916421179999986],[-1.438298560000021,41.915982910000025],[-1.4362849799999822,41.91449643999999],[-1.4324327599999833,41.91423673999998],[-1.4217780899999752,41.91307296999997],[-1.4182446199999958,41.91358272999997],[-1.4177919499999803,41.913846680000006],[-1.4160647799999992,41.916398689999994],[-1.4158625499999857,41.91677417],[-1.4157739300000003,41.91694407],[-1.4156694600000037,41.916780510000024],[-1.4149946200000159,41.91578949000001],[-1.4141889900000137,41.91423825999999],[-1.4119304999999827,41.91244176999999],[-1.4111558000000173,41.91062075000002],[-1.4117859300000077,41.91000802999997],[-1.4115015900000003,41.90931961000001],[-1.4110677200000055,41.90834090999999],[-1.411658550000027,41.90736737999998],[-1.4111865099999932,41.90695555999997],[-1.4105669400000238,41.90665876999998],[-1.4062189900000135,41.90599505],[-1.4047173899999734,41.905776049999986],[-1.4039094500000147,41.90578283000002],[-1.4013360299999817,41.9059992],[-1.3990107100000273,41.90352604999998],[-1.3981303699999899,41.904018140000005],[-1.3971110200000112,41.904283109999994],[-1.3921362099999897,41.90170975000001],[-1.3919501699999728,41.901436950000004],[-1.3910882399999878,41.900236029999974],[-1.3907473599999776,41.89988899999997],[-1.390288919999989,41.899423249999984],[-1.3884623100000226,41.89823579],[-1.3846267299999795,41.895930280000016],[-1.3804485499999828,41.89431330000002],[-1.3788227599999914,41.893776979999984],[-1.3775314200000253,41.89336245999999],[-1.3712686599999984,41.88888764000001],[-1.371150689999979,41.888786900000014],[-1.3667882500000132,41.88544657],[-1.364802069999996,41.88393222000002],[-1.3599594600000273,41.87818905],[-1.3588753799999722,41.87346315999997],[-1.3582478600000059,41.87161686000002],[-1.3582613699999797,41.868266629999994],[-1.3583285799999771,41.86658337],[-1.3585356500000216,41.864613899999995],[-1.3599081099999921,41.85900443999998],[-1.3598687900000073,41.85771593999999],[-1.3598065300000144,41.85638209000001],[-1.3573098400000276,41.848501699999986],[-1.3562499899999807,41.846144830000014],[-1.3548647399999822,41.84473797999999],[-1.3541839499999924,41.84404372],[-1.351777210000023,41.84161346000002],[-1.3487837499999955,41.83858928000001],[-1.3480352700000253,41.83725456000002],[-1.3441928400000052,41.833542550000004],[-1.3440877500000283,41.83341494000001],[-1.3407244699999978,41.82981781000001],[-1.3387021600000253,41.82699652000002],[-1.3383756100000141,41.82658650000002],[-1.33802522000002,41.82616712999999],[-1.3375672000000236,41.82571918000002],[-1.3356357800000183,41.824511340000015],[-1.3334522499999935,41.82281345000001],[-1.3307091300000025,41.82041387999999],[-1.3294645799999785,41.819657240000026],[-1.3257995000000165,41.81707299999999],[-1.3250023100000021,41.81671011999998],[-1.3233483199999796,41.81457843999999],[-1.321617969999977,41.81214840000001],[-1.3196263099999896,41.80958841],[-1.3192033899999842,41.807807920000016],[-1.3189466499999867,41.8070386],[-1.318050009999979,41.805422290000024],[-1.3179624699999977,41.80508775999999],[-1.3176281300000028,41.804524449999974],[-1.3173690699999838,41.8043045],[-1.318146449999972,41.803577340000004],[-1.319223700000009,41.803349939999976],[-1.3212040500000057,41.80264936999998],[-1.3223106099999882,41.80083718999998],[-1.3243199500000173,41.797173810000004],[-1.3251664699999992,41.79609635999998],[-1.3271814500000119,41.794054200000005],[-1.3282552900000155,41.79302507],[-1.329149340000015,41.791966290000005],[-1.331325129999982,41.78881858],[-1.3322824900000114,41.78763461],[-1.3336079300000279,41.78617675999999],[-1.3357650699999795,41.782803520000016],[-1.3366265000000226,41.78160011],[-1.3367260599999895,41.78100711000002],[-1.3369058700000096,41.780568389999985],[-1.3375470099999802,41.77950587999999],[-1.3385335899999973,41.77764676999999],[-1.3396072599999798,41.77614017000002],[-1.3401608099999862,41.775670820000016],[-1.3410259099999848,41.775251000000026],[-1.343934040000022,41.77445535999999],[-1.3464731899999833,41.77396956000001],[-1.3466325499999812,41.77338642000001],[-1.3466117500000223,41.772323330000006],[-1.3464093800000114,41.77177101000001],[-1.3473606300000256,41.76892959000003],[-1.3478240900000173,41.767747369999995],[-1.3478682599999843,41.76743277000003],[-1.3478992500000118,41.76716302],[-1.3462870800000246,41.76716683000001],[-1.3450218099999915,41.767247680000025],[-1.3442405800000188,41.76721841],[-1.3432708899999852,41.76703328999997],[-1.3427137900000048,41.766710020000005],[-1.3424906299999861,41.766499650000014],[-1.3414692100000138,41.762720100000024],[-1.3405502800000022,41.75963553999998],[-1.340414389999978,41.75884099000001],[-1.340556030000016,41.75754606999999],[-1.3405726899999877,41.75736618000002],[-1.3405709200000047,41.75650151000002],[-1.340471530000002,41.75615782],[-1.339099630000021,41.75431863],[-1.3389794500000107,41.75384853999998],[-1.338859379999974,41.75244176000001],[-1.3388598799999727,41.75009102000001],[-1.3388520999999969,41.74946043],[-1.3382045000000176,41.74752362999999],[-1.3372300300000006,41.74567215000002],[-1.3351825299999973,41.74206681999999],[-1.3349291600000015,41.740703129999986],[-1.3349475499999812,41.73859582],[-1.3351778800000034,41.73666272000003],[-1.3352107599999954,41.736320939999985],[-1.3351836200000093,41.735509939999986],[-1.3358932699999855,41.73550220999999],[-1.3370888200000195,41.73530337],[-1.3386264499999925,41.735361650000016],[-1.3428589100000181,41.73490041000002],[-1.344037549999996,41.734890389999975],[-1.3451334499999916,41.734356779999985],[-1.3462200899999743,41.734183289999976],[-1.3494684500000176,41.73411293999999],[-1.352440290000004,41.73357017000001],[-1.3541898199999878,41.733334060000004],[-1.3544912400000158,41.733302349999974],[-1.356310810000025,41.733148270000015],[-1.362247620000005,41.73232340999999],[-1.363096310000003,41.732047290000025],[-1.366086600000017,41.731243240000026],[-1.367427140000018,41.73101011],[-1.3685841899999787,41.73090045999999],[-1.3701727900000265,41.73084195000001],[-1.3737178499999914,41.73044186999999],[-1.3748975500000142,41.730386520000025],[-1.3763038100000244,41.73040641],[-1.3773694500000033,41.73010622999999],[-1.3792301299999963,41.72926785999999],[-1.3799660199999835,41.729170160000024],[-1.3803687600000103,41.72893264999999],[-1.381292579999979,41.728054009999994],[-1.381776460000026,41.727457379999976],[-1.3827147900000227,41.72695721000002],[-1.3832585200000267,41.72637042000002],[-1.3848047899999756,41.72415849999999],[-1.3855841999999825,41.72280043000001],[-1.3872604599999931,41.71923027999998],[-1.3878156499999932,41.71866165],[-1.388400489999981,41.71786824999998],[-1.38883143999999,41.71745999000001],[-1.388953640000011,41.71738063999999],[-1.3896629899999766,41.716895220000026],[-1.390032940000026,41.71652211999998],[-1.3949621099999945,41.71263714000003],[-1.397073579999983,41.711351639999975],[-1.3978724500000226,41.71112861],[-1.3986928799999987,41.71100495000002],[-1.399712490000013,41.71060484999998],[-1.4004138700000226,41.71043448],[-1.4040597700000035,41.71027805],[-1.4051792500000033,41.709239809999985],[-1.4056767899999727,41.709048559999985],[-1.4065599300000144,41.70881764000001],[-1.4069918100000223,41.70836428000001],[-1.4075551799999744,41.70745340000002],[-1.4088076400000205,41.7068673],[-1.41056758000002,41.70617112999997],[-1.4120423200000118,41.70631761999999],[-1.4126437400000214,41.70629890999999],[-1.4132240000000138,41.706162819999975],[-1.4155519000000254,41.70533931],[-1.4170657000000233,41.70487380999998],[-1.420071059999998,41.704356770000004],[-1.42074851000001,41.704176940000025],[-1.4219317700000147,41.70248191000002],[-1.4231859399999962,41.70083288000001],[-1.4251617699999883,41.697680590000004],[-1.4255770400000074,41.69740707],[-1.42628129000002,41.69711049],[-1.4282181300000047,41.69653355000003],[-1.4293681699999752,41.69618901000001],[-1.4306734799999958,41.69588261000001],[-1.4313835799999879,41.695838260000016],[-1.4324512200000186,41.69591588999998],[-1.432908810000015,41.69587709000001],[-1.433407260000024,41.69564071000002],[-1.4367599600000176,41.69316448000001],[-1.438389070000028,41.692385030000025],[-1.4399602799999798,41.69201007999999],[-1.440279529999998,41.69123081999999],[-1.4398155499999916,41.69004462999999],[-1.4398948099999984,41.68974847999999],[-1.4406846499999801,41.68839016999999],[-1.4407385700000077,41.68814772000002],[-1.4405618299999787,41.685019950000026],[-1.4408749400000147,41.68449279999999],[-1.4410196800000108,41.68397236999999],[-1.4413252100000022,41.67977933999998],[-1.4417220899999847,41.67876695000001],[-1.441748070000017,41.67868623999999],[-1.4419331600000191,41.67798621999998],[-1.442322909999973,41.67776633],[-1.4428152799999907,41.675782500000025],[-1.4430286499999738,41.674407340000016],[-1.4441603399999963,41.672810449999986],[-1.444664859999989,41.67231290000001],[-1.445214280000016,41.67144667000002],[-1.4447772500000156,41.67063915],[-1.4453221100000064,41.669962010000006],[-1.4458088599999996,41.66920300999999],[-1.445869029999983,41.66869944000001],[-1.4461350700000253,41.668126599999994],[-1.4471326299999987,41.667104300000005],[-1.4476434599999948,41.66684099999998],[-1.4477170200000273,41.66677894999998],[-1.4496090499999923,41.66502114000002],[-1.4511446299999875,41.66309638000001],[-1.4523286900000016,41.66130196],[-1.4530984200000034,41.659754150000026],[-1.453348539999979,41.65883881000002],[-1.4535051899999871,41.65781414000003],[-1.4539626900000258,41.65626212000001],[-1.4545521800000074,41.655216250000024],[-1.4556193299999904,41.653780489999974],[-1.4563455599999884,41.6525383],[-1.4570719700000154,41.65128709999999],[-1.4580256500000246,41.64906619999999],[-1.4585138099999995,41.64823510999997],[-1.4588233700000046,41.64784297],[-1.4596403699999883,41.64631374999999],[-1.4612628699999846,41.64423689],[-1.462075260000006,41.64340112000002],[-1.4626850800000284,41.643003969999995],[-1.4648971099999812,41.64188066999998],[-1.4718420400000127,41.63863170000002],[-1.4738730899999837,41.637532840000006],[-1.4798248999999828,41.63461245000002],[-1.4810725400000138,41.63414258],[-1.4826216999999815,41.63105567000002],[-1.4835269499999981,41.629824670000005],[-1.4874280099999737,41.62830889000003],[-1.4882175500000017,41.62791397000001],[-1.4889973900000086,41.627419840000016],[-1.4896283699999913,41.627130910000005],[-1.489985020000006,41.62676632],[-1.4908261400000242,41.62724573000003],[-1.4937946300000249,41.628131329999974],[-1.4972339600000169,41.62890592999997],[-1.4977110799999878,41.629038260000016],[-1.4988514799999848,41.629557550000015],[-1.499696379999989,41.62936143000002],[-1.5004949300000021,41.62909264000001],[-1.5017444100000148,41.628532500000006],[-1.501978269999995,41.62828336000001],[-1.5020514199999866,41.62771686999997],[-1.5020018299999833,41.62623008999998],[-1.5027554399999872,41.624789799999974],[-1.5025432799999976,41.62410251],[-1.5025176999999985,41.62365182999997],[-1.5029689799999915,41.62230667],[-1.5032444400000031,41.62181487999999],[-1.5038705900000195,41.62121057000002],[-1.504333250000002,41.62092837],[-1.5046042499999999,41.621148059999996],[-1.5069358299999749,41.62206106000002],[-1.5078535900000247,41.62234318999998],[-1.508808810000005,41.622562749999986],[-1.5099429699999973,41.62335206],[-1.512551330000008,41.62476392000002],[-1.5134548799999834,41.62514489],[-1.515657410000017,41.625938959999985],[-1.5156750200000033,41.62674079999999],[-1.5154722799999831,41.628773739999986],[-1.514599110000006,41.63124835999997],[-1.5140184699999963,41.63248381],[-1.5138465100000076,41.633175110000025],[-1.51382104999999,41.63376023000001],[-1.51403707999998,41.63480783],[-1.5140031399999998,41.635239720000015],[-1.513327650000008,41.637987090000024],[-1.5134071100000028,41.638186270000006],[-1.5158474799999908,41.64014529999997],[-1.519144869999991,41.64296196999999],[-1.520850199999984,41.64452411000002],[-1.5222565400000008,41.644461149999984],[-1.5260997299999985,41.64442945000002],[-1.5280887700000108,41.64777849000001],[-1.5304265699999746,41.64847493000002],[-1.531030840000028,41.64883393000002],[-1.535266809999996,41.65426511999999],[-1.5398230000000126,41.65778175000003],[-1.5404982300000256,41.658195639999974],[-1.5414976499999966,41.65861364],[-1.5423642000000086,41.65906597999998],[-1.5453063699999916,41.662282689999984],[-1.5457079399999998,41.66258499999998],[-1.547545179999986,41.663139650000005],[-1.5477489400000195,41.665294870000025],[-1.548039430000017,41.665730870000004],[-1.5498298300000215,41.66677126000002],[-1.550235769999972,41.66741587000001],[-1.5514979499999981,41.66898097000001],[-1.5523899400000118,41.66937951],[-1.5534302799999864,41.669590760000006],[-1.5565348599999993,41.66935059999997],[-1.5650680699999953,41.671853320000025],[-1.565627319999976,41.67209448],[-1.567019280000011,41.673787129999994],[-1.5674788700000022,41.674189160000026],[-1.569103680000012,41.67513711999999],[-1.569726639999999,41.678468399999986],[-1.570374070000014,41.67907091000001],[-1.5710030700000175,41.67942099999999],[-1.5731051800000273,41.68269859999998],[-1.5727252400000111,41.68466638000001],[-1.5727909400000044,41.684955409999986],[-1.573051420000013,41.68512978000001],[-1.5738991000000055,41.68537448000001],[-1.574390199999982,41.68544362],[-1.5749811800000089,41.68534287],[-1.5756478100000209,41.68508093999998],[-1.5774317400000086,41.683734000000015],[-1.5786021600000026,41.684054720000006],[-1.5804403700000194,41.68405944],[-1.5810151599999926,41.68414760000002],[-1.5815873799999736,41.684352820000015],[-1.582321630000024,41.684839239999974],[-1.5828237700000045,41.68495352000002],[-1.5837108800000124,41.68504552000002],[-1.5843807900000115,41.68517987000001],[-1.58636137000002,41.686366150000026],[-1.5878731399999992,41.68701521999998],[-1.5894530900000063,41.68784524],[-1.5913944399999878,41.688634639999975],[-1.593116230000021,41.689025019999974],[-1.5958197300000165,41.69289500999997],[-1.599947410000027,41.69594466000001],[-1.5995893799999976,41.698597310000025],[-1.6069722099999808,41.70398309000001],[-1.6074243300000148,41.70419571999997],[-1.6129004499999837,41.70552292999997],[-1.6162471700000083,41.70639191999999],[-1.618208540000012,41.70853212999998],[-1.6198318200000017,41.710749299999975],[-1.6201621499999987,41.71441003000001],[-1.619874760000016,41.71491996999998],[-1.6195903099999782,41.71585325000001],[-1.6197222499999953,41.7169897],[-1.6198849099999961,41.71725285000002],[-1.619615309999972,41.717492789999994],[-1.6164087999999879,41.71846298000003],[-1.6140150200000107,41.719650039999976],[-1.6140470799999775,41.722631680000006],[-1.617011160000004,41.72512625000002],[-1.6166527600000222,41.726139709999984],[-1.6187316099999975,41.73011869999999],[-1.6187243800000033,41.73157771000001],[-1.6189604699999904,41.73290455],[-1.6190271599999733,41.73484180999998],[-1.6207650299999727,41.737915989999976],[-1.6215363300000263,41.73896101999998],[-1.622050100000024,41.73967871999997],[-1.6233972699999981,41.74135211999999],[-1.6249244800000042,41.743045670000015],[-1.6266311499999802,41.744786369999986],[-1.6294035799999733,41.74731436000002],[-1.630556850000005,41.748508000000015],[-1.6316859199999953,41.74971034999999],[-1.6321464600000013,41.75011212999999],[-1.6326537699999903,41.75057751999998],[-1.6359218299999725,41.752444749999995],[-1.6375973500000214,41.753410350000024],[-1.6590715500000215,41.75380719999998],[-1.6634846399999788,41.75676781999999],[-1.6700779299999908,41.75611481999999],[-1.6764744399999927,41.75566631999999],[-1.6821796799999902,41.75783951],[-1.6825289099999736,41.758996379999985],[-1.6839111599999796,41.76022813999998],[-1.684540850000019,41.760613639999974],[-1.6850184300000137,41.760790240000006],[-1.6853647099999876,41.76150573000001],[-1.6874621700000034,41.762475429999995],[-1.687240910000014,41.76388695999998],[-1.686890730000016,41.76454045000003],[-1.6861410700000192,41.76531546000001],[-1.686030140000014,41.76603473],[-1.6843587899999761,41.768933790000006],[-1.6837126300000023,41.76934970000002],[-1.6835513400000082,41.770176470000024],[-1.68406219000002,41.771082999999976],[-1.6844633200000203,41.77206031999998],[-1.6847203599999716,41.773612420000006],[-1.6847733299999845,41.77396428999998],[-1.684593819999975,41.775682519999975],[-1.6846621999999911,41.77645789000002],[-1.6840702800000145,41.77774807999998],[-1.6842973199999847,41.77900262000003],[-1.6828077000000121,41.782408120000014],[-1.6802368300000126,41.78336934999999],[-1.6794340999999804,41.78378343999998],[-1.6788714200000072,41.784227310000006],[-1.678684110000006,41.78455840999999],[-1.6785305199999812,41.78734874000003],[-1.678425749999974,41.78776183999997],[-1.6763665400000036,41.7925027],[-1.672598559999983,41.79545846000002],[-1.6719820800000207,41.79558644000002],[-1.6714759299999855,41.795616610000025],[-1.6661613200000147,41.79535686000003],[-1.6624769100000094,41.79542208999999],[-1.6615238399999726,41.79552806999999],[-1.6610261700000137,41.795729429999994],[-1.6577358399999866,41.797672499999976],[-1.6560539100000256,41.79982346000003],[-1.6555264699999839,41.800294640000004],[-1.6536238799999978,41.80147926000001],[-1.6543808600000034,41.802695029999995],[-1.6541376900000273,41.80338569999998],[-1.6547531300000173,41.803888280000024],[-1.6546910499999967,41.80455405999999],[-1.6545887400000083,41.80484107000001],[-1.655249700000013,41.80547028000001],[-1.6552285899999788,41.807055219999995],[-1.6529919500000005,41.81153237000001],[-1.6519840199999862,41.81252029000001],[-1.652104559999998,41.81480942000002],[-1.6523513399999956,41.816820819999975],[-1.6523892899999737,41.81730762000001],[-1.6524228999999764,41.81800154000001],[-1.6523944300000153,41.818784789999995],[-1.6530194000000051,41.81941358],[-1.6555529600000227,41.81917306999998],[-1.6584421800000086,41.81862142],[-1.6592607499999872,41.81920740999999],[-1.660765270000013,41.81923397000003],[-1.661499909999975,41.81864809000001],[-1.6653263700000025,41.818764680000015],[-1.6672427999999968,41.817507980000016],[-1.6697331299999973,41.81702346999998],[-1.6720823300000234,41.81637515],[-1.6751081200000044,41.816193940000005],[-1.6775728000000072,41.81461014000001],[-1.6792064800000048,41.814205630000004],[-1.6831382500000132,41.81152173999999],[-1.6833335100000113,41.81021800000002],[-1.6840537499999755,41.80738013000001],[-1.6856538499999942,41.80684002999999],[-1.6853729000000044,41.804684210000005],[-1.6875331499999788,41.803826249999986],[-1.6904575699999782,41.80267974999998],[-1.6901372899999956,41.80185648999998],[-1.6915685399999916,41.80132338999999],[-1.6920213199999807,41.80095927000002],[-1.6924790400000234,41.80035201999999],[-1.6928941099999975,41.79947407999998],[-1.693508989999998,41.79883259000002],[-1.6947371499999804,41.79940498000002],[-1.6968952299999955,41.800420229999986],[-1.6990448099999753,41.800669760000005],[-1.7029191699999728,41.80134406000002],[-1.704764130000001,41.80177918999999],[-1.7088825499999984,41.80109600999998],[-1.7146945200000232,41.799990320000006],[-1.7186234499999955,41.80095290999998],[-1.722637720000023,41.800655370000015],[-1.7280618099999856,41.797238960000016],[-1.7345324400000095,41.79259989000002],[-1.736848259999988,41.79418356000002],[-1.7368459699999903,41.79552554000003],[-1.7374164999999948,41.795892089999995],[-1.7380523400000243,41.79599815],[-1.7398132999999802,41.795810329999995],[-1.7402086499999996,41.79590473000002],[-1.741561250000018,41.796901289999994],[-1.7421827699999994,41.797124259999975],[-1.7422303800000236,41.797151799999995],[-1.7430358199999887,41.79781810999998],[-1.7427243399999952,41.79958904],[-1.7396150100000227,41.80162653000002],[-1.7370491500000185,41.80356181000002],[-1.7361261699999773,41.80397498000002],[-1.7349653100000069,41.804241409999975],[-1.7332520599999839,41.804438689999984],[-1.72988220000002,41.806229840000015],[-1.728866059999973,41.806479790000026],[-1.724261169999977,41.80861737999999],[-1.7176922799999943,41.81082292999997],[-1.7119429399999717,41.81236179000001],[-1.709072209999988,41.81442813000001],[-1.7013179900000068,41.820420249999984],[-1.7014610400000265,41.82168281000003],[-1.701991210000017,41.824048559999994],[-1.7010828900000092,41.82549738],[-1.6991886000000136,41.82627753999998],[-1.6993474799999717,41.826756690000025],[-1.6998661000000084,41.82850086000002],[-1.7001720800000157,41.831827799999985],[-1.6998506599999814,41.83342735000002],[-1.6998242099999743,41.833544140000015],[-1.6991906299999755,41.83450068000002],[-1.6989899499999979,41.834894710000015],[-1.6989082200000212,41.83536213000002],[-1.699007100000017,41.835831600000006],[-1.6995905300000231,41.83735132999999],[-1.6998829999999998,41.838372400000026],[-1.6998249900000246,41.84004699000002],[-1.6999691400000074,41.84184995999999],[-1.6992907700000046,41.84322931000003],[-1.699536720000026,41.844168790000026],[-1.699639999999988,41.84501659],[-1.7002485400000182,41.847680449999984],[-1.7000456399999848,41.84937141],[-1.6997799600000008,41.84999886999998],[-1.698853320000012,41.85173566999998],[-1.698333419999983,41.8524233],[-1.6967105200000105,41.854035099999976],[-1.6965477300000202,41.85433948000002],[-1.6965190700000221,41.85456432000001],[-1.696693879999998,41.85485452],[-1.6899696799999901,41.85612900000001],[-1.6880534900000157,41.85616116],[-1.6875352100000214,41.85617324999998],[-1.686643370000013,41.856190070000025],[-1.6848286200000189,41.85715103000001],[-1.6832289299999843,41.858195490000014],[-1.6819117800000072,41.85897296000002],[-1.680446159999974,41.85993786],[-1.6794621500000062,41.86033185000002],[-1.678482009999982,41.860536739999986],[-1.6777120200000013,41.860482839999975],[-1.6756264800000054,41.860539870000025],[-1.6745149500000025,41.86068917],[-1.6739003800000205,41.86127650999998],[-1.6729542400000241,41.86216624999997],[-1.6714148099999875,41.86203137000001],[-1.669862490000014,41.861355909999986],[-1.6689525300000128,41.86166059999999],[-1.668142849999981,41.86177730999998],[-1.6671870499999955,41.861387939999986],[-1.6660246199999733,41.86108623000001],[-1.6654415599999766,41.861313629999984],[-1.6638998099999753,41.86244856000002],[-1.662250819999997,41.86178989000001],[-1.6605689300000108,41.86097769999998],[-1.6596218500000077,41.86075048999999],[-1.6586469200000238,41.86070308000001],[-1.6575974599999768,41.860762869999974],[-1.6565222300000073,41.860326989999976],[-1.6561121500000127,41.859772780000014],[-1.655882560000009,41.859229700000014],[-1.6557533100000228,41.85849863999999],[-1.655441680000024,41.85784652000001],[-1.654791859999989,41.85723546000003],[-1.6542515400000184,41.857148069999994],[-1.6520848100000194,41.85705961000002],[-1.6510573699999895,41.85607483000001],[-1.6506745899999942,41.855944239999985],[-1.650203910000016,41.85598374],[-1.6497663299999772,41.85616773999999],[-1.6495436499999983,41.85644432999999],[-1.6473216800000046,41.86011991999999],[-1.6467078700000002,41.85951825000001],[-1.6434939399999848,41.85766998999998],[-1.6431843999999955,41.857495210000025],[-1.6409426800000233,41.85639691],[-1.6399389700000029,41.85657416999999],[-1.6376736400000027,41.85659235000003],[-1.636237479999977,41.85614299000002],[-1.6353083299999867,41.856213009999976],[-1.6341463399999725,41.85590198],[-1.6335555900000145,41.85592197],[-1.6335586899999726,41.85521047999998],[-1.632709879999993,41.85490315999999],[-1.6320829100000083,41.85379687],[-1.6311008700000116,41.85352397999998],[-1.6304692699999919,41.85320122000002],[-1.6294570000000022,41.85321615999999],[-1.6288311800000201,41.85262325999997],[-1.6278902500000072,41.853809909999995],[-1.6270160500000088,41.854691119999984],[-1.6265034499999729,41.85500022999997],[-1.6237006999999721,41.85704722000003],[-1.6232704399999989,41.85744735999998],[-1.623033860000021,41.85780478999999],[-1.6225871699999743,41.85897031000002],[-1.622328809999999,41.85921939000002],[-1.6208461499999771,41.85981405000001],[-1.6206785300000206,41.86032541999998],[-1.620903300000009,41.862759919999974],[-1.6208242899999732,41.863632619999976],[-1.620810629999994,41.86538875000002],[-1.621040370000003,41.866472310000006],[-1.62137752000001,41.86704377000001],[-1.6215903400000116,41.86779388000002],[-1.6219341299999996,41.86861761],[-1.6226988000000233,41.86948242],[-1.623045119999972,41.87018909],[-1.622988869999972,41.87112509999997],[-1.6227477900000054,41.87168962999999],[-1.6213906400000155,41.87315945],[-1.620826959999988,41.87359400999998],[-1.6181185799999867,41.874570199999994],[-1.6169250699999793,41.875150270000006],[-1.616338600000006,41.875521479999975],[-1.6157600999999886,41.87608193],[-1.6150847900000258,41.87721763000002],[-1.6148327199999812,41.87828638000002],[-1.6144762900000273,41.87916474000002],[-1.617516309999985,41.88182230000001],[-1.62059524,41.88436316000002],[-1.6207577800000195,41.88521173999999],[-1.624272259999998,41.90396057999999],[-1.6233740600000033,41.90367961999999],[-1.6218588300000079,41.90349932999999],[-1.6204677900000206,41.902590980000014],[-1.6196326200000044,41.90218465999999],[-1.6187816999999995,41.90194925999998],[-1.6186759500000107,41.90238031000001],[-1.6183956200000011,41.90252104000001],[-1.6180583299999967,41.90250796999999],[-1.6169459399999937,41.90209829999998],[-1.6140639299999862,41.90156818999998],[-1.6124867500000164,41.90146808999998],[-1.6116635000000201,41.901070860000004],[-1.6089668700000175,41.90033571999999],[-1.6081144500000164,41.90017227999999],[-1.6075707100000045,41.90022873999999],[-1.6064299199999823,41.90057516000002],[-1.6053920100000028,41.90062561000002],[-1.6045660699999758,41.90035439000002],[-1.603443210000023,41.90043080999999],[-1.6020391900000277,41.900683930000014],[-1.6004822300000114,41.90076404000001],[-1.5997442500000147,41.900881130000016],[-1.5972819599999752,41.901562609999985],[-1.5961015799999814,41.90206155999999],[-1.595069369999976,41.90240019999999],[-1.594216959999983,41.90278605999998],[-1.5930764500000123,41.90311434],[-1.5896465600000056,41.903927899999985],[-1.5848443900000007,41.904093999999986],[-1.5803924699999925,41.9036878],[-1.5793542999999772,41.903747020000026],[-1.5781066200000282,41.90401078000002],[-1.5766494200000238,41.904479089999995],[-1.5771712499999921,41.90595363],[-1.5774366699999973,41.906488309999986],[-1.5785218699999746,41.908113920000005],[-1.5790529700000207,41.909174259999986],[-1.5793588399999976,41.91006069000002],[-1.5795124800000053,41.91128748],[-1.5797664699999814,41.915055370000005],[-1.5799694099999897,41.91677813000001],[-1.5800902999999948,41.917851410000026],[-1.5801658299999986,41.92096860999999],[-1.578692090000004,41.92053607999998],[-1.573360139999977,41.91790311],[-1.5697622900000283,41.916777550000006],[-1.5676000299999941,41.91610211],[-1.5620878600000196,41.91508750000003],[-1.5592557200000101,41.91394417999999],[-1.5583536299999992,41.91384278999999],[-1.555388530000016,41.91378750000001],[-1.5473082999999974,41.91277586000001],[-1.5426758799999902,41.91233885999998],[-1.5412109700000087,41.912068069999975],[-1.5396994999999833,41.91172461000002],[-1.5368129199999885,41.910877270000015],[-1.5356249000000162,41.91062794999999],[-1.5344468900000265,41.91046881],[-1.526103130000024,41.909938669999974],[-1.5233068100000082,41.909893720000014],[-1.5208570899999927,41.91154640000002],[-1.5179924299999925,41.91288745000003],[-1.5165957400000138,41.91331973000001],[-1.5128941599999735,41.91486600000002],[-1.510245999999995,41.91518292000001],[-1.5061183000000256,41.915858809999975],[-1.5056647000000112,41.91617715000001],[-1.5051447199999757,41.916755799999976],[-1.5036589399999798,41.918411649999996],[-1.5030454800000257,41.91937636],[-1.5023438499999884,41.92101539999999],[-1.50207051000001,41.92290320000001],[-1.5017609500000049,41.92427715000002],[-1.4998685200000068,41.924234420000005],[-1.49711542,41.92437854999997],[-1.4951134199999956,41.92437933999997],[-1.4894524499999875,41.924070830000005],[-1.486655380000002,41.92403399],[-1.4825285900000154,41.92463699000001],[-1.4800557500000195,41.92465831999999],[-1.4776016600000048,41.924905000000024],[-1.4739300400000275,41.924622090000014],[-1.4730531499999984,41.92447533000001]]]}},{"type":"Feature","properties":{"OBJECTID":1684,"ZON_CO_ID":14,"ZON_DS_NOM":"Cariñena","CAL_DS_NOM":"D.O.Cariñena","TPR_DS_DES":"Denominación de Origen","TPR_DS_GRU":"CALIDAD DIFERENCIADA","FAM_DS_NOM":"Vinos"},"geometry":{"type":"Polygon","coordinates":[[[-1.1580759700000272,41.524390340000025],[-1.1536802100000045,41.52429280000001],[-1.145346169999982,41.52444686000001],[-1.1350475500000243,41.52498277000001],[-1.134232680000025,41.52497856000002],[-1.130524620000017,41.52389154000002],[-1.1298977499999978,41.52360212999997],[-1.1296198499999832,41.523264359999985],[-1.1290384999999787,41.52222812000002],[-1.129000440000027,41.52188524000002],[-1.1293000100000086,41.52022385999999],[-1.1289812200000142,41.51964222999999],[-1.1288079899999843,41.51899993000001],[-1.1287170200000105,41.51799869000001],[-1.128191940000022,41.516675150000026],[-1.127841950000004,41.51634519999999],[-1.127195630000017,41.515902349999976],[-1.1243669599999748,41.51343338999999],[-1.122856239999976,41.511805519999996],[-1.1212638599999991,41.50886129999998],[-1.120715290000021,41.50835695000001],[-1.120140709999987,41.507509930000026],[-1.1205102000000124,41.50592175999998],[-1.1202636500000267,41.50574660000001],[-1.11903405999999,41.50517707],[-1.1184974899999816,41.505087230000015],[-1.116702690000011,41.5050038],[-1.1161229300000173,41.50475110999997],[-1.1155132499999922,41.50429078000002],[-1.1146642900000074,41.50423182999998],[-1.1123764600000072,41.502149729999985],[-1.1100020800000152,41.50016525000001],[-1.109956020000027,41.50010143999998],[-1.1081307700000025,41.49818899000002],[-1.107564649999972,41.49788245000002],[-1.106730309999989,41.496913989999996],[-1.1055729500000098,41.49593119000002],[-1.1040097999999716,41.49407703000003],[-1.103670969999996,41.49378322000001],[-1.10322149000001,41.49358667000001],[-1.1010888700000123,41.491957249999984],[-1.0994157900000232,41.491001900000015],[-1.0969230000000039,41.488997170000005],[-1.0953820199999882,41.48803493999998],[-1.09427076999998,41.48712484999999],[-1.093822160000002,41.48690125000002],[-1.0934294499999737,41.486813670000004],[-1.0919455299999754,41.48595141999999],[-1.0908413000000223,41.48521254000002],[-1.0890943399999742,41.48433686999999],[-1.0868379799999843,41.483677880000016],[-1.086134300000026,41.48357609999999],[-1.0853781999999796,41.483221249999986],[-1.0846654700000045,41.48302023000002],[-1.082951890000004,41.481829790000006],[-1.0821500600000036,41.481402100000025],[-1.0806956800000194,41.48076536999997],[-1.0796485999999845,41.48053171999999],[-1.0785975499999836,41.48043309000002],[-1.078166060000001,41.48044390000001],[-1.077839919999974,41.48013221000002],[-1.0776989299999968,41.48003978999998],[-1.0774866500000257,41.47992814999998],[-1.077152529999978,41.479886539999995],[-1.0765276500000027,41.47995715000002],[-1.0759727199999816,41.48009196999999],[-1.0752970199999936,41.480260799999996],[-1.0745079700000133,41.480616870000006],[-1.0740988200000174,41.48068207],[-1.0738240200000178,41.48065945000002],[-1.0736029700000245,41.480439579999995],[-1.0734008399999766,41.47998584999999],[-1.0732268799999929,41.479793789999974],[-1.0730265799999756,41.47968235000002],[-1.0718727899999863,41.48022142999997],[-1.071522210000012,41.47992733000001],[-1.070930610000005,41.47968322999998],[-1.069452119999994,41.479460259999996],[-1.0681884399999717,41.478457289999994],[-1.067685009999991,41.477665230000014],[-1.0670257200000037,41.476879559999986],[-1.0666281800000093,41.47615232999999],[-1.0647945200000208,41.474185009999985],[-1.0644889299999818,41.47399072000002],[-1.0629127799999765,41.47343276999999],[-1.0621402300000113,41.47283429999999],[-1.061247299999991,41.47185552000002],[-1.0598812800000132,41.47067959999998],[-1.0594323600000166,41.47047386999998],[-1.0584498100000133,41.4696917],[-1.0573479999999904,41.468493190000004],[-1.0567848000000026,41.46810538],[-1.0557322500000055,41.46766427],[-1.0540514699999903,41.46660904999999],[-1.052281569999991,41.46573244000001],[-1.0506065499999977,41.46448812],[-1.050039560000016,41.46383000999998],[-1.0498563599999784,41.46315139000001],[-1.0494300199999884,41.462594739999986],[-1.0496863800000256,41.46203165999998],[-1.0493395099999816,41.461620470000014],[-1.0491753900000163,41.46110428999998],[-1.0492499900000212,41.460213880000026],[-1.0476695199999995,41.460214070000006],[-1.0464951899999733,41.46064446999998],[-1.0462063599999851,41.46069360000001],[-1.0445651800000064,41.460323440000025],[-1.0441756800000235,41.460136680000005],[-1.043744810000021,41.45973305000001],[-1.0433903499999815,41.459177599999975],[-1.0431776099999865,41.45868761000003],[-1.043068720000008,41.45792918000001],[-1.0422718300000042,41.457753490000016],[-1.0417934000000173,41.45734003000001],[-1.0401297500000055,41.45692438999998],[-1.0397049300000276,41.45671900000002],[-1.0395719399999734,41.456761760000006],[-1.0395790499999862,41.45732031],[-1.039734650000014,41.457719259999976],[-1.040151069999979,41.45820371999997],[-1.0401916100000221,41.4584476],[-1.0400733299999843,41.45879685],[-1.039586820000011,41.459446060000005],[-1.0394173899999828,41.45950620999997],[-1.038254639999991,41.458360519999985],[-1.0380775599999765,41.457880139999986],[-1.0379757700000027,41.45649135000002],[-1.037847950000014,41.45636307000001],[-1.0369148500000165,41.456338140000014],[-1.036367929999983,41.45621170999999],[-1.0363029299999766,41.45598543],[-1.0363456100000121,41.45536468],[-1.036193570000023,41.454848700000014],[-1.0357124799999724,41.45452524000001],[-1.0354217600000197,41.454241060000015],[-1.035207449999973,41.45380506999999],[-1.0344557799999734,41.45292755999998],[-1.0336024299999735,41.452246460000026],[-1.0334060900000281,41.45200892999998],[-1.0323139700000183,41.45170202000003],[-1.031337169999972,41.45154119],[-1.0309833800000092,41.45136400000001],[-1.0299421799999777,41.45056256999999],[-1.029856269999982,41.45023685000001],[-1.0294859599999882,41.44941989],[-1.0294020499999874,41.44784225000001],[-1.0290070099999866,41.447051880000004],[-1.0288773400000082,41.446590309999976],[-1.0286619099999825,41.444217820000006],[-1.028325940000002,41.44305917999998],[-1.0281172100000049,41.44204682999998],[-1.0277436800000146,41.44133789],[-1.027767410000024,41.44055470000001],[-1.0276119299999777,41.440155730000015],[-1.0267194099999983,41.43919469000002],[-1.025866409999992,41.43772093000001],[-1.0257375900000056,41.43723234999999],[-1.0255628699999875,41.43431112000002],[-1.0256112399999893,41.43232143],[-1.0251890100000196,41.43045876999997],[-1.0251510400000257,41.42973755999998],[-1.0249754999999823,41.42921215000001],[-1.0249571400000264,41.42823908999998],[-1.0246318900000233,41.42712566],[-1.024595569999974,41.42635044000002],[-1.0246872700000154,41.42569451000003],[-1.0244363599999815,41.42370869000001],[-1.024274709999986,41.42114794999998],[-1.0241614500000082,41.420542539999985],[-1.0225657500000125,41.41989364],[-1.022310300000015,41.419637050000006],[-1.0217263299999786,41.418771349999986],[-1.0211086300000147,41.41822932000002],[-1.0208509899999854,41.41804474000003],[-1.0200889700000175,41.41752724000003],[-1.01852169,41.416734659999975],[-1.0182385100000033,41.41660367999998],[-1.0167613599999754,41.41638906999998],[-1.0151551499999982,41.41609113999999],[-1.0146697800000197,41.415920640000024],[-1.0139199500000018,41.41579059999998],[-1.012246129999994,41.415356359999976],[-1.011715410000022,41.415103999999985],[-1.0111158299999943,41.414364069999976],[-1.0108557600000267,41.41426050000001],[-1.009402630000011,41.413262599999996],[-1.0081624499999862,41.41195313999998],[-1.006506360000003,41.41172628999999],[-1.0054687200000103,41.41044733000001],[-1.0048026399999799,41.40914778000001],[-1.0044046300000105,41.408861660000014],[-1.0014267199999836,41.40765706000002],[-1.0010415200000011,41.40734413000001],[-1.0003209800000263,41.407043380000005],[-0.9997564399999987,41.406727320000016],[-0.9989110899999787,41.406595519999996],[-0.9968791300000248,41.405758530000014],[-0.9954801399999837,41.40534685],[-0.9941887400000269,41.40454973999999],[-0.9937691100000166,41.404191149999974],[-0.9936923399999955,41.40396464000003],[-0.993740119999984,41.40357817],[-0.9940962300000251,41.402890860000014],[-0.9926653699999974,41.40273979],[-0.9913983000000144,41.40270865000002],[-0.9906361600000082,41.402596259999996],[-0.9894530600000166,41.40255757],[-0.9877477900000144,41.402383629999974],[-0.9870067900000095,41.40236164999999],[-0.9829406499999891,41.40193912000001],[-0.9727341999999908,41.39663471],[-0.9719808500000227,41.396243130000016],[-0.9703534999999874,41.395493869999996],[-0.9657016400000202,41.393159939999975],[-0.964269360000003,41.39229695],[-0.9637125900000001,41.39212497],[-0.963138650000019,41.391736519999995],[-0.9620151299999975,41.39132931],[-0.9613018300000249,41.39119056999999],[-0.9594448000000284,41.39052714000002],[-0.9592163500000197,41.38903694999999],[-0.9585520499999802,41.38618797999999],[-0.9583028199999717,41.384598340000025],[-0.9581871600000227,41.38332630999997],[-0.9577022400000033,41.38238998000003],[-0.9566201800000158,41.38104673999999],[-0.9565700100000072,41.38073960999998],[-0.9566242999999872,41.38053341],[-0.9567476600000191,41.38003121999998],[-0.958205420000013,41.37624718000001],[-0.9582929000000036,41.37574434999999],[-0.9596804500000076,41.37190500000003],[-0.9602351300000009,41.369843249999974],[-0.9607083500000044,41.369239170000014],[-0.9622131599999761,41.366996099999994],[-0.9634817099999964,41.365424340000004],[-0.9641450500000133,41.36447234000002],[-0.9644991100000198,41.363469829999985],[-0.9645694800000228,41.36236322000002],[-0.9646643500000209,41.36200461999999],[-0.9651741600000037,41.36137415000002],[-0.9664076999999907,41.360153009999976],[-0.9693921100000011,41.35721543],[-0.9732714400000191,41.35278038000001],[-0.9754416399999855,41.35256641000001],[-0.9776562700000113,41.352461259999984],[-0.9880363400000078,41.34532965],[-0.9882094000000166,41.34514352999997],[-0.9880282500000135,41.34481611000001],[-0.9867186399999923,41.34348718000001],[-0.9859810699999798,41.34298789000002],[-0.9857060499999761,41.34260477999999],[-0.9840309499999762,41.34072899],[-0.9839190100000224,41.34048383999999],[-0.9839665100000161,41.34010638000001],[-0.9837931800000206,41.33875229],[-0.983599570000024,41.33844266],[-0.9835417900000039,41.3383786],[-0.9821126800000002,41.337056519999976],[-0.9817241000000081,41.336482260000025],[-0.9805886199999918,41.33571475000002],[-0.9801128400000039,41.33525605],[-0.9797004700000116,41.33351945999999],[-0.9796438199999784,41.33341939000002],[-0.9788917500000025,41.332235260000004],[-0.9795578800000158,41.33078783000002],[-0.9810269600000083,41.32810251000001],[-0.9762742400000093,41.32221845999999],[-0.9781205599999794,41.32046753999998],[-0.9815596700000242,41.31665492000002],[-0.9829111500000067,41.315057360000026],[-0.9916024500000162,41.31524547999999],[-0.9966683999999759,41.31522574000002],[-1.0055489200000238,41.31547914999999],[-1.0208475599999929,41.31564433],[-1.0218386199999827,41.315661379999995],[-1.030526420000001,41.31557627000001],[-1.0370844899999838,41.31559829999998],[-1.0431275000000255,41.32444712],[-1.0546870200000171,41.328678360000026],[-1.0555497600000194,41.32899918999999],[-1.0564125000000217,41.32932001],[-1.0568330899999978,41.32964235999998],[-1.0567515700000172,41.32876729999998],[-1.0564794900000152,41.327871010000024],[-1.0564468200000192,41.326960740000004],[-1.0564625100000171,41.32683491],[-1.056478459999994,41.326700070000015],[-1.056595619999996,41.325170850000006],[-1.0567457600000125,41.32333593999999],[-1.0569057999999814,41.31674545999999],[-1.0570362299999942,41.31396447999998],[-1.0571826400000077,41.31305723999998],[-1.0575430000000097,41.311784320000015],[-1.0582484399999998,41.309751619999986],[-1.0597410699999728,41.30614694000002],[-1.060692959999983,41.303451859999996],[-1.062422579999975,41.29909454],[-1.0655800399999862,41.29854419999998],[-1.0682270400000107,41.29829145000002],[-1.0833347600000138,41.29628335000001],[-1.0840167000000065,41.295835350000004],[-1.0852509000000055,41.29528844999999],[-1.0856805600000143,41.294890280000004],[-1.086166119999973,41.29421381999998],[-1.0832765499999937,41.29256243999998],[-1.072528460000001,41.28647419999999],[-1.0712102599999866,41.284200320000025],[-1.0701594700000214,41.28257943],[-1.0691469199999801,41.281283429999974],[-1.0705952800000205,41.278326359999994],[-1.0709209400000077,41.277809409999975],[-1.0715412399999877,41.27742348999999],[-1.071933730000012,41.277069789999985],[-1.0724731199999837,41.276187119999975],[-1.0738474999999994,41.273300819999974],[-1.0740473899999756,41.272187280000026],[-1.0737455999999952,41.271488680000004],[-1.0730327800000055,41.27055801],[-1.0743272899999852,41.26957089000001],[-1.075348109999993,41.26855214],[-1.0768695900000012,41.26837042],[-1.0797613099999808,41.267463959999986],[-1.0812736600000221,41.26677762000003],[-1.085048210000025,41.26466076999998],[-1.086171180000008,41.26381476],[-1.0880441499999733,41.26181028000002],[-1.0883810000000267,41.26131147000001],[-1.089104959999986,41.25899965000002],[-1.08969393000001,41.25763132999998],[-1.0896083499999918,41.25688230999998],[-1.0907566700000189,41.256387959999984],[-1.0924911299999849,41.25584927],[-1.0929335800000217,41.255000929999994],[-1.0967223399999853,41.255234789999975],[-1.0987040200000138,41.25522252000002],[-1.1006289300000276,41.25511019999999],[-1.102520659999982,41.25490722000001],[-1.1045612099999857,41.254922840000006],[-1.1055753900000127,41.25617353000001],[-1.1073050100000046,41.25621100000001],[-1.1098583200000007,41.257072619999974],[-1.1129013500000156,41.256266890000006],[-1.1130240300000196,41.256151810000006],[-1.1141039500000147,41.255124679999994],[-1.1147510200000283,41.255036200000006],[-1.1160620599999902,41.25551703999997],[-1.11631079,41.25558416000001],[-1.1175645299999815,41.25598298],[-1.118963000000008,41.25633011000002],[-1.121480360000021,41.25678556999998],[-1.121611219999977,41.25596804999998],[-1.121723320000001,41.25455575000001],[-1.1218750200000045,41.25259464999999],[-1.1226224600000023,41.25108462999998],[-1.1233071899999914,41.250095999999985],[-1.123506309999982,41.24981101999998],[-1.1240097599999785,41.24890048999998],[-1.1243589000000043,41.24796042999998],[-1.1275618700000223,41.242788399999995],[-1.128992129999972,41.24159569],[-1.128934519999973,41.23943301999998],[-1.1297598200000039,41.23936536999997],[-1.1297536899999727,41.238743769999985],[-1.130301970000005,41.238347350000026],[-1.1303998299999876,41.237844540000026],[-1.1311428999999862,41.237730510000006],[-1.1317751700000258,41.23731743000002],[-1.1325813199999857,41.23666398],[-1.1315848599999754,41.23562098000002],[-1.1310390599999778,41.23551304],[-1.1299654000000032,41.23550461000002],[-1.1297488100000237,41.23514979999999],[-1.1292975499999898,41.23465607999998],[-1.1280473699999902,41.233726020000006],[-1.127388499999995,41.23340003999999],[-1.1275256499999955,41.23235743999999],[-1.1275185100000158,41.23177184999997],[-1.1272082400000158,41.23093813000003],[-1.126519700000017,41.229981169999974],[-1.1264666600000055,41.229331779999995],[-1.1273422200000027,41.227499550000005],[-1.1276757599999883,41.227099650000014],[-1.1287790399999835,41.22690141999999],[-1.1291129400000273,41.22690684999998],[-1.1298121599999718,41.22707134000001],[-1.1311349399999813,41.227543190000006],[-1.1325914899999816,41.227927120000004],[-1.1345295599999758,41.228580050000005],[-1.1355375900000126,41.228794549999975],[-1.1366226100000176,41.22965879999998],[-1.137617970000008,41.22990009],[-1.1447613799999772,41.23086215000001],[-1.1453702800000087,41.23169163],[-1.1467305200000055,41.232956539999975],[-1.1487871699999914,41.23280048999999],[-1.156472210000004,41.23191503999999],[-1.1576652499999796,41.23106945000001],[-1.1586915600000225,41.230212170000016],[-1.1599604400000203,41.229637990000015],[-1.1612257799999952,41.229189829999996],[-1.1629607300000089,41.22858703000003],[-1.1651830000000132,41.227622680000025],[-1.1651893800000153,41.227820940000015],[-1.1716191099999946,41.22828356000002],[-1.1729365900000062,41.22852965999999],[-1.1768211699999824,41.22956405000002],[-1.1778780700000198,41.22974291999998],[-1.1802948499999957,41.22950193999998],[-1.183580710000001,41.22932866000002],[-1.1839191199999846,41.229171870000016],[-1.184784040000011,41.228527989999975],[-1.1860427699999718,41.22744893999999],[-1.1866455200000132,41.227224250000006],[-1.1875068900000088,41.22713873999999],[-1.1890261600000258,41.22655916999997],[-1.1896686399999794,41.226190970000005],[-1.1901988199999778,41.226001139999994],[-1.1902907499999742,41.22742574],[-1.1903906300000244,41.22769753],[-1.190748649999989,41.22812649999997],[-1.1920105600000284,41.229092089999995],[-1.1923591600000236,41.22943084000002],[-1.1926565800000049,41.22989488000002],[-1.193014909999988,41.23117954000003],[-1.1942124299999932,41.23405364000001],[-1.1938723800000162,41.23600289000001],[-1.1938701899999842,41.23694862000002],[-1.1939415300000178,41.23739109000002],[-1.194254419999993,41.23816162000003],[-1.1946878300000208,41.23888899999997],[-1.1961749800000234,41.24078582999999],[-1.1966216000000145,41.24146837000001],[-1.196985380000001,41.241257899999994],[-1.1973702999999887,41.24114682999999],[-1.197836489999986,41.24111811],[-1.1982644099999789,41.24117884999998],[-1.198734609999974,41.24143841],[-1.1993263800000022,41.24205116000002],[-1.1997970799999962,41.242292710000015],[-1.2013266899999735,41.2426499],[-1.2032136000000264,41.242598310000005],[-1.2039988999999878,41.24268261999998],[-1.205872510000006,41.243117170000005],[-1.2065087600000197,41.24341532],[-1.2075885799999924,41.24451302],[-1.2090708200000222,41.24573406000002],[-1.2103177000000187,41.245086920000006],[-1.2114109500000154,41.244383330000005],[-1.212472219999995,41.243976480000015],[-1.2128823099999977,41.243379360000006],[-1.213811029999988,41.243456820000006],[-1.21493688999999,41.24374451],[-1.2158770500000173,41.24384014999998],[-1.216649899999993,41.24438356000002],[-1.2175231499999768,41.24430702000001],[-1.2179122800000073,41.24360146999999],[-1.2188551300000086,41.24359805],[-1.220317620000003,41.24467453],[-1.221017800000027,41.2443791],[-1.2219769899999733,41.244213779999995],[-1.2227942499999926,41.24400121999997],[-1.2235443000000146,41.244066840000016],[-1.22444698999999,41.24422489],[-1.224859620000018,41.24441139999999],[-1.2255193400000053,41.245169180000005],[-1.2274238399999717,41.24711708000001],[-1.2278786200000127,41.247952750000024],[-1.2283056499999816,41.248490749999974],[-1.2288003799999956,41.24961526999999],[-1.2290979100000072,41.25008823000002],[-1.2295424999999796,41.250860690000025],[-1.229741419999982,41.251007860000016],[-1.2303128500000184,41.25106168999997],[-1.2318202000000156,41.251373090000016],[-1.2323903899999777,41.25103057000001],[-1.2336001900000042,41.250868990000015],[-1.234363959999996,41.25087171000001],[-1.2352065800000105,41.25060540999999],[-1.236115390000009,41.250096919999976],[-1.2366850600000134,41.249772380000024],[-1.237795140000003,41.248879639999984],[-1.2374048899999934,41.24741448999998],[-1.23794891,41.246711240000025],[-1.2378340000000208,41.24521427000002],[-1.2372234200000207,41.243511549999994],[-1.2375142500000038,41.24290351000002],[-1.2375647999999728,41.24235484000002],[-1.2373358400000143,41.24154967999999],[-1.2373382000000106,41.24101829],[-1.238378790000013,41.240484779999974],[-1.2392306899999994,41.239867300000014],[-1.241338600000006,41.237800830000026],[-1.2425626099999931,41.23709894000001],[-1.2425661300000002,41.23652253],[-1.2427948199999719,41.236003589999996],[-1.244013730000006,41.23459903999998],[-1.2446486499999878,41.23405928],[-1.245473660000016,41.23354942999998],[-1.2463079400000083,41.233138800000006],[-1.2498441100000264,41.23163435999999],[-1.2504490900000178,41.23131928999999],[-1.2510206900000185,41.23091363999998],[-1.252941060000012,41.234518709999975],[-1.2529746800000225,41.234600279999995],[-1.2536292899999921,41.236006350000025],[-1.2532823099999746,41.236937850000004],[-1.253281759999993,41.237406220000025],[-1.2535331400000018,41.23782437],[-1.2539312600000017,41.23810963],[-1.2544737100000134,41.23835205],[-1.2556319099999769,41.240567390000024],[-1.257017200000007,41.24142605999998],[-1.257341820000022,41.24223261999998],[-1.2580919399999857,41.244991200000015],[-1.2570405700000151,41.24683078999999],[-1.2581038299999818,41.248585289999994],[-1.260810460000016,41.249130630000025],[-1.2610824600000115,41.24922480999999],[-1.263045180000006,41.24992099000002],[-1.2636729399999922,41.250101599999994],[-1.264075470000023,41.25022476999999],[-1.2648480700000277,41.25034449999998],[-1.2678013199999896,41.25104651999999],[-1.2692804800000204,41.251528140000005],[-1.270041419999984,41.251638660000026],[-1.2718419700000254,41.25170173999999],[-1.2735311199999728,41.251916240000014],[-1.2770752999999786,41.25466253000002],[-1.27835331,41.25553735],[-1.2791847099999814,41.25569389999998],[-1.2799685100000033,41.256300099999976],[-1.2805790200000047,41.256687520000014],[-1.2812929099999906,41.25813935000002],[-1.282041779999986,41.25825861999999],[-1.2825931300000093,41.25862713999999],[-1.2832880400000022,41.25943916],[-1.285105470000019,41.25932212999999],[-1.2867534999999748,41.259292630000004],[-1.2883971599999882,41.260343920000025],[-1.2891456500000231,41.26002177999999],[-1.2897755199999779,41.25967085000002],[-1.2901318899999978,41.25927982000002],[-1.2904124799999863,41.25859043000003],[-1.290412300000014,41.25814006000002],[-1.2911320000000046,41.257547260000024],[-1.2915760999999861,41.256995399999994],[-1.2922386299999857,41.25722141],[-1.2940304599999877,41.25762628000001],[-1.2947952499999928,41.25805194999998],[-1.295292619999998,41.258662809999976],[-1.296577950000028,41.26156417999999],[-1.2969684299999926,41.26307416999998],[-1.2972955199999774,41.263808600000004],[-1.297777520000011,41.26455433000001],[-1.2987132100000167,41.264838380000015],[-1.2996629300000109,41.26458220000001],[-1.300566329999981,41.26473064999999],[-1.3011105799999996,41.26491883],[-1.3016506299999833,41.265269079999996],[-1.3022082599999862,41.26586278000002],[-1.3034412700000075,41.26757433],[-1.3039650000000051,41.26809546999999],[-1.306020090000004,41.26941377000003],[-1.3098844900000017,41.27279428000003],[-1.3115942000000018,41.27408939999998],[-1.313213840000003,41.275176009999996],[-1.313444430000004,41.27549463999998],[-1.3136043000000086,41.27763170999998],[-1.3135067100000128,41.27863910000002],[-1.3118908600000054,41.27925492999998],[-1.310933069999976,41.27981734000002],[-1.3127252400000202,41.28162707000001],[-1.3150746000000026,41.28452579999998],[-1.3166191400000002,41.28715151],[-1.3174837400000001,41.287893740000015],[-1.318728980000003,41.288695570000016],[-1.3193142999999736,41.28915448999999],[-1.3197432800000115,41.289656149999985],[-1.3199185600000192,41.29027120000001],[-1.3199613799999952,41.29092936000001],[-1.3196420400000193,41.29220372999998],[-1.3196576600000185,41.293455970000025],[-1.3182482299999947,41.295786280000016],[-1.318141149999974,41.296235079999974],[-1.3182007400000089,41.29670433000001],[-1.318636060000017,41.29789063999999],[-1.3201374399999963,41.300353529999995],[-1.3208338700000013,41.30021056999999],[-1.3217856499999812,41.29989118999998],[-1.3221913599999766,41.299906109999995],[-1.3231092600000238,41.30044191000002],[-1.3234072899999774,41.30046427000002],[-1.3241030199999955,41.300348299999996],[-1.3263712099999907,41.29899418999997],[-1.3268896700000141,41.29880357000002],[-1.3287855099999888,41.29893019999997],[-1.331380500000023,41.29927409999999],[-1.3325682600000164,41.29953451],[-1.3334391500000038,41.29910576999998],[-1.3341775800000164,41.2996569],[-1.335509600000023,41.30082009],[-1.3362428099999875,41.30157830000002],[-1.3364816399999881,41.30205013],[-1.3363549499999863,41.30280491000002],[-1.336123079999993,41.303468099999975],[-1.3361874199999875,41.30422564000003],[-1.3365165199999751,41.304905940000026],[-1.3371296899999834,41.30568942999997],[-1.3386188700000048,41.308196940000016],[-1.338469439999983,41.30890635999998],[-1.339028369999994,41.310887019999996],[-1.339415410000015,41.3116402],[-1.3399338300000068,41.312395289999984],[-1.3405250499999966,41.31310638000002],[-1.3403362099999754,41.31631024000001],[-1.339584670000022,41.31767751000001],[-1.3398291299999983,41.31840161000002],[-1.340424110000015,41.31943702000001],[-1.341659170000014,41.32161657],[-1.3417428399999949,41.32208615000002],[-1.3417025100000046,41.32273408999998],[-1.3411762599999975,41.32416766],[-1.3413747999999828,41.324819049999974],[-1.3417939000000274,41.325725809999994],[-1.341923300000019,41.326277119999986],[-1.3419521199999735,41.32702512999998],[-1.342130510000004,41.32800049000002],[-1.3423384399999918,41.328282709999996],[-1.3433469899999864,41.32903582],[-1.3442287999999962,41.33007534000001],[-1.3448468500000104,41.33067870999997],[-1.3447142599999893,41.3316676],[-1.344258439999976,41.33267885999999],[-1.3439141499999891,41.33306120999998],[-1.3435865899999726,41.33325466000002],[-1.343678049999994,41.33341810000002],[-1.3437348100000008,41.33353602],[-1.3445946499999764,41.33591729],[-1.345948280000016,41.337206779999974],[-1.3460618199999885,41.337442599999974],[-1.3460200499999928,41.33767618000002],[-1.3457449200000156,41.33815862],[-1.3457491099999856,41.33846492999999],[-1.3458831300000043,41.33883615000002],[-1.3461149999999975,41.33911870999998],[-1.3473692900000174,41.339614110000014],[-1.3478020000000015,41.33998961999998],[-1.3488718799999901,41.34068953000002],[-1.3504775999999765,41.34146916999998],[-1.3520813200000248,41.342329819999975],[-1.3541741700000216,41.34370185],[-1.3545972599999914,41.343987130000016],[-1.356425549999983,41.34542739],[-1.35802056,41.34711650000003],[-1.3597796600000152,41.347510890000024],[-1.3614211400000045,41.34687675999999],[-1.363384960000019,41.347210949999976],[-1.3664397200000167,41.347893880000015],[-1.3691058699999985,41.348346040000024],[-1.3715900500000089,41.350344800000016],[-1.3717949599999884,41.352194180000026],[-1.37184689999998,41.35298755000002],[-1.3718439799999942,41.353104599999995],[-1.371792140000025,41.35326600000002],[-1.3717513600000188,41.35346357999998],[-1.3717107900000087,41.353652160000024],[-1.3717536500000165,41.35385092000001],[-1.3719696900000145,41.354295330000014],[-1.3724295100000177,41.35503143],[-1.3739165900000216,41.35580005000003],[-1.3746715300000005,41.356207040000015],[-1.3751640300000076,41.35659229999999],[-1.3760284100000035,41.357406149999974],[-1.3768900499999859,41.35785064999999],[-1.3777738100000079,41.35836752],[-1.3803817200000026,41.36022372000002],[-1.378280200000006,41.361563209999986],[-1.376580199999978,41.36406126000003],[-1.3766089700000066,41.36482726999998],[-1.3750640399999838,41.366372720000015],[-1.3731976799999757,41.36785954999999],[-1.3697460999999862,41.37009852],[-1.3690959300000145,41.37027845],[-1.366897329999972,41.371174999999994],[-1.36426677999998,41.372128420000024],[-1.3625391799999989,41.37331080000001],[-1.3617441600000006,41.373542680000014],[-1.3599570200000244,41.37376040999999],[-1.35840761999998,41.373558160000016],[-1.3548255800000106,41.37429961999999],[-1.3524853600000029,41.374635420000004],[-1.352747690000001,41.375611960000015],[-1.3530013000000167,41.37740802000002],[-1.3532405099999778,41.377879810000024],[-1.3535415499999885,41.378271429999984],[-1.354172530000028,41.378856919999976],[-1.354861480000011,41.37951528999997],[-1.3559845099999848,41.38098150000002],[-1.3566468099999724,41.38222495000002],[-1.3570298500000035,41.38363554],[-1.357121339999992,41.38427634999999],[-1.357001949999983,41.38474301999997],[-1.3566452599999934,41.38513424000001],[-1.3605988699999898,41.385334769999986],[-1.3615275500000052,41.385501120000015],[-1.3636145400000146,41.38621537],[-1.3734077199999888,41.385813840000026],[-1.3747981600000116,41.385689379999974],[-1.375819540000009,41.385496639999985],[-1.3770589499999915,41.38471249999998],[-1.3792863599999805,41.38411339999999],[-1.3818249000000264,41.38302324],[-1.3828472100000226,41.38230804],[-1.383595200000002,41.38156194999999],[-1.38508668999998,41.380249830000025],[-1.3860400899999945,41.379416530000015],[-1.3869009499999834,41.37845583000001],[-1.3886693499999865,41.37609371000002],[-1.3905578600000013,41.37321982999998],[-1.3909532100000206,41.37318933],[-1.3914528099999757,41.37329540000002],[-1.392424779999999,41.37364224999999],[-1.3940280799999982,41.37408798000001],[-1.3949035599999888,41.374469499999975],[-1.395515190000026,41.374883350000005],[-1.3978229800000008,41.376834050000014],[-1.3990676600000143,41.379715669999996],[-1.3979404500000214,41.38178964999997],[-1.3990270900000041,41.38331799000002],[-1.4012312799999904,41.386095839999996],[-1.3985353499999746,41.389219860000026],[-1.4000437799999759,41.392087119999985],[-1.4009573899999737,41.39238805000002],[-1.4023665899999855,41.39296608000001],[-1.4053110199999992,41.39386261999999],[-1.4058785799999782,41.3941317],[-1.4063350100000207,41.39454334999999],[-1.406681849999984,41.39503453999998],[-1.4075202999999874,41.396946660000026],[-1.4080118300000208,41.39788120999998],[-1.4100702499999898,41.398333019999995],[-1.4107341900000279,41.39857638000001],[-1.41140790999998,41.39890995000002],[-1.410718920000022,41.40067484000002],[-1.4107331700000145,41.40107136],[-1.4110187499999824,41.40162473999999],[-1.4117604099999994,41.40260776000002],[-1.410820460000025,41.404360180000026],[-1.411092329999974,41.40596720999997],[-1.4116404800000169,41.40801941000001],[-1.410808089999989,41.40977332],[-1.4129310999999802,41.41102761000002],[-1.4125499200000036,41.41292285999998],[-1.4127200199999947,41.41379890000002],[-1.4132828599999812,41.41476143],[-1.4118817600000284,41.416282309999986],[-1.4115108400000054,41.416772579999986],[-1.4110661700000264,41.417342899999994],[-1.4115158800000245,41.41754727],[-1.4121811300000218,41.41774561],[-1.413193260000014,41.41794872000003],[-1.4143252700000062,41.419126259999985],[-1.4151967899999818,41.420192110000016],[-1.417050549999999,41.42269461000001],[-1.4185880800000064,41.42442712000002],[-1.4173585199999934,41.42577928999998],[-1.416747369999996,41.42679769],[-1.4160990600000218,41.428851399999985],[-1.415524189999985,41.42985227999998],[-1.4148720000000026,41.430095489999985],[-1.4130701700000259,41.430367880000006],[-1.4120462000000202,41.43064197000001],[-1.4110685499999818,41.430979750000006],[-1.4104628700000035,41.43127762],[-1.4100727599999914,41.43156945999999],[-1.4088502399999925,41.43311079],[-1.4075848699999938,41.43444434000003],[-1.4071703600000092,41.43475384999999],[-1.4052208800000017,41.435672580000016],[-1.4030371499999887,41.436867240000026],[-1.4001154900000188,41.437889470000016],[-1.3972493499999814,41.43859715000002],[-1.394606529999976,41.43898361999999],[-1.3934511799999996,41.43923769999998],[-1.3916979900000115,41.43946539000001],[-1.3885144899999773,41.43944785000002],[-1.3871167600000263,41.43933817999999],[-1.385875349999992,41.43871729],[-1.3851406399999746,41.43841874999998],[-1.3843445499999802,41.43818239000001],[-1.3836758400000235,41.43811894999999],[-1.3831344999999828,41.43822842999998],[-1.3828980999999771,41.43907177],[-1.3819528999999875,41.44146337000001],[-1.3812921900000106,41.442039539999996],[-1.3808831700000042,41.44356498000002],[-1.3802488200000198,41.444042430000025],[-1.3797630000000254,41.44432382000002],[-1.3792652000000203,41.44460502999999],[-1.3764884899999856,41.444106499999975],[-1.3753706300000204,41.44381148999997],[-1.3743274999999926,41.443400440000005],[-1.3732570700000224,41.443124090000026],[-1.3706565800000021,41.44276301999997],[-1.3672977499999774,41.442093890000024],[-1.3656995299999721,41.44186402999998],[-1.3648133799999869,41.44187844999999],[-1.3639353500000198,41.44204610000003],[-1.3627773399999796,41.44239891000001],[-1.3616152499999998,41.442913780000026],[-1.3586839499999996,41.441908220000016],[-1.3580464300000017,41.441556849999984],[-1.3579179800000247,41.44142892000002],[-1.355693180000003,41.43946961],[-1.3546677699999918,41.43836508999999],[-1.3541752500000257,41.437961729999984],[-1.3539991900000246,41.4378241],[-1.3521818799999892,41.43679829000001],[-1.3511697899999717,41.43611726],[-1.350211829999978,41.43566217],[-1.349926700000026,41.43652276],[-1.3496809399999847,41.43866292000001],[-1.3493618100000049,41.43991933000001],[-1.3486429199999748,41.44089078000002],[-1.3481890799999974,41.44179398],[-1.3478940699999953,41.44304172],[-1.3468070600000033,41.444836520000024],[-1.3461256400000252,41.44621381000002],[-1.3451305400000138,41.44768565999999],[-1.344500069999981,41.448469209999985],[-1.3440055799999868,41.44908357000003],[-1.341897959999983,41.45145809000002],[-1.3417903100000217,41.452393270000016],[-1.3418665500000202,41.45315997],[-1.341727789999993,41.45343717999998],[-1.3400523799999746,41.455286479999984],[-1.3387389000000098,41.456555519999995],[-1.3368214199999784,41.45803196999998],[-1.3272967699999754,41.45919982999999],[-1.3232155499999863,41.459599749999995],[-1.321234650000008,41.459805029999984],[-1.3190704900000014,41.46015170999999],[-1.3108841000000098,41.46094145000001],[-1.3091331200000127,41.461050820000025],[-1.3057170399999904,41.46164904],[-1.3045719899999995,41.46147903999997],[-1.3034553599999867,41.461138319999975],[-1.3026628399999822,41.46076634000002],[-1.301260749999983,41.46218676000001],[-1.2972351500000059,41.46776560000001],[-1.2931965500000047,41.473812450000025],[-1.2924773899999877,41.474747509999986],[-1.2912059799999724,41.47618775000001],[-1.290635870000017,41.47691785000001],[-1.2903507999999988,41.47728289999998],[-1.2891486500000156,41.479273569999975],[-1.2883246800000165,41.48099965],[-1.2856663100000105,41.485517560000005],[-1.2829030500000158,41.48945739999999],[-1.282000910000022,41.490957089999995],[-1.2804619300000013,41.49433871000002],[-1.2800545200000215,41.49615202000001],[-1.2797597699999983,41.496877170000005],[-1.2787894200000096,41.49823170000002],[-1.278308050000021,41.49876490999998],[-1.2775215400000093,41.499509709999984],[-1.276818579999997,41.49981442000001],[-1.2762116499999934,41.500111549999986],[-1.276078240000004,41.500172599999985],[-1.272231540000007,41.50245666000001],[-1.2655045999999857,41.50714704000001],[-1.2632732600000054,41.50859048000001],[-1.2591701200000216,41.51146467000001],[-1.255714179999984,41.51342983000001],[-1.2547607500000026,41.51412690000001],[-1.2525638000000185,41.51516535000002],[-1.249511919999975,41.516352859999984],[-1.2481231799999932,41.51674602000003],[-1.2449412700000266,41.51741802999999],[-1.2437976599999843,41.51760773000001],[-1.2431742699999973,41.51761621000003],[-1.2422076199999879,41.51746632999999],[-1.2387904299999946,41.51664843999998],[-1.237927959999979,41.51663523000002],[-1.2360181899999816,41.51679508000001],[-1.2297687600000131,41.51613157999998],[-1.2258148299999903,41.51610664999998],[-1.2224184799999875,41.516288359999976],[-1.217768669999998,41.516729759999976],[-1.2170584699999836,41.516844839999976],[-1.215249990000018,41.51593410999999],[-1.2112271799999803,41.514061200000015],[-1.2108043999999722,41.51374838999999],[-1.209464120000007,41.511944159999985],[-1.206743490000008,41.50979414],[-1.2053428199999985,41.5088806],[-1.2036397699999952,41.50763807999999],[-1.2020345999999904,41.50675733000003],[-1.2006507899999974,41.50610519999998],[-1.1997550400000137,41.505568779999976],[-1.1979543900000067,41.50396436],[-1.1971642600000223,41.50307830999998],[-1.1965887100000145,41.50223163999999],[-1.1934135899999774,41.50008317999999],[-1.1928971899999965,41.49969678000002],[-1.1927664099999902,41.50009103000002],[-1.1929287599999725,41.50071505],[-1.192813909999984,41.50139776999998],[-1.192687890000002,41.501620960000025],[-1.1922936400000026,41.50201105999997],[-1.19094419999999,41.50314272000003],[-1.1910583800000154,41.50377500000002],[-1.1910857199999896,41.50451399000002],[-1.1913121399999795,41.50541823999998],[-1.1915745599999923,41.505890720000025],[-1.1918766699999992,41.506228729999975],[-1.1920462900000075,41.50659166999998],[-1.1921036100000038,41.507114969999975],[-1.1919220300000006,41.50847214999999],[-1.1913219900000058,41.50979573000001],[-1.1902447599999846,41.511472070000025],[-1.1891480499999716,41.51298595999998],[-1.1882223200000226,41.513953130000004],[-1.1875028000000043,41.51440113000001],[-1.1857334200000196,41.51596742999999],[-1.185146130000021,41.51639949999998],[-1.1749074599999858,41.521677539999985],[-1.1705564499999923,41.52382405999998],[-1.1692803000000254,41.52445223000001],[-1.1686637500000074,41.52464056000002],[-1.1648412000000121,41.52503895000001],[-1.1637984399999937,41.52504031000001],[-1.1603256000000215,41.524516430000006],[-1.1580759700000272,41.524390340000025]]]}},{"type":"Feature","properties":{"OBJECTID":1710,"ZON_CO_ID":285,"ZON_DS_NOM":"Vino de Pago Aylés","CAL_DS_NOM":"V.P.Pago Aylés","TPR_DS_DES":"Vino de Pago","TPR_DS_GRU":"CALIDAD DIFERENCIADA","FAM_DS_NOM":"Vinos"},"geometry":{"type":"Polygon","coordinates":[[[-1.070448472999999,41.393135857000004],[-1.0722330689999922,41.39356415999998],[-1.0721616839999797,41.39370692799997],[-1.0710052669999754,41.39640523700001],[-1.0702628750000258,41.398089895],[-1.0698060180000084,41.399174930000015],[-1.0693634379999821,41.40020285700001],[-1.0693348849999893,41.400402731999975],[-1.0692063939999912,41.40063115999999],[-1.0690636269999914,41.400888141999985],[-1.068920859000002,41.401016631999994],[-1.0688209209999968,41.401045185999976],[-1.068164190999994,41.401487766],[-1.0676216730000192,41.401373551999995],[-1.0670077720000108,41.401073739000026],[-1.0663185399999975,41.40076378200001],[-1.0654292300000066,41.400007372000005],[-1.0652317749999725,41.399654682000005],[-1.0651172810000276,41.39930083799999],[-1.065137515999993,41.399132098999985],[-1.06525173,41.398975054000005],[-1.0653507260000197,41.398811222000006],[-1.0656065470000158,41.39896686499998],[-1.0657824969999865,41.398805025],[-1.0672790309999982,41.397561655000004],[-1.0673932450000052,41.39751882500002],[-1.0683355109999866,41.39810417299998],[-1.0694776519999891,41.39543441699999],[-1.070448472999999,41.393135857000004]]]}},{"type":"Feature","properties":{"OBJECTID":1773,"ZON_CO_ID":55,"ZON_DS_NOM":"Somontano","CAL_DS_NOM":"D.O.Somontano","TPR_DS_DES":"Denominación de Origen","TPR_DS_GRU":"CALIDAD DIFERENCIADA","FAM_DS_NOM":"Vinos"},"geometry":{"type":"Polygon","coordinates":[[[-0.05159192000002122,42.35411505000002],[-0.050188230000003387,42.35401588000002],[-0.049200519999999415,42.3541075],[-0.04824550000000727,42.354019859999994],[-0.052088659999981246,42.34998551000001],[-0.056701379999992696,42.34817706000001],[-0.05803221999997277,42.34827428],[-0.05749436000002106,42.34705379000002],[-0.05715602999998737,42.34546019999999],[-0.05717557000002671,42.34400188000001],[-0.05624774000000343,42.342555240000024],[-0.05563710000001265,42.34185516000002],[-0.05567911000002823,42.34095573000002],[-0.055542930000001434,42.340492970000014],[-0.05518564999999853,42.33982641],[-0.05505114999999705,42.33932768],[-0.05518168999998352,42.338871770000026],[-0.05550199999998995,42.338510799999995],[-0.05594810000002326,42.33831515000003],[-0.05653632000002062,42.33819519000002],[-0.05685823999999684,42.338059380000004],[-0.05705689000001257,42.337704280000025],[-0.05695790999999417,42.337224470000024],[-0.05603673000001663,42.336417359999984],[-0.055680240000015147,42.335993959999996],[-0.056053399999996145,42.33476085000001],[-0.05539121999998997,42.33490591999998],[-0.05505429999999478,42.33484322999999],[-0.054991229999984625,42.334634489999985],[-0.05510292000002437,42.334322180000015],[-0.055925679999973,42.333857060000014],[-0.05597800999998981,42.33351621000003],[-0.0560311200000001,42.33341852000001],[-0.05617957999999135,42.33309815000001],[-0.05716631000001371,42.33197985999999],[-0.05813202000001638,42.33131128000002],[-0.059033709999994244,42.33097422999998],[-0.05942542999997613,42.33064209999998],[-0.05945553999998765,42.3305168],[-0.0593142800000237,42.33042311999998],[-0.05868897999999945,42.330299009999976],[-0.058288960000027146,42.33028873000001],[-0.055877520000024106,42.33046990999998],[-0.05486426999999594,42.33059694999997],[-0.05062771000001476,42.32983958],[-0.04994248999997808,42.32892141999997],[-0.04907816999997294,42.32742232999999],[-0.04692500999999538,42.32442218],[-0.04450531999998475,42.321676260000004],[-0.0436496500000203,42.32103282999998],[-0.04268608000000995,42.32062073999998],[-0.0419023200000197,42.319997160000014],[-0.039835059999973055,42.31776452999998],[-0.03851627000000235,42.31664983000002],[-0.03731985000001714,42.31577241999997],[-0.03691596999999547,42.31532972999997],[-0.03642144000002645,42.31320074000001],[-0.036172860000021956,42.31229380000002],[-0.03589032000002135,42.31159309999998],[-0.03778992999997399,42.30989525000001],[-0.038326439999991635,42.30906264999999],[-0.039318439999988186,42.30808873000001],[-0.03986250000002656,42.30709422000001],[-0.040567060000000765,42.305005240000014],[-0.04057012999999188,42.304681130000006],[-0.04022577000000638,42.30297027],[-0.04039140999998381,42.30254230999998],[-0.040806959999997616,42.30195871000001],[-0.04147653000001128,42.30035508999998],[-0.04159255000001849,42.298656119999976],[-0.04166684000000487,42.297847579999996],[-0.041470989999993435,42.29762640000001],[-0.0410976399999754,42.29731057999999],[-0.04110153999999966,42.29696848999998],[-0.04174082999998063,42.293680129999984],[-0.04248053999998547,42.2918712],[-0.04142903000001752,42.29205116000003],[-0.04166120999997247,42.29123769],[-0.04164709000002631,42.29102119999999],[-0.04147801999999956,42.290746679999984],[-0.04140797999997403,42.290429700000004],[-0.04217799999997851,42.28900877000001],[-0.04242931999999655,42.28830384999998],[-0.04257036000001335,42.28762310000002],[-0.0424920899999961,42.28696371000001],[-0.04186872000002495,42.28525465000001],[-0.040973650000012185,42.28416893000002],[-0.040550230000008014,42.28388783999998],[-0.03956175000001849,42.28350210000002],[-0.03873356999997668,42.28331859999997],[-0.03627486999999974,42.282993859999976],[-0.03413828999998714,42.28252433],[-0.033555349999971895,42.28228410999998],[-0.033442250000007334,42.282110079999995],[-0.03371335999997882,42.28124360999999],[-0.0337105400000155,42.28104542],[-0.033609130000002096,42.28088070000001],[-0.03243187999999009,42.28064310000002],[-0.03129816000000574,42.280253519999974],[-0.030566099999987273,42.28009046],[-0.030234160000020438,42.279928770000026],[-0.0299941900000249,42.279616369999985],[-0.03012376999998878,42.27943963000001],[-0.032096290000026784,42.278752329999975],[-0.032931840000003376,42.278260690000025],[-0.033112389999985226,42.27803123000001],[-0.03327546999997821,42.277657239999996],[-0.033419949999995424,42.27690454999998],[-0.03387283000000707,42.27578163999999],[-0.03417037999997774,42.275384110000005],[-0.03463959999999133,42.274946],[-0.03672677999998086,42.27336108999998],[-0.0369816400000218,42.27309752999997],[-0.037095819999990454,42.27273127000001],[-0.03708058000000847,42.272280620000004],[-0.03690043000000287,42.271726650000005],[-0.03687760000002527,42.27143790000002],[-0.03708612000002631,42.27112811000001],[-0.03748925000002146,42.27080534999999],[-0.03813330999997788,42.27051583000002],[-0.03845870999998624,42.270299120000004],[-0.038617520000002514,42.27001505999999],[-0.038469899999995505,42.26954297999998],[-0.038066829999991114,42.26883015999999],[-0.0374760899999842,42.26668968000001],[-0.0374268599999823,42.265670829999976],[-0.037643790000004174,42.26518116],[-0.03817428999997219,42.264726619999976],[-0.03837026000002197,42.264425510000024],[-0.037443660000008094,42.26453663000001],[-0.03096261000001732,42.264945160000025],[-0.029299460000004274,42.26499209999997],[-0.023615339999992102,42.264952619999974],[-0.02131463000000622,42.262578510000026],[-0.02081903999999213,42.26254761000001],[-0.020431570000027932,42.26253753999998],[-0.017353539999987788,42.26302476000001],[-0.01723119000001816,42.26304858999998],[-0.016489180000007764,42.263101310000025],[-0.013744830000007369,42.26293974999999],[-0.010932070000023941,42.26319957999999],[-0.009779449999996359,42.262962389999984],[-0.008442240000022139,42.26278338999998],[-0.007022170000027472,42.262818340000024],[-0.005806310000025405,42.26238133999999],[-0.003591630000016721,42.26204428],[-0.00218624000001455,42.26202552000001],[0.00028933999999480875,42.26207778000003],[0.0034345700000244506,42.26168018999999],[0.004968850000011571,42.26156791],[0.009463910000022224,42.25489421999998],[0.008496429999979682,42.253667930000006],[0.00642776000000822,42.252479530000016],[0.004651410000008127,42.25131945999999],[0.0039434299999925315,42.25095980999998],[0.0030256599999916034,42.25077675],[-0.0009480900000085057,42.249539089999985],[-0.006003829999997379,42.24771722000003],[-0.007662540000012541,42.24698611000002],[-0.008035339999992175,42.24602329999999],[-0.008443870000007792,42.24430498999999],[-0.008743349999974726,42.243610409999974],[-0.008734259999982896,42.24303385000002],[-0.008980640000004314,42.242436940000005],[-0.008855059999973491,42.240479549999975],[-0.008940870000003542,42.24020263],[-0.00940573000002587,42.239854560000026],[-0.009314000000017586,42.239744110000004],[-0.008605400000021746,42.239608540000006],[-0.008288040000024921,42.23837556000001],[-0.007512369999972179,42.23812117],[-0.007831590000023425,42.237265019999995],[-0.007821420000027501,42.23696758],[-0.007340129999988676,42.23612653999999],[-0.007004460000018753,42.235793590000014],[-0.006452159999980722,42.235941249999996],[-0.006210099999975682,42.235934929999985],[-0.005186750000007123,42.23502567999998],[-0.005026069999985339,42.234580230000006],[-0.00542680000000928,42.2340504],[-0.0055665599999770166,42.23365783000003],[-0.005419500000016342,42.23292457000002],[-0.005255180000006021,42.23281221000002],[-0.004621159999999236,42.23289469000002],[-0.004136389999985113,42.23315216999998],[-0.0037317200000188677,42.23299751000002],[-0.0033434100000135913,42.232753220000006],[-0.0031901699999821176,42.23240701999998],[-0.0031989400000043133,42.231966],[-0.0014024500000004991,42.23100948000001],[-0.001143019999972239,42.230858599999976],[-0.0008650999999986198,42.23084232000002],[-0.00021900000001551234,42.23092446999999],[0.00018597000001818742,42.23026549000002],[0.0005137300000228606,42.23002278000001],[0.0005913499999792293,42.22961551999998],[0.0007474000000229353,42.22958440999997],[0.00113023000000112,42.229736479999985],[0.001496270000018285,42.22978992999998],[0.0023350199999754295,42.22933569999998],[0.0027115999999978158,42.22910071000001],[0.00286081000001559,42.22892569999999],[0.0027900599999952647,42.228711429999976],[0.0025261100000193437,42.22851122999998],[0.0025733900000091126,42.22823082999997],[0.0029150999999956184,42.22777162],[0.005668930000013006,42.226312629999995],[0.005914080000025024,42.22611709],[0.0060780800000088675,42.22574358000003],[0.006141860000013821,42.22530065000001],[0.0060980000000085965,42.22488757000002],[0.00618370000000823,42.224651189999975],[0.006505430000004253,42.22428253999999],[0.0064450699999838434,42.22403198000001],[0.006536449999998695,42.223660370000005],[0.00695071000001235,42.22319924999999],[0.0074805699999842545,42.223131309999985],[0.008165459999986524,42.223266420000016],[0.010084790000007615,42.22388239000003],[0.010094869999988987,42.223584949999974],[0.010318919999974696,42.22320085000001],[0.010214410000003227,42.22304150999997],[0.009954320000019834,42.222922270000026],[0.0098485299999993,42.22273594000001],[0.009923819999983152,42.222535849999986],[0.0101464599999872,42.22237690999998],[0.010494800000003579,42.222313729999996],[0.010788629999979094,42.222378049999975],[0.011572349999994458,42.222807709999984],[0.012103790000026038,42.22302787000001],[0.012301480000019183,42.22259944000001],[0.012987339999995129,42.222500360000026],[0.013317910000012034,42.22257271000001],[0.014740290000020195,42.22318366000002],[0.01584998999999243,42.22333456000001],[0.017148360000021512,42.222868129999995],[0.018234140000004118,42.222263209999994],[0.01969208000002709,42.22133329000002],[0.019956219999983205,42.22102916],[0.020096780000017134,42.22067425],[0.020140120000007755,42.22031291000002],[0.020501130000013745,42.21975407999997],[0.0210020999999756,42.219335650000005],[0.021168139999986124,42.21900708999999],[0.021321740000018963,42.21841770999998],[0.021482540000022254,42.21823337000001],[0.021648930000026212,42.218165950000014],[0.022352839999996377,42.21819240999997],[0.02316901000000371,42.218540080000025],[0.023712190000026112,42.21849873000002],[0.023995700000000397,42.218347170000015],[0.02415736000000379,42.21818080999998],[0.024192439999978887,42.21790073],[0.023993340000004082,42.21753677999999],[0.02343733999998676,42.21705616999998],[0.023356589999991684,42.21688720999998],[0.023395540000024084,42.216688069999975],[0.023613819999980024,42.21643917],[0.024796219999984714,42.215831639999976],[0.025024939999980234,42.21529429999998],[0.02603768000000173,42.21569979999998],[0.026315950000025623,42.215692450000006],[0.026465929999972104,42.21553540999997],[0.026703170000018872,42.215430089999984],[0.027105010000013863,42.21547349999997],[0.027417860000014116,42.215429210000025],[0.027879770000026838,42.215462030000026],[0.0282375699999875,42.215344519999974],[0.02914234000002125,42.215518710000026],[0.029778840000005857,42.215402830000016],[0.03030855999998039,42.21558692999997],[0.03137799000000996,42.21565770000001],[0.031871449999982815,42.21559060999999],[0.03225343999997676,42.215472439999985],[0.033450459999983195,42.21466631999999],[0.034547429999975066,42.21556478999997],[0.03478202000002284,42.215909780000004],[0.03513323999999329,42.21666590000001],[0.03527021000002151,42.21674331999998],[0.035391199999992295,42.21674010999999],[0.036131440000019666,42.216261239999994],[0.036441690000003746,42.21616297000003],[0.03762781000000359,42.216140540000026],[0.03798211999998102,42.21620317999998],[0.038193850000027396,42.216323639999985],[0.03839087000000063,42.2166426],[0.038519609999980275,42.217053410000005],[0.03872484999999415,42.21729111000002],[0.03892447999999149,42.217411879999986],[0.039385970000012094,42.21743565999998],[0.039774439999973765,42.21720023],[0.03988118000000895,42.21690023000002],[0.04031026000001248,42.216753770000025],[0.04073761000000786,42.21682347000001],[0.04111914999998589,42.217956990000005],[0.041353350000008504,42.21804082],[0.04207973000001175,42.21803053999997],[0.042300109999985125,42.218078719999994],[0.04256284000001642,42.21825183999999],[0.04293791999998575,42.21874616000002],[0.044709130000001096,42.21804173999999],[0.046230949999994664,42.21719082999999],[0.046599529999980405,42.21704596000001],[0.04732113000000027,42.21693671999998],[0.048543110000025536,42.216904209999996],[0.04920550999997886,42.21682354000001],[0.05000790000002553,42.21663109000002],[0.05035918999999467,42.21663074000003],[0.05070186000000376,42.21670266000001],[0.05180626999998594,42.21649315000002],[0.053239990000008675,42.21658101999998],[0.0539062299999955,42.21632913000002],[0.05413654000000179,42.21633200000002],[0.05467713000001595,42.21648868],[0.05559483000001819,42.21617605],[0.056086530000015955,42.21607289000002],[0.05714685999998892,42.21595454999999],[0.05760096000000203,42.21582536],[0.05890355000002501,42.21520527000001],[0.05947035999997752,42.21490197000003],[0.06126849999998285,42.21425961],[0.061807260000023234,42.214128140000014],[0.06346244000002343,42.212535030000026],[0.0677912500000275,42.20812381000002],[0.06978166999999758,42.206206450000025],[0.08337426000002779,42.20800265999998],[0.0849807899999746,42.21213774],[0.0880302699999902,42.213316280000015],[0.08785638000000517,42.214221469999984],[0.08784308000002738,42.21494223000002],[0.08793271000001823,42.21578628999998],[0.08789715000000342,42.2167958],[0.08774349999998776,42.21761939999999],[0.08770292999997764,42.21827786],[0.08870209999997769,42.21789973],[0.09420124000001806,42.21664372999999],[0.0982464200000095,42.21612916999999],[0.09868612000002486,42.21595518999999],[0.09905652999998438,42.21560298000003],[0.09989610000002358,42.21518404],[0.101469829999985,42.21392577],[0.10193037999999888,42.213436039999976],[0.10237726000002567,42.212667520000025],[0.10281801000002133,42.212268370000004],[0.10425791000000117,42.21124781999998],[0.10487366000000975,42.210465699999986],[0.10506121999998186,42.210091420000026],[0.10513568999999734,42.20938701],[0.10505643999999847,42.208758810000006],[0.10549732999999151,42.208116510000025],[0.10578070000002526,42.20722633999998],[0.10631392999999889,42.20649148000001],[0.10644275999999309,42.20615479999998],[0.10646051999998463,42.20577610999999],[0.10619080999998687,42.20521610999998],[0.10576235000002043,42.20487652999998],[0.10525099000000182,42.20457520999997],[0.10498241999999891,42.204285330000005],[0.1046267400000147,42.20370064000002],[0.10384219000002304,42.202767370000004],[0.10289454000002252,42.202459850000025],[0.10239638000001605,42.20193303999997],[0.10209616999998161,42.201490920000026],[0.10228281000001971,42.20060338000002],[0.10171915000000809,42.20022241999999],[0.10153043999997635,42.19983130999998],[0.10166586000002553,42.199134249999986],[0.10076686000002155,42.198582269999974],[0.10043698999999151,42.19827601999998],[0.09962287000001879,42.196983320000015],[0.09949376999998094,42.19607730000001],[0.09838526999999431,42.19495463999999],[0.09787863999997626,42.19350952999997],[0.09994947000001275,42.19177859000001],[0.10219038000002456,42.19006101000002],[0.10376115000002528,42.18999144999998],[0.10769066000000294,42.189623789999985],[0.10813827999999148,42.18936851000001],[0.10859225000001516,42.18899599000002],[0.10894920999999158,42.18837395999998],[0.10989296999997578,42.188852629999985],[0.11345344000000068,42.19034081000001],[0.1148849599999835,42.19088722999999],[0.1155086300000221,42.19125749],[0.11975006000000121,42.19451894000002],[0.12076903000001948,42.194554229999994],[0.12105573000002323,42.194474379999974],[0.12127753999999413,42.19430625000001],[0.12142824000000019,42.19392392999998],[0.12161420000001044,42.19376577999998],[0.1218995699999823,42.193658949999985],[0.12239319000002524,42.19360046999998],[0.12318116000000146,42.19337187999997],[0.12360797000002322,42.193432280000025],[0.12423450000000003,42.19361330999999],[0.12412884000002578,42.194417629999975],[0.12410362000002806,42.19562499],[0.12436631999997871,42.197022609999976],[0.12465444999997999,42.197708130000024],[0.1251114699999789,42.19838004000002],[0.12588961000000154,42.199178270000004],[0.12714890000000878,42.199909330000025],[0.12825644999998076,42.20149098000002],[0.12852810999999065,42.20208689999998],[0.12940286000002743,42.20238718000002],[0.12969206000002487,42.20284753999999],[0.13145510999999033,42.20445627999999],[0.13453163000002633,42.20641626999998],[0.13521158999998306,42.20669483],[0.13494517999998834,42.20767466000001],[0.13488699999999199,42.208945949999986],[0.13470415000000457,42.20916706999998],[0.134695019999981,42.209716619999995],[0.13459817000000385,42.20996241],[0.13441353000001754,42.210147559999996],[0.13415185999997448,42.210244769999974],[0.13346248999999943,42.211245169999984],[0.13309801000002608,42.21195752],[0.1331259699999805,42.21276720999998],[0.133362859999977,42.21314794],[0.13377630000002227,42.213424789999976],[0.13457248999998228,42.21335798000001],[0.13464172999999846,42.214022450000016],[0.1367861699999935,42.21696241000001],[0.13779398999997738,42.21823152000002],[0.14027420999997275,42.221828570000014],[0.14187801999997873,42.22387373999999],[0.14202179000000115,42.22432906],[0.14213590999997905,42.22516338999998],[0.14212178000002496,42.22658655999999],[0.1415371599999844,42.22798935999998],[0.14079076000001578,42.22930653999998],[0.13951790999999503,42.23197988999999],[0.13956824000001689,42.23348234000002],[0.1414747000000034,42.234051410000006],[0.1439427500000079,42.23470408999998],[0.1447879799999896,42.23513114000002],[0.14514243000002125,42.23567971],[0.14585819000001266,42.235696080000025],[0.14790420000002769,42.23565788000002],[0.14821521999999732,42.23606355999999],[0.1480820400000198,42.23703975000001],[0.15023466000002372,42.23987115],[0.15239372999997158,42.23966767000002],[0.15360614000002215,42.23870677999997],[0.15413861000001816,42.238448989999995],[0.15510672999999997,42.23817918999998],[0.15792181000000483,42.237039030000005],[0.15884224000001268,42.23532972999999],[0.16117586000001438,42.23474306000003],[0.16253182000002653,42.233264840000004],[0.1633101799999963,42.232594989999996],[0.1671460599999932,42.23079605999999],[0.1725771299999792,42.22771015000001],[0.172550450000017,42.22693647],[0.1741429900000071,42.225352499999985],[0.175055489999977,42.22446273999998],[0.1762809900000093,42.221844350000026],[0.17828020000001743,42.219195490000004],[0.18719879000002493,42.21635427000001],[0.19436028000001215,42.21975672999997],[0.19687105000002703,42.220776279999995],[0.1996302200000173,42.2219149],[0.2019062900000108,42.22284182999999],[0.20545349999997597,42.22303077999999],[0.20789568999998664,42.22316952],[0.21149540999999772,42.223437839999974],[0.21473267999999734,42.22372524000002],[0.2178243299999849,42.22400762000001],[0.2210709199999883,42.22376329000002],[0.22636054999998123,42.22295704999999],[0.2280132500000036,42.222343179999996],[0.22934557999997196,42.223998540000025],[0.2300311299999862,42.225086799999985],[0.2303848500000072,42.22631949999999],[0.23046368000001394,42.22738885000001],[0.2304074599999808,42.22794873999999],[0.22988023999999996,42.22996268000003],[0.2292940400000134,42.23177118000001],[0.22676799999999275,42.23759647000003],[0.22413935999998102,42.24189375999998],[0.22388312999999016,42.242810469999995],[0.2237929300000019,42.24389359000003],[0.22387214999997695,42.24497194000003],[0.22412924000002477,42.24597324000001],[0.22467359000000897,42.246903420000024],[0.22606684999999516,42.245468440000025],[0.22667322000000922,42.245001109999976],[0.22744285999999647,42.24464625000002],[0.22929185999998936,42.24430597000003],[0.23218632999999045,42.24379209],[0.23385007000001679,42.24338492999999],[0.23472750000001952,42.24324309000002],[0.23596553999999514,42.243280149999975],[0.23907475999999406,42.24222873999997],[0.24042135000001963,42.24201956000002],[0.24330006000002413,42.24191106000001],[0.2441244299999994,42.241680599999995],[0.2470434400000272,42.23858127],[0.2516712899999902,42.238792149999995],[0.25771387999998296,42.23941285000001],[0.2599221500000226,42.23970121000002],[0.25895203999999694,42.240629290000015],[0.2589847899999995,42.24197007999999],[0.25910570000002053,42.24243488000002],[0.2600666399999909,42.243208960000004],[0.26127060999999685,42.24376000000001],[0.2618350700000178,42.24436524999999],[0.2628305900000214,42.247686680000015],[0.2625603000000183,42.249729460000026],[0.26260260999998764,42.25007943999998],[0.26272348999998485,42.251012489999994],[0.2631697900000063,42.251675130000024],[0.26460207000002356,42.25194948000001],[0.26509733000000324,42.25215148000001],[0.2667584000000147,42.25544488000003],[0.2653872500000034,42.25729394000001],[0.2651818499999763,42.2582453],[0.2661434999999983,42.25996479999998],[0.26640921000000617,42.26135296000001],[0.2668639999999982,42.26217743000001],[0.2677298799999903,42.26344941999997],[0.26908314000002065,42.267814120000025],[0.2728108200000179,42.26862612999997],[0.27660937000001695,42.26963410000002],[0.27691204000001335,42.269859559999986],[0.27762641999999005,42.27100973],[0.28411983000000873,42.276505680000014],[0.28537757999998803,42.27644257999998],[0.28654468000002,42.27696738999998],[0.28800095999997666,42.27745685999997],[0.2889015999999742,42.27752105000002],[0.2898324600000137,42.277467290000004],[0.2905264799999827,42.27798763999999],[0.2913522900000203,42.278477169999974],[0.29157311000000163,42.27875898000002],[0.2917191099999741,42.27946615000002],[0.29300683999997545,42.279744300000004],[0.29598620000001574,42.279442459999984],[0.2964090300000066,42.279412279999974],[0.2983909299999823,42.27928317999999],[0.30197301999999127,42.27937803999998],[0.309414170000025,42.284620080000025],[0.30838396000001467,42.285325209999996],[0.3091901299999904,42.28682371000002],[0.30796452999999246,42.28796670000003],[0.30871057000001656,42.290862670000024],[0.3125348899999949,42.29140043000001],[0.31397706000001335,42.291610830000025],[0.3183030700000131,42.294538139999986],[0.32157037000001765,42.29877467],[0.32154769999999644,42.30064829999998],[0.325108680000028,42.304461979999985],[0.3254395499999987,42.30406517],[0.32992568999998184,42.30494332000001],[0.3305735600000048,42.30526665000002],[0.3331289899999774,42.304039699999976],[0.3367144800000119,42.30210733000001],[0.33882227999998804,42.30113641999998],[0.34095416999997497,42.29970552999998],[0.3449650100000099,42.29939933999998],[0.34835087999999814,42.29554545000002],[0.34976263999999446,42.29403640999999],[0.3502279400000248,42.29366261000001],[0.35113752000000886,42.29251942000002],[0.35133223000002545,42.29253173000001],[0.3514491099999759,42.293590859999995],[0.3510833400000024,42.29492524],[0.3512287400000105,42.29606458000001],[0.35173692000000756,42.29855299000002],[0.3531691599999931,42.3040489],[0.35788221000001386,42.30439703000002],[0.36081008999997266,42.304707329999985],[0.3618609399999855,42.30462246000002],[0.3616854699999976,42.30315086000002],[0.3615813200000275,42.30233449000002],[0.36004542000000583,42.30037155000002],[0.3599666700000057,42.30003168000002],[0.3601543600000241,42.29968400000001],[0.3613709100000051,42.298612760000026],[0.3628775899999823,42.29752399],[0.3631854000000203,42.29715477000002],[0.3619383700000185,42.29423787000002],[0.36133604000002606,42.29226554000002],[0.36060773999997764,42.29043195999998],[0.360170949999997,42.2895173],[0.3637800299999867,42.288285770000016],[0.36427324999999655,42.287983129999986],[0.36581129000001056,42.28657823999998],[0.36695185000002084,42.28568027],[0.3685788899999807,42.28617270000001],[0.37257335999998986,42.28762193],[0.37486992999998847,42.28906705000003],[0.37755648000000974,42.290545640000005],[0.37990425999998934,42.29158393],[0.3827558699999827,42.29251725],[0.38423305999998547,42.292923840000014],[0.38774891000002754,42.29357626000001],[0.39222103999998126,42.29374102999998],[0.3931267799999887,42.293894290000026],[0.39463697000002185,42.29468695000003],[0.3954647300000147,42.29519368000001],[0.39590354000000616,42.295684919999985],[0.39558816999999635,42.29636061000002],[0.39437606000001324,42.298404559999994],[0.39343758000001117,42.30035034000002],[0.39232501999998703,42.303345809999996],[0.39131320000001324,42.30573497],[0.3896973500000058,42.31020404999998],[0.3892733100000214,42.310891939999976],[0.3889228699999876,42.31182077],[0.38872748,42.31270000000001],[0.38874721000001955,42.31351883000002],[0.38857517999997526,42.31370400999998],[0.38798955999999407,42.312739840000006],[0.38674469000000045,42.31102077999998],[0.3857100000000173,42.31005188],[0.3853902500000004,42.30997129000002],[0.38356271999998626,42.31005232000001],[0.3826955100000191,42.309942869999986],[0.38247977999998284,42.31044450000002],[0.3822326399999838,42.31058686],[0.3758742499999812,42.31010816999998],[0.3744546799999853,42.31010499000001],[0.3739182200000073,42.311642570000004],[0.3729224499999759,42.31661541],[0.37404531999999335,42.31741976000001],[0.3729483600000094,42.31846058999997],[0.37264878000002,42.318757559999995],[0.3722208400000113,42.318923240000004],[0.3703691700000036,42.31923889000001],[0.36948711999997386,42.31953499000002],[0.36915751999998747,42.31972479000001],[0.371488979999981,42.32043955],[0.37313782000001083,42.320868229999974],[0.3748238300000253,42.32176401999999],[0.378483440000025,42.32325890999999],[0.3791622300000199,42.32369811000001],[0.3794586999999865,42.32402252999998],[0.37982742000002645,42.325920610000026],[0.38171019999998634,42.33341982000002],[0.38173828999998705,42.333491030000005],[0.3824956600000178,42.33629608000001],[0.37994789999999057,42.338802559999976],[0.38348442000000205,42.34092221999998],[0.38393366999997625,42.34137716999999],[0.3860890999999924,42.34534746999998],[0.3869279200000051,42.34740270999998],[0.3904794700000025,42.346856349999996],[0.39186681000001045,42.348048870000014],[0.3931998900000053,42.349585149999996],[0.39455629999997655,42.351552939999976],[0.39920747000002166,42.34955998999999],[0.4007384700000216,42.34981167000001],[0.401434619999975,42.34966492000001],[0.403408230000025,42.34979535000002],[0.40660408000002235,42.35030359000001],[0.40780247999998664,42.350240910000025],[0.4078089999999861,42.34879099],[0.4088330999999812,42.347526879999975],[0.4109377099999847,42.34626659999998],[0.41296572999999626,42.34538673999998],[0.41528119999998125,42.34466035999998],[0.4161958799999752,42.34294922999999],[0.41667676999998093,42.34152117000002],[0.41695449000002327,42.33992810000001],[0.4177268000000254,42.33895057000001],[0.4206945099999757,42.337277140000026],[0.42382846999998947,42.335985859999994],[0.4251379699999802,42.33573959],[0.42639860999997836,42.335710870000014],[0.4282956600000034,42.335780150000005],[0.428595649999977,42.335717139999986],[0.4291630600000076,42.335439020000024],[0.4331233600000246,42.33550945000002],[0.4357404699999847,42.33453952000002],[0.43776881000002277,42.33456868000002],[0.4397776700000122,42.33446334000001],[0.44071389999999155,42.334273129999985],[0.4423047399999973,42.33384712999998],[0.44320902999999134,42.333738900000014],[0.4437991099999863,42.33343301999997],[0.4438460999999734,42.33340458999999],[0.44485484000000497,42.332987059999994],[0.44827849000000697,42.33190252999998],[0.45225727000001825,42.33120636000001],[0.4545123199999921,42.33072414999998],[0.45620129999997516,42.3250094],[0.4577921200000219,42.32082835],[0.458838749999984,42.317789259999984],[0.4599821900000052,42.314747239999974],[0.460564560000023,42.312757669999996],[0.46810605000001715,42.30649656000003],[0.4717326699999944,42.30362231999999],[0.4730417399999851,42.30294330999999],[0.4784304799999859,42.29683684999998],[0.4791985599999862,42.297128670000006],[0.48555757000002586,42.29697133000002],[0.487115469999992,42.298166519999995],[0.487028099999975,42.29592708000001],[0.48712490999997726,42.294825590000016],[0.48810522000002265,42.29412940999998],[0.4923652599999855,42.29199160000002],[0.4966425800000138,42.289952149999976],[0.504392590000009,42.28297096],[0.5059781799999996,42.28160779000001],[0.5069750499999941,42.28034366000003],[0.51317714999999,42.27107708],[0.5095200200000249,42.251730469999984],[0.5136384499999735,42.24645361],[0.515668020000021,42.24415821000002],[0.5147218999999836,42.243052680000005],[0.5111247300000059,42.24047066000003],[0.5107742600000051,42.239833069999975],[0.5109448300000281,42.23854019999999],[0.5101291999999944,42.237817819999975],[0.5095662499999776,42.23771800999998],[0.5078488500000162,42.23799573000002],[0.5059941999999751,42.23689094000002],[0.50452279000001,42.23635968000002],[0.502220120000004,42.234602189999976],[0.5008529899999985,42.23354542999999],[0.49983156000001827,42.232604149999986],[0.4995289799999796,42.23217217000001],[0.4992305299999771,42.23093865999999],[0.49840236000000004,42.229766359999985],[0.4981263099999751,42.22828003000001],[0.4980240799999933,42.224897450000014],[0.49706943000001047,42.22450337999999],[0.49550994999998466,42.22302920999999],[0.49195801000001893,42.21991392000001],[0.4915548299999841,42.21941294999999],[0.49141740999999683,42.21867875999999],[0.49141244999998435,42.21858887000002],[0.49130479000001515,42.21839404999997],[0.491130720000001,42.2180932],[0.4887282899999832,42.21582519999998],[0.4873296999999752,42.214625160000026],[0.486635079999985,42.213889919999986],[0.48552820999998403,42.21226675999998],[0.4847300399999881,42.21184982],[0.4838169000000221,42.211544430000004],[0.4831895300000042,42.21114928999998],[0.4821694500000149,42.210000709999974],[0.4830728399999771,42.20946898],[0.4840909200000283,42.20860059],[0.48505996000000096,42.20838201999999],[0.48721397000002753,42.20812735999999],[0.4898127800000225,42.20737286999997],[0.4934827999999811,42.206936840000026],[0.4946805199999744,42.20669319000001],[0.49500617000001057,42.20644914000002],[0.49498533000002,42.206071580000014],[0.4946249500000022,42.205686379999975],[0.49361301999999796,42.20490683000003],[0.49347771999998713,42.204649819999986],[0.4933423100000027,42.203951589999974],[0.493566450000003,42.20340448000002],[0.49393716999998105,42.20287990999998],[0.4943161900000064,42.20206694000001],[0.49423433999999133,42.20058368000002],[0.4947075000000041,42.19862425000002],[0.49468448999999737,42.19667095],[0.4943064999999933,42.19223420999998],[0.4942718500000183,42.19094761000002],[0.4940392600000223,42.190243339999995],[0.49354737999999543,42.18944792999997],[0.4940251599999783,42.187353289999976],[0.49306688000001486,42.18380767999997],[0.49272129000001996,42.18280970000001],[0.4925437399999737,42.18200469999999],[0.49210821999997734,42.181351629999995],[0.4902023099999724,42.17796095],[0.49047226999999793,42.177367419999996],[0.490310930000021,42.17597661999997],[0.490735930000028,42.17490113000002],[0.49073830999998336,42.174504850000005],[0.4897743899999796,42.17150865999997],[0.48877735000002076,42.16900872999997],[0.4874539200000072,42.166734840000004],[0.48669339999997874,42.16501109000001],[0.486377100000027,42.16366101],[0.4862939600000118,42.16126830000002],[0.4860388199999761,42.15970924999999],[0.4859536100000241,42.15837914999997],[0.4851775100000282,42.154386680000016],[0.4850738700000079,42.153381309999986],[0.4852562600000283,42.152736430000004],[0.48623496999999816,42.15160808000002],[0.4869417099999964,42.15059604999999],[0.48739671999999246,42.149627699999996],[0.48778537999999116,42.14855332000002],[0.48805225000000974,42.14746463],[0.48800727000002553,42.14664657999998],[0.48776041000002124,42.14589769999998],[0.48772851000001083,42.14509724999999],[0.48792809999997644,42.144325779999974],[0.4879346899999746,42.14378529999999],[0.4873895299999731,42.14289242000001],[0.48390986999999086,42.14562766],[0.4792014399999971,42.14471721000001],[0.47687647999998717,42.14446363000002],[0.47607259000000113,42.14414584999997],[0.46945412999997416,42.14149200000003],[0.4672546200000056,42.14087423000001],[0.46489251999997805,42.139937169999996],[0.46279170000002523,42.139352350000024],[0.4612184900000216,42.13934587],[0.4603739500000188,42.13938939000002],[0.4591500500000052,42.139354319999995],[0.45708389999998644,42.139182559999995],[0.4551202499999931,42.13911574000002],[0.4538263300000267,42.13912773999999],[0.4521380599999816,42.13900754000002],[0.4489196700000093,42.13900543],[0.44754439000001867,42.13952406999999],[0.4455902500000093,42.14007812],[0.4450474199999803,42.14055368999999],[0.44459194000000934,42.14085553000001],[0.4416326900000058,42.141394709999986],[0.43759615999999824,42.14147989000003],[0.43679460999999264,42.14164800999998],[0.42650278999997226,42.14823258000001],[0.42308577000000014,42.14590346],[0.4223526000000106,42.145322050000004],[0.42179055000002563,42.144996660000004],[0.4187690699999962,42.142142320000005],[0.41821671999997534,42.14177160000003],[0.4160432400000218,42.14117907999997],[0.41330590000001166,42.140225129999976],[0.40843298999999433,42.138704329999996],[0.4077676499999825,42.13870610999999],[0.40574557000002187,42.138451069999974],[0.4048623799999973,42.137774949999994],[0.4033337899999765,42.136343599999975],[0.4024168400000008,42.13571349],[0.4005140599999777,42.13632826999998],[0.39967486000000463,42.136019999999974],[0.3971806000000129,42.13462621999997],[0.3975317599999926,42.13282386999998],[0.3977077399999871,42.13226936000001],[0.39510205999999926,42.129014849999976],[0.392352150000022,42.12599868000001],[0.39218554000001404,42.12582351999998],[0.39189184999997906,42.12417534000002],[0.39159145999997236,42.12240129000003],[0.39130614999999125,42.118870879999974],[0.3913295599999742,42.118176819999974],[0.3911511200000177,42.117326649999995],[0.3924272400000177,42.11585710999998],[0.39303114000000505,42.115388989999985],[0.394200230000024,42.114633990000016],[0.395306689999984,42.114970400000004],[0.3978164000000106,42.11485997],[0.39902731000000813,42.11240178000003],[0.3998366299999816,42.11080192999998],[0.4005738100000258,42.10988858000002],[0.40131772000000865,42.109101090000024],[0.4030688099999793,42.10679787999999],[0.4047170499999879,42.103480149999996],[0.4049011199999768,42.102853349999975],[0.40530054999999265,42.102409249999994],[0.4073163499999737,42.10076445999999],[0.407645720000005,42.10036745999997],[0.40793019000000186,42.09980969999998],[0.40835814000001847,42.09854530000001],[0.4087068100000124,42.09805767],[0.40932685000001356,42.09767002000001],[0.41001884999997174,42.09682098000002],[0.41044526000001724,42.095979839999984],[0.41023429000000533,42.09542782],[0.409891019999975,42.09488873999999],[0.40991137999998273,42.09369048999997],[0.41012582000001885,42.092729599999984],[0.4110051700000099,42.090416189999985],[0.411646410000003,42.08907338],[0.4129929700000048,42.087808619999976],[0.41409326000001556,42.086911380000004],[0.4142134800000008,42.08667366999998],[0.414228449999996,42.08605189000002],[0.41406913999998096,42.08533625000001],[0.4140271399999733,42.084779200000014],[0.414413369999977,42.08296672],[0.4146465499999863,42.08123082999998],[0.41456931999999824,42.08069283999998],[0.4135956999999735,42.07809243999998],[0.41326361000000134,42.07753502000003],[0.4130367500000034,42.07691144],[0.4133877500000267,42.07466778000003],[0.41363927999998396,42.073273529999994],[0.4135446899999806,42.072637009999994],[0.41301379999998744,42.07130209000002],[0.41252537000002576,42.07075834],[0.40840872000001127,42.06678363999998],[0.40701533999998674,42.06694213999998],[0.40401343000002043,42.06391566999997],[0.40208188000002565,42.06237016],[0.4001482900000042,42.063499130000025],[0.3984618900000214,42.06405343],[0.3941097599999921,42.06515495000002],[0.3920219899999893,42.06498263999998],[0.3895650700000033,42.06468613999999],[0.3887919000000011,42.06469099999998],[0.38759701999998697,42.06449220000002],[0.38511876000001166,42.06152178000002],[0.3832513899999981,42.06094658000001],[0.38194346000000223,42.061120259999996],[0.38043193999999403,42.06201133000002],[0.36947470000001204,42.06024488000003],[0.3662278699999888,42.06077252],[0.3650756800000181,42.06046416999999],[0.36418796999998904,42.06013002999998],[0.36290953999997555,42.060176549999994],[0.34505875000002106,42.05759218999998],[0.34447695000000067,42.05870777000001],[0.345071350000012,42.06013122000002],[0.3452043600000252,42.06289185000003],[0.34506521999998085,42.06346322000002],[0.34478955999998107,42.063966540000024],[0.3438780100000258,42.06639745000001],[0.3432866300000228,42.06779246000002],[0.34089733000001843,42.068321379999986],[0.33838233000000173,42.06898897999997],[0.33466035999998667,42.069457520000014],[0.33219222000002446,42.06963736],[0.33155718000000434,42.069511739999996],[0.3258079600000201,42.06888627000001],[0.3215251199999898,42.067641709999975],[0.3165706799999839,42.06602921000001],[0.31545796000000337,42.06554812000002],[0.3138094700000238,42.06359669],[0.3142018600000256,42.06208151999999],[0.3152831900000024,42.05917767],[0.3155402300000105,42.058080640000014],[0.3166103099999873,42.05519511],[0.32176054000001386,42.04760785000002],[0.3222440800000186,42.04691845999997],[0.3208755200000155,42.04384239000001],[0.31703394999999546,42.03410213000001],[0.3161365199999864,42.034497310000006],[0.313517260000026,42.03523041],[0.3122974099999851,42.03569791000001],[0.31103481000002375,42.036040549999996],[0.3097150799999895,42.036213739999994],[0.30400299000001496,42.03763921000001],[0.3033897199999842,42.037692909999976],[0.299731300000019,42.037726229999976],[0.2986444000000006,42.037964629999976],[0.2979360100000008,42.03804803999998],[0.29793871999999055,42.03763372999998],[0.2977603799999997,42.03652224000001],[0.29718628000000535,42.03499889],[0.2963109699999791,42.03232256000001],[0.29585838999997804,42.03011133000001],[0.29556509000002507,42.02911118999998],[0.2953845399999864,42.02818887000001],[0.2953514899999732,42.02731633000002],[0.29550573000000213,42.02562795],[0.29563624999997273,42.023481000000004],[0.2963622899999905,42.021406979999995],[0.29645958999998356,42.02071978999999],[0.29670950000001994,42.02018131],[0.29570620999999164,42.01922861000003],[0.2963915400000019,42.01823636],[0.2970387899999878,42.016975049999985],[0.29868077999998377,42.01580217999998],[0.29960865999998987,42.015298210000026],[0.3006710199999816,42.014826389999996],[0.3016786100000104,42.01423004999998],[0.30223313999999846,42.01374582],[0.30302915999999414,42.01279536999999],[0.30373435000001336,42.01218971999998],[0.30463056999997207,42.01154253999999],[0.3051664700000174,42.01093276],[0.3051974499999801,42.01059867999999],[0.30500762000002624,42.009964790000026],[0.3044486000000006,42.00896333999998],[0.3033693500000254,42.00607680000002],[0.30342775999997684,42.00603910000001],[0.302910039999972,42.00490137000003],[0.3018420600000127,42.00199648],[0.3016512300000045,42.000642210000024],[0.30173597999998947,42.00018051000001],[0.3018143099999975,42.00006119],[0.3024326199999905,41.999178900000004],[0.30117497999998477,41.99773828999997],[0.30021694999999227,41.996721279999974],[0.29897096000001966,41.99503716999999],[0.2987099299999727,41.99489159000001],[0.296233309999991,41.99438650000002],[0.2949328899999841,41.99421675999997],[0.29306689999998525,41.99408125999997],[0.28618202000001247,41.99329726000002],[0.2831436499999995,41.99289802999999],[0.2805141800000115,41.99270314],[0.2801827299999786,41.992595559999984],[0.27907623999999487,41.991969840000024],[0.2778108100000054,41.99106948999997],[0.2767210800000157,41.99029918999997],[0.2763757999999825,41.98992184000002],[0.2760083100000088,41.98934701000002],[0.27537074000002804,41.98797843],[0.27462616000002527,41.98452372999998],[0.27449433999998973,41.983365839999976],[0.2740141200000039,41.98153350000001],[0.27289825000002566,41.97883681000002],[0.27255450000001247,41.97825227999999],[0.27193227999998726,41.97741454999999],[0.26932288000000426,41.97736292000002],[0.2662433300000089,41.97779287999998],[0.26352756,41.97825743999999],[0.26001132999999754,41.97864563000002],[0.25783869000002824,41.979112610000016],[0.2540781899999729,41.98015593000002],[0.25168306000000484,41.97815270000001],[0.2493250300000227,41.97853472000003],[0.24562802999997757,41.97940485999999],[0.2410803299999884,41.97493186999998],[0.2400985799999944,41.97389700999997],[0.23941675999998324,41.97282665],[0.23844222000002446,41.97098110000002],[0.23816649999997708,41.96982723000002],[0.23536754000002702,41.969600060000005],[0.23394941999998764,41.96804615000002],[0.22582940000000917,41.969733700000006],[0.22272071999998388,41.97054152999999],[0.22211387999999488,41.970711670000014],[0.2166582099999914,41.971882429999994],[0.2105874200000244,41.972583869999994],[0.20861761999998407,41.97300822],[0.20509171999998443,41.97392629000001],[0.2023475400000052,41.97455228000001],[0.19804083000002493,41.975545969999985],[0.1932394199999976,41.97654426999998],[0.19306313999999247,41.97663922999999],[0.19329213999998274,41.97783955],[0.1936950799999977,41.97865680000001],[0.1843322500000113,41.97773749999999],[0.18218967000001385,41.977607869999986],[0.17771704000000454,41.977218600000015],[0.1763632400000006,41.977418209999996],[0.17336550999999645,41.97805052000001],[0.17274601999997685,41.979184299999986],[0.17184171999997488,41.98041602000001],[0.17123113000002377,41.98172964999998],[0.17091111000002002,41.983062270000005],[0.1708268099999941,41.984766579999985],[0.17057102000001123,41.98496275999997],[0.1696826599999781,41.98530249999999],[0.16909918999999718,41.98546270999998],[0.16815232999999807,41.98559693999999],[0.16609162999998262,41.985906],[0.16218579000002364,41.986491049999984],[0.16025180000002592,41.986922590000006],[0.15789144000001443,41.987275780000004],[0.1564927900000157,41.98706213999998],[0.15445562999997264,41.98736134000001],[0.15329623000002357,41.987348199999985],[0.1501666799999839,41.98581328],[0.14824370999997427,41.985001590000024],[0.1464988500000004,41.98437409000002],[0.14619175000001405,41.98426545000001],[0.1463700599999811,41.983720240000025],[0.1466701100000023,41.98221713999999],[0.14675634000002447,41.98200766000002],[0.14713740000001962,41.98116872000003],[0.14729964999997947,41.98054291],[0.14726845000001276,41.980399680000005],[0.14700018000002046,41.980344],[0.14662877000000663,41.98039921999998],[0.14645108000001983,41.98046713999997],[0.1458590799999797,41.980699500000014],[0.14476839000002428,41.98109863000002],[0.1439322200000106,41.98127464999999],[0.14339072000001352,41.981307500000014],[0.1427777900000251,41.98136032000002],[0.14072701999998571,41.98138048999999],[0.1375882599999727,41.98161049999999],[0.13594230000001062,41.981763580000006],[0.13480929999997215,41.981794560000026],[0.13427543000000242,41.98173710999998],[0.13322474000000284,41.981477659999996],[0.13183846999999105,41.98102024000002],[0.13118509999998196,41.98074091000001],[0.13064830000001848,41.98037734000002],[0.13028788999997687,41.97991890999998],[0.12940847999999505,41.97921349000001],[0.12897825999999668,41.97905413000001],[0.1281380899999931,41.97914909000002],[0.127179319999982,41.97904016000001],[0.12716790000001765,41.978067899999985],[0.12630280000001903,41.977407089999986],[0.12548533000000361,41.97697911],[0.12506823000001077,41.976594250000005],[0.12453834000001507,41.975383969999996],[0.12317381999997679,41.97536710999998],[0.12207453000002033,41.97583830000002],[0.12196826000001693,41.97588622000001],[0.12034856999997601,41.976821830000006],[0.11759721999999329,41.97781519],[0.11682107000001452,41.978232520000006],[0.11587991999999758,41.97897852],[0.11449764999997569,41.980330830000014],[0.11230688000000555,41.982182360000024],[0.10922209000000294,41.981293470000026],[0.10861461000001782,41.98121087999999],[0.10620963000002348,41.98139312000001],[0.10549387999998316,41.978837],[0.10424068999998326,41.97589919000001],[0.10434582999999975,41.97433842999999],[0.10437541999999667,41.97420254999997],[0.10469374000001608,41.97280712000003],[0.10452706000000944,41.97210921999999],[0.10406084999999621,41.97145545000001],[0.10310117000000218,41.969338170000015],[0.10420993000002454,41.96881287000002],[0.10808822000001328,41.96767222],[0.10739883000002237,41.96565571000002],[0.1063191200000233,41.96305541999999],[0.10587813000000779,41.96267112999999],[0.1053383199999871,41.96248763],[0.10247341000001597,41.961880759999985],[0.09893011000002616,41.96096797000001],[0.09835113000002593,41.96072246],[0.09627302000001237,41.95941878000002],[0.0950669100000141,41.95892902999998],[0.0937683399999969,41.95852280999998],[0.0914158599999837,41.95802791],[0.09025944000001118,41.95781593999999],[0.0892059500000073,41.95773625999999],[0.08829456000000846,41.95785086000001],[0.0862999799999784,41.95602244000003],[0.08501963999998452,41.954742109999984],[0.08475783000000092,41.95431689999998],[0.08462897999999086,41.953897110000014],[0.08483705999998392,41.95345925999999],[0.08514238999998724,41.95303680000001],[0.08406751000001123,41.95101249999999],[0.08330537000000504,41.949718210000015],[0.08234076000002233,41.94772695],[0.08195104999998648,41.94689992999997],[0.08132775000001402,41.94498053000001],[0.08002085999999053,41.94189079],[0.07911386000000675,41.939087470000004],[0.07878127999998696,41.93769157000003],[0.07816630999997187,41.93569088999999],[0.07759906000001138,41.93342775999997],[0.07906704999999192,41.932857049999996],[0.08208932000002278,41.93150613],[0.08271161999999777,41.93115620999998],[0.08317126999997981,41.93068457999999],[0.08349832999999762,41.92996436999999],[0.08469973000001119,41.92786984999998],[0.08574513000002071,41.92629281000001],[0.08593684999999596,41.9260175],[0.08696278000002167,41.92428788000001],[0.08773543000000927,41.92280821999998],[0.08960534999999936,41.919831139999985],[0.08964991999999938,41.919505749999985],[0.08891405999997914,41.916751929999975],[0.08686277999998993,41.90897251000001],[0.08638208000002123,41.906004680000024],[0.08489363000001049,41.90638691999999],[0.0831098900000029,41.90714630000002],[0.08177158000000873,41.90789368999998],[0.0793167799999992,41.90949052000002],[0.07859660999997686,41.909807030000024],[0.07361739999998917,41.911309370000026],[0.07078030999997509,41.912484010000014],[0.06830180999997992,41.91083032],[0.06822698000001992,41.910778289999996],[0.06174170999997841,41.90752054000001],[0.061092389999998886,41.90705157999997],[0.06076129000001629,41.906682190000026],[0.06027538000000732,41.9055965],[0.05973446000001559,41.90462034000001],[0.05521542000002455,41.89783367000001],[0.054352639999990515,41.89667694000002],[0.053305039999997916,41.89543507000002],[0.050369289999991906,41.89149678000001],[0.049963579999996455,41.890823160000025],[0.04968900000000076,41.890119029999994],[0.04898974000002454,41.88682363999999],[0.048324849999971775,41.88627396999999],[0.04729974000002812,41.88575186999998],[0.04583707000000459,41.88515133999999],[0.04476428999998916,41.884639489999984],[0.04465425000000778,41.88460638999999],[0.043809239999973215,41.884322629999986],[0.032866119999994226,41.88430629999999],[0.027543600000001334,41.871389050000005],[0.027053029999990486,41.870186260000025],[0.026349560000028305,41.86855682999999],[0.025867380000022422,41.86778607999997],[0.025876439999990453,41.867722800000024],[0.02602622000000565,41.867322609999974],[0.026630959999977222,41.86635208000001],[0.026499730000011823,41.86510378999998],[0.0264527300000168,41.864618740000026],[0.02690453999997544,41.86117574999997],[0.027019470000027468,41.86080349000002],[0.027325210000014977,41.860390180000024],[0.03152215000000069,41.85743363],[0.03135651000002326,41.856987730000014],[0.03131495999997469,41.85585414000002],[0.031359919999999875,41.855276609999976],[0.03194108999997525,41.85381137000002],[0.03215470999998615,41.85272507000002],[0.032106530000021394,41.85196087999998],[0.032003180000003795,41.85155837000002],[0.03172406999999566,41.85125956000002],[0.029647090000025855,41.84987355999999],[0.028541930000017146,41.85019091999999],[0.0257773999999813,41.84852581000001],[0.023967519999985143,41.847691],[0.029034770000009757,41.842009959999984],[0.030156159999989995,41.84076461000001],[0.03094103000000814,41.83978930000001],[0.03256112000002531,41.83839567000001],[0.03312367000000904,41.83781345],[0.034529539999994086,41.835966180000014],[0.031887890000007246,41.83434298999998],[0.030896989999973812,41.83350465000001],[0.030748430000016924,41.83341852000001],[0.03036413000000948,41.83318551999997],[0.026324719999990975,41.83077061],[0.016842170000018086,41.830380960000014],[0.015817930000025626,41.83138948999999],[0.014912419999973281,41.832106710000005],[0.01306589000000713,41.833298920000004],[0.010752959999990708,41.83225196000001],[0.010235819999991236,41.831238910000025],[0.007640849999972943,41.832135470000026],[0.006844370000010258,41.83184115],[0.0059544499999901745,41.83135116],[0.005083029999980226,41.83177023000002],[0.0039229399999953785,41.83039574999998],[0.003050610000002507,41.82950903],[0.0024118499999872256,41.82872426],[0.0012161199999809469,41.82658521000002],[0.000021810000021105225,41.82524761000002],[-0.003552490000004127,41.82270239000002],[-0.005331339999997908,41.822766849999994],[-0.008667969999976322,41.82298896999998],[-0.01005864000001111,41.81975620999998],[-0.012636390000011488,41.81894982],[-0.014652080000018941,41.81650775000003],[-0.02080362999998897,41.817027859999996],[-0.02190650000000005,41.81712854],[-0.02706732000001466,41.81720833000003],[-0.03075997000001962,41.81727692999999],[-0.03186869000001025,41.817251580000004],[-0.03212410999998383,41.817195149999975],[-0.03676716000001079,41.81623449],[-0.03682512000000315,41.81784798000001],[-0.03702535999997281,41.81820436999999],[-0.03796323000000257,41.819012069999985],[-0.03782224999997652,41.819197540000005],[-0.037323829999991176,41.81956291],[-0.037080829999979414,41.81987183000001],[-0.03714963999999554,41.82020681],[-0.03766084000000092,41.82139073000002],[-0.03686339000000771,41.82249583999999],[-0.037448849999975664,41.82337548999999],[-0.037967939999987266,41.82491083000002],[-0.03796541999997771,41.82548711999999],[-0.03774355000001606,41.825859630000025],[-0.037268299999993815,41.8262436],[-0.03670636999999033,41.82667937000002],[-0.0365562399999817,41.826801569999986],[-0.03523240999999189,41.82835234999999],[-0.03400973999998769,41.82953649000001],[-0.03327813999999307,41.82999487000001],[-0.032578479999983756,41.830282969999985],[-0.03085568000000194,41.83082375999999],[-0.03109183999998777,41.832225730000005],[-0.030598230000009607,41.832744279999986],[-0.03042564999998376,41.83309102999999],[-0.03044756999997844,41.83339778999999],[-0.03045419000000038,41.83351503],[-0.030744369999979426,41.834270000000004],[-0.03104625999998234,41.834511959999986],[-0.03351479000002655,41.83451277],[-0.03380383000001075,41.83477240000002],[-0.03407707000002347,41.83537382999998],[-0.03421635000000833,41.83600781000001],[-0.034446100000025126,41.83624788999998],[-0.035666690000027756,41.836414520000005],[-0.03633402000002661,41.83656683999999],[-0.03705896999997549,41.83703584],[-0.04170049999999037,41.84057772],[-0.04174654000001965,41.84062392999999],[-0.044424419999984366,41.841836650000005],[-0.04505655999997771,41.84197001000001],[-0.045569250000028205,41.84208226999999],[-0.046205559999975776,41.84238683000001],[-0.047389479999992545,41.843615039999975],[-0.04818718000001354,41.844076840000014],[-0.04951878000002807,41.844714469999985],[-0.05198085000000674,41.845912450000014],[-0.052684030000023085,41.846335769999996],[-0.05314497000000529,41.84678888000002],[-0.053268670000022666,41.84724233999998],[-0.053002900000024056,41.84804601000002],[-0.05281939000002467,41.84968029999999],[-0.051921699999979865,41.85270111],[-0.05025681000000759,41.85223504999999],[-0.04985523999999941,41.852323790000014],[-0.04977311999999756,41.85253781],[-0.05050257999999985,41.85370026999999],[-0.05080464000002394,41.85394217999999],[-0.05140789000000723,41.854182820000005],[-0.051997229999983574,41.858655699999986],[-0.05196410000002061,41.85911413000002],[-0.05161813000000848,41.85956451999999],[-0.05152689999999893,41.85997643000002],[-0.05167880999999852,41.86034056],[-0.05194562999997743,41.860563549999995],[-0.053143130000023575,41.86098155000002],[-0.054843590000018594,41.86172764999998],[-0.0565760299999738,41.86046630999999],[-0.05809092999999166,41.85895621999998],[-0.058855030000017905,41.85831840999998],[-0.06148968999997351,41.85708011999998],[-0.06292733999998745,41.85856682000002],[-0.06226043999998865,41.85945029999999],[-0.061892619999980525,41.860116300000016],[-0.06176666999999725,41.86076147],[-0.06169642999998359,41.861768289999986],[-0.061567589999981465,41.862476430000015],[-0.06118653999999424,41.86343025999997],[-0.060272020000013526,41.863406829999974],[-0.05958421000002545,41.86395655000001],[-0.06022546999997758,41.86468442],[-0.06109622000002446,41.86540015999998],[-0.06273019999997587,41.86654967999999],[-0.0646669199999792,41.868193229999974],[-0.06696219999997766,41.86963879000001],[-0.06879677000000584,41.870622260000005],[-0.07133427000002257,41.87230806000002],[-0.0720308799999998,41.87288418999998],[-0.07552414999997836,41.87422507000002],[-0.07682218999997303,41.874825499999986],[-0.07896533000001682,41.875654569999995],[-0.07979772999999568,41.87616206000001],[-0.08068222000002834,41.87631965000003],[-0.08390854999998965,41.87691503000002],[-0.08449011999999811,41.87710992000001],[-0.08505539999998746,41.87713329000002],[-0.08699219999999741,41.87693933999998],[-0.08992633999997679,41.87680669000002],[-0.09121255000002293,41.87687533000002],[-0.09348428999999214,41.87726612],[-0.09734978000000183,41.878651779999984],[-0.09845880000000307,41.87917514999998],[-0.10203132999998843,41.880382139999995],[-0.10344012000001612,41.88094004999999],[-0.10520612999999912,41.881326839999986],[-0.1087712300000021,41.881903050000005],[-0.10956676000000698,41.882166240000004],[-0.11101595999997471,41.88316635000001],[-0.1116400099999737,41.88375841999999],[-0.112712590000001,41.8845599],[-0.11367576999998619,41.88511546000001],[-0.11435288000001265,41.88560079000001],[-0.11520381000002544,41.88597341000002],[-0.11551302999998825,41.886332400000015],[-0.1150483000000122,41.88648281000002],[-0.11467783000000509,41.88668061999999],[-0.11386727000001429,41.887551780000024],[-0.11221628999999211,41.888617909999994],[-0.11174532000001136,41.88917341000001],[-0.11156799000002593,41.889898389999985],[-0.1119071100000042,41.890663399999994],[-0.11185882000000902,41.890932350000014],[-0.11087448000000677,41.89164600999999],[-0.11015009999999847,41.892474289999996],[-0.10987520999998424,41.89322383000001],[-0.10967321999999058,41.89422736],[-0.10975141000000121,41.89436440999998],[-0.11013301999997793,41.89445508],[-0.1106643800000029,41.89443244],[-0.11190308999999843,41.89395932999997],[-0.11225507000000334,41.89390515000002],[-0.11275626999997712,41.89401683],[-0.11340748999998596,41.89427637],[-0.11426678999998785,41.895000419999974],[-0.1146293599999808,41.895513849999986],[-0.11478972999998405,41.89676966000002],[-0.11473102999997309,41.89700232000001],[-0.11283442000001287,41.89843151000002],[-0.11188392000002523,41.899461229999986],[-0.111675450000007,41.8998072],[-0.11173064000001887,41.90018681999999],[-0.11187216000001854,41.90052358999998],[-0.11229465999997501,41.900777370000014],[-0.11472206000001961,41.901748020000014],[-0.11561041999999588,41.90236472999999],[-0.116387589999988,41.90304166999999],[-0.1173789700000043,41.904048190000026],[-0.11797364000000243,41.90449539999997],[-0.11897731999999905,41.90496188999998],[-0.12020526999998538,41.906874879999975],[-0.12318516999999929,41.910849059999975],[-0.1237301599999796,41.91133101999998],[-0.1248816600000282,41.911999279999975],[-0.12523478000002797,41.91245841],[-0.12558088999998063,41.91361078],[-0.12553142000001571,41.91390673000001],[-0.12526395999998385,41.914224219999994],[-0.12409986000000117,41.91517664000003],[-0.12388136999999233,41.91547735],[-0.12332601999997905,41.91710243],[-0.12289094999999861,41.91792902999998],[-0.12270889000001262,41.918491819999986],[-0.12273684000001595,41.91894279000002],[-0.12288805999997976,41.91933382000002],[-0.12411582999999382,41.92045428],[-0.12545211999997719,41.921307290000016],[-0.12610002999997505,41.92164772000001],[-0.1262605800000074,41.92183184999999],[-0.1264634099999853,41.92295361999999],[-0.12634386000001996,41.92400427000001],[-0.12615865999998732,41.924368860000016],[-0.12554151000000502,41.92575826000001],[-0.12533631999997397,41.927103939999995],[-0.12519280999998728,41.92761366000002],[-0.12496183000001793,41.92792306000001],[-0.1245481400000017,41.928272909999976],[-0.12350359999999228,41.92870599999998],[-0.12267281999999113,41.92867616000001],[-0.12217366999999513,41.928780700000004],[-0.12158371999998963,41.92902706000001],[-0.12097473000000036,41.929696190000016],[-0.12088301000000001,41.930126159999986],[-0.12093059000000039,41.930676689999984],[-0.12106259000000819,41.930959169999994],[-0.12133641999997735,41.931038090000015],[-0.12239854000000605,41.93101970999999],[-0.12272774000001618,41.931208079999976],[-0.12316325000000461,41.93171431000002],[-0.12359189000000015,41.93237346000001],[-0.12378161999998838,41.93298159],[-0.12356905000001461,41.933417529999986],[-0.1225539800000206,41.9342656],[-0.12183864000002131,41.93461687000001],[-0.12066146000000799,41.93504660999997],[-0.1198452699999848,41.93549439999998],[-0.11974472999997943,41.935852090000026],[-0.11973091999999497,41.937229590000015],[-0.11959736000000021,41.93778458000003],[-0.11910782000001063,41.938744869999994],[-0.11889386000001423,41.939477950000025],[-0.11895399000002271,41.939749629999994],[-0.11921649999999318,41.940080420000015],[-0.11958826000000045,41.94039593999997],[-0.12023592000002736,41.94074540999998],[-0.12108991999997443,41.94133419999997],[-0.12144925000001194,41.94165841],[-0.12151849999997921,41.94226351999998],[-0.12147677000001522,41.94319003999999],[-0.12251066999999694,41.94835812000002],[-0.12276766000002226,41.94854468],[-0.12370219000001725,41.948955360000014],[-0.12492836000001262,41.94931931000002],[-0.12566250999998374,41.94962588999999],[-0.12624883000000864,41.9500008],[-0.12667688999999882,41.95040777000003],[-0.12744259999999485,41.951354519999995],[-0.12795398999998042,41.95259206999998],[-0.12794460999998591,41.95306913000002],[-0.12819395999997596,41.95342658999999],[-0.13048501999998052,41.95587038999997],[-0.1306431599999769,41.956378659999984],[-0.13057071999998016,41.956917180000005],[-0.13032631999999467,41.95752342999998],[-0.12967252999999346,41.95972241999999],[-0.12963137999997798,41.960369790000016],[-0.12941833000002134,41.96081472999998],[-0.12907238000002508,41.960995190000006],[-0.12715833999999404,41.96143354999998],[-0.12643008999998528,41.96233386],[-0.12461861000002727,41.96344116],[-0.12379436999998461,41.96405987999998],[-0.12064737999997988,41.96695270999999],[-0.11992262000001119,41.967772019999984],[-0.1193296199999736,41.96861265000001],[-0.11828700000000936,41.97032451000001],[-0.11791729999998779,41.97129681000001],[-0.11803973999997197,41.97152503000001],[-0.11910987999999634,41.972146280000004],[-0.12016283000002659,41.97261399000001],[-0.12071042999997417,41.972780839999984],[-0.12114983999998685,41.973206119999986],[-0.12126824000000624,41.97352427999999],[-0.12129635000002281,41.97745136999998],[-0.12174520000002076,41.978471249999984],[-0.12319724999997561,41.98320854000002],[-0.123213039999996,41.98392937],[-0.12312054000000217,41.98410716000001],[-0.12268123000001196,41.98421321000001],[-0.12111881999999241,41.98486740999999],[-0.1209643999999912,41.985079670000005],[-0.12094359000002441,41.98580858999998],[-0.1210853800000109,41.98694683000002],[-0.12131219999997711,41.98753787999999],[-0.12170806000000312,41.98759285],[-0.12749358000002076,41.98751278999998],[-0.1296989100000019,41.98732486],[-0.13089337999997497,41.98733673999999],[-0.13220317000002524,41.987468569999976],[-0.1345398000000273,41.98785118000001],[-0.136740599999996,41.98830239],[-0.1373293999999987,41.98836211999998],[-0.14154794000000948,41.988233209999976],[-0.1430028899999911,41.988089360000004],[-0.14582437000001391,41.98761929],[-0.1472772899999768,41.987250200000005],[-0.1507546000000275,41.986147930000016],[-0.1523758700000144,41.98579195999997],[-0.15935715000000528,41.98460528999999],[-0.16064719000002015,41.98436707000002],[-0.16193236999998817,41.98396661999999],[-0.1632986700000174,41.98337005000002],[-0.1649662899999953,41.98251074000001],[-0.1659118300000273,41.98214687000001],[-0.16763415999997733,41.98168512000001],[-0.16864283000001024,41.981529920000014],[-0.16949362000002566,41.982757660000004],[-0.17029989999997497,41.98417340999998],[-0.17053206000002774,41.984926589999986],[-0.17465015999999878,41.985424369999976],[-0.1758583899999735,41.985670260000006],[-0.17677089000000024,41.98605294999999],[-0.17831183999999212,41.986964409999985],[-0.1809357999999861,41.988226680000025],[-0.18369473000001335,41.98916800000001],[-0.18601535999999896,41.98964823],[-0.186572979999994,41.989869039999974],[-0.18697637999997596,41.990302199999974],[-0.18748339000001124,41.99057578999998],[-0.18804452000000538,41.991264969999975],[-0.18856219000002739,41.99184501000002],[-0.1890260800000192,41.992549800000006],[-0.18942454000000453,41.99337006000002],[-0.18979311999999027,41.99459483999999],[-0.18983461999999918,41.99474894999997],[-0.18992007999997895,41.996372029999975],[-0.19007126000002472,41.997051150000004],[-0.19222354999999425,41.998346630000015],[-0.19311358999999584,41.99897177999998],[-0.19389074999998002,41.99969322999999],[-0.1947673799999734,42.000074900000016],[-0.19533322000000908,42.000385919999985],[-0.19550978000000896,42.00048930000003],[-0.1961570899999856,42.001144520000025],[-0.19792728999999554,42.00344817000001],[-0.20289694000001646,42.010440689999996],[-0.20342832000000044,42.01264198000001],[-0.20411790000002838,42.014540950000026],[-0.20596994999999652,42.01636917000002],[-0.2076778699999977,42.02011203000001],[-0.20798517999998012,42.021092109999984],[-0.2081030100000021,42.021986519999984],[-0.20849519000000782,42.02295965000002],[-0.20872664000000896,42.02539675999998],[-0.21049570999997513,42.02747505000002],[-0.21141282000002093,42.02804669],[-0.22405304000000115,42.03400885000002],[-0.23357985000001236,42.03911106999999],[-0.23572823000000653,42.04027055],[-0.24175695000002406,42.04026264999999],[-0.24938608999997314,42.04012173000001],[-0.25531346999997595,42.03938124000001],[-0.2666553000000249,42.041399249999984],[-0.2693200400000251,42.04208412999998],[-0.27251639000002115,42.04305175000002],[-0.27682736999997815,42.044514049999975],[-0.27754447000000937,42.044414010000025],[-0.2778569700000162,42.044169280000006],[-0.27855654000001095,42.04334836999999],[-0.27918037000000595,42.04288588999998],[-0.2797124100000019,42.04259231999998],[-0.2808789499999875,42.042151709999985],[-0.28356809000001704,42.041702139999984],[-0.28447727999997596,42.041912790000026],[-0.29378735000000233,42.04173666999998],[-0.29513550000001487,42.04213771000002],[-0.29763230999998314,42.042232609999985],[-0.3000371800000039,42.040506170000015],[-0.301656209999976,42.04164295999999],[-0.30246017000001757,42.042913639999995],[-0.3044484000000125,42.04446432999998],[-0.3062070999999946,42.04887334],[-0.30806910000001153,42.04970055000001],[-0.30808095999998386,42.05142088000002],[-0.3082628799999725,42.05226266],[-0.3090293600000109,42.05356843999999],[-0.31085611999998264,42.055520469999976],[-0.31130002999998396,42.058457669999996],[-0.3171239100000207,42.06392536999999],[-0.32007096000000956,42.066551849999996],[-0.32291149999997515,42.06884258000002],[-0.32617109000000255,42.07123306],[-0.32806491999997434,42.07276311999999],[-0.32778237000002264,42.07833993999998],[-0.3272166200000015,42.079146260000016],[-0.327155380000022,42.08060372],[-0.32739043999998785,42.08162682],[-0.32816177000000835,42.083409870000025],[-0.32867840000000115,42.08463764999999],[-0.3281465900000171,42.084922440000014],[-0.3275158899999724,42.085258950000025],[-0.32727807999998504,42.085739709999984],[-0.32693607999999585,42.08639813999997],[-0.32615319000001364,42.087478550000014],[-0.32574249999998983,42.08775714000001],[-0.3245504899999787,42.08821562999998],[-0.32501236000001654,42.08930706000001],[-0.325044059999982,42.08941586999998],[-0.3233704200000034,42.08953889999998],[-0.32365720000001375,42.09019398999999],[-0.32400175999998737,42.09062528999999],[-0.3245538799999963,42.091583749999984],[-0.3244258299999956,42.09232822000001],[-0.32685607000001937,42.10038177000001],[-0.3282343600000104,42.10642954999997],[-0.31942624999999225,42.11082570000002],[-0.3202172900000164,42.11644559000001],[-0.3215743299999758,42.11696360000002],[-0.3231504299999983,42.11745069],[-0.3254757400000017,42.117955240000015],[-0.32744463000000223,42.11830735000001],[-0.3294483000000241,42.118408079999995],[-0.3318869999999947,42.11880708000001],[-0.33345717999998215,42.11914981000001],[-0.3340572600000087,42.12070369999998],[-0.33355160000002115,42.12093507999998],[-0.3334405699999934,42.12156288],[-0.32747724000000744,42.12098272999998],[-0.32740354999998544,42.12158438],[-0.32706285000000435,42.122206819999974],[-0.3266289100000108,42.12245784999999],[-0.32551662999998143,42.123305430000016],[-0.32493377999998074,42.12421939000001],[-0.3166030200000023,42.12985118],[-0.3100213899999744,42.13185821000002],[-0.30999568999999383,42.13189362999998],[-0.3086764500000072,42.133618720000015],[-0.31120319000001473,42.13509187],[-0.3109061499999939,42.140677270000026],[-0.30252926999997953,42.14104775999999],[-0.2979596800000195,42.14151647],[-0.28865164000001187,42.142719510000006],[-0.28411326000002646,42.14358464999998],[-0.2831841999999938,42.147479970000006],[-0.2830458999999905,42.148449270000015],[-0.2830331100000194,42.14931349],[-0.2826423700000191,42.15080812000002],[-0.2825238400000103,42.15159778999998],[-0.2827796000000262,42.154386509999995],[-0.2828179200000136,42.15603540000001],[-0.2826555500000154,42.15728330000002],[-0.2822931599999947,42.15867953999998],[-0.2817290599999751,42.15998094999998],[-0.28117725999999266,42.16099446999999],[-0.2804909500000008,42.16373383000001],[-0.2794920900000193,42.16642073999998],[-0.27283314999999675,42.16673075],[-0.27149782999998706,42.166536870000016],[-0.269321170000012,42.16648502999999],[-0.2674640299999851,42.16660287000002],[-0.2650689399999919,42.166563740000015],[-0.26311681999999337,42.16579672],[-0.2626475999999798,42.166010640000025],[-0.2620318300000122,42.16681541999998],[-0.2612393200000156,42.16750790999998],[-0.2606192399999827,42.16841162999998],[-0.2604551300000253,42.16912814],[-0.26022230000000945,42.169473779999976],[-0.2597815600000217,42.16986847999999],[-0.2596099699999854,42.17019757999998],[-0.2595940300000166,42.17056642],[-0.2597587600000111,42.17123674999999],[-0.26012868999998773,42.17192098999999],[-0.26037148000000343,42.17274628000001],[-0.26053475999998454,42.17401094000002],[-0.2597651599999722,42.174730969999985],[-0.25855587000000924,42.175539549999996],[-0.2568643299999849,42.17630055000001],[-0.25502764999998817,42.17733721000002],[-0.25329505000001973,42.17792607000001],[-0.25252574000001005,42.17947455000001],[-0.25167909999998983,42.17973341999999],[-0.2512417500000197,42.18060544999997],[-0.2500568199999975,42.18112635],[-0.24889998999998397,42.18099953000001],[-0.24648802000001524,42.18050033999998],[-0.24433200999999372,42.18024138999999],[-0.24268674000001056,42.17993166000002],[-0.24211284000000433,42.17976476000001],[-0.24049767000002475,42.179320640000014],[-0.23821971000000985,42.17852733000001],[-0.23735320999998066,42.17840739000002],[-0.23397335999999314,42.17845194],[-0.23235944999998992,42.18075434999997],[-0.23167231000002175,42.18096288999999],[-0.227930850000007,42.18152083000001],[-0.22428175999999667,42.18217994999998],[-0.22202513000002,42.18283667999998],[-0.22100466000000552,42.18319016999999],[-0.21968114999998534,42.18327513000003],[-0.21896947999999838,42.184041330000014],[-0.21512749999999414,42.183848969999985],[-0.21250813000000335,42.18338905000002],[-0.21082531000001836,42.18338412999998],[-0.21061410999999453,42.18295574000001],[-0.21058788999999933,42.18245080999998],[-0.2104993599999716,42.18116090000001],[-0.2085330599999793,42.18099595000001],[-0.20609092000000828,42.18063926000002],[-0.20438100000001214,42.18207443],[-0.20409289000002673,42.18284184999999],[-0.20431891999999152,42.18320757999999],[-0.20481441999999106,42.18377799000001],[-0.2048443599999814,42.18392281000001],[-0.20467442000000347,42.184206829999994],[-0.20414560000000392,42.184392049999985],[-0.20384380000001556,42.18464583999997],[-0.2033450800000196,42.18579534999998],[-0.20294016000002557,42.186190710000005],[-0.20196651999998494,42.186851339999976],[-0.20178783000000067,42.18733326],[-0.20149730999997928,42.18760533],[-0.2008205199999793,42.187849949999986],[-0.2004348099999902,42.188083670000026],[-0.19972366000001784,42.18883175000002],[-0.19927785999999514,42.18905498999999],[-0.197089740000024,42.189793959999975],[-0.19577338999999938,42.18998687999999],[-0.1952436999999918,42.19019005000001],[-0.19438436000001502,42.190727340000024],[-0.19415378000002192,42.19155918000001],[-0.19378784000002724,42.19189241999999],[-0.19356908999998268,42.19300371999998],[-0.19264435000002322,42.19501625999999],[-0.19150906999999506,42.19467326],[-0.1899794899999847,42.19612162999999],[-0.1874858499999732,42.200734179999984],[-0.18718151000001626,42.20104189],[-0.18696797000001197,42.20148691000003],[-0.1865145599999778,42.20215116999998],[-0.18498572999999396,42.20521143000002],[-0.18627044999999498,42.20573826999998],[-0.18748820000001842,42.20613737999997],[-0.1883191800000077,42.20651799000001],[-0.19164200000000164,42.20806732],[-0.192106439999975,42.20851995999999],[-0.19239977000000863,42.20873426999998],[-0.19286900999998124,42.20907896],[-0.19331898000001502,42.20958526999999],[-0.19405726000002232,42.210692989999984],[-0.1941476800000146,42.210839280000016],[-0.194698609999989,42.21152817000001],[-0.19496656000001167,42.21176886000001],[-0.19551296999998158,42.21228652999997],[-0.19682912000001807,42.21375057],[-0.19714429999999084,42.21401943000001],[-0.19763940000001412,42.21432871000002],[-0.19860581000000366,42.21493767999999],[-0.2019871900000112,42.21737066999998],[-0.20296618999998373,42.21797090000001],[-0.20422831000001906,42.21846998000001],[-0.20705636999997523,42.219448469999975],[-0.20892109999999775,42.22029537999998],[-0.21003136000001632,42.22094378000003],[-0.21114937999999484,42.221691410000005],[-0.2146294500000181,42.22437858000001],[-0.21571299999999383,42.226187960000004],[-0.21630654000000504,42.22674268999998],[-0.22099881000002597,42.22998140999999],[-0.2212782600000196,42.23024034000002],[-0.22130320999997366,42.231879900000024],[-0.22165529000000106,42.23214058000002],[-0.2227861599999983,42.230393960000015],[-0.22304298000000244,42.22978783000002],[-0.2231305999999904,42.22944775000002],[-0.2234810799999991,42.228087449999975],[-0.22391270000002805,42.22598167000001],[-0.22414279999998143,42.225708080000004],[-0.22467574000000923,42.22571198000003],[-0.2251801400000204,42.225814249999985],[-0.22710014000000456,42.22623894999998],[-0.22907566999998608,42.22650286999999],[-0.23226749000002656,42.226661060000026],[-0.23453119999999217,42.22698587000002],[-0.23907295999998723,42.228419169999995],[-0.23997881000002508,42.22848601999999],[-0.2408639700000208,42.22847131999998],[-0.24305564000002278,42.22822689999998],[-0.24681657000002133,42.22756088],[-0.2476986199999942,42.22733892999997],[-0.24838462999997546,42.22744546000001],[-0.24884026000000858,42.22783462000001],[-0.24972735000000057,42.22833320000001],[-0.25051997000002757,42.22849630000002],[-0.2515929499999743,42.22834194000001],[-0.2534769100000176,42.22848617],[-0.25708009999999604,42.22894170000001],[-0.25997544000000516,42.22951526999998],[-0.26382442999999967,42.23045373999997],[-0.2638024099999825,42.23180401000002],[-0.26398485999999366,42.23234867999997],[-0.26698671000002605,42.23495079999998],[-0.26605547999997725,42.237432049999995],[-0.2658584499999961,42.238345890000005],[-0.26582324999998264,42.24000202000002],[-0.2660049599999752,42.24056467999998],[-0.26640536999997266,42.24111455000002],[-0.26679252000002407,42.241691119999984],[-0.2667603799999938,42.24299611999999],[-0.2670809100000042,42.24427351000003],[-0.26827980000001617,42.24541875],[-0.2690021899999806,42.24637252000002],[-0.2696418599999788,42.247558449999985],[-0.2708225399999833,42.248847309999974],[-0.27113176000000294,42.24982725000001],[-0.2712900199999808,42.250092170000016],[-0.27282631999997875,42.25297440999998],[-0.2731192200000123,42.254053],[-0.2725474999999733,42.258596049999994],[-0.2724724500000093,42.25977395000001],[-0.2726650700000164,42.261210370000015],[-0.2730799600000182,42.26255302999999],[-0.2740168099999778,42.263881079999976],[-0.27401223999999047,42.264268200000004],[-0.2736525700000243,42.26473692000002],[-0.2728752699999859,42.26533078],[-0.2713142800000128,42.26610407999999],[-0.2704513900000052,42.266713890000005],[-0.26631025000000363,42.27023525999999],[-0.26611967000002323,42.27071699999999],[-0.2645182300000215,42.26905783000001],[-0.2638923000000091,42.26895282999999],[-0.2635476699999799,42.26879151000003],[-0.26270712000001595,42.26776285],[-0.2622749299999896,42.267104140000015],[-0.2619310900000187,42.266924829999994],[-0.26097477000001845,42.26800960999998],[-0.259164759999976,42.26976737000001],[-0.25824700999999095,42.27051985999998],[-0.25744881999997915,42.27159038999997],[-0.2563235700000064,42.27349056999998],[-0.2553971400000137,42.27667423999998],[-0.2549266699999748,42.27773459000002],[-0.2549250999999799,42.27860806000001],[-0.2542045000000144,42.28012167999998],[-0.2533040199999732,42.28409841000001],[-0.2505386600000179,42.28466243999998],[-0.24832133000001022,42.28378072999999],[-0.24776408000002448,42.283488180000006],[-0.24509093000000348,42.281658909999976],[-0.2423965699999826,42.281152829999996],[-0.2409899699999869,42.283649430000025],[-0.23977086999997255,42.28601544999998],[-0.23900281999999606,42.28638417000002],[-0.23879364999999098,42.28673033000001],[-0.23772436000001562,42.286776599999996],[-0.23577783000001773,42.28636043],[-0.23340059999998175,42.28719457],[-0.2324343299999896,42.287657509999974],[-0.2296841900000004,42.28841951999999],[-0.22646675999999388,42.28960239999998],[-0.22538556000000654,42.28991841999999],[-0.22335541000001058,42.289473009999995],[-0.21800758000000542,42.290279810000015],[-0.2166651100000081,42.29019317000001],[-0.21520643000002337,42.28971646999997],[-0.21384987999999794,42.289674479999974],[-0.2120482299999935,42.28900028999999],[-0.21026091999999608,42.28855155000002],[-0.20854236000002402,42.28764518999998],[-0.2073827400000141,42.28671641],[-0.20475811000000022,42.28518455],[-0.20383228999997982,42.28472971000002],[-0.20266650999997182,42.28476429],[-0.20142229999999017,42.284652859999994],[-0.19993097000002535,42.28382396000001],[-0.19772152000001597,42.28414815999997],[-0.1964361899999858,42.28332425000002],[-0.19529865999999174,42.282449919999976],[-0.19339718999998468,42.281574879999994],[-0.19275433000001385,42.28239660999998],[-0.19208137999999053,42.28280336],[-0.1910966600000279,42.28313043000003],[-0.19048656000001074,42.28321452],[-0.18749798999999712,42.281970520000016],[-0.18718232999998463,42.28225093999998],[-0.1864520999999968,42.28176474000003],[-0.1827015000000074,42.27966441000001],[-0.1808277399999838,42.27871779999998],[-0.17838352000001123,42.27778411999998],[-0.17726907000002257,42.27748651000002],[-0.17650796999998875,42.27742273000001],[-0.17548636999998735,42.27694729000001],[-0.17475674999997182,42.27672217999998],[-0.17223002999998016,42.27655177999998],[-0.17123599000001377,42.27654525000003],[-0.17064609999999902,42.27644964000001],[-0.16458213999999316,42.27457973999998],[-0.16296113999999307,42.273684119999984],[-0.16210160999997925,42.27311350999997],[-0.1613962999999785,42.272888920000014],[-0.15952178999998523,42.27304958000002],[-0.15849346999999625,42.27326721999998],[-0.15760645000000295,42.27357841000003],[-0.15681356999999707,42.2731445],[-0.15609881000000314,42.27447753000001],[-0.15426976999998487,42.27524258],[-0.15318510999998125,42.276440330000014],[-0.15212266999998292,42.27741350000002],[-0.1540137299999742,42.278234940000004],[-0.15399387000002207,42.27867570000001],[-0.15407780999998977,42.278965949999986],[-0.15433253999998442,42.27923342999998],[-0.15680620000000545,42.281122890000006],[-0.15882252000000108,42.28293793],[-0.15954647000000932,42.28355922999998],[-0.1603802500000029,42.28443539],[-0.1637451000000283,42.28728332999998],[-0.1635451999999873,42.28768360999999],[-0.1634939099999997,42.288015529999996],[-0.16355851999998094,42.288467389999994],[-0.1638048400000116,42.28919389999999],[-0.16350883000001204,42.28957380000003],[-0.1634506699999747,42.28978848000003],[-0.16379190999998627,42.29029221000002],[-0.16328506999997217,42.29104510000002],[-0.16373131000000285,42.29164149000002],[-0.1627959799999985,42.292212670000026],[-0.16147009999997408,42.29283720000001],[-0.1612709300000006,42.29402994999998],[-0.15798748999998224,42.297991860000025],[-0.1575835300000108,42.29861219999998],[-0.14905284999997548,42.30217338],[-0.14160388999999896,42.305400710000015],[-0.13982865000002676,42.306292929999984],[-0.13680943999997908,42.3075953],[-0.1348290299999917,42.309797059999994],[-0.13321041000000378,42.312043870000025],[-0.13254518999997345,42.313332969999976],[-0.1318772299999864,42.31441487000001],[-0.1310997599999837,42.31550303],[-0.130397070000015,42.315746579999995],[-0.1302366499999721,42.315805599999976],[-0.12694269000002123,42.316731600000026],[-0.12186501000002181,42.31872034000003],[-0.11963408999997682,42.31974487999997],[-0.11836453000000802,42.320442360000015],[-0.11756970999999794,42.32110675000001],[-0.11711056000001463,42.321329330000026],[-0.11022547999999688,42.32540626000002],[-0.1093364199999769,42.32600517999998],[-0.10367962999998781,42.33000463000002],[-0.10004135000002634,42.332587090000004],[-0.09956964999997808,42.33307943],[-0.09919602999997323,42.33328609],[-0.09881318999998712,42.333429490000015],[-0.0986401600000022,42.33349714000002],[-0.09331572999997206,42.335523379999984],[-0.0900468799999885,42.33350429000001],[-0.08996533999999201,42.33343017999999],[-0.08778946000001042,42.331663909999975],[-0.08608200999998417,42.33210675999999],[-0.08344455000002426,42.332976169999995],[-0.083144510000011,42.33342778999997],[-0.08308015000000069,42.33350718999998],[-0.07915251999997963,42.339692660000026],[-0.08360876000000417,42.34621783],[-0.081829990000017,42.34766737000001],[-0.07866317999997818,42.35077445000002],[-0.07611485000001039,42.353104770000016],[-0.0735654499999896,42.354408439999986],[-0.07214791000001242,42.355128630000024],[-0.07125137999997833,42.355348849999984],[-0.0666368299999931,42.35719387],[-0.06585395000001881,42.35784018999999],[-0.06436890999998468,42.35870263999999],[-0.06336678999997503,42.35988363000001],[-0.06272899999999026,42.36028150999999],[-0.06203517000000147,42.36057889],[-0.06008370000000696,42.35920506999997],[-0.05587436000001844,42.35522477000001],[-0.055455040000026656,42.354844790000016],[-0.05485628999997516,42.35466730000002],[-0.053438760000005914,42.354603829999974],[-0.0527944500000217,42.35436213000003],[-0.05194274000001542,42.35414208999998],[-0.05159192000002122,42.35411505000002]]]}}]}