{"type":"FeatureCollection","features":[{"type":"Feature","properties":{"OBJECTID":1724,"ZON_CO_ID":10,"ZON_DS_NOM":"Binissalem-Mallorca","CAL_DS_NOM":"D.O.Binissalem","TPR_DS_DES":"Denominación de Origen","TPR_DS_GRU":"CALIDAD DIFERENCIADA","FAM_DS_NOM":"Vinos"},"geometry":{"type":"Polygon","coordinates":[[[2.7809744400000227,39.68027648999998],[2.7820449100000246,39.67730517000001],[2.7824063699999897,39.677305839999974],[2.7842807700000094,39.67448916000001],[2.785057199999983,39.672265100000004],[2.7869890299999724,39.67344897999999],[2.7903315099999872,39.67471646000001],[2.7926476100000173,39.67612618999999],[2.793358490000003,39.676253599999995],[2.793802000000028,39.676110230000006],[2.794920979999972,39.676238350000006],[2.796551249999993,39.67697104000001],[2.7986602899999866,39.677470270000015],[2.799324019999972,39.67778677000001],[2.800779069999976,39.678654240000014],[2.80173431999998,39.67897123],[2.802246050000008,39.67944061999998],[2.8028636000000233,39.679603859999986],[2.8033989099999985,39.67998318999997],[2.804214170000023,39.68033595999998],[2.8045746099999747,39.68070597000002],[2.805098639999983,39.68095914000003],[2.8056000500000096,39.68095998000001],[2.8061012599999913,39.68103288999998],[2.8081858900000043,39.682000430000016],[2.809023570000022,39.68269558999998],[2.8094180200000096,39.68343506000002],[2.8112570200000278,39.684717490000025],[2.8124444900000185,39.685458229999995],[2.813026499999978,39.685855609999976],[2.813632059999975,39.68617193],[2.813701789999982,39.686262150000005],[2.8142138200000204,39.68666841999999],[2.814493270000014,39.68683105000002],[2.814947650000022,39.68699394999999],[2.815262060000009,39.68716563999999],[2.8158553600000005,39.68771619],[2.8162744300000213,39.688005180000005],[2.8166000900000085,39.688339059999976],[2.817342569999994,39.68981788000002],[2.816806079999992,39.689826040000014],[2.8161764399999925,39.689779999999985],[2.8156515100000092,39.68982421999999],[2.814776839999979,39.689822830000026],[2.8142052200000194,39.689884989999996],[2.81370376000001,39.68987518],[2.8130738199999996,39.689937240000006],[2.8132221100000265,39.69117184999999],[2.8129855399999997,39.69240585],[2.8129152000000204,39.692540889999975],[2.8117345699999987,39.693530090000024],[2.8137131299999965,39.695073990000026],[2.81435338,39.695534520000024],[2.8146796600000243,39.695643159999975],[2.813936090000027,39.69892162000002],[2.814887859999999,39.700671090000014],[2.8160738799999763,39.702078529999994],[2.818778230000021,39.70276752000001],[2.820571350000023,39.70401368],[2.824673290000021,39.70562369999999],[2.8251973000000135,39.70598488000002],[2.826919299999986,39.707771449999996],[2.829408639999997,39.710667409999985],[2.830024739999999,39.711569329999975],[2.830746050000016,39.71239030999999],[2.8310839999999757,39.71254398000002],[2.831410070000004,39.71278773],[2.831666059999975,39.713067420000016],[2.831746810000027,39.71344596],[2.831978970000023,39.71393284999999],[2.8323162199999956,39.71438384999999],[2.8328756399999975,39.71462795000002],[2.8343562599999927,39.71507159999999],[2.836619159999998,39.71526406999999],[2.8369577700000264,39.715147419999994],[2.83713333999998,39.714904390000015],[2.8371225700000196,39.71451694000001],[2.8369132000000263,39.71424632999998],[2.839213719999975,39.71329450000002],[2.8412197299999775,39.713567609999984],[2.844186019999995,39.712220160000015],[2.846148229999983,39.711186639999994],[2.8480868299999997,39.71025218],[2.8490648999999735,39.711118450000015],[2.849437309999985,39.71154242],[2.8502510299999813,39.712904030000004],[2.850495609999996,39.71310258],[2.85257316000002,39.712663780000014],[2.855237480000028,39.71053178],[2.856534380000028,39.709569320000014],[2.8575043199999755,39.708741599999996],[2.859327090000022,39.70728422000002],[2.860471490000009,39.70669096],[2.8632529000000204,39.70411747999998],[2.865310500000021,39.70175031000002],[2.868138339999973,39.699086669999986],[2.8716445800000088,39.69527044],[2.8738936400000057,39.696363169999984],[2.8745811000000003,39.69675135],[2.875420329999997,39.69705859999999],[2.8771107200000188,39.697537950000026],[2.8781714899999997,39.69789949],[2.8785570900000153,39.69749445000002],[2.8786743900000147,39.69711615],[2.8789079399999764,39.69695422000001],[2.8792697599999997,39.69681043999998],[2.879479960000026,39.69666649999999],[2.879678780000006,39.696351359999994],[2.8800410599999964,39.69593728000001],[2.880287239999973,39.69520772999999],[2.8806617600000095,39.69445128000001],[2.881280580000009,39.694055479999975],[2.881701200000009,39.693614430000025],[2.8819228199999998,39.693605649999995],[2.8839417400000116,39.692877899999985],[2.88489844999998,39.69266262999997],[2.8852020599999832,39.69243768000001],[2.885763269999984,39.69158229999999],[2.8864171899999747,39.691087400000015],[2.8884484999999813,39.68982799999998],[2.8889502499999935,39.68965730000002],[2.8904085600000258,39.689334350000024],[2.8923687600000108,39.68873253999999],[2.8932786099999817,39.688607260000026],[2.893791770000007,39.688589709999974],[2.894165139999984,39.68847292999999],[2.8947021199999767,39.68813104999998],[2.8952856099999735,39.68787028999998],[2.89584554999999,39.68776269],[2.896510159999991,39.68785338999999],[2.8975829799999815,39.68791743000003],[2.8990877100000034,39.68769351999998],[2.8999862200000166,39.68732490000002],[2.9010609399999794,39.68603740999998],[2.9014930100000242,39.68562333],[2.9018080999999825,39.685461420000024],[2.9022163099999716,39.68542573000002],[2.9028350699999805,39.68493071],[2.9033368600000244,39.68467886000002],[2.903838510000014,39.68453512999997],[2.904258309999989,39.68454449000001],[2.905027729999972,39.68472532999999],[2.9052376800000275,39.68468947000002],[2.905925819999993,39.68460894999998],[2.906520950000015,39.68432111999999],[2.907104679999975,39.68382604999999],[2.9076531700000032,39.68352016],[2.9083297299999913,39.683367540000006],[2.909356740000021,39.68273765999999],[2.9102071500000193,39.68340506999999],[2.910719859999972,39.68371180999998],[2.9112793300000135,39.68393750000001],[2.9119671299999936,39.684118230000024],[2.9135989200000267,39.68477720999999],[2.916465990000006,39.686202879999996],[2.9182144100000187,39.686960899999974],[2.920067549999999,39.68795322],[2.9221890900000176,39.688855579999995],[2.9250921600000197,39.689668289999986],[2.928053460000001,39.69063412999998],[2.9289059700000166,39.68951738999999],[2.930272520000017,39.68746390000001],[2.931043719999991,39.68594164000001],[2.932281629999977,39.684131320000006],[2.9332739100000254,39.68303264000002],[2.935164450000002,39.68152896999999],[2.9360628900000165,39.68094378000001],[2.9387467000000242,39.67893588999999],[2.940076719999979,39.67812563000001],[2.9420135999999957,39.67665790000001],[2.9432967800000256,39.67599173999997],[2.9441717799999765,39.67538846000002],[2.9438804200000277,39.67519912],[2.943519359999982,39.6747034],[2.9435082599999873,39.67400961999999],[2.9431586499999867,39.673775209999974],[2.9426107699999875,39.67360377],[2.942027859999996,39.67349538000002],[2.941223530000002,39.67326075],[2.939416890000018,39.672521070000016],[2.9414710600000262,39.67005327999999],[2.9424631699999964,39.668738270000006],[2.941320819999987,39.66844942],[2.9389781900000003,39.66748424000002],[2.938139100000001,39.667087390000006],[2.9373117000000093,39.66667252000002],[2.936647540000024,39.666239700000006],[2.9357610700000123,39.66668976],[2.9186527699999942,39.66097623000002],[2.919738890000019,39.65931902],[2.9207430600000066,39.65791402999997],[2.9214082299999973,39.65730174999999],[2.9219219400000043,39.65660826999999],[2.922260740000013,39.65595072000002],[2.92247150999998,39.65511287999999],[2.922402420000026,39.65436497000002],[2.922216830000025,39.65356293000002],[2.923114740000017,39.653239110000015],[2.923616240000001,39.65300515000001],[2.9247943799999803,39.65223997999999],[2.9250860399999965,39.65200589],[2.9267479399999843,39.645744620000016],[2.9272273799999766,39.644267189999994],[2.9276120000000105,39.64425841000002],[2.9273928999999725,39.642050719999986],[2.9274399099999755,39.641681319999975],[2.928397969999992,39.63940222999997],[2.9288998700000093,39.63866366000002],[2.934201850000022,39.63928830999998],[2.9359380399999964,39.63958656],[2.9362527399999863,39.63955068000001],[2.936520949999988,39.63937060000001],[2.9371964299999718,39.63987552999998],[2.937930279999989,39.64027235999998],[2.9386060900000075,39.64042587],[2.939248609999993,39.638705189999996],[2.939540319999992,39.63830887],[2.9404517599999735,39.63552507999998],[2.9407086300000174,39.634957550000024],[2.9422116100000153,39.635318659999996],[2.942782560000012,39.63540002000002],[2.943294970000011,39.63581472999999],[2.9437143299999775,39.63602215999998],[2.944425200000012,39.63602248000001],[2.9457535199999825,39.63625732999998],[2.946499689999996,39.63582514000001],[2.947304420000023,39.63500553],[2.947561070000006,39.63464521999998],[2.9465357999999924,39.63436546999998],[2.947702530000015,39.632545849999985],[2.9485773700000095,39.63139288000002],[2.94876413999998,39.630960449999975],[2.94709795,39.630770540000015],[2.9460377400000084,39.63053581999998],[2.946201550000012,39.629679899999985],[2.9468089900000223,39.62775192999999],[2.9501992300000097,39.62850118],[2.956793609999977,39.62981910000002],[2.9554896099999723,39.62816074],[2.9534759100000088,39.62502439000002],[2.9513225100000113,39.621951079999974],[2.9502983400000176,39.62036490000003],[2.9492038399999956,39.61941839000002],[2.9473294900000155,39.617525469999975],[2.9450824699999885,39.615605329999994],[2.943487629999993,39.61409090000001],[2.941868539999973,39.61381082999998],[2.9395390600000155,39.61325106999999],[2.939282779999985,39.61322390999999],[2.9382229600000187,39.61288999999999],[2.936161410000011,39.61240239],[2.928475100000014,39.610055450000004],[2.9221862599999895,39.608519820000026],[2.9215805300000284,39.608501409999974],[2.918109979999997,39.60780531],[2.915431070000011,39.60754214999997],[2.9127989099999922,39.60718880000002],[2.906685830000015,39.60535494999999],[2.9035588799999914,39.60908268999998],[2.902193469999986,39.61083857],[2.9006679400000053,39.610476870000014],[2.894671140000014,39.608804669999984],[2.8925751400000195,39.608280149999985],[2.8920133600000213,39.60997357999997],[2.8882174199999895,39.60893379999999],[2.8873093199999857,39.60861756000003],[2.886995230000025,39.60835595999998],[2.8867627399999947,39.60805839],[2.8844814700000256,39.60692083999999],[2.879197280000028,39.60446465000001],[2.879045710000014,39.60454558999999],[2.876967869999987,39.60705730000001],[2.876583499999981,39.60703887],[2.8763038499999993,39.60708362999998],[2.8718328400000246,39.605970490000004],[2.8658362400000215,39.6047653],[2.8640665099999865,39.60435776999998],[2.8649882899999852,39.60354791999998],[2.85421623000002,39.59688520999998],[2.851040580000017,39.595043050000015],[2.848399939999979,39.593606980000004],[2.8481325700000184,39.59338137999998],[2.847864570000013,39.5934441],[2.847772070000019,39.59313761999999],[2.8461086500000192,39.59223438999999],[2.8449220399999717,39.591656150000006],[2.8444798799999944,39.59148435999998],[2.843189250000023,39.59056356999997],[2.8426534399999923,39.59060789],[2.8423520000000053,39.59001280000001],[2.839234239999996,39.58858488999999],[2.8391648099999998,39.58839556999999],[2.838955380000016,39.588314190000006],[2.8385818400000176,39.5886921],[2.8373010899999827,39.58858219000001],[2.8382740299999796,39.590854149999984],[2.839698129999988,39.59446925999998],[2.8387898999999948,39.594386910000026],[2.838160899999991,39.59442207000001],[2.837170599999979,39.594573860000025],[2.836739379999983,39.59469939000002],[2.8363754299999755,39.595933290000005],[2.8361185300000216,39.59622125999999],[2.83569915999999,39.596256700000026],[2.835361569999975,39.59618413999999],[2.8349194699999885,39.59598528999999],[2.8346167199999854,39.595957820000024],[2.8343601000000263,39.59611963999998],[2.834231339999974,39.59638976999997],[2.8343470799999864,39.59669628],[2.834649000000013,39.59707515000002],[2.8352654899999834,39.59740941000001],[2.835718830000019,39.59778848000002],[2.8356950900000015,39.597977660000026],[2.8354267799999775,39.598157490000006],[2.834809440000015,39.59817463000002],[2.8342622900000265,39.59806572000002],[2.8333326200000215,39.59719038999998],[2.832845010000028,39.59654095000002],[2.8325774799999976,39.5963964],[2.8320883200000253,39.59639569000001],[2.8303288999999836,39.596708490000026],[2.8295717699999727,39.596743419999996],[2.8286862200000087,39.596904300000006],[2.828021910000018,39.59708352000001],[2.8278934100000015,39.597236510000016],[2.827856489999988,39.59803836999998],[2.8276572799999826,39.598524629999986],[2.8274351100000104,39.59887570000001],[2.8270382800000107,39.599208490000024],[2.8266770600000086,39.59927102],[2.825547219999976,39.59929635999998],[2.825488489999998,39.599494489999984],[2.8255927199999746,39.59972892000002],[2.8255338499999993,39.599981119999995],[2.825358240000014,39.60034125999999],[2.825043129999983,39.60059308000001],[2.8246239999999716,39.60052036000002],[2.8242517900000053,39.600321570000006],[2.82389169999999,39.59993358999998],[2.8235087599999815,39.59937437000002],[2.8224281999999903,39.598345540000025],[2.8216957700000194,39.59782181999998],[2.8209988400000157,39.59709092000003],[2.8207078099999876,39.59703640999999],[2.8205444999999827,39.597135270000024],[2.820682750000003,39.597721149999984],[2.820600309999975,39.598072419999994],[2.820355099999972,39.59831531999998],[2.819981999999982,39.59846792000002],[2.8193993200000023,39.59859316000001],[2.818735370000013,39.59861914999999],[2.818281479999996,39.59848328999999],[2.8179792700000235,39.598248549999994],[2.81779376999998,39.597923890000004],[2.8179472799999985,39.59712221000001],[2.81806696000001,39.59589699999998],[2.817893079999976,39.59558136999999],[2.81762569,39.59540074],[2.8172298700000056,39.59533705000001],[2.8137016700000004,39.59942210000003],[2.809050969999987,39.60491982000002],[2.8062958200000025,39.611321540000006],[2.80103188999999,39.61486266999998],[2.7976209000000267,39.61403683999998],[2.7904457999999863,39.621403480000026],[2.786495670000022,39.625351790000025],[2.7836317200000167,39.62834688999999],[2.7834088999999835,39.628806],[2.782979800000021,39.63188668999999],[2.7826628099999766,39.63264294999999],[2.7802753999999936,39.63588213999998],[2.780169360000002,39.63625136000002],[2.778904809999972,39.63813209],[2.7783665900000187,39.63880683000002],[2.7745312199999717,39.63919591000001],[2.7710565500000257,39.639747750000026],[2.7702290700000276,39.63976414000001],[2.7675131099999817,39.63993894999999],[2.767512140000008,39.640227270000025],[2.7653010199999812,39.64274568000002],[2.7647631500000216,39.64326719000002],[2.763968690000013,39.64384223000002],[2.7639544900000033,39.64459004999998],[2.7633341299999756,39.64537266999997],[2.7657742900000244,39.64755807],[2.7651099099999783,39.64756575000001],[2.7630346700000246,39.647741740000015],[2.7622299399999974,39.64789327],[2.760562649999997,39.648061040000016],[2.758511320000025,39.648056800000006],[2.754431469999986,39.64819241999999],[2.754237690000025,39.65025535000001],[2.754276720000007,39.652399849999995],[2.754193380000004,39.65289523000001],[2.754233979999981,39.654598239999984],[2.7545889200000033,39.656410040000026],[2.754261989999975,39.65656252000002],[2.7538875800000255,39.656958180000004],[2.7529290599999854,39.657703990000016],[2.7522867100000212,39.65804501000002],[2.751516190000018,39.65836773000001],[2.7509094200000277,39.65853763000001],[2.7487519900000166,39.658776260000025],[2.7448327299999846,39.65944350000001],[2.7426521400000183,39.65962791999999],[2.73956351999999,39.65947689000001],[2.7384570699999813,39.659213120000004],[2.7367914499999983,39.661930429999984],[2.7368052799999987,39.66750775999998],[2.7368264400000157,39.668075439999996],[2.7358535299999858,39.672515250000004],[2.734948069999973,39.67757690000002],[2.7342786699999806,39.68186420000001],[2.7344745899999907,39.68246832],[2.734170469999981,39.68271090000002],[2.733072160000006,39.689330840000025],[2.7331877500000132,39.68960141000002],[2.736397650000015,39.691942340000026],[2.7357494099999826,39.69372487999999],[2.7335465599999793,39.696377840000025],[2.7314617900000258,39.69861657000001],[2.7334507699999904,39.70309015999999],[2.7347681699999953,39.706318780000004],[2.7369372900000144,39.70647687000002],[2.7380717199999935,39.708795039999984],[2.74015116999999,39.711115310000025],[2.7412069800000154,39.712667409999995],[2.7437258300000167,39.712952289999976],[2.745469679999985,39.714613989999975],[2.749109579999981,39.714630899999975],[2.7506932100000085,39.71547224],[2.75156235999998,39.71710494000001],[2.7526657700000214,39.71849486000002],[2.754306569999983,39.71640796999998],[2.7556094299999927,39.714185199999974],[2.7581420899999785,39.71054135000003],[2.758752089999973,39.70956952],[2.7604233199999726,39.708689960000015],[2.762704030000009,39.706955660000006],[2.765064460000019,39.705762100000015],[2.7653104600000233,39.70545625],[2.76540497000002,39.705105049999986],[2.765442039999982,39.704492440000024],[2.765875859999994,39.703835579999975],[2.7659351500000184,39.703547370000024],[2.7655895400000077,39.702267240000026],[2.7656021500000065,39.70198796],[2.7657323799999745,39.70142057999999],[2.7667335400000184,39.698539359999984],[2.766758379999999,39.698088910000024],[2.766424050000012,39.69692593000002],[2.766343679999977,39.69654735],[2.766193030000011,39.69625872],[2.7652760799999783,39.69494141000001],[2.7648360200000184,39.694012480000026],[2.7647918200000277,39.69329157999999],[2.764979770000025,39.69289551000003],[2.7652137599999946,39.69267974000002],[2.7670360500000015,39.69181843000001],[2.769054799999992,39.69148908],[2.7705131600000072,39.69132977999999],[2.770898530000011,39.69117735999998],[2.7715650700000083,39.69063806999998],[2.7749690399999736,39.68750016000001],[2.775717849999978,39.68674476000001],[2.776653490000001,39.68590862000002],[2.7788166400000023,39.68411071999998],[2.779273009999997,39.683616029999996],[2.780034360000002,39.68255427999998],[2.7809744400000227,39.68027648999998]]]}},{"type":"Feature","properties":{"OBJECTID":1772,"ZON_CO_ID":44,"ZON_DS_NOM":"Pla i Llevant","CAL_DS_NOM":"D.O.Pla i Llevant","TPR_DS_DES":"Denominación de Origen","TPR_DS_GRU":"CALIDAD DIFERENCIADA","FAM_DS_NOM":"Vinos"},"geometry":{"type":"MultiPolygon","coordinates":[[[[3.1171970799999826,39.81436795000002],[3.1172085800000104,39.81425982000002],[3.1172317799999973,39.814160689999994],[3.1172432899999762,39.81406156999998],[3.117254820000028,39.81397145],[3.1172780300000227,39.813881330000015],[3.1173012500000254,39.81379120999998],[3.1173244600000203,39.81370107999999],[3.117347670000015,39.813610960000005],[3.11737088000001,39.813520840000024],[3.117394090000005,39.81343070999998],[3.1174056199999995,39.813340600000004],[3.1174171499999943,39.81325048999997],[3.117440349999981,39.813151360000006],[3.117451860000017,39.81305223999999],[3.1174633900000117,39.81296213000002],[3.1174866000000065,39.81287200000003],[3.1175098200000093,39.81278187999999],[3.1175330099999883,39.81268275000002],[3.117556219999983,39.812592619999975],[3.117567740000027,39.812493500000016],[3.1176026300000217,39.81240337000003],[3.1176141600000165,39.81231324999999],[3.1176373600000034,39.81221412000002],[3.1176488699999823,39.812115000000006],[3.117672079999977,39.812024880000024],[3.117683609999972,39.811934759999986],[3.1176951200000076,39.81183564000003],[3.1177183500000183,39.81175452999997],[3.1177298499999893,39.81164639999997],[3.117741369999976,39.81155629],[3.1177528900000198,39.81145716999998],[3.1177643999999987,39.811358040000016],[3.1177759299999934,39.811267929999985],[3.1177757400000132,39.81115980999999],[3.117787270000008,39.81106970000002],[3.117798769999979,39.81096157000002],[3.1178102999999737,39.81087145999999],[3.1178334900000095,39.81077232000001],[3.1178450200000043,39.81068220999998],[3.117856549999999,39.81059210000001],[3.117879739999978,39.810492969999984],[3.1179029400000218,39.81039383000001],[3.1179261300000007,39.810294699999986],[3.1179493399999956,39.810204580000004],[3.1179842199999825,39.81010543000002],[3.1180191099999774,39.810015299999975],[3.1180540099999803,39.80992515999998],[3.118088899999975,39.80983502999999],[3.118123790000027,39.80974488999999],[3.118146990000014,39.80964576000002],[3.118181859999993,39.809546609999984],[3.1182167599999957,39.809456479999994],[3.1182516499999906,39.80936634],[3.1182865399999855,39.80927621000001],[3.1183214299999804,39.80918607000001],[3.1183446399999752,39.80909595000003],[3.118379530000027,39.809005809999974],[3.118414410000014,39.80890667],[3.118449290000001,39.808807520000016],[3.1184724999999958,39.80871739999998],[3.118507369999975,39.808618249999995],[3.1185305800000265,39.80852813000001],[3.1185537800000134,39.80842898999998],[3.1185769800000003,39.80833887],[3.1186118599999872,39.808239730000025],[3.118635050000023,39.808140589999994],[3.118658260000018,39.80805047000001],[3.118693150000013,39.807960330000014],[3.1187397300000157,39.80787019000002],[3.1187629199999947,39.807771049999985],[3.1187977899999737,39.80767191000001],[3.1188326700000175,39.80757276000003],[3.1188675399999966,39.80747360999999],[3.1189024500000073,39.807392489999984],[3.1189373299999943,39.80729334],[3.118972229999997,39.80721222],[3.119018789999984,39.807113060000006],[3.11905366000002,39.80701391000002],[3.119088550000015,39.80692377999998],[3.1191117800000256,39.80684265999997],[3.1191466700000205,39.80675252999998],[3.1191698700000074,39.80666241],[3.1191930699999943,39.80656327000003],[3.1192162699999813,39.80647314999999],[3.119239479999976,39.80638302],[3.1192626900000278,39.80629290000002],[3.1192975899999738,39.806211770000004],[3.1193207800000096,39.80611263999998],[3.1193439900000044,39.80602252],[3.1193671799999834,39.805923380000024],[3.119390380000027,39.80582425],[3.119425260000014,39.80573411],[3.119448470000009,39.80564399000002],[3.119483360000004,39.805553850000024],[3.1195182499999987,39.80546371999998],[3.1195414399999777,39.80536458],[3.1195763100000136,39.80526544000003],[3.1196112000000085,39.80517529999997],[3.1196343899999874,39.80507617000001],[3.1196575800000232,39.80497703999998],[3.119680770000002,39.80487790000001],[3.119703979999997,39.80478778000003],[3.119727169999976,39.804688639999995],[3.119762040000012,39.80458950000002],[3.1197852500000067,39.804499369999974],[3.1198201500000096,39.804418250000026],[3.1198550400000045,39.80432810999997],[3.1198782299999834,39.804228980000005],[3.1199014399999783,39.804138850000015],[3.119948000000022,39.80404871000002],[3.119982880000009,39.80394955999998],[3.120017780000012,39.80386843000002],[3.120052670000007,39.803778299999976],[3.120087549999994,39.80368815999998],[3.120134119999989,39.80359800999997],[3.1201689900000247,39.80349887],[3.1202038999999786,39.803417739999986],[3.1202504500000146,39.803318579999996],[3.1202970200000095,39.80322844],[3.1203318999999965,39.8031383],[3.1203784900000073,39.80305715999998],[3.1204250499999944,39.802967009999975],[3.1204716199999893,39.802876860000026],[3.1205181899999843,39.80278671999997],[3.120553079999979,39.802696579999974],[3.120599640000023,39.802606430000026],[3.120634530000018,39.80251629999998],[3.120681100000013,39.802426149999974],[3.12072766,39.802336000000025],[3.120774240000003,39.802254860000005],[3.120832489999998,39.80216469999999],[3.120879059999993,39.802074549999986],[3.120925639999996,39.80199341000002],[3.120983899999999,39.801912259999995],[3.1210421700000097,39.80183111000002],[3.1211004300000127,39.801749959999995],[3.1211470000000077,39.80165980999999],[3.121216909999987,39.80156062999998],[3.1231101500000022,39.80205418000003],[3.123226960000011,39.80205405999999],[3.1233437700000195,39.80205394000001],[3.1234722699999793,39.80205380000001],[3.123589079999988,39.80205367000002],[3.1236941500000057,39.80201751999999],[3.1237291099999993,39.801972439999986],[3.12375234000001,39.801900330000024],[3.1237521799999968,39.80181023],[3.1237286599999834,39.80172016],[3.1236701400000015,39.80165714999998],[3.1235765700000115,39.801594179999995],[3.1234713599999964,39.801549239999986],[3.123366180000005,39.801522320000004],[3.1232493399999726,39.80150443000002],[3.123132489999989,39.80148652999998],[3.1230156299999976,39.80145962],[3.1229104399999983,39.80142369999999],[3.122793559999991,39.80138778000003],[3.1226883799999996,39.80136085999999],[3.1225831900000003,39.80132493000002],[3.122466299999985,39.80128001000003],[3.122372750000011,39.80122604000002],[3.122267529999988,39.801172099999974],[3.12218562999999,39.801100099999985],[3.1221387599999844,39.80101905999999],[3.122138600000028,39.80092896000002],[3.1221384400000147,39.80083886],[3.1224050600000055,39.79969431000001],[3.122521419999998,39.799441909999985],[3.122544619999985,39.799351779999995],[3.12257950999998,39.799261650000005],[3.122614390000024,39.79917151000001],[3.122660950000011,39.79908136],[3.1227075300000138,39.79900021999998],[3.122765770000001,39.798910060000026],[3.122812329999988,39.79881991000002],[3.122858909999991,39.79873877],[3.122905469999978,39.798648619999994],[3.1229403500000217,39.798558490000005],[3.1229869300000246,39.798477349999985],[3.1230218100000116,39.79838720999999],[3.1230567100000144,39.798306079999975],[3.1230915900000014,39.79821593999998],[3.1231381499999884,39.79812579999998],[3.1231730299999754,39.79803565999998],[3.1232195900000193,39.79794550999998],[3.123242800000014,39.79786438999997],[3.123289360000001,39.797774240000024],[3.123312559999988,39.797684119999985],[3.123359119999975,39.79759396999998],[3.123405680000019,39.797503819999974],[3.123440580000022,39.79742269000002],[3.123487140000009,39.79733254000001],[3.123522019999996,39.797242410000024],[3.1235568999999828,39.797152270000026],[3.1236034600000266,39.79706212000002],[3.1236383400000136,39.79697198000002],[3.1236965800000007,39.79688182000001],[3.1237431499999957,39.79680067999999],[3.1237780499999985,39.79671954999998],[3.1238245900000265,39.79662038999999],[3.1238711699999726,39.79653925000002],[3.1239177200000086,39.796449110000026],[3.1239759599999957,39.796358940000005],[3.1240225399999986,39.796277799999984],[3.1240807899999936,39.79619665000001],[3.1241390299999807,39.79610649],[3.1241972899999837,39.79602533000002],[3.1242438599999787,39.79594419],[3.1243021199999816,39.79586303999997],[3.1243603500000177,39.795772880000015],[3.1244069300000206,39.795691739999995],[3.1244535000000155,39.795610599999975],[3.1245117400000026,39.79552043000001],[3.1245699899999977,39.79543927999998],[3.1246165499999847,39.79534912999998],[3.1246631199999797,39.79526799000001],[3.1247213600000237,39.79517783],[3.1247796200000266,39.79509667000002],[3.1248261900000216,39.79501553],[3.1248844400000166,39.79493437999997],[3.1249426900000117,39.79485323],[3.1249892499999987,39.794763079999996],[3.125047489999986,39.794672909999974],[3.125117419999981,39.794591749999995],[3.125175660000025,39.794501579999974],[3.12523391000002,39.79442043],[3.125292160000015,39.794339279999974],[3.12535041000001,39.794258119999995],[3.125408660000005,39.794176970000024],[3.125466920000008,39.794095819999995],[3.125536850000003,39.79401465000001],[3.1256067799999983,39.79393348999997],[3.1256767099999934,39.793852319999985],[3.1257349599999884,39.793771170000014],[3.1257815199999754,39.79368101],[3.1258397700000273,39.79359985999997],[3.1258863200000064,39.79350971000002],[3.1259328799999935,39.79341956000002],[3.1259911299999885,39.79333840999999],[3.1260376999999835,39.79325726000002],[3.1260959300000195,39.793167100000005],[3.1261541800000145,39.79308594999998],[3.1262124099999937,39.79299578000001],[3.127144499999986,39.791751379999994],[3.127377519999982,39.791444780000006],[3.127447449999977,39.79136361000002],[3.127505690000021,39.79128245999999],[3.127563940000016,39.79120130000001],[3.127633870000011,39.791120139999975],[3.127703789999998,39.79103896999999],[3.1277854100000013,39.79096679999998],[3.1278670400000124,39.790894630000025],[3.1279253000000153,39.790822479999974],[3.1279952099999946,39.7907323],[3.1280534499999817,39.790651149999974],[3.1281000199999767,39.79057001000001],[3.1281582600000206,39.790488849999974],[3.1282281900000157,39.79040767999999],[3.1282864400000108,39.790326530000016],[3.128356380000014,39.790254370000014],[3.128426320000017,39.79018221000001],[3.12850794000002,39.79011004],[3.128589540000007,39.79002886000001],[3.1286594800000103,39.789956700000005],[3.1287060299999894,39.78986653999999],[3.1287759699999924,39.78979439],[3.1288342199999875,39.78971323000002],[3.1288924799999904,39.789641080000024],[3.1289623999999776,39.78955990999998],[3.1290323299999727,39.78947875],[3.1290905700000167,39.78939759000002],[3.1291605100000197,39.78932543000002],[3.129230430000007,39.789244259999975],[3.129288680000002,39.789163099999996],[3.129358599999989,39.78908193000001],[3.129416839999976,39.78900077999998],[3.129475090000028,39.78891962],[3.129533330000015,39.78883846999997],[3.1296032500000024,39.788757299999986],[3.1296614899999895,39.78867614000001],[3.1297314299999925,39.788603980000005],[3.1297896599999717,39.78851380999998],[3.1298479000000157,39.78843266000001],[3.129917820000003,39.788351490000025],[3.12997605999999,39.78827032999999],[3.130034309999985,39.78818917000001],[3.130104229999972,39.78810800000002],[3.130162470000016,39.788026849999994],[3.130220730000019,39.7879547],[3.130278970000006,39.78787354000002],[3.1303488899999934,39.78779236999998],[3.1304188299999964,39.787720209999975],[3.1304887599999915,39.78764804999997],[3.1305703799999947,39.78757588000002],[3.1306403099999898,39.78750372000002],[3.130698559999985,39.78742255999998],[3.130768470000021,39.787341389999995],[3.130838390000008,39.78726022000001],[3.1309199899999953,39.78717904000001],[3.1309899099999825,39.787097870000025],[3.1310598300000265,39.78701669999998],[3.1311180899999727,39.78694454999999],[3.1311880200000246,39.786872389999985],[3.131257940000012,39.78679122],[3.131327859999999,39.78671005000001],[3.131386099999986,39.786628889999974],[3.131456029999981,39.78655672999997],[3.131525950000025,39.786475559999985],[3.1315841900000123,39.786394400000006],[3.1316541200000074,39.786322240000004],[3.1317123599999945,39.786241089999976],[3.1317822799999817,39.78615990999998],[3.131852209999977,39.78608774999998],[3.131922130000021,39.78600657999999],[3.131992029999992,39.78591640000002],[3.1320619599999873,39.78584424000002],[3.1321318700000234,39.78576306999997],[3.1322018299999854,39.78569992000001],[3.1322717400000215,39.785618750000026],[3.1323416700000166,39.785546590000024],[3.132423270000004,39.78546540000002],[3.132504879999999,39.78539323000001],[3.132574809999994,39.78532107000001],[3.1326563999999735,39.785239880000006],[3.1327146400000174,39.78515872000003],[3.1327845700000125,39.785086560000025],[3.132877860000008,39.78501437],[3.132947779999995,39.78493320000001],[3.13301770999999,39.78486104000001],[3.1330993000000262,39.784779860000015],[3.1331692300000213,39.784707690000005],[3.1332391600000165,39.78463553],[3.1333207700000116,39.78456335999999],[3.133390679999991,39.784482190000006],[3.133472310000002,39.78441901999997],[3.133542239999997,39.78434686000003],[3.133623849999992,39.78427468000001],[3.1336937799999873,39.78420252000001],[3.1337753700000235,39.78412134000001],[3.1338569900000266,39.78405816999998],[3.1339269200000217,39.78398600999998],[3.133996850000017,39.783913849999976],[3.134066749999988,39.783823659999996],[3.134124999999983,39.78375151],[3.134183230000019,39.783670359999974],[3.1342648400000144,39.78359818000001],[3.1343347700000095,39.78352602000001],[3.1344046799999887,39.78344485000002],[3.134474609999984,39.783372680000014],[3.13454452000002,39.783291510000026],[3.134614429999999,39.78321033999998],[3.1346726599999784,39.78312918],[3.1347308900000144,39.783048020000024],[3.1347891400000094,39.78297586999997],[3.1348590499999887,39.782894699999986],[3.1349289799999838,39.782822539999984],[3.13499889000002,39.78274135999999],[3.135068820000015,39.78266919999999],[3.135150420000002,39.782597020000026],[3.1352320400000053,39.78253386],[3.1353253400000085,39.78247068000002],[3.1354069700000196,39.782407509999985],[3.1354885900000227,39.78234434000001],[3.135593579999977,39.78229016],[3.13567519999998,39.78222699000003],[3.1357801799999834,39.78216379999998],[3.1358617999999865,39.78210063],[3.135955079999974,39.782028439999976],[3.136048379999977,39.78196525999999],[3.136129989999972,39.781893079999975],[3.1362115900000163,39.78182091000002],[3.1362931900000035,39.781748730000004],[3.1363631199999986,39.78167657],[3.136444719999986,39.781604389999984],[3.136538019999989,39.78154121],[3.13663133,39.78148704],[3.136724650000019,39.781432859999995],[3.1368179300000065,39.781360670000026],[3.1369112200000018,39.781297489999986],[3.137004540000021,39.78124331999999],[3.137097820000008,39.78117113000002],[3.137167760000011,39.781107969999994],[3.1372610600000144,39.78104479000001],[3.1373543500000096,39.780981610000026],[3.137424259999989,39.78090043999998],[3.137494179999976,39.78082826999997],[3.13756410000002,39.78075611000003],[3.1376457000000073,39.78068393000001],[3.1377272999999946,39.78061174999999],[3.1377972199999817,39.78053958999999],[3.137878820000026,39.78046741000003],[3.137960420000013,39.78039523000001],[3.1380420200000003,39.78032304999999],[3.1382983500000137,39.78003441999999],[3.1385899300000233,39.77985387000001],[3.13883469000001,39.77961930999999],[3.139265480000006,39.778988089999984],[3.139358770000001,39.77892489999999],[3.1394754899999953,39.77889772999998],[3.1395571200000063,39.77884356999999],[3.139731760000018,39.77858207000003],[3.140279469999996,39.77803179],[3.1412120699999946,39.77725578000002],[3.1412936799999898,39.777192609999986],[3.141398709999976,39.777165449999984],[3.141503720000003,39.77712027000001],[3.141760130000023,39.77688568999997],[3.141830029999994,39.776804519999985],[3.1418765299999905,39.776705349999986],[3.1418763400000103,39.77661525000002],[3.1419345099999987,39.77650705000002],[3.141992720000019,39.776425889999985],[3.142097709999973,39.77637170000003],[3.1423078700000246,39.776362430000006],[3.1424473100000228,39.77602889000002],[3.1425870599999826,39.77584851],[3.14322820000001,39.77532513],[3.143461209999998,39.77507256000001],[3.144312290000016,39.77444079000003],[3.14445207,39.77427842999998],[3.1449766900000213,39.773881329999995],[3.145017139999993,39.773846100000014],[3.145349650000014,39.773556499999984],[3.1458625999999867,39.77316841999999],[3.146562270000004,39.772735039999986],[3.1469819000000143,39.77240114],[3.1470867200000043,39.77227485999998],[3.1474011500000074,39.771887030000016],[3.1487652700000126,39.77095723000002],[3.1489749500000244,39.77073171000001],[3.149569509999992,39.77030746999998],[3.1500005799999826,39.76987442000001],[3.1514462499999922,39.768899439999984],[3.1523088100000223,39.768249579999974],[3.1531599499999743,39.76771686000001],[3.153393219999998,39.767608429999996],[3.1537667200000215,39.76755386999997],[3.153906720000009,39.76750864000002],[3.1542566200000124,39.767345990000024],[3.1543733099999827,39.7673188],[3.1544900299999767,39.767300620000015],[3.154770219999989,39.76729124000002],[3.1554579699999863,39.766803770000024],[3.1557844899999736,39.76663214000001],[3.156169209999973,39.766379340000015],[3.1562859000000003,39.76635214999999],[3.156402669999977,39.76636100000002],[3.156823470000006,39.766576670000006],[3.1572436199999743,39.76650402000001],[3.157290219999993,39.76645890999998],[3.1573015600000076,39.766314729999976],[3.1574527700000203,39.76606224],[3.157522159999985,39.76577381999999],[3.1575803499999893,39.765692650000005],[3.1576151699999855,39.7656025],[3.157673480000028,39.76557538999998],[3.157778539999981,39.76556624],[3.1577786199999878,39.765602279999996],[3.1578254099999867,39.76563826],[3.1582455500000037,39.7655656],[3.1583622800000057,39.765556430000004],[3.158432389999973,39.76558337],[3.1587257200000067,39.76621367000001],[3.158772849999991,39.766402819999996],[3.158761389999995,39.76649293999998],[3.1587147299999856,39.766511019999996],[3.158633160000022,39.76658321000002],[3.158574970000018,39.76666438000001],[3.158516640000016,39.766682479999986],[3.1584583700000053,39.76672761999998],[3.1584934300000214,39.76674559000003],[3.15855178999999,39.76673649999998],[3.1587033000000133,39.766619160000005],[3.1590300400000046,39.76654662999999],[3.15851379999998,39.765448100000015],[3.1597272000000203,39.765095040000006],[3.1597975199999837,39.76521207000002],[3.1616409999999746,39.76470494],[3.161664499999972,39.76476797999999],[3.1615128299999924,39.764813240000024],[3.161571560000027,39.76496632999999],[3.160346479999987,39.76531041999999],[3.160545979999995,39.76575164000002],[3.1606159899999966,39.76573352999998],[3.1606277299999874,39.765760539999974],[3.1604760600000077,39.76580580000001],[3.1605930800000124,39.765922769999975],[3.1591827600000215,39.766951870000014],[3.1590891700000157,39.76687091000002],[3.158984250000003,39.76694314000002],[3.159066189999976,39.76703312000001],[3.1585644400000206,39.767159960000015],[3.158354509999981,39.76725935000002],[3.1583546100000035,39.76730441000001],[3.158378149999976,39.767385460000014],[3.158424889999992,39.767403419999994],[3.1592419400000153,39.76730319000001],[3.1611182999999983,39.765849960000025],[3.161491290000015,39.76558813999998],[3.161887649999983,39.76533531000001],[3.1621556499999883,39.76510968000002],[3.1621905100000163,39.76503754999999],[3.1622252999999887,39.76493839],[3.162271959999998,39.76492030000003],[3.1622835300000247,39.76487523999998],[3.1622717199999784,39.76482119000002],[3.162294970000005,39.764776110000014],[3.1623533399999815,39.76477603000001],[3.1623884300000213,39.76480300999998],[3.1624119699999937,39.764884069999994],[3.1624704500000007,39.76492903000002],[3.162528810000026,39.76491994000003],[3.1625399700000116,39.764703680000025],[3.1625749300000052,39.76467659999997],[3.1627734699999905,39.76470334999999],[3.1628434799999923,39.764685240000006],[3.1629365800000073,39.76455895999999],[3.1629833000000076,39.76456790999998],[3.163088479999999,39.76461281000002],[3.1631701900000166,39.76460367999999],[3.1631929999999784,39.7643784],[3.1632278199999746,39.76428824999999],[3.163262859999975,39.764297209999995],[3.1632979699999737,39.76433320000001],[3.163368059999982,39.764351120000015],[3.1635191500000133,39.76406257999997],[3.163507330000016,39.76399952999998],[3.1634605899999997,39.76398158000001],[3.1633787200000256,39.76391862000003],[3.1633902799999873,39.76387355000003],[3.1634601800000155,39.763810379999995],[3.163646789999973,39.76372902999998],[3.163716280000017,39.76349467],[3.163716050000005,39.76339555999999],[3.163692459999993,39.76329648000001],[3.1637501499999985,39.76300807000001],[3.163820009999995,39.76292688000001],[3.163901580000015,39.762863700000025],[3.163994930000001,39.76284554],[3.1640998999999965,39.76280035000002],[3.164169969999989,39.76280925999998],[3.164193399999988,39.762845260000006],[3.164251879999995,39.76289022999998],[3.1643102400000203,39.76288113999999],[3.164321819999998,39.76284507999998],[3.16440338000001,39.76277288],[3.1645083199999817,39.76271867000003],[3.1646016899999836,39.762709529999995],[3.164590340000018,39.76284470000002],[3.1646370000000275,39.76282660999999],[3.1646487400000183,39.762853629999995],[3.1648124000000166,39.76294349],[3.1649525600000175,39.76297032000002],[3.1650458899999876,39.76294316000002],[3.1651157900000157,39.76287998999999],[3.1651273100000026,39.76281690000002],[3.1651855800000135,39.76277176999997],[3.165617080000004,39.76258194000002],[3.1656754800000044,39.76259087],[3.1656989100000033,39.76262687000002],[3.1660025200000064,39.762653469999975],[3.1660493200000133,39.762698450000016],[3.166154810000023,39.762869490000014],[3.1662132199999746,39.76288742999998],[3.1662949199999844,39.76287830000001],[3.1663882099999796,39.76283311999998],[3.1664221699999757,39.76239156999998],[3.166468650000013,39.76230140000001],[3.1665502000000174,39.76222919999998],[3.166725289999988,39.76221994000002],[3.166830279999999,39.76218375000002],[3.166993429999991,39.76206638000002],[3.1673434499999757,39.76197578],[3.167425040000012,39.761921599999994],[3.167471579999983,39.761858459999985],[3.1674946900000123,39.76175931],[3.1675645799999756,39.761696140000026],[3.167762849999974,39.761614759999986],[3.1679841399999873,39.761398199999974],[3.168146659999991,39.76101954000001],[3.168193350000024,39.76101947000001],[3.1684614200000283,39.760838879999994],[3.168531470000005,39.76083877999997],[3.1687414300000114,39.760766390000015],[3.1687996399999747,39.76070322999999],[3.1687994900000263,39.76064015999998],[3.1688226200000145,39.76055002999999],[3.168892490000019,39.76047784999997],[3.1691721799999755,39.76027921000002],[3.169580240000016,39.760062370000014],[3.1700464300000135,39.75974633999999],[3.1710611299999982,39.759366409999984],[3.1711778000000095,39.75933921000001],[3.1712944999999877,39.759321020000016],[3.1715396499999997,39.759320660000014],[3.171656480000024,39.75935651999998],[3.171902149999994,39.75956338999998],[3.1719839400000183,39.75959030000001],[3.172006539999984,39.759292930000015],[3.1720530399999802,39.75921176999998],[3.1722279699999945,39.759139430000005],[3.172473029999992,39.75910302],[3.172519790000024,39.75912999000002],[3.1725316199999725,39.759193040000014],[3.172590200000002,39.75927403999998],[3.172893789999989,39.759300619999976],[3.1730570400000033,39.75922829000001],[3.1732322400000044,39.75926406999997],[3.1734306100000254,39.75922773000002],[3.1736638599999765,39.759137280000004],[3.1738972900000135,39.759118909999984],[3.174013940000009,39.75908270000002],[3.1740484399999787,39.75887540999997],[3.174094910000008,39.75878524000001],[3.1745142600000236,39.75842420999999],[3.174572399999988,39.75833402000001],[3.1745952900000134,39.75815377999999],[3.1747816800000237,39.758000330000016],[3.17517792000001,39.75773843000002],[3.1757025800000065,39.75747633999998],[3.17581924000001,39.757449140000006],[3.176017790000003,39.75748487999999],[3.1762277700000254,39.7574305],[3.1766011899999853,39.757375869999976],[3.176717950000011,39.75738469999999],[3.1768114299999866,39.75742058999998],[3.176893150000012,39.75742047],[3.176811129999976,39.75730346],[3.1767758799999797,39.75721342000003],[3.1767639799999756,39.75712333000001],[3.176775399999997,39.75702419999999],[3.1768101600000023,39.75692504],[3.176914790000012,39.75675368999998],[3.177311760000009,39.75678011000002],[3.17737003000002,39.75674398000001],[3.1774511400000165,39.75650959000001],[3.1775908299999855,39.75635620999998],[3.177975360000005,39.75608531],[3.1783951300000126,39.75590447000002],[3.178756729999975,39.75579578999998],[3.179106740000009,39.75572316],[3.1792116600000213,39.75566894000002],[3.17929319000001,39.75559672999998],[3.179398180000021,39.75556954000001],[3.1794799099999977,39.755578420000006],[3.1798299999999813,39.75553282999999],[3.179946780000023,39.75555066999999],[3.1800519500000064,39.75559556000002],[3.180087140000012,39.75565856999998],[3.180203590000019,39.755550270000015],[3.1802968399999827,39.755496059999984],[3.1803316900000027,39.75543293999999],[3.180343149999999,39.755351829999995],[3.180389680000019,39.755288689999986],[3.1804480499999954,39.75528859000002],[3.180657979999978,39.75521619],[3.1807280400000195,39.75522509000001],[3.1807746599999973,39.75519797999999],[3.180797890000008,39.755152899999985],[3.180856160000019,39.75511676999997],[3.1812997700000096,39.75512508000003],[3.1814284299999827,39.75522398999999],[3.1816033900000207,39.75516965999998],[3.181731749999983,39.75515143000001],[3.181860200000017,39.755169249999994],[3.181918709999991,39.755223220000005],[3.1820595300000036,39.75550231],[3.1821297600000094,39.75557428000002],[3.1822232900000245,39.75562819999999],[3.182305020000001,39.755637079999985],[3.1824095100000136,39.75542066999998],[3.1825839399999722,39.75516811],[3.182699389999982,39.75468138999997],[3.1827577099999758,39.75466326999998],[3.182898019999982,39.75475315],[3.1829914599999825,39.75477102999997],[3.1832482699999787,39.75477061999999],[3.18337661999999,39.75475239999997],[3.1834932599999775,39.754716169999995],[3.183563129999982,39.75465299000001],[3.1836329500000033,39.75457179],[3.183702949999997,39.75455366],[3.183878189999973,39.75460743999997],[3.184496720000027,39.754552390000015],[3.184707000000003,39.75461512999999],[3.1848821500000213,39.75463287000002],[3.1850339200000235,39.75464163999999],[3.1851506300000096,39.75463244000002],[3.1852555199999983,39.75456919999999],[3.185313640000004,39.75447901000001],[3.1853366999999935,39.75437084999999],[3.185359779999999,39.754271700000004],[3.1854295800000045,39.75418149000001],[3.1855344699999932,39.754118249999976],[3.185674370000015,39.75405495000001],[3.185802630000012,39.75400069],[3.1859192200000166,39.75394643999999],[3.1860358199999723,39.75390119999997],[3.1861290599999847,39.75384699],[3.1862105600000064,39.75376576999997],[3.186315439999987,39.75370253],[3.1864437500000236,39.753666280000004],[3.186572080000019,39.753639050000004],[3.1867004599999973,39.75362983000002],[3.1868404800000008,39.75361157999998],[3.186980559999995,39.75361135999998],[3.1871206100000222,39.75360211999998],[3.1872138699999937,39.753556919999994],[3.1873070099999836,39.75346667000002],[3.187388530000021,39.75339444999997],[3.1874583700000017,39.753322260000004],[3.1875398299999915,39.75323202999999],[3.187621320000005,39.753150800000014],[3.187714509999978,39.753078570000014],[3.187819470000022,39.753042359999995],[3.1879361000000017,39.75300613000002],[3.188064429999997,39.75297889000001],[3.1881928299999913,39.75297868000001],[3.188309629999992,39.753005529999996],[3.1883447999999817,39.75305952999997],[3.188391729999978,39.75314954999999],[3.188438720000022,39.75325759999998],[3.188520600000004,39.753320540000004],[3.188614159999986,39.75338345],[3.1887077700000077,39.753464389999976],[3.188812989999974,39.75352729000002],[3.188918249999972,39.7535992],[3.1889884799999777,39.75367117000002],[3.1890703899999835,39.753743110000016],[3.1891639699999814,39.753815040000006],[3.189245879999987,39.75388699000001],[3.189327820000017,39.75396795],[3.189433020000024,39.75402183],[3.189514729999985,39.75402170000001],[3.1895379800000114,39.75398561999998],[3.1895260800000074,39.753904550000016],[3.189479170000027,39.753823539999985],[3.1894088799999736,39.75373354999999],[3.189350300000001,39.75365255999998],[3.1892917100000204,39.75357156000001],[3.189244770000016,39.753481539999996],[3.189244570000028,39.75340946],[3.189302839999982,39.75337331999998],[3.1894311699999776,39.75334607999997],[3.1895596200000114,39.75336389],[3.1896997700000043,39.75339069],[3.18982828999998,39.75343552999999],[3.189945019999982,39.75343534000001],[3.1900733300000184,39.753399090000016],[3.1901315700000055,39.75335394000001],[3.190166340000019,39.75326378],[3.190166060000024,39.75316466999999],[3.1901424199999724,39.75305659000003],[3.1901187799999775,39.75294851000001],[3.1901068299999906,39.75284942000002],[3.1901182600000197,39.75275929999998],[3.1901296300000013,39.75265116000003],[3.1901293299999907,39.75254303999998],[3.1901875500000187,39.75248887999999],[3.1902573599999755,39.752407670000025],[3.190257210000027,39.75235361],[3.190245290000007,39.75226352999999],[3.190221670000028,39.75216446000002],[3.190256540000007,39.75211034],[3.1903263500000207,39.75202913999999],[3.1903727999999774,39.75193896000002],[3.1904427599999963,39.751911810000024],[3.190547809999998,39.75191164],[3.190676310000015,39.751947470000005],[3.1908048399999984,39.75199230999999],[3.190909970000007,39.752019159999975],[3.1909332399999926,39.751992099999995],[3.190991370000006,39.75191090999999],[3.191096230000028,39.751838659999976],[3.1912128100000245,39.75178440000002],[3.1913293299999737,39.75171212999999],[3.191410840000003,39.751639909999994],[3.191504000000009,39.75155867000001],[3.1915972300000135,39.75150445000003],[3.19170213000001,39.75145021999998],[3.1917602699999748,39.75136902999998],[3.1917600400000197,39.75128794],[3.191806530000008,39.751215779999995],[3.191911409999989,39.75115254000002],[3.192016389999992,39.75112532999998],[3.1921564099999955,39.75110708],[3.1922731600000134,39.7511159],[3.192389960000014,39.751142730000026],[3.1925067899999817,39.75117857999999],[3.1925767700000165,39.75116043999998],[3.1926116700000193,39.75111534000001],[3.192704890000016,39.751061119999974],[3.192798279999977,39.75106096000002],[3.192938369999979,39.75106973999999],[3.193078440000022,39.75106950999998],[3.1932301599999846,39.75106025000002],[3.1933000700000207,39.75101508],[3.193334909999976,39.75095195],[3.1933579799999734,39.75085280000002],[3.193369519999976,39.75080773000002],[3.1933693500000118,39.75074466000001],[3.193380740000009,39.750645529999986],[3.1933804399999985,39.75053740999999],[3.193391829999996,39.750438280000026],[3.1934618700000215,39.75043815999999],[3.193578670000022,39.75046500000002],[3.193707140000015,39.75049181000003],[3.193812190000017,39.75049164000001],[3.1939171199999805,39.750446409999995],[3.194033740000009,39.75041017000001],[3.19415041000002,39.75039196],[3.1942788399999813,39.75040074999998],[3.194372219999991,39.75040059999998],[3.194442149999986,39.75036444],[3.1944886100000076,39.75028327000001],[3.1944883799999957,39.750202179999974],[3.194441359999985,39.75008513],[3.1944177600000216,39.74999506],[3.1944409299999847,39.749931960000026],[3.194499109999981,39.749868789999994],[3.1946039900000187,39.74980554000001],[3.1947206099999903,39.749769300000025],[3.194848879999995,39.74972403999999],[3.1949420999999916,39.74966982000001],[3.1950352999999723,39.749606589999985],[3.1951402000000257,39.74955234999999],[3.195268419999991,39.74948906999998],[3.1953966599999717,39.74943479000001],[3.195501560000025,39.74938055000001],[3.195606479999981,39.74933533000001],[3.1957347000000027,39.749272039999994],[3.195839620000015,39.74922680999998],[3.195967909999979,39.74919054999998],[3.1960028999999963,39.749181480000004],[3.196107799999993,39.749127250000015],[3.1962244399999804,39.749100020000014],[3.196329289999994,39.74902775999999],[3.196422460000008,39.74895551999998],[3.196527230000015,39.74885623],[3.196632099999988,39.74879298000002],[3.1967486600000257,39.748738720000006],[3.1968652300000144,39.74868447],[3.1970051399999875,39.74863017000001],[3.1971450300000015,39.74856685999998],[3.197238280000022,39.74852164999999],[3.1973666399999843,39.74851242],[3.197495109999977,39.748539230000006],[3.1976351499999964,39.74852998],[3.197728400000017,39.748484770000005],[3.1978098499999987,39.748394529999985],[3.1978679700000043,39.74831333999998],[3.197949470000026,39.74824111999999],[3.1980309699999907,39.748168899999996],[3.198147609999978,39.748141669999995],[3.1982876800000213,39.748141429999976],[3.1984277399999996,39.74814119000001],[3.1985678600000256,39.74815897000002],[3.1986846500000183,39.74818579999999],[3.198813180000002,39.74823063000002],[3.198906529999988,39.748221460000025],[3.199034740000002,39.74815817000001],[3.199162969999975,39.74810388999998],[3.1992912599999954,39.74806762999998],[3.199419579999983,39.74804038000002],[3.199548020000009,39.74805817999999],[3.199653230000024,39.74811205999998],[3.199735139999973,39.74818399999998],[3.1997586400000273,39.748238019999974],[3.1997705699999983,39.74832809999998],[3.1998058799999853,39.74842715],[3.1998877099999845,39.74847205999998],[3.199969469999985,39.74848994000001],[3.1999927100000036,39.748453849999976],[3.200015819999976,39.74837272000002],[3.2000155000000063,39.74826460000003],[3.200026840000021,39.748147449999976],[3.2000616199999854,39.748066300000005],[3.200143140000023,39.74800309],[3.2002480300000116,39.74794885],[3.200341250000008,39.74789463000002],[3.2003877299999886,39.74782246000001],[3.2004691899999784,39.747741229999974],[3.20053925000002,39.74775011999998],[3.200667699999997,39.74776792],[3.200796060000016,39.74775869000001],[3.2009244299999864,39.747749450000015],[3.2010411699999963,39.74775826000001],[3.2011229799999796,39.74779416000001],[3.2012049200000092,39.747875109999995],[3.201286809999999,39.74793804000001],[3.201392069999997,39.748009939999974],[3.201485680000019,39.74809085999999],[3.2015793200000076,39.7481808],[3.201661290000004,39.748270760000025],[3.201743229999977,39.74835171000001],[3.201848390000009,39.74838756999998],[3.201941739999995,39.74837839000003],[3.2020466800000236,39.74834217],[3.202128200000004,39.74827895999999],[3.202209670000002,39.74819772000001],[3.202302780000025,39.74810746000003],[3.202395920000015,39.74802620999998],[3.202489000000014,39.747926930000006],[3.202558739999972,39.747827700000016],[3.2026051899999857,39.74774652999997],[3.2026515900000163,39.74764733000001],[3.20268630999999,39.74754816000001],[3.2026627800000256,39.74748512999997],[3.2026043700000173,39.747467219999976],[3.2025575200000276,39.747413240000014],[3.2025690400000144,39.747359159999974],[3.202615460000004,39.74726896999999],[3.202720320000026,39.74720572000001],[3.2028369099999736,39.747160459999975],[3.2029419500000245,39.74716028],[3.2030704000000014,39.747178080000026],[3.2031871699999783,39.74719589],[3.2033040200000187,39.747240739999995],[3.2034207899999956,39.747258550000026],[3.2035491600000228,39.74724931999998],[3.203630780000026,39.74722214000002],[3.203723939999975,39.74714990000001],[3.2037937299999726,39.747068679999984],[3.2038634699999875,39.746969449999995],[3.203921560000026,39.746879250000006],[3.203979679999975,39.746798049999995],[3.2040494500000136,39.74670782999999],[3.2041425799999956,39.74662658],[3.2042474699999843,39.74657232999999],[3.204387390000022,39.74652702999998],[3.204480769999975,39.746526870000025],[3.204620939999984,39.746562659999995],[3.2046909100000107,39.746544519999986],[3.2048191399999837,39.746490230000006],[3.2049474199999963,39.74645396],[3.2050757900000235,39.74644473000001],[3.2052042600000163,39.74647153000001],[3.2053094899999905,39.74653440999998],[3.205438010000023,39.74657924000002],[3.205554790000008,39.74659704999999],[3.2056947699999796,39.74656977000001],[3.2058230499999922,39.7465335],[3.2059631100000274,39.74653325000003],[3.206079750000015,39.74650601000002],[3.2061496399999783,39.74646084],[3.2061960899999917,39.74637967000001],[3.2062074300000063,39.74627151999999],[3.206218779999972,39.746163379999984],[3.2062301600000183,39.74606425000002],[3.20624153,39.745965119999994],[3.2062528800000223,39.745856979999985],[3.20627589999998,39.74574882000002],[3.2063106499999776,39.745658649999996],[3.2063687300000083,39.74556845000001],[3.2064502999999718,39.74552325000002],[3.2065902200000096,39.74547795000001],[3.206695190000005,39.745450740000024],[3.2068352200000163,39.74544148000001],[3.2069519400000104,39.745441270000015],[3.2069985399999723,39.74541414999999],[3.207010050000008,39.745360070000004],[3.2070097499999974,39.745260959999996],[3.207009449999987,39.74516184999999],[3.206985809999992,39.74506278000001],[3.207032389999995,39.74502666000001],[3.2071255700000165,39.744963419999976],[3.2072304299999814,39.744900159999986],[3.207335329999978,39.744854929999974],[3.207463589999975,39.74480964999998],[3.207591939999986,39.74480040999998],[3.2076503800000182,39.74482733000002],[3.207708930000024,39.74489030000001],[3.207790820000014,39.74495322000001],[3.2078727100000037,39.74501614000002],[3.207966409999983,39.7451241],[3.208048329999997,39.74519602999999],[3.2081535099999883,39.74524088999999],[3.208188440000015,39.74521379999999],[3.208188249999978,39.74515072999998],[3.208152910000024,39.745042669999975],[3.20811759999998,39.744943620000015],[3.208105649999993,39.74485354000001],[3.2081286999999747,39.744754390000026],[3.2081984499999976,39.74466417000002],[3.2082799099999875,39.74458292999998],[3.2083732199999986,39.74456473999999],[3.2084783000000243,39.74457355999999],[3.208595150000008,39.74461839999998],[3.208735260000026,39.74463616999998],[3.2088051499999892,39.744590990000006],[3.2088632900000107,39.74451880999999],[3.2089213699999846,39.74442859999999],[3.2089910700000246,39.74432035000001],[3.2090608299999985,39.744230130000005],[3.209142340000028,39.74416690999999],[3.2092473000000155,39.74413969],[3.209363900000028,39.74410344],[3.2094220899999755,39.744049270000005],[3.209503569999981,39.743977040000004],[3.2095266100000117,39.74387789000002],[3.2095496300000264,39.74376973],[3.2095842900000093,39.74365253000002],[3.209619050000015,39.74357137999999],[3.2096888300000046,39.74349016000002],[3.2097819800000025,39.743417910000005],[3.2098985299999754,39.743363639999984],[3.210015080000005,39.74330937000002],[3.2101434100000006,39.74329111999998],[3.210271760000012,39.743281869999976],[3.2103768599999967,39.74329970000002],[3.21049370999998,39.74334454000001],[3.210563680000007,39.74332638999999],[3.210575189999986,39.74327231000001],[3.2106099000000086,39.74317314000001],[3.2106680100000062,39.74309194],[3.210749430000021,39.74300169000003],[3.210819210000011,39.74292048000001],[3.210888990000001,39.74283925999998],[3.210982080000008,39.742748989999996],[3.211075230000006,39.74267673999998],[3.211168289999989,39.74257746000001],[3.211214680000012,39.742478259999984],[3.2112143400000264,39.74237013999999],[3.2112140699999827,39.742280040000026],[3.2112721999999962,39.74220785],[3.211377079999977,39.742153599999995],[3.2114819500000067,39.74209934999999],[3.2115751499999874,39.74204512],[3.211680000000001,39.74198185],[3.2117848099999833,39.741909580000026],[3.211866260000022,39.741828339999984],[3.211947759999987,39.741765120000025],[3.211947740000028,39.74175610999998],[3.212029319999999,39.74171991999998],[3.2121458099999813,39.74164762999999],[3.2122856700000284,39.7415843],[3.2124022099999934,39.74153002999998],[3.212518750000015,39.741475750000006],[3.212646989999996,39.74143047000001],[3.212763510000002,39.74136718],[3.212891749999983,39.7413219],[3.213055059999988,39.74129456999998],[3.2131833500000084,39.741267300000004],[3.2133000100000118,39.74124905999997],[3.213416689999974,39.74123983999999],[3.2135684400000173,39.74124856999998],[3.2136968199999956,39.74124833000002],[3.2138368099999752,39.74123005000001],[3.2139183699999876,39.741184850000025],[3.2140233999999737,39.74118465999999],[3.2141518700000233,39.74121144999998],[3.214268660000016,39.74123827],[3.2144087400000103,39.74124702],[3.21454872999999,39.74122874],[3.2146769999999947,39.74119245999998],[3.2147935099999927,39.74112917000002],[3.214921699999991,39.74106585999999],[3.2150499900000113,39.741038600000024],[3.2151783400000227,39.74102935000002],[3.2153066100000274,39.74099307],[3.2154114499999764,39.7409298],[3.2154928300000165,39.74083053999999],[3.2155859800000144,39.740758289999974],[3.2156792900000255,39.740740089999974],[3.215807659999996,39.74073985000001],[3.2159593299999756,39.74072154999999],[3.2160992899999883,39.74069426],[3.216239289999976,39.74067597999999],[3.2163792800000124,39.740657699999986],[3.216484229999992,39.740630469999985],[3.2166008199999965,39.74059420999998],[3.216740819999984,39.74057592999998],[3.2168691399999716,39.74055766999999],[3.216997460000016,39.74053941],[3.2171257499999797,39.74051214000002],[3.2171606499999825,39.740476030000025],[3.2172187499999723,39.740394830000014],[3.2173003300000005,39.74035864000001],[3.2174168999999893,39.740313370000024],[3.217533460000027,39.74026809999998],[3.217649970000025,39.74020481000002],[3.2177665899999965,39.74017756000001],[3.2178831599999853,39.74013229000002],[3.218069720000017,39.74007788],[3.2184544500000243,39.73995101000003],[3.218571069999996,39.73992376000001],[3.218687779999982,39.73992354000001],[3.21881621,39.739941320000014],[3.2189330300000165,39.73997714000001],[3.219049910000024,39.74003097999997],[3.2191432700000178,39.7400308],[3.219189809999989,39.73998566],[3.219212980000009,39.73993156],[3.2192360399999984,39.739841420000005],[3.219259060000013,39.739742260000014],[3.219317330000024,39.73971512000003],[3.219433890000005,39.739669849999984],[3.2195504900000174,39.73963358999998],[3.219667080000022,39.73959732999998],[3.2197486000000026,39.73954311],[3.219865299999981,39.739542889999996],[3.219947079999997,39.739569759999995],[3.220064309999998,39.73973172000001],[3.220146150000005,39.73977661999999],[3.220169520000013,39.73978557999999],[3.220239450000008,39.73975841999999],[3.2201221700000247,39.73957844],[3.2202270600000134,39.739533189999975],[3.22029735000001,39.73961415000002],[3.220670289999987,39.73945126000001],[3.22173054000001,39.738899619999984],[3.2219296600000007,39.739124489999995],[3.2216501500000163,39.739305230000014],[3.221661910000023,39.73933223],[3.2210677200000077,39.73964871999999],[3.220403420000025,39.739938310000014],[3.2203682599999865,39.73989332999997],[3.220228420000012,39.73995666000002],[3.2203221799999824,39.74008263000002],[3.220205710000016,39.74015493000002],[3.2201592800000185,39.74023611000001],[3.2202060500000016,39.74026305000001],[3.2202994500000273,39.74027188000002],[3.2206138399999986,39.740046029999974],[3.2210449899999958,39.739837980000004],[3.2218721200000005,39.73937688000001],[3.2222564400000238,39.73912386000001],[3.22233786999999,39.73904262000002],[3.2223726199999874,39.738961459999985],[3.222395640000002,39.738862299999994],[3.2224069900000245,39.73876317000003],[3.22241833999999,39.73866404],[3.2224296900000127,39.73856489999997],[3.222487870000009,39.73851072999997],[3.222604400000023,39.73845645],[3.222732629999996,39.73841114999999],[3.222884169999986,39.73835680000002],[3.223035770000024,39.73832047000002],[3.223140679999972,39.738284220000025],[3.2232573,39.73825697000001],[3.223397200000022,39.73821164999998],[3.223513729999979,39.73815736],[3.223630230000026,39.73809406999999],[3.2237467499999752,39.73803978000001],[3.2238982599999986,39.737976419999995],[3.224026429999981,39.737913100000014],[3.224154569999996,39.73784076999999],[3.224282770000002,39.737786459999995],[3.2243993800000226,39.73775920999998],[3.225332030000004,39.73746005999999],[3.2257865500000094,39.73726997],[3.2259149000000207,39.73726070999999],[3.2260433600000056,39.73728749000003],[3.2263000099999886,39.73725996000002],[3.2264165700000262,39.73721468000002],[3.2265327900000216,39.73707029000002],[3.2266027599999916,39.737052129999995],[3.226987959999974,39.73707840999998],[3.2271273499999893,39.73687991000003],[3.2274421500000017,39.736789190000025],[3.22755884999998,39.73678896000001],[3.227744879999989,39.73658137000001],[3.227931280000007,39.73648188999999],[3.2284208500000204,39.736309730000016],[3.228805780000016,39.736254910000014],[3.2289571399999772,39.73614649000001],[3.2289566300000274,39.73599331999998],[3.2290149199999973,39.73597518999998],[3.2293077200000084,39.73628996000002],[3.229330940000011,39.73625387999999],[3.2292601099999843,39.73601073999998],[3.2293178300000136,39.73582141999998],[3.2293876100000034,39.73574919999999],[3.229492520000008,39.73571294999999],[3.2296091299999716,39.735685690000025],[3.2302391800000123,39.7356484],[3.230344030000026,39.73559412999998],[3.230600079999988,39.735386389999974],[3.2309262900000135,39.73522356000001],[3.2309494799999925,39.735178459999986],[3.2310077099999717,39.73514230000001],[3.2310427799999957,39.73516024999998],[3.2311244399999737,39.73515107999998],[3.2312050699999872,39.73483556999997],[3.231251690000022,39.73481744999998],[3.231881880000003,39.73482519999999],[3.2323025700000017,39.73499555000001],[3.2325477300000216,39.73502208999997],[3.2326643399999853,39.734994830000005],[3.2329313399999933,39.73457982999997],[3.2330810700000256,39.733993870000006],[3.2333136699999727,39.73375914000002],[3.2341644200000133,39.733424049999996],[3.234606509999992,39.73302670999999],[3.2349325499999964,39.73281881999998],[3.2354338200000257,39.73266462999999],[3.236051159999988,39.73232999999999],[3.2365290100000266,39.73215784000001],[3.236645679999981,39.73214859000001],[3.236741049999978,39.73216178000001],[3.236774099999991,39.73216635],[3.2368673600000193,39.73213912],[3.2370069899999976,39.732021710000026],[3.237123469999972,39.731958399999996],[3.23786948999998,39.73172261000002],[3.23853373999998,39.73145994999999],[3.2391982600000233,39.73127837999999],[3.240224490000003,39.731087049999985],[3.2408077200000207,39.73102275999997],[3.241437010000027,39.730778180000016],[3.242428060000009,39.73054185000001],[3.2425680200000215,39.73052353999998],[3.2428132000000005,39.73055907000003],[3.243244890000028,39.730540140000016],[3.24337319,39.73052185],[3.243501130000027,39.73040444999998],[3.243617659999984,39.73035915999998],[3.2439209899999923,39.73034050000001],[3.244691149999994,39.730338870000026],[3.2450061499999947,39.730320189999986],[3.245262739999987,39.730283610000015],[3.245623959999989,39.73013867999998],[3.245868879999989,39.730102120000026],[3.2460089100000005,39.730101820000016],[3.2461490000000026,39.73011954999998],[3.246394339999995,39.730200120000006],[3.2470944199999963,39.73018060999999],[3.247432300000014,39.73003571999999],[3.2479219100000023,39.72989953000001],[3.2485401399999887,39.729835130000026],[3.249158169999987,39.729716670000016],[3.2495547799999827,39.729679780000026],[3.2512226499999883,39.72945993000002],[3.252587580000011,39.72936686000003],[3.2528328600000123,39.72942939000001],[3.253253040000004,39.72945549999997],[3.254174780000028,39.729426450000005],[3.254653469999994,39.72949748000002],[3.2549690999999825,39.72964996000002],[3.255179740000017,39.729811670000004],[3.2553203699999926,39.72997354],[3.255497030000015,39.73041465],[3.255754990000014,39.730747450000024],[3.2558495100000187,39.73106259000002],[3.2558389399999896,39.73135995000001],[3.255885649999982,39.731368859999975],[3.2559088900000006,39.73134176999997],[3.2559788699999785,39.73133260999998],[3.256050459999983,39.73175592000001],[3.2560973999999874,39.731827899999985],[3.256191059999992,39.731908780000026],[3.2564834600000268,39.73208834000002],[3.2566938400000254,39.73217797000001],[3.2568110400000023,39.73231285999998],[3.256904630000008,39.73237573],[3.256986349999977,39.732384550000006],[3.2571148800000174,39.732429319999994],[3.2571967999999742,39.732492209999975],[3.2573136299999987,39.732527989999994],[3.2574069799999847,39.73252778],[3.2575235099999986,39.73248246999998],[3.2577097800000274,39.73236493000002],[3.2578380499999753,39.73233761],[3.2578848200000152,39.73236453999999],[3.2578849600000126,39.73240057999999],[3.2577453299999775,39.73250901],[3.2574192299999822,39.73268092000001],[3.257186069999989,39.732744509999975],[3.2571629299999927,39.73279862999999],[3.2571981099999903,39.732843600000024],[3.257373389999998,39.73290628000001],[3.257339590000015,39.733230719999995],[3.257386639999993,39.73332971999997],[3.257456960000013,39.733410660000004],[3.2577847800000086,39.733698249999975],[3.258252040000002,39.73382335000002],[3.2585560200000145,39.73397584000003],[3.258848499999999,39.73417340999998],[3.259094349999998,39.73438009],[3.2591653399999814,39.734641220000015],[3.2592238299999963,39.73467713000002],[3.2595387100000153,39.73462236],[3.2598648200000184,39.73445043999999],[3.2599581399999806,39.73444122000001],[3.2600749399999813,39.734467989999985],[3.2602739000000156,39.73462071],[3.2603092499999775,39.73471073000002],[3.2602869699999815,39.734990100000005],[3.2603457199999752,39.73509808],[3.260369809999986,39.735296249999976],[3.260440169999981,39.735386189999986],[3.2604985500000225,39.73539506999998],[3.2606385199999863,39.73537673999999],[3.2609880100000055,39.73521376999997],[3.2610694200000125,39.7351415],[3.2612552200000096,39.73489781000001],[3.2613136699999927,39.73492470999997],[3.261337219999973,39.734978720000015],[3.2613957699999787,39.735032649999994],[3.261547240000027,39.73496922999999],[3.2616286499999774,39.73489697000002],[3.261663320000025,39.73480678999999],[3.2616855699999974,39.73451841999997],[3.2617435700000215,39.73442819000002],[3.2618018499999835,39.73441002999999],[3.2621753899999817,39.73443622000002],[3.262327540000001,39.734553000000005],[3.2623978299999976,39.734624929999995],[3.2624565200000006,39.73471489000002],[3.2625150100000155,39.73475079999997],[3.2625733200000013,39.73474166],[3.262619519999987,39.73461541],[3.2626308200000267,39.73451627999998],[3.2625485400000116,39.734363289999976],[3.262429999999995,39.73387702000002],[3.2624764000000255,39.73380483],[3.262534609999989,39.73376866000001],[3.263012520000018,39.73362341000001],[3.2631292099999882,39.73362315000003],[3.2632693200000062,39.73364084999997],[3.263327800000013,39.73367675999998],[3.2634330000000205,39.73372157],[3.2636664999999994,39.73374806999999],[3.263736719999997,39.73380197],[3.263783980000028,39.733955030000004],[3.2638542799999755,39.734026949999986],[3.263924359999976,39.73404481],[3.2640179300000227,39.73409865999997],[3.2640881899999954,39.734161570000026],[3.264181650000012,39.73418837999998],[3.264263270000015,39.73417017999998],[3.2643331099999955,39.73412496999998],[3.2644147699999735,39.73411577000002],[3.264531569999974,39.734142529999986],[3.264590090000013,39.73418744999998],[3.2646718099999816,39.734196269999984],[3.2648232000000235,39.73411484000002],[3.2649276099999724,39.73395241999998],[3.2649974899999847,39.733916220000026],[3.2650675099999944,39.73391606000001],[3.2651959799999872,39.733942790000015],[3.265242829999977,39.733987730000024],[3.2653488899999843,39.734257790000015],[3.265571410000007,39.73446451000001],[3.265641500000015,39.73448237000002],[3.2657464299999788,39.73445509999999],[3.265769589999991,39.734410000000025],[3.265662930000019,39.73398677],[3.2656976700000087,39.73391461],[3.2657903300000157,39.733734200000015],[3.2659766599999784,39.73363466000001],[3.266034730000001,39.733562440000014],[3.2661163500000043,39.733544240000015],[3.266186399999981,39.73355308999999],[3.2663506100000177,39.73376895000001],[3.2664441699999998,39.73382278999998],[3.2664908200000013,39.733813680000026],[3.266501969999979,39.733678499999996],[3.266548539999974,39.73365136000001],[3.2666302599999995,39.733660180000015],[3.2669114099999774,39.733938850000015],[3.2670746100000088,39.733893420000015],[3.2674133799999936,39.73398273999999],[3.2677645200000143,39.73425222999998],[3.267869609999991,39.73427000999999],[3.2679862800000024,39.73426073000002],[3.268289130000028,39.734115859999974],[3.2687444900000173,39.734177880000004],[3.2688613999999916,39.734231669999986],[3.268931699999996,39.73430358000002],[3.268991029999995,39.73455573000001],[3.2690729999999917,39.734627620000026],[3.2694115300000135,39.73465385999998],[3.269528330000014,39.734680620000006],[3.2696103000000107,39.73475251000002],[3.269704709999985,39.73502259000003],[3.269763130000001,39.73504047],[3.269844789999979,39.73503126999998],[3.269961340000009,39.734994959999995],[3.2700661900000227,39.734949659999984],[3.2701595500000167,39.73494944999999],[3.2702879899999857,39.734967170000004],[3.270498470000007,39.73507480000001],[3.270732749999979,39.735299499999996],[3.270919929999991,39.735416190000024],[3.2710018999999875,39.73548807999998],[3.2710837000000197,39.735514920000014],[3.2712004300000217,39.73552366000001],[3.2712353000000007,39.73548753],[3.2713285199999973,39.73545127],[3.271433580000007,39.73546004000002],[3.2715619800000013,39.735468749999995],[3.271678819999977,39.73550451],[3.271772750000025,39.735648449999985],[3.2717614700000013,39.73574759000002],[3.2718322399999806,39.735936630000026],[3.271902539999985,39.73600855000001],[3.2719845099999816,39.73608044000002],[3.272089649999998,39.73610722000001],[3.272147889999985,39.73608005],[3.2722526700000003,39.736016740000025],[3.2723576000000207,39.735989459999985],[3.2724510300000134,39.73600726000001],[3.272509560000003,39.736052169999994],[3.272568260000014,39.73614213000002],[3.2726149800000144,39.736151029999974],[3.2726615500000094,39.73612388999999],[3.272731570000019,39.736123729999974],[3.272766719999993,39.73615969000002],[3.272860229999992,39.736195510000016],[3.272977000000026,39.73621324999999],[3.273035489999984,39.73624914999999],[3.2730828100000053,39.73641121999998],[3.273189699999989,39.73687948999998],[3.273202470000001,39.73715877000001],[3.273237839999979,39.737248790000024],[3.2733198099999754,39.73732067999998],[3.2733549000000153,39.73733862],[3.2734016499999825,39.73735651999999],[3.273669919999975,39.737319850000006],[3.273622699999976,39.737184809999974],[3.2735177399999884,39.73720307999997],[3.273387409999998,39.73670784000001],[3.2736556400000154,39.73666214999997],[3.273643579999998,39.73656306999999],[3.2737019300000156,39.73656292999999],[3.273713740000005,39.73659894000002],[3.274821719999977,39.736425129999986],[3.274952129999974,39.73693838999998],[3.2751387499999964,39.736910920000014],[3.2752099599999838,39.737208080000016],[3.275489929999992,39.737180379999984],[3.275513520000004,39.73724340000001],[3.2756301499999836,39.73722509999999],[3.275724949999983,39.73758527000001],[3.273590619999993,39.73792371000002],[3.273555079999994,39.73778864000002],[3.2733683199999746,39.73778007999999],[3.2733220299999743,39.737879299999975],[3.272632339999973,39.73759260000003],[3.2726668899999822,39.737475389999986],[3.272631660000002,39.737421410000024],[3.2725732800000173,39.73741253999998],[3.272456680000005,39.73743983999998],[3.272305430000017,39.737557330000016],[3.2722823799999787,39.73762947],[3.272282729999972,39.737719560000016],[3.2724115299999994,39.73782738],[3.27286749000001,39.73803354],[3.2734750999999846,39.73822131999998],[3.2735918700000184,39.73823906000001],[3.2737202499999967,39.73823876],[3.274956369999984,39.73800155999999],[3.275702910000007,39.73790968999998],[3.2763113899999894,39.738313689999984],[3.2763817700000004,39.738403619999985],[3.276393770000027,39.73848468],[3.2763472600000227,39.73852984000001],[3.276312580000024,39.73861102000001],[3.2763246100000174,39.738701090000006],[3.276383210000006,39.73876402000002],[3.276651560000005,39.738745359999996],[3.2767683399999896,39.73876310000003],[3.2769672000000014,39.738879750000024],[3.2770258799999965,39.73896070000001],[3.277049579999982,39.73905074999999],[3.2770265300000005,39.739122880000025],[3.276898700000004,39.73925833999999],[3.276852340000005,39.73933954],[3.276794100000018,39.73936671000001],[3.2766657999999893,39.73938504],[3.276315679999982,39.73938586999998],[3.276280810000003,39.73942199999999],[3.2762694699999884,39.73950310999999],[3.2766896399999723,39.739511119999975],[3.276922909999996,39.73947451999999],[3.2772491800000125,39.739347599999974],[3.277377549999983,39.73934729000001],[3.2777401399999917,39.73954464000002],[3.2782189900000276,39.73963358999998],[3.2786981099999934,39.73978561000001],[3.278931880000016,39.73987514999999],[3.2790255400000206,39.73994699999997],[3.2792604100000062,39.74030684000002],[3.2792961499999933,39.74048694999999],[3.2793429399999923,39.74051386999997],[3.279366139999979,39.740477769999984],[3.279459250000002,39.74041448000003],[3.279529270000012,39.740414310000006],[3.2796458700000244,39.740387],[3.2802749499999777,39.74010615999998],[3.2803915100000154,39.74006983999999],[3.280776460000027,39.74002386000001],[3.280893170000013,39.740023570000005],[3.281126840000013,39.740086080000026],[3.281780280000021,39.74005746],[3.281908699999974,39.74006615000002],[3.2820138800000223,39.74010193999999],[3.2821191400000203,39.74015573999998],[3.282212759999993,39.740218579999976],[3.2824824799999988,39.74053328000002],[3.2825644299999794,39.74059614999999],[3.282692989999987,39.74064088],[3.2827278899999897,39.74061376999998],[3.2827735800000255,39.74037038],[3.282843420000006,39.74032516],[3.28339090999998,39.740071539999974],[3.2836357300000145,39.74000787],[3.28411404000002,39.73996165],[3.2846038399999884,39.73987033999998],[3.285070630000007,39.73986019],[3.2855613099999914,39.73998511999997],[3.285912069999995,39.740137419999996],[3.2863104400000225,39.74051486000002],[3.2864629399999785,39.740703689999975],[3.2869082999999932,39.74115309000001],[3.2869554000000107,39.74125207999998],[3.286967440000012,39.74134214999998],[3.286957350000023,39.74172060000001],[3.287169000000006,39.74209848999999],[3.2871463299999846,39.74226073],[3.2870183200000156,39.74235114999999],[3.2870655300000067,39.74247716999997],[3.2872654399999988,39.742837080000015],[3.2873003799999765,39.74281896999997],[3.287370399999986,39.74281880000001],[3.2874172400000248,39.742854720000025],[3.2874645200000145,39.74299875999998],[3.287722190000011,39.743214360000024],[3.2877458699999806,39.743295390000014],[3.2877229399999806,39.74339456000001],[3.2876074700000117,39.74369217999998],[3.287607879999996,39.74379128999999],[3.2877482700000087,39.74387202999998],[3.2881938099999957,39.74435746],[3.2887788900000032,39.744716400000016],[3.28911770000002,39.74479665000001],[3.289200380000011,39.74503069999997],[3.289259080000022,39.745111640000005],[3.289352640000004,39.745156459999976],[3.28942262999999,39.74514727000002],[3.2894341900000086,39.74512021999999],[3.289492399999972,39.74508402999999],[3.289679289999981,39.74511960000001],[3.290100750000022,39.74542488999998],[3.290299129999994,39.74541538],[3.2904159199999867,39.74543311000002],[3.290427739999984,39.745469119999996],[3.2903928399999813,39.745496230000015],[3.2903581300000155,39.745568400000025],[3.2903700699999945,39.74563144000001],[3.2904051200000026,39.74564035999998],[3.2905101700000046,39.7456401],[3.2907438600000205,39.74570258],[3.2908488699999907,39.74569330999998],[3.290965700000015,39.74572003999998],[3.291070970000021,39.74577384000003],[3.2911878799999954,39.74581860000001],[3.2913868300000217,39.74594423999997],[3.2915391700000214,39.746088009999994],[3.291585820000023,39.74607888000003],[3.2916792699999746,39.746096669999986],[3.291784810000024,39.74621352999998],[3.2919833000000267,39.746231050000006],[3.292322200000001,39.74632931000002],[3.292427480000015,39.7463831],[3.2925094899999863,39.74645497],[3.292639099999974,39.746742970000014],[3.292685860000006,39.74676087],[3.2927441799999997,39.74675171000001],[3.2927556999999865,39.74671563999999],[3.292790640000021,39.746697530000006],[3.2928490799999963,39.74671540000003],[3.2930483399999844,39.74691311999999],[3.293328040000006,39.746813299999985],[3.2935847800000033,39.746803639999996],[3.2936783100000184,39.746839439999974],[3.293678419999992,39.746866469999986],[3.2935621999999967,39.746983899999975],[3.2935275300000058,39.74706507000002],[3.293598750000001,39.747344199999986],[3.293903300000011,39.747595709999985],[3.294020250000017,39.74764947],[3.2941019900000015,39.747658279999996],[3.294218590000014,39.74763094999997],[3.2943120499999736,39.74764872999998],[3.2944056499999874,39.747702549999985],[3.2944292600000153,39.747765560000005],[3.294499529999996,39.74781945000001],[3.2949782300000265,39.747854270000005],[3.2951066200000128,39.74785394000003],[3.2952349400000003,39.74783559000002],[3.2954328199999736,39.74770895],[3.295782900000006,39.74769003],[3.29589943000002,39.74764468000001],[3.2959225399999923,39.74759055999999],[3.295910479999975,39.74750048999999],[3.295875120000005,39.74741949000003],[3.295886450000012,39.747338379999974],[3.2959562799999844,39.74729315000002],[3.296131360000004,39.7472927],[3.296189570000024,39.74725651],[3.2962126400000216,39.74719338],[3.2962825600000087,39.747166170000014],[3.2963525900000263,39.747165989999985],[3.296469419999994,39.74719271999999],[3.2965984300000173,39.74733655],[3.2966686199999913,39.747372410000025],[3.296715230000018,39.74735427000002],[3.296831950000012,39.747353970000006],[3.2969487799999797,39.74738070000001],[3.296972320000009,39.74742569],[3.296937920000005,39.747569940000005],[3.2969739900000263,39.74781311999999],[3.2970325000000003,39.74784900999998],[3.297114860000022,39.74800197000002],[3.2971034999999915,39.74807407999998],[3.2970454900000163,39.74815532000002],[3.2970806199999743,39.74818226000002],[3.2971390199999746,39.74819112],[3.2971739199999774,39.748163999999974],[3.2971968800000013,39.74807384000002],[3.297243490000028,39.74805570000001],[3.2973252699999875,39.74807350999998],[3.2973837900000262,39.748109399999976],[3.297466190000023,39.74827137],[3.2976185100000066,39.74840612000003],[3.29771199999999,39.74843291000002],[3.29780538,39.74843267],[3.2979102300000136,39.74838734999997],[3.2979916699999876,39.748324070000024],[3.298014739999985,39.74826094000002],[3.298073020000004,39.74824276999999],[3.2981547599999885,39.74825156999998],[3.2982483000000116,39.748287370000014],[3.2982484899999918,39.74833242],[3.2982255699999996,39.748431589999996],[3.2981675600000244,39.74851282999998],[3.2981679499999927,39.748602930000004],[3.2982147600000076,39.74862983999998],[3.298273119999976,39.74862968999997],[3.298377700000003,39.74852129999999],[3.298692459999984,39.74843039000001],[3.298809100000028,39.74841206000002],[3.29905432999999,39.74843845999999],[3.299660930000016,39.74835580000001],[3.2997424399999886,39.74831053999998],[3.29976554000001,39.74825642000002],[3.29977679000001,39.74815727999999],[3.299927500000024,39.747922630000005],[3.299997459999986,39.747904430000006],[3.300125849999972,39.74790410000003],[3.300242609999998,39.747912799999995],[3.30035952999998,39.747957550000024],[3.3007212800000048,39.74793858999999],[3.300814769999988,39.74796537999998],[3.300931730000002,39.74801912999999],[3.301037049999991,39.74808193000001],[3.3011306999999874,39.748144749999994],[3.3012127599999985,39.74822562999998],[3.301283230000024,39.748324560000015],[3.3013069599999767,39.74841459999999],[3.3013073999999847,39.74851369999999],[3.30130779000001,39.74860380000001],[3.3012498599999844,39.748703060000025],[3.301180219999992,39.74879335000003],[3.3010989100000074,39.74888365999999],[3.301017559999991,39.74896496000002],[3.3009245299999748,39.749046290000024],[3.300819839999974,39.74912764999999],[3.300726769999983,39.749199980000014],[3.3006337099999996,39.74927229999997],[3.300552400000015,39.74936260999999],[3.300471039999991,39.749443910000025],[3.300378099999989,39.749543259999996],[3.3003084100000137,39.749624530000006],[3.3002036400000065,39.74968788000001],[3.3001222500000154,39.74976017],[3.3001224800000273,39.74981423000003],[3.3001694000000157,39.749868160000005],[3.300239480000016,39.74987699000002],[3.300367909999977,39.749885670000026],[3.3004147999999986,39.74993060000003],[3.3004267000000027,39.74998462999997],[3.3004737900000123,39.75007461000001],[3.3005205100000126,39.75008349000001],[3.300660579999999,39.75008313000001],[3.300777310000001,39.75008283],[3.300859129999992,39.750109640000005],[3.3009177700000123,39.75017256000001],[3.301011379999977,39.750226380000015],[3.3011048399999936,39.750244150000015],[3.3012215599999877,39.750243850000004],[3.3013034300000186,39.750279680000006],[3.301385449999998,39.75035154],[3.301409069999977,39.750414550000016],[3.3015027600000053,39.75048638999999],[3.301584470000023,39.750486179999996],[3.3017011100000104,39.75046785000001],[3.301794299999983,39.750422560000004],[3.3018873999999983,39.750359249999974],[3.3019804599999816,39.75028692000001],[3.302085200000022,39.750214570000026],[3.302143249999972,39.750142340000025],[3.302212890000021,39.75005205000002],[3.3022943199999872,39.749988770000016],[3.302364269999998,39.749970570000016],[3.302469359999975,39.74997930000001],[3.3025862100000154,39.75000603000001],[3.3027146800000082,39.750023709999994],[3.302808299999981,39.75007753],[3.302866970000025,39.75014944999998],[3.30286725000002,39.75021251999999],[3.302844300000004,39.750302680000004],[3.302821349999988,39.75039284000002],[3.3028450099999986,39.75046486000002],[3.3028571199999988,39.750563940000006],[3.302915559999974,39.75058181000003],[3.3030323599999747,39.75059951999998],[3.3030909199999883,39.750644420000015],[3.303138009999998,39.7507344],[3.303173259999994,39.75078836],[3.3031967699999996,39.75082434000001],[3.303197119999993,39.75090542999999],[3.303138880000006,39.75093261000001],[3.303057449999983,39.75099590000002],[3.3030460499999776,39.751059],[3.3030581599999778,39.75115807999998],[3.303081899999995,39.751248110000006],[3.3031289799999968,39.75133808999999],[3.3031993800000237,39.751419],[3.3032464600000253,39.751508969999975],[3.3032935900000098,39.75160796],[3.303352029999985,39.75162583000002],[3.303421990000004,39.751607620000016],[3.3035387900000046,39.751625339999975],[3.3036557199999947,39.75167008],[3.3037724800000206,39.75167878000002],[3.303889089999984,39.75165145],[3.30395888999999,39.75159719999999],[3.3040519099999983,39.75151586999999],[3.3041099199999735,39.751434630000006],[3.304121269999996,39.75136251999999],[3.3041092000000276,39.75127244999999],[3.3041555699999776,39.75120025000001],[3.3042138600000044,39.75118207000003],[3.3043306199999734,39.751190769999994],[3.3044358299999885,39.751226540000005],[3.304529489999993,39.75128935999999],[3.304564789999972,39.75135233999998],[3.304541640000025,39.75139745000001],[3.3044953500000247,39.75148767000002],[3.3044956699999943,39.75155975000001],[3.304554189999976,39.751595640000005],[3.304612949999978,39.751685580000014],[3.304683300000022,39.75175747999998],[3.3047653300000093,39.75182933999997],[3.3048356400000216,39.75189223000001],[3.3048475900000085,39.75195525999999],[3.304894439999998,39.751991180000005],[3.3049645199999986,39.75200001000002],[3.305023080000012,39.75204489999999],[3.3051167400000168,39.75210772999998],[3.3051755000000185,39.75219766999999],[3.305187569999987,39.752287739999986],[3.3051529900000105,39.75238694000001],[3.3051417199999946,39.75247707],[3.3051304400000276,39.75256719999999],[3.3051075399999945,39.752666369999986],[3.3051660200000015,39.75269324999999],[3.3052827899999784,39.75270195000002],[3.305306289999976,39.75273793000002],[3.305330040000001,39.75282795999999],[3.305388559999983,39.75286384999998],[3.30544728000001,39.75294478000001],[3.305529309999997,39.753016650000006],[3.305634569999995,39.753061419999995],[3.305669860000023,39.75312439999999],[3.305670179999993,39.753196479999986],[3.3057170299999825,39.753232389999994],[3.305799019999995,39.75329525000001],[3.305915990000017,39.753349000000014],[3.3060210500000267,39.75334872000002],[3.306102640000006,39.75332147],[3.3062075700000264,39.753294159999996],[3.3063009599999873,39.753293919999976],[3.306336139999985,39.75332986000001],[3.306348049999997,39.75338389000001],[3.3063015600000085,39.75342906999998],[3.3062084499999855,39.75349238000001],[3.306185350000021,39.75354650000003],[3.30620897,39.75360950999999],[3.306291079999994,39.75369939000001],[3.3063847899999814,39.753771229999984],[3.3065016799999967,39.75380696000002],[3.3066184400000225,39.75381565999999],[3.306735090000018,39.75379733],[3.306816930000025,39.753824140000006],[3.3068755300000134,39.75387804000002],[3.3068757699999765,39.753932099999986],[3.3068294000000265,39.75400431000003],[3.3068413899999882,39.75407636],[3.306888200000003,39.75410326000002],[3.3069465699999796,39.75410311000002],[3.3070165299999985,39.75408490000001],[3.3071213800000123,39.754039569999975],[3.3071797900000206,39.75404843000001],[3.307249710000008,39.75402121000002],[3.307238229999996,39.754066290000026],[3.3072735700000067,39.75413828000001],[3.3073084299999778,39.754102149999994],[3.307390059999989,39.75408391000002],[3.3075068300000225,39.75409260999999],[3.30755369000002,39.754128519999995],[3.3075421699999765,39.754164590000016],[3.3074839299999894,39.754191779999985],[3.3074025399999982,39.754264079999984],[3.3074027399999864,39.754309130000024],[3.307438119999972,39.75439011999998],[3.307508240000004,39.75440794999997],[3.307554849999974,39.75438981000002],[3.3076012999999875,39.754335630000014],[3.3076943600000277,39.75426329999999],[3.3077643600000215,39.754254100000026],[3.307799579999994,39.754299059999994],[3.3077881899999966,39.75436216000003],[3.30775361000002,39.75446135999999],[3.307788949999974,39.754533349999974],[3.3078475600000274,39.754587249999986],[3.3079528600000003,39.754641030000016],[3.308057959999985,39.75464976000001],[3.3081745700000056,39.754622419999976],[3.308209390000002,39.75457727999998],[3.3083026099999984,39.75454099000001],[3.308360979999975,39.754540840000004],[3.3084895000000074,39.75456752000002],[3.308617980000008,39.75458520000001],[3.3087463499999785,39.75457584999998],[3.3088630400000056,39.75456652999998],[3.3089913200000183,39.75453915000003],[3.309131519999994,39.754565809999974],[3.3092134699999747,39.754619649999995],[3.3092605300000173,39.754700609999986],[3.3092959900000096,39.75479962999998],[3.30933146000001,39.75489864000002],[3.30940185999998,39.75497954999997],[3.3094602599999803,39.7549884],[3.3095769600000153,39.75497908],[3.309646789999988,39.75493383999998],[3.3096814900000027,39.754861670000025],[3.30973941000002,39.754762400000004],[3.3098090400000046,39.75467212000001],[3.309890429999996,39.75459982000001],[3.3099952900000176,39.754554489999975],[3.310111979999988,39.75454516000002],[3.3102287899999965,39.75456286999997],[3.310334169999976,39.75463466999997],[3.310334379999972,39.75467972000001],[3.310346530000004,39.75478780999998],[3.310346939999988,39.7548779],[3.310347379999996,39.754977010000005],[3.310394439999982,39.755057980000004],[3.31040655999999,39.75515704999998],[3.310407010000006,39.75525615999999],[3.310453940000002,39.755310099999974],[3.310488840000005,39.755282969999996],[3.3105118600000196,39.75521083000001],[3.3105933300000174,39.75515654999998],[3.3106983100000207,39.755138250000016],[3.3108148399999777,39.755092890000014],[3.310931489999973,39.75507455000002],[3.3110481800000002,39.755065230000014],[3.311176709999984,39.755091919999984],[3.3112236000000053,39.75513683999998],[3.3112473499999737,39.75522688000001],[3.3113060900000164,39.75530780999998],[3.311388000000022,39.75535264000001],[3.3114699999999857,39.75541549000002],[3.311575179999977,39.75544223000003],[3.311703589999979,39.755441889999986],[3.31183206999998,39.75545956000002],[3.311948930000028,39.755486280000014],[3.312065700000005,39.75549496999997],[3.3121823899999754,39.755485650000026],[3.312287249999997,39.75544030999998],[3.3122986800000263,39.75538621999999],[3.3123800999999844,39.75532292999998],[3.312450099999978,39.75531373000001],[3.3125436099999774,39.755340509999996],[3.3125438100000224,39.75538555999998],[3.3125442200000066,39.75547566],[3.312486299999989,39.75557493000002],[3.312451689999989,39.75566512],[3.3124636900000155,39.755737169999975],[3.3125340999999935,39.755818069999975],[3.312592499999994,39.755826920000004],[3.312720909999996,39.75582657000001],[3.3128024600000003,39.75579031000001],[3.3129425000000197,39.75578092000001],[3.31305918999999,39.7557716],[3.313175880000017,39.75576226999999],[3.3133042499999874,39.75575291000001],[3.313421020000021,39.75576160999998],[3.313549430000023,39.755761259999986],[3.31363134999998,39.75580609000002],[3.313643220000017,39.75585109999997],[3.3136553100000015,39.75594117000003],[3.3137139599999728,39.756004080000025],[3.3137605699999995,39.755985940000016],[3.3137605300000246,39.755976929999974],[3.3138419599999906,39.75591364000002],[3.3139350600000057,39.75585031000003],[3.3140515900000196,39.75580495000003],[3.314132970000003,39.75573265000003],[3.314226029999986,39.755660309999996],[3.31429602999998,39.755651109999974],[3.3144128000000137,39.75565981],[3.3144947200000274,39.755704630000025],[3.3145651300000054,39.755785530000026],[3.3145536600000014,39.755830609999975],[3.3145070499999747,39.75584875999999],[3.314378770000019,39.75587614],[3.3143205999999736,39.755921349999994],[3.3143091800000093,39.755975439999986],[3.3143443999999818,39.75602039],[3.314402770000015,39.75602022999999],[3.314531050000028,39.755992849999984],[3.314647739999998,39.75598352999998],[3.314764519999983,39.755992219999996],[3.314799740000012,39.75603717000001],[3.314858519999973,39.75612711000002],[3.314940560000025,39.756198970000014],[3.3150342800000203,39.756270789999974],[3.3151395400000183,39.75631556000002],[3.315256320000003,39.75632424999998],[3.3153848499999867,39.756350929999996],[3.3154551000000083,39.75639579],[3.3155488099999957,39.756467610000016],[3.3156658400000083,39.75653036],[3.315747799999997,39.75658420000002],[3.315771429999984,39.756647199999975],[3.315830129999995,39.756719120000014],[3.315888540000003,39.756727969999986],[3.316005270000005,39.756727660000024],[3.3160988199999792,39.756763439999986],[3.3162274399999774,39.756808139999976],[3.316344249999986,39.756825839999976],[3.316472620000013,39.75681648],[3.3165893199999914,39.756807149999986],[3.316729310000028,39.75678875],[3.3168693100000155,39.75677034],[3.3169975100000215,39.756724940000026],[3.317114170000025,39.75670659999997],[3.317184329999975,39.756733440000005],[3.3172663299999954,39.75679628],[3.3173250699999812,39.75687721000003],[3.3173721800000067,39.756967180000004],[3.3174192899999753,39.75705714999998],[3.317489749999993,39.75714706000002],[3.3175717500000133,39.75720990999997],[3.3177003199999717,39.757245590000025],[3.3178171000000134,39.757254279999984],[3.317922199999998,39.75726300000002],[3.318050649999975,39.757271660000015],[3.3181906500000196,39.75725326000003],[3.3183306099999754,39.75722583999999],[3.3184473100000105,39.75721650999998],[3.318575629999998,39.757198140000014],[3.3186922400000185,39.757170780000024],[3.3188087699999755,39.757125410000015],[3.318937049999988,39.75709803000001],[3.319053580000002,39.75705266],[3.3191818600000147,39.75702527999999],[3.319298559999993,39.757015939999974],[3.319415289999995,39.757015620000004],[3.319555369999989,39.75701522999998],[3.3196836999999846,39.756996860000015],[3.31974181999999,39.75694263999998],[3.3197880899999745,39.75685241000002],[3.3198110199999746,39.75676225000001],[3.3198222400000077,39.75666310999998],[3.3198218200000156,39.75657301000001],[3.3198214000000235,39.75648290999999],[3.3198443300000235,39.756392749999975],[3.3198907400000053,39.756329549999975],[3.3199955499999874,39.756275200000005],[3.3201120300000184,39.75622082000001],[3.3202168799999754,39.756175480000024],[3.320333489999996,39.75614811999998],[3.320461850000015,39.75613876],[3.320602020000024,39.75615639],[3.3207305500000075,39.75618306000001],[3.32084758000002,39.756245809999996],[3.3209295799999836,39.756308649999994],[3.320976690000009,39.75639862000003],[3.3210004599999934,39.756488649999994],[3.321000959999992,39.75659676999999],[3.3210012999999776,39.75666884999998],[3.3209783699999775,39.756759009999996],[3.3209320899999852,39.75684924000001],[3.3208858599999758,39.756948480000005],[3.3208395799999835,39.75703871000002],[3.3207932700000242,39.75711992999999],[3.3207819699999845,39.75720104999999],[3.3208173300000112,39.75727303000002],[3.320876069999997,39.75735395999999],[3.320946489999983,39.75743484999998],[3.321040289999985,39.757524690000025],[3.321110669999996,39.75759657999998],[3.321192719999999,39.757668430000024],[3.3212631800000167,39.75775833],[3.3213219300000105,39.757839260000026],[3.321415609999974,39.75790207],[3.321532600000012,39.75795579999999],[3.3216379099999926,39.75800957000001],[3.3217548200000238,39.758045289999984],[3.321883479999997,39.75809899000001],[3.3220004699999777,39.75815272],[3.322117330000026,39.758179429999984],[3.322234069999979,39.75817910000001],[3.322362479999981,39.75817875000001],[3.322420720000025,39.75815154999998],[3.3224437700000067,39.75808841999998],[3.3225133899999832,39.757998120000025],[3.3225830200000246,39.75790783000002],[3.3226642700000184,39.75780849],[3.3227456500000017,39.75773619],[3.322850410000001,39.75767282999999],[3.3229669799999897,39.757636460000015],[3.3231186599999774,39.757618019999995],[3.3232353899999794,39.75761769000002],[3.3233871499999736,39.757617270000026],[3.3235272300000247,39.75761686999999],[3.3236673600000017,39.75762549000001],[3.3237840900000037,39.75762516999998],[3.323924219999981,39.75763377999999],[3.324029450000012,39.75766952999999],[3.324146400000018,39.75771424999999],[3.3242516700000238,39.75775900999997],[3.324356939999973,39.75780376],[3.324485519999996,39.75783944],[3.3246140200000127,39.757857100000024],[3.3247308399999724,39.75787479000002],[3.324871009999981,39.75789242000002],[3.3249994199999833,39.75789206000002],[3.3251160699999787,39.75787371000001],[3.325232719999974,39.75785536000001],[3.325372800000025,39.75785496999998],[3.325512969999977,39.75787258999998],[3.325629880000008,39.7579083],[3.325746869999989,39.757962039999995],[3.3258639000000016,39.75802478000003],[3.325969310000005,39.75809656000001],[3.3260863799999925,39.758168309999974],[3.3261918300000275,39.7582491],[3.326297230000023,39.758320879999985],[3.326402640000026,39.75839266999998],[3.3265080400000215,39.75846445000002],[3.3266018099999997,39.75854527000001],[3.3266722800000252,39.75863518],[3.3267544700000258,39.75873404999999],[3.3268132599999944,39.758823989999996],[3.326848709999979,39.758913989999996],[3.32688416000002,39.75900399],[3.3268962600000123,39.75909404999999],[3.326920120000011,39.75920209999998],[3.3269438899999955,39.759292140000014],[3.3270026399999892,39.75937305999997],[3.3270847399999752,39.75945392],[3.327178389999972,39.75950770999998],[3.3272718299999724,39.759516459999986],[3.3273885699999823,39.75951613000001],[3.3275168900000267,39.75949774999998],[3.327633590000005,39.75948841000002],[3.327762000000007,39.75948804000001],[3.327902090000009,39.759487639999975],[3.32803075999999,39.75954134],[3.3280777100000023,39.75959526999998],[3.328159860000028,39.75968512999998],[3.328253459999985,39.759729919999984],[3.3283585699999776,39.759738630000015],[3.328475219999973,39.75972028000001],[3.3285335499999746,39.759711100000004],[3.3286620100000164,39.75971974999999],[3.328790550000008,39.75974640999999],[3.3289075499999967,39.75980013999998],[3.329001240000025,39.759862940000005],[3.3290832999999793,39.75993478999999],[3.3291653599999904,39.76000663999997],[3.3292474200000015,39.760078480000004],[3.329341109999973,39.76014128999998],[3.3294464800000014,39.76020405999998],[3.329540169999973,39.76026686],[3.329633870000009,39.760329660000025],[3.3297275599999807,39.76039247],[3.329832930000009,39.76045522999999],[3.329926709999995,39.76053605999999],[3.3300204000000235,39.760598860000016],[3.330125769999995,39.760661630000016],[3.3302194199999917,39.76071542],[3.3303131999999778,39.76079623999999],[3.330418609999981,39.760868019999975],[3.330512390000024,39.760948840000026],[3.3305711900000006,39.76103877999998],[3.3306067299999995,39.76114679],[3.3306305099999918,39.76123682999997],[3.330689360000008,39.76133577000002],[3.330771420000019,39.76140760999999],[3.3308768399999735,39.76147938999998],[3.3309705799999847,39.761551199999985],[3.331041099999993,39.761650110000005],[3.331088309999984,39.76175810000001],[3.331100460000016,39.761857169999985],[3.331100939999999,39.76195627999999],[3.3310897399999817,39.762055420000024],[3.3310434699999973,39.76214564999998],[3.3309854400000063,39.762217899999996],[3.330927459999998,39.76229916],[3.330857929999979,39.76240747000003],[3.33081162000002,39.762488700000006],[3.3307887500000106,39.762587870000004],[3.3307892199999856,39.76268698000001],[3.3307897000000253,39.76278609000002],[3.33079017,39.76288520000003],[3.330790690000015,39.76299331000001],[3.3307912099999726,39.763101430000006],[3.3307917199999793,39.76320955],[3.3307805700000017,39.763317700000016],[3.3307693699999845,39.76341683999999],[3.3307230099999856,39.76348905999998],[3.330630009999993,39.76357041],[3.330560300000002,39.76364268999998],[3.330490730000008,39.76374199999998],[3.330467810000016,39.76383217],[3.3304566499999737,39.76394032000002],[3.3304571699999883,39.76404844000001],[3.330457650000028,39.76414754000001],[3.330458159999978,39.76425566],[3.330470269999978,39.76434573],[3.330494090000002,39.76444477000001],[3.330494520000002,39.76453486999998],[3.3305182999999943,39.7646249],[3.3305304099999944,39.76471495999999],[3.3305542300000184,39.76481401000001],[3.33061299000002,39.764894930000025],[3.3306831300000113,39.76491275000001],[3.330764810000005,39.7649035],[3.330869619999987,39.764849140000024],[3.3309627200000023,39.76478580999998],[3.3310558200000173,39.76472246999998],[3.331137500000011,39.764713229999984],[3.331266009999979,39.76473088],[3.3313596200000006,39.76477566],[3.3314066699999785,39.764847610000004],[3.33145380000002,39.76493756999997],[3.3314776700000266,39.76504562000002],[3.3315015300000255,39.76515367000002],[3.331490379999991,39.765261829999986],[3.3315373400000112,39.76531575000001],[3.331583990000013,39.76530660999998],[3.3316771300000028,39.76525228000003],[3.3317936600000166,39.76520690000001],[3.331910330000028,39.76518854],[3.332038710000006,39.76517916],[3.332167169999991,39.76518779999998],[3.3322957299999985,39.76521446999999],[3.3324126900000124,39.76525917999999],[3.332529700000009,39.765312900000026],[3.332635030000006,39.765366659999984],[3.3327171500000077,39.76544752000001],[3.3327876299999843,39.76553740999998],[3.3328348499999834,39.76564539999998],[3.3328819800000247,39.76573536000001],[3.3329173999999853,39.76581635000002],[3.3329528599999776,39.76590635000002],[3.3329883200000268,39.765996340000015],[3.333023819999994,39.76609535],[3.33307056000001,39.766104229999996],[3.333163959999979,39.76610396000001],[3.3332922999999823,39.76608556999997],[3.3334089599999857,39.76606721000002],[3.333537299999989,39.76604881999998],[3.333654009999975,39.76603948000002],[3.333770759999993,39.766039139999975],[3.3338993599999753,39.76607481000002],[3.3339930600000116,39.76613760999999],[3.334063590000028,39.76623652000001],[3.3340990500000203,39.76632651],[3.3341228799999953,39.766425560000016],[3.334135030000027,39.76652462999999],[3.3341471400000273,39.76661468999998],[3.334159390000025,39.766731789999994],[3.3341598700000077,39.7668309],[3.3341603900000223,39.766939019999995],[3.3341608200000223,39.76702911000001],[3.33417307000002,39.76714621000002],[3.334196899999995,39.767245249999974],[3.3342090900000017,39.76735332999999],[3.334244560000002,39.76744332999999],[3.334280060000026,39.76754233999998],[3.3343272000000184,39.7676323],[3.3343975999999884,39.76770418000001],[3.33446803999999,39.767785059999994],[3.334550120000017,39.76785690999998],[3.334620560000019,39.76793779000002],[3.334691009999972,39.76801868000001],[3.334773079999991,39.76809051999999],[3.3348669200000245,39.76818035000002],[3.334949129999984,39.76827922000001],[3.3350312900000176,39.768369080000014],[3.335101870000017,39.76847700000002],[3.3351606400000264,39.76855791999998],[3.3352310899999793,39.76863881000003],[3.335301490000006,39.76871068000003],[3.335383649999983,39.76880053999997],[3.3354541499999755,39.76889044000001],[3.335536310000009,39.76898030000001],[3.335641740000028,39.76905206999999],[3.3357352300000116,39.76906982000003],[3.335852069999987,39.76908750000001],[3.3359107100000074,39.769141390000016],[3.335911020000026,39.769204460000026],[3.335911459999977,39.76929455999999],[3.335888549999993,39.76938473000001],[3.335818800000027,39.76944800000001],[3.3357257499999946,39.76952034999999],[3.3356443700000113,39.76959267000001],[3.335586429999978,39.76968292999999],[3.335610040000006,39.769736920000014],[3.3356567399999904,39.769736790000024],[3.335773589999974,39.76975447000001],[3.3358903899999746,39.76976314000001],[3.335913909999988,39.76979911000001],[3.335925980000013,39.76988017000002],[3.335867959999973,39.76995241999998],[3.335833320000006,39.770033609999984],[3.335880110000005,39.770051490000014],[3.335985409999978,39.77009622999998],[3.335985629999982,39.77014128000002],[3.33599774999999,39.77023135000002],[3.3360332099999823,39.77032134000001],[3.336045370000022,39.770420419999994],[3.3359989300000166,39.77047461000001],[3.3359759699999927,39.77055576999999],[3.336010999999985,39.77055567000002],[3.3360695499999906,39.77059154],[3.3360346599999957,39.770618669999976],[3.335918119999974,39.77066406],[3.335801580000009,39.77070945000003],[3.335696760000019,39.770763810000005],[3.335591899999997,39.77080916],[3.3354869899999926,39.770845510000015],[3.335358649999989,39.770863899999995],[3.3352888100000087,39.77090915000002],[3.3352773999999954,39.770963240000015],[3.3352893399999743,39.771017270000016],[3.3353248399999984,39.77111626999999],[3.3353486799999814,39.77121532000001],[3.3353607899999815,39.77130538],[3.3354077600000096,39.77135929999997],[3.335501509999972,39.77143110999998],[3.3355719599999816,39.77151199999997],[3.3356424099999913,39.771592880000014],[3.3356778300000087,39.77167386999997],[3.335666549999985,39.77175498999998],[3.335619940000015,39.77177315],[3.3355618200000094,39.77182737999999],[3.335480259999997,39.77186365],[3.335375180000028,39.77186396000002],[3.335246789999985,39.77187334000001],[3.3351769500000046,39.771918589999984],[3.3351654900000085,39.77196366999999],[3.3351659300000165,39.772053770000014],[3.3351078599999937,39.77211700999999],[3.335037839999984,39.77212622000002],[3.3349913999999785,39.772180419999984],[3.3349450499999875,39.772252630000025],[3.334898780000003,39.77234285999998],[3.334864190000019,39.772433060000026],[3.3348530399999845,39.772541209999986],[3.3348651900000164,39.77264029000003],[3.3349238800000194,39.772703190000016],[3.3350059200000146,39.772766020000006],[3.3350763299999926,39.77283790000001],[3.3351467800000023,39.77291878],[3.335205550000012,39.772999700000014],[3.335217660000012,39.77308977000001],[3.335206430000028,39.7731799],[3.3351718800000185,39.773279109999976],[3.3351022100000023,39.7733604],[3.335032290000015,39.77338763],[3.334915570000021,39.77339697999997],[3.3348456900000087,39.773433220000015],[3.3348459100000127,39.77347827],[3.334799509999982,39.77354147],[3.3347527999999897,39.773541609999995],[3.3346478500000103,39.77356894000002],[3.334671329999992,39.77359590999998],[3.33467177,39.773686],[3.3346371700000077,39.773776199999986],[3.3346259300000156,39.773866339999984],[3.3346728099999723,39.773902239999984],[3.3347199599999726,39.77399220000001],[3.334708630000023,39.77406431999998],[3.334650510000017,39.77411854000002],[3.334580800000026,39.77419082],[3.334511140000018,39.77427211999998],[3.3344180700000265,39.77434446000001],[3.3343133399999942,39.77441685000002],[3.3341967499999896,39.77445322],[3.3340802000000167,39.77449861000002],[3.333951930000012,39.77453501999997],[3.333823540000026,39.774544400000025],[3.333706730000017,39.77453572000002],[3.333601470000019,39.77449998999998],[3.3334729399999787,39.77448234000002],[3.3333561800000098,39.77448267],[3.333239370000001,39.774474],[3.333122469999978,39.77444731000003],[3.3330755100000147,39.77439337999999],[3.333005060000005,39.77431250000001],[3.3329695900000047,39.77422250000001],[3.3329340899999806,39.77412349000002],[3.3329440699999964,39.77377207000001],[3.33288564999998,39.773763229999986],[3.3328290399999787,39.77413280000002],[3.3327125000000137,39.774178189999986],[3.3326194300000225,39.77425053000002],[3.3325847500000236,39.77432270999998],[3.332631460000016,39.77432257999999],[3.3327483099999995,39.774340259999974],[3.332771830000013,39.77437623999998],[3.332748659999993,39.774412340000026],[3.3327136300000006,39.77441243999999],[3.3326083700000027,39.77437671000001],[3.332491559999994,39.774368030000005],[3.332480060000023,39.77440410000003],[3.332492170000023,39.774494170000025],[3.3324574399999847,39.77455734],[3.3323760499999935,39.77462965000001],[3.3323414100000264,39.77471084000001],[3.3323766600000226,39.77475578999997],[3.3324004899999977,39.77485482999998],[3.332435999999973,39.77495384000002],[3.3324131200000124,39.77505301000002],[3.332378129999995,39.77506211999997],[3.332307990000004,39.77504429999999],[3.3322727799999825,39.77500837000002],[3.332167439999978,39.77495461000001],[3.3321324899999922,39.77497273],[3.3321327099999962,39.775017779999985],[3.332121509999979,39.775116920000016],[3.3320748900000012,39.775135069999976],[3.332098369999983,39.77516204],[3.332156839999982,39.775179890000004],[3.3322738200000117,39.7752246],[3.332309109999983,39.775278560000004],[3.3323793000000137,39.77530539000003],[3.3324493200000234,39.77529618],[3.332554189999996,39.775250830000004],[3.332659019999994,39.775196470000026],[3.332693699999993,39.77512429000001],[3.3327165800000103,39.77502511],[3.3327862900000014,39.77495283000002],[3.3328213600000254,39.77496173999998],[3.332926670000006,39.77500649000001],[3.3330087499999763,39.775078329999985],[3.333079199999986,39.77515921999998],[3.3331380199999785,39.77524914999998],[3.3331618500000104,39.77534818999999],[3.333138969999993,39.775447369999995],[3.3330693500000166,39.77553766],[3.3329996800000004,39.77561895000002],[3.332953410000016,39.775709189999986],[3.332871979999993,39.77577249000001],[3.332767149999995,39.77582684999999],[3.332697440000004,39.77589913000003],[3.332697699999983,39.775953189999996],[3.332744620000028,39.77599810999999],[3.332791279999981,39.77598896000001],[3.332861170000001,39.77595272000002],[3.332954319999999,39.77589839000001],[3.333047650000026,39.77588011],[3.3331644599999777,39.77588878],[3.333211380000023,39.77593368999999],[3.333281790000001,39.776005569999995],[3.333375509999996,39.77606837000002],[3.3334692700000232,39.77614018000003],[3.333551440000008,39.77623003999997],[3.333586949999983,39.776329050000015],[3.3335874300000228,39.77642816000002],[3.333587860000023,39.77651825999999],[3.3335766700000136,39.77661740000002],[3.3335771000000136,39.776707499999986],[3.3335658600000215,39.776797629999976],[3.333613000000014,39.77688759],[3.333659800000021,39.77690547999998],[3.3337766899999792,39.77693217000001],[3.333916859999988,39.77694078000002],[3.334045259999982,39.776931400000024],[3.3341034300000274,39.77688618000002],[3.334126430000026,39.776814030000025],[3.3341610300000184,39.77672382999998],[3.3342073000000028,39.776633600000025],[3.3342539600000123,39.776624459999994],[3.3343708200000037,39.77664213999998],[3.3344760800000017,39.77667788000002],[3.334569799999997,39.77674066999998],[3.3345817800000077,39.776803710000024],[3.3345705400000156,39.776893840000014],[3.33451242000001,39.77694807],[3.3344077699999843,39.77703846999998],[3.334338100000025,39.777119760000005],[3.3343035500000155,39.77721896999998],[3.3342923100000235,39.777309100000025],[3.334339409999984,39.777390060000016],[3.3343515199999842,39.77748012000001],[3.334316969999975,39.77757932999998],[3.334270740000022,39.77767856999998],[3.334247819999973,39.77776874],[3.334236630000021,39.777867879999974],[3.334237060000021,39.77795798],[3.334249179999972,39.77804803999999],[3.3342963200000213,39.77813801000002],[3.3343551400000138,39.77822794000002],[3.3344139600000062,39.77831787000002],[3.3344494300000065,39.778407860000016],[3.3344615400000066,39.778497930000015],[3.3344269099999906,39.77857912000002],[3.3343686499999876,39.778606319999994],[3.334322250000014,39.778669519999994],[3.3343110499999966,39.778768660000026],[3.3343348799999717,39.77886769999998],[3.334393709999972,39.77895762999998],[3.334487519999982,39.77903844999997],[3.3345463399999744,39.779128379999975],[3.3345934899999747,39.77921834],[3.334593919999975,39.77930844000002],[3.3345827200000144,39.77940758],[3.3345948400000225,39.779497649999996],[3.3345602399999734,39.779587849999984],[3.334537409999996,39.779696030000025],[3.334549530000004,39.779786100000024],[3.334608220000007,39.77984900000001],[3.33469027000001,39.77991183],[3.3347256900000275,39.77999282000002],[3.3347261299999786,39.780082919999984],[3.3346798100000115,39.78016414000001],[3.334633540000027,39.78025437000002],[3.3346339799999782,39.78034446999999],[3.3346811700000103,39.78044344],[3.3347514899999737,39.78049729999998],[3.334798599999999,39.78057825000002],[3.334799029999999,39.780668349999985],[3.3347526700000003,39.78074056000003],[3.334694679999984,39.78082182000003],[3.3346835199999987,39.78092996999999],[3.3346839600000067,39.78102007000001],[3.3347077999999897,39.78111911000002],[3.3347199500000215,39.781218190000004],[3.334755420000022,39.781308179999996],[3.334802609999997,39.781407160000015],[3.33482644999998,39.781506200000024],[3.33485023999998,39.78159622999999],[3.3348740399999883,39.781686260000015],[3.334932859999981,39.781776190000016],[3.3349567000000206,39.781875230000026],[3.3349571300000207,39.78196532999999],[3.3349809700000037,39.78206437],[3.335039800000004,39.7821543],[3.3350869399999965,39.78224426000003],[3.335145769999997,39.78233418999997],[3.335169559999997,39.782424219999996],[3.33519339999998,39.782523260000005],[3.33519388000002,39.78262237000001],[3.3351827299999854,39.78273051999997],[3.335148129999993,39.78282072000002],[3.335113540000009,39.782910920000006],[3.3350906200000168,39.78300108000002],[3.3350677000000246,39.783091249999984],[3.335033150000015,39.783190460000014],[3.335010230000023,39.78328062999998],[3.334987350000006,39.78337979999998],[3.3349761100000137,39.783469930000024],[3.3349999499999967,39.783568969999976],[3.3349770300000046,39.78365914],[3.3349658299999874,39.78375827999997],[3.334977990000027,39.78385736000001],[3.3350249200000235,39.78390227],[3.335083310000016,39.78390209999998],[3.3350951699999882,39.78393811000001],[3.3350721200000066,39.78400124000001],[3.3350842799999896,39.78410031999999],[3.3351193500000136,39.784109220000005],[3.335236269999996,39.78413591999998],[3.3353415400000017,39.78417165000002],[3.335446999999988,39.784243430000004],[3.3355290900000227,39.78431526999998],[3.3356111900000087,39.78438711000001],[3.335704920000012,39.78444990999998],[3.3358219699999836,39.78450363000002],[3.3359156099999723,39.78454841000001],[3.336032569999986,39.784584110000026],[3.3361379300000067,39.784637859999975],[3.336243169999989,39.784664580000026],[3.33637176000002,39.78469123999997],[3.3364886699999943,39.78471793],[3.3366172600000255,39.78474459],[3.336734130000025,39.78476226999999],[3.336851050000007,39.784788960000014],[3.3369679599999813,39.784815649999985],[3.3370849199999952,39.78485135],[3.3372020099999986,39.78491407000001],[3.3372373099999777,39.784968030000016],[3.337225939999996,39.78503112999999],[3.337191299999972,39.785112319999996],[3.337203460000012,39.78521139999998],[3.337238979999995,39.785310400000014],[3.3372975899999915,39.785355279999976],[3.3373911099999987,39.78537303000002],[3.3375195699999836,39.78537266000001],[3.337624500000004,39.78533630999999],[3.337694259999978,39.78527303999999],[3.3377875099999983,39.78523673000001],[3.3378693000000226,39.785245499999974],[3.337986209999997,39.78527219],[3.338068229999976,39.785326010000006],[3.3381502799999794,39.785388839999996],[3.3382440600000223,39.78546064],[3.3383378400000083,39.785532450000005],[3.338420030000009,39.78562231000001],[3.338490449999995,39.78569418000001],[3.3385958299999743,39.785747930000014],[3.338689250000016,39.78574766000003],[3.338817849999998,39.78577431000002],[3.3389114899999868,39.78581909000002],[3.339016860000015,39.785872840000025],[3.3391222800000264,39.785935600000016],[3.3392509600000153,39.78598026999998],[3.3393679199999724,39.786015969999994],[3.339508109999997,39.786024569999995],[3.339601710000011,39.78606033],[3.3397072199999798,39.78614111000002],[3.33976604999998,39.78623104000002],[3.339848200000006,39.78631188999998],[3.3399418999999853,39.78636567000001],[3.3400353700000096,39.78637441000001],[3.3401521100000195,39.78636505999998],[3.3402688499999726,39.7863557],[3.340397359999997,39.78636433999998],[3.340491009999994,39.78640911000002],[3.3405731999999944,39.786498970000025],[3.340643709999995,39.786588859999995],[3.340749179999989,39.78666062999997],[3.3408778599999778,39.786705299999994],[3.340994739999985,39.78672297999998],[3.3411232500000096,39.786731610000004],[3.341240070000026,39.786740269999996],[3.341368579999994,39.78674890000002],[3.3414853699999867,39.78674855999998],[3.3416138800000112,39.78675719],[3.3417541100000108,39.78677479999999],[3.341859349999993,39.78680151999998],[3.341988029999982,39.786846190000006],[3.342093449999993,39.78690893999999],[3.342163879999987,39.78698082],[3.342234449999978,39.78707972000001],[3.342304829999989,39.78714258000002],[3.342386939999983,39.78721442],[3.342480679999994,39.78727721000001],[3.3425744200000054,39.78733999999997],[3.3426448499999992,39.78741187000003],[3.3427153700000076,39.78750176],[3.3427974800000015,39.78757359999997],[3.342891179999981,39.78762738],[3.342996459999995,39.78766310999998],[3.3431018399999743,39.78771685999999],[3.343148910000025,39.78778879999999],[3.3432193400000187,39.787860669999986],[3.343312860000026,39.78787841000002],[3.3434061599999723,39.78785110000001],[3.3435228100000245,39.787823730000014],[3.3436047399999893,39.787859519999984],[3.3436634000000254,39.78791340999999],[3.3437106100000165,39.78801238],[3.3438044000000104,39.78808418],[3.3439098200000217,39.78814693999999],[3.3440501900000186,39.78819156999998],[3.3441671200000087,39.78821825],[3.3442839499999764,39.78822690999999],[3.3444008299999837,39.78824458999998],[3.3445409700000255,39.788244169999984],[3.3446577600000182,39.78824381999999],[3.344809629999986,39.78825238000002],[3.3449498599999856,39.788269979999995],[3.345101779999993,39.78828755000001],[3.3452420599999755,39.78831416000003],[3.3453589800000145,39.78834083999999],[3.3454759499999795,39.788376529999994],[3.3456046000000015,39.788412189999974],[3.3456983899999955,39.788483989999975],[3.3457103399999824,39.788538010000025],[3.3457458299999985,39.788628010000025],[3.3458279399999924,39.78869983999999],[3.3458980600000245,39.78870863999998],[3.3460265699999923,39.78871727000001],[3.3461551299999996,39.78873490000001],[3.3462603699999818,39.78876162],[3.346319040000026,39.7888155],[3.3463661600000023,39.78889644999998],[3.3464599499999963,39.78896824999998],[3.346576970000001,39.78901294999997],[3.34665904000002,39.78907577000001],[3.346729470000014,39.78914764000001],[3.3468116299999906,39.78922849000003],[3.346905289999995,39.78927325000001],[3.3470221700000025,39.789290919999985],[3.3471390999999926,39.789317600000004],[3.3472792399999776,39.78931718000001],[3.347396030000027,39.78931683000002],[3.34751282000002,39.789316480000025],[3.3476296599999955,39.78932514000002],[3.3477466300000174,39.78936083000002],[3.3478751900000248,39.78937846000002],[3.3479919800000175,39.78937810999997],[3.3481204000000275,39.78936872000003],[3.348201930000016,39.78932342000002],[3.3482249699999898,39.78926028000001],[3.348271269999998,39.78917905999998],[3.3483296200000154,39.78916987000002],[3.3484578599999963,39.789124430000015],[3.348574419999977,39.78907902999998],[3.3486910799999805,39.789051649999976],[3.3488194999999905,39.789042259999974],[3.3489362899999833,39.78904189999997],[3.349053029999993,39.789032539999994],[3.3491112400000134,39.788996329999975],[3.3492043100000046,39.788923969999985],[3.349250569999981,39.78883373000002],[3.349238660000026,39.788788710000006],[3.349249880000002,39.788698580000016],[3.3492844599999785,39.78860838000003],[3.3493657099999723,39.78850901999999],[3.3494470499999807,39.78842768999999],[3.349551799999972,39.78835529000003],[3.349644860000012,39.78828292999998],[3.3497612799999956,39.78821049999999],[3.3498544400000014,39.78815616000003],[3.3499826299999995,39.78810170999998],[3.3500875099999803,39.78805634999998],[3.3502041599999757,39.78802896000002],[3.35032099,39.78803762000001],[3.350355850000028,39.78800147999999],[3.3504020999999966,39.78791124000003],[3.3504604099999824,39.78789303999997],[3.350553419999983,39.787811669999996],[3.3506583899999782,39.787784320000014],[3.3507749999999987,39.78774793000002],[3.350879790000022,39.78768453999999],[3.35098456999998,39.78762115000001],[3.3510308300000133,39.787530919999995],[3.351077040000007,39.78743166999999],[3.3511349699999755,39.787341389999995],[3.3511929499999837,39.78726012999999],[3.351274520000004,39.787223840000024],[3.3513563100000283,39.78723259999998],[3.351426520000018,39.78725942],[3.351484869999979,39.787250229999984],[3.3514963700000067,39.78721416000002],[3.351495909999983,39.78712406],[3.3515070299999934,39.78701589999997],[3.3515299300000265,39.786925740000015],[3.3515996400000176,39.786853440000016],[3.351669290000018,39.78677213999998],[3.3517506700000013,39.786699820000024],[3.3518203799999924,39.786627529999976],[3.3518783999999755,39.78655527000001],[3.351936340000009,39.78646499000001],[3.3519591900000023,39.786365820000015],[3.3519469999999956,39.786266739999974],[3.351946499999997,39.786167639999974],[3.351969390000022,39.78607747000001],[3.352039100000013,39.78600518000002],[3.3521087999999963,39.78593288000002],[3.352166679999982,39.78583359999999],[3.3522245699999758,39.78573431000001],[3.352294219999976,39.785653009999976],[3.352375470000027,39.785553660000005],[3.352445120000027,39.78547235000002],[3.3525615799999855,39.78540893000002],[3.3526549200000204,39.785390629999995],[3.3527717000000052,39.78539026999999],[3.35290015999999,39.785389880000025],[3.35301671000002,39.785344469999984],[3.353086459999986,39.78528118999998],[3.353191190000018,39.78520879000001],[3.353296069999999,39.78516342],[3.353389170000014,39.78510007],[3.353435509999997,39.785027850000006],[3.3534584099999734,39.784937679999985],[3.3534812500000157,39.78483849999998],[3.3535391799999843,39.78474821999998],[3.353632329999982,39.78469388000002],[3.353748880000012,39.78464846999998],[3.353865569999982,39.784630100000015],[3.353982120000012,39.784584689999974],[3.3540751799999953,39.784512329999984],[3.3541565500000274,39.78444000000002],[3.3542262500000106,39.784367710000026],[3.354307580000011,39.78428637000002],[3.3543771899999797,39.78419606],[3.3544702899999947,39.78413269999999],[3.3545751099999848,39.78407831999999],[3.3546916999999894,39.78404191999999],[3.3547964800000045,39.78397853000001],[3.3548661799999877,39.78390624000002],[3.354947509999988,39.78382490000001],[3.355017210000028,39.78375261000002],[3.3550985300000207,39.78367127000001],[3.355191590000004,39.78359891000002],[3.355272819999982,39.78349954999999],[3.355365870000014,39.78342717999999],[3.3554823700000043,39.78337277000003],[3.3555754199999797,39.78330039999997],[3.3556568000000198,39.78322807000001],[3.3557268199999726,39.783218850000026],[3.3558082900000272,39.78316453999997],[3.3558779300000197,39.78308322999999],[3.35595926000002,39.78300188999998],[3.3560641799999757,39.78296553000001],[3.356157269999983,39.78290217],[3.3562152000000083,39.78281190000001],[3.3562264500000083,39.78273077],[3.3562610199999767,39.78264057000001],[3.3562604599999872,39.78253245000002],[3.3562482699999805,39.782433379999986],[3.3562594900000136,39.78234323999999],[3.3563175500000284,39.782280000000014],[3.3563874800000235,39.78225275],[3.356504159999986,39.782234370000026],[3.3565739900000153,39.78218910999999],[3.356596980000006,39.782116959999996],[3.356643169999984,39.78201769999998],[3.3566894200000092,39.78192746000002],[3.356723939999995,39.78182824999999],[3.3567818099999727,39.78172896000001],[3.35685140999999,39.78163864999999],[3.356932690000008,39.7815483],[3.3570139700000254,39.781457950000004],[3.357118650000018,39.78137652999999],[3.3572234200000253,39.78131314000001],[3.3573167399999875,39.78129482999998],[3.3574334699999895,39.78128545999999],[3.357550339999989,39.78130312000002],[3.357678980000003,39.78133875999998],[3.3577958000000194,39.78134741000002],[3.3579242600000043,39.78134702],[3.358041029999981,39.78134666],[3.3581694399999833,39.78133724999998],[3.3582860700000197,39.78130986000002],[3.358402710000007,39.78128247000001],[3.358530929999972,39.78123701999999],[3.3586122899999964,39.781164690000026],[3.358635320000019,39.78110155000002],[3.3586348100000123,39.78100244000001],[3.35868124000001,39.78094823999999],[3.3587396199999944,39.780948060000014],[3.3588095000000067,39.78091180000001],[3.358820900000012,39.78085771000002],[3.35880874999998,39.78076764000002],[3.3588082300000224,39.78066854000002],[3.3588194000000158,39.78056938999998],[3.358818929999984,39.78047929000002],[3.3588300900000263,39.780380149999985],[3.358864600000004,39.78028093],[3.3588757200000146,39.78017277999999],[3.358898609999983,39.78008261000002],[3.3588980399999855,39.77997448999997],[3.3589092500000106,39.77988435999998],[3.35895591000002,39.77987519999999],[3.359072640000022,39.779865830000006],[3.3591541900000266,39.77982953999998],[3.359153909999975,39.77977548000001],[3.359106919999988,39.77972156999999],[3.3590364300000033,39.77964069000001],[3.359036059999994,39.77956862000002],[3.359070669999994,39.77948742000001],[3.3591405000000236,39.77944215000002],[3.359245260000023,39.779378759999986],[3.359350259999985,39.77936040999998],[3.359455120000007,39.77931503999997],[3.3594898700000044,39.77926086999997],[3.359489310000015,39.77915274999998],[3.3594892599999753,39.779143739999995],[3.3595357799999874,39.77910756],[3.3596405999999774,39.77905317],[3.3597571299999913,39.77900776000001],[3.3598385399999984,39.778944439999975],[3.3599315899999738,39.77887206999998],[3.3600015999999755,39.77886283999999],[3.3601300500000093,39.77886244000001],[3.360246819999986,39.77886208000001],[3.3603634500000226,39.77883469],[3.3603749399999856,39.778798610000024],[3.360374369999988,39.778690489999974],[3.360362230000021,39.77860042999998],[3.360396879999996,39.77852825000002],[3.3604435899999885,39.77852810000002],[3.3605720400000223,39.778527699999984],[3.3607121599999914,39.778527259999976],[3.3608640100000002,39.778535799999986],[3.3610041399999773,39.77853535999998],[3.3611208099999885,39.778516980000006],[3.361272569999983,39.77850749999999],[3.3613891499999795,39.77847108999998],[3.3615173599999935,39.77842564000002],[3.3616455200000246,39.77837118000002],[3.361773690000007,39.77831672000002],[3.3618902200000207,39.77827130999998],[3.3619950300000028,39.77821691999998],[3.36208812000001,39.77815356000002],[3.362192919999984,39.77809918000003],[3.362286059999974,39.77804481999999],[3.3624141700000223,39.777981350000005],[3.3625425199999768,39.77796293],[3.3626592900000105,39.77796257],[3.362752569999998,39.777935249999985],[3.362764009999978,39.77789016000003],[3.362798469999973,39.77778193],[3.36282134999999,39.77769175999998],[3.3628792599999997,39.77760147999999],[3.3629605699999843,39.77752013999998],[3.363065380000023,39.777465749999976],[3.3631818599999974,39.77741132],[3.363263119999999,39.777320970000005],[3.3633678400000235,39.777248559999975],[3.363449189999983,39.77717623000001],[3.363518880000015,39.77710393000001],[3.3636002299999745,39.77703158999998],[3.3636933099999737,39.77696823000002],[3.363786399999981,39.77690487000001],[3.3638912499999947,39.77685948999999],[3.363996009999994,39.776796090000005],[3.364100810000025,39.7767417],[3.364205570000024,39.776678300000015],[3.364310470000021,39.77664192999998],[3.364426900000012,39.77657850000003],[3.3645317099999943,39.776524110000025],[3.364660010000023,39.77649666999997],[3.3647883599999773,39.776478250000025],[3.3649050299999885,39.77645985999999],[3.3650218000000223,39.77645948999998],[3.3651502399999913,39.77645909],[3.365267060000008,39.77646772999998],[3.365325489999975,39.77647655999999],[3.3654663699999787,39.77662027000002],[3.365748719999999,39.777015819999974],[3.3658192099999837,39.77709668],[3.3660066099999995,39.77720420999998],[3.366135199999974,39.777230840000016],[3.3662636899999825,39.77723944000002],[3.3666838199999916,39.77719306],[3.3668003500000054,39.77714764000001],[3.3670794899999805,39.77693952999999],[3.367685289999997,39.77667631999998],[3.367825260000018,39.77664884000001],[3.3680472600000257,39.776675169999976],[3.3681872899999803,39.77665669999999],[3.3685484999999744,39.776511400000004],[3.369292669999993,39.775923379999995],[3.369513120000022,39.77566138999998],[3.3697793200000206,39.775219049999976],[3.3702209400000243,39.774830210000005],[3.3704305800000043,39.77473042999998],[3.370500639999989,39.77473020999997],[3.3706176499999856,39.774774879999995],[3.370828309999979,39.77486431],[3.3709217200000126,39.77486400999999],[3.371073420000016,39.774845500000026],[3.371644349999997,39.774618420000024],[3.3716557299999863,39.774564329999976],[3.3716203100000257,39.77449236000001],[3.3715382899999895,39.77443856999997],[3.371479420000014,39.77434864999998],[3.3715018500000156,39.77417738999998],[3.3714663399999836,39.77408740999999],[3.371313569999984,39.773907699999995],[3.3712779599999863,39.773799689999976],[3.371276410000007,39.77351138],[3.3713344000000234,39.77343911000003],[3.371520929999974,39.77338445999999],[3.371894320000024,39.77333821000002],[3.372571349999987,39.77329999],[3.372932769999977,39.77319971999998],[3.373002489999976,39.77313643000002],[3.3730603800000267,39.77304614000002],[3.373198930000001,39.77275737999997],[3.3733735299999807,39.772657700000025],[3.3734548300000142,39.77257635000001],[3.373592350000024,39.77209837999999],[3.373673740000015,39.77203505],[3.3738259200000016,39.772106640000004],[3.3738724799999886,39.772079459999986],[3.3739177599999834,39.77181802000001],[3.3739640300000246,39.771736780000026],[3.3739520099999822,39.77167374999999],[3.3738934300000096,39.77163789999997],[3.373893140000007,39.771583840000005],[3.3739515199999914,39.771583650000025],[3.3740214300000275,39.77155640000001],[3.374055530000021,39.771385099999975],[3.3740432600000076,39.771277020000014],[3.37401933000001,39.77116898000003],[3.3738899100000026,39.770989199999974],[3.3737831700000243,39.77068320000001],[3.3738177100000257,39.77059299000001],[3.3738756000000194,39.77050270000001],[3.3737808700000187,39.77025973999997],[3.373908819999997,39.77016923000002],[3.3739084800000114,39.77010616000001],[3.373896460000026,39.770043129999976],[3.3734631400000126,39.76980126000001],[3.373380929999996,39.76971142000002],[3.3733219599999984,39.76960349000001],[3.373309699999993,39.76949540999999],[3.3734244999999987,39.769134640000004],[3.3737484399999857,39.768583990000025],[3.3738296799999716,39.76849363000002],[3.3739343099999815,39.7684122],[3.374179060000017,39.76833032000002],[3.374879329999999,39.768283010000005],[3.375124210000024,39.76822815999998],[3.3754620099999784,39.768082900000024],[3.3756713800000284,39.767938070000014],[3.3757878399999868,39.76788362999997],[3.3759277899999915,39.76785615],[3.3760091799999827,39.76779281],[3.376078829999983,39.767720510000004],[3.376148790000002,39.76770226000002],[3.376288939999995,39.76771080999998],[3.3765701300000046,39.76789009999999],[3.376628499999981,39.76788991000001],[3.3766632800000025,39.767844749999995],[3.3766862400000264,39.76777258999999],[3.3766729399999917,39.76747531000001],[3.3767074699999853,39.767385090000005],[3.376893339999981,39.76721329999998],[3.377219009999976,39.76698699000002],[3.3780466499999875,39.76675003999998],[3.3782794599999875,39.76662313999998],[3.3784421199999883,39.76647845000002],[3.378603539999972,39.76610850999998],[3.3786964899999816,39.76602711999999],[3.3787896399999795,39.76598175999999],[3.3790693999999917,39.765899760000025],[3.379314019999981,39.76579985000001],[3.3797455999999784,39.76572635000002],[3.3798737700000174,39.76568087999999],[3.380350700000008,39.76536397000001],[3.3807469899999774,39.76524554000002],[3.3808753700000125,39.76523610999999],[3.3809921600000052,39.765244730000006],[3.381459800000016,39.76536033000002],[3.3817867899999783,39.76537726999999],[3.3819383700000003,39.76534072999999],[3.3832544100000064,39.764759749999996],[3.3835108499999933,39.76468682000001],[3.3840474300000096,39.76460394999998],[3.3841527000000156,39.764639639999984],[3.3842113800000106,39.76469350999997],[3.3843166999999994,39.76473821000002],[3.384363099999973,39.76468398999998],[3.384408590000021,39.76446759999999],[3.384394699999973,39.76407121],[3.384593020000011,39.76404351999997],[3.384709820000012,39.76405213999999],[3.3847683899999765,39.76408799000001],[3.3848853399999825,39.76412363999998],[3.3854222200000095,39.764094829999976],[3.3859129499999767,39.76416526999998],[3.3861468499999887,39.76423656999998],[3.3866151400000035,39.764469270000006],[3.3868143700000246,39.76460376],[3.3871650699999805,39.76468368000002],[3.3872818099999904,39.764683289999994],[3.387351609999996,39.76463799999999],[3.3874439900000084,39.764457489999984],[3.3875252000000273,39.764367119999974],[3.3879099600000018,39.764275740000016],[3.3881898899999783,39.76422975000003],[3.388458459999981,39.76423785999998],[3.388960979999979,39.764326270000026],[3.3898132699999906,39.76433242000002],[3.390069859999983,39.76428650999998],[3.3902920799999947,39.76435784],[3.390572220000024,39.76434788],[3.390934800000025,39.76446378999998],[3.39107494000001,39.76447232999999],[3.3911447899999985,39.76443604999997],[3.3911677799999893,39.76437290000001],[3.391155079999976,39.76419275000001],[3.391201570000021,39.764156549999996],[3.3912723899999833,39.76429145999998],[3.3913542099999745,39.764309200000014],[3.39149445999999,39.764335759999994],[3.3917628199999967,39.76430782],[3.3918676900000264,39.76427143000001],[3.3918674299999907,39.764226380000025],[3.3918085999999903,39.764145489999976],[3.3917847399999914,39.76405547000002],[3.3918429600000195,39.764028240000016],[3.3919829000000163,39.76400073999997],[3.39208807,39.7640184],[3.39212329999998,39.76405433000002],[3.392159349999986,39.76423440000002],[3.3922064099999716,39.76429731000002],[3.392264780000005,39.76429711999998],[3.39233452000002,39.76424281999999],[3.3923336999999947,39.76409866],[3.3922982099999786,39.76401769],[3.3923328800000263,39.76395451000002],[3.392379570000003,39.763954350000006],[3.3924849499999823,39.76400804999997],[3.3926134800000227,39.76402564],[3.3927651399999945,39.764007100000015],[3.3928470199999765,39.764033849999976],[3.3929407699999956,39.764096610000024],[3.3929762600000117,39.76417758000002],[3.3930466699999897,39.76424041000001],[3.3936427400000184,39.76435550999997],[3.393712740000012,39.764346269999976],[3.393747449999978,39.764292090000026],[3.3937586100000203,39.76420194999997],[3.3938051000000087,39.76416575000002],[3.393980680000027,39.764246249999985],[3.3940975300000105,39.76426386999998],[3.394190770000023,39.76423652],[3.39443614999999,39.76427173000002],[3.3945770199999856,39.764406399999984],[3.3946705700000166,39.76443311000003],[3.39474045999998,39.764405839999995],[3.3947630299999787,39.76427060999998],[3.3949267899999995,39.76432411000002],[3.3949851099999933,39.764314909999996],[3.3949965300000144,39.76426981999998],[3.395054479999999,39.76419754],[3.3953815300000088,39.764223449999974],[3.3956168299999945,39.764538000000016],[3.395710749999978,39.76462778000001],[3.395804450000014,39.76468152000001],[3.3960265800000116,39.76473482],[3.3961666800000216,39.76473434000002],[3.396492790000025,39.764598079999985],[3.3968664299999887,39.76460580999998],[3.3969950599999947,39.764641410000024],[3.39706541999999,39.76469522999997],[3.3971824800000263,39.76474888000001],[3.3972407499999804,39.76473066],[3.3972988099999952,39.76467640999999],[3.397540960000015,39.76415300000002],[3.397491919999993,39.763747720000026],[3.3976196599999753,39.76363014999998],[3.397654160000002,39.76353992999998],[3.3977003399999717,39.76344967],[3.3976882000000046,39.763368619999994],[3.397699349999982,39.763278490000005],[3.3977690300000063,39.763215179999975],[3.3978506999999922,39.763205889999995],[3.397944250000023,39.76323258999997],[3.3982021799999984,39.76342091999999],[3.398272229999975,39.763420680000024],[3.3983761000000072,39.76321309000002],[3.398702720000017,39.76316692],[3.3987608300000147,39.763121669999975],[3.398947669999984,39.76313003000001],[3.399005890000012,39.76310280000001],[3.3989811299999815,39.76285961999997],[3.399027359999991,39.76277836999998],[3.3990855200000283,39.76274212999999],[3.3994708199999764,39.76274981],[3.3997161899999924,39.762785010000016],[3.400335659999996,39.76290900999999],[3.4004527199999757,39.76296266000003],[3.400546169999984,39.76297134999999],[3.400650980000023,39.76292594],[3.4007676699999934,39.762916529999984],[3.4013066800000047,39.763257039999985],[3.401739529999986,39.76340871000002],[3.4020210799999973,39.763641989999996],[3.4024305799999865,39.76379373999998],[3.4025709399999755,39.763838299999975],[3.402687790000016,39.763855920000026],[3.402804479999986,39.7638465],[3.4028509199999917,39.76380129],[3.402862270000014,39.763747190000004],[3.4029085999999893,39.76368395999998],[3.4029669799999738,39.76368375999999],[3.403517050000005,39.76391610000002],[3.403774310000017,39.76398728999999],[3.4040195300000278,39.763995439999974],[3.4040893600000004,39.76395916000001],[3.404227820000017,39.76367936999998],[3.4044373199999995,39.76357051000002],[3.4046692200000166,39.76329941],[3.404691879999973,39.76318220000002],[3.404668000000015,39.76309218],[3.4047840499999893,39.76297464999999],[3.404806870000016,39.76288447000002],[3.4047934999999825,39.76259619000001],[3.404839779999975,39.76252395],[3.4049327500000004,39.76245154999998],[3.405059310000013,39.76213575999998],[3.4054801600000246,39.762233390000006],[3.4056318199999964,39.76221484000001],[3.4057132699999784,39.76216950999998],[3.4057361399999877,39.76208833999999],[3.405712419999986,39.76202534999999],[3.4055364600000075,39.76188180999998],[3.4054775600000085,39.76179191],[3.4054998400000045,39.76161164000001],[3.405603900000017,39.76144008],[3.4056267199999866,39.76134990000003],[3.4056847200000107,39.76128662999997],[3.405671400000017,39.761007370000016],[3.4057179299999802,39.76098017999999],[3.405776249999974,39.76097096000001],[3.405857649999973,39.76091661999999],[3.4058451799999716,39.760781510000015],[3.4058661899999834,39.760384999999985],[3.4057710399999905,39.760087999999996],[3.4057004100000086,39.759989140000016],[3.405630159999987,39.75995333999998],[3.4053731800000264,39.75992721],[3.4052562300000204,39.75989157999999],[3.4049865100000147,39.7596853],[3.404694510000013,39.75965929],[3.4045891800000163,39.75961460000002],[3.404472279999993,39.75958797999999],[3.4043667400000004,39.75950726000002],[3.404343019999999,39.75944427000002],[3.404319149999992,39.75935426000001],[3.4043402199999946,39.75896675000001],[3.4043984300000147,39.75893952000001],[3.4048537499999725,39.75894693999999],[3.4051104100000202,39.75891901],[3.4052739499999802,39.75893645999997],[3.4054718699999853,39.75884567000003],[3.4055885000000217,39.758827240000016],[3.4057052300000237,39.758826829999975],[3.405833859999973,39.758862420000014],[3.4059625300000107,39.75890701999998],[3.4060680700000034,39.75898774000001],[3.4063834199999974,39.75901367],[3.406604850000008,39.75894982],[3.406710069999974,39.75897648],[3.4067686999999864,39.759021329999996],[3.4068748299999925,39.759201150000024],[3.4069334700000127,39.75924600000002],[3.4075178400000254,39.75936107000001],[3.407599399999981,39.759333760000004],[3.407610809999994,39.75928866999999],[3.4076806400000237,39.75925238000002],[3.407750729999975,39.75926113999998],[3.4080086199999755,39.75944043999999],[3.4083353799999827,39.75942127000002],[3.40859236,39.75944738999999],[3.4087556299999733,39.75941977999997],[3.4095014600000013,39.759200910000004],[3.409547889999999,39.75915570000001],[3.4095475600000213,39.75910163999998],[3.409617340000011,39.75905633999997],[3.4098273600000084,39.75903757999998],[3.4099321499999746,39.75899215999999],[3.4099078899999995,39.75883907000002],[3.4099425399999745,39.75877587999997],[3.4102228099999934,39.75879291000001],[3.4102682700000173,39.75858552],[3.410383980000006,39.75841392000001],[3.410406309999985,39.75824265],[3.4103823699999793,39.758143630000006],[3.410510190000025,39.758044059999975],[3.410556340000028,39.757953799999996],[3.4105895899999723,39.75765634999999],[3.4105539799999747,39.75755736999997],[3.410495229999981,39.757494510000015],[3.4101557399999933,39.75733352999998],[3.4099325999999905,39.75710907000001],[3.4099322299999812,39.757046],[3.409978439999975,39.75696475000001],[3.410270749999995,39.75704480000002],[3.4105041099999767,39.75702596000002],[3.4106326200000012,39.757043520000025],[3.410750109999981,39.757169250000004],[3.410831929999972,39.75718697999997],[3.4111923500000216,39.75694242999998],[3.411226880000015,39.75686122000002],[3.4111890600000265,39.75639282999998],[3.411247049999986,39.756329549999975],[3.411305529999993,39.756347370000015],[3.4113992299999722,39.75640109],[3.4115518500000235,39.756544710000014],[3.411633610000024,39.75655343],[3.411668469999995,39.75652628],[3.411714630000006,39.756436010000016],[3.4117140299999846,39.756336910000016],[3.4117604599999822,39.75629169000001],[3.411795579999989,39.75630959],[3.4119124800000122,39.75633620000002],[3.411958470000002,39.75621890999997],[3.4119579300000282,39.75612881000001],[3.4120040799999742,39.75603855000003],[3.4120624999999905,39.75604735000002],[3.4121674500000267,39.75602895999998],[3.4123521700000197,39.75568592000002],[3.4123749699999735,39.75559573999999],[3.412339739999993,39.755559819999974],[3.4122813700000165,39.75556003000003],[3.4122811600000205,39.75552398999997],[3.4123621699999944,39.75540656999999],[3.4122783500000082,39.75505548000001],[3.412313260000019,39.75503734],[3.4123600099999862,39.75504618000002],[3.412383190000014,39.75501907],[3.412066560000028,39.75477692999999],[3.411761399999989,39.7544987],[3.4116087300000117,39.75434607],[3.4115966300000196,39.754274039999984],[3.411631590000013,39.75426490000001],[3.4117250799999965,39.75428259],[3.4118654299999776,39.75432713999999],[3.4123455800000215,39.75458672000002],[3.4126964700000144,39.75470259999997],[3.4135352299999795,39.75442029999999],[3.4136515299999814,39.75434781000001],[3.4137327000000255,39.75425741999999],[3.4138249399999836,39.75406787999998],[3.4139282099999946,39.753770180000004],[3.4138214199999766,39.75348223999998],[3.4136680999999953,39.753221499999995],[3.413596439999992,39.75295146000002],[3.4134786899999767,39.75278069000001],[3.413490089999982,39.752735599999994],[3.413733910000019,39.75251849],[3.4140360900000246,39.75230117000001],[3.414152549999983,39.75225569999998],[3.414280780000013,39.75222821],[3.4143627000000265,39.75226395999999],[3.414866630000006,39.75259553000001],[3.415217460000008,39.752702390000024],[3.415964889999998,39.75276278000001],[3.4164897800000062,39.75269782999999],[3.416746250000017,39.75264284999997],[3.4168509799999924,39.75258840999999],[3.416874000000007,39.75253427000001],[3.416861719999986,39.75243519999998],[3.4168145400000185,39.75235428000002],[3.416732609999997,39.752318539999976],[3.416779140000017,39.75229134],[3.4168609000000174,39.752300049999974],[3.4169423899999742,39.75226371999997],[3.417203700000016,39.75108246999997],[3.4172381800000267,39.750992250000024],[3.4173194400000284,39.750919880000026],[3.4174242199999867,39.750874450000026],[3.4175641300000166,39.750846920000015],[3.4176809100000014,39.75085551000001],[3.417809250000005,39.75084602999999],[3.417925700000012,39.750800560000016],[3.4181702700000187,39.75070957999998],[3.418298610000022,39.750700110000025],[3.418427059999999,39.75070865999999],[3.4187074700000153,39.75075269000001],[3.4188244200000213,39.75078831000002],[3.418824470000004,39.750797320000004],[3.418871490000015,39.75085121000001],[3.4188834899999847,39.75090523],[3.418825410000011,39.75095048999998],[3.4187908800000173,39.7510317],[3.4188733600000205,39.751157550000016],[3.419248579999987,39.751435500000014],[3.419447009999999,39.75143478000001],[3.4203123199999936,39.75168393000001],[3.420851930000026,39.75175134],[3.421083309999972,39.751780240000016],[3.4212233299999752,39.751770720000025],[3.421328159999973,39.75173430000001],[3.4213861399999814,39.75167102],[3.421442010000021,39.75126537],[3.42148837000002,39.75121114000001],[3.4215584099999887,39.75121088999998],[3.422154809999995,39.75138892000001],[3.42265728000001,39.75147719],[3.4231360200000154,39.75150246999999],[3.423381469999981,39.75155563999999],[3.4235098199999925,39.751546159999975],[3.4235212699999806,39.75151008],[3.4235678499999835,39.75149189000001],[3.423731710000027,39.751563369999985],[3.4238485999999853,39.75158997],[3.4238951199999974,39.75156277000002],[3.424000009999986,39.75153535999999],[3.4240351899999837,39.751562260000014],[3.424116949999984,39.75157096999999],[3.424338569999975,39.751543130000016],[3.4244670699999915,39.75156068000001],[3.4245956899999896,39.75159624999998],[3.4247248199999945,39.75171290999998],[3.4249115200000233,39.75170321000002],[3.4251105100000245,39.75179257999997],[3.4253793099999825,39.751845660000015],[3.425519500000007,39.75186316000003],[3.4256361100000277,39.75184472000001],[3.4257409400000256,39.751808289999985],[3.4258692299999893,39.75178979999998],[3.4260911700000065,39.75181601000003],[3.426569079999979,39.75170614000001],[3.426662570000019,39.75172380999999],[3.4267558399999984,39.751705449999974],[3.4269418700000074,39.751587640000025],[3.4270802099999855,39.75130782000002],[3.4274639999999863,39.751081150000005],[3.427532240000005,39.750792579999995],[3.427577919999976,39.75063023000001],[3.427577299999996,39.75053113000001],[3.4275065900000072,39.75042327],[3.427482629999986,39.750324250000006],[3.4275171500000283,39.75024302999998],[3.427563840000005,39.750242860000014],[3.4278218599999946,39.75044012000001],[3.4278917799999817,39.75042185000001],[3.427926520000028,39.75037666999998],[3.42791440000002,39.75030463000002],[3.427867479999975,39.75026876999999],[3.427762149999978,39.750224100000025],[3.4277384700000084,39.750170130000015],[3.427761250000003,39.750079949999986],[3.4278192799999943,39.750025670000014],[3.4282747199999903,39.750060029999986],[3.428403230000015,39.75007757999998],[3.428520180000021,39.75011318999998],[3.428613499999983,39.75010383],[3.4286365599999726,39.75005870000001],[3.428600700000004,39.749923679999995],[3.42862365000002,39.74986052000003],[3.4287863900000275,39.74975180000001],[3.4289137700000083,39.74958915000002],[3.4290183699999943,39.74951668],[3.429123249999975,39.749489270000026],[3.4292632600000275,39.74947974000003],[3.4293917100000044,39.74948826999997],[3.4296372800000086,39.749559439999985],[3.429765610000004,39.749549960000024],[3.429951640000013,39.74943214000001],[3.4303010699999845,39.749313710000024],[3.4303939399999877,39.74923228],[3.4304401200000143,39.74915102],[3.430439490000026,39.74905190999999],[3.4304272599999877,39.74896186000001],[3.4304738299999826,39.74894366000001],[3.430520129999991,39.74888041999998],[3.4305074399999853,39.74871829],[3.4305861600000185,39.748240469999985],[3.430632399999979,39.748168220000025],[3.430702320000023,39.74814994000002],[3.4307841400000143,39.74816765999998],[3.4309008500000004,39.74816722000003],[3.430911569999978,39.74801401000002],[3.4309579200000258,39.747959779999974],[3.431132830000024,39.747932100000014],[3.4312020099999927,39.74779669999998],[3.431260199999997,39.74776945000002],[3.431329730000016,39.747688100000005],[3.4313525100000106,39.747597919999976],[3.4313402199999814,39.74749885],[3.431281350000006,39.74741798000002],[3.4312808399999994,39.74733689999999],[3.4314443600000004,39.74735430999999],[3.431455690000007,39.74730020999999],[3.431443399999978,39.747201140000016],[3.4314895800000045,39.747119880000014],[3.4317333899999767,39.74691174999998],[3.4317905600000245,39.74672233000001],[3.4320463199999836,39.74655919000003],[3.4320809399999916,39.74649599999998],[3.432136870000022,39.746108359999994],[3.432089000000019,39.74591932999999],[3.4321215900000084,39.74553178000002],[3.432061420000025,39.745243689999995],[3.4321889000000283,39.74509905999997],[3.4333659000000125,39.744806349999976],[3.4340180199999963,39.74456965000002],[3.434437619999983,39.74447798],[3.4357901700000184,39.74426568000001],[3.4358953899999847,39.74429230999999],[3.436282129999995,39.74454313000001],[3.4366911399999935,39.74462268000002],[3.436995969999998,39.744837770000004],[3.4374291199999902,39.74504337000002],[3.438305220000018,39.745157189999986],[3.438772760000006,39.745263539999996],[3.439041840000016,39.74536162999999],[3.439566990000003,39.74535064000003],[3.4399516899999867,39.74527710000001],[3.4407432099999937,39.74494071999999],[3.4408597500000155,39.744913250000025],[3.441104849999988,39.744912320000026],[3.441221330000019,39.74487584000002],[3.4412788199999795,39.74474047000001],[3.4413717300000144,39.74466804000002],[3.441464699999983,39.74460461000001],[3.4415928500000064,39.74456808999997],[3.442013069999973,39.74457548999999],[3.4426895999999942,39.74450983999998],[3.44295821999998,39.74453584999998],[3.443167889999984,39.744471980000014],[3.443284600000027,39.74447153],[3.4438217699999996,39.744514530000004],[3.44423015000001,39.74449493999998],[3.4446154799999817,39.74452050000002],[3.4448719499999925,39.74447445999999],[3.4454776300000276,39.74428293],[3.44569955999998,39.74430911000002],[3.4460613100000046,39.74429871000001],[3.446189870000012,39.74432524000002],[3.4464945500000113,39.74451327999998],[3.4466114900000093,39.74454887000002],[3.4468683200000214,39.74455689000001],[3.4469848599999864,39.744529409999984],[3.447112950000019,39.74448387000001],[3.4475329399999737,39.74445522000002],[3.448010350000004,39.74428218999998],[3.4483019499999727,39.74425402999998],[3.4486514999999827,39.74416258000002],[3.449059639999973,39.744106939999995],[3.4494798599999967,39.744114319999994],[3.449888699999974,39.744166800000016],[3.4499936299999945,39.744148370000005],[3.4500492199999826,39.74372469000002],[3.450328319999983,39.74357042999998],[3.450456470000006,39.74353389999999],[3.4505848499999843,39.74353339999999],[3.45071329000001,39.743541909999976],[3.450853639999991,39.74358640999998],[3.451286879999998,39.743800969999995],[3.4515440000000126,39.74385403000002],[3.451965879999989,39.74411366999999],[3.4520827100000133,39.74413124],[3.4522110899999916,39.744130729999995],[3.4527117700000076,39.743948579999994],[3.452828420000003,39.74393911999999],[3.4529452500000275,39.74395668],[3.4534252500000093,39.74418005000001],[3.4536130000000185,39.74433248999998],[3.454080260000012,39.74439373000001],[3.4546190400000114,39.744679940000026],[3.4550060999999914,39.744966739999995],[3.455206299999986,39.745236250000005],[3.4553000299999894,39.74528994000002],[3.4554630700000075,39.74523524],[3.4556733300000246,39.74526144999999],[3.4557786699999724,39.74530607999998],[3.4558373899999992,39.74535990999999],[3.4559428499999854,39.74542257000002],[3.4559776799999895,39.74539540000001],[3.4560006099999896,39.74533223999998],[3.456070459999978,39.74530493999998],[3.4561404899999957,39.74530465999999],[3.456210810000016,39.745349429999976],[3.456292930000018,39.74541218000002],[3.4564916400000243,39.745456450000006],[3.456563229999972,39.74569042000002],[3.456645519999995,39.74578020000001],[3.4569858500000237,39.746058170000026],[3.457185040000013,39.74617451],[3.457887410000012,39.746478079999974],[3.4580043099999784,39.74650465000002],[3.4583425600000055,39.74646727999999],[3.4584595200000194,39.74650285000001],[3.458588280000015,39.74655640999998],[3.45883477000001,39.74676266],[3.4590218299999833,39.74680697000002],[3.4591155699999945,39.74686065999998],[3.45916268000002,39.74692354000001],[3.4591762100000096,39.747202800000025],[3.459468739999977,39.74730976000001],[3.4595158500000025,39.74737263999998],[3.4595281900000145,39.747471700000006],[3.4596577300000035,39.74764238],[3.459647019999977,39.747786580000025],[3.459729750000008,39.74793942000002],[3.4595692199999917,39.74837252999998],[3.459592989999976,39.74843550999998],[3.459663379999995,39.74848929000001],[3.4597687400000154,39.74853392],[3.459826860000021,39.74849764999999],[3.4598958700000253,39.74834421000003],[3.459977159999994,39.74828081999999],[3.460093400000005,39.74820827999997],[3.4602098799999794,39.74817178000001],[3.460699879999993,39.748133800000005],[3.4610735800000043,39.74815933999997],[3.461190190000025,39.74814085999998],[3.461318339999991,39.748104309999974],[3.4613531200000125,39.74806812999998],[3.4613409599999727,39.74799610000002],[3.4613280199999963,39.747806939999975],[3.461280670000008,39.747708020000005],[3.461093730000016,39.74768174000002],[3.4609767000000033,39.74763715],[3.4609296500000255,39.747583280000015],[3.4608934899999895,39.74741223000001],[3.460822969999981,39.74734043000001],[3.460752819999982,39.747322689999976],[3.460682420000012,39.74726891],[3.4605529400000137,39.74710725],[3.4604591400000118,39.74704455],[3.4601436300000046,39.74699174],[3.4600498899999934,39.74693804999998],[3.4599909899999943,39.746857190000014],[3.460002299999985,39.746803090000014],[3.4601769600000125,39.746739330000025],[3.460234899999989,39.74667603],[3.460327129999996,39.74650446999999],[3.460326469999984,39.74640536999999],[3.46017286,39.746126670000024],[3.460102469999981,39.74607288999999],[3.4598923099999865,39.746064709999985],[3.4597986900000137,39.746029039999996],[3.459271890000025,39.74579686999999],[3.4592365099999824,39.74574295000002],[3.4591543799999727,39.74568019999998],[3.459096020000004,39.74568042999999],[3.4589911599999823,39.74570788],[3.4589330399999767,39.74574415000001],[3.4588514499999974,39.745762490000004],[3.458582990000025,39.74576354999999],[3.45845472000002,39.745782080000026],[3.458338239999989,39.74581857999999],[3.458256419999998,39.74580087999999],[3.4581627399999775,39.74575620000002],[3.458127300000001,39.745693270000004],[3.4580451200000084,39.745621519999986],[3.4576351000000045,39.745397879999985],[3.457576259999996,39.74532604000001],[3.4576688600000125,39.74520854000002],[3.4576567700000282,39.745145519999994],[3.457598169999983,39.74510971000001],[3.4575860799999987,39.74504668999998],[3.4575964900000145,39.744857439999976],[3.45765461000002,39.74482117000002],[3.4577361400000086,39.744793819999984],[3.457782580000014,39.744757600000014],[3.457595710000021,39.74474031],[3.4575254399999835,39.744704549999994],[3.457408419999979,39.74465995999998],[3.457373109999992,39.74461504999999],[3.4574057899999957,39.74426353000001],[3.4573817899999995,39.74416452000003],[3.4573346199999833,39.74409263000001],[3.4573921400000245,39.74396625999998],[3.4574616300000116,39.74388490000001],[3.4574943100000155,39.743533379999974],[3.4576462900000138,39.74356882000001],[3.457739600000025,39.74355944000001],[3.4578431499999738,39.74333379000001],[3.4580859100000225,39.742981439999994],[3.458084050000025,39.742702140000006],[3.458349499999997,39.742250590000026],[3.4584065999999893,39.74206115999999],[3.458394329999976,39.74197111000001],[3.4583354900000245,39.741899260000025],[3.4582416999999737,39.741836560000024],[3.4582296099999894,39.74177354],[3.458264320000012,39.74172835000002],[3.458451060000016,39.741727620000006],[3.4585675999999808,39.74170013000003],[3.4585420299999896,39.74136686000003],[3.4585531000000174,39.74127671999997],[3.4585991899999726,39.74118643000003],[3.4586573099999782,39.741150170000026],[3.458739009999988,39.74114983999999],[3.4590783099999953,39.74127463999997],[3.459183230000008,39.74125621000002],[3.45920633999998,39.741220080000005],[3.459264570000016,39.741201820000015],[3.4594516099999737,39.74124612999998],[3.459533190000002,39.74122778999998],[3.4595679099999757,39.7411826],[3.459672590000025,39.74112812999999],[3.459987710000007,39.741126880000024],[3.4601041799999734,39.74109038],[3.4601505100000054,39.741036140000006],[3.4601732500000253,39.740945950000025],[3.4602429700000243,39.74090061999999],[3.460663619999991,39.740971030000026],[3.4609563700000194,39.741114030000006],[3.4610028700000157,39.74108682000002],[3.461002570000005,39.74104176999998],[3.46104871,39.74096049000002],[3.461339769999995,39.740851220000025],[3.4614093700000126,39.74078787000002],[3.4614321700000232,39.740706690000025],[3.4614431800000034,39.740607539999985],[3.461429570000007,39.740319279999994],[3.4615569900000196,39.74017461],[3.4615681199999813,39.740093479999985],[3.4615324999999757,39.740003520000016],[3.4614852700000256,39.739922620000016],[3.4614965200000256,39.73985950000002],[3.461554270000022,39.73976916999999],[3.461647219999975,39.739705730000026],[3.4618339500000275,39.73970499000001],[3.461868719999984,39.73966881000001],[3.461879790000012,39.739578670000014],[3.461856090000026,39.739524700000004],[3.4617854599999873,39.739434889999984],[3.4617850299999873,39.739371819999974],[3.4620162800000003,39.739046540000004],[3.461992689999988,39.73901059000002],[3.46193427999998,39.73900182],[3.461887289999993,39.73895694999999],[3.461827910000011,39.738804019999975],[3.4618500999999924,39.738632740000014],[3.461800700000026,39.738227489999986],[3.461694389999991,39.738038700000004],[3.4616474700000026,39.73800284999999],[3.4615773200000035,39.73798511000001],[3.461507480000023,39.73801242000002],[3.4612403200000017,39.73820268999998],[3.460796949999974,39.73822246999998],[3.460529010000016,39.73829561000002],[3.4601806900000156,39.73856728999999],[3.4600759499999754,39.738612760000024],[3.4600291500000253,39.738594920000025],[3.459993230000009,39.73845991000002],[3.459922849999998,39.73840612999999],[3.459841030000007,39.738388439999994],[3.459770590000005,39.73832564999998],[3.459675720000007,39.73810077000002],[3.4596627799999737,39.73791161999998],[3.459555220000027,39.73753362000002],[3.4594966899999804,39.73750682999997],[3.4592748200000187,39.73748968000001],[3.4588899899999888,39.73753626000001],[3.4586343199999874,39.73769943999997],[3.4585294600000225,39.737726889999976],[3.4584824799999865,39.73768202000002],[3.458482179999976,39.73763697999999],[3.4584350200000245,39.737565080000024],[3.458247809999989,39.73749373999999],[3.458177359999979,39.737430949999975],[3.4582005199999912,39.737403830000005],[3.4582233900000006,39.737331659999995],[3.458188010000015,39.737277740000025],[3.457989370000007,39.73724248000002],[3.4579774000000043,39.73719748000002],[3.458081600000014,39.737070930000016],[3.4583026799999743,39.73697095],[3.458372220000001,39.73689859000001],[3.4583833600000276,39.73681746],[3.458371090000014,39.736727410000015],[3.458171489999984,39.73654800000003],[3.4581944700000236,39.73649384999999],[3.4581706499999996,39.73642186000001],[3.4581121800000005,39.73640406999999],[3.4580772799999977,39.73642223000002],[3.45803042,39.736395379999976],[3.4580067200000144,39.736341419999974],[3.4579482500000154,39.736323630000015],[3.4578197499999987,39.736306119999995],[3.4578078399999868,39.73627011999997],[3.4578769099999818,39.736125689999994],[3.4580623200000105,39.735926740000025],[3.45806177999998,39.73584564999999],[3.458014559999981,39.73576474999999],[3.4579561400000216,39.735755970000014],[3.45788570000002,39.73569318],[3.4578970700000013,39.735648079999976],[3.457896479999988,39.73555799000002],[3.45784943000001,39.73550411000002],[3.4577904800000283,39.73541425000002],[3.457764030000021,39.734945830000015],[3.4576939500000208,39.734937100000025],[3.4575653399999737,39.73490156999998],[3.457518300000004,39.73484768999998],[3.457690169999978,39.734369490000006],[3.457677849999982,39.73427041999997],[3.4576192600000013,39.734234619999995],[3.457595500000025,39.73417164],[3.4576410999999894,39.73400928000001],[3.4576174000000037,39.73395531],[3.457535469999982,39.73391959999998],[3.4575234399999886,39.73386558999999],[3.457662099999993,39.73365781000001],[3.45764982999998,39.73356776000003],[3.4576141699999994,39.73346879000002],[3.4575437899999883,39.73341500999999],[3.456887540000025,39.733003129999986],[3.456782099999998,39.732940480000025],[3.45666534999998,39.73293193000001],[3.4565487099999928,39.732941400000016],[3.4565251999999873,39.73291446000002],[3.4565590700000257,39.732743140000025],[3.4563020499999766,39.73269909999999],[3.4563134800000057,39.73266302000002],[3.456348250000019,39.73262684000002],[3.4564177299999983,39.73254548],[3.4563592599999993,39.73252768999998],[3.4562892999999804,39.73253697000001],[3.456207500000005,39.73251927000001],[3.456276319999972,39.73233879999998],[3.456182130000002,39.732213039999976],[3.456122540000024,39.732024060000015],[3.455993279999973,39.731889420000016],[3.455839850000018,39.73162873000001],[3.4557576299999937,39.73154797000001],[3.4556521999999745,39.73148530999998],[3.455219609999972,39.73136087],[3.4551263800000243,39.73137925999998],[3.4550228499999776,39.73160490999999],[3.4549645600000076,39.731614149999984],[3.454859419999991,39.73159654],[3.454706950000002,39.731480009999984],[3.454623360000028,39.73119201999998],[3.454622180000001,39.73101183],[3.4545276900000204,39.730841010000006],[3.4544915000000174,39.730660950000015],[3.454339090000019,39.730553429999986],[3.4543153399999937,39.73049044999999],[3.454256579999992,39.73042760999999],[3.4540460000000053,39.73034734999999],[3.4539633699999968,39.730203510000024],[3.453881220000028,39.73013175],[3.453670709999983,39.73006049999998],[3.453282609999974,39.72960251000001],[3.452966969999977,39.72951363999999],[3.4528615899999977,39.72945999000001],[3.452791110000021,39.72938819000001],[3.452942450000023,39.72933354000003],[3.4529539399999862,39.729306459999975],[3.4528123700000037,39.72907275],[3.452636400000017,39.72892927999999],[3.452589190000026,39.72884837999999],[3.452576869999973,39.72874932000002],[3.4526234900000077,39.72874012],[3.4527046900000187,39.728667729999984],[3.4527276200000188,39.728604570000016],[3.4527038599999855,39.72854159000002],[3.4525169899999923,39.72851529000002],[3.452470080000012,39.72847942999999],[3.452363939999998,39.72830865999998],[3.4522819700000014,39.728263930000026],[3.452199749999977,39.728183160000015],[3.4521052299999724,39.72800332999998],[3.452128089999974,39.727931160000026],[3.452186310000002,39.727912909999986],[3.4521976899999913,39.72786781999997],[3.4521854800000256,39.727786779999974],[3.4521499499999777,39.72770581999998],[3.4522175299999844,39.727336149999985],[3.452181880000012,39.727237179999975],[3.4518765500000086,39.726941039999986],[3.4518408999999792,39.726842069999975],[3.4518046499999855,39.726653],[3.451804059999972,39.726562909999984],[3.4519432499999994,39.72643622999999],[3.451966060000018,39.726355049999995],[3.451986970000007,39.72598556000003],[3.452534239999977,39.725812229999974],[3.4527908200000184,39.725793210000006],[3.452872790000015,39.72583794000002],[3.452920469999981,39.725990920000015],[3.453355209999984,39.726448730000016],[3.4535660099999745,39.726565040000025],[3.45391699999999,39.72670782],[3.454454329999976,39.72679582000001],[3.454571190000024,39.726822389999995],[3.4546998399999893,39.72686693999998],[3.4552033599999845,39.72713526000001],[3.4554027899999937,39.72729665999998],[3.4556144800000084,39.72754809999998],[3.455719859999988,39.72760175000002],[3.45607025999999,39.72765442999997],[3.456257849999986,39.72778884000002],[3.4565161699999862,39.72803110000001],[3.4566213599999855,39.72805770999997],[3.456714649999981,39.72804832999998],[3.4564670500000148,39.72766188000003],[3.4564081699999747,39.72758102],[3.456314280000015,39.727500299999974],[3.4561608700000193,39.72723961999998],[3.4559853599999997,39.72716823000002],[3.4559143399999925,39.72701533999998],[3.455562090000001,39.72668334999997],[3.4554450499999803,39.72662974999997],[3.4553512300000193,39.726558039999986],[3.4553040200000282,39.726477139999986],[3.455233480000004,39.72639631999999],[3.4551516799999717,39.72637863],[3.4551285800000073,39.72641476000001],[3.455047030000003,39.72643310000001],[3.455000180000013,39.726406250000025],[3.4549531499999944,39.72635236999997],[3.455104360000007,39.72627970000002],[3.4551157299999886,39.726234610000006],[3.4551033999999845,39.72613554999998],[3.4550563700000225,39.726081669999985],[3.4549742799999876,39.72601892],[3.4542496799999753,39.72584155999999],[3.454120439999997,39.72570691999999],[3.4537806999999816,39.725501020000024],[3.453207369999973,39.725259989999984],[3.452353959999982,39.72501104999998],[3.4521890699999744,39.72477743000002],[3.4521418100000005,39.724687519999975],[3.4521294300000136,39.72457945000002],[3.4521274200000107,39.72427311000001],[3.4523428399999716,39.72331722000001],[3.452687420000018,39.72248695000002],[3.4530796099999748,39.721800659999985],[3.453195219999998,39.72163803000001],[3.4536359599999855,39.72123986999998],[3.45393789000002,39.72102245000002],[3.454065870000022,39.72096789],[3.4545671999999854,39.72091186],[3.45481221,39.72091089999998],[3.4549291199999743,39.72094648000001],[3.455034479999995,39.72100012999999],[3.4550581699999725,39.7210541],[3.455082100000027,39.721144100000004],[3.4553284799999915,39.721350359999974],[3.455667549999987,39.72145714999999],[3.4559721499999796,39.72164515999998],[3.4563343099999884,39.721715819999986],[3.4564510399999904,39.721724370000004],[3.4565792600000123,39.72170584999998],[3.456695159999981,39.721588259999976],[3.4567063499999904,39.721516140000006],[3.456670869999982,39.72144420000001],[3.4566242000000216,39.72144437999998],[3.456612230000019,39.72139937999998],[3.4566930699999716,39.72127291999999],[3.4566218100000015,39.72108399000001],[3.4566331199999922,39.72102988],[3.456691449999994,39.72102964999999],[3.4567612199999758,39.72099334000001],[3.4567486600000166,39.720858239999984],[3.4567947900000036,39.720776969999974],[3.456841460000021,39.720776779999994],[3.4569117600000254,39.72082155999999],[3.457181530000014,39.72103672999998],[3.4572867200000132,39.72106335000001],[3.45737994000001,39.72104495999997],[3.4573557699999924,39.720918919999974],[3.457402380000019,39.72090972000001],[3.4574714299999982,39.720765289999974],[3.4575411399999894,39.720719970000005],[3.4578791499999966,39.72066457],[3.458019159999992,39.720664020000015],[3.4581360799999743,39.72069959999999],[3.4584639199999856,39.72086949999999],[3.4586400100000105,39.72103098000002],[3.45874520000001,39.721057599999995],[3.458826760000022,39.72103924999999],[3.4588964700000133,39.72099393000002],[3.458966470000007,39.720993650000025],[3.4590129100000127,39.72095743],[3.4590701000000195,39.72078600999998],[3.4591398700000013,39.7207497],[3.4591866000000095,39.720758520000004],[3.459303219999981,39.720749049999995],[3.459278980000022,39.72061400000001],[3.459220459999983,39.72058720000001],[3.4591499800000065,39.72051540000001],[3.4591495600000144,39.72045233],[3.4591956900000014,39.72037105999999],[3.4592534899999805,39.72028974],[3.4592530599999805,39.72022666999999],[3.459089360000007,39.720173260000024],[3.4590774499999952,39.72013726],[3.4591122699999914,39.7201101],[3.459193830000004,39.720091749999995],[3.459322170000007,39.720091249999996],[3.4603294500000175,39.72066389999998],[3.4604232699999784,39.72073560000001],[3.4605286999999976,39.72079824999997],[3.4605987099999993,39.720797979999986],[3.460668530000021,39.72077066999998],[3.4606669099999863,39.72052740999999],[3.460758320000025,39.72023872],[3.4609208900000112,39.72012095000002],[3.461048080000012,39.71994926000002],[3.461129640000024,39.719930910000016],[3.461258100000009,39.71994841999998],[3.461492000000021,39.72002858000002],[3.4615389699999923,39.72007344000002],[3.461539029999983,39.72008245000001],[3.461446539999997,39.72020895999998],[3.4614237399999865,39.720290139999975],[3.461447739999983,39.720389160000025],[3.461577229999989,39.72055983000001],[3.4615773599999784,39.720577849999984],[3.461567319999972,39.720821160000014],[3.461637870000004,39.72090197],[3.4616734800000017,39.720991930000025],[3.461755509999989,39.721045660000016],[3.4618138499999986,39.721045430000004],[3.46205851000002,39.720990400000005],[3.4621868599999743,39.72098989],[3.462268779999988,39.72102560000002],[3.4623042000000055,39.721088529999975],[3.4622929600000134,39.721151640000016],[3.4623397500000124,39.721169480000015],[3.462689609999984,39.72114105000003],[3.4628059799999846,39.72109554000002],[3.46291008999998,39.720959970000024],[3.463364590000026,39.72087706999997],[3.4636096699999825,39.720885099999975],[3.463644919999979,39.720920999999976],[3.4636692799999764,39.721074069999986],[3.4638559699999973,39.721073330000024],[3.4642056999999795,39.72102688000001],[3.4643337399999723,39.72098132000002],[3.464647619999994,39.720808869999985],[3.465554119999979,39.720273650000024],[3.4657869200000277,39.72019162999999],[3.4663003000000003,39.72018957],[3.466428769999993,39.720207070000015],[3.4665107499999976,39.72025179000002],[3.4665600399999903,39.72063902000002],[3.4666070200000263,39.720683889999975],[3.466805739999984,39.72073714999999],[3.4668879000000175,39.72080890000001],[3.466935180000007,39.720898809999994],[3.466935729999989,39.720979890000024],[3.4669827700000155,39.72103376000001],[3.467425960000014,39.72100495000001],[3.4677056300000118,39.720949759999996],[3.468078320000018,39.72084914999999],[3.4682993399999873,39.72074915000002],[3.468392740000013,39.720757779999985],[3.468509659999995,39.72079335000001],[3.469408450000003,39.720843779999996],[3.470061600000008,39.72080510000001],[3.4704227500000115,39.720722550000005],[3.4705511600000136,39.720731039999976],[3.4707851300000243,39.72082018999998],[3.470867300000009,39.72089192999999],[3.4710324299999797,39.72115255],[3.471021319999977,39.72123369000002],[3.4709748299999887,39.72126091000001],[3.4709053799999765,39.72134227999999],[3.470966120000014,39.72169342000001],[3.4710018000000105,39.72179239000002],[3.4710840999999846,39.72188215],[3.4714111700000103,39.72193489],[3.4715276700000004,39.721907380000005],[3.4716556399999945,39.72185280000002],[3.4717484899999818,39.72178035000002],[3.4717583099999842,39.721510009999974],[3.471792760000028,39.72142878],[3.471862269999974,39.72135641],[3.4719551200000183,39.721283959999994],[3.472060010000007,39.72126551000002],[3.472339980000015,39.72125535999999],[3.472816260000002,39.72094707999997],[3.47302590999999,39.72089217000001],[3.4732000600000106,39.72076532],[3.4732450600000107,39.72052187000003],[3.4734198300000116,39.72048511000003],[3.4735361900000044,39.72043959000001],[3.473582369999974,39.72036731999998],[3.473605080000027,39.72027713],[3.473569829999974,39.72024123],[3.4734761199999866,39.72018756],[3.4731371999999965,39.72010784999998],[3.4730901600000266,39.72005397999999],[3.473124980000023,39.72002680999998],[3.4731129400000214,39.719972799999994],[3.4730301499999996,39.71981095000001],[3.4730531100000235,39.71975680000003],[3.4731228699999974,39.71972047999998],[3.473250969999981,39.719683910000015],[3.4733675200000107,39.71966542000001],[3.473624270000016,39.71967338000002],[3.473986459999992,39.719743979999976],[3.474103449999973,39.719788559999984],[3.474197160000017,39.71984222999998],[3.4742793300000017,39.71991398],[3.4742797600000017,39.71997705000001],[3.474256799999978,39.720031199999994],[3.4742100700000265,39.72002237999999],[3.474128520000022,39.720040729999994],[3.4741287100000022,39.720067760000006],[3.474082650000014,39.72015805000001],[3.4740243200000123,39.72015828999997],[3.473977830000024,39.72018551000002],[3.474002960000007,39.720446700000025],[3.4740500699999757,39.72050956999999],[3.474120140000025,39.72051829999998],[3.4746217900000147,39.72050724000002],[3.4750991700000213,39.720361130000015],[3.475215789999993,39.72035163999999],[3.4754729100000077,39.72041366000002],[3.475589590000027,39.72041317999998],[3.475717809999992,39.72039462999999],[3.475938190000022,39.72020451999998],[3.476171229999977,39.720158509999976],[3.4761936300000116,39.72002327000001],[3.476239679999992,39.71993298000001],[3.476402339999993,39.71983320999999],[3.4764485800000102,39.71976995],[3.476388620000023,39.719535930000006],[3.4762362600000074,39.71943744999999],[3.476177419999999,39.71936561000001],[3.476107290000016,39.71934787999999],[3.476013949999981,39.719348260000004],[3.475746720000018,39.719511539999985],[3.4756999800000017,39.71950271999998],[3.4756646700000147,39.719457809999994],[3.4758024399999954,39.719132890000026],[3.475976390000028,39.71897899999999],[3.476255349999974,39.71882469000002],[3.4762893600000098,39.718680389999975],[3.476347390000001,39.71863509999997],[3.476370289999977,39.718571940000004],[3.476264590000028,39.718473259999996],[3.4762642800000094,39.71842821000001],[3.476354189999995,39.71793229999997],[3.476423510000018,39.71783290000002],[3.4765164799999866,39.71777845999998],[3.476749390000009,39.71771443],[3.476911359999974,39.71751554999997],[3.4769456700000205,39.717416300000025],[3.4769560299999966,39.71722705000002],[3.4768606999999747,39.716939120000006],[3.4767069700000093,39.71664242000003],[3.476682949999997,39.716543409999986],[3.476717640000004,39.716498220000005],[3.477533709999989,39.71640475999999],[3.47802372000001,39.716402749999986],[3.478362500000003,39.71646442000002],[3.478443920000018,39.71642804999999],[3.4785367599999972,39.71635558000003],[3.4786626499999898,39.71600367000002],[3.478684610000016,39.71580535999999],[3.4785288100000002,39.715211350000004],[3.478375949999986,39.71504078999999],[3.477860860000021,39.71479062999998],[3.477767089999986,39.71472793999999],[3.477731590000019,39.71465601],[3.4776493599999867,39.714575260000004],[3.477591029999985,39.714575500000024],[3.477544739999985,39.71462974999997],[3.4775218999999993,39.71470191999998],[3.4774638200000254,39.7147382],[3.47737060999998,39.714756609999995],[3.476717650000012,39.714813349999986],[3.476111909999986,39.714950980000026],[3.4759836399999813,39.71496051999998],[3.4759251099999915,39.714933729999984],[3.476005289999989,39.71471716000002],[3.476074789999984,39.714644799999974],[3.4761208400000214,39.71455451000003],[3.476097130000028,39.714500550000025],[3.476015029999985,39.71443780999999],[3.4759332300000096,39.71442013000001],[3.475816259999988,39.71437556000001],[3.475816010000017,39.71433952000001],[3.4758622400000263,39.71427626000002],[3.4759317400000214,39.71420389000002],[3.4761174700000197,39.71406797999998],[3.4761868499999764,39.71397760000002],[3.4761625799999933,39.71384254999998],[3.476185359999988,39.71376135999998],[3.4762314000000174,39.713671069999975],[3.476312689999986,39.71361667999997],[3.476627559999997,39.71359737],[3.4766733600000066,39.71347104],[3.4767544000000044,39.71338061],[3.4768472299999758,39.71330814999999],[3.477417150000008,39.713053530000025],[3.47752177000001,39.71299904],[3.477591210000014,39.712917660000016],[3.4775791700000127,39.712863649999974],[3.477310090000003,39.71275664000001],[3.477005580000025,39.712586699999974],[3.476888659999986,39.712551140000016],[3.4768071199999895,39.71256949000002],[3.476737500000013,39.71262383999999],[3.476527630000021,39.71264272000002],[3.4763883200000123,39.712742400000025],[3.476306710000017,39.712751749999995],[3.476213200000018,39.7127251],[3.476176510000016,39.71248198000001],[3.476210139999978,39.712283619999994],[3.4761861900000213,39.712193619999994],[3.476127169999984,39.712094750000006],[3.4760451299999886,39.71204103000002],[3.4759516199999894,39.71201438000003],[3.47590581999998,39.71214071000003],[3.4758247199999914,39.71222212999999],[3.4755327500000135,39.71217827999999],[3.4754857099999867,39.71212441],[3.475437310000018,39.711872330000006],[3.475366000000008,39.71168340999998],[3.475340619999997,39.711386189999985],[3.4753626500000223,39.71119689],[3.475325469999973,39.71088169000001],[3.4753584200000205,39.71058421999999],[3.475310449999995,39.71039521],[3.475263170000005,39.710305300000016],[3.4752162500000168,39.710269460000006],[3.4751573600000256,39.71018860999999],[3.475040149999984,39.71010799999999],[3.4749444600000174,39.70976601000001],[3.474780140000007,39.70962251999998],[3.474721190000025,39.70953265999998],[3.474684830000001,39.709334590000026],[3.47462612999999,39.70928077000002],[3.474544279999975,39.709254069999986],[3.474415889999989,39.70924559000002],[3.474322749999999,39.709272999999996],[3.474276400000008,39.709318240000016],[3.474242150000009,39.709426500000006],[3.474174199999993,39.709724110000025],[3.4741646400000263,39.71003049000001],[3.474471059999985,39.710479729999975],[3.474483340000006,39.710569780000014],[3.4744371099999967,39.710633040000005],[3.4743672399999923,39.71065134999998],[3.4742389799999955,39.71066087999998],[3.473865289999992,39.71060834999997],[3.4737486899999794,39.71061782999999],[3.473643939999988,39.71065429999999],[3.47356271000001,39.710717699999975],[3.473447169999986,39.710880350000025],[3.4733894600000212,39.71097069000001],[3.4733900699999936,39.711060789999976],[3.4733437200000026,39.711106029999996],[3.4732855099999824,39.71112427999998],[3.473215890000006,39.711178630000006],[3.47319361000001,39.71133189],[3.473030709999989,39.71139562000002],[3.4728450399999815,39.71154053999999],[3.472787330000017,39.71163087000002],[3.472765299999992,39.71182017000001],[3.4727189999999837,39.711874420000015],[3.4726606099999913,39.71186564999999],[3.4725786999999855,39.71182993999997],[3.472554930000001,39.711766969999985],[3.472472709999977,39.71168620999998],[3.4724025900000015,39.711668480000014],[3.4721353200000067,39.71182274],[3.471868470000004,39.71204005999999],[3.471787059999997,39.712076430000025],[3.471577000000025,39.712068269999975],[3.4713191100000245,39.71188912000002],[3.471120659999997,39.71187191000001],[3.4709925099999737,39.711899459999984],[3.470911220000005,39.711953849999986],[3.4708883800000194,39.712026019999996],[3.4708773300000075,39.712116159999994],[3.4709607199999937,39.71236811],[3.4709025099999735,39.71238635999998],[3.470797570000002,39.712395800000024],[3.470575600000018,39.712351650000016],[3.470482460000028,39.71237905999999],[3.4703779499999996,39.71245155999998],[3.470263129999978,39.71272232000001],[3.470217699999978,39.71290270999998],[3.4699380100000212,39.71294889000001],[3.4696812899999827,39.712940919999994],[3.469575980000002,39.71289630000001],[3.469458330000009,39.712752609999995],[3.469434330000013,39.71265360000001],[3.4694453800000247,39.712563450000005],[3.4695952000000148,39.71229254999997],[3.4695713799999908,39.71222055999999],[3.4695244000000116,39.71217569999999],[3.4695006399999784,39.71211273],[3.4696157100000278,39.71187800000001],[3.46961503,39.71177890000001],[3.469567999999981,39.711725030000025],[3.4693809699999747,39.71167172000003],[3.469297709999978,39.7114378],[3.469308699999999,39.711338650000016],[3.4691338900000233,39.711366380000015],[3.4689822299999946,39.711366999999996],[3.468853720000027,39.71134047999999],[3.468736750000005,39.71129590999999],[3.4681035300000076,39.71082093000001],[3.4674719800000275,39.710589219999974],[3.466946510000014,39.710519250000004],[3.4666665299999977,39.71052037999999],[3.46628093999999,39.710431830000005],[3.465616280000006,39.710479539999994],[3.4654994399999737,39.710452980000014],[3.465464069999996,39.710399059999986],[3.465370259999986,39.71032736000001],[3.4652297800000156,39.71025584],[3.4645280600000206,39.70999735999999],[3.464189200000021,39.70991763000001],[3.463813879999975,39.70962179999998],[3.463779009999996,39.709639960000004],[3.4629814300000135,39.709003429999996],[3.4629118600000197,39.70906678],[3.4638855200000194,39.709864779999975],[3.4638742800000273,39.709927900000025],[3.463676860000021,39.710063839999975],[3.463502119999987,39.71010057000001],[3.4635851699999876,39.710307469999975],[3.464202440000008,39.71015183999998],[3.4652079699999945,39.71048117999999],[3.4653017200000136,39.71054387999999],[3.464977200000021,39.71086052999999],[3.4640207599999826,39.71089138000002],[3.4639743999999837,39.710936619999984],[3.4640916000000175,39.71101723999999],[3.4639060999999742,39.71118917000001],[3.4638601600000243,39.71129746999998],[3.4638593099999753,39.71117134000002],[3.4636725899999874,39.71116307],[3.463661170000023,39.71119915999998],[3.463031380000018,39.71122869999999],[3.4628066899999794,39.710779100000025],[3.462993289999986,39.71076934000001],[3.4629686299999776,39.71057122000002],[3.4628753000000074,39.71057158999997],[3.46268809999998,39.71049125000002],[3.4626645199999757,39.71045529999998],[3.46285094000001,39.71041852000002],[3.4627800299999763,39.71028365000001],[3.463141319999977,39.71022814999998],[3.4631176199999913,39.710174189999975],[3.462919539999973,39.710211019999974],[3.4628377600000135,39.71019331999997],[3.4626044999999976,39.710203260000014],[3.46242903000001,39.710131880000006],[3.462219160000018,39.71015074000002],[3.462102379999976,39.710133180000014],[3.462102200000004,39.71010615],[3.4620554699999957,39.710097329999996],[3.4619505399999753,39.710106759999974],[3.4616463799999906,39.709981830000004],[3.461436450000008,39.70999167000002],[3.4613778799999864,39.70995586999999],[3.4613775799999758,39.709910820000005],[3.461469939999972,39.709766290000005],[3.461434699999984,39.709730390000004],[3.461421830000006,39.70955024],[3.4614565800000037,39.709514060000004],[3.461503310000012,39.70952289000002],[3.4615965099999926,39.70950449999998],[3.4616060100000254,39.709180100000026],[3.461559159999979,39.709153249999986],[3.461500230000013,39.70906338999998],[3.4614763000000153,39.708973379999975],[3.461417480000023,39.70890154],[3.4613818199999855,39.70880256999999],[3.4613689500000078,39.70862241999998],[3.4614155500000265,39.708613230000026],[3.4614853100000005,39.70857690999998],[3.4615316100000086,39.70852266000003],[3.4616127900000038,39.708450260000006],[3.4616240899999866,39.70839616000001],[3.461587769999994,39.70819807999999],[3.4615172300000268,39.70811727],[3.4614467499999932,39.70804547],[3.461364909999986,39.708018770000024],[3.461271160000024,39.70795607000002],[3.461210479999977,39.707604919999994],[3.461151980000011,39.707578119999994],[3.4609427199999914,39.70768707000002],[3.4608727199999976,39.707687350000015],[3.4601944400000093,39.707437760000005],[3.4601123599999823,39.70737501999997],[3.460018909999974,39.70735737000001],[3.4599607000000105,39.70737561999999],[3.459833279999998,39.70751127],[3.459435869999993,39.70739572000002],[3.459563600000024,39.70730510999999],[3.4595981699999925,39.707241899999985],[3.459596320000003,39.7069626],[3.4595495899999946,39.70695377999999],[3.4594915100000208,39.70699005],[3.4593867599999726,39.707026499999984],[3.4591418399999725,39.70703648],[3.459083270000008,39.70700067000001],[3.4590829200000144,39.70694660999999],[3.459163740000008,39.70682016000001],[3.459069339999985,39.70665835],[3.458987200000024,39.70658659999998],[3.4589172099999814,39.706586870000024],[3.45881245999999,39.70662333000001],[3.458764190000011,39.706380249999995],[3.4586117599999966,39.70626371999998],[3.458038550000026,39.70602272000002],[3.4577342399999793,39.705870749999974],[3.457138719999989,39.705783],[3.4569048999999836,39.70570283000001],[3.4568112900000187,39.70565814999998],[3.456705290000002,39.70550539999999],[3.456525870000007,39.70483036000002],[3.456359959999986,39.70443458],[3.456345689999978,39.704038200000014],[3.4564260899999795,39.70384867000001],[3.4564009200000214,39.70356945999998],[3.456342360000008,39.70353365],[3.456144189999975,39.70355245000002],[3.4560389800000166,39.70351683000001],[3.4560147600000164,39.70338177000002],[3.4560493399999928,39.70331857000002],[3.4563636699999734,39.70322722999998],[3.4564333000000147,39.70317290000003],[3.456420630000025,39.70301977999998],[3.456326190000027,39.70284895999998],[3.4563362499999926,39.70260566000002],[3.456382309999981,39.70251538000002],[3.4564289099999996,39.70250618],[3.4564635400000157,39.702451989999986],[3.4564611700000114,39.70209160000002],[3.4562975800000117,39.70204718999997],[3.4562622899999838,39.70200227999999],[3.456260690000022,39.70175902],[3.4561895200000095,39.701579100000004],[3.456245939999974,39.70129056000002],[3.456185660000017,39.700993470000014],[3.4562641599999893,39.70051563999999],[3.4562171499999863,39.700461759999996],[3.4561118799999804,39.700417130000005],[3.455248240000003,39.700339429999985],[3.455014609999978,39.70028629000001],[3.4549559999999815,39.70024146999998],[3.4549204200000077,39.70015151000001],[3.454966899999988,39.70012430000003],[3.4550367599999845,39.700106000000005],[3.4551296500000035,39.700042569999994],[3.455129360000001,39.69999752000001],[3.455094190000011,39.699970629999996],[3.455035930000008,39.69997986999999],[3.4549425000000156,39.699962210000024],[3.45488395000001,39.69992639999998],[3.4548718699999768,39.69986338000001],[3.4549182299999757,39.69981815],[3.455104609999978,39.69978137999999],[3.4552208299999734,39.69971785000001],[3.455534499999999,39.69952740999997],[3.455859060000023,39.69921979999998],[3.456113290000019,39.698858400000006],[3.456147680000015,39.698768169999994],[3.4561913100000083,39.69830848999999],[3.456317650000017,39.698010669999974],[3.456328659999997,39.69791150999998],[3.456269099999986,39.69772253999997],[3.4559994800000027,39.69751637000002],[3.455987460000017,39.697462359999975],[3.4560445299999856,39.69727293],[3.456008890000021,39.697173959999986],[3.4559500999999955,39.69710211],[3.45573945000001,39.696994819999986],[3.45550578000001,39.696932670000024],[3.455341610000005,39.696798160000014],[3.455329469999981,39.69672613],[3.455328819999977,39.696627019999994],[3.455351549999989,39.696536830000014],[3.455398030000026,39.69650961999997],[3.4554215300000237,39.69653656000003],[3.455491629999983,39.6965543],[3.4555965399999877,39.696544879999976],[3.455689600000028,39.69650847999998],[3.455770770000015,39.69643608000001],[3.4557574500000214,39.69618385000001],[3.4557801799999766,39.696093659999974],[3.4558382000000165,39.69604838999999],[3.4559546500000238,39.69602090000001],[3.4559776199999988,39.695966750000025],[3.4559997000000067,39.69577744999998],[3.4559408499999904,39.69569659000001],[3.4557422899999892,39.69565232000002],[3.455404480000027,39.69571672000001],[3.4548913099999936,39.69571874000002],[3.454856090000021,39.69568283000001],[3.4548674600000027,39.695637739999995],[3.455286670000021,39.695536989999994],[3.455333020000012,39.695491749999974],[3.455344270000012,39.69542863999999],[3.4553787300000067,39.69534742000002],[3.455517910000026,39.69522974],[3.4555169600000113,39.69508558000001],[3.455481259999999,39.694977600000016],[3.455105930000002,39.69465472000002],[3.4548131799999737,39.694475669999974],[3.4543668599999933,39.693999889999986],[3.453723000000025,39.693633009999985],[3.4535586700000067,39.69347147000002],[3.453499710000017,39.693372590000024],[3.4534512899999754,39.69310247999999],[3.453485979999982,39.69305730000002],[3.4536604400000215,39.69298452999999],[3.4537182299999927,39.692903220000005],[3.4537178100000006,39.692840149999995],[3.4536706299999764,39.692759249999995],[3.4535768000000076,39.692678520000015],[3.453576450000014,39.69262447],[3.453622859999996,39.69258824000002],[3.453680580000025,39.692497919999994],[3.4537376600000016,39.692308490000016],[3.4537955499999953,39.692245189999994],[3.453865590000021,39.69225392999999],[3.4539821500000016,39.69224445999998],[3.4540155400000003,39.692001059999996],[3.454073440000002,39.69193775999997],[3.4541194999999902,39.69184748999999],[3.4540956499999993,39.69176649000002],[3.4540371599999844,39.69173969000002],[3.454025080000008,39.69167666999999],[3.4540479899999923,39.691613510000025],[3.4540240800000106,39.69152350000002],[3.4538949700000217,39.69139787],[3.4538595099999725,39.691325930000005],[3.4539161700000136,39.69107343000002],[3.454207839999981,39.691090299999985],[3.4543242199999895,39.69105381000003],[3.454393840000023,39.690999480000016],[3.454439900000011,39.69090920000002],[3.4544160400000123,39.6908282],[3.4543573199999855,39.69076536],[3.4543334599999866,39.69068435999998],[3.4546222999999827,39.69026876999999],[3.454748680000023,39.68997996000002],[3.454759700000011,39.68988080999998],[3.4547357199999738,39.689781789999984],[3.454665460000001,39.689737019999995],[3.454432039999972,39.68971090000002],[3.4543967600000087,39.68966598999998],[3.454406829999982,39.68942268000001],[3.4545342200000277,39.68928704000001],[3.4547555600000237,39.689250130000005],[3.4548136299999896,39.689213859999995],[3.45482346,39.688934510000024],[3.4548697500000003,39.68888027000003],[3.454904909999982,39.688907159999985],[3.4550334300000145,39.688942699999984],[3.4551038100000255,39.68900549],[3.4551854499999877,39.68900516999997],[3.455382450000002,39.688815190000014],[3.455474680000009,39.688652649999995],[3.4555213300000105,39.68865247000002],[3.4561067800000274,39.689010559999986],[3.4562594000000217,39.68916313],[3.4564832799999863,39.68951363999997],[3.4565536700000052,39.68957642999999],[3.456985159999988,39.689574730000004],[3.456997059999992,39.68961073000003],[3.4570675599999845,39.68969154000001],[3.4572424899999987,39.68969084999998],[3.4573589999999967,39.68967236999998],[3.4575798700000178,39.68956337999998],[3.457649310000022,39.689482020000014],[3.457729040000004,39.689193380000006],[3.4577238699999953,39.68840954000001],[3.45768769,39.68822948000002],[3.457755280000015,39.687868820000006],[3.4576147999999876,39.68778828000001],[3.4576028399999927,39.68774328000001],[3.4575761300000067,39.68722982000003],[3.4575172799999905,39.68714896],[3.457318369999996,39.687050639999995],[3.457236260000002,39.68697888000003],[3.4572235900000123,39.68682575999998],[3.4570471900000257,39.68660120999999],[3.457023269999979,39.686511199999984],[3.4570461800000203,39.686448040000016],[3.4571041899999955,39.68640276000002],[3.457220619999987,39.686375269999985],[3.4573019000000045,39.68632088999999],[3.457285239999976,39.68556411999998],[3.4573189199999774,39.685365769999976],[3.457678470000019,39.68506703000003],[3.457956089999982,39.68472355],[3.457989110000028,39.68442608999999],[3.457882849999976,39.68422829000002],[3.457812219999994,39.68412946000001],[3.4577302399999894,39.68407573000002],[3.4576470599999993,39.68384179999998],[3.4575766099999896,39.68376998999997],[3.457272400000022,39.68361802999999],[3.4569911799999886,39.68341190000001],[3.456908539999972,39.68325906000001],[3.456814780000002,39.683187350000026],[3.4567094799999722,39.683133699999985],[3.456604470000002,39.68312510999999],[3.455975319999993,39.68320867],[3.455929630000014,39.68335301000002],[3.455859900000007,39.68338932],[3.455801529999974,39.68338053999997],[3.455777860000012,39.68332658000003],[3.4557766099999867,39.68313737],[3.4557296699999824,39.683092509999994],[3.4555559500000186,39.68327339000001],[3.455370029999983,39.68337322999997],[3.4552772100000197,39.683445670000026],[3.4551740399999744,39.68371638000002],[3.4549994199999787,39.683762109999975],[3.4546144400000003,39.683736590000024],[3.4545441700000197,39.68369181999998],[3.4544848699999875,39.683538880000015],[3.454426269999999,39.68349405999999],[3.454368020000004,39.683503299999984],[3.45426384000001,39.683620829999995],[3.4542056600000137,39.68363907999998],[3.454089109999984,39.68364854999999],[3.453727029999982,39.68355986],[3.4536211999999864,39.68342512999999],[3.4535842700000217,39.68312794000002],[3.453548699999999,39.683037979999995],[3.4535020000000145,39.68302915999999],[3.4534788500000104,39.68305628000002],[3.453385860000026,39.68310169],[3.4533275000000003,39.68309291000003],[3.453360239999995,39.682750399999975],[3.4534181899999794,39.68269612],[3.4534293799999887,39.682623990000025],[3.4533121800000117,39.682534350000026],[3.4532532900000206,39.682444480000015],[3.4531714899999884,39.68241776999997],[3.452821789999973,39.682437160000006],[3.4527636600000164,39.68246441000002],[3.4526937499999804,39.6824737],[3.4524717300000134,39.68240248000001],[3.4524013600000103,39.68233968999999],[3.452354010000022,39.68223175000003],[3.452373449999982,39.68163701999998],[3.4524187999999754,39.681438619999994],[3.4524882900000193,39.68136627000001],[3.452825969999992,39.68129286999999],[3.4533155400000055,39.68126393],[3.4534555199999772,39.68127240000001],[3.45353738,39.68130811999998],[3.4535492800000043,39.68134411],[3.4535962699999914,39.681397989999994],[3.4536428499999943,39.68138879000003],[3.4536891999999852,39.681343560000016],[3.45379379000002,39.68128909000001],[3.4539920799999777,39.68129733000001],[3.4540384800000083,39.68126110999998],[3.4540730499999768,39.68119789999997],[3.4541196399999876,39.681188710000015],[3.4542247599999882,39.681215329999986],[3.45461997000001,39.68102456999998],[3.4548761500000182,39.68096951000001],[3.4550852699999837,39.68085156000001],[3.4553520900000194,39.68064328000003],[3.4556669199999988,39.68064205000002],[3.4557371199999807,39.68067781000002],[3.455830409999976,39.68067744000001],[3.4559469499999977,39.68066798000001],[3.4560516000000234,39.68062250999998],[3.45626064999999,39.68049554999999],[3.4564472800000203,39.68050383000002],[3.4565757199999894,39.680530350000026],[3.4566221800000108,39.680503139999985],[3.456678819999979,39.68025064],[3.45666645,39.68014256999999],[3.456630940000025,39.680061620000004],[3.456642180000017,39.67999850000001],[3.4567001899999923,39.679953230000024],[3.4567578900000058,39.67986289999999],[3.456779429999983,39.67959252000003],[3.456732499999987,39.67954765000002],[3.4564172600000234,39.679485820000025],[3.456370320000019,39.67944096000002],[3.4565215999999737,39.67939531000002],[3.4566613499999903,39.679367730000024],[3.456707750000021,39.67933151],[3.45671815999998,39.67914225999999],[3.456658500000003,39.67893526],[3.4565997199999856,39.67886342000003],[3.4562724699999876,39.678747569999985],[3.4560851400000274,39.678631180000025],[3.4560034599999767,39.67862249000001],[3.4558982199999946,39.67857786000002],[3.455873899999972,39.67842478],[3.4558267200000046,39.67834388],[3.4555221400000278,39.67812882999999],[3.455428569999981,39.67808415000002],[3.4550786500000186,39.6780675],[3.4549734199999875,39.67802287000001],[3.454914640000027,39.67795102000002],[3.454912219999983,39.67758162000001],[3.4548642199999904,39.67737457999999],[3.454723240000021,39.67721295000001],[3.4547221199999854,39.67704177000002],[3.4545557499999973,39.67656489000001],[3.454553799999985,39.67626756999999],[3.4545066900000165,39.67619567000003],[3.4544129399999974,39.676123959999984],[3.4543077100000232,39.676079319999985],[3.454237809999995,39.67608861000002],[3.4541095000000155,39.67608009999998],[3.4540976000000114,39.67604410000001],[3.454188629999976,39.67570137000001],[3.454164839999976,39.675629379999975],[3.454106490000015,39.6756206],[3.4539784099999906,39.67564813000001],[3.4539669800000183,39.675684219999994],[3.4538857200000166,39.67573858999998],[3.453839080000023,39.67573878000002],[3.453710650000005,39.675712250000004],[3.4536170200000242,39.67565855999999],[3.453604949999999,39.67559553000001],[3.4535229200000117,39.675532780000026],[3.4533482599999843,39.67556951],[3.4532432099999824,39.675551900000016],[3.453184620000002,39.67550707999999],[3.4531608899999924,39.67544409999999],[3.4531956899999727,39.67541692999998],[3.453230720000022,39.67542580999998],[3.4533122799999774,39.675416480000024],[3.4533353699999907,39.67538035000001],[3.4533118100000024,39.67534439999997],[3.453147520000016,39.67518286000001],[3.452866340000014,39.674976730000026],[3.452842550000014,39.67490473999999],[3.452921100000026,39.67443592000001],[3.452990590000013,39.674363570000025],[3.453538750000007,39.67438845999999],[3.4536435100000062,39.67436101999999],[3.4536548799999878,39.674315920000026],[3.453630970000006,39.674225920000026],[3.453583739999999,39.674135999999976],[3.4535597700000267,39.67403697999998],[3.453582439999991,39.673937790000025],[3.453652340000019,39.67392849999999],[3.4537689900000146,39.673937060000014],[3.453815920000011,39.67398192000002],[3.4539210400000115,39.67400853999999],[3.453955839999992,39.67398137999999],[3.4539671399999747,39.67392726999998],[3.453931510000018,39.673828300000025],[3.4536970899999915,39.673640009999986],[3.4536966800000073,39.673576939999975],[3.4537427899999784,39.67349567000002],[3.453789420000021,39.67349548999999],[3.4538713300000268,39.67354022000001],[3.453930039999989,39.673603060000005],[3.4540121300000237,39.673674819999974],[3.454117300000007,39.67371043999998],[3.4542222300000276,39.673710029999995],[3.4543036700000016,39.67368269000002],[3.4546633900000074,39.67341999000001],[3.4546508399999993,39.67328488999999],[3.454685349999977,39.67321267],[3.4549883700000237,39.67319345999999],[3.4550929999999767,39.673148000000026],[3.4555937599999993,39.67305593999998],[3.45569820999998,39.672983450000004],[3.4557672199999843,39.672839020000026],[3.4558367000000203,39.67276666999999],[3.4559529399999747,39.672712149999995],[3.4560576299999752,39.67267570000001],[3.4561740400000076,39.67264820999998],[3.456430599999976,39.672656210000014],[3.4565353599999753,39.67262877000002],[3.4565816400000244,39.67257453000002],[3.456627620000006,39.67247523999998],[3.456638689999977,39.672385099999985],[3.4566147699999874,39.67229508999998],[3.4564386399999876,39.67210656999998],[3.4564384099999756,39.672070529999985],[3.4564962300000275,39.671998229999986],[3.4566705199999888,39.671907439999984],[3.4570646700000225,39.67156351],[3.457238000000018,39.671328570000014],[3.4572705499999756,39.670959030000006],[3.457258290000027,39.67086898000002],[3.4572343799999885,39.67077898000002],[3.457175790000008,39.670734159999995],[3.4570940599999744,39.670716459999994],[3.4570004899999844,39.67067178000002],[3.4569652199999723,39.67062686999998],[3.456952909999984,39.6705278],[3.4569523200000276,39.67043770999999],[3.456916750000005,39.67034775000002],[3.456846320000011,39.67027595000002],[3.4567644100000052,39.670231220000005],[3.4564144199999873,39.670196550000014],[3.4562975900000197,39.67016096999998],[3.4558408899999904,39.66985642999998],[3.455326379999974,39.66962418999998],[3.4548825200000124,39.669499789999975],[3.4544161800000097,39.669501620000005],[3.454345999999987,39.669465849999995],[3.454193490000023,39.669322290000025],[3.4541116500000157,39.66928657],[3.4536570800000277,39.669306370000015],[3.453552390000027,39.66934280999999],[3.4534944499999938,39.669397100000026],[3.4534483499999737,39.66947836999998],[3.4533903500000065,39.669523649999974],[3.452995250000015,39.66972341000002],[3.452925240000013,39.66971467000002],[3.452773040000011,39.669616159999975],[3.452586619999977,39.669634900000005],[3.452434530000005,39.66955440999999],[3.452399200000002,39.66950048000001],[3.4524105599999757,39.669455389999996],[3.4525496399999724,39.66932871],[3.4526541600000087,39.66926523000001],[3.4527588500000093,39.669228780000026],[3.452875259999985,39.6692013],[3.4529099999999744,39.66916512],[3.4529560999999944,39.66908384999999],[3.452964819999977,39.668633320000026],[3.4531381599999804,39.668398379999985],[3.4531608899999924,39.66830820000001],[3.4531370400000014,39.66822719999999],[3.452831520000018,39.667858980000005],[3.452807670000027,39.66777797999998],[3.4536822700000016,39.667810610000004],[3.453763649999985,39.66777424999998],[3.4537744799999928,39.667648069999984],[3.453820580000013,39.667566799999975],[3.453890240000021,39.667521480000005],[3.454018000000019,39.66744890000001],[3.454482740000003,39.66720380999999],[3.4547154900000123,39.667139829999996],[3.454808459999981,39.667094410000004],[3.4548081600000273,39.66704936999997],[3.454772709999986,39.66697742000002],[3.45470253000002,39.66694166000002],[3.454375749999997,39.66688887999999],[3.4542705900000215,39.666853249999974],[3.4542470399999843,39.66681729999999],[3.4542701199999897,39.66678116999998],[3.454339829999981,39.666744859999994],[3.454444579999972,39.66671742],[3.4545141699999817,39.666663089999986],[3.4546413499999744,39.666500410000026],[3.4546524099999942,39.66641026999997],[3.4544058800000244,39.666149940000025],[3.454039939999973,39.665457609999976],[3.4540276999999833,39.665367549999985],[3.454062439999973,39.66533138],[3.4544579799999724,39.66520369],[3.4545159699999886,39.665158410000004],[3.454515679999986,39.66511336000002],[3.454468689999999,39.665059480000025],[3.4542816399999765,39.664979130000006],[3.4540464199999974,39.664664689999995],[3.4538826200000017,39.664575230000025],[3.453858949999983,39.66452127000002],[3.4538583699999776,39.66443117],[3.4538928100000135,39.66434994000002],[3.4539739400000258,39.66427754],[3.454171649999978,39.66420469000002],[3.4544048000000203,39.66420377999998],[3.4544389499999966,39.66407750000002],[3.4541095399999904,39.66361927999998],[3.4538285799999926,39.66344018000001],[3.4536877400000208,39.66329657],[3.4535682299999735,39.662846530000024],[3.4535793000000012,39.66275638000002],[3.453625690000024,39.66272015999999],[3.453730489999998,39.66270172999998],[3.453847010000004,39.66269226999998],[3.4538934000000268,39.66265605000001],[3.4539047100000175,39.66260194],[3.453926249999995,39.662331559999984],[3.45389068999998,39.66224159000001],[3.4537614600000097,39.66208892999998],[3.453725899999995,39.66199897000001],[3.4537136600000053,39.66190891000002],[3.4537474499999803,39.66172857999999],[3.4538279299999886,39.661557070000015],[3.453873970000018,39.66146679000002],[3.4540481799999725,39.661366999999984],[3.454362930000002,39.661365769999975],[3.45447968000002,39.66139234000002],[3.454573229999994,39.66143703],[3.4546431100000063,39.66142774000002],[3.4546661900000117,39.66139161000001],[3.4547006299999907,39.66131038999998],[3.454629039999986,39.661058389999994],[3.45465175999999,39.66096820000001],[3.4546979799999917,39.66090494000002],[3.4549796399999764,39.661192159999985],[3.455155320000017,39.66131761999998],[3.455576160000021,39.66149617000002],[3.4556813099999886,39.661531790000026],[3.4557980600000064,39.66155837000002],[3.456042920000016,39.66156640999998],[3.4561010300000135,39.66153916000002],[3.4561239899999805,39.66148500999998],[3.4561118600000214,39.661412970000015],[3.456064700000013,39.661332070000014],[3.455876709999984,39.66110755],[3.4558997299999987,39.66106241],[3.455969200000027,39.66099006000002],[3.456062040000006,39.66092662],[3.4561315099999774,39.660854270000016],[3.4562237000000096,39.660691729999996],[3.456242110000005,39.659943820000024],[3.456205300000022,39.659664650000025],[3.456099320000021,39.65950289],[3.455945540000016,39.659161110000014],[3.4562466599999766,39.65886259000001],[3.456304419999981,39.65878127000002],[3.4563040599999795,39.65872722],[3.4561983199999986,39.658601490000024],[3.45571855999998,39.658324059999984],[3.4556003999999803,39.65808125000001],[3.4555877999999893,39.65793714],[3.4556105199999934,39.65784695000002],[3.45587402000001,39.65714313000001],[3.4559415300000182,39.65677345],[3.455938460000027,39.656304939999984],[3.455902960000003,39.65622399],[3.4554330999999934,39.655676219999975],[3.4553271300000006,39.65551445],[3.455278739999983,39.655244340000024],[3.455231519999984,39.655154419999974],[3.4549853899999903,39.654948160000004],[3.454774989999976,39.654858880000006],[3.4546583100000134,39.65484132],[3.4538074100000244,39.65484464999997],[3.453434589999972,39.65487313],[3.452864379999994,39.655019519999996],[3.4521422899999834,39.655112429999974],[3.4520259600000145,39.655148929999996],[3.4519331199999783,39.65521236000001],[3.4515038299999787,39.65552036999998],[3.451294599999983,39.655611290000024],[3.4510618900000054,39.65567526000001],[3.4508171100000027,39.655676210000024],[3.450700779999977,39.65571269999998],[3.450165869999978,39.655913],[3.449315430000013,39.65598838],[3.4490599200000247,39.656133520000026],[3.448943540000016,39.656161010000005],[3.4485935499999982,39.65611731000001],[3.4485233300000004,39.65607253000002],[3.448452859999975,39.65599171000002],[3.4484045500000207,39.65573060000003],[3.448158429999978,39.655524319999984],[3.448053239999979,39.655479679999985],[3.447959869999977,39.655462020000016],[3.447831650000012,39.65546251000001],[3.447726859999989,39.65548094000002],[3.4476105900000107,39.65552644000002],[3.4475176899999838,39.65558084999998],[3.447228139999993,39.655870289999996],[3.4470315500000197,39.65611431999997],[3.44666097999999,39.656494169999974],[3.446580480000023,39.656665669999995],[3.4465222599999947,39.65667490999999],[3.446405690000006,39.65667535],[3.44619535999999,39.65659506999998],[3.44607861999998,39.656568489999984],[3.445961940000018,39.65655091999997],[3.445320900000013,39.656562389999976],[3.4452045099999964,39.656589870000005],[3.4448906499999907,39.656726219999996],[3.444623760000013,39.65691644999998],[3.4445191400000112,39.6569619],[3.4441697899999895,39.65701730000001],[3.4439606099999764,39.657117210000024],[3.4434034000000224,39.65747974999999],[3.4432987800000205,39.65752520000001],[3.4431822700000225,39.65753465],[3.443065639999986,39.657526089999976],[3.4428323399999954,39.65749994999999],[3.4422717900000066,39.65733990000001],[3.4415700499999957,39.65697316000001],[3.4410073899999816,39.65647974000001],[3.4402782999999886,39.65547337999999],[3.439995300000021,39.654960879999976],[3.439959760000022,39.65487091],[3.439947469999993,39.65477184000002],[3.439923589999978,39.654681830000015],[3.4398647400000186,39.654591960000005],[3.439688409999974,39.65435836],[3.43944233000002,39.65415206],[3.439406790000021,39.654062099999976],[3.439346109999974,39.653683899999976],[3.4389558299999976,39.65279337999999],[3.438892199999998,39.65194666999997],[3.4388088499999867,39.651667669999995],[3.43846628,39.650948159999984],[3.438337049999973,39.650786460000006],[3.4382550099999776,39.65071468999997],[3.4381730800000128,39.65066094000002],[3.438155170000016,39.64966989999999],[3.4378969399999733,39.649382549999984],[3.4378381500000046,39.64930168000001],[3.43781426999999,39.64921167],[3.4378253599999766,39.64912153],[3.437941290000026,39.649021979999986],[3.437952600000017,39.64896786999998],[3.437833150000017,39.64850881000001],[3.437786019999976,39.6484279],[3.437715809999986,39.64838311],[3.4372491500000137,39.64831278999998],[3.4368169499999794,39.64816123999998],[3.436512900000025,39.64800020000001],[3.4364541699999904,39.64792834000002],[3.436464860000001,39.647775130000014],[3.436499319999996,39.64769390999999],[3.436568969999996,39.647648600000025],[3.4367553299999827,39.64762988000001],[3.4368600000000242,39.64759343999998],[3.4369528400000036,39.64753001999998],[3.437022259999992,39.64744867000002],[3.43709106,39.64726820999999],[3.437311309999984,39.647078169999986],[3.437529349999977,39.64653673999999],[3.437540379999973,39.646437590000005],[3.4375281599999994,39.646347530000014],[3.4371316099999945,39.64630398000003],[3.4370148900000004,39.64627739000002],[3.436979650000012,39.64623246999997],[3.436953619999997,39.645800080000015],[3.436988299999996,39.645754899999986],[3.437046570000007,39.64575467999998],[3.43726829000002,39.64579889999999],[3.4373965500000168,39.64580741999998],[3.437512980000008,39.645788960000004],[3.437617590000002,39.645743519999996],[3.437687120000021,39.64568019000001],[3.437686269999972,39.64554504],[3.4376391999999782,39.64547313000003],[3.437615380000011,39.645392130000005],[3.43774209999998,39.64515739000001],[3.4378789500000266,39.64467933999998],[3.43812250000002,39.64448921000002],[3.4384831599999757,39.64438874000001],[3.438680599999998,39.64427986999999],[3.4388195399999972,39.64413517999998],[3.438854049999975,39.64406296999999],[3.4386780400000134,39.64387442999998],[3.43855984999999,39.64361358000002],[3.438578440000015,39.64286566999999],[3.4386116399999764,39.642586230000006],[3.4386915100000124,39.642315629999985],[3.438690319999978,39.64212642000001],[3.4385366000000204,39.64177560000002],[3.4384841199999983,39.640847759999986],[3.4382354200000123,39.64021799],[3.4380583399999978,39.63985825999998],[3.4379879599999867,39.63978644000002],[3.437894330000006,39.639723720000006],[3.4373337100000185,39.639527610000016],[3.4372750499999825,39.63946476000001],[3.4372618599999782,39.639221539999994],[3.436956549999991,39.63885327000003],[3.4366757299999904,39.63867413000003],[3.436453859999972,39.63860288000001],[3.4363952499999755,39.63854903999999],[3.4361478700000134,39.63812648999999],[3.4361567000000264,39.637675950000016],[3.436132769999972,39.63757693000002],[3.4360856499999954,39.637496020000015],[3.4359332000000222,39.63734341999998],[3.4354768499999864,39.637047800000005],[3.4354064300000005,39.63696697],[3.4353942700000175,39.63688592],[3.4354053499999964,39.63679578],[3.4354516800000283,39.636750559999996],[3.4356380799999897,39.636740850000024],[3.435707770000022,39.63670454999999],[3.435730739999997,39.63665040000001],[3.4357279100000255,39.63619990000001],[3.435901300000012,39.635973999999976],[3.435994180000023,39.635919590000015],[3.436063649999994,39.63584724999998],[3.4360853700000007,39.635594879999985],[3.4361431799999878,39.635522589999994],[3.436212650000016,39.63545024000001],[3.436514950000003,39.635340989999975],[3.436642280000001,39.635205359999986],[3.436676669999997,39.635115129999974],[3.436686570000006,39.634835769999995],[3.4366155199999753,39.63465583999999],[3.4364411600000153,39.63445098],[3.4363929900000016,39.63447646999998],[3.4360329400000182,39.63466704000001],[3.4345451500000195,39.63527628999998],[3.4340111399999955,39.63560265000001],[3.4338850999999977,39.63594551],[3.433898720000002,39.63626081000001],[3.4337884899999835,39.63727036],[3.433511450000026,39.63769487000002],[3.43329583000002,39.63862370999999],[3.433146239999985,39.63893062],[3.432963770000015,39.63957101],[3.4326630799999975,39.63994155],[3.432152159999987,39.64024079000001],[3.4313736600000198,39.640613099999996],[3.430687589999991,39.64085891000002],[3.4301765499999988,39.64114011999999],[3.4296645000000012,39.641259149999996],[3.4291167700000074,39.64126117000001],[3.4287208200000237,39.64130769000002],[3.4283376299999873,39.64153434999997],[3.427965640000025,39.64168890000002],[3.4275813400000175,39.641735359999984],[3.427173170000003,39.64169181],[3.4268239400000198,39.64175617000001],[3.426486909999994,39.64191058],[3.4260563799999773,39.64202028],[3.425613520000013,39.64202190999998],[3.4253230599999824,39.64216713000002],[3.425243299999977,39.642464759999996],[3.425256939999997,39.64278906999999],[3.4257619300000215,39.64341793],[3.426044730000001,39.64392146],[3.4260944499999937,39.64442584],[3.4260618600000043,39.644813399999975],[3.42586467000001,39.64496729000001],[3.424828190000028,39.645097229999976],[3.424268610000013,39.64507225],[3.4238026400000194,39.64510998999998],[3.4233952800000225,39.64520156999998],[3.4229641200000174,39.64521216000003],[3.422625750000009,39.64515032000003],[3.422298000000012,39.64491724999999],[3.42181918,39.64475679999998],[3.421189840000011,39.64475908999998],[3.420875659999979,39.64484132000001],[3.420434039999975,39.645050149999975],[3.419899999999984,39.645394469999985],[3.419399999999996,39.645585489999974],[3.4183641399999942,39.64582349],[3.4179481599999804,39.646419649999984],[3.4177762099999995,39.646897809999984],[3.417314079999983,39.64757522999997],[3.4171208700000193,39.64839583999998],[3.416315769999983,39.650191740000025],[3.4162017500000275,39.650615630000004],[3.4160174799999936,39.65098569999998],[3.41550804000002,39.65155515999999],[3.4153704899999866,39.651943089999975],[3.415190100000018,39.65296188000002],[3.4150046299999985,39.65313372999998],[3.4146672599999874,39.65324306000002],[3.414166439999974,39.653307910000024],[3.413479670000015,39.65346353000001],[3.412944630000027,39.65365465000002],[3.4123511000000235,39.65380993000002],[3.41195491000002,39.653829359999975],[3.411383399999977,39.653768309999975],[3.4108707099999833,39.65379716000001],[3.410510020000004,39.65390654999999],[3.4101497500000164,39.654088030000025],[3.4079679999999826,39.655717530000004],[3.4067232799999942,39.65614538],[3.406212890000006,39.656570639999984],[3.405993369999976,39.65690477999999],[3.4059716400000184,39.65717516000001],[3.4062214400000244,39.658030250000024],[3.4061448100000007,39.65887746999999],[3.405971280000017,39.65910332999999],[3.405692830000021,39.659329549999995],[3.4055080100000055,39.65961851999998],[3.4055209900000136,39.65984372999998],[3.4058516499999882,39.66057239000003],[3.406031989999974,39.661508819999995],[3.4059169500000053,39.66177051],[3.4056611799999814,39.66188854000001],[3.4046367700000246,39.66213539],[3.4031011700000136,39.662681340000006],[3.401950240000019,39.66322593000001],[3.401161189999982,39.66385937000001],[3.400731169999972,39.66408611000003],[3.4000791299999946,39.66422351],[3.3998703899999896,39.664413439999976],[3.3992460800000117,39.66531660999999],[3.3976029899999958,39.66746663999999],[3.3975008599999796,39.66795352999998],[3.397258210000018,39.668332780000014],[3.396562440000025,39.66898388999999],[3.395492699999977,39.66948309000003],[3.3943402699999865,39.66979335000002],[3.393980699999986,39.67011894000001],[3.3914841600000045,39.67190235999999],[3.391158580000024,39.672056629999986],[3.390888949999976,39.67179625],[3.38727375000002,39.667465530000015],[3.386028759999988,39.665811829999996],[3.3848789799999963,39.66450017],[3.375363909999976,39.664071809999996],[3.3714812900000197,39.66613861000002],[3.37011947000002,39.66654841000002],[3.3677909599999793,39.66714145999998],[3.366976550000004,39.667459389999976],[3.3663716099999874,39.66770457000001],[3.3655161199999952,39.66907680000003],[3.365470870000024,39.669338229999994],[3.3649772399999733,39.67079941999998],[3.3638902100000223,39.67249672000003],[3.3616138099999944,39.671954219999975],[3.359992410000018,39.67180608000001],[3.3582301299999813,39.67146915000001],[3.3559686599999736,39.67154819000001],[3.355466729999989,39.671432589999995],[3.3544145600000093,39.67087717999999],[3.3529289300000187,39.66990862],[3.352204669999992,39.66963150999999],[3.3515266399999746,39.66927315999999],[3.3507310800000027,39.66872595000001],[3.3501223700000082,39.668241239999986],[3.3496534500000053,39.667729080000015],[3.3492090199999893,39.667451099999994],[3.3490911700000083,39.66719917],[3.348028999999997,39.66695007999999],[3.3476782600000092,39.666752910000014],[3.346847729999979,39.66619675999999],[3.3463674100000276,39.66572967000002],[3.3460388199999898,39.66529817000003],[3.3458166899999924,39.66517269000002],[3.344847340000001,39.664824169999974],[3.343492070000025,39.66423351999998],[3.342847510000013,39.66355064999999],[3.342192099999977,39.663029989999984],[3.3416413900000066,39.662463969999976],[3.3414652899999737,39.66221221000001],[3.337111870000001,39.66594612],[3.3374198500000034,39.666945339999984],[3.3372124599999893,39.66745050999998],[3.3352674000000206,39.66784358000001],[3.3336126500000205,39.66800151000001],[3.331689009999991,39.668007020000005],[3.330357240000012,39.66744318999997],[3.3299131900000134,39.66722821000002],[3.3215889300000185,39.662187870000025],[3.3249989199999845,39.660971010000026],[3.3277984999999717,39.65642200999997],[3.32753606,39.65022375000001],[3.328175970000018,39.647518890000015],[3.322429170000021,39.642336109999974],[3.3207100600000103,39.641052409999986],[3.322292100000027,39.640426330000025],[3.32298523999998,39.63911791999999],[3.3228531500000145,39.638280339999994],[3.3233877800000187,39.63797251],[3.323525599999982,39.63753962999999],[3.3234399099999905,39.636656870000024],[3.3233105499999738,39.636404949999985],[3.3235989799999857,39.635782440000014],[3.3244714799999997,39.63546465000002],[3.324961920000021,39.63567952],[3.3272917099999972,39.63550178000003],[3.3277007600000275,39.635752920000016],[3.3283647200000246,39.63569697999998],[3.32940198,39.633270289999984],[3.3300295000000233,39.63290810000001],[3.330996529999993,39.632878319999975],[3.3325068699999747,39.63193694],[3.3348724800000014,39.62956045999999],[3.3384561400000052,39.626117169999986],[3.339105130000007,39.62540346999998],[3.3393480400000044,39.62504235],[3.343315070000017,39.621462640000004],[3.34714366999998,39.61823463000002],[3.3506707099999744,39.61534076999999],[3.351895679999984,39.61568846],[3.3523821699999985,39.615137360000006],[3.3553327100000274,39.611199940000006],[3.356297330000018,39.60848492000002],[3.3591849399999774,39.608250769999984],[3.362626110000008,39.60695162000002],[3.362635169999976,39.606456030000004],[3.362806789999979,39.605860819999975],[3.362781859999984,39.60554554999999],[3.362873250000007,39.60520287000003],[3.363093059999983,39.60491386000001],[3.3634537099999875,39.604831639999986],[3.3638148800000067,39.60484853000003],[3.364584999999977,39.605107410000016],[3.3648414799999955,39.60515165999999],[3.3655164799999966,39.60504141000001],[3.370308819999991,39.60380085000003],[3.3721817499999815,39.60336237000001],[3.3741017899999974,39.603022829999986],[3.3851516400000037,39.60022968999999],[3.3856219200000055,39.60008798000001],[3.3856166300000154,39.60006597],[3.3855928300000073,39.59997594999999],[3.3855806400000006,39.59987688000001],[3.3855568000000176,39.59977784],[3.3855446499999857,39.59968778000001],[3.3855325000000107,39.59959772000002],[3.3855086600000277,39.59949869000002],[3.385484819999988,39.59939965000001],[3.385472629999981,39.599300579999976],[3.38544877999999,39.599201549999975],[3.3854365899999834,39.59910248],[3.3854127500000004,39.59900345],[3.3853889499999923,39.598913419999974],[3.385376810000025,39.59882335999998],[3.3853646100000105,39.59872429000001],[3.3853524699999866,39.598634230000016],[3.3853286300000036,39.59853519000001],[3.385316429999989,39.598436119999974],[3.385304239999982,39.59833705],[3.385292090000007,39.59824699000001],[3.3852799000000005,39.598147919999974],[3.3852560600000174,39.59804888999997],[3.3852439099999856,39.597958819999974],[3.385231719999979,39.59785975],[3.3852079299999787,39.59776972999998],[3.3851957800000037,39.59767966999999],[3.385183589999997,39.597580600000015],[3.385159750000014,39.597481560000006],[3.3851359500000058,39.59739153999999],[3.385123759999999,39.59729247000001],[3.385099969999999,39.59720245],[3.385087769999984,39.59710337000001],[3.385063930000001,39.59700434000001],[3.385040090000018,39.59690531000001],[3.3850279000000114,39.59680623999998],[3.3850157499999796,39.59671617999999],[3.3849919099999966,39.59661713999998],[3.3849914200000057,39.59652704000001],[3.384979219999991,39.59642796999998],[3.384967080000024,39.59633790999999],[3.3849665800000253,39.59624781000002],[3.3849660800000265,39.59615771],[3.384965539999996,39.59605859999999],[3.384953390000021,39.59596854],[3.38495279,39.59586042000001],[3.384952250000026,39.59576131],[3.384951699999988,39.59566219999999],[3.384939499999973,39.59556312000001],[3.3849389599999995,39.59546401],[3.384938410000018,39.59536489999999],[3.3849378599999795,39.595265789999985],[3.384937359999981,39.59517569000002],[3.38493686999999,39.59508559],[3.3849363200000084,39.59498647999999],[3.384935770000027,39.59488736999998],[3.3849352199999885,39.59478825999997],[3.384946370000023,39.59469812999998],[3.3849458299999924,39.594599019999976],[3.3849453299999936,39.59450892000001],[3.384944780000012,39.59440981],[3.384932639999988,39.59431974],[3.3849321399999894,39.59422963999998],[3.3849316399999907,39.594139540000015],[3.384931139999992,39.59404943999999],[3.3849306000000183,39.593950329999984],[3.384929999999997,39.59384220999999],[3.3849294999999984,39.593752110000025],[3.384940599999993,39.593652959999986],[3.3849400999999943,39.59356286000002],[3.384951199999989,39.59346371999999],[3.3849506500000075,39.59336460999998],[3.384961799999985,39.59327446999998],[3.3849728999999797,39.59317532],[3.384984050000014,39.59308518],[3.3849951899999837,39.592995040000005],[3.3850062899999784,39.59289589000002],[3.385017389999973,39.59279673999998],[3.385040129999993,39.592697559999976],[3.3850512800000274,39.59260741999998],[3.3850739800000156,39.59249921999998],[3.3850967700000183,39.59240904000001],[3.3851195099999813,39.59230986],[3.385142260000009,39.592210669999986],[3.3851649999999722,39.59211148000003],[3.385187739999992,39.592012290000014],[3.385198839999987,39.59191314999998],[3.3852215900000147,39.591813960000025],[3.385244279999995,39.591705760000025],[3.385267020000015,39.59160657000001],[3.385289720000003,39.59149838000002],[3.385312460000023,39.591399190000004],[3.3853235600000176,39.59130004000002],[3.3853462999999806,39.59120085000001],[3.3853689900000177,39.591092660000015],[3.385391690000006,39.590984460000016],[3.3854027799999926,39.590885309999976],[3.385425479999981,39.590777109999976],[3.3854482200000007,39.59067793000003],[3.385470909999981,39.59056973000003],[3.385481959999993,39.59046157],[3.3854930599999875,39.59036242000002],[3.3855041499999743,39.59026326999998],[3.385526949999985,39.59017309000001],[3.3855380399999717,39.590073949999976],[3.3855491400000233,39.58997479999999],[3.385571930000026,39.58988462000002],[3.3855830300000207,39.58978546999998],[3.3856057699999837,39.58968628000002],[3.38564015999998,39.589587059999985],[3.3856629,39.58948787000003],[3.3856856900000025,39.58939769],[3.38569683999998,39.58930755],[3.38571958,39.589208369999994],[3.3857423700000027,39.58911819000002],[3.385776759999999,39.589018959999976],[3.3857995500000015,39.58892879000001],[3.3858339399999977,39.58882956000002],[3.3858566800000176,39.58873037000001],[3.3859027600000218,39.58864011999998],[3.3859372000000008,39.588549899999975],[3.385983280000005,39.588459650000004],[3.386017709999976,39.58836943],[3.38606378999998,39.58827917999997],[3.3861098799999922,39.58818891999999],[3.3861559599999964,39.58809867000002],[3.3862136800000258,39.58800837000001],[3.386271459999989,39.587927089999994],[3.386329230000001,39.587845809999976],[3.386398600000007,39.58775548],[3.3864564300000097,39.587683200000015],[3.386525849999998,39.58760188000002],[3.3865836200000103,39.587520600000005],[3.386653039999999,39.587439270000004],[3.3867224599999872,39.58735795000001],[3.3868035799999916,39.58728559999997],[3.386896429999979,39.587231229999986],[3.3869775499999832,39.587158880000004],[3.3870703599999956,39.587095499999975],[3.387163209999983,39.58704112999999],[3.3872443299999873,39.58696878000001],[3.3873371399999996,39.58690539999998],[3.38744164000002,39.586850990000016],[3.3875461399999836,39.58679658],[3.3876506899999868,39.58675118000002],[3.387755249999998,39.58670577999999],[3.387859849999984,39.58666939],[3.387964399999987,39.58662399999997],[3.3880689000000075,39.58656959000001],[3.3881734999999935,39.58653320000002],[3.3882897500000126,39.58649677],[3.388405999999975,39.586460339999974],[3.388522239999986,39.58642391000001],[3.388626890000012,39.58639653],[3.3887432399999966,39.586378120000006],[3.3888595899999814,39.58635971000001],[3.3889758799999754,39.58633229999998],[3.389092230000017,39.586313889999985],[3.3891969300000255,39.58629552000002],[3.3893249700000183,39.58628607999998],[3.389441369999986,39.586276680000026],[3.3895578099999852,39.58627629],[3.3896859100000256,39.58627586],[3.389802350000025,39.586275469999975],[3.3899187999999754,39.58627508000001],[3.3900352499999826,39.58627468999998],[3.3901169600000003,39.58631045999999],[3.3902219600000194,39.58634615],[3.390291779999984,39.58633689999999],[3.3903846399999793,39.586282530000005],[3.3904658000000154,39.58621919000001],[3.390558800000008,39.586191840000026],[3.390663399999994,39.58615544999998],[3.3907679000000144,39.58610104000002],[3.390790890000005,39.586046899999985],[3.3908253199999763,39.58595667999998],[3.3908597399999962,39.585866469999985],[3.3908592399999975,39.58577637000002],[3.390893720000008,39.58569516],[3.3909402500000283,39.58568599],[3.391056590000005,39.585667580000006],[3.3911729899999727,39.585658179999996],[3.3913009699999748,39.585639730000025],[3.3914173200000164,39.58562131999997],[3.3915337700000237,39.585620930000005],[3.3916501599999833,39.585611529999994],[3.391754760000026,39.585575129999995],[3.3918476100000134,39.58552076000001],[3.39192872000001,39.58544840000002],[3.392009869999981,39.58538506000002],[3.3921143700000016,39.58533065],[3.3922072699999717,39.585285279999994],[3.392300079999984,39.58522190000002],[3.392381539999974,39.585212609999985],[3.3924979299999904,39.585203209999975],[3.3926144299999805,39.58521182999999],[3.39273086999998,39.58521144000002],[3.392859009999995,39.58522001],[3.392975560000025,39.58523764],[3.3930919499999845,39.58522823999999],[3.393196649999993,39.58520986000002],[3.3932894999999803,39.58515548999998],[3.3933589600000005,39.58508317000002],[3.3934167300000126,39.58500189],[3.3934628499999917,39.58492064000001],[3.393508919999988,39.58483038000003],[3.3935666300000094,39.584740090000025],[3.393589459999987,39.58465891999998],[3.3936471700000084,39.58456862000003],[3.3936932899999874,39.58448736999998],[3.3937277200000153,39.58439714999997],[3.3937854800000196,39.58431587000001],[3.393843240000024,39.584234579999986],[3.39388931000002,39.58414432000001],[3.3939009100000135,39.58413526999999],[3.3939470799999754,39.58406302999998],[3.3939931400000205,39.58397278000001],[3.394050909999976,39.583891489999985],[3.394085329999996,39.58380126999998],[3.3941198100000065,39.58372006000002],[3.394165869999995,39.58362979999998],[3.394223640000007,39.58354852000002],[3.394304840000018,39.58349418],[3.3943746499999747,39.58348493],[3.394491099999982,39.58348453999997],[3.394607590000021,39.58349315999999],[3.3947241800000256,39.583519790000025],[3.394794300000001,39.58356459999999],[3.3948877600000174,39.583618349999995],[3.395004359999973,39.583644979999974],[3.395120850000012,39.58365359999999],[3.395237399999985,39.583671219999985],[3.3953537900000015,39.583661819999975],[3.3954817700000035,39.583643359999996],[3.3955982200000108,39.58364297000003],[3.3957147599999757,39.58366059000002],[3.3958312500000147,39.58366920999998],[3.3959475899999916,39.58365078999998],[3.3959823199999732,39.58361463],[3.3960051500000077,39.58353346000001],[3.3960512699999867,39.58345221000002],[3.396097789999999,39.58344304000002],[3.3962258799999745,39.58344261000002],[3.396295899999984,39.58346940000001],[3.3963894099999834,39.583532149999996],[3.3964712800000143,39.58359495000002],[3.396564739999974,39.58364869000002],[3.396634600000027,39.58364845],[3.3966926200000103,39.58361221000001],[3.3967040599999905,39.58357612999998],[3.3966918500000247,39.58347706000001],[3.396691340000018,39.583386959999984],[3.3967260599999918,39.583350800000005],[3.3967958800000133,39.58334156000001],[3.3969123200000126,39.583341159999975],[3.397028760000012,39.58334076],[3.3971454100000074,39.58337640000002],[3.3972504600000093,39.58342110000001],[3.3973554699999795,39.583456780000006],[3.397472110000024,39.58349242000003],[3.397577119999994,39.583528100000024],[3.3976937099999986,39.58355474000001],[3.39779845999999,39.583545370000024],[3.3978331899999716,39.58350920999999],[3.3978444699999955,39.5834461],[3.3978091299999846,39.58337413999999],[3.3977969700000017,39.58328408],[3.397831800000006,39.58326593999999],[3.3979016600000023,39.58326570000003],[3.3980066699999725,39.58330138000002],[3.398076479999986,39.58329213000002],[3.398122849999993,39.58325593000001],[3.39814573000001,39.583183770000005],[3.3981452099999956,39.58309366999998],[3.398156340000014,39.583003529999985],[3.3982026599999813,39.58295831999999],[3.3982838100000095,39.58289497999999],[3.398376810000002,39.58286763000001],[3.3984932000000185,39.58285821999999],[3.3986096900000007,39.58286683],[3.3987262399999736,39.582884449999995],[3.3988427799999954,39.58290206999999],[3.399519380000015,39.58311600000002],[3.3997991499999785,39.58316910000002],[3.3999041999999804,39.58321379],[3.400020799999993,39.58324041999998],[3.4001374499999883,39.58327606],[3.400254039999993,39.58330268999998],[3.400359100000003,39.58334738000002],[3.4004757499999982,39.583383019999985],[3.4005806999999777,39.583409689999996],[3.4006974000000127,39.58345434],[3.4008024600000226,39.583499029999984],[3.400919160000001,39.58354367999999],[3.4010357000000226,39.58356128999998],[3.4011522999999784,39.583587920000014],[3.401268899999991,39.58361454999999],[3.401397040000006,39.58362312000003],[3.401513580000028,39.58364074000002],[3.4016300299999784,39.58364033999999],[3.401746419999995,39.58363093000003],[3.4018745000000195,39.58363048000001],[3.401990889999979,39.58362106999999],[3.4021189800000116,39.583620629999984],[3.402235420000011,39.58362023000001],[3.40235186000001,39.583619820000024],[3.4024683100000175,39.58361941999999],[3.4025846399999864,39.58360099999999],[3.4027009299999804,39.58357357],[3.4027938199999994,39.58352818999998],[3.4028749700000276,39.58346483999998],[3.40294437,39.583383509999976],[3.402978780000012,39.58329328999997],[3.403013240000007,39.58321208000001],[3.403047650000019,39.583121860000006],[3.4030471300000045,39.58303175999998],[3.403046560000007,39.582932649999975],[3.403034390000016,39.582842589999984],[3.4030338700000016,39.58275249000002],[3.4030799799999727,39.582671240000025],[3.403149429999985,39.58259891],[3.4032307300000184,39.58256259000001],[3.4033353199999965,39.58252619000001],[3.403439849999984,39.582480780000026],[3.4034512299999733,39.58243569000001],[3.4034507100000155,39.58234558999999],[3.403461839999977,39.58225544999999],[3.403472959999988,39.582165299999986],[3.4034957299999746,39.58207512000001],[3.4035301399999867,39.58198490000001],[3.403611230000024,39.58191254000002],[3.4036572800000044,39.581822269999975],[3.403680099999974,39.58174109999999],[3.403702810000027,39.58164190999997],[3.4037139399999887,39.581551769999976],[3.4037367000000245,39.58146159],[3.4037711099999797,39.58137137],[3.403840510000009,39.58129002999999],[3.403898309999988,39.58121775000001],[3.4039560599999845,39.58113645999998],[3.404025450000006,39.581055119999974],[3.404071559999977,39.58097386999998],[3.4041059599999812,39.580883649999976],[3.4041403699999933,39.58079343000003],[3.40416313999998,39.58070323999999],[3.404185900000016,39.58061306000002],[3.4042086700000027,39.58052287999999],[3.4042314399999896,39.58043270000002],[3.40424256,39.58034256000002],[3.404241979999995,39.580243440000004],[3.404229820000012,39.58015338000001],[3.4042292400000065,39.580054270000005],[3.404228719999992,39.57996416999998],[3.4042281999999773,39.57987407000002],[3.4042160299999864,39.579784010000026],[3.4042038700000035,39.57969394999998],[3.404168410000011,39.579603969999994],[3.4041329600000267,39.57951399000001],[3.4040743300000145,39.57944211],[3.403992399999993,39.57937031],[3.403910479999979,39.57929851],[3.4038401999999905,39.57922667999998],[3.403769870000019,39.579145830000016],[3.4036995999999817,39.57907398999998],[3.4036292700000104,39.57899314000002],[3.403558939999982,39.578912290000005],[3.403500300000019,39.57884041],[3.4034416200000237,39.578759520000006],[3.4033596400000192,39.57867871000002],[3.4032893699999818,39.57860686999999],[3.4031958499999746,39.57854413000001],[3.403102390000015,39.57849039000001],[3.402997340000013,39.578445699999975],[3.4028807000000256,39.57841006000001],[3.4027756500000237,39.57836537999998],[3.4026706500000046,39.57832969999998],[3.40256555000002,39.57827600000002],[3.402460449999978,39.57822229999999],[3.402355450000016,39.57818662],[3.4022503499999743,39.57813291999997],[3.4021568900000148,39.578079179999975],[3.4020634299999983,39.578025449999984],[3.4019583300000136,39.57797175000002],[3.4018648200000143,39.57790899999998],[3.401771370000006,39.57785525999998],[3.4016779099999894,39.57780151999998],[3.40158439999999,39.577738769999996],[3.401490889999991,39.57767602000001],[3.4014206200000103,39.57760417999998],[3.4013386999999966,39.57753237999998],[3.401256779999983,39.57746057999998],[3.4011864600000195,39.57737973000002],[3.4011045899999885,39.57731694],[3.4010227300000224,39.57725414999999],[3.400929220000023,39.577191400000004],[3.400835710000024,39.57712865000002],[3.400753850000001,39.577065860000005],[3.400671980000027,39.57700306999999],[3.4005785300000184,39.57694932999999],[3.400485070000002,39.57689558999999],[3.400380030000008,39.57685090000001],[3.4002633900000205,39.57681525999999],[3.400146800000016,39.57678863000001],[3.4000303700000245,39.576789029999986],[3.399913990000016,39.576798440000005],[3.3997859199999994,39.57679888000001],[3.399669490000008,39.57679927999999],[3.3995530600000166,39.57679968000002],[3.399425029999975,39.576809130000015],[3.3993085999999835,39.57680952999999],[3.399192169999992,39.576809930000024],[3.3990640999999755,39.576810369999976],[3.398947669999984,39.57681076],[3.3988312399999927,39.57681115999998],[3.3987378900000067,39.576775440000006],[3.398632790000022,39.57672173999998],[3.398550929999999,39.576658950000024],[3.3984574699999825,39.576605210000025],[3.398340840000003,39.576569559999996],[3.3982358999999747,39.576542889999985],[3.398119259999987,39.57650725000002],[3.3980026799999905,39.576480619999984],[3.397886089999986,39.576453990000005],[3.3977811500000143,39.576427309999985],[3.397664510000027,39.57639167000002],[3.397559469999976,39.57634697999998],[3.3974545300000045,39.57632031000003],[3.3973378399999774,39.576275650000014],[3.3972910100000036,39.57623075999999],[3.397278959999994,39.57615872000002],[3.3972319299999754,39.57607779],[3.397173510000016,39.57604194999999],[3.3970920099999944,39.57604221999998],[3.3969639800000095,39.57605167000003],[3.3968476599999917,39.57607008999997],[3.396731330000023,39.576088500000026],[3.3966148999999746,39.5760889],[3.396498520000023,39.57609831000002],[3.3963820399999918,39.57608969],[3.396300339999982,39.57605393],[3.396218480000016,39.575991139999985],[3.396159800000021,39.575910239999985],[3.396101129999977,39.57582934999999],[3.396019220000028,39.57575754999999],[3.395937609999976,39.57573980000001],[3.3958211799999845,39.575740199999984],[3.3957048600000235,39.57575861999999],[3.3955884299999752,39.57575901000001],[3.395471900000018,39.57574139000002],[3.3953901400000177,39.57569661000002],[3.3952966400000264,39.57563385999998],[3.3952150399999823,39.57561612000001],[3.395098560000008,39.57560749999999],[3.3949938700000075,39.57562588000002],[3.394935910000015,39.57567111999998],[3.394878160000019,39.57575241000001],[3.394832049999991,39.57583366],[3.3947625999999786,39.575905980000016],[3.39468149999999,39.575978340000006],[3.3945653299999776,39.576023780000014],[3.394460639999977,39.576042159999986],[3.3943325700000173,39.576042589999986],[3.3942161900000087,39.576052000000004],[3.39409981,39.576061400000015],[3.3939834299999916,39.576070809999976],[3.3938554599999975,39.57608926],[3.3937391900000193,39.576116679999984],[3.3936229099999764,39.57614410999997],[3.3935066299999903,39.57617153000001],[3.39340205000002,39.57620793000001],[3.393320899999992,39.57627127000001],[3.3932631499999957,39.576352559999975],[3.3931934899999874,39.57638883999999],[3.3931003999999803,39.57639816],[3.3929840199999717,39.57640756000001],[3.3928675899999803,39.57640795999998],[3.3927395599999954,39.576417400000025],[3.392623179999987,39.57642679999998],[3.392506809999986,39.57643619999999],[3.392378829999984,39.576454660000024],[3.392262549999998,39.576482080000005],[3.3921462299999803,39.57650049],[3.392029949999994,39.57652790999998],[3.3919136200000253,39.576546329999985],[3.3917972400000167,39.576555729999995],[3.391680860000008,39.576565130000006],[3.3915528300000233,39.57657456999999],[3.391436399999975,39.576574960000016],[3.3913083300000153,39.576575390000016],[3.391191900000024,39.576575779999985],[3.391075419999993,39.576567169999976],[3.390947340000025,39.576567599999976],[3.390830909999977,39.57656799],[3.3907144300000027,39.576559369999984],[3.390586359999986,39.576559799999984],[3.390469880000012,39.576551180000024],[3.3903417500000046,39.57654259999998],[3.390213630000005,39.57653402],[3.390120280000019,39.57649829000002],[3.3900268400000186,39.57644454000001],[3.3899569299999825,39.57643575999998],[3.389840499999991,39.576436150000006],[3.3897124299999746,39.576436580000006],[3.3895843999999897,39.57644601999999],[3.3894679699999983,39.57644641000002],[3.389351540000007,39.576446799999985],[3.3892351599999984,39.576456199999996],[3.389107039999999,39.57644762000001],[3.3890021500000103,39.57642994999998],[3.388885519999974,39.576394300000004],[3.388815309999984,39.576331460000006],[3.388733460000026,39.57626865999998],[3.388628369999992,39.57621495000001],[3.3885117899999955,39.57618831000002],[3.3883953100000213,39.576179679999996],[3.38827882999999,39.57617105999998],[3.388162350000016,39.57616244000002],[3.388045820000002,39.57614481000002],[3.3879292400000054,39.57611816999997],[3.387835789999997,39.57606442000002],[3.387777280000023,39.57601054999998],[3.3876838300000145,39.57595679999997],[3.387590639999985,39.575948100000005],[3.387474310000016,39.57596651],[3.387369719999981,39.57600289999999],[3.387265130000003,39.576039279999975],[3.3871606499999984,39.57609368999999],[3.38704426999999,39.576103090000004],[3.386939629999972,39.57613047000001],[3.386928189999992,39.57616654999998],[3.386882070000013,39.576247790000025],[3.38682399999999,39.576275020000026],[3.386719410000012,39.57631141000002],[3.3866148800000246,39.57635680999999],[3.3864986500000214,39.57639323000001],[3.3863823099999877,39.57641164],[3.386277829999983,39.57646605000002],[3.38620837000002,39.57653835999997],[3.38611542000001,39.57657470999999],[3.38602228000002,39.57657502000001],[3.385905849999972,39.576575409999975],[3.3857777200000214,39.57656681999998],[3.3857077200000276,39.57654001999998],[3.385649150000006,39.57647714000001],[3.3855788999999845,39.576405290000025],[3.3854969999999867,39.57633348000002],[3.3854270400000246,39.57631569],[3.3853339899999924,39.57633401999999],[3.385264329999984,39.57637029],[3.3852297999999905,39.57644248999998],[3.3851836800000115,39.57652373000002],[3.3851371599999993,39.57653290000002],[3.3850208700000053,39.57656030999999],[3.384904590000019,39.57658773000003],[3.384788160000028,39.57658810999999],[3.38468327999999,39.57657044000001],[3.384613119999983,39.57651661],[3.3845312199999853,39.57644479999999],[3.3844261300000085,39.57639108000001],[3.384321150000005,39.57635539],[3.384193030000006,39.57634680000001],[3.3840764000000263,39.57631114999998],[3.3840062400000193,39.576257320000025],[3.3839011599999935,39.576203599999985],[3.3838193099999785,39.57614080000002],[3.3837839799999756,39.57606883],[3.3837952800000153,39.57600572000001],[3.383806429999993,39.575915580000014],[3.3837711499999727,39.575852629999986],[3.383689249999975,39.57578081999998],[3.383584219999989,39.57573610999998],[3.383502720000024,39.57573638000002],[3.3834679400000027,39.57576352000001],[3.3833984799999826,39.575835840000025],[3.3833287699999914,39.57586309999999],[3.383316980000018,39.575836100000004],[3.383269910000024,39.575746159999994],[3.3832115499999986,39.57571932000002],[3.383141690000002,39.575719549999974],[3.3830253099999936,39.575728939999976],[3.382897239999977,39.575729360000025],[3.3827808600000253,39.57573875000003],[3.382664429999977,39.575739139999996],[3.3825479999999857,39.57573952000001],[3.382419970000001,39.57574894999999],[3.3823035400000094,39.57574933000001],[3.382175469999993,39.57574975],[3.382094170000016,39.575786059999984],[3.38205954,39.57584023999999],[3.3819782799999984,39.57588555000001],[3.3818620000000124,39.57591296999999],[3.381745620000004,39.57592235999999],[3.381629239999995,39.575931749999995],[3.3815012200000183,39.57594117999997],[3.3813848400000097,39.575950569999975],[3.3812684100000183,39.57595094999999],[3.380943039999977,39.57606915000002],[3.380757399999993,39.576186889999974],[3.3806527599999754,39.57621426999998],[3.3805364699999814,39.57624168000001],[3.3804201400000125,39.57626008],[3.3803038600000264,39.57628749000003],[3.3801875300000006,39.576305890000015],[3.380071100000009,39.576306269999975],[3.3799545200000125,39.57627961999998],[3.3798495300000013,39.576243920000024],[3.3797445000000153,39.57619921000003],[3.3796394699999723,39.57615449999997],[3.379522839999993,39.57611883999999],[3.3794178100000067,39.576074129999995],[3.379324370000006,39.57602037999999],[3.379230889999974,39.57595760999999],[3.3791374499999733,39.575903849999975],[3.37904395999999,39.575841079999975],[3.378938880000021,39.57578735999999],[3.3788454400000205,39.575733609999986],[3.3787519100000054,39.57566183],[3.378658420000022,39.57559906],[3.378576580000015,39.57553625000003],[3.378494740000008,39.575473450000004],[3.378401199999985,39.57540167000002],[3.378319309999995,39.57532985],[3.3782257799999797,39.575258080000026],[3.37814388999999,39.57518626000001],[3.378073640000025,39.57511440000002],[3.3780033900000035,39.57504254999998],[3.37793314999999,39.574970699999994],[3.377851210000017,39.57488986999999],[3.3777692699999875,39.57480903999999],[3.377698969999983,39.57472818000002],[3.3776170300000103,39.57464735000002],[3.377535050000006,39.57455750999998],[3.377453160000016,39.574485700000025],[3.3773712199999864,39.57440487000002],[3.377312570000015,39.57432397000002],[3.3772423199999935,39.574252109999975],[3.3771604300000035,39.57418030000002],[3.377090140000007,39.57409942999999],[3.3770198400000027,39.57401857000002],[3.376949550000006,39.57393769999999],[3.3768792500000018,39.57385684000002],[3.3768205999999736,39.57377593000001],[3.376761999999985,39.573704039999996],[3.3766917099999887,39.57362318000003],[3.3766330099999777,39.57353325999998],[3.3765744099999893,39.57346137000002],[3.3765041600000245,39.57338951999998],[3.3764454600000136,39.573299599999984],[3.3763868099999854,39.573218699999984],[3.3763165699999718,39.57314683999999],[3.3762579200000005,39.57306593999999],[3.3761992699999723,39.57298503999999],[3.376140570000018,39.57289512],[3.37608191999999,39.57281422],[3.3760348600000043,39.57272426999998],[3.3759761700000013,39.572634359999995],[3.375929059999976,39.57253539999999],[3.375893700000006,39.572454419999985],[3.37584664000002,39.572364470000025],[3.3758112300000107,39.572274479999976],[3.375775820000001,39.572184489999984],[3.3757287600000154,39.57209454000002],[3.3756933999999887,39.572013560000016],[3.3756579399999964,39.57191455999998],[3.3756458099999804,39.57182449999999],[3.3756104000000278,39.57173451],[3.375598270000012,39.57164445000001],[3.375586090000013,39.571545370000024],[3.375573920000022,39.57144629999999],[3.3755734299999745,39.571356200000025],[3.3755729499999916,39.5712661],[3.375572410000018,39.57116697999999],[3.3755835700000034,39.57107683999999],[3.3756413500000235,39.57099556999998],[3.375710760000004,39.57091424999999],[3.375768540000024,39.570832970000026],[3.3758496400000126,39.570760629999995],[3.37594249,39.57070626000001],[3.3760587099999952,39.57066985],[3.3761749899999813,39.57064243999997],[3.376279619999991,39.570615069999974],[3.3763958999999772,39.57058767000001],[3.3765004300000214,39.570542279999984],[3.3765932800000087,39.57048791],[3.376697859999979,39.570451530000014],[3.3768023499999913,39.57039713],[3.3768951900000275,39.570342770000025],[3.3769413699999973,39.570270540000024],[3.3769526199999973,39.57019842],[3.3769520899999748,39.57009930999999],[3.376951599999984,39.57000921000002],[3.3769161899999744,39.569919219999974],[3.3768577399999913,39.56987435999997],[3.376787879999995,39.569874579999976],[3.3766714600000114,39.56987495999999],[3.37654335000002,39.56986637],[3.3764269299999796,39.56986674000001],[3.3763104700000213,39.569858109999984],[3.3761939500000153,39.56984046000002],[3.376065789999984,39.56982285999999],[3.3759608699999717,39.56979617000002],[3.37584425,39.56976049999997],[3.375739280000005,39.56972480000002],[3.3756458099999804,39.56966203000002],[3.3755407400000195,39.56960830999998],[3.3754588599999806,39.56953649000002],[3.375365429999988,39.569482730000004],[3.375283550000006,39.56941090999999],[3.3752016199999844,39.569330079999986],[3.375119789999985,39.56926727000001],[3.3750495500000284,39.56919542000003],[3.3749676200000067,39.56911459000003],[3.3748857400000247,39.56904277000001],[3.3747922200000176,39.568970990000025],[3.3747103399999787,39.56889917000001],[3.3746400499999822,39.568818299999975],[3.3745697599999858,39.56873743],[3.3745111700000052,39.568665539999984],[3.3744292399999836,39.56858470999998],[3.3743705499999805,39.568494799999996],[3.374300259999984,39.56841393000002],[3.3742416200000207,39.56833303000002],[3.374171380000007,39.56826117000003],[3.374112739999987,39.56818027000003],[3.3740424499999904,39.568099399999994],[3.373972170000002,39.56801853000002],[3.373913479999999,39.567928619999975],[3.3738431900000023,39.56784775],[3.373784549999982,39.56776685],[3.3737259100000188,39.56768593999999],[3.3736555799999906,39.56759606999998],[3.373596980000002,39.56752417000001],[3.373526649999974,39.5674343],[3.373479649999979,39.56735335000002],[3.3734093699999903,39.56727248999999],[3.3733623200000125,39.567182530000025],[3.373326920000011,39.567092549999984],[3.373279920000016,39.5670116],[3.373264249999977,39.56698462000003],[3.373232920000021,39.566930660000025],[3.3731975100000113,39.566840669999976],[3.373162100000002,39.566750679999984],[3.3731499799999938,39.56666061999999],[3.373137810000003,39.56656154000001],[3.37313733000002,39.56647143999999],[3.3731367999999975,39.56637232999998],[3.3731363200000146,39.56628223000001],[3.3731474300000173,39.56618307999997],[3.3731353000000013,39.56609301999998],[3.373146410000004,39.56599387],[3.3731575699999894,39.56590373],[3.3731919699999935,39.56580451000002],[3.3732264099999725,39.56571429000002],[3.373249209999983,39.565624119999995],[3.3732952400000045,39.56552485999998],[3.3733530100000166,39.56544358000002],[3.373399099999972,39.56535332999999],[3.373445179999976,39.56526308000002],[3.3734912599999802,39.56517281999999],[3.3735490299999924,39.56509154999998],[3.3735951099999966,39.56500129],[3.3736528900000167,39.56492001999999],[3.373710609999989,39.564829729999985],[3.3737683800000013,39.564748450000025],[3.3738261500000135,39.56466717000001],[3.373907299999985,39.56460384000002],[3.3739770500000077,39.56458558999998],[3.3740933600000176,39.5645672],[3.374209819999976,39.564575839999975],[3.37431478000002,39.56461153999999],[3.374408200000005,39.5646653],[3.3744784900000013,39.56474616999998],[3.3745484300000044,39.56476395999999],[3.3746649400000024,39.56478161000001],[3.3747814500000004,39.56479925000002],[3.374897859999976,39.56479888000001],[3.3750142700000083,39.564798499999995],[3.375130580000018,39.564780110000015],[3.375246950000019,39.56477072000001],[3.375363259999972,39.564752329999976],[3.375467839999999,39.56471594999999],[3.3755840000000035,39.56467051999999],[3.3756652000000145,39.56461619999999],[3.375757990000011,39.564552830000025],[3.3758274499999743,39.56448052000002],[3.3758502900000167,39.564399349999974],[3.3758381700000086,39.56430928999998],[3.3757911700000136,39.56422835000001],[3.375755760000004,39.564138360000015],[3.3757319900000198,39.56404832999999],[3.3756849900000248,39.563967390000016],[3.375614760000019,39.563895539999976],[3.375521390000017,39.563850790000004],[3.375416369999982,39.56380607],[3.375311360000012,39.56376136],[3.375241179999989,39.56369852],[3.3752642700000024,39.5636624],[3.375322180000012,39.56360814999999],[3.375426749999974,39.56357177000001],[3.3754962099999943,39.56349947000001],[3.3755191500000024,39.563436319999994],[3.3755186700000195,39.56334622000003],[3.375471810000022,39.56329231000001],[3.3753783500000054,39.56322954000001],[3.3752965200000062,39.56316672999998],[3.375203010000007,39.56309494999999],[3.3750980500000196,39.56305924999998],[3.3749930399999926,39.563014529999975],[3.374957870000003,39.56296959000002],[3.374957440000003,39.562888499999985],[3.3749922100000163,39.56286136],[3.3750151599999754,39.56279820999998],[3.374980139999991,39.562780309999994],[3.3748751800000036,39.562744599999974],[3.3747586700000056,39.56272696000002],[3.3746422599999732,39.56272732999997],[3.374514260000012,39.56273675],[3.374397810000005,39.562728119999974],[3.374362739999981,39.56270119999999],[3.374327380000011,39.562620219999985],[3.374315260000003,39.562530159999994],[3.3743263700000057,39.56243101000001],[3.374337529999991,39.562340870000014],[3.374325399999975,39.56225081000002],[3.3743016399999988,39.56216078],[3.374277819999975,39.56206173999999],[3.374277339999992,39.561971640000024],[3.3742884999999774,39.56188150000003],[3.374322940000013,39.561791289999974],[3.374380799999983,39.56172802999998],[3.3744618999999716,39.56165569000001],[3.37455473,39.561601329999974],[3.374636169999974,39.56159205],[3.37474069000001,39.561546669999984],[3.3748452099999895,39.561501280000016],[3.374937999999986,39.561437909999995],[3.375019150000014,39.56137457],[3.3750886000000264,39.56130227],[3.375158010000007,39.561220950000006],[3.375215780000019,39.56113966999999],[3.37525020999999,39.56104945999999],[3.375261319999993,39.56095031000001],[3.37526084000001,39.56086020999999],[3.375248660000011,39.56076113],[3.375236540000003,39.56067107000001],[3.375224409999987,39.56058100000001],[3.375212289999979,39.56049094000002],[3.3752117500000054,39.560391830000015],[3.3751996299999973,39.560301760000016],[3.375199099999975,39.56020265000001],[3.375198609999984,39.560112549999985],[3.375198130000001,39.56002245000002],[3.3751975900000275,39.55992334000001],[3.3751854700000194,39.55983327000001],[3.3751616999999783,39.55974325],[3.375103070000023,39.55966233999999],[3.3750327899999775,39.55958148000002],[3.374939330000018,39.55951871000002],[3.3748806899999977,39.55943780000001],[3.374798769999984,39.55935697000001],[3.374728549999986,39.55928512000003],[3.3746351300000015,39.55923136000001],[3.3745300799999995,39.55917763000002],[3.37442513000002,39.55914193000001],[3.3743085300000075,39.55910626000002],[3.3742034800000056,39.55905253999998],[3.3741101200000116,39.55900779000001],[3.3740050700000097,39.55895406000002],[3.3739116099999933,39.55889129000002],[3.373864659999981,39.55881935999997],[3.373852539999973,39.55872929999998],[3.373794099999998,39.55868443000003],[3.3737122800000066,39.55862162],[3.3736304600000153,39.55855881000002],[3.373536999999999,39.55849604000002],[3.37343199999998,39.558451330000025],[3.3733270000000175,39.55840661000002],[3.3732219999999984,39.55836190000002],[3.3731518199999755,39.55829905000002],[3.373151529999973,39.55824498999999],[3.373186120000014,39.55818181000001],[3.373243880000018,39.55810052999999],[3.3733015999999907,39.55801023999999],[3.3733360400000265,39.55792002999999],[3.3733821600000056,39.557838790000005],[3.3734399300000177,39.55775750999999],[3.373509619999993,39.55773025000002],[3.3735558399999945,39.557667030000005],[3.3735902799999735,39.55757682000001],[3.3735897999999906,39.557486719999986],[3.3735893200000078,39.55739662000002],[3.373577189999992,39.55730655000002],[3.373576660000026,39.55720744000001],[3.3735761799999864,39.55711733999999],[3.3735640099999955,39.55701826000001],[3.3735286599999768,39.55693728],[3.3734467900000027,39.55686545999998],[3.3733534400000167,39.55682071000001],[3.3732716200000255,39.55675789999998],[3.3732245799999987,39.55666795000002],[3.3732125099999735,39.55658690000001],[3.3732003800000143,39.556496830000015],[3.3731882600000063,39.556406770000024],[3.373129679999977,39.55633487],[3.3730478200000107,39.556263049999984],[3.3729545099999996,39.55622731],[3.3728726400000255,39.55615548999998],[3.372779379999997,39.55612875999998],[3.3726512999999727,39.55612015999998],[3.372534900000005,39.55612052999999],[3.372418649999986,39.55614794000002],[3.372314039999992,39.55617530000001],[3.3721978400000125,39.55621172000002],[3.372081680000008,39.556257140000014],[3.3719654700000206,39.55629355000002],[3.371849320000024,39.55633897000001],[3.3717331099999797,39.55637539000003],[3.371628649999991,39.556429779999974],[3.3715241799999944,39.556484179999984],[3.371431350000023,39.55653854000002],[3.371361890000003,39.55661084000002],[3.371315770000024,39.556692080000005],[3.3712580499999945,39.55678237000001],[3.3712236100000155,39.556872580000004],[3.371212449999973,39.55696272],[3.371224610000013,39.557061799999985],[3.3712483699999893,39.55715182],[3.371283769999991,39.557241809999994],[3.371295889999999,39.55733187999999],[3.371296369999982,39.557421980000015],[3.3712500999999975,39.55747618999999],[3.371168950000026,39.55753951999998],[3.371064439999998,39.557584899999995],[3.3709481800000276,39.557612310000025],[3.3708319699999834,39.557648719999975],[3.3707274099999722,39.55768509000001],[3.370611150000002,39.55771248999997],[3.3705412599999818,39.55770371],[3.3705177499999763,39.557658730000014],[3.3704940399999828,39.557577709999975],[3.3704702800000064,39.55748768000001],[3.3704581100000155,39.557388609999975],[3.3704343499999823,39.55729858000001],[3.3703873200000203,39.55720862999999],[3.370363559999987,39.557118600000024],[3.3703398000000107,39.55702857],[3.3702814100000182,39.55699271999998],[3.370199839999998,39.55697495999999],[3.3700834399999735,39.55697533],[3.369967040000006,39.55697570000001],[3.3698505500000238,39.55695804999999],[3.3697572400000126,39.5569223],[3.3696522000000186,39.556868580000014],[3.3696403199999736,39.55682356],[3.3695932800000037,39.55673360999998],[3.3695462900000166,39.55665266],[3.369487709999987,39.55658076999998],[3.369406040000001,39.55654499000002],[3.3692894999999794,39.55651833000002],[3.3691731499999946,39.55652771000001],[3.3690567099999953,39.55651906000003],[3.3689401699999735,39.556492400000025],[3.368835180000019,39.55644768000002],[3.3687765999999897,39.556375790000004],[3.368683149999981,39.55631301],[3.3685898900000097,39.556286279999995],[3.368473349999988,39.556259609999984],[3.368368490000023,39.55624193],[3.3682403600000157,39.556224310000005],[3.3681239200000164,39.55621566999997],[3.367995839999992,39.55620706000002],[3.3678793500000097,39.55618941],[3.3677511700000196,39.55616278999997],[3.3676346799999806,39.556145130000004],[3.3675181400000156,39.55611847],[3.3674015999999938,39.55609181],[3.3672851100000116,39.55607415999998],[3.3671686199999726,39.55605650000001],[3.367086900000004,39.55601171000001],[3.367063289999976,39.555948709999996],[3.3670629599999984,39.555885639999985],[3.367109190000008,39.55582242000003],[3.36717864000002,39.55575012000003],[3.3672715199999743,39.555704779999985],[3.3673643999999854,39.55565942999999],[3.367468830000007,39.555596030000004],[3.367573390000018,39.55555965999997],[3.36768969000002,39.55554126999999],[3.367806040000005,39.55553189],[3.3679224399999725,39.55553151999999],[3.3680387399999745,39.55551313000001],[3.3681549899999936,39.555485739999995],[3.368247820000022,39.555431380000016],[3.3683289599999853,39.55536805000003],[3.368421699999999,39.55529567000002],[3.368479470000011,39.55521440000001],[3.368513959999973,39.5551332],[3.368560039999977,39.55504294999997],[3.3685945299999958,39.55496175000002],[3.368652300000008,39.55488047],[3.368733529999986,39.55483515999998],[3.368838050000022,39.55478978000002],[3.3689425700000015,39.554744389999996],[3.369047079999973,39.55469900999998],[3.369139959999984,39.554653659999985],[3.3692444800000203,39.554608280000025],[3.369348940000009,39.55455389000002],[3.3694300399999975,39.55448154999999],[3.369476210000016,39.55440931999999],[3.369510649999995,39.554319109999994],[3.3695101800000202,39.55422900000002],[3.369486419999987,39.554138980000005],[3.369439390000025,39.55404901999998],[3.369369269999993,39.553995180000015],[3.3692642699999737,39.55395047000002],[3.369170870000005,39.553896699999996],[3.369065830000011,39.553842970000005],[3.368983979999996,39.55377114999999],[3.368972009999993,39.55370811],[3.3689832200000183,39.55362699],[3.36902944000002,39.55356376999998],[3.3690988500000003,39.55348244999999],[3.3691799900000206,39.55341912],[3.3692260700000247,39.55332886999997],[3.3692721900000038,39.553247639999995],[3.369283359999997,39.5531575],[3.369306110000025,39.55305830999998],[3.369293949999985,39.55295924000001],[3.3692702399999916,39.552878220000025],[3.36922340000001,39.5528243],[3.3691301399999816,39.552797569999996],[3.369025249999993,39.55277087000002],[3.368897170000025,39.55276227000002],[3.3687807800000087,39.552762640000026],[3.368664389999992,39.55276300999998],[3.3685943599999746,39.552727189999985],[3.368547519999993,39.552673270000014],[3.368512179999982,39.55259229000001],[3.3684767799999804,39.552502300000015],[3.3684066199999734,39.55243945000001],[3.3683132200000045,39.552385679999986],[3.368219819999979,39.55233191999997],[3.36818452,39.55225995000001],[3.3681258999999955,39.55217904],[3.3680440499999804,39.55210721999998],[3.367974170000025,39.55209843],[3.3678577300000256,39.552089790000025],[3.3678226200000267,39.55205384999999],[3.367775590000008,39.551963899999976],[3.367775170000016,39.551882809999995],[3.367821479999975,39.55183761000001],[3.3679025800000204,39.551765269999976],[3.3679723199999785,39.55174703],[3.368076780000024,39.55169264],[3.3681812899999954,39.55164725999998],[3.368262379999976,39.55157492000001],[3.3683551099999818,39.55150254],[3.3684129299999768,39.551430270000026],[3.3684473700000126,39.55134005999997],[3.368458529999998,39.551249919999975],[3.368458060000023,39.55115982000001],[3.368445940000015,39.55106976000002],[3.368398959999979,39.55098880999998],[3.368317110000021,39.55091699000002],[3.3682236600000124,39.55085421000001],[3.368118680000009,39.550809490000006],[3.368002199999978,39.55079183999999],[3.367885670000021,39.550765179999985],[3.3677575899999965,39.550756569999976],[3.367652650000025,39.55072086000001],[3.3675360299999966,39.55067617999998],[3.3674310399999854,39.55063145999998],[3.367326110000022,39.550595750000014],[3.367209580000008,39.55056909000001],[3.3671046399999796,39.55053337999999],[3.3669881100000225,39.55050670999998],[3.3668715800000086,39.550480049999976],[3.3667550999999776,39.550462400000015],[3.366626979999978,39.55044478000002],[3.3665221399999723,39.55042709000003],[3.3664057500000126,39.55042745999998],[3.3662775299999907,39.550391820000016],[3.366161149999982,39.550392190000025],[3.3660447600000225,39.550392550000026],[3.3659167399999887,39.55039296000001],[3.3657887599999867,39.55040236999997],[3.365672370000027,39.55040272999997],[3.365556130000016,39.550430129999995],[3.3654281899999887,39.55044855],[3.36531186000002,39.55045792999999],[3.3651839199999927,39.55047635],[3.365067580000016,39.55048572999999],[3.364951239999982,39.55049509999998],[3.3648348599999736,39.55049546999999],[3.364718470000014,39.55049582999999],[3.36459044999998,39.55049623000002],[3.3644740600000205,39.550496599999974],[3.364357670000004,39.550496959999975],[3.36386847,39.55042641],[3.363577829999997,39.55049038999999],[3.363484959999994,39.55053572999998],[3.36338053999998,39.55059913000002],[3.3632877100000087,39.550653479999994],[3.3631948799999805,39.55070783999997],[3.363102050000009,39.55076219],[3.363044230000014,39.550834450000025],[3.3630445599999916,39.55089751999998],[3.36299833999999,39.550960739999994],[3.362928599999975,39.550978980000025],[3.3628122100000155,39.550979340000026],[3.362695819999999,39.55097970000003],[3.3625793900000076,39.550971059999995],[3.3624629500000083,39.55096241000001],[3.3623464199999944,39.55093574],[3.362241439999991,39.550891019999995],[3.3621479999999906,39.55082822999998],[3.3620778399999836,39.55076537999997],[3.3619728200000054,39.550711639999975],[3.361902980000025,39.55071185999998],[3.3617866000000163,39.55071221999998],[3.36167039999998,39.55074862999999],[3.3615775700000086,39.550802980000014],[3.361473100000012,39.55085736000001],[3.361403639999992,39.55092966000001],[3.3613575499999797,39.55101990999998],[3.3612997299999847,39.551092170000004],[3.361230359999979,39.551182489999974],[3.3611609000000158,39.55125478999997],[3.3610912099999837,39.55128203999999],[3.360986509999975,39.55129137],[3.3608701200000155,39.55129173],[3.360800100000006,39.55125591000001],[3.3607532199999923,39.551192979999996],[3.360694609999996,39.55111206999999],[3.3606709100000103,39.551031050000006],[3.3606704000000036,39.55093194],[3.360693249999997,39.55085077000001],[3.3607044299999984,39.55076064000002],[3.3606693699999823,39.550733709999975],[3.3605760300000043,39.550688949999994],[3.3604825900000037,39.55062616999999],[3.3604824099999746,39.55059012999999],[3.3605284999999867,39.55049988000002],[3.360597960000007,39.55042758000002],[3.3606673699999874,39.550346279999985],[3.3607134999999744,39.55026504],[3.360713130000022,39.550192960000004],[3.360678080000014,39.55016604000002],[3.3605847800000106,39.55013028000002],[3.360491389999993,39.55007651],[3.3604095499999858,39.55000467999997],[3.360316109999985,39.54994190000002],[3.3602227299999754,39.54988813],[3.36014093,39.54982531000002],[3.360093909999989,39.54973534999999],[3.360081809999997,39.54964527999999],[3.360069699999997,39.54955522],[3.360069239999973,39.54946511999998],[3.360068730000023,39.54936600000002],[3.360021759999995,39.54928505999999],[3.359963279999988,39.54923117999999],[3.3598698499999955,39.54916838999998],[3.3597648699999922,39.54912366999997],[3.3596483499999863,39.54909699000001],[3.3595318199999724,39.54907032],[3.359426849999977,39.54902559999999],[3.3593450500000017,39.54896278000001],[3.3592400699999985,39.54891805],[3.3591235499999925,39.548891379999986],[3.3590070700000183,39.54887372000002],[3.3588790499999845,39.548874109999986],[3.3587627100000077,39.54888347999997],[3.358634689999974,39.548883880000005],[3.3585182599999825,39.54887522000001],[3.3584366100000125,39.54883942999999],[3.3583316300000092,39.54879470999998],[3.3582614300000273,39.54872283999998],[3.3582028700000137,39.548650940000016],[3.3581210300000066,39.54857910999999],[3.3580511499999943,39.54857031],[3.3578182900000115,39.54855300999998],[3.3576088899999945,39.54857167],[3.3575043299999834,39.548608030000025],[3.357387949999975,39.54860839000003],[3.3572947000000113,39.54858165000002],[3.357212909999987,39.54851882999998],[3.35713106999998,39.54844699],[3.3570492800000125,39.54838417000002],[3.3569442599999775,39.54833043000002],[3.356839330000014,39.54829470999999],[3.356722849999983,39.548277050000024],[3.356606290000002,39.54824137000003],[3.356512950000024,39.54819659999998],[3.356407929999989,39.548142859999984],[3.3563029499999857,39.54809813000003],[3.3562096200000155,39.54805335999998],[3.356093050000027,39.54801767999999],[3.3559766199999785,39.54800903],[3.3558486000000016,39.54800942000003],[3.3557321700000102,39.54800075999998],[3.355662300000006,39.54799197],[3.355301230000009,39.54793900999999],[3.3550914699999907,39.54788559000002],[3.35498659000001,39.54785887999998],[3.354881569999975,39.54780512999997],[3.3548230100000183,39.547733230000006],[3.354741219999994,39.54767041000002],[3.3546362499999987,39.54762567],[3.3545312800000033,39.54758093999999],[3.3544378999999935,39.54752717000002],[3.3543213799999876,39.547500490000004],[3.3542048599999816,39.547473809999985],[3.354088470000022,39.54747416999999],[3.353972139999996,39.54748353000002],[3.3538909000000103,39.547528829999976],[3.353879489999997,39.54757391999999],[3.353810029999977,39.54764620999998],[3.3537288800000056,39.54770953000002],[3.353636090000009,39.547772880000025],[3.3536130900000103,39.54782702],[3.3535786300000154,39.54791721999999],[3.3535091699999953,39.54798951999999],[3.353439700000024,39.54806180999998],[3.3533585999999787,39.54813414],[3.35327749999999,39.548206470000025],[3.353208030000019,39.54827876000002],[3.353138520000016,39.548342049999974],[3.3530457300000194,39.54840539999998],[3.3529527599999938,39.548432709999986],[3.3529409399999963,39.54839671000002],[3.3529521699999805,39.54831558000001],[3.35299839999999,39.54825237],[3.35304450000001,39.54816212999998],[3.353102330000013,39.54808987000001],[3.3531367900000077,39.547999660000016],[3.353136329999984,39.547909559999994],[3.353135880000025,39.54781946000003],[3.353135370000018,39.54772034000001],[3.3531465600000274,39.54763021000002],[3.3531811500000117,39.54756702999998],[3.3532392999999843,39.547557840000024],[3.353320540000027,39.547512540000014],[3.3533899999999903,39.54744025000002],[3.3534361399999852,39.54735901999999],[3.3535055599999737,39.54727771],[3.353598390000002,39.54722336999998],[3.353644939999981,39.547223229999986],[3.353772919999983,39.547213829999976],[3.3538425599999755,39.547177569999974],[3.3539237100000037,39.54711426],[3.354028270000015,39.54707789999998],[3.354121329999998,39.54706859999999],[3.3542494000000147,39.547077220000006],[3.3543657800000233,39.54707687000001],[3.3544820700000173,39.54705848999998],[3.354598399999986,39.547049130000005],[3.35471474000002,39.54703976000002],[3.354842759999997,39.54703936999999],[3.3549591400000054,39.54703902],[3.355075520000014,39.54703866],[3.355191810000008,39.54702028999998],[3.3552963199999795,39.546974920000025],[3.3553891500000077,39.54692057],[3.355458610000028,39.546848280000006],[3.355504750000023,39.54676704000002],[3.3555043399999818,39.54668594999998],[3.355503839999983,39.546586839999975],[3.3554917800000226,39.54650578000002],[3.3554333199999746,39.54645190000002],[3.3553399799999966,39.54640712999998],[3.355235059999984,39.546371410000006],[3.3551069499999926,39.546353780000004],[3.3550136200000225,39.546309010000016],[3.3549317800000154,39.54623717999999],[3.3548616300000162,39.54617431999998],[3.354802989999996,39.546084399999984],[3.3547329699999864,39.54604856999998],[3.354627960000016,39.545994829999984],[3.354522990000021,39.54595010000003],[3.354406470000015,39.54592342000001],[3.3542900499999746,39.54591476000002],[3.3542084000000045,39.54587896999999],[3.3542082100000243,39.54584292999999],[3.3541612099999725,39.545752970000024],[3.354091149999988,39.54570812999998],[3.3539977300000032,39.54564534000002],[3.3539043499999934,39.54559157],[3.3538109699999836,39.545537790000026],[3.35369436000002,39.54549308999998],[3.3535894400000075,39.54545737000001],[3.3534728800000266,39.545421680000004],[3.3533564499999784,39.54541302000001],[3.3532400799999778,39.545413380000014],[3.353123700000026,39.54541373000001],[3.3530073200000174,39.54541408],[3.3528909899999917,39.54542344999999],[3.3527747399999726,39.54545082999999],[3.3526701800000183,39.54548719000002],[3.35256566999999,39.54553256000003],[3.3524611600000185,39.54557792999998],[3.352344959999982,39.54561432000003],[3.3522402199999988,39.54561464],[3.35212383999999,39.54561498999999],[3.3520072800000094,39.545579299999986],[3.351902310000014,39.54553456999997],[3.3517973400000187,39.54548983000001],[3.3516923799999745,39.545445099999995],[3.3515874999999937,39.54541838],[3.351471119999985,39.545418729999994],[3.35141311000001,39.54545495000002],[3.35134333000002,39.54546417],[3.351308280000012,39.54543725000002],[3.3512380500000063,39.54535636999998],[3.3511447199999793,39.54531159999999],[3.3510865700000068,39.54532078],[3.3509700999999836,39.54530311000002],[3.3508535899999856,39.54527643],[3.3507371200000193,39.545258760000024],[3.350690390000011,39.545222860000024],[3.350666839999974,39.54516887],[3.350608379999983,39.54511499],[3.3505266000000233,39.54505216000001],[3.3504215799999884,39.544998410000005],[3.350339799999972,39.54493559000002],[3.3502812099999915,39.54485467000001],[3.3502926599999796,39.544818599999985],[3.35035062999998,39.54477336999997],[3.3504204100000265,39.54476414999999],[3.350536649999981,39.544736769999986],[3.3506530299999895,39.54473641999999],[3.350781089999998,39.54474504000001],[3.350885960000028,39.54477176],[3.3510140199999796,39.54478038000002],[3.351130399999988,39.54478003000003],[3.3512467799999968,39.54477967999998],[3.3513747900000226,39.54477929000001],[3.3514911299999994,39.54476992999997],[3.3515142200000128,39.544733819999976],[3.3515024000000153,39.54469781],[3.351432260000024,39.54463494999999],[3.3513388399999826,39.54457215999997],[3.351245459999973,39.54451838],[3.351152039999988,39.544455589999984],[3.351058720000026,39.544410819999996],[3.3509537499999738,39.54436608999998],[3.3508372800000075,39.544348420000006],[3.3507208099999843,39.54433074999997],[3.3506042999999863,39.54430407000001],[3.350499560000003,39.54430438000003],[3.350453189999996,39.54434056000002],[3.3503603600000247,39.544394909999994],[3.3502792599999793,39.54446723000001],[3.3502214299999764,39.54453948999998],[3.350140290000013,39.544602810000015],[3.3500821000000087,39.54460297999998],[3.3499655900000107,39.54457630000002],[3.3499071300000196,39.54452241000001],[3.3499069000000077,39.54447735999997],[3.349918090000017,39.544387229999984],[3.349905999999976,39.544297159999985],[3.3498939099999916,39.544207089999986],[3.3498354000000177,39.544144200000005],[3.349765209999987,39.54407232],[3.3496834300000273,39.544009500000016],[3.3496016099999792,39.54393765999998],[3.349496600000009,39.54388390999998],[3.349403269999982,39.54383913999999],[3.349286759999984,39.54381246000003],[3.3491703899999834,39.54381281000002],[3.3490540999999894,39.543831179999984],[3.348996090000014,39.54386739],[3.348903039999982,39.54387667999998],[3.348833119999995,39.54385887000001],[3.3487050200000112,39.543841240000006],[3.3485885100000132,39.54381454999998],[3.3484835900000007,39.54377883000001],[3.3484251300000096,39.543724940000004],[3.3483665399999722,39.54364401999999],[3.3483428100000197,39.54355399000002],[3.3482958600000075,39.54347303999998],[3.348237489999974,39.543437170000004],[3.3481209299999932,39.54340148],[3.348015970000006,39.54335673999998],[3.347911099999976,39.543330019999985],[3.3478063599999928,39.54333034000001],[3.3477017999999816,39.54336669000003],[3.3475855199999955,39.54338505999999],[3.3474575500000014,39.543394449999994],[3.347341169999993,39.54339479999999],[3.3472247099999777,39.54337713000001],[3.347119790000022,39.543341399999974],[3.347014829999978,39.54329666000001],[3.346921459999976,39.54324286999997],[3.346828089999974,39.54318909],[3.3467231299999867,39.54314434999998],[3.3466066199999887,39.543117670000015],[3.3464901599999735,39.54309998999997],[3.3457795499999747,39.54295794000001],[3.3455350799999906,39.54294064999999],[3.345418699999982,39.54294098999998],[3.3453137899999774,39.54290526],[3.3452670099999864,39.54286035000001],[3.3451736499999924,39.542806559999974],[3.3450686400000222,39.542752810000025],[3.344963679999978,39.54270807],[3.344905229999995,39.54265418],[3.344811859999993,39.542600400000026],[3.34469531000002,39.542564700000014],[3.344602210000005,39.54256498000001],[3.3445092399999794,39.542592290000016],[3.344428090000008,39.54265559999999],[3.344346680000001,39.542664849999994],[3.3442999900000245,39.54263795999998],[3.3442415399999845,39.542584069999975],[3.3442647300000203,39.542565980000006],[3.344357510000009,39.54250263],[3.34442697999998,39.54243034000001],[3.3444964500000083,39.54235805000002],[3.344542600000011,39.542276819999984],[3.344577070000014,39.542186619999995],[3.344588260000023,39.54209648],[3.34457617999999,39.54200641],[3.34454082000002,39.54191642000001],[3.3444822800000225,39.541844509999976],[3.3443773199999782,39.54179976],[3.344307449999974,39.541790960000014],[3.344214480000005,39.54181827000002],[3.3441100599999913,39.54188164999999],[3.344063819999974,39.54194486],[3.3440060400000107,39.54202612],[3.3439594899999747,39.54202626],[3.3439476699999773,39.541990250000026],[3.343947230000026,39.541900150000004],[3.3439004100000034,39.541846229999976],[3.3438070000000266,39.54178343000001],[3.3437020000000075,39.54172968],[3.343620229999999,39.54166685000001],[3.34351522999998,39.541613100000006],[3.3434103100000243,39.54157736000002],[3.3432937599999946,39.541541670000015],[3.343188899999973,39.54151494000001],[3.3430724400000145,39.54149726999998],[3.3429561099999887,39.54150662000001],[3.3428398699999775,39.541533990000005],[3.342723669999998,39.541570379999996],[3.3426073399999723,39.541579730000024],[3.3425606600000037,39.54155284000001],[3.34246730000001,39.54149905000003],[3.3423622999999907,39.54144530000002],[3.342257430000018,39.54141857000002],[3.3421409700000027,39.541400899999985],[3.342024419999973,39.54136519999997],[3.341907919999983,39.54133851],[3.3418029599999954,39.541293759999974],[3.341698049999991,39.541258029999995],[3.3415699500000073,39.541240389999984],[3.341453489999992,39.54122271],[3.341337029999977,39.541205030000015],[3.3412206599999763,39.54120537],[3.341150710000022,39.541178539999976],[3.3411388900000247,39.54114254000001],[3.3411268099999916,39.54105247000001],[3.341068230000019,39.540971549999995],[3.340998060000004,39.54089966999999],[3.3409394299999917,39.540809739999986],[3.3408692500000257,39.54073785999998],[3.340810719999979,39.540665950000005],[3.3407289099999957,39.54059410999997],[3.3406470900000045,39.54052225999999],[3.340622979999978,39.540351139999984],[3.3406221000000187,39.54017092999999],[3.3405867999999828,39.54008993999997],[3.340551450000021,39.53999993999997],[3.3405277300000193,39.539909910000006],[3.3405040200000258,39.53981987999998],[3.340468670000007,39.53972987999998],[3.340421719999995,39.53964891999999],[3.3403747400000157,39.539558950000014],[3.340339389999997,39.539468950000014],[3.3402924399999847,39.539387999999974],[3.3402454600000056,39.53929803],[3.340210109999987,39.53920803],[3.3402092300000277,39.53902783000001],[3.340173390000018,39.53883872],[3.3401729099999784,39.538739599999985],[3.34016084000001,39.538649539999994],[3.340148759999977,39.538559469999996],[3.3401483200000257,39.53846936999997],[3.340159519999986,39.538379229999975],[3.3402057999999784,39.53832503000001],[3.340263900000025,39.53830684000002],[3.3403802600000176,39.538306499999976],[3.3404615000000035,39.53826120999997],[3.340542649999975,39.5381979],[3.340635480000003,39.53814356999999],[3.3407049499999744,39.53807128],[3.3407510499999944,39.53798103999998],[3.3407622500000116,39.53789090999999],[3.3407618100000036,39.53780081000002],[3.3407150900000033,39.53776490000001],[3.340645180000024,39.53774708999998],[3.3405287699999917,39.53773841999998],[3.3404008100000055,39.53774779999998],[3.3402844899999877,39.537757150000004],[3.3401681700000267,39.537766499999975],[3.340051800000026,39.53776684000002],[3.3399354300000255,39.53776718],[3.3398074300000076,39.53776756000002],[3.3396794700000214,39.537776940000015],[3.339563109999972,39.53777728],[3.339446780000003,39.53778663000003],[3.339330459999985,39.53779598],[3.3392142700000136,39.53783235999998],[3.339098079999985,39.53786874000002],[3.3389935700000137,39.53791410000002],[3.3388890599999854,39.53795945000002],[3.338796230000014,39.53801378000003],[3.338715079999986,39.53807709],[3.3386339699999894,39.53814941000002],[3.338564500000018,39.53822170000001],[3.33850670999999,39.53830296000001],[3.3384605599999873,39.53838417999998],[3.3384143999999765,39.538465410000015],[3.3383563500000264,39.53849260999999],[3.3382400699999835,39.538510970000004],[3.3382286099999874,39.538547040000026],[3.3382290399999874,39.53863715],[3.3382294799999954,39.53872725000002],[3.3382299200000034,39.53881734999999],[3.338218719999986,39.538907489999986],[3.3382191499999863,39.53899759000001],[3.3382428699999878,39.539087619999975],[3.3383011399999987,39.53910546999998],[3.3383944899999847,39.53915926000002],[3.3383946700000138,39.539195310000025],[3.3383834699999966,39.539285440000015],[3.3383370999999897,39.53932162000001],[3.3382325000000037,39.539348949999976],[3.3381745699999783,39.53940318000002],[3.3381515599999716,39.53945730999999],[3.3381636400000048,39.53954737999999],[3.3382222100000263,39.539628300000004],[3.3382691499999737,39.539709259999995],[3.338316089999978,39.539790219999986],[3.3383746700000074,39.53987114],[3.3384216599999945,39.53996110999998],[3.3384686399999737,39.540051070000004],[3.3385039899999924,39.540141070000004],[3.3385392999999794,39.54022206000002],[3.3385630500000048,39.54032110999998],[3.338575129999981,39.54041117999998],[3.338575559999981,39.54050128],[3.3385993200000144,39.54060032000001],[3.3386113899999827,39.54069039000001],[3.3386350999999763,39.540780429999984],[3.3386471800000095,39.540870489999975],[3.3386476599999924,39.54096960999999],[3.3386481000000003,39.54105971000001],[3.3386485400000083,39.54114980999998],[3.338649019999991,39.54124891999999],[3.3386145000000056,39.54133012],[3.3385567500000093,39.541420389999985],[3.338475599999981,39.541483700000015],[3.338394440000002,39.54154700999999],[3.3383016500000053,39.541610349999985],[3.338208810000026,39.54166468],[3.3381042999999977,39.54171004],[3.337999599999989,39.541719349999994],[3.3378832299999885,39.54171968999998],[3.337766859999988,39.54172003000002],[3.337638850000019,39.541720399999974],[3.3375224299999786,39.54171172000002],[3.337394379999978,39.54170309],[3.3372779599999944,39.54169440999999],[3.3371614999999792,39.541676730000006],[3.337045040000021,39.54165905000002],[3.3363920099999973,39.54138160999997],[3.336193519999995,39.54124703000002],[3.336100170000009,39.541193239999984],[3.336006810000015,39.54113945],[3.335913450000021,39.54108566000002],[3.3358200499999953,39.54102284999999],[3.3357266900000013,39.54096906000001],[3.3356565199999864,39.54089718],[3.335609579999982,39.54081622000001],[3.3355393699999922,39.54073533000002],[3.3355043700000238,39.54071741000001],[3.3354576099999917,39.54067249000002],[3.3339621499999907,39.539442380000025],[3.3339156800000183,39.539460529999985],[3.333705440000017,39.53929894999999],[3.333751819999975,39.53926278],[3.3329107000000135,39.5385804],[3.3322586900000033,39.53851018],[3.3319918199999847,39.53867313000001],[3.3321135099999992,39.53979005999997],[3.332163019999996,39.540411629999994],[3.3321630600000276,39.54042063999998],[3.3318605800000114,39.540439530000015],[3.3316302200000223,39.53849395999998],[3.331988899999999,39.53806043999998],[3.3320002400000135,39.537997329999996],[3.33206967000001,39.53791604000003],[3.33211639000001,39.53795194999998],[3.3322321599999896,39.53782546999997],[3.3324420899999723,39.537923990000024],[3.3326280599999905,39.53787840000001],[3.332708749999995,39.53771598999998],[3.332976819999999,39.53780532000002],[3.332745760000023,39.53815738999998],[3.3327807599999915,39.538175309999986],[3.3330234499999847,39.53782321],[3.3333382000000142,39.53793944],[3.333141839999996,39.53824636000002],[3.333188430000007,39.538255230000004],[3.333384879999983,39.537966340000025],[3.3337584600000127,39.53821756000002],[3.3334687400000007,39.53847067999999],[3.3334921499999837,39.53849764],[3.3338051299999734,39.53824445999999],[3.334132000000011,39.538459769999974],[3.333807420000028,39.53872200000001],[3.333819140000003,39.53873998],[3.334178590000022,39.53846864000002],[3.3344706699999733,39.538711079999985],[3.3340996300000256,39.538991469999985],[3.334134670000026,39.539018399999975],[3.3345057099999735,39.538738009999975],[3.3348561500000073,39.53901631999997],[3.3345200300000215,39.53929661000001],[3.334555019999982,39.53931453000001],[3.3348678799999902,39.53903430999998],[3.335008039999991,39.539142029999994],[3.3353581000000077,39.53933925000001],[3.3350105499999927,39.539664619999996],[3.3350805000000037,39.53969145000002],[3.3354163700000186,39.53935710000002],[3.335743069999978,39.53953637000001],[3.3354188000000136,39.53986168],[3.3354421600000137,39.53987962999997],[3.3357897500000036,39.53956326000002],[3.3361865300000204,39.53979638999999],[3.3358973900000137,39.54016665],[3.3359440599999743,39.54019354000002],[3.3362913500000104,39.53981411000001],[3.3367363799999907,39.54039848999997],[3.336806070000023,39.54037125999997],[3.3362556100000234,39.53964301000002],[3.3362781100000234,39.539480760000004],[3.3363123199999905,39.53933649999999],[3.3363584800000012,39.53925527000001],[3.336381270000004,39.539156090000006],[3.336380840000004,39.53906598999998],[3.336392040000021,39.538975849999986],[3.336391610000021,39.53888575000002],[3.3363911299999813,39.53878664000001],[3.3363558300000022,39.53870565],[3.3363321200000087,39.53861561000002],[3.336331640000026,39.538516500000014],[3.3363312100000257,39.53842639999999],[3.3363307700000178,39.538336300000026],[3.3363303400000177,39.5382462],[3.336341539999978,39.538156060000006],[3.3363527399999953,39.53806592000001],[3.3363988599999743,39.537975689999996],[3.336433329999977,39.53788548],[3.336467809999988,39.53779528000001],[3.3365023299999734,39.53771409000001],[3.3365484799999763,39.537632859999974],[3.336582959999987,39.537542659999986],[3.33661742999999,39.53745246],[3.3366519100000005,39.53736225],[3.336686419999978,39.53728106],[3.3367092600000205,39.53719088999998],[3.336708779999981,39.537091780000026],[3.336708349999981,39.53700168],[3.336707909999973,39.53691156999997],[3.336684209999987,39.536821540000005],[3.3366256799999974,39.536749629999974],[3.3365671000000248,39.53666870000001],[3.3365550799999824,39.53658763999999],[3.3365898499999957,39.536560510000015],[3.3366364400000066,39.53656939000001],[3.3367298000000005,39.53662317999999],[3.336811510000018,39.536677010000005],[3.336893009999983,39.53668578000003],[3.3370093799999836,39.536685439999985],[3.3371257399999763,39.53668511000001],[3.3372420200000192,39.536666749999995],[3.3373465700000224,39.53663039999998],[3.3374277600000255,39.53657611],[3.337532269999997,39.53653075],[3.337648510000008,39.53650338],[3.3377530600000114,39.53646703999999],[3.337869249999983,39.53643066000001],[3.337973799999986,39.53639432],[3.3380783100000144,39.53634896],[3.3381828700000256,39.53631260999998],[3.338299099999972,39.53628524999999],[3.3384036100000003,39.53623988999999],[3.338508069999989,39.536185520000004],[3.338600900000017,39.53613118999999],[3.3386703699999885,39.53605891000001],[3.3386933400000203,39.53599577],[3.3386928499999726,39.53589665999999],[3.3386575499999935,39.53581566999998],[3.3386105700000144,39.5357257],[3.3385752699999784,39.535644709999985],[3.338551559999985,39.53555467000001],[3.3385278499999913,39.53546463999999],[3.338469449999991,39.535419760000025],[3.3383876400000077,39.535347909999984],[3.3382826600000044,39.53529415999998],[3.3381777600000078,39.53525841999999],[3.3381775799999787,39.53522237999999],[3.338212399999975,39.53520426],[3.3382938600000216,39.53520401999998],[3.3384102200000143,39.535203679999995],[3.338526580000007,39.53520334000001],[3.338654580000025,39.53520297],[3.338770810000028,39.5351756],[3.3388870800000063,39.53515723999999],[3.3389916799999924,39.53512991000002],[3.3391196300000274,39.53512052000002],[3.339236040000003,39.53512919000002],[3.3393408900000168,39.53515592000002],[3.3394572999999923,39.53516459000002],[3.3395737499999996,39.53518227000001],[3.3396903299999963,39.535226980000004],[3.339795229999993,39.53526271999999],[3.3399117700000147,39.535298420000004],[3.340028259999997,39.535325109999974],[3.3401331599999935,39.53536084000001],[3.3402262100000257,39.53535155999998],[3.340249350000022,39.53532446000003],[3.340307139999993,39.535243200000025],[3.3403299700000275,39.535153030000004],[3.340341169999988,39.535062900000014],[3.34034072999998,39.53497278999998],[3.3403170199999863,39.534882760000016],[3.340258570000003,39.53482887000001],[3.340165259999992,39.53478409000002],[3.340048729999978,39.534748390000004],[3.339955369999984,39.53469460000002],[3.3398504300000127,39.534649849999994],[3.3397454799999764,39.53460510999997],[3.339675320000026,39.53453323000002],[3.33957036999999,39.53448849],[3.3395005599999763,39.53448868999999],[3.339384329999973,39.53451605999999],[3.3392914600000267,39.534561380000014],[3.3391869499999984,39.534606740000015],[3.339082449999978,39.53465209000001],[3.3389779400000066,39.53469745000001],[3.3388617100000033,39.53472482000001],[3.338826709999978,39.5347069],[3.3387915000000135,39.534643930000016],[3.3387561999999775,39.53456294],[3.3386859899999877,39.53448205000001],[3.3385926400000017,39.53442826000003],[3.338510880000001,39.53436542999998],[3.3384174400000006,39.53429362000003],[3.338335900000004,39.53427583000001],[3.3382311799999798,39.534276139999974],[3.338138259999994,39.534312450000016],[3.338056810000012,39.53431268999998],[3.337986820000026,39.534276850000026],[3.337905019999994,39.534204999999986],[3.337834849999979,39.53413311999998],[3.3377530500000034,39.53406128],[3.3376945200000137,39.53398936999997],[3.337624310000024,39.53390847999998],[3.337588970000013,39.53381847999998],[3.337553630000002,39.53372847999998],[3.337541550000026,39.53363840999998],[3.3375178499999834,39.533548370000005],[3.337470870000004,39.53345840999998],[3.337435570000025,39.533377410000014],[3.337388589999989,39.53328744999999],[3.337341649999985,39.53320649],[3.3372946700000057,39.53311652000002],[3.337236099999984,39.533035600000005],[3.3371775300000195,39.53295467999999],[3.337107319999973,39.53287379],[3.3370255699999802,39.53281095],[3.336943770000005,39.53273911000002],[3.3368620100000044,39.532676270000024],[3.3367918499999973,39.53260439000002],[3.336686830000019,39.53254162000002],[3.3365934799999764,39.53248782999998],[3.3364885799999797,39.53245208999999],[3.336406829999987,39.53238926],[3.336359899999991,39.53230830000001],[3.336289729999976,39.532236420000004],[3.3362315100000046,39.53222757999998],[3.336126620000016,39.532191839999996],[3.336010129999977,39.53216514000002],[3.3358936899999776,39.532147459999976],[3.335777329999985,39.53214780000002],[3.335649339999975,39.53214817000003],[3.335532979999982,39.532148500000005],[3.3354166699999723,39.532157849999976],[3.3353003099999796,39.53215818000001],[3.335183949999987,39.532158519999996],[3.335055959999977,39.532158890000005],[3.334927970000024,39.53215925000001],[3.3348116099999743,39.53215958999999],[3.3346835699999815,39.532150950000016],[3.3345555800000284,39.532151320000025],[3.334439219999979,39.53215165],[3.334311189999994,39.53214301000003],[3.3341948300000013,39.532143340000005],[3.3340668399999913,39.532143710000014],[3.3339504799999986,39.53214403999999],[3.3338225300000204,39.532153419999986],[3.3337061700000277,39.53215375000002],[3.3335782300000005,39.532163130000015],[3.3334619099999827,39.532172479999986],[3.3333456799999794,39.532199839999976],[3.333229500000016,39.53223621000001],[3.3331249500000126,39.532272560000024],[3.3330321199999844,39.53232688000003],[3.332939290000013,39.53238120999998],[3.3328347899999926,39.532426559999976],[3.332730319999996,39.53248092000001],[3.3326258199999756,39.532526270000005],[3.3325329900000042,39.53258060000002],[3.332428479999976,39.53262595000001],[3.3323122499999727,39.53265331],[3.3321959400000196,39.53266266000003],[3.332079620000002,39.53267199999999],[3.3319632199999774,39.53266331999998],[3.3319863599999735,39.53263621999997],[3.3320676000000162,39.53259093999998],[3.332183740000005,39.53254556000002],[3.332288339999991,39.532518229999994],[3.3323927999999796,39.532463870000015],[3.3324623099999826,39.53240060000002],[3.3325201100000186,39.532319340000015],[3.3325778999999898,39.53223808000001],[3.3326476299999968,39.53221986],[3.33275218,39.53218351999999],[3.3328566800000203,39.532138169999996],[3.332961189999992,39.53209282],[3.333065739999995,39.532056479999994],[3.333146890000023,39.53199317000002],[3.3332513899999867,39.53194782000003],[3.333355900000015,39.53190246999998],[3.333425410000018,39.53183919999998],[3.333459889999972,39.53174899999999],[3.333506,39.53165876000003],[3.3335640500000068,39.531631559999994],[3.333656870000027,39.53157722999998],[3.3337613799999986,39.53153187999999],[3.333854210000027,39.53147754999998],[3.333853990000023,39.531432499999994],[3.3338304999999764,39.53138752000001],[3.333772280000005,39.53137867999999],[3.333655799999974,39.53135198000001],[3.3335393599999747,39.53133429000002],[3.3334343800000283,39.531280530000004],[3.333399209999982,39.53122657],[3.3333405999999854,39.53113662999999],[3.333293669999989,39.53105568000001],[3.333223470000007,39.53097478000001],[3.333176540000011,39.530893830000025],[3.3331179799999973,39.5308129],[3.3330478199999902,39.530741019999994],[3.332966030000023,39.53066917000001],[3.332872650000013,39.53060635999998],[3.3327677099999846,39.53056161000001],[3.332662819999996,39.53052587000002],[3.33254629999999,39.53049016],[3.3324413199999867,39.530436399999985],[3.332324789999973,39.53040069000002],[3.332219899999984,39.53036494999998],[3.3321033299999954,39.53032022999997],[3.3319984400000067,39.530284489999985],[3.3318934700000113,39.53023073000003],[3.331788529999983,39.53018598],[3.3316836399999943,39.530150230000004],[3.331567029999974,39.53009651000002],[3.3314505100000247,39.5300608],[3.331345619999979,39.530025050000006],[3.3312407299999904,39.52998931000002],[3.331135790000019,39.52994455999999],[3.331042410000009,39.529881750000015],[3.3309374799999887,39.529836999999986],[3.330832550000025,39.529792250000014],[3.330727570000022,39.52973847999999],[3.3306226000000265,39.52968471999998],[3.3305292599999916,39.52963091999999],[3.3304242899999963,39.529577159999974],[3.330330950000018,39.529523359999985],[3.330226019999998,39.52947861000001],[3.3301210800000263,39.52943385999998],[3.330004599999995,39.529407160000005],[3.3298997200000144,39.52937141000001],[3.329794740000011,39.529317649999996],[3.3297013600000014,39.52925484000002],[3.329596390000006,39.52920108000001],[3.329503050000028,39.52914728000002],[3.329398079999976,39.529093509999996],[3.3293047399999978,39.529039720000014],[3.3292114000000197,39.528985920000025],[3.3291064300000244,39.52893215],[3.3290130899999895,39.52887836000002],[3.3289197199999876,39.52881554999999],[3.32883793000002,39.52874370000001],[3.3287561899999787,39.52868086000001],[3.3286743599999795,39.528599989999975],[3.3286158000000228,39.528519070000016],[3.328557279999984,39.52844714999998],[3.32848709000001,39.528366249999976],[3.328416940000011,39.528294370000026],[3.3283235200000263,39.52822255000001],[3.3282418200000166,39.52816872],[3.3281368099999895,39.52810593999999],[3.3280435199999943,39.52806115999999],[3.3279501399999845,39.52799835000002],[3.3278568000000064,39.52794454999997],[3.327751830000011,39.52789078000001],[3.327658499999984,39.52783698000002],[3.3275651199999743,39.52777416999999],[3.3274717499999724,39.52771136000001],[3.3273784099999943,39.52765756000002],[3.3272850000000176,39.527585750000014],[3.3271916599999827,39.527531950000025],[3.327109880000023,39.52746008999998],[3.3270165000000134,39.52739728],[3.3269231300000115,39.52733447000003],[3.326818160000016,39.527280710000014],[3.3267133200000103,39.527253970000004],[3.3266084399999727,39.52721822000001],[3.3264919599999985,39.527191519999974],[3.326387029999978,39.527146759999994],[3.3263052500000185,39.52707491000001],[3.326246700000013,39.526993979999986],[3.326211409999985,39.52691299000003],[3.3262109899999928,39.52682288],[3.326164119999987,39.52675092999999],[3.3260823800000026,39.52668808999999],[3.3260121899999717,39.52660718999999],[3.3259419999999977,39.5265263],[3.325860260000013,39.526463449999994],[3.325790120000022,39.52639156999999],[3.3257083799999805,39.52632872999999],[3.3256150099999786,39.526265910000006],[3.3255797200000075,39.52618491999999],[3.3255910199999903,39.52611280999997],[3.325578969999981,39.52602273999997],[3.3255439399999887,39.525995799999976],[3.325462449999975,39.52598702],[3.32534609999999,39.52598734999998],[3.32521816000002,39.52599672000002],[3.325113540000018,39.526015029999996],[3.324985550000008,39.52601539],[3.3248692099999744,39.526015710000024],[3.3247411799999895,39.52600705999998],[3.3246248300000047,39.52600738000001],[3.3245083599999816,39.525980679999975],[3.324403480000001,39.52594492999998],[3.3242985599999884,39.52590017],[3.3242168200000037,39.52583733],[3.324169949999998,39.52576536999999],[3.3241462600000204,39.52567534000002],[3.3241575600000033,39.525603219999994],[3.3242153599999824,39.52552197],[3.324284789999979,39.525440679999974],[3.3243542999999818,39.525377419999984],[3.3244004599999926,39.525296190000006],[3.3244116800000256,39.525206060000016],[3.3244112200000018,39.52510695000001],[3.3243991699999924,39.52501688000001],[3.3243754800000147,39.52492683999998],[3.3243285600000263,39.52484587999999],[3.3242700100000206,39.52476495000002],[3.3241882400000122,39.52469309000003],[3.3241296900000066,39.524612160000004],[3.324071140000001,39.52453122999998],[3.324000950000027,39.52445032999998],[3.3239424099999724,39.52436940000001],[3.3238838600000236,39.52428846999999],[3.323825310000018,39.52420754000002],[3.3237667199999805,39.52411760000001],[3.3237197600000172,39.52402762999998],[3.32367284999998,39.52394666999999],[3.323649160000002,39.52385663000001],[3.3236138400000073,39.52376663000001],[3.3235436599999844,39.52368573000001],[3.323473519999993,39.523613839999996],[3.3233801499999913,39.52355103000002],[3.3232984200000146,39.523488180000015],[3.3231934600000272,39.52343440999999],[3.3231117299999937,39.523371569999995],[3.323018359999992,39.52330876000002],[3.32292498999999,39.52324593999998],[3.322831590000021,39.52317412000002],[3.3227498499999797,39.523111270000015],[3.322668120000003,39.52304843000002],[3.3225863499999946,39.522976570000026],[3.3224929799999927,39.522913759999994],[3.3223996199999988,39.52285095000002],[3.3223178499999904,39.52277908999997],[3.322247709999999,39.52270720000001],[3.3221892000000253,39.522635279999975],[3.3221655599999735,39.522554249999985],[3.3221651499999894,39.52246415000002],[3.3221647299999972,39.522374049999996],[3.3221294100000023,39.52228403999999],[3.322059270000011,39.52221214999997],[3.321965910000017,39.52214934],[3.3218725500000232,39.522086530000024],[3.3217792199999963,39.52203272000003],[3.3216743099999917,39.52198795999999],[3.3215578400000254,39.521961250000004],[3.321441419999985,39.52194355],[3.3213947200000007,39.521907639999995],[3.3213129100000174,39.52182677000002],[3.321231179999984,39.52176393000002],[3.3211378600000216,39.52171012000002],[3.321032940000009,39.521665359999986],[3.320916440000019,39.521629640000015],[3.320811649999996,39.52161190999999],[3.320683669999994,39.52161225999998],[3.320567330000017,39.52161258000001],[3.3204509899999834,39.52161290999999],[3.3203229800000145,39.521604249999996],[3.320206639999981,39.52160457000002],[3.3200901700000145,39.52157785999998],[3.3199853400000165,39.52155112000003],[3.3198688400000265,39.52151538999999],[3.319763969999997,39.521479639999995],[3.3196474599999988,39.521443920000024],[3.319542590000026,39.52140816999997],[3.3194376399999896,39.52135439],[3.3193443200000274,39.52130059000001],[3.3192510000000084,39.52124678000001],[3.3191461700000104,39.52122004],[3.3190182399999912,39.52122939999998],[3.318913650000013,39.52125672],[3.3188091499999928,39.52130205999998],[3.3187046499999724,39.521347400000025],[3.318600150000009,39.52139273],[3.3185189999999807,39.521456030000024],[3.31847276000002,39.521519230000024],[3.318461529999979,39.521609360000014],[3.31846194000002,39.52169946999999],[3.31848561999999,39.52178950000001],[3.3185093000000165,39.521879539999986],[3.318556249999972,39.52196952000003],[3.318556619999981,39.52205061000001],[3.318521799999985,39.52206873],[3.3184290099999885,39.52213204999998],[3.318347860000017,39.522195350000004],[3.318336429999988,39.52224043000001],[3.3183252499999867,39.522339569999986],[3.318279000000018,39.522402769999985],[3.31820952999999,39.522475050000025],[3.318140050000011,39.52254732],[3.318093879999992,39.52262854000003],[3.318082699999991,39.52272768],[3.3181063800000175,39.52281771999998],[3.318118430000027,39.52290778999998],[3.318153740000014,39.522997799999985],[3.3181657800000153,39.52308786999998],[3.318154559999982,39.52317799999997],[3.3181200700000204,39.52326820000002],[3.3180855800000018,39.523358400000006],[3.3180627200000004,39.52344857000003],[3.3180049200000212,39.52352982000002],[3.3179471099999773,39.523611070000015],[3.317877640000006,39.52368333999999],[3.3177731700000095,39.52373769000002],[3.3177265900000066,39.52372881000002],[3.317610209999998,39.52372011],[3.3176100499999848,39.52368407],[3.3176678899999956,39.52361182999999],[3.3176908300000036,39.52353969000001],[3.31770204999998,39.52344955000001],[3.317759819999992,39.52335928999997],[3.31782929000002,39.52328702],[3.317840559999979,39.523205889999986],[3.3178170799999975,39.52316091],[3.3177469500000143,39.523089019999986],[3.317665180000006,39.523017159999995],[3.3175834599999803,39.52295430999999],[3.317548180000017,39.52287331000002],[3.3175245099999984,39.52278326999999],[3.317524100000014,39.522693170000025],[3.317523689999973,39.52260307],[3.317534910000006,39.522512930000005],[3.3175461299999824,39.522422800000015],[3.3175456800000234,39.52232369000001],[3.3175452699999823,39.52223357999998],[3.317544859999998,39.52214348000001],[3.317544450000014,39.52205337999999],[3.317544039999973,39.52196328000002],[3.3175436299999888,39.52187316999999],[3.3175315500000124,39.52177409000001],[3.317519500000003,39.52168402000001],[3.3174958299999844,39.52159397999998],[3.3174373300000184,39.521522059999995],[3.3173556400000166,39.521468219999974],[3.317250769999987,39.52143246999998],[3.3171458599999823,39.52138769999999],[3.3170641400000136,39.521324849999985],[3.3170405800000253,39.52126184000002],[3.317051890000016,39.52118973],[3.3170747500000175,39.52109955999998],[3.3171092399999793,39.52100937],[3.3171204700000203,39.520919230000004],[3.317108420000011,39.520829160000005],[3.317073359999995,39.52079321999997],[3.3169918400000142,39.52077542000001],[3.3168754999999805,39.520775730000025],[3.316747570000018,39.520785090000004],[3.3166312700000162,39.520794420000016],[3.316515009999989,39.52081276000001],[3.315119760000016,39.52099676],[3.314933489999987,39.52097022999999],[3.3148634899999934,39.520925369999986],[3.314851610000005,39.520871339999985],[3.314804670000001,39.52078136],[3.3147809899999743,39.520691320000026],[3.314768949999973,39.52060125000003],[3.3147685499999966,39.520511150000004],[3.314744870000027,39.52042110999997],[3.314721200000008,39.52033107],[3.314720790000024,39.520240969999975],[3.314767159999974,39.52020479999999],[3.3148369300000127,39.52019560000002],[3.314953179999975,39.52017726999998],[3.315069440000002,39.52015892999998],[3.3154640500000028,39.519950619999975],[3.3155916599999955,39.51986918],[3.315696109999976,39.51981483999998],[3.315765880000015,39.519805640000016],[3.315882209999984,39.51980531999999],[3.3160102300000176,39.51981397999998],[3.3161265200000116,39.51980465999998],[3.3162194700000214,39.519777369999986],[3.3162889899999755,39.519714109999995],[3.3163701400000036,39.51965081999998],[3.316439609999975,39.51957854],[3.316520720000028,39.51950624],[3.3166018300000246,39.51943394],[3.316671299999996,39.51936167000002],[3.316740779999975,39.51928938999998],[3.316810250000003,39.51921712000001],[3.3168913599999996,39.51914482000001],[3.316960839999979,39.519072540000025],[3.317030310000007,39.51900026999999],[3.3170997400000033,39.518918989999975],[3.3171692199999825,39.51884672],[3.317250329999979,39.51877440999999],[3.317284900000004,39.51870223999998],[3.3172614299999736,39.51865724999999],[3.317179660000022,39.51858539],[3.31710953999999,39.51851349999998],[3.3170277699999815,39.51844163999999],[3.3169692399999917,39.51836070000002],[3.316910699999994,39.51827976999999],[3.3168638000000215,39.51819879999999],[3.3168284899999776,39.51810879999999],[3.3167815499999733,39.51801882000001],[3.316746280000018,39.517937819999986],[3.316710969999974,39.517847819999986],[3.3166872900000044,39.51775778000001],[3.31664035,39.51766780000003],[3.3165934500000276,39.51758683999998],[3.316534919999981,39.5175059],[3.3164763799999832,39.51742496999998],[3.316406210000025,39.51734406999998],[3.3163244500000246,39.51727220999999],[3.316242740000007,39.51720935999998],[3.316149380000013,39.51714654],[3.3160676599999874,39.51708368999999],[3.315985909999995,39.51701183],[3.315927409999972,39.51693990000001],[3.3158688400000074,39.51684996],[3.315798710000024,39.51677806999999],[3.315728589999992,39.51670617000002],[3.3156468299999915,39.51663430999997],[3.3155651100000227,39.51657146000002],[3.315483389999997,39.51650861000002],[3.3153784500000256,39.51645482999999],[3.3152851799999894,39.51641003999998],[3.3151686900000072,39.51637431],[3.315052229999992,39.51634760000002],[3.3149358200000165,39.51632989000001],[3.3148194899999908,39.51633020999998],[3.3146915300000046,39.51633055000002],[3.314575320000017,39.5163579],[3.3145057199999997,39.51640314000002],[3.314424610000003,39.51647544000002],[3.3143551,39.51653870000001],[3.3142506799999865,39.516602060000025],[3.314146149999999,39.51663838000002],[3.3140415299999972,39.51665667999998],[3.3139135200000283,39.51664801999999],[3.313808740000013,39.516630280000015],[3.3137389400000075,39.516630469999996],[3.313680780000027,39.51663063000001],[3.313564489999976,39.51663995000001],[3.313448189999974,39.516649270000016],[3.3133319799999867,39.51667662],[3.3132274100000245,39.516703930000006],[3.3131111899999723,39.51673127999999],[3.313006659999985,39.51676759999998],[3.3128904499999976,39.51679494000001],[3.3127741100000208,39.51679525999998],[3.3127041899999767,39.51676841],[3.312587780000001,39.51675069999999],[3.3124714499999754,39.516751020000015],[3.3123434400000065,39.516742350000015],[3.3122271099999807,39.51674265999998],[3.312110780000012,39.516742980000004],[3.3119828100000177,39.51674331999999],[3.3118665599999986,39.51676164999998],[3.3117503099999794,39.516779989999975],[3.311634060000017,39.51679832000002],[3.311517760000015,39.516807640000025],[3.311389840000004,39.516816989999995],[3.311273509999978,39.516817300000014],[3.311145539999984,39.51681765000001],[3.311029210000015,39.516817960000026],[3.3109128400000145,39.51680926],[3.310854510000013,39.51677337000001],[3.3108426800000075,39.516728349999994],[3.310819009999989,39.51663831000002],[3.3107837100000097,39.51654830000001],[3.3107484500000055,39.516467309999996],[3.3107015100000012,39.51637733000001],[3.31065461999998,39.51629636000001],[3.3106076899999834,39.51620638000003],[3.310595649999982,39.51611630999997],[3.310606880000023,39.51602617999998],[3.3106533399999876,39.51600803000002],[3.3107695900000067,39.51598969999998],[3.310885840000026,39.51597136999999],[3.3110020500000132,39.515944030000014],[3.3111182999999755,39.51592569000002],[3.312070960000028,39.51564381999998],[3.3122684400000253,39.515580220000004],[3.312372939999989,39.51553488000002],[3.3124773900000264,39.51548054],[3.312570219999998,39.51542623],[3.312651360000018,39.51536293999999],[3.3127208399999972,39.51529067000001],[3.312766969999984,39.51520044],[3.312813140000003,39.515119219999974],[3.3128360000000043,39.51502906000002],[3.31283559000002,39.514938959999995],[3.312835189999987,39.51484885000002],[3.3128463799999963,39.51474970999999],[3.3128110800000172,39.51465969999998],[3.3127525500000274,39.514578760000006],[3.312670799999978,39.514506900000015],[3.31265891999999,39.514452870000014],[3.3126817799999912,39.51436271],[3.3126581500000043,39.51428168000001],[3.312599750000004,39.51422776999999],[3.312506439999993,39.514173959999994],[3.3124131000000148,39.51411114000001],[3.3123197900000036,39.514057330000014],[3.3122264900000005,39.51400352000002],[3.3121331899999973,39.51394970000001],[3.312016700000015,39.513913979999984],[3.311923390000004,39.51386015999998],[3.3118998499999748,39.513797150000016],[3.3118529500000022,39.513716190000025],[3.311782789999995,39.51363528000002],[3.3117824700000256,39.51356320000002],[3.3117704399999752,39.51347313000002],[3.311735139999996,39.513383120000015],[3.3116766499999812,39.513311190000024],[3.3116181299999994,39.51323026],[3.311548010000024,39.51315835999998],[3.3114663000000064,39.51309551000003],[3.3113845899999887,39.513032650000014],[3.311279660000025,39.51297886999998],[3.3111748000000034,39.51294310999998],[3.3110584400000107,39.512934410000014],[3.3109421500000167,39.512943740000026],[3.3108722299999727,39.512916889999985],[3.310848770000007,39.51287189999999],[3.3108018400000105,39.51278192000001],[3.31073176000001,39.51271903999998],[3.3106500499999925,39.51265618000002],[3.3106615199999965,39.51262011],[3.310649450000028,39.512521030000016],[3.3106028000000265,39.512494119999985],[3.310497870000006,39.51244034000001],[3.3103930099999843,39.51240458000001],[3.310299709999981,39.51235077000001],[3.310206370000003,39.51228794000002],[3.3101246300000184,39.51221607999997],[3.3100661400000035,39.51214414999998],[3.3099959900000044,39.51206324999998],[3.3099375099999975,39.51199131999999],[3.3099022100000184,39.511901309999985],[3.3099018099999853,39.51181121000002],[3.309889779999992,39.51172114000002],[3.309842930000002,39.511649180000006],[3.3097844000000123,39.511568239999974],[3.3097375199999988,39.511487269999975],[3.3096673599999917,39.511406369999975],[3.30960884000001,39.51132543],[3.3095387299999857,39.511253529999976],[3.309480210000004,39.51117260000001],[3.3094100499999968,39.51109169],[3.30935156999999,39.51101976000001],[3.309269830000005,39.51094790000002],[3.3091649400000165,39.51090312000002],[3.3090834700000187,39.510894329999985],[3.308967150000001,39.510894640000004],[3.308908869999982,39.51086776],[3.3088387500000067,39.51079586999998],[3.3087686000000076,39.51071495999997],[3.3087100800000258,39.51063402],[3.3086632000000122,39.51055305],[3.3086395299999936,39.510463010000024],[3.3086042400000224,39.510373000000016],[3.308568980000018,39.51029199999999],[3.308556909999993,39.51019292000001],[3.3085565100000167,39.510102819999986],[3.3085212199999887,39.51001280999998],[3.3084628199999884,39.509958900000015],[3.3083694499999865,39.50988705999998],[3.3082761100000084,39.50982424],[3.3081944099999987,39.509761379999986],[3.3081010700000206,39.509698560000004],[3.307996179999975,39.50965378000001],[3.3078914600000076,39.50964505000002],[3.3077751399999897,39.50964535999998],[3.3077168600000277,39.50961847999997],[3.3076933500000223,39.509564479999995],[3.307646429999977,39.50947450000001],[3.3075994999999807,39.509384520000026],[3.3075991100000124,39.50929442],[3.307633839999994,39.50925828999999],[3.3076452000000245,39.509195190000014],[3.307621700000027,39.50914118999998],[3.3075631799999883,39.509060250000005],[3.307493070000021,39.50898834999998],[3.307434549999982,39.508907410000006],[3.3073760400000083,39.508826469999974],[3.3073175200000264,39.50874553],[3.307270640000013,39.50866456],[3.3072005299999887,39.508592669999985],[3.3071071900000106,39.508529839999994],[3.307002269999998,39.50847606000002],[3.306920849999983,39.50847627000002],[3.306804530000022,39.50847657999998],[3.3067578800000206,39.508449670000005],[3.3067343399999913,39.508386659999985],[3.3067106799999806,39.50829662000001],[3.3066870200000267,39.50820657999998],[3.3066866300000015,39.508116470000004],[3.3066515300000106,39.50807150999998],[3.3065698699999757,39.508017670000015],[3.306464989999995,39.50797289000002],[3.3063716999999997,39.50791908000002],[3.3062783699999727,39.507856249999975],[3.306196629999988,39.507784379999975],[3.306184719999976,39.50772133999999],[3.3062075899999854,39.507631179999976],[3.3061840099999813,39.50755916000003],[3.3061256500000127,39.507514259999994],[3.3060323199999857,39.50745143],[3.3059389900000156,39.50738860000001],[3.305857290000006,39.50732575000001],[3.3057755599999723,39.50725388000001],[3.3056938600000194,39.50719101999999],[3.305600570000024,39.50713719999999],[3.3054956899999866,39.50709243],[3.305379290000019,39.50707470999998],[3.3051346400000057,39.506985250000014],[3.3050175299999864,39.50680534999998],[3.3049358000000097,39.50673347999998],[3.3048656899999855,39.506661580000014],[3.304772519999972,39.50663479999997],[3.304656130000012,39.50661708000001],[3.304539649999981,39.506581349999976],[3.304458000000011,39.506527500000004],[3.3043762600000264,39.506455630000005],[3.3042829400000073,39.506392800000015],[3.3042477700000177,39.50632982000002],[3.3042474100000163,39.50624872999998],[3.304247019999991,39.50615862000001],[3.3042001399999776,39.50607765000001],[3.3041416300000037,39.50599670999998],[3.304083119999973,39.50591577],[3.304012979999982,39.50583485999999],[3.303908139999976,39.50579909999999],[3.3038033799999766,39.50578135000001],[3.303686990000017,39.50576362999999],[3.303663570000026,39.50572764999998],[3.3036399100000153,39.50563761000001],[3.303604660000019,39.505556609999985],[3.3035346799999843,39.505511739999974],[3.3034298000000035,39.50546695999998],[3.303336559999991,39.505422150000015],[3.3033014299999763,39.505368180000005],[3.303266140000005,39.50527817],[3.3032076299999744,39.50519723000002],[3.303137530000015,39.50512533],[3.303067390000024,39.50504441999999],[3.303008879999993,39.504963480000015],[3.3029620099999875,39.504882510000016],[3.3028920200000016,39.504837640000005],[3.302810529999988,39.504819829999974],[3.302694250000002,39.50482914000003],[3.3025778200000104,39.504802410000025],[3.3025427300000274,39.50475745],[3.3024842300000046,39.504676510000024],[3.302460569999994,39.50458646999999],[3.3024136600000134,39.50449649000001],[3.302343559999997,39.504424589999985],[3.3022503899999833,39.50439779999999],[3.3021455599999854,39.50436202999998],[3.302029129999994,39.50433529999998],[3.3018312400000127,39.50429976999999],[3.301714849999996,39.50428205999998],[3.301598420000005,39.50425532999998],[3.3015051400000175,39.50420150999997],[3.301435079999976,39.50413861999999],[3.301341719999982,39.50406678000002],[3.3012484800000266,39.50402197],[3.301143599999989,39.50397717999999],[3.301038769999991,39.50394141999999],[3.3009338900000103,39.503896629999986],[3.300840569999991,39.503833799999995],[3.3007590400000026,39.50380697999998],[3.3006427299999928,39.50380727999999],[3.3005147900000225,39.503807619999975],[3.3003985500000113,39.50382594000001],[3.30029399,39.50385324000001],[3.300177759999997,39.50387155999999],[3.3000615199999856,39.503889879999974],[3.299991739999996,39.50389006],[3.299945100000002,39.50386314999997],[3.2999448200000074,39.50380008000002],[3.299979370000017,39.503718890000016],[3.300037180000004,39.50363764999997],[3.3000833500000226,39.50355644000001],[3.3001411600000097,39.503475200000025],[3.3001873300000284,39.50339398],[3.3002451400000155,39.50331274000001],[3.3002913199999853,39.503231529999994],[3.3003491200000212,39.50315029000001],[3.3003953400000228,39.50307808000002],[3.3003949499999976,39.50298798],[3.300394639999979,39.502915900000005],[3.3004291799999805,39.50283472000001],[3.3005103300000087,39.502771429999996],[3.300614810000013,39.502726110000026],[3.3007076600000005,39.50268082000002],[3.300812150000013,39.5026355],[3.3009049199999936,39.502572180000016],[3.300951209999994,39.50251800000001],[3.300962459999994,39.50242787000002],[3.3009620700000255,39.50233777],[3.3009850600000163,39.50227462999999],[3.3010545700000193,39.502211380000006],[3.3011590899999987,39.50217507000002],[3.301275320000002,39.50215674999998],[3.301379880000013,39.502129439999976],[3.3014960799999926,39.50210211000001],[3.301600559999997,39.50205678999998],[3.3016817399999923,39.50200252000002],[3.301739619999978,39.501939289999996],[3.3017624899999873,39.50184912999998],[3.3017737399999874,39.50175899999999],[3.301819910000006,39.50167778000002],[3.3019010099999946,39.501605489999974],[3.301982150000015,39.501542210000025],[3.3020283999999833,39.501479010000025],[3.302028010000015,39.50138891],[3.302004360000012,39.50129887000003],[3.301969120000024,39.501217870000005],[3.3019570999999814,39.50112779],[3.301921859999993,39.501046789999975],[3.301863389999994,39.500974859999985],[3.3017932999999857,39.50090296000002],[3.3017463900000052,39.50081297999998],[3.301746229999992,39.50077693999998],[3.30174599999998,39.50072288000001],[3.301710720000017,39.500632859999996],[3.3016638799999782,39.50056089999998],[3.3015938699999765,39.500507019999986],[3.30147740000001,39.50047128],[3.3013610599999765,39.500462570000025],[3.3012447199999997,39.50045385999999],[3.301128370000015,39.50044516000003],[3.301035249999984,39.50042738000002],[3.3009303399999794,39.50037357999997],[3.30083707,39.500319760000025],[3.3007438299999876,39.500274950000005],[3.300627440000028,39.50025722999999],[3.300511140000026,39.50025753],[3.3003947600000174,39.50023980999998],[3.300278409999976,39.50023110000001],[3.300162069999999,39.500222399999984],[3.3000922100000025,39.50020454999998],[3.300045529999977,39.50016863000002],[3.3000335099999916,39.50007856000002],[3.300021539999989,39.499997500000006],[3.2999747800000137,39.49994356000002],[3.2999048400000106,39.499907699999994],[3.2998350999999957,39.49991689000001],[3.299730660000023,39.49997122000002],[3.2996495200000027,39.50003450000003],[3.2995800400000235,39.500106759999994],[3.2995105699999954,39.50017902000002],[3.299441100000024,39.500251289999994],[3.29938328999998,39.50033252999998],[3.2993487499999787,39.500413709999975],[3.299302609999984,39.50050392999998],[3.299244690000023,39.50055814000001],[3.299151800000004,39.50059442999998],[3.2990354899999943,39.50059471999998],[3.298919230000024,39.50060402999998],[3.2988030399999957,39.50063136],[3.2986985499999832,39.500676680000026],[3.29866370000002,39.500685780000026],[3.2986633900000015,39.500613699999974],[3.2987212400000203,39.50054146999997],[3.2987790399999994,39.50046022999999],[3.298813549999977,39.50037004000001],[3.298859719999996,39.50028881999998],[3.298882600000013,39.500198660000024],[3.2989054799999735,39.50010850000001],[3.298928349999983,39.50001834],[3.298916570000017,39.499982320000015],[3.298834999999997,39.49994649000001],[3.2987186199999883,39.49992877],[3.2986022700000035,39.49992006000002],[3.2984859700000015,39.499920359999976],[3.2983696599999917,39.49992065999999],[3.2982533599999897,39.49992096],[3.2981370900000115,39.499930259999985],[3.2980208299999845,39.49993956999998],[3.297904640000013,39.499966900000004],[3.2977884100000097,39.499985219999985],[3.2976953699999854,39.499985460000005],[3.297613800000022,39.49994963],[3.2975553800000057,39.49988669999999],[3.297531740000011,39.499796660000015],[3.297508279999988,39.49975167000002],[3.2974384199999918,39.499733830000025],[3.2973221999999964,39.49975214],[3.297217680000017,39.49978844999998],[3.297113149999973,39.499824760000024],[3.297008670000025,39.499870079999994],[3.2968925199999717,39.49990642],[3.2967879600000174,39.49993372],[3.296671769999989,39.499961050000024],[3.296555469999987,39.49996134000003],[3.296462389999988,39.499952570000005],[3.2963808200000244,39.49991674],[3.2963223599999765,39.499844800000005],[3.296252240000001,39.49976389],[3.2962053699999956,39.49968290999999],[3.29615849999999,39.49960193999999],[3.296100009999975,39.49952099000001],[3.296041510000009,39.499440049999976],[3.296018100000026,39.499404070000026],[3.296075910000013,39.49932282999998],[3.2961570100000017,39.49925053999999],[3.2962148600000205,39.49917830999999],[3.2962726700000076,39.499097070000005],[3.296342139999979,39.49902480999998],[3.296423290000007,39.498961529999974],[3.29652772999998,39.49890720000002],[3.2965972399999828,39.49884394999998],[3.2966434200000094,39.49876274000002],[3.296643039999992,39.49867262999999],[3.2966193999999973,39.49858259000001],[3.2965957900000262,39.49850156000002],[3.296560520000014,39.498411540000006],[3.296560139999997,39.498321439999984],[3.2966063100000156,39.49824023000002],[3.29667575000002,39.49815896000001],[3.296768600000007,39.49811367000001],[3.2968730800000117,39.49806834999998],[3.296989269999983,39.49804102000002],[3.2971055300000103,39.49803171000002],[3.297221869999987,39.49804043],[3.2973382499999957,39.49805815000002],[3.2974430699999857,39.498093919999974],[3.297536379999997,39.49815675999997],[3.2976180599999907,39.498219619999986],[3.2976997800000163,39.49829149999999],[3.297769829999993,39.498354389999975],[3.29785142999998,39.49839923000002],[3.297967770000014,39.49840793999999],[3.298084000000017,39.49838962000001],[3.2982001799999807,39.4983623],[3.298316409999984,39.498343980000016],[3.2984326299999793,39.49832565999998],[3.2985488599999826,39.49830734],[3.2986534500000175,39.49828904999998],[3.298781350000013,39.49827971000002],[3.298897650000015,39.49827941000001],[3.299013909999985,39.49827010000001],[3.2991184300000214,39.49823378999997],[3.299222869999994,39.49817946000002],[3.2993157199999814,39.498134170000014],[3.299431900000002,39.49810683999999],[3.2995480899999734,39.498079510000025],[3.299606200000028,39.49807034999998],[3.2996409400000175,39.49803422000002],[3.299640629999999,39.49796213000002],[3.2995705399999906,39.497890229999996],[3.299535339999977,39.497818240000015],[3.2995233199999916,39.497728170000016],[3.2995229300000233,39.497638059999986],[3.2994760700000256,39.49755708999999],[3.29942920000002,39.49747611999999],[3.299370699999997,39.497395170000004],[3.2993470499999944,39.49730512999997],[3.299288629999978,39.497242210000024],[3.299218660000008,39.497197340000014],[3.2991023199999745,39.49718862999998],[3.298974390000012,39.49718896000002],[3.298858129999985,39.497198260000005],[3.298753579999982,39.497225560000004],[3.298660610000013,39.497243819999994],[3.298614090000001,39.497243939999976],[3.2985905699999876,39.49718093000001],[3.298625070000014,39.497090739999976],[3.2986247200000207,39.497009649999995],[3.298589600000014,39.49695566999998],[3.2985429299999964,39.49691975000002],[3.2984149999999772,39.496920079999995],[3.298298740000007,39.49692938999999],[3.2981825499999786,39.496956720000014],[3.2980779600000005,39.49697501000003],[3.297961820000012,39.49701134999998],[3.2978455900000085,39.49702967000002],[3.2977410400000053,39.49705697000002],[3.297624849999977,39.497084289999975],[3.2975203400000055,39.49712060000002],[3.297450749999996,39.49716582999997],[3.297416049999981,39.497210970000026],[3.297439689999976,39.49730102000001],[3.297439890000021,39.49734606999999],[3.2973819700000035,39.49740028000002],[3.2972891200000163,39.497445570000025],[3.297172929999988,39.49747289999999],[3.297056590000011,39.49746418000001],[3.296975219999979,39.49747339999999],[3.296894000000009,39.497518660000026],[3.2968477100000086,39.497572839999975],[3.296789639999986,39.49759101000001],[3.296696520000012,39.49757323],[3.296638180000002,39.49752833000002],[3.2966263600000048,39.4974833],[3.2966608699999824,39.49739311000002],[3.296695409999984,39.49731193000002],[3.2967299200000184,39.497221739999986],[3.296764470000028,39.49714055999999],[3.2967640400000278,39.497041439999975],[3.2967520299999933,39.49695136999998],[3.2967169099999865,39.49689740000002],[3.296635309999999,39.49685255000003],[3.2965189399999986,39.49683483000001],[3.2964026000000217,39.49682611999998],[3.2962863000000198,39.49682640999998],[3.2961583700000006,39.49682674000002],[3.2961118100000135,39.49681785000001],[3.296065100000021,39.49677292000001],[3.2960648700000093,39.49671884999998],[3.2961111199999777,39.49665565999999],[3.29620392999999,39.49660136],[3.2962850800000183,39.49653807999999],[3.2963662199999817,39.49647479999999],[3.296447320000027,39.496402509999996],[3.296505130000014,39.49632127000001],[3.296551299999976,39.49624005999999],[3.29660911000002,39.496158820000005],[3.2966552799999818,39.496077609999986],[3.2967014600000084,39.495996400000024],[3.296747630000027,39.495915190000005],[3.296805440000014,39.49583395000002],[3.2968632399999933,39.495752700000025],[3.296921080000004,39.495680470000025],[3.2969788899999912,39.49559922999998],[3.297036690000027,39.495517989999996],[3.297082859999989,39.49543677999998],[3.2971057400000063,39.49534662000002],[3.2971169900000064,39.49525648000002],[3.297104970000021,39.495166410000024],[3.2970697000000087,39.495076400000016],[3.2970344700000283,39.494995389999985],[3.296999200000016,39.49490537999998],[3.296963930000004,39.494815370000026],[3.2969287299999905,39.49474336999998],[3.2968703099999743,39.494680449999976],[3.2967654600000174,39.49463566999998],[3.296649080000009,39.49461794000001],[3.2965328299999896,39.49462725000001],[3.2964165700000194,39.494636560000004],[3.2963002700000175,39.494636850000006],[3.296184059999973,39.49465516999999],[3.2960561699999857,39.49466451000001],[3.2959399499999904,39.49468281999998],[3.295835440000019,39.49471913000002],[3.2957192499999906,39.49474645999999],[3.295603029999995,39.49476477000002],[3.29548681,39.49478309],[3.295382220000022,39.49480138000001],[3.2952659300000278,39.494801670000015],[3.2951380000000086,39.49480199999999],[3.2950334500000054,39.494829289999984],[3.294928970000001,39.49487461000001],[3.2948244599999725,39.494910919999995],[3.2947082000000023,39.49492021999998],[3.2945919399999752,39.49492952999998],[3.294475649999981,39.49492981999998],[3.2943593100000044,39.49492111000001],[3.294231389999993,39.49492142999998],[3.294115130000023,39.49493073999997],[3.2939989100000275,39.49494905],[3.2938826899999754,39.49496736999998],[3.293766430000005,39.49497667000003],[3.293719870000018,39.494967780000025],[3.293789389999972,39.494904529999985],[3.2938822300000083,39.49485923999998],[3.2939750400000207,39.49480495],[3.2940794799999935,39.49475061999999],[3.294183999999973,39.494714310000006],[3.2942884700000263,39.49466899999999],[3.2943930299999806,39.49464169999999],[3.294509170000026,39.49460535999998],[3.2946019799999817,39.49455107],[3.294659899999999,39.49449686000003],[3.2946827800000165,39.49440670000001],[3.2947405799999956,39.49432546000003],[3.294763610000018,39.49427134000001],[3.294763460000013,39.494235290000006],[3.2947052399999848,39.494217419999984],[3.2946006899999816,39.49424471999998],[3.294519359999981,39.49426294],[3.2944030200000043,39.494254230000024],[3.2942981699999905,39.49420944000002],[3.2941933899999754,39.494182679999994],[3.2940770600000064,39.49417396000001],[3.2939607999999794,39.49418327000001],[3.2938446499999827,39.49421960000001],[3.2937401400000113,39.49425590999999],[3.293623920000016,39.49427422000002],[3.2935077000000206,39.494292540000004],[3.2933914800000252,39.49431084999998],[3.293275259999973,39.49432916000001],[3.2931590399999777,39.49434747999999],[3.2930427499999837,39.49434776999999],[3.2929264900000135,39.49435706999998],[3.292798570000002,39.49435740000001],[3.2926822700000002,39.494357690000015],[3.292565980000006,39.49435798000002],[3.2924496800000043,39.49435827999997],[3.2923333900000102,39.494358569999974],[3.2922170900000083,39.49435885999998],[3.292089130000022,39.49435017000002],[3.2919727600000215,39.494332439999994],[3.2918796499999985,39.494314659999986],[3.291844640000022,39.49428770999998],[3.2918328599999995,39.49425170000001],[3.2919140500000026,39.49419743999999],[3.292030230000023,39.49417011000003],[3.2921464500000184,39.4941518],[3.2922510000000216,39.494124510000006],[3.2923671400000103,39.49408817],[3.2924833600000056,39.494069860000025],[3.292587910000009,39.494042560000025],[3.292704130000004,39.494024249999995],[3.2928203199999757,39.49399692999998],[3.29293653000002,39.49397861],[3.2930527500000153,39.493960300000026],[3.2931689700000106,39.493941989999996],[3.293273520000014,39.49391469],[3.293366330000026,39.49386039000001],[3.2934591399999817,39.49380609999997],[3.293540240000027,39.49373380999998],[3.2936213899999984,39.493670529999974],[3.293714190000003,39.493616229999986],[3.2938069599999835,39.49355293000002],[3.293899769999996,39.493498629999976],[3.293992619999983,39.493453339999974],[3.2940970899999797,39.49340803000001],[3.2942015699999843,39.493362709999985],[3.2942943699999887,39.49330841],[3.2943524099999877,39.49328122999998],[3.2943870299999958,39.49321807000001],[3.294386760000009,39.493155],[3.294328269999994,39.493074060000026],[3.2942699399999924,39.493029149999984],[3.294234710000012,39.49294815000002],[3.2942226999999775,39.49285807000001],[3.2941874300000222,39.49276806],[3.2941637999999784,39.49267802000003],[3.294128530000023,39.49258800000001],[3.2940816700000255,39.49250703000001],[3.2940231800000106,39.49242607999997],[3.2939299199999823,39.49237225000002],[3.2938366999999857,39.49232744],[3.293731849999972,39.49228264999999],[3.2936154399999964,39.49225590999998],[3.293522180000025,39.49220208999998],[3.293440509999982,39.49213922000001],[3.2933588099999724,39.492067340000006],[3.2932887700000038,39.492004450000024],[3.293207059999986,39.49193257000002],[3.2931370200000174,39.49186967999998],[3.293043720000014,39.49180683999998],[3.292950459999986,39.491753010000025],[3.292845609999972,39.49170822000002],[3.2927523500000007,39.491654400000016],[3.292647499999987,39.49160961000001],[3.2925426900000048,39.49157382999999],[3.2924262500000054,39.49153808],[3.2923214400000234,39.49150229999998],[3.292205029999991,39.49147556999998],[3.2920886699999983,39.49145784000001],[3.2919723399999725,39.49144912000003],[3.291867570000022,39.49142234999999],[3.291751130000023,39.4913866],[3.291704569999979,39.491377709999995],[3.2917044199999737,39.49134167],[3.291808969999977,39.49131437],[3.2919251499999973,39.49128704999998],[3.2920296600000256,39.491250750000006],[3.292134130000022,39.49120542999998],[3.2922386399999937,39.49116913],[3.292354820000014,39.49114179999998],[3.292471110000008,39.49114150999998],[3.292587400000002,39.491141219999975],[3.292703759999995,39.49115895],[3.2928201299999955,39.491176670000016],[3.2929364899999882,39.49119439999998],[3.293052859999989,39.49121213000001],[3.2931691900000146,39.49122084999999],[3.293285360000027,39.491193520000024],[3.2933781699999827,39.49113921999998],[3.2934594199999765,39.491102979999994],[3.2935756699999956,39.49109367],[3.2936919599999896,39.491093379999995],[3.293819840000026,39.491084049999984],[3.2939128400000186,39.49107479999998],[3.2939940499999807,39.49102954],[3.2940518500000167,39.490948300000014],[3.2940980299999865,39.490867089999995],[3.2941092799999865,39.490776960000005],[3.294108900000026,39.49068685999998],[3.2941434100000038,39.49059667],[3.294166280000013,39.49050649999998],[3.294177530000013,39.49041636999999],[3.2941657200000236,39.490371349999975],[3.294072500000027,39.490326530000004],[3.2939560899999947,39.4902998],[3.2938513199999875,39.490273030000026],[3.2937349599999948,39.4902553],[3.2936650699999745,39.49022845000002],[3.2936417000000233,39.490201479999996],[3.2937111699999946,39.49012921999997],[3.293803969999999,39.490074919999984],[3.2938967700000035,39.490020619999996],[3.293989580000016,39.489966330000016],[3.2940823399999886,39.489903019999986],[3.2941518100000167,39.48983076000002],[3.294221279999988,39.48975849999999],[3.294279119999999,39.48968626999999],[3.294336890000011,39.48959602000002],[3.294359799999995,39.489514869999994],[3.2943826800000124,39.48942470999998],[3.29441718999999,39.48933452],[3.2944400599999994,39.48924434999998],[3.2944513099999995,39.48915421999999],[3.2944394599999782,39.48910018999999],[3.2943577500000174,39.48902830999998],[3.2942529000000036,39.488983529999985],[3.2941712400000256,39.48892066000002],[3.294101160000025,39.488848759999996],[3.2940777499999854,39.48881276999998],[3.2941122999999948,39.488731589999986],[3.2941702100000043,39.48867738000001],[3.294193240000027,39.48862326],[3.294169609999983,39.48853322000002],[3.294122870000024,39.48847927000003],[3.2941225600000053,39.488407189999975],[3.2941687,39.48831697000003],[3.2942032400000016,39.488235789999976],[3.2942028599999844,39.48814569000001],[3.2942257400000017,39.48805551999999],[3.2942602499999794,39.48796533000001],[3.294294789999981,39.48788415000001],[3.2943293000000153,39.487793959999976],[3.294375469999977,39.487712750000014],[3.294421639999996,39.487631539999995],[3.2944329700000026,39.487559429999976],[3.2943976999999904,39.48746941000002],[3.2943392199999835,39.487388469999985],[3.2943156200000203,39.48730742999999],[3.2943384999999807,39.487217269999974],[3.2943497499999808,39.487127139999984],[3.294337779999978,39.48704608000003],[3.2942909199999804,39.48696510000002],[3.2942092600000024,39.486902240000006],[3.2941275900000164,39.486839369999984],[3.2940691100000095,39.48675842],[3.294033959999979,39.486695440000005],[3.2939407100000153,39.48664160999999],[3.293824270000016,39.486605870000005],[3.293800939999983,39.48658790000002],[3.2938470799999777,39.486497680000014],[3.2938934399999766,39.486461529999985],[3.293916469999999,39.48640740000002],[3.2938812799999937,39.48633540999998],[3.293834650000008,39.48630850000001],[3.29371832999999,39.486299780000024],[3.2936019800000054,39.48628205],[3.293497249999973,39.486264300000016],[3.293380930000012,39.48625557999998],[3.2932994500000063,39.48623777],[3.2932644900000128,39.48621982999998],[3.293299110000021,39.486156670000014],[3.2933802499999842,39.486093400000016],[3.293449790000011,39.48603916000002],[3.2934843699999874,39.48596699000001],[3.293483990000027,39.48587687999998],[3.2934487699999977,39.48579588000001],[3.2934134999999856,39.485705859999996],[3.2933898699999986,39.48561582000002],[3.2933546099999944,39.48552581000001],[3.2933310099999744,39.485444770000015],[3.2933073799999875,39.48535472999998],[3.2932721199999833,39.485264710000024],[3.293236890000003,39.48518371],[3.2932016299999987,39.485093689999985],[3.2931431499999917,39.48501275000001],[3.293096300000002,39.48493177],[3.2930727400000137,39.48485975],[3.2930142999999816,39.48478781],[3.292909420000001,39.48473401000001],[3.2928046600000016,39.484707249999985],[3.2926998199999957,39.48466245999998],[3.292606639999974,39.484626649999996],[3.292490359999988,39.484626950000006],[3.2923741600000085,39.48464525999998],[3.2922580300000277,39.48468158999998],[3.292165119999993,39.48470886000001],[3.292048799999975,39.48470013999997],[3.291944000000001,39.48466436000001],[3.2918392000000267,39.48462857999999],[3.2917344400000275,39.48460182000002],[3.2916297900000018,39.48460208],[3.291525320000005,39.48464739000002],[3.2914325200000007,39.48470169000001],[3.29135143000002,39.48477396999999],[3.291270259999976,39.48482824000001],[3.2911775000000034,39.484891549999986],[3.291072960000008,39.48491883999998],[3.290956719999997,39.48492814000002],[3.2908405100000095,39.484946449999995],[3.290736050000021,39.48499177000002],[3.2906549200000086,39.48505504000002],[3.2905854499999805,39.48512729999999],[3.2905042799999933,39.48518156],[3.2903881099999808,39.485208880000016],[3.2902718600000185,39.485218180000004],[3.2901555400000007,39.48520946000002],[3.290039190000016,39.48519173],[3.289922869999998,39.485183010000014],[3.289806590000012,39.48518330000002],[3.2896903800000246,39.48520160999999],[3.289574210000012,39.485228930000005],[3.2894697099999917,39.48526522999998],[3.289376909999987,39.48531952000002],[3.2893072900000107,39.48535572999998],[3.2891910800000232,39.48537404000001],[3.2890747999999803,39.48537433000001],[3.288958589999993,39.485392639999986],[3.2888541300000043,39.485437950000005],[3.288761319999992,39.485492239999985],[3.2886802200000034,39.48556452999998],[3.2886107499999753,39.48563677999999],[3.2885645700000055,39.48571799000001],[3.2885183999999867,39.485799199999974],[3.288472220000017,39.485880399999985],[3.288426080000022,39.48597061999999],[3.2883682300000032,39.48604284999999],[3.288298759999975,39.486115100000006],[3.2882176599999866,39.48618739],[3.2881481900000153,39.486259640000014],[3.2880787199999872,39.48633189999998],[3.2880325400000174,39.48641309999999],[3.287974580000025,39.48645829999998],[3.287869960000023,39.48646757],[3.2877536099999816,39.486449830000026],[3.2876488399999744,39.48642305999999],[3.287532409999983,39.48638731],[3.287427600000001,39.48635152000003],[3.2873228000000267,39.48631574000001],[3.2872878399999763,39.48629779999999],[3.287334020000003,39.48621659999998],[3.28739182999999,39.48613535999999],[3.287461300000018,39.486063109999975],[3.287519110000005,39.48598186999999],[3.287565289999975,39.48590066000003],[3.287623100000019,39.48581942999999],[3.2876692799999887,39.48573821999997],[3.2877270800000247,39.48565697999999],[3.2877732599999945,39.48557577999998],[3.2878310699999815,39.48549453999999],[3.2878888800000254,39.485413300000005],[3.2879583499999967,39.48534104999999],[3.288039449999985,39.485268770000005],[3.2881089200000133,39.48519650999998],[3.288166760000024,39.48512428999999],[3.288189719999991,39.48505215],[3.2882708199999797,39.48497986000001],[3.288363590000017,39.48491655999999],[3.2884447199999727,39.48485328999999],[3.288467760000003,39.484799169999974],[3.2884675299999913,39.484745110000006],[3.2883858399999895,39.48467321999999],[3.288292590000026,39.48461938999998],[3.2881993500000135,39.48456556000002],[3.288094469999976,39.484511759999975],[3.2879896700000018,39.484475970000005],[3.2878848700000276,39.48444018999999],[3.2877800300000217,39.48439539999998],[3.2876752700000225,39.48436862],[3.287558880000006,39.48434187999999],[3.2874424899999894,39.48431513999998],[3.287326099999973,39.48428839000002],[3.2872213300000226,39.484261619999984],[3.287104979999981,39.48424388000001],[3.2869885900000213,39.48421714],[3.2868722700000035,39.48420841000001],[3.2867559900000174,39.48420870000001],[3.286639789999981,39.484227009999984],[3.2865235500000267,39.48423630000002],[3.2864654100000052,39.48423644000002],[3.2863953400000128,39.48416452999999],[3.2863601299999914,39.48408353000002],[3.2863366899999846,39.48403853000002],[3.286371420000023,39.48400240000001],[3.2864759600000184,39.483975120000025],[3.286592170000006,39.483956809999995],[3.2867083699999853,39.48393850000002],[3.2868246200000044,39.483929209999985],[3.2869408899999826,39.48392891999998],[3.2870571700000255,39.48392863999999],[3.287185079999972,39.48392832000002],[3.28730139999999,39.48393705000001],[3.2874177499999746,39.483954779999976],[3.2875341000000162,39.48397251],[3.287650460000009,39.48399024999998],[3.287755220000008,39.48401702000001],[3.287871540000026,39.48402575],[3.2879879299999857,39.48405249000001],[3.288104320000002,39.48407923000002],[3.288220630000012,39.48408796000001],[3.2883370199999717,39.48411470000002],[3.288441750000004,39.48413246000001],[3.2885581400000206,39.48415920999997],[3.2886744900000053,39.48417694],[3.288790810000023,39.48418565999998],[3.2889070499999775,39.48417635999999],[3.289011560000006,39.484140060000016],[3.2891160199999945,39.48409475],[3.289220489999991,39.48404943999998],[3.28932506000001,39.48403115999997],[3.289441380000028,39.48403988000001],[3.2895575499999836,39.48401256],[3.2896620099999723,39.48396724999998],[3.2897548099999767,39.48391296],[3.289835910000022,39.483840680000014],[3.2899170399999775,39.48377740000001],[3.2899865100000056,39.48370514999999],[3.290067599999986,39.48363286],[3.2901370700000143,39.483560609999984],[3.290194910000025,39.48348837999998],[3.2902527200000122,39.48340714],[3.290298849999999,39.48331691999999],[3.2903334000000086,39.48323574],[3.2903679099999863,39.48314555000002],[3.2903907900000036,39.483055390000004],[3.2904020799999785,39.48297427],[3.290366860000006,39.482893260000026],[3.2902967900000135,39.482821349999995],[3.290203550000001,39.48276751999998],[3.290098750000027,39.48273174000002],[3.2899940600000264,39.48272299000001],[3.289877900000022,39.48275030999997],[3.2897734399999763,39.48279561999999],[3.2896689400000128,39.482831929999975],[3.2895527300000253,39.48285023],[3.289459710000017,39.48285046000001],[3.289354909999986,39.48281467999999],[3.28927348000002,39.48280586999999],[3.2891572799999835,39.48282418000002],[3.2890411500000027,39.48286051000002],[3.2889483100000234,39.48290579000002],[3.2888321899999937,39.48294212000002],[3.2887159800000063,39.48296042999999],[3.288623180000002,39.48301472000003],[3.2885420499999896,39.48307799999998],[3.288449249999985,39.483132290000015],[3.2883330500000056,39.48315059999999],[3.2882168099999944,39.483159890000024],[3.2881004500000017,39.48314216],[3.287984100000017,39.483124429999975],[3.287879299999986,39.483088640000005],[3.287774469999988,39.48304385],[3.2876812200000245,39.48299001999999],[3.287587980000012,39.482936189999975],[3.2874831099999824,39.48288237999998],[3.2873783100000082,39.482846600000016],[3.2872735099999773,39.48281080999999],[3.2871571599999925,39.48279308000002],[3.2870408499999826,39.48278435999998],[3.286924499999998,39.48276662000001],[3.286808150000013,39.48274888999998],[3.2866917900000203,39.482731150000006],[3.2865754100000117,39.48270441],[3.286459060000027,39.48268667000002],[3.286412470000016,39.482668760000024],[3.286377440000024,39.482632809999984],[3.2864119899999764,39.48255162999999],[3.2864351000000056,39.48251553],[3.2865513799999917,39.482515250000006],[3.2866561700000148,39.482551030000025],[3.2867725199999995,39.48256875999999],[3.2868888400000174,39.48257748999998],[3.2870050799999717,39.482568189999995],[3.287121280000008,39.48254988999997],[3.287237559999994,39.48254960000003],[3.2873538299999723,39.482549310000024],[3.28747014999999,39.482558040000015],[3.2875865299999987,39.482584780000025],[3.287691300000006,39.48261156000001],[3.2878076800000144,39.48263830000002],[3.287924110000006,39.482674050000014],[3.288028870000005,39.48270083],[3.2881102299999725,39.482691620000026],[3.288214729999993,39.48265531999999],[3.2883074900000224,39.48259201000002],[3.288388619999978,39.48252874000002],[3.2884814199999823,39.482474449999984],[3.288574219999987,39.482420160000004],[3.2886786799999754,39.482374849999985],[3.288783140000021,39.48232954000002],[3.2888992700000017,39.48229321000002],[3.288992140000005,39.48225694000001],[3.2890965700000265,39.48220262000001],[3.289177699999982,39.48213934],[3.2892471299999784,39.48205808],[3.2892816799999878,39.48197690000001],[3.289292929999988,39.48188677000002],[3.2893391100000144,39.48180556],[3.289373650000016,39.48172438],[3.2893732800000066,39.48163426999997],[3.2893380300000103,39.48154426000002],[3.2892911800000206,39.481463280000014],[3.2892327100000216,39.481382329999974],[3.289220969999974,39.481355329999985],[3.2892673700000046,39.48132817999999],[3.2893836800000145,39.48133690999998],[3.289488399999982,39.48135466999997],[3.2896047500000236,39.4813724],[3.2897211399999833,39.48139914000001],[3.2898259300000063,39.48143492000003],[3.289942320000023,39.48146165999998],[3.290058629999976,39.48147039000003],[3.290174910000019,39.481470100000024],[3.2902911099999983,39.481451789999994],[3.2903956100000187,39.48141549000002],[3.2905000700000073,39.48137016999999],[3.290604529999996,39.48132485999997],[3.2907090200000084,39.481288559999996],[3.290813519999972,39.48125225000001],[3.2909179800000175,39.48120693999999],[3.291022440000006,39.481161629999974],[3.291126889999987,39.481116310000004],[3.2911964699999885,39.48107109],[3.2912310899999966,39.481007929999976],[3.291230750000011,39.48092682999999],[3.291172280000012,39.48084589000001],[3.2911022100000196,39.48077397999998],[3.2910437799999954,39.48070203999998],[3.291008519999991,39.480612029999975],[3.2909848900000043,39.48052197999999],[3.2909729599999764,39.48044993000002],[3.2909144899999774,39.48036897999998],[3.2908328699999743,39.48031512],[3.2907745499999805,39.48027022000002],[3.2907509199999936,39.48018016999998],[3.2907158200000026,39.48012619999997],[3.290634130000001,39.48005432000002],[3.2905640999999832,39.479991419999976],[3.2905172200000266,39.479901429999984],[3.29047036999998,39.479820459999985],[3.2904003099999954,39.47974855000001],[3.2903186199999936,39.47967667],[3.290248560000009,39.47960475999997],[3.2902250800000274,39.479550759999995],[3.2902363300000275,39.47946062],[3.290259400000025,39.479415510000024],[3.290200930000026,39.47933456999999],[3.290119279999999,39.47927170000003],[3.2900492100000065,39.479199789999996],[3.28997910999999,39.47911886999998],[3.2899440099999993,39.47906489000002],[3.2899552599999993,39.47897476000003],[3.2899781400000165,39.478884600000015],[3.2899894000000245,39.478794470000025],[3.2899890200000073,39.478704359999995],[3.289988649999998,39.47861425999997],[3.2899882799999887,39.478524160000006],[3.2899646500000017,39.47843411000002],[3.2899293899999975,39.478344100000015],[3.2899057999999854,39.47826306000002],[3.2899053900000013,39.47816395000001],[3.2898933899999747,39.47807387],[3.289881390000005,39.477983800000004],[3.2898693899999785,39.47789372],[3.289869020000026,39.477803619999975],[3.289857129999973,39.47774057999999],[3.2897987299999727,39.477677649999976],[3.289705490000017,39.47762382000002],[3.289600670000027,39.477579030000015],[3.2895306099999857,39.477507119999984],[3.289483729999972,39.47741712999999],[3.2894485099999997,39.47733612000002],[3.2894364699999983,39.47723703999998],[3.289412879999986,39.47715599999998],[3.28937762999999,39.47706599000003],[3.289330790000008,39.47698501000002],[3.2892607300000236,39.47691309999999],[3.2891790799999967,39.476850230000025],[3.2890857699999856,39.476778379999985],[3.2890273400000183,39.47670643999999],[3.288992119999989,39.47662543000001],[3.28896850000001,39.47653538999998],[3.2889332400000058,39.47644537000002],[3.288886400000024,39.476364390000015],[3.2888395599999853,39.47628341000001],[3.288792679999972,39.476193420000016],[3.2887574700000073,39.47611241999999],[3.288757099999998,39.47602231000002],[3.2887452800000005,39.47597729],[3.2886636399999816,39.47591441999998],[3.288547219999998,39.475878669999986],[3.288465610000003,39.475824810000006],[3.288383930000009,39.47575291999999],[3.2883138700000245,39.47568101000002],[3.288267000000019,39.475591029999975],[3.288243410000007,39.47550998999998],[3.288254629999983,39.47541085],[3.2882775499999752,39.475329699999975],[3.2883004299999925,39.47523954000002],[3.2883233100000098,39.475149380000005],[3.2883229400000005,39.475059269999974],[3.288287720000028,39.47497827000001],[3.288206080000009,39.474915399999986],[3.2881128399999966,39.47486156000002],[3.2880080599999815,39.47482578],[3.287926519999985,39.474789939999994],[3.287868059999994,39.47470899000001],[3.287798080000016,39.47465510000001],[3.287693289999993,39.47461931999999],[3.287576989999991,39.47461059],[3.2874607300000207,39.47461088],[3.2873444699999936,39.474611159999995],[3.2872282399999904,39.47462045999998],[3.287112050000019,39.47463877000001],[3.2870075600000064,39.47467506999999],[3.28691477000001,39.474729360000026],[3.2868453099999897,39.474801609999986],[3.28679913000002,39.474882820000005],[3.2867646199999854,39.474973009999985],[3.2867301200000156,39.47506320000002],[3.2866955700000062,39.47514437000001],[3.286637770000027,39.475225609999995],[3.286568310000007,39.47529786000001],[3.2864755499999774,39.475361169999985],[3.2863942800000245,39.475388399999986],[3.286289640000007,39.47538865000001],[3.286173259999998,39.475361910000004],[3.2860800299999937,39.47530806999998],[3.2860450399999763,39.475281129999985],[3.286056369999983,39.47520902000002],[3.286114170000019,39.47512777999998],[3.286172009999973,39.47505555999999],[3.2862065200000075,39.47496537000001],[3.286206149999998,39.474875259999976],[3.286205779999989,39.47478516000001],[3.2862402900000234,39.47469496999997],[3.286286469999993,39.47461376000001],[3.28633259999998,39.474523550000015],[3.286378809999974,39.47445134999998],[3.286448240000027,39.47437008999998],[3.2865176999999903,39.47429783000001],[3.286540730000013,39.474243709999996],[3.2865055199999915,39.47416270999997],[3.286435429999983,39.474081780000006],[3.286400329999992,39.474027809999995],[3.28641159,39.473937680000006],[3.286446099999978,39.473847490000026],[3.286469020000027,39.47376634],[3.2864686899999924,39.47368524000001],[3.2865148199999794,39.47359503000001],[3.2865842799999996,39.47352276999999],[3.286677069999996,39.47346848000001],[3.2867581599999767,39.473396200000025],[3.2868159600000126,39.47331495999998],[3.286850500000014,39.473233789999995],[3.2868733899999825,39.47314362999998],[3.2868846399999825,39.473053489999984],[3.286884269999973,39.47296339000002],[3.2868722800000114,39.47287332000002],[3.2868486599999756,39.47278326999998],[3.286848290000023,39.472693170000014],[3.2868247800000177,39.472630149999986],[3.286731550000013,39.47257631999997],[3.2866383200000087,39.47252248000001],[3.2865335000000186,39.472477690000005],[3.286440299999981,39.47243286999998],[3.286405240000022,39.4723879],[3.2864048700000126,39.47229779999998],[3.2864045000000033,39.472207690000005],[3.286404100000027,39.47210858],[3.286392209999974,39.47204554000001],[3.2863337900000147,39.47197360000001],[3.28624056000001,39.47191975999999],[3.28613574000002,39.47187496999999],[3.2860425100000157,39.47182113000002],[3.2859608800000046,39.47175826],[3.2858907899999963,39.471677339999985],[3.2858439500000145,39.47159635999998],[3.2858203299999786,39.471506309999995],[3.28579689999998,39.47146132],[3.285703739999974,39.47142550000001],[3.285587410000005,39.471407769999985],[3.285540869999977,39.47139886999997],[3.2854940000000283,39.47130887999998],[3.285493630000019,39.471218780000015],[3.285481749999974,39.47115573000002],[3.2854467199999817,39.47111977999998],[3.285330359999989,39.47109303000002],[3.285214100000019,39.471093310000015],[3.2850978399999917,39.47109360000002],[3.2849815800000215,39.47109388000001],[3.2848652499999957,39.47107614999999],[3.284748920000027,39.47105841000001],[3.2846441400000117,39.471022619999985],[3.284539329999973,39.47097782999998],[3.2844345899999894,39.47095105],[3.2843182899999874,39.470942320000006],[3.284202030000017,39.47094261000001],[3.284085810000022,39.47095189999999],[3.2839927699999976,39.47094311000001],[3.2839344999999867,39.47090721000001],[3.2839111000000116,39.47087123],[3.2839456099999893,39.47078104000002],[3.2839686799999868,39.47073592999999],[3.2839567600000237,39.47066388000002],[3.28388670999999,39.47059196999999],[3.2837935200000175,39.47054714000001],[3.283758540000008,39.47052019],[3.2837582399999974,39.47044811000001],[3.2838160399999765,39.47036687999997],[3.283862220000003,39.47028567000001],[3.2839200199999823,39.470204439999975],[3.2839778200000183,39.47012319999999],[3.284035650000021,39.470050979999996],[3.2840934500000003,39.46996974000001],[3.284139620000019,39.46988854],[3.284150850000003,39.469789400000025],[3.2841390699999806,39.469753379999986],[3.2842318200000022,39.46969008000002],[3.2843363000000068,39.469653789999995],[3.2844290900000033,39.469599500000015],[3.2844868899999824,39.46951825999997],[3.2845214700000156,39.46944610000003],[3.2845211000000063,39.46935599],[3.2844974899999784,39.46926595000002],[3.2844506499999966,39.469184970000015],[3.284380610000028,39.469113049999976],[3.284298939999985,39.469041170000025],[3.2842057099999806,39.468987330000004],[3.2841008999999985,39.46894254],[3.2839961299999914,39.468906749999974],[3.283891390000008,39.46887996999999],[3.2837750300000152,39.46885322999998],[3.2836586999999895,39.468835490000004],[3.2835424099999955,39.46882676000001],[3.2834261500000252,39.46882704000001],[3.283309900000006,39.46882732],[3.2831936800000108,39.46883661999999],[3.2830657999999744,39.46883693000001],[3.282949579999979,39.46884621999999],[3.2828334000000154,39.46886452000001],[3.282728879999979,39.46889181],[3.2826127399999905,39.46891912000001],[3.282496519999995,39.46892840999999],[3.282449980000024,39.46891950999998],[3.282426550000025,39.468874519999986],[3.28247269000002,39.46878429999998],[3.282518859999982,39.46870309000002],[3.2825533700000165,39.46861290999999],[3.2825995499999863,39.46853170000003],[3.28264575999998,39.46845951],[3.282657169999993,39.46840542000001],[3.282598710000002,39.46832446000002],[3.2825520299999766,39.46827952000001],[3.282540219999987,39.468234499999994],[3.282598020000023,39.468153270000016],[3.2826674799999864,39.46808102],[3.2827369400000066,39.468008759999975],[3.282818060000011,39.46794548999998],[3.2829108099999758,39.46788220000002],[3.283003590000021,39.46782790999998],[3.2831080700000257,39.467791610000006],[3.2832125499999734,39.46775531999998],[3.2833054100000254,39.46771905000003],[3.2833517999999913,39.467691909999985],[3.28335143999999,39.46760180000001],[3.2833162300000254,39.46752079999999],[3.2833043200000134,39.46744874000001],[3.2832460399999945,39.46741284000001],[3.2832341299999825,39.46734078999998],[3.2832570499999747,39.46725964000001],[3.2833148500000107,39.46717840000002],[3.283326289999991,39.467133320000016],[3.283302859999992,39.467088330000024],[3.2832096700000193,39.46704349999999],[3.283093280000003,39.467007739999985],[3.282976949999977,39.46699000000001],[3.282930410000006,39.466981110000006],[3.282918429999995,39.46689103],[3.2829414600000177,39.466836909999984],[3.282918020000011,39.46679191999999],[3.282813250000004,39.46675613000002],[3.2826969999999847,39.466756410000016],[3.2825807199999986,39.466747680000026],[3.2824644600000283,39.46674796000002],[3.2823481799999854,39.46673922999997],[3.28223195999999,39.46674853000002],[3.2821157899999776,39.46676682999998],[3.282011269999998,39.46679411000002],[3.2819067899999936,39.46683039999999],[3.281802340000013,39.46687571000001],[3.281721109999978,39.46691195],[3.281604829999992,39.466903220000006],[3.281488500000023,39.46688547999997],[3.2813721399999736,39.46685873000001],[3.2812558200000126,39.46684098999998],[3.2811395300000186,39.46683224999998],[3.2810232499999756,39.46682351999999],[3.2809070000000133,39.466823799999986],[3.280790749999994,39.46682407999998],[3.280674490000024,39.466824359999976],[3.280558240000005,39.46682464000003],[3.2804419600000188,39.46681590999998],[3.2803256700000247,39.46680717999999],[3.280209379999974,39.46679845],[3.2800931300000116,39.466798729999994],[3.2799768500000255,39.46679],[3.2798606000000063,39.46679028],[3.279732720000027,39.46679058000001],[3.2796862199999737,39.46679068999998],[3.2796511999999893,39.46675474],[3.2796741299999894,39.46667359000003],[3.2797202699999843,39.46658337000002],[3.279743259999975,39.46652024000002],[3.2798244200000113,39.46646599000002],[3.2799289399999907,39.466438700000026],[3.28004519000001,39.46643842999998],[3.280161480000004,39.46644715999997],[3.280289390000007,39.466455859999996],[3.2804056400000263,39.46645558],[3.280521809999982,39.46643727999998],[3.2806263300000182,39.466409999999996],[3.280742470000007,39.46638268999999],[3.2808469500000115,39.46634640000002],[3.2809630599999764,39.46631007000002],[3.281032659999994,39.46627387000001],[3.28106729000001,39.466210709999984],[3.281078550000018,39.466120579999995],[3.2810898800000246,39.466048469999976],[3.2811593800000196,39.46598523],[3.281252199999983,39.465939950000006],[3.2813566400000127,39.465894649999996],[3.281461120000017,39.46585835000002],[3.281577219999974,39.46582203000003],[3.2816816999999787,39.46578574],[3.2817861799999832,39.465749440000025],[3.281890620000013,39.465704140000014],[3.2819950699999936,39.46565884],[3.282099510000023,39.465613529999985],[3.2822039900000277,39.465577240000016],[3.2823084300000005,39.46553193],[3.2824128400000063,39.46547762],[3.2825056500000187,39.46543234000001],[3.282586770000023,39.46536907000001],[3.282644570000002,39.465287839999974],[3.28267907999998,39.46519764999999],[3.2826787100000274,39.46510755000003],[3.282678350000026,39.46501744],[3.282689609999977,39.46492731000001],[3.2826660700000048,39.464855279999995],[3.2825960299999792,39.46478337000002],[3.282514400000025,39.46472048999999],[3.2824211899999796,39.46466665999998],[3.282327969999983,39.46461282000001],[3.282223129999977,39.464559010000016],[3.282129989999987,39.46452319000002],[3.2820251499999813,39.46446938999998],[3.281955219999986,39.46442450000001],[3.2819317899999874,39.464379510000015],[3.2819546700000046,39.46428935],[3.2820008400000233,39.46420813999998],[3.2820121099999824,39.46411800999999],[3.2820001900000193,39.46404596000002],[3.2819417399999793,39.46396499999997],[3.2818485299999907,39.46391117000002],[3.2817437200000086,39.463866370000005],[3.2816389199999776,39.46382156999999],[3.281545709999989,39.46376772999997],[3.281440900000007,39.46372293000002],[3.281336099999976,39.463678130000005],[3.2812313000000017,39.46363332999999],[3.281161259999976,39.46356142000002],[3.281079639999973,39.46349853999999],[3.280974800000024,39.46344472999999],[3.2808700699999918,39.46341795000001],[3.2807537900000057,39.46340922000002],[3.2806375100000196,39.463400490000026],[3.2805211900000018,39.463382749999994],[3.280451410000012,39.46337390000002],[3.280428050000012,39.46334693],[3.2805208300000004,39.46329264000002],[3.280625339999972,39.46326535999998],[3.2807414800000174,39.46323804999997],[3.280857690000005,39.46322875999999],[3.2809738199999856,39.463201449999985],[3.28107829999999,39.46316516000002],[3.2811479399999826,39.46313795999998],[3.2812410000000227,39.46315575],[3.2813225599999782,39.46320061],[3.2813807200000156,39.46320947999999],[3.2814503199999763,39.46317327000003],[3.2815081100000043,39.46309203999999],[3.281554280000023,39.46301082999997],[3.2816120400000273,39.46292059000001],[3.28164658999998,39.462839410000015],[3.2816579299999944,39.462767299999996],[3.2816344600000207,39.46271329000001],[3.2815528300000096,39.46265041999999],[3.2815294800000174,39.462623440000016],[3.2815989700000046,39.462560199999984],[3.2817033700000025,39.46250588999999],[3.281749760000025,39.462478739999995],[3.281772789999991,39.46242462999999],[3.2817375899999774,39.46234362000001],[3.281667519999985,39.46226268999999],[3.281609070000002,39.462181740000005],[3.2815738699999883,39.462100729999975],[3.2815270099999907,39.46201073999998],[3.2814918099999772,39.46192973000001],[3.281456579999997,39.46183970999999],[3.2814213799999834,39.46175870000002],[3.2813745199999858,39.461668710000026],[3.28132770000002,39.46158773000002],[3.2812924599999747,39.46149771],[3.2812572299999943,39.46140768999999],[3.28123364999999,39.46132664999999],[3.281233250000014,39.46122753999998],[3.2812328900000125,39.46113743000001],[3.2812441500000205,39.46104730000002],[3.2813019499999996,39.460966069999984],[3.2813481200000183,39.46088486000002],[3.28139428999998,39.46080366000001],[3.2814171699999974,39.4607135],[3.2814284400000133,39.46062337000001],[3.281428070000004,39.46053325999998],[3.281404459999976,39.46044322],[3.281380850000005,39.46035317000002],[3.2813340299999822,39.46027219000001],[3.2812640000000215,39.46020026999997],[3.2811591600000156,39.460146459999976],[3.281065990000002,39.460101640000005],[3.2810193099999765,39.460056699999996],[3.2810073300000226,39.45996661999999],[3.2810185899999738,39.45987649],[3.2810298499999817,39.45978636000001],[3.281017870000028,39.45969628],[3.28099426,39.45960623000002],[3.2809590200000116,39.459516210000004],[3.280923859999973,39.45944422000002],[3.2808538300000123,39.459372299999984],[3.2807955299999776,39.45932739],[3.280771990000005,39.459255359999986],[3.2807948799999735,39.45916519999997],[3.2808061800000132,39.459084080000025],[3.280794300000025,39.45902103999998],[3.2807242700000074,39.45894912],[3.2806426099999726,39.458877229999985],[3.2805841699999974,39.45879628],[3.280525759999989,39.45872434],[3.280467320000014,39.45864338000001],[3.280443709999986,39.45855333999998],[3.2804550100000256,39.458472210000025],[3.2805011400000126,39.45838199999997],[3.2805473099999745,39.45830079000001],[3.2805702699999983,39.458228659999975],[3.280558429999985,39.45817462000002],[3.280476770000007,39.45810273000001],[3.280395160000012,39.458039859999985],[3.280336709999972,39.457958899999994],[3.2802782699999966,39.45787795000001],[3.2802198300000214,39.45779700000003],[3.2801498700000025,39.457743100000016],[3.2800684000000047,39.45771626999999],[3.27997541000002,39.457716489999996],[3.2798709799999983,39.457761790000006],[3.2797897899999953,39.45780703999998],[3.2797317399999883,39.4578252],[3.2796153599999798,39.45778942999999],[3.279522199999974,39.45774461000002],[3.2794174800000064,39.45771782000003],[3.2793477700000153,39.45772699999998],[3.27926659000002,39.457772250000005],[3.279197169999975,39.45785351000001],[3.2791625500000237,39.45791666000002],[3.27906981000001,39.45797995999999],[3.2789653799999883,39.45802526],[3.2788609099999917,39.458061550000025],[3.278744739999979,39.45807984999999],[3.278628439999977,39.458062110000014],[3.278523640000003,39.458017299999995],[3.2784304400000224,39.457963459999974],[3.2783488200000193,39.45790059000001],[3.2782556199999817,39.45784674999999],[3.278185590000021,39.457774830000005],[3.2780923500000085,39.45771198],[3.2780690000000163,39.457685000000026],[3.2780918899999847,39.45759484000001],[3.278161309999973,39.45751358000001],[3.278219139999976,39.45744136000002],[3.2782653099999948,39.45736016000001],[3.2782766099999776,39.45727904],[3.278241419999972,39.45719802999997],[3.2781713900000113,39.45712610999999],[3.2780665600000134,39.457072289999985],[3.277961810000022,39.457036500000015],[3.2778686400000083,39.45699166999998],[3.2777869899999814,39.45691978000002],[3.277728579999973,39.456847830000015],[3.27770498000001,39.456757779999975],[3.2777046200000086,39.45666768000001],[3.277727509999977,39.45657750999999],[3.2777620200000115,39.456487330000016],[3.2778198099999827,39.45640608999997],[3.277900960000011,39.45635183000002],[3.27799379999999,39.456315570000015],[3.2781100000000265,39.45630627999998],[3.2782262700000047,39.45631501999998],[3.2783425700000066,39.45633276000001],[3.278470430000027,39.45633246],[3.2785749700000224,39.45631419],[3.2786793999999873,39.45626887999998],[3.278783830000009,39.45622358000003],[3.2788765999999896,39.45616928999999],[3.278957709999986,39.45610603],[3.2790387800000076,39.45603375000002],[3.279119890000004,39.45597048000002],[3.2792009699999767,39.45589819999998],[3.279282109999997,39.45584394000002],[3.2793748799999776,39.455789649999986],[3.2794676199999913,39.45572636000003],[3.279560380000021,39.45567206999999],[3.2796414900000173,39.45560879999999],[3.2797109100000057,39.45552753999999],[3.279768699999977,39.455446300000006],[3.2798032399999784,39.45536513000002],[3.2798029200000087,39.45528402999997],[3.279779449999978,39.45523001999999],[3.2796862499999975,39.455176180000024],[3.2795699100000206,39.455149430000006],[3.279476750000015,39.45510460000003],[3.279360409999981,39.45507784],[3.2793254599999955,39.45505990999999],[3.2793484599999942,39.45499677999999],[3.2794179100000065,39.45492452000002],[3.279510669999979,39.45487023999999],[3.279557020000027,39.45483408000001],[3.2795915699999796,39.45475290000002],[3.2795679600000085,39.45466284999998],[3.2795792200000164,39.45457271999999],[3.279602099999977,39.454482559999974],[3.279590340000027,39.45444653999999],[3.2794855099999722,39.454392729999995],[3.2794156699999917,39.454365870000004],[3.2793923099999915,39.454338889999974],[3.2794384800000103,39.45425768000001],[3.279531210000016,39.45419439],[3.2795891100000176,39.454140180000024],[3.2796120599999767,39.45406803999998],[3.279588600000011,39.454014040000004],[3.2795302700000093,39.453960110000025],[3.2794488000000115,39.45393326999999],[3.279332640000007,39.453951570000015],[3.279216560000009,39.45398789000001],[3.2791121000000203,39.454024189999984],[3.278995870000017,39.45402446000003],[3.278879599999982,39.45401572999998],[3.278763260000005,39.45398898000002],[3.278658510000014,39.453953179999985],[3.2785653099999763,39.45389934000002],[3.2784604899999863,39.453845530000024],[3.2783673600000043,39.45380970999997],[3.2782625400000143,39.453755890000025],[3.2781693399999767,39.453702050000004],[3.2780645600000184,39.45365724999999],[3.2779482899999834,39.453648509999994],[3.2778319899999815,39.45363077000002],[3.2777388299999757,39.45358593999998],[3.27769219999999,39.453550010000015],[3.277703459999998,39.45345987000002],[3.277738080000006,39.45339672],[3.277714469999978,39.45330667000002],[3.27766766000002,39.45322568],[3.277609219999988,39.45314472000001],[3.277562409999973,39.453063740000005],[3.277503969999998,39.45298278000001],[3.2774455300000227,39.45290182000002],[3.2773870999999986,39.45282086999998],[3.2773286899999903,39.452748919999976],[3.2772586699999806,39.452676999999994],[3.277188650000028,39.45260508000001],[3.2770954499999903,39.45255123999999],[3.2770022600000175,39.45249740000003],[3.276932199999976,39.45241647],[3.27688538000001,39.45233547999999],[3.276850159999981,39.45224545999997],[3.276838180000027,39.45215538000002],[3.276849439999978,39.452065249999976],[3.276860670000019,39.45196609999999],[3.2769649200000117,39.45187575],[3.277022709999983,39.45179451000001],[3.2771037800000045,39.45172223999998],[3.2771732599999837,39.45165900000001],[3.2772659899999894,39.451595699999984],[3.2773588300000256,39.45155943999998],[3.2774285300000088,39.451550259999976],[3.277521649999983,39.45158608000003],[3.277603259999978,39.45164896],[3.27766170000001,39.45172991999999],[3.2777317599999947,39.451810850000015],[3.27776695,39.45189185999999],[3.2778021699999726,39.451981880000005],[3.2778372600000125,39.452035869999975],[3.2779304200000183,39.45208070000001],[3.278011919999983,39.45211655000003],[3.2781281100000115,39.45210725999999],[3.2782442299999843,39.452079949999984],[3.278336990000014,39.452025660000004],[3.2784297200000196,39.45196236999999],[3.278499169999975,39.45189011999997],[3.278556990000027,39.45181788999997],[3.278614779999998,39.451736659999995],[3.2786376700000233,39.45164649999998],[3.2786489299999744,39.451556359999984],[3.2786369500000205,39.45146627999998],[3.278624960000002,39.45137620999998],[3.2786246000000006,39.451286100000004],[3.2786242099999754,39.45118697999999],[3.2786122300000216,39.45109689999998],[3.27861187000002,39.451006800000016],[3.2785882599999923,39.450916749999976],[3.2785762799999816,39.450826670000026],[3.27857591999998,39.450736559999996],[3.2785639300000184,39.45064649],[3.2785519500000078,39.45055640999999],[3.278539969999997,39.45046632999998],[3.278516360000026,39.45037628],[3.278469550000011,39.450295289999985],[3.278411119999987,39.45021434],[3.278352680000012,39.45013338000001],[3.2783059000000208,39.45006140999999],[3.2782706799999914,39.44997138000002],[3.2782586999999808,39.449881300000015],[3.2782583000000045,39.44978219000001],[3.278257940000003,39.44969207999998],[3.2782459599999925,39.44960200000003],[3.278210730000012,39.44951198000001],[3.2781755400000065,39.44943096999998],[3.278128690000017,39.44934096999998],[3.2781051299999717,39.44925992999998],[3.2780815200000006,39.44916988],[3.27806953999999,39.44907979999999],[3.2780691799999886,39.44898970000003],[3.278057160000003,39.44889060999998],[3.278068430000019,39.44880046999998],[3.2780680700000175,39.448710370000015],[3.2780793300000255,39.44862023000002],[3.278078970000024,39.448530129999995],[3.2781018499999846,39.44843996999998],[3.2781131200000004,39.448349829999984],[3.2781243800000084,39.448259699999994],[3.2781007699999805,39.44816965000001],[3.278065550000008,39.448079629999995],[3.2780535699999973,39.44798954999999],[3.2780415899999866,39.44789946999998],[3.2780412299999853,39.44780936000001],[3.2780641100000025,39.447719199999995],[3.2780753700000105,39.447629070000005],[3.2780517699999905,39.44753902000002],[3.278016550000018,39.44744899],[3.2779813199999808,39.44735896999998],[3.277934510000023,39.447277989999975],[3.277910910000003,39.447187929999984],[3.2779105500000014,39.44709783000002],[3.2779334300000187,39.447007670000005],[3.2779446999999777,39.44691753000001],[3.2779210900000066,39.446827480000024],[3.277874279999992,39.44674650000002],[3.2778390600000193,39.44665646999999],[3.2778154599999993,39.44656642000001],[3.2778034699999807,39.44647635000001],[3.2778149200000257,39.44643126],[3.2778960200000142,39.44636800000001],[3.2779771900000014,39.44632274999998],[3.278023420000011,39.44625955999999],[3.2780230600000095,39.44616946000002],[3.278022700000008,39.44607934999999],[3.2780107199999975,39.445989269999984],[3.2779871199999775,39.44589922],[3.2779635200000143,39.44580917000002],[3.2779167099999995,39.44572819000001],[3.277881490000027,39.44563815999999],[3.277857879999999,39.445548110000004],[3.2778458999999884,39.44545803],[3.2778339199999778,39.44536796],[3.277821940000024,39.44527787999999],[3.2778564800000254,39.4451967],[3.2779142699999966,39.44511546000001],[3.277983670000026,39.44503420000001],[3.27802982999998,39.444953],[3.278052720000005,39.44486282999998],[3.2780523600000038,39.44477273000001],[3.2780287599999838,39.44468268000003],[3.277981950000026,39.44460169000001],[3.2779235200000016,39.44452073999997],[3.2778999199999816,39.44443068999999],[3.27788793000002,39.44434060999998],[3.2778875800000264,39.44425050000001],[3.2778988399999776,39.44416037000002],[3.2778984400000013,39.444061250000004],[3.27789808,39.443971139999974],[3.2778860999999893,39.443881069999975],[3.277862500000026,39.443791009999984],[3.2778273100000206,39.44371000000001],[3.277780469999982,39.44362001000002],[3.277756870000019,39.44352995999998],[3.2777681300000268,39.44343981999998],[3.2778026700000282,39.443358639999985],[3.277848800000015,39.44326842999999],[3.277894960000026,39.44318722000003],[3.27794111999998,39.44310601000001],[3.2779873200000225,39.44303381999998],[3.277975340000012,39.442943739999976],[3.277951729999984,39.44285368999999],[3.2778933100000245,39.44277273],[3.277834910000024,39.442700779999996],[3.2777648599999907,39.44261985999998],[3.2777529599999866,39.4425478],[3.277764359999992,39.44249371000001],[3.2778454900000042,39.442439449999995],[3.2779034499999966,39.44240327],[3.2779263699999888,39.44232211999997],[3.2779145000000085,39.44225906999998],[3.2779489999999782,39.44216888],[3.2779487199999835,39.4420968],[3.2779135700000097,39.442024790000005],[3.2778319700000225,39.441961909999975],[3.277738750000026,39.441899060000026],[3.277657149999982,39.441836179999996],[3.2776220800000146,39.44178219999998],[3.2776333400000226,39.44169206999999],[3.277656219999983,39.44160190000002],[3.2776442399999723,39.441511830000024],[3.27764406,39.44146676999998],[3.2776903299999844,39.44141259999998],[3.277794770000014,39.44137631000001],[3.2778875999999855,39.44134004],[3.2779338600000187,39.44128587],[3.2779337200000214,39.441249819999996],[3.277875359999996,39.44118688999998],[3.277782220000006,39.441142060000004],[3.2776890399999843,39.44108821999998],[3.2776190600000064,39.441025309999986],[3.277595570000017,39.440962290000016],[3.277618519999976,39.44089014999997],[3.27768795999998,39.44081790000001],[3.277780710000002,39.440763609999976],[3.277850220000005,39.44070937999999],[3.277884830000005,39.44064622000002],[3.277884429999972,39.44054711000001],[3.277872489999993,39.44046603999999],[3.2778604800000153,39.44036695],[3.277860120000014,39.440276840000024],[3.2778481400000032,39.440186770000025],[3.277812919999974,39.44009674],[3.277766110000016,39.440015759999994],[3.277719300000001,39.43993476999998],[3.277660879999985,39.439853819999996],[3.2776256600000124,39.43976378999997],[3.277590439999983,39.43967377000001],[3.2775552499999776,39.43959275999998],[3.277508409999996,39.43950275999998],[3.277461609999989,39.439421779999975],[3.277414799999974,39.43934079000002],[3.277391200000011,39.43925073999998],[3.2773559899999896,39.43916072000002],[3.2773092200000065,39.43908873999999],[3.2772044199999755,39.43903492999999],[3.2771112799999855,39.43899010000001],[3.277053070000022,39.43896319999999],[3.277041199999985,39.43890016],[3.277061930000002,39.43886368],[3.277087349999988,39.438818949999984],[3.2771450999999843,39.43872871000002],[3.277202910000028,39.43865648000002],[3.2772258300000203,39.43857532999999],[3.2772138500000096,39.438485249999985],[3.2771902499999896,39.4383952],[3.277189899999996,39.43830509999998],[3.2772244299999898,39.438223919999984],[3.2772357000000056,39.43813377999999],[3.2772004799999763,39.43804376000003],[3.2771536700000183,39.43796277000001],[3.2771068700000114,39.437881790000006],[3.2771064799999863,39.43778266999999],[3.277106119999985,39.437692570000024],[3.277129000000002,39.4376024],[3.2771519199999943,39.437521249999975],[3.277151530000026,39.437422140000024],[3.2771395500000153,39.43733206000002],[3.27710436000001,39.437251049999986],[3.2770924600000058,39.43717899000001],[3.2771386200000165,39.43709777999999],[3.2771499099999915,39.43701665999998],[3.277126389999978,39.43694463000003],[3.2770679600000108,39.43686366999998],[3.276997960000017,39.43679175],[3.27695116000001,39.43671076999999],[3.276939210000023,39.436629700000026],[3.2769506899999783,39.436593630000004],[3.276947000000007,39.435665529999994],[3.276993310000023,39.43562036999998],[3.2770161899999835,39.435530210000024],[3.2770274499999914,39.43544007000003],[3.2770038500000283,39.43535001999999],[3.2767817899999727,39.435026170000015],[3.276595480000026,39.43492749000001],[3.2765836799999875,39.43488246999999],[3.2766761699999734,39.43476511],[3.276687509999988,39.434692989999974],[3.2766755299999772,39.434602919999975],[3.2766167500000165,39.43443185000001],[3.2765701700000136,39.43440493000003],[3.276477209999996,39.434405149999975],[3.276418970000009,39.434369249999975],[3.2763373799999727,39.43430637],[3.2763022699999738,39.43424336999999],[3.2763008100000093,39.43387394000001],[3.2763353500000107,39.43379276000002],[3.276543609999976,39.43356699999998],[3.2765893999999776,39.43339567999999],[3.2765658100000223,39.43330563000001],[3.276519119999989,39.43325168000001],[3.276472319999982,39.43317069],[3.2764719599999808,39.433080589999975],[3.2764367400000083,39.43299056000001],[3.2761446900000237,39.432594789999996],[3.2760743000000048,39.43242375],[3.2760383300000058,39.43214449999999],[3.276071409999986,39.43169389000002],[3.2760361900000134,39.431603870000004],[3.27576842000002,39.43146933999998],[3.275698420000026,39.431397419999996],[3.2752422899999942,39.4306416],[3.2750206399999797,39.43041685999998],[3.2744614700000056,39.43004874000002],[3.2736119200000076,39.42969932],[3.2735303399999793,39.429636440000024],[3.273436790000005,39.42948347999999],[3.2733667900000114,39.429411560000005],[3.273075829999982,39.429286090000005],[3.272843280000018,39.429241579999996],[3.272796630000016,39.42919663999999],[3.2727615200000173,39.42913364999998],[3.2727596899999867,39.42866509999999],[3.2725841100000252,39.428332109999985],[3.2726071700000148,39.42828700000001],[3.2727697199999852,39.42825958999998],[3.2728857700000162,39.42822326999999],[3.273628190000011,39.42792416999998],[3.2739180199999964,39.427761299999986],[3.2739761099999782,39.42776115999999],[3.274034350000022,39.42779707],[3.2740810700000225,39.42786002999998],[3.2741750399999887,39.428121120000014],[3.2742450700000063,39.42820204999998],[3.274547719999987,39.428345509999986],[3.274664019999989,39.42837227000001],[3.2747802000000092,39.42837199000002],[3.274849770000003,39.428335790000006],[3.274872479999999,39.42820057],[3.2748489499999778,39.42812853999999],[3.2747790700000223,39.42808365000002],[3.2747439299999996,39.42801164999997],[3.2751848600000244,39.427866429999995],[3.2752194999999915,39.42781229000002],[3.275254000000018,39.42772209999998],[3.275218970000026,39.427677130000006],[3.275172429999998,39.42765922000001],[3.2750562100000025,39.42765048000001],[3.2749400899999728,39.427668779999976],[3.2748240799999735,39.42771411000001],[3.2747775400000023,39.427696200000014],[3.2746843799999965,39.427642349999985],[3.2746954699999833,39.427507160000005],[3.27472997000001,39.427416979999975],[3.2747879199999943,39.42738079999998],[3.2750899999999774,39.42738007999998],[3.2751475900000173,39.42725379000001],[3.2752171199999793,39.42720858000001],[3.275519089999989,39.42718083],[3.275739559999977,39.42710821999998],[3.276006069999994,39.42692736999999],[3.27635312000001,39.42654809999999],[3.27638761999998,39.42645791000001],[3.276385829999981,39.42600736999998],[3.2764204000000063,39.42593520999998],[3.27648997,39.425899000000015],[3.2766990299999748,39.42588047999999],[3.2768034800000123,39.425853200000006],[3.276861359999998,39.425798999999984],[3.276884310000014,39.42572686],[3.2769402199999718,39.42517707000002],[3.2768466599999897,39.42502410999998],[3.276915840000015,39.42488878],[3.276927100000023,39.424798650000014],[3.2768920999999978,39.42476269000002],[3.276694340000006,39.42470007999998],[3.276636040000028,39.42464616000001],[3.276635859999999,39.424601110000026],[3.27687880000002,39.42433921999998],[3.276912579999987,39.424068809999994],[3.277027939999982,39.42386128999999],[3.2770271900000125,39.42367207000001],[3.276992010000015,39.42359105000003],[3.2768288600000233,39.423465290000024],[3.2768054100000086,39.42341128999999],[3.276756760000012,39.42286174999998],[3.276499919999992,39.42254697999999],[3.2762551299999814,39.42234031999999],[3.276196719999973,39.42225936],[3.2761498899999992,39.42216936],[3.276181109999982,39.421250199999974],[3.276108480000005,39.420511490000024],[3.276025699999991,39.42014224000002],[3.275978909999992,39.42006126000001],[3.2758857200000193,39.419998410000005],[3.275687839999989,39.41989976000002],[3.275571520000028,39.41986399000001],[3.2752229700000157,39.41985581],[3.275118309999982,39.41982902000001],[3.275013549999983,39.41977521000001],[3.27492036000001,39.41971235],[3.274861950000002,39.419631390000006],[3.274768380000012,39.419469419999984],[3.2747914400000013,39.41942431000001],[3.2749540699999784,39.419423929999994],[3.274988819999976,39.41939681000002],[3.275000260000013,39.41935173000002],[3.2749535799999876,39.41929778000002],[3.274790829999972,39.41927113000003],[3.2747209899999916,39.419235259999994],[3.2747201000000246,39.419009990000006],[3.274766360000001,39.41895582000001],[3.27484757000002,39.41892859000001],[3.275068040000008,39.418864989999975],[3.2753461799999855,39.41869313000001],[3.275392389999979,39.418629950000025],[3.2754037600000174,39.41856683999998],[3.275368560000004,39.41847682000002],[3.2753219499999773,39.41844089],[3.275019840000027,39.418423580000024],[3.2746941400000082,39.41831622000001],[3.274542619999977,39.41819042999998],[3.2745074499999873,39.41810942000001],[3.274530439999978,39.41804629000001],[3.2745767299999784,39.41800112999999],[3.274878230000013,39.41786524999998],[3.2749012900000025,39.41782014],[3.274900930000001,39.41773003999998],[3.274877339999989,39.41763999],[3.2746559500000103,39.41746931],[3.274644299999977,39.417460319999975],[3.274597579999977,39.417397359999995],[3.274573959999998,39.41729830000003],[3.2745736100000045,39.41720819],[3.2747470099999987,39.41699152000001],[3.274791339999979,39.41645076999998],[3.274744769999984,39.41642385],[3.2746863699999835,39.41634289000001],[3.2746978100000206,39.41629781],[3.2748486099999923,39.41624338999998],[3.2748589899999843,39.41592799],[3.274812269999984,39.41586502000001],[3.2745214999999916,39.415775610000026],[3.2744283600000017,39.41572176],[3.274253260000023,39.41550591999999],[3.274148079999975,39.41534397999999],[3.2740181799999846,39.41480364],[3.27393619999998,39.41463263999998],[3.2738663200000246,39.41458775000001],[3.2737733199999752,39.414569949999986],[3.273424939999984,39.414597800000024],[3.273237989999984,39.41431891000002],[3.273168049999981,39.41425600000002],[3.273063289999982,39.41420218000002],[3.27295866999998,39.41418441000002],[3.2727264499999933,39.41421199000001],[3.2726218000000245,39.41418520000002],[3.27255193000002,39.41414030999999],[3.272458369999981,39.41397834000003],[3.272400179999977,39.413951440000005],[3.272179440000002,39.41394294999998],[3.2721215000000257,39.41397912999997],[3.272075560000019,39.41411440000002],[3.2720061100000066,39.41417763999999],[3.2715883800000256,39.41429575000001],[3.271495379999976,39.414277949999985],[3.271425229999977,39.41416098000002],[3.2712622500000066,39.414071250000006],[3.2709366099999784,39.413972890000025],[3.270948130000022,39.41394584],[3.2710989600000175,39.41390043000001],[3.2711916499999916,39.41383714],[3.271191509999994,39.4138011],[3.2710288100000184,39.41378345999999],[3.2705525800000146,39.413793580000004],[3.2704713699999957,39.413820799999996],[3.270390340000006,39.41389306999997],[3.2703789299999926,39.41394716000002],[3.270332709999991,39.41401035000001],[3.2700545499999976,39.414173189999985],[3.2700431399999843,39.41422727999998],[3.270253309999987,39.41450612],[3.270265170000016,39.414569159999985],[3.2702422899999988,39.41465932],[3.270138299999985,39.414803740000025],[3.2701154100000167,39.41489389999998],[3.270138959999997,39.41497493999998],[3.270185739999988,39.415055919999986],[3.2702441000000135,39.41512786999999],[3.2704080500000146,39.41546989],[3.2706527999999935,39.41567657000002],[3.270747789999973,39.416207980000024],[3.2707266900000036,39.41675767999999],[3.270495960000005,39.417172719999996],[3.2703809099999717,39.41746132999998],[3.270357919999981,39.41752445999998],[3.270254799999975,39.41789413999999],[3.2702558799999792,39.41817347],[3.2703026300000033,39.41824544000002],[3.270884420000016,39.41848736999998],[3.2709427099999857,39.418541300000015],[3.270942890000015,39.418586360000006],[3.2709199999999896,39.41867652000002],[3.270734940000011,39.41888419999998],[3.270712049999986,39.41897435999999],[3.270713100000023,39.41924468000002],[3.2706785600000217,39.41932585000001],[3.270214889999977,39.419588239999996],[3.270110480000028,39.41962453000002],[3.269750380000005,39.41963437999999],[3.2696341800000255,39.41962563999999],[3.2695178999999825,39.419598880000024],[3.269413170000007,39.419554059999996],[3.269296929999996,39.41953631000001],[3.269180790000007,39.419545589999984],[3.2690646899999933,39.41956388],[3.2688098099999934,39.419744690000016],[3.268716980000022,39.419771939999976],[3.2685308900000223,39.4197183],[3.2684728799999903,39.419736460000024],[3.2683801499999845,39.419790739999996],[3.2682874500000025,39.41985403000001],[3.2682296400000155,39.41992625],[3.2681257500000243,39.42009768999998],[3.267849290000015,39.420711059999974],[3.2677922400000057,39.42098150999999],[3.267807170000026,39.421846500000015],[3.2681807000000163,39.422305189999975],[3.2684138500000017,39.42251189000001],[3.268414430000007,39.422665069999994],[3.268368310000028,39.42275529],[3.2682294499999784,39.42289978000002],[3.2678702399999793,39.423143900000014],[3.267151179999985,39.42346994000002],[3.267058440000028,39.42352421999999],[3.267000670000016,39.423605450000025],[3.2669777400000157,39.423686599999996],[3.2669323399999826,39.423966029999974],[3.2669446400000197,39.42414622000001],[3.2674118499999736,39.424793910000005],[3.267505789999973,39.425055009999994],[3.267471969999974,39.42532541000003],[3.2672412300000246,39.425749440000004],[3.267114779999986,39.42610115000002],[3.2670006999999828,39.42665105999998],[3.267013689999999,39.42701146000002],[3.2671657700000196,39.427281429999994],[3.2670380000000137,39.42729073999999],[3.267109810000022,39.42784022000001],[3.2661342000000104,39.427932569999996],[3.2661375399999883,39.42576098000001],[3.2660673500000144,39.42563498999999],[3.265845710000008,39.425401220000026],[3.2658687100000066,39.425338099999976],[3.2655657799999744,39.425113520000025],[3.2656004300000063,39.42505937999999],[3.2653675899999826,39.42493375999999],[3.2653904800000078,39.424843599999974],[3.2648205500000245,39.42467370000003],[3.2641269499999908,39.42559437],[3.2635358499999825,39.42597416000001],[3.263466010000002,39.425938280000025],[3.2633149700000104,39.42593862000001],[3.263105429999996,39.42583096999999],[3.263186150000024,39.42566858999999],[3.2617541100000267,39.42486988000002],[3.261567339999999,39.42463601999998],[3.262111059999995,39.42401305999999],[3.262087749999978,39.423995090000005],[3.261520770000004,39.42460908999999],[3.2612175200000024,39.42429440000001],[3.2616919000000166,39.423770709999985],[3.261656979999998,39.42375277000002],[3.261182539999993,39.42425844000002],[3.260960950000026,39.42403366999997],[3.2614467399999967,39.423455890000014],[3.261794870000017,39.42334698000002],[3.262679349999985,39.42375046000001],[3.2626330499999767,39.42379562000002],[3.262865809999994,39.42390322],[3.262981379999985,39.423740769999995],[3.261712769999974,39.42313991999998],[3.261851540000009,39.4229684],[3.2618980500000134,39.42297731000002],[3.2619547200000056,39.422598730000004],[3.2626752099999976,39.422651169999995],[3.262675080000008,39.42261513],[3.261954609999975,39.42257169999999],[3.2619998000000123,39.422229189999996],[3.2627086100000042,39.422263629999975],[3.2627085099999817,39.42223660000002],[3.2619880799999805,39.42220219000001],[3.262033610000003,39.42194977999998],[3.2619057399999747,39.42193205000001],[3.2619847999999934,39.42132815999997],[3.2627172100000053,39.42146165999998],[3.2627745799999843,39.421272310000006],[3.261914250000018,39.42110305],[3.2621626600000013,39.41919222000001],[3.2617791299999794,39.419148029999974],[3.2617794700000218,39.419238140000004],[3.2597776800000133,39.418260480000015],[3.259708250000017,39.41833272000002],[3.2594756099999813,39.41825213999999],[3.2593823700000257,39.41817125],[3.2593462500000214,39.417828929999985],[3.259299109999972,39.41764882000001],[3.259228740000026,39.41746876000002],[3.2591584099999977,39.41729772000002],[3.258959720000007,39.41697377999998],[3.25891292,39.41688377000003],[3.258889389999979,39.41680272999997],[3.2588521299999798,39.41615404999999],[3.2588634100000036,39.41606390999999],[3.258909679999988,39.41600975],[3.259292259999995,39.41580164999999],[3.2598374899999953,39.415602190000016],[3.259976359999996,39.41545771],[3.2600450799999976,39.41519625000001],[3.2600914099999727,39.41516009999998],[3.2601495000000114,39.41515996999999],[3.2603240099999766,39.41523166000002],[3.260405320000018,39.41523147999999],[3.2614622199999985,39.41517504000001],[3.262274820000016,39.41502903000003],[3.262751060000028,39.41501893999998],[3.2631112999999914,39.41505417000002],[3.2636232400000154,39.41526926],[3.263728119999996,39.41535913000001],[3.2637984300000085,39.415521160000026],[3.263903599999992,39.415683109999975],[3.2641951300000187,39.4159798],[3.2644399000000135,39.416195500000015],[3.265301920000013,39.416824280000014],[3.265488199999993,39.41693199000002],[3.2658023299999854,39.41705741999999],[3.2660349000000224,39.41711995999998],[3.2661511399999767,39.41713771000002],[3.2662672999999813,39.417137449999984],[3.2666273500000216,39.41711859999998],[3.266963999999973,39.41705474999998],[3.267532630000005,39.41690025999998],[3.268054510000013,39.416673779999996],[3.2681355899999858,39.416610520000006],[3.268193359999998,39.41652929000003],[3.268227519999982,39.416349000000025],[3.2682263400000124,39.41604264],[3.2681322999999907,39.41575451],[3.2679449899999895,39.41537649000003],[3.2676771199999735,39.41519690000001],[3.267630380000014,39.41512491999998],[3.2675719900000217,39.41504395999999],[3.26747881,39.41498109999998],[3.2671062699999993,39.41476570999998],[3.2667683999999895,39.41450517999999],[3.2666168000000084,39.41435233999999],[3.2665580999999975,39.41419029000002],[3.2664065399999913,39.41404646000001],[3.2660339999999906,39.41383106000001],[3.265813019999996,39.41375949000002],[3.265545169999996,39.413579889999994],[3.265452170000003,39.41356208000002],[3.26534762,39.41356231999998],[3.2652548699999784,39.41360758000002],[3.2651737900000057,39.41367084000001],[3.2650004399999943,39.413905520000014],[3.2649193999999966,39.41397778999999],[3.264826599999992,39.414014039999984],[3.2643496200000186,39.413825910000014],[3.2643611400000054,39.41379884999998],[3.264523629999985,39.41376243000002],[3.264628000000016,39.41371714000002],[3.264662680000015,39.41367201000003],[3.2646739900000057,39.41359089000002],[3.2646389399999975,39.413536910000005],[3.2644761399999993,39.41349222000002],[3.264394589999995,39.41342933999999],[3.2643362000000025,39.413348369999994],[3.2642893999999956,39.413258369999994],[3.2642887200000246,39.41307816],[3.264334500000018,39.41289784000003],[3.264392380000004,39.41284365000001],[3.2648102100000074,39.412752590000025],[3.264902940000013,39.412698309999996],[3.2649607399999923,39.41262610000001],[3.2650068699999792,39.41253588000001],[3.2650065299999937,39.412445779999985],[3.265005840000015,39.41226556999999],[3.2649119299999825,39.41200447],[3.264584809999974,39.41150964000002],[3.264584570000011,39.41144656],[3.26463093000001,39.411419420000016],[3.264665509999986,39.411347260000014],[3.2645837499999857,39.41123031000001],[3.2644906200000037,39.41117645999998],[3.263932660000023,39.41106960000002],[3.2633744600000227,39.41089966999999],[3.2627820600000064,39.410901009999975],[3.262666039999999,39.410937320000016],[3.2625849699999776,39.41100057],[3.2623770700000136,39.41131641999999],[3.262041629999999,39.41169561999999],[3.2618678599999953,39.41182216999999],[3.2617634499999895,39.41185844],[3.2616473599999836,39.41187673000002],[3.2615427200000227,39.41184993000002],[3.261530970000024,39.41181390999998],[3.2615422800000147,39.411732789999974],[3.2618307600000094,39.41121853999999],[3.2618645599999923,39.410939129999974],[3.261851589999992,39.41057873],[3.261804830000017,39.41049773999998],[3.261734830000023,39.410416810000015],[3.2616532900000266,39.41035391999998],[3.261432350000007,39.410291340000015],[3.2613274099999785,39.41018344999998],[3.2610248700000284,39.410039960000006],[3.2607686200000217,39.40985131000002],[3.260663980000004,39.40982451999997],[3.2605711200000087,39.409842749999996],[3.2604667499999778,39.40988802999999],[3.2602119100000095,39.41007782999998],[3.259979840000028,39.41014142],[3.259643149999988,39.41018723000002],[3.2593991900000105,39.410178770000016],[3.258934199999999,39.41008068999997],[3.2588179800000034,39.41006292999998],[3.258701830000007,39.41006319000002],[3.257865670000001,39.4101101],[3.2575173700000164,39.41015592999997],[3.2569835200000057,39.41028326000003],[3.256751269999995,39.41030180000001],[3.256669830000021,39.41026593999999],[3.257179360000009,39.40984130999999],[3.2573065700000257,39.40968785000001],[3.2573872199999983,39.40950744999998],[3.258606209999982,39.40933353999998],[3.258850100000018,39.40932398000001],[3.2591871399999945,39.40937729000001],[3.259303299999999,39.40937702999997],[3.259836870000015,39.40917760999997],[3.260057360000019,39.409123050000005],[3.260161059999973,39.408897550000006],[3.2603233400000136,39.408807079999974],[3.2604394300000195,39.408788800000025],[3.2605439999999817,39.40879756999999],[3.2614161600000102,39.40906593],[3.261532320000015,39.40906567000002],[3.261648100000002,39.40896629000002],[3.2616945600000236,39.40896617999999],[3.261810819999994,39.40899295000003],[3.2624974099999804,39.40933380000001],[3.2628460700000232,39.40938707999999],[3.2631944699999735,39.409368270000016],[3.2634149200000024,39.40930469],[3.2634844099999896,39.40925047000002],[3.263472659999991,39.40921444999998],[3.2634259999999813,39.409160499999984],[3.263228130000016,39.40905282],[3.2627866700000254,39.40903580000003],[3.262751729999991,39.40900885000002],[3.262751490000028,39.40894577],[3.262786129999995,39.40889163000003],[3.262809030000028,39.408801470000014],[3.262785459999975,39.408711419999975],[3.2625055699999734,39.40841469999998],[3.261760509999988,39.40796584999998],[3.26159739000002,39.40783105999998],[3.2615271000000234,39.40766903000002],[3.2613172200000236,39.40745325],[3.260466899999983,39.406806389999986],[3.260314670000014,39.40647333999999],[3.2598712600000113,39.405924690000006],[3.2596381600000086,39.40570895000002],[3.259171130000027,39.405052220000016],[3.259101170000008,39.404980290000026],[3.25900802000001,39.40491743000001],[3.258682350000015,39.404791999999986],[3.2585659299999747,39.40472018000003],[3.258554150000009,39.40467515],[3.258588999999972,39.404675069999996],[3.2586701600000083,39.404638850000026],[3.2587395900000047,39.40456661000002],[3.2587625499999717,39.404494469999975],[3.258737989999986,39.40413410000002],[3.2586560199999894,39.40395407],[3.2585161100000164,39.40381021000002],[3.258341429999973,39.403684450000014],[3.2582367300000215,39.40363962999999],[3.2581204599999865,39.403603850000025],[3.2578880300000037,39.403568329999985],[3.25717942,39.40353385999998],[3.2567146100000173,39.403471809999985],[3.2565984600000206,39.40347207000002],[3.2564823899999737,39.40349035000003],[3.2563663700000234,39.40352665],[3.2560648900000047,39.40366246999997],[3.2559722099999817,39.40372574999998],[3.2558678400000076,39.40377103999998],[3.255763409999986,39.403798300000005],[3.255647300000021,39.403807570000026],[3.255310179999981,39.40372721],[3.2550077399999964,39.40360172999999],[3.2547638699999766,39.40361128000001],[3.2543112999999835,39.4037204],[3.2542647399999964,39.40369347000001],[3.2542413499999725,39.40364847000001],[3.254241019999995,39.40355835999998],[3.2542756999999938,39.40351322999999],[3.254774310000016,39.40328686999999],[3.2550063599999817,39.40322329000003],[3.2552387200000226,39.40324079999999],[3.2553433799999993,39.40327660999998],[3.2554479400000105,39.40328539000001],[3.25557563000001,39.403267089999986],[3.256457339999997,39.40299482],[3.256526860000008,39.40294961000001],[3.2565382799999725,39.402895520000015],[3.2563987400000087,39.402850779999994],[3.256166350000001,39.40282425999999],[3.25615461000001,39.40278824000001],[3.2561891500000115,39.40270707000002],[3.2563281299999858,39.40259864000001],[3.2563742899999966,39.40251744],[3.2563740599999846,39.40245435999998],[3.255640879999987,39.40205049999997],[3.2555825499999855,39.401978550000024],[3.255559049999988,39.40190651],[3.255512269999997,39.40181651],[3.2552907799999957,39.40159173000001],[3.255186089999995,39.40154690999998],[3.2546279499999855,39.401367919999984],[3.254430150000019,39.401269239999976],[3.2541623399999935,39.40108061000001],[3.254103980000025,39.40099964000001],[3.2541383299999893,39.40086439999999],[3.2541148999999905,39.400810390000004],[3.253683550000005,39.40036079999999],[3.2535084599999777,39.4001179],[3.2534029899999837,39.399856820000025],[3.253344630000015,39.399775850000026],[3.2532746499999803,39.399694909999994],[3.2531000199999767,39.399578150000025],[3.2527628899999854,39.39948878000001],[3.2523557299999766,39.39930043999999],[3.2524137699999756,39.399291310000024],[3.252506740000001,39.399309130000006],[3.252843929999983,39.39941651999999],[3.252936840000018,39.39941632],[3.253041010000004,39.39931696999997],[3.2530874600000175,39.39931687000001],[3.2533087400000227,39.39948758999998],[3.253821549999998,39.399982050000006],[3.2541241000000127,39.40014358000002],[3.2542287200000146,39.40017038000002],[3.254356439999981,39.40016108999998],[3.254402760000005,39.40012495000002],[3.254414209999993,39.40007987000001],[3.254379140000026,39.40001687],[3.2542510299999776,39.39991803999999],[3.2542159600000105,39.39985503999998],[3.2542033700000275,39.399584749999974],[3.2542263600000183,39.39952161999997],[3.2542957800000067,39.39944938000002],[3.2543071399999803,39.39937727],[3.2542952000000014,39.399287189999995],[3.2542600300000117,39.39919716000003],[3.2540733600000067,39.39896329999999],[3.2540017100000114,39.39842281],[3.2537450699999795,39.39810799999998],[3.2537673499999755,39.39784665000002],[3.253755080000019,39.39766645999998],[3.253638330000001,39.39749551],[3.2534169200000065,39.39728874999997],[3.2533817600000248,39.397198720000006],[3.253508819999979,39.39700921999997],[3.2537042899999733,39.396468149999976],[3.2537737100000186,39.396395919999975],[3.2538664200000085,39.39634165000001],[3.2540636499999778,39.39628714999998],[3.2541563600000245,39.39623289000002],[3.2542373900000143,39.39616061999999],[3.254375830000015,39.39590801999998],[3.2544906499999797,39.39554734000001],[3.254653010000027,39.395483909999996],[3.2546385800000053,39.39470903],[3.25454504999999,39.39453802999998],[3.2542768399999886,39.394232260000024],[3.2540905700000167,39.39410650999997],[3.25377653999999,39.393972039999994],[3.2533233099999848,39.39388293000002],[3.252487149999979,39.39387574],[3.251801339999986,39.39369701999999],[3.251220339999975,39.393599170000016],[3.2511041199999795,39.393572389999974],[3.2510110200000213,39.393518519999986],[3.2509643800000276,39.393464559999984],[3.251045280000028,39.39335626000002],[3.251045079999983,39.393302189999986],[3.25099849999998,39.39326625000001],[3.250905409999973,39.393212389999974],[3.2508704100000045,39.39316740999999],[3.250905149999994,39.39314030000003],[3.2512069499999825,39.393103610000026],[3.2513113399999725,39.393067340000016],[3.2513576299999727,39.39302219000001],[3.2513574299999846,39.39296811999998],[3.2512757599999986,39.392860170000006],[3.2511361100000045,39.39277937999998],[3.250578150000024,39.39262739999998],[3.2499972300000195,39.392547560000025],[3.249637240000027,39.39254834000002],[3.2495560799999907,39.39258455999999],[3.2493939799999794,39.392720069999996],[3.249209370000017,39.39305386000001],[3.249024399999996,39.39328853000001],[3.248966429999996,39.39331569000001],[3.2488036899999884,39.39327099000002],[3.2484786300000223,39.39329872000002],[3.2477700599999935,39.39324617],[3.2476886499999864,39.39321030000002],[3.247653010000022,39.392985109999984],[3.2476992399999745,39.39292194000001],[3.2482217799999944,39.39291180999999],[3.2483261599999764,39.39287553999998],[3.2483956500000204,39.392821330000004],[3.2484534199999757,39.39274010999998],[3.248476330000017,39.39264995000002],[3.2484863099999757,39.392190389999996],[3.2485324699999865,39.392109189999985],[3.2489272299999925,39.39209032000002],[3.2491593600000215,39.392053780000026],[3.2496927600000163,39.39183637999997],[3.2498897599999736,39.391718809999986],[3.249959180000019,39.391646579999986],[3.2500169499999743,39.391565360000016],[3.2500398899999823,39.39148420999999],[3.2501093000000196,39.39141197999999],[3.2501788499999975,39.391375789999984],[3.2502369399999793,39.39138466999998],[3.250319330000025,39.391690849999975],[3.2503776500000185,39.39176280999999],[3.2505522899999733,39.39188859000001],[3.250993890000018,39.391977740000016],[3.2516681299999846,39.39217451000002],[3.252191470000014,39.392389630000025],[3.2523429199999896,39.392524460000004],[3.2524010199999793,39.39253334],[3.252470599999981,39.39250615999998],[3.2524936899999943,39.392470059999994],[3.2524817899999903,39.39238898999997],[3.2523998799999845,39.39221796999999],[3.252422939999974,39.392172870000024],[3.252689680000003,39.39207317],[3.2527127100000257,39.39201904999999],[3.2526657000000228,39.39186597999998],[3.2526189899999736,39.39179399],[3.2518856899999946,39.39131802000003],[3.2516526300000237,39.39109325999999],[3.25147757000002,39.390850349999994],[3.2514192500000263,39.39077839999999],[3.251337700000022,39.390706490000014],[3.251267999999982,39.39069762999998],[3.25119841999998,39.390724809999995],[3.250908719999984,39.390896639999994],[3.250804309999978,39.39092390000002],[3.2506882199999723,39.390933159999975],[3.250327270000014,39.39066362],[3.2504081700000143,39.390555319999976],[3.25041951999998,39.39048321000001],[3.2502678199999764,39.390276289999974],[3.2502675999999724,39.39021322000002],[3.250371649999977,39.39008683999998],[3.2505442300000027,39.389635940000005],[3.250890400000003,39.38902245999998],[3.25101681000001,39.388652750000006],[3.2510045500000047,39.388472560000025],[3.2508284300000128,39.38793231],[3.2505714200000284,39.38750034999998],[3.2505594900000006,39.387410269999975],[3.25053594000002,39.387320209999984],[3.250489210000012,39.387239220000026],[3.2504193699999746,39.38719431999999],[3.2503148000000124,39.387176520000025],[3.2500709899999833,39.387186059999976],[3.249850560000027,39.387240599999984],[3.2497344700000212,39.38724986],[3.249618290000001,39.38723209],[3.249373129999981,39.38686317999998],[3.2492684000000054,39.38680033000003],[3.2488270599999964,39.386774249999974],[3.248734070000012,39.38674741],[3.2486293700000033,39.38669356999998],[3.248106660000019,39.38664062999999],[3.2480247699999722,39.386469610000006],[3.247966550000001,39.386424680000005],[3.247861919999991,39.38638886000001],[3.2478155399999764,39.386406980000004],[3.247678559999997,39.387074059999975],[3.24766821999998,39.38743450999999],[3.2475533799999994,39.38779518000001],[3.247472700000003,39.387966559999995],[3.24728773999999,39.38820122999999],[3.2471492899999816,39.38845383],[3.2471157499999777,39.38882333999999],[3.2470694699999854,39.38886848999999],[3.2470114100000274,39.388868609999975],[3.2469648599999914,39.388841679999985],[3.2469414500000084,39.38878765999999],[3.246894359999999,39.38860755000002],[3.2467309400000204,39.388364609999996],[3.246672600000011,39.38828364],[3.2465910899999813,39.38822074000001],[3.246579259999976,39.388157690000014],[3.246730119999995,39.388130339999975],[3.246892300000013,39.38802185999998],[3.2469617200000016,39.38794962999998],[3.2469846899999766,39.3878775],[3.246993439999983,39.38706652000002],[3.246946610000009,39.386958489999984],[3.2468882699999995,39.386877519999985],[3.2467951799999923,39.38682365],[3.2460982299999728,39.38675304999998],[3.245795600000008,39.386546450000026],[3.2458187299999963,39.386519369999974],[3.245865110000011,39.38650124999998],[3.2466893800000207,39.38645444000002],[3.246805400000028,39.38642715999998],[3.2469097100000113,39.38637287],[3.2469791600000235,39.38630964999999],[3.2471641199999794,39.38607497999999],[3.2474174100000255,39.385461710000016],[3.2476365200000146,39.38503773999997],[3.2476587900000027,39.38476737000002],[3.2477051999999844,39.38475826000001],[3.247763290000023,39.384767150000016],[3.2478331500000195,39.38482105999998],[3.2478682099999787,39.38488405999999],[3.247985920000019,39.385334339999986],[3.248137380000003,39.385478190000015],[3.2483235099999774,39.38557691],[3.248439689999998,39.38559468],[3.248555739999972,39.38557641],[3.2487412300000074,39.38549490999998],[3.248995690000015,39.38521503999999],[3.249007010000014,39.38513391999999],[3.248995079999986,39.38504383999998],[3.2488896500000237,39.38478275],[3.248643990000005,39.38426966999998],[3.2483879100000195,39.38409001000002],[3.248131380000018,39.38378419999998],[3.248083969999982,39.383513979999975],[3.2480701000000067,39.382874249999986],[3.2480110899999772,39.382604060000006],[3.247941159999982,39.38253212000001],[3.2477549800000247,39.38241538],[3.247336379999979,39.38224507000001],[3.2469524599999886,39.382029639999985],[3.246440220000011,39.381643269999984],[3.2459623400000055,39.38112167000003],[3.2459149499999853,39.38085145000002],[3.2455885599999874,39.380482710000024],[3.245425160000025,39.38023977],[3.2451772100000085,39.37905989000001],[3.245106949999979,39.37888884],[3.2448616799999854,39.37847486999999],[3.2448146099999917,39.37829476000002],[3.2447904499999822,39.37802448999997],[3.2444052700000157,39.37743961000001],[3.2443353599999796,39.37736767000001],[3.2442422899999883,39.377313800000024],[3.2439284100000236,39.37719733],[3.2437647699999843,39.37688229999998],[3.2437064399999826,39.37680132000003],[3.243636560000027,39.37673840000002],[3.2435435500000267,39.376702550000005],[3.2434158400000115,39.37670281999999],[3.2431957900000157,39.37685646],[3.2431261599999743,39.37686561999999],[3.2430911999999807,39.37682964999999],[3.2431604899999797,39.37672137999999],[3.2431602699999758,39.376658299999974],[3.243113699999981,39.37662236],[3.243055620000007,39.376613469999995],[3.242974419999996,39.37663165999999],[3.2429513499999985,39.37667677000002],[3.2428586300000006,39.37672200999998],[3.2428005799999937,39.37672214000003],[3.2427191500000276,39.37667725],[3.2426260899999875,39.37662338000001],[3.2425910100000124,39.376551370000016],[3.242601709999974,39.376290040000015],[3.2426014000000123,39.376199929999984],[3.2425430700000106,39.376118959999985],[3.242461579999997,39.376056059999996],[3.242356970000003,39.376020229999995],[3.242240840000022,39.37601146999998],[3.242124810000007,39.37602973000003],[3.2416966399999865,39.376436109999986],[3.2416968300000235,39.37649017000001],[3.2417087499999866,39.37658025000002],[3.241674040000021,39.37661637000002],[3.241593019999982,39.37668861999998],[3.241500330000008,39.376742879999995],[3.241291629999978,39.37682440999998],[3.241256980000003,39.376878550000015],[3.241257200000007,39.376941620000025],[3.241292250000015,39.37700462999999],[3.2413737699999956,39.37707654000002],[3.241397549999988,39.377238680000005],[3.241377460000024,39.37814880000002],[3.2416690800000083,39.37854465999999],[3.241705500000023,39.37900413],[3.241776399999992,39.379364409999994],[3.241741760000025,39.379418550000025],[3.2416953499999863,39.379427650000025],[3.241579179999974,39.379409880000026],[3.241123679999987,39.37862689999997],[3.2410070500000074,39.37847396000001],[3.2409256500000083,39.378438089999975],[3.2403342399999815,39.37864655999999],[3.2400910700000054,39.37883628999998],[3.240021660000025,39.37890851999998],[3.240035060000025,39.379431109999985],[3.2400237900000093,39.379530250000016],[3.2399775900000236,39.379602439999985],[3.239896480000027,39.37964765999999],[3.2398152600000003,39.37966584999998],[3.239710709999997,39.379648040000006],[3.239315309999995,39.37945963999999],[3.2393151800000055,39.379423599999996],[3.239430949999985,39.37932424000002],[3.2394771099999957,39.379243050000014],[3.239463320000027,39.378603320000025],[3.2394978699999797,39.37852214999998],[3.239913960000024,39.37797164],[3.2400062799999887,39.377809249999984],[3.2396905599999855,39.37715213000001],[3.239620650000006,39.377080190000015],[3.239488929999993,39.377032299999996],[3.2350142199999823,39.38136971],[3.229956829999992,39.38640781999999],[3.2181489600000077,39.397982309999975],[3.216829290000021,39.39936340999998],[3.214640470000006,39.40138587000001],[3.211349030000008,39.40369863000001],[3.208231909999995,39.40611912000003],[3.206424679999998,39.407717219999995],[3.2052200699999958,39.40887270000002],[3.201812920000009,39.41158181999998],[3.2012993399999914,39.41071770000002],[3.2004291900000226,39.41107962000001],[3.198658480000006,39.40928054],[3.1982966900000065,39.40867745000003],[3.1982492299999876,39.40832612000003],[3.198445289999995,39.40783019999998],[3.1988390600000116,39.407424049999975],[3.1995924500000115,39.406864110000015],[3.199754289999987,39.40659350999999],[3.1999957900000027,39.405746109999995],[3.198169489999998,39.404776089999984],[3.1975508900000023,39.40370488000002],[3.1980606299999863,39.403244470000004],[3.197486029999993,39.40129916000001],[3.1959491800000137,39.39995017000001],[3.19391238999998,39.39838573999998],[3.1923874999999953,39.39711777000002],[3.1872971000000234,39.400090550000016],[3.182148859999984,39.40331549000001],[3.178773709999973,39.40514987],[3.1771156600000268,39.40628773999998],[3.174331470000027,39.40766153999999],[3.1742969700000003,39.40779674999999],[3.1734848599999737,39.408185419999995],[3.1688225999999986,39.41112972000002],[3.168068479999988,39.411509249999995],[3.167450369999983,39.41048294000001],[3.1647184600000173,39.40462094999998],[3.164611990000026,39.403801139999985],[3.163488990000019,39.40038771000002],[3.1625253999999927,39.40055124999998],[3.1581205300000192,39.39916969000001],[3.1576217300000167,39.39943167000001],[3.156843600000002,39.39943273],[3.1564716299999986,39.39928906],[3.156145449999997,39.39884798000003],[3.154379440000014,39.39852595000002],[3.154227590000005,39.39812969000002],[3.1533792100000255,39.39786950000001],[3.151799639999979,39.39781750999998],[3.1505570799999987,39.39786418],[3.1470370299999786,39.397337059999984],[3.145991400000014,39.397140139999976],[3.1428192299999864,39.39632411000002],[3.1422037400000136,39.396333879999986],[3.138230340000007,39.395518700000025],[3.137626329999989,39.39545635000002],[3.121099519999973,39.394789919999994],[3.1163612299999954,39.39469563],[3.114630649999981,39.394553169999995],[3.113643649999972,39.394617219999986],[3.1092083199999934,39.395162089999985],[3.1039488600000027,39.39602291],[3.096010279999973,39.39957989999999],[3.09197623,39.396519549999994],[3.0901628999999957,39.39525047000001],[3.0893374199999926,39.39451223999998],[3.0863964399999873,39.39218070999999],[3.072868519999986,39.381854780000026],[3.071241750000013,39.380639359999975],[3.0702656199999865,39.37981997999998],[3.069196799999986,39.379171859999985],[3.0593344499999944,39.37323028999998],[3.056639329999996,39.371114130000024],[3.055942210000012,39.37040263],[3.052793510000015,39.36689897000002],[3.048855039999978,39.36233228999998],[3.0461484400000245,39.35931483000002],[3.042210809999972,39.35470287999999],[3.0412816099999986,39.35354984999998],[3.0405381400000238,39.352396750000025],[3.0397131799999784,39.35077510999997],[3.030123969999977,39.344326369999976],[3.0280927700000007,39.34339877999997],[3.0118563300000005,39.33412959999998],[3.0064142300000185,39.33145386000001],[3.0007521300000235,39.32919234000002],[2.9922132300000044,39.326065340000014],[2.9903570199999763,39.32556059000001],[2.98918531999999,39.32518203000001],[2.9886052599999857,39.32506483999998],[2.9883746599999768,39.325467679999974],[2.988419570000019,39.32547932],[2.9886979899999915,39.325578459999974],[2.988906799999995,39.32570463000002],[2.9891039999999975,39.325848819999976],[2.9892896000000064,39.326029059999996],[2.9894520000000284,39.32623632000002],[2.9895911899999987,39.32643457],[2.989707179999982,39.32664183000003],[2.989811569999972,39.32683106000002],[2.989892750000024,39.327038319999986],[2.9899507299999755,39.32724557],[2.9899971099999902,39.32744380999998],[2.9900550899999985,39.32764205000001],[2.990124680000008,39.32782227000001],[2.9901942600000098,39.32806556999998],[2.9902058299999794,39.32828182999998],[2.990159389999974,39.328480060000004],[2.990112979999992,39.32853411999997],[2.9900433600000156,39.32857016000003],[2.9899621399999887,39.32858818],[2.9898809200000187,39.328606190000016],[2.9895908699999723,39.32862419000003],[2.9893008099999747,39.328687230000014],[2.989254389999985,39.32871426000003],[2.98923117999999,39.32876833],[2.9892427699999757,39.32883140000001],[2.9892659700000195,39.328876460000004],[2.9892891700000064,39.32892150999999],[2.989439969999978,39.32910174],[2.9894515600000204,39.329155809999975],[2.9894283400000177,39.329263939999976],[2.9894747499999994,39.32929997999997],[2.989706769999998,39.329417139999975],[2.9897531799999797,39.329444179999996],[2.9898343899999986,39.32945319999999],[2.989904000000024,39.32948024000001],[2.9899388000000044,39.32952528999999],[2.989950399999998,39.32956134],[2.989985190000027,39.32966947],[2.9900199900000075,39.32971452999999],[2.9901244100000213,39.32977761000001],[2.9901824099999885,39.32980465000003],[2.9904260499999964,39.32989478000002],[2.9906464700000015,39.33004798000002],[2.9907740799999942,39.33020117000001],[2.990936490000024,39.33039041000001],[2.991040909999981,39.330408439999985],[2.9911569299999883,39.33040844999999],[2.9912265400000138,39.330453509999984],[2.9914353699999765,39.3305977],[2.991481770000007,39.33064274999998],[2.991528179999989,39.33068780999997],[2.991586180000013,39.33080496000002],[2.9916441699999723,39.33101220999998],[2.9916209400000184,39.33121944999999],[2.991551309999977,39.33130956000002],[2.9915048999999954,39.33133658000003],[2.991435280000019,39.33136360999998],[2.9911568100000068,39.33137260000001],[2.9909015599999975,39.33137257999999],[2.9908783500000027,39.331417629999976],[2.99085513,39.331543780000004],[2.9908899299999803,39.33159784999998],[2.9909479400000123,39.33162489],[2.99119158000002,39.331678969999984],[2.9914236299999857,39.33176007999998],[2.9916440599999987,39.33186823],[2.9918529000000262,39.33197637000001],[2.991945699999974,39.33217461999999],[2.991945670000007,39.332435929999974],[2.9919108500000107,39.33252603],[2.9918412100000182,39.332751289999976],[2.9917367699999886,39.33291348],[2.9916207200000144,39.33307566000002],[2.991574309999976,39.333102689999976],[2.991307440000014,39.33312969999997],[2.991028970000002,39.33313869],[2.990796909999972,39.33312065000001],[2.990530050000018,39.333093599999984],[2.990251569999998,39.33312962000002],[2.990193560000023,39.33314763999999],[2.9901471399999764,39.33320170000002],[2.9901239299999816,39.333255759999986],[2.9901239199999736,39.33330982000001],[2.9902051099999767,39.333490040000015],[2.9902515200000153,39.33352609000002],[2.9903095299999904,39.333553129999984],[2.9903095199999825,39.333616199999994],[2.990263099999993,39.33371531],[2.9902282599999808,39.33391354999998],[2.9904719099999966,39.33403070999998],[2.9905299199999718,39.33406674999998],[2.990564730000017,39.334111810000024],[2.990587930000004,39.334129829999995],[2.990622739999992,39.33414785999997],[2.9906575399999724,39.33418390000003],[2.990669120000007,39.33437313000002],[2.990703919999987,39.33442719999999],[2.9908199500000023,39.33446325],[2.9910171899999796,39.33457139000001],[2.99106359000001,39.33461645],[2.9910983899999906,39.334733589999985],[2.991133170000012,39.33494984999999],[2.9911447499999895,39.33513005999998],[2.9911447299999736,39.33531928999997],[2.9911331199999722,39.33537335],[2.9910866999999826,39.33543642000001],[2.9910634899999877,39.335490489999984],[2.99106347999998,39.335580590000006],[2.991040250000026,39.335769819999996],[2.991005410000014,39.33595002999999],[2.9909589700000083,39.33617529000003],[2.9909009300000093,39.33640955999999],[2.9908545000000117,39.33652669999998],[2.990796450000005,39.336769979999985],[2.9907616300000086,39.336815030000025],[2.9906223699999828,39.3369682],[2.990459900000019,39.33714839999999],[2.9903554399999734,39.337373660000026],[2.990250979999985,39.33758991000002],[2.9901581199999896,39.337770120000016],[2.9900420600000075,39.33794131000002],[2.9899027999999817,39.338094479999995],[2.989659099999983,39.33820257999997],[2.9895894800000065,39.33824763000001],[2.9894153899999765,39.338436839999986],[2.989287730000001,39.33860802999999],[2.9891832600000043,39.33880626000001],[2.989055590000021,39.33898646],[2.9889047099999857,39.33919369],[2.9887306200000126,39.33939191000002],[2.988544919999981,39.33961715999999],[2.9883824300000015,39.339833399999975],[2.988231550000023,39.34001360000002],[2.9880922699999815,39.34019379],[2.9879297900000097,39.34037398999999],[2.987709289999998,39.340482099999974],[2.9876628700000083,39.34050911999998],[2.987535190000017,39.34069833000001],[2.987419120000027,39.34090557000002],[2.98730304999998,39.34106774999998],[2.987186969999982,39.34123893999998],[2.987047689999997,39.34140110999999],[2.9869084100000123,39.34158130999998],[2.9867459199999757,39.341761510000026],[2.986583429999996,39.34193269000002],[2.986444150000011,39.34207685000001],[2.9862816500000235,39.34224803000001],[2.9861307599999805,39.34242821999999],[2.9859566599999994,39.342626440000004],[2.985805760000005,39.34279762],[2.9856664800000203,39.342950789999975],[2.985480769999981,39.34313999],[2.9853530899999896,39.34330216000001],[2.985213789999989,39.343518399999994],[2.9850860999999895,39.34368959],[2.984923600000002,39.34387879000002],[2.9847727000000077,39.34406799999999],[2.9846218000000135,39.34423917999999],[2.9844709000000194,39.34440135],[2.984308399999975,39.34456352000001],[2.984087880000004,39.344716670000025],[2.9839021700000217,39.34486082000001],[2.983739669999977,39.34500496999999],[2.9836003600000254,39.345212189999984],[2.9834494599999744,39.34538336999998],[2.9832289199999877,39.345563560000016],[2.9830432100000053,39.34572572000002],[2.9828458800000135,39.34588788999997],[2.9826485500000217,39.34606807],[2.9824744300000248,39.34624825999998],[2.9823467400000254,39.34641943999998],[2.982161019999978,39.346572589999994],[2.981952089999993,39.34669871],[2.981754780000017,39.346806809999975],[2.981545840000024,39.34696896999998],[2.981452979999972,39.34704104000002],[2.9812672599999814,39.347203200000024],[2.981104739999978,39.34737438000002],[2.980988649999972,39.34752753999999],[2.9807332799999813,39.347716719999994],[2.98048953,39.34787886999999],[2.9803618299999926,39.348014009999986],[2.98033860999999,39.34803203000001],[2.980199299999981,39.34822122999998],[2.980013559999975,39.34841942999998],[2.979874250000023,39.34856358000002],[2.979723340000021,39.34871672999998],[2.979491180000025,39.34888790000002],[2.9793054400000187,39.34905907000001],[2.9791545200000087,39.34923924999998],[2.978980379999996,39.34941943000001],[2.9788178599999924,39.34956356999999],[2.978632109999978,39.34975276],[2.9784579799999733,39.34992394],[2.978272240000024,39.35006807000002],[2.9780865100000256,39.350212209999995],[2.977889160000018,39.35037435999999],[2.977715040000021,39.350500479999994],[2.9775525100000095,39.350644620000025],[2.9773435500000005,39.350815780000005],[2.977122989999998,39.35095990999997],[2.9769256600000062,39.35107700999998],[2.97673992,39.35122114000001],[2.976530959999991,39.351374280000016],[2.976356819999978,39.35151841999999],[2.9761594799999784,39.351662550000015],[2.9759505200000262,39.351806669999974],[2.9757531800000265,39.35193278000003],[2.9755442200000175,39.35206790000001],[2.97534687000001,39.35220301999999],[2.9751611300000036,39.35232012],[2.9749521800000025,39.352437210000005],[2.9747199999999907,39.35260835999998],[2.974522639999975,39.352761499999986],[2.9743369000000257,39.352896620000024],[2.9742788600000267,39.35291462999999],[2.9742092299999854,39.352905599999985],[2.9741628099999957,39.35286954999998],[2.9738959000000023,39.352797399999986],[2.9736173900000153,39.35270723000002],[2.973327250000011,39.35266211999999],[2.973037099999999,39.35264403000002],[2.972781789999999,39.3525899],[2.9725380699999846,39.352562809999995],[2.9722827400000256,39.35255374000002],[2.9722130999999763,39.35257174999998],[2.9721898700000224,39.352625810000006],[2.9721898500000066,39.35267085999999],[2.9720853200000192,39.35286907],[2.9720620800000006,39.35293214000001],[2.9719343400000184,39.35311231999998],[2.9719343200000026,39.353166380000005],[2.97194589999998,39.35322044999998],[2.9720154999999977,39.35331058000003],[2.972050280000019,39.35341871000003],[2.9720618700000045,39.353472780000004],[2.972003749999999,39.35368901999999],[2.972003719999975,39.35375209],[2.972026910000011,39.353815180000026],[2.9720152799999937,39.353869239999995],[2.971968839999988,39.353914280000026],[2.9717482600000267,39.35407642000001],[2.971632179999972,39.35412143999997],[2.9713884399999984,39.35413039000002],[2.9710982899999863,39.35409428000003],[2.9708545999999956,39.354004110000005],[2.970784970000011,39.35398607000002],[2.970645690000026,39.353986039999995],[2.9705876599999783,39.35399503000002],[2.9705296100000282,39.354022050000026],[2.9704831700000227,39.35406709],[2.970274189999998,39.35422022],[2.970123249999972,39.354355339999984],[2.970065200000022,39.35439136999997],[2.9698678299999983,39.35455351000002],[2.969670459999975,39.354697629999976],[2.9694034899999906,39.35474261000002],[2.9691365300000143,39.35476055999999],[2.969066899999973,39.35474252],[2.9687883400000032,39.354769480000016],[2.9687070699999936,39.3548055],[2.9686141899999825,39.35486854999999],[2.9685561200000166,39.35496764999999],[2.968474800000024,39.355138839999995],[2.968370240000013,39.35535506000002],[2.968370219999997,39.35540012000001],[2.9683701299999825,39.35560736000002],[2.9683584300000234,39.355823610000016],[2.9683699400000023,39.35603987000002],[2.9684279300000185,39.35613000000001],[2.9684859399999937,39.35618407999999],[2.968520739999974,39.35622913999998],[2.9684743000000253,39.35626516999997],[2.9682189000000108,39.356373229999974],[2.968195680000008,39.35638223000001],[2.967986689999975,39.356544369999995],[2.967917010000008,39.356625440000016],[2.9677544300000136,39.35682363000001],[2.967603469999972,39.356967759999975],[2.9674989399999845,39.35712991999998],[2.9673363599999902,39.35731009],[2.9671389599999998,39.35748124000003],[2.966883580000001,39.35754423999998],[2.9666281899999944,39.35761624999998],[2.966430790000004,39.35778740000001],[2.9663843499999984,39.35781442000001],[2.966314699999998,39.35783242000002],[2.966128920000017,39.35798555000002],[2.9661056799999983,39.35803059],[2.966094049999981,39.35807563999998],[2.9660939600000233,39.35826487000003],[2.966047479999986,39.35837298000001],[2.965861689999997,39.35853512],[2.965652690000013,39.35869724999998],[2.9654204899999854,39.35880530999998],[2.965176680000013,39.35893138],[2.9649676899999804,39.35905746999998],[2.964712259999999,39.359201559999974],[2.9644684500000267,39.359327640000004],[2.9643639399999984,39.359399689999975],[2.9641665600000238,39.35951677000003],[2.963934370000004,39.35961581999999],[2.9637369800000215,39.359732889999975],[2.9634931800000004,39.35983193999999],[2.963272589999974,39.359921970000016],[2.963005559999999,39.36004803999998],[2.962912659999972,39.360129099999995],[2.962854600000014,39.360165129999984],[2.9626223899999786,39.36030020999999],[2.9623785599999906,39.36043529],[2.9621579399999973,39.36058839999998],[2.9620418399999835,39.36063342],[2.9617980400000192,39.36071443999998],[2.961542619999989,39.360822480000024],[2.961333609999997,39.36094856],[2.9611130100000196,39.361065629999985],[2.9610549600000127,39.36107462000001],[2.9609969100000058,39.36111063999999],[2.9607530800000177,39.36122769999997],[2.9604744299999766,39.36135374999998],[2.9602654400000006,39.361452799999995],[2.9600564500000246,39.361551840000004],[2.9598126099999718,39.36168692000001],[2.9597197100000017,39.36175896999998],[2.959487490000015,39.361885040000004],[2.959243679999986,39.36196604999998],[2.9589650600000255,39.362029029999974],[2.9586980400000016,39.36210102000001],[2.958465830000023,39.362209070000006],[2.958256819999974,39.36231712],[2.9580362300000047,39.36239813999998],[2.9578156300000273,39.36247915000001],[2.9575253799999928,39.36257816],[2.957293199999981,39.362623129999974],[2.95706100000001,39.36268611999998],[2.956840409999984,39.362758129999975],[2.9567127199999845,39.36276708999998],[2.9564225099999817,39.362794020000024],[2.9561787399999844,39.362802939999995],[2.955876929999988,39.36280282000001],[2.9555983500000025,39.36280271999999],[2.9554593299999965,39.36236114000002],[2.95537822,39.36212683999997],[2.9552158800000257,39.36187447999998],[2.954844610000009,39.36159500000002],[2.953904840000007,39.36090081999998],[2.9533479699999816,39.36045908],[2.9532667600000195,39.36040498],[2.9531506800000216,39.36040494000002],[2.9530346000000236,39.360413900000026],[2.9529997399999957,39.360467949999986],[2.9529880900000194,39.36054002999998],[2.95311571000002,39.36063919999998],[2.953150540000024,39.36062119000002],[2.9549604399999794,39.361973499999976],[2.9550532700000076,39.362027599999976],[2.9551228400000014,39.36214475999998],[2.9554125500000055,39.36291077999999],[2.9550874700000236,39.36300977000002],[2.954669690000003,39.36284741999998],[2.954623280000021,39.36282037000001],[2.9550065399999994,39.362505139999996],[2.954971720000003,39.36248711000002],[2.9545768699999826,39.362784309999995],[2.9543912400000067,39.36264007],[2.954774480000026,39.36234286000001],[2.95475128999999,39.36231581999999],[2.954344830000025,39.362604009999984],[2.954101190000017,39.362405679999995],[2.954472829999986,39.362117479999995],[2.954449629999999,39.362090439999974],[2.9540547799999786,39.36237863000002],[2.953822749999972,39.36218931000002],[2.954171169999995,39.36190111000002],[2.954136360000007,39.36187405999999],[2.953799559999993,39.36214424999997],[2.953544319999992,39.361954930000024],[2.9538811099999975,39.36169374999997],[2.9538463000000093,39.3616667],[2.9534746799999994,39.361945890000015],[2.953196230000003,39.361738530000025],[2.9535214200000155,39.36147734999997],[2.9534982199999718,39.36145031000001],[2.953068529999996,39.36175650000001],[2.9529408999999873,39.36168436999998],[2.95283637,39.36176541999998],[2.952708770000015,39.361648230000014],[2.9532197799999835,39.36123393999998],[2.9531849699999952,39.36121591],[2.9525694499999986,39.36168421999997],[2.9522909899999945,39.361503889999994],[2.9528949200000056,39.36100855000001],[2.952871710000011,39.36099051999997],[2.9522097400000007,39.36150386000003],[2.951942910000014,39.361287489999995],[2.9526165099999844,39.36074712999999],[2.952581710000004,39.36071106999998],[2.9519081099999767,39.36125143999999],[2.9518269000000146,39.361188330000004],[2.9517108399999756,39.36116125000001],[2.9517340699999863,39.36114323999999],[2.9517108599999915,39.36113422],[2.9515715,39.36124229000001],[2.9515250800000103,39.36121523999998],[2.951676060000011,39.361107170000025],[2.9516528500000163,39.36108913999999],[2.9515018899999745,39.36117918999997],[2.9513509999999883,39.361179119999974],[2.951258180000025,39.36111600999999],[2.951513690000013,39.36090887],[2.9521292300000255,39.360404519999975],[2.9523382699999843,39.36024242000002],[2.9524660100000233,39.36015235999997],[2.9526169700000082,39.36006232],[2.952733060000014,39.36003533000002],[2.95296522000001,39.36002640999999],[2.9533830799999805,39.360035589999995],[2.9537893300000064,39.360044759999994],[2.953893849999986,39.35996370999999],[2.9538939099999766,39.35986458999997],[2.953801090000013,39.35981048999997],[2.9532440099999917,39.359702140000024],[2.9525126999999998,39.359764919999975],[2.9521991799999796,39.35994500999999],[2.950770659999989,39.361124819999986],[2.9507242299999916,39.36112480000003],[2.950468870000009,39.36111568000001],[2.9502019000000246,39.361106559999996],[2.9500510400000053,39.36105242999997],[2.9497724999999946,39.36099825000002],[2.949470710000014,39.36098910999999],[2.9493894400000045,39.36100708999999],[2.949366189999978,39.36105214000003],[2.9493429099999844,39.36115124000003],[2.9492848599999775,39.36116923999998],[2.9492035999999757,39.36117822],[2.949157169999978,39.36116919],[2.9488786000000005,39.361160050000024],[2.9486116200000083,39.36115993999999],[2.948576829999979,39.36112387999998],[2.9485071799999787,39.36112385000001],[2.948460739999973,39.361141850000024],[2.9484374900000034,39.36118689],[2.948449059999973,39.361240959999975],[2.948530249999976,39.36132208999999],[2.948530220000009,39.36136714999998],[2.948460549999993,39.36140316000001],[2.9483908999999926,39.36141214000003],[2.9483328599999936,39.36141211],[2.948263220000001,39.36139406000001],[2.9481819700000074,39.361394029999985],[2.948112320000007,39.361403010000004],[2.9480426599999987,39.36142100000001],[2.94781045000002,39.36149297999998],[2.9477291700000023,39.361537999999996],[2.9476943199999823,39.36157401999998],[2.9475433100000146,39.361718129999986],[2.9474852499999997,39.361745129999974],[2.947253030000013,39.361844150000024],[2.9469976400000064,39.36187107000001],[2.9469396100000154,39.36186203],[2.9466843199999744,39.361753780000015],[2.9466262899999833,39.36173573999997],[2.9465682599999923,39.361735710000005],[2.946498589999976,39.361762709999994],[2.9464521300000115,39.361798729999975],[2.9462894900000265,39.36196985999999],[2.946243030000005,39.36200588000003],[2.94611531999999,39.362041869999985],[2.945976029999997,39.362041799999986],[2.945918010000014,39.36202376],[2.9458135699999843,39.361978650000026],[2.9457555299999854,39.36197863000001],[2.945476910000025,39.36202355],[2.94541885000001,39.36205056],[2.945384009999998,39.36207757],[2.9451865500000167,39.36223967000001],[2.94516329999999,39.36228471999999],[2.945105259999991,39.36229370000001],[2.9450588500000094,39.36225762999999],[2.94502405999998,39.36221257],[2.944966029999989,39.36220352999999],[2.94490798999999,39.36220350000002],[2.944838329999982,39.36223050000001],[2.944803460000003,39.36228455000003],[2.9445364800000107,39.36229343000002],[2.944478419999996,39.36231142999998],[2.944362269999999,39.36241049],[2.9442344600000183,39.362563609999995],[2.944187999999997,39.36259962999998],[2.944129939999982,39.36262663000002],[2.943909290000022,39.36275268000003],[2.943851240000015,39.362770669999975],[2.943793169999992,39.36280669000001],[2.9435377699999776,39.36284260999997],[2.943491359999996,39.36281554999999],[2.9434217099999955,39.36281552000003],[2.943212659999972,39.36295058000002],[2.942957270000022,39.362968480000006],[2.942759850000016,39.363076509999985],[2.942573970000012,39.36326564000001],[2.9425158999999894,39.36330165999999],[2.9422488999999814,39.363328560000014],[2.941970309999988,39.363328420000016],[2.9419238599999744,39.36335543000001],[2.9419238199999995,39.363400479999996],[2.941900569999973,39.36344552999998],[2.9418309000000136,39.363463509999974],[2.9417728700000225,39.36345447000002],[2.9417032100000142,39.363472460000025],[2.9415870700000255,39.36354448999998],[2.9413200299999858,39.36360743],[2.941029839999999,39.36359827000001],[2.940936910000005,39.36367932000002],[2.940878839999982,39.36371534],[2.9406002299999727,39.36373321999997],[2.940553829999999,39.36369715000001],[2.9405422699999804,39.363643079999974],[2.940542310000012,39.36359802999999],[2.9405307499999935,39.363543960000015],[2.940403070000002,39.363534879999975],[2.9401128599999993,39.36354375000002],[2.9400547999999844,39.36357075000001],[2.9400199400000133,39.36360676999999],[2.939938589999997,39.363714860000016],[2.9398572599999966,39.363804930000015],[2.9397875999999883,39.36382291000001],[2.9397295599999893,39.36381387],[2.939659930000005,39.36379581],[2.9394161999999824,39.36375063000003],[2.9393581499999755,39.36376862999998],[2.93925360999998,39.363840659999994],[2.939195550000022,39.36386765999998],[2.939137510000023,39.363867630000016],[2.9388705299999742,39.36386749000002],[2.938812470000016,39.36388548000002],[2.9387892099999817,39.36393052],[2.9388007399999765,39.36402965000002],[2.938730910000004,39.364236860000005],[2.938672839999981,39.36427286999998],[2.938614780000023,39.36429085999998],[2.938498690000017,39.36429980999998],[2.9382084999999734,39.36429064999999],[2.9379183099999864,39.36427247],[2.9376629500000035,39.364254319999986],[2.937407570000005,39.36425417999999],[2.9373495500000217,39.364236129999995],[2.9372335099999987,39.36419101000001],[2.9369665599999735,39.364145819999976],[2.936896900000022,39.36416379999997],[2.936803979999979,39.364217810000014],[2.936745920000021,39.36424482000001],[2.936618259999989,39.36421770999999],[2.9364673399999788,39.36422664000003],[2.9364325500000064,39.36419058000001],[2.9361771700000077,39.36419945],[2.935898570000006,39.364199299999996],[2.9356432499999983,39.36413608999999],[2.935387970000022,39.364036829999975],[2.935155850000001,39.36399165],[2.9349121399999945,39.363928439999995],[2.9346219799999744,39.36388323],[2.93455234999999,39.36386517],[2.9343203099999755,39.363729879999994],[2.9342623000000003,39.36370281000001],[2.934053440000014,39.36361259],[2.933867809999981,39.36350435000003],[2.933751770000015,39.36346824999998],[2.933496390000016,39.36346809999998],[2.9333802799999944,39.363504079999984],[2.933124840000005,39.36357601999998],[2.932846170000005,39.363656960000014],[2.932567469999981,39.36376493],[2.9324978199999805,39.36377390000001],[2.9322075900000186,39.363800760000004],[2.931929000000025,39.36380059999999],[2.931685239999979,39.36379145000001],[2.9316155700000195,39.36380943],[2.931569109999998,39.36383642999999],[2.9315109899999925,39.36392651],[2.9314527700000212,39.36410669000003],[2.9314179099999933,39.36414271000001],[2.9313598599999864,39.36415168000002],[2.931208980000008,39.36412455999999],[2.9311625799999774,39.36409751000002],[2.931023240000002,39.36414248],[2.930929409999976,39.364203069999974],[2.9308141600000113,39.36427751000002],[2.9307560999999964,39.364295500000026],[2.9306980599999974,39.36429547],[2.9304890999999884,39.36431335999998],[2.9304310699999974,39.364304319999974],[2.9303730500000142,39.36427724999999],[2.9301525700000184,39.36420504],[2.9300945400000273,39.364195989999985],[2.9297695100000283,39.36420480999999],[2.9295141200000216,39.36421367000003],[2.9292471200000136,39.36422252],[2.92910784999998,39.36420441000001],[2.9288641200000143,39.364159210000025],[2.928574009999977,39.36406892999997],[2.928516000000002,39.364041859999986],[2.9283304599999838,39.36385252000002],[2.9283072999999717,39.36379843999998],[2.9283073500000114,39.36375339],[2.9282841799999915,39.36370832],[2.92821471000002,39.36352806999997],[2.9280756300000235,39.363320740000006],[2.927878439999972,39.36317644000002],[2.9277044899999964,39.36301414000002],[2.927634860000012,39.362996080000016],[2.927553610000018,39.36299602999998],[2.9272750100000167,39.36300487],[2.9272053899999833,39.36297779],[2.9271590000000174,39.36294171999998],[2.9269502000000216,39.36280642999998],[2.9269154200000003,39.36276135999998],[2.9267877799999837,39.36271621999998],[2.9265556999999944,39.36264398999998],[2.9264744899999755,39.362598890000015],[2.9262308099999927,39.36251764000002],[2.9261379600000055,39.36250856999999],[2.9258129199999985,39.36252639000003],[2.92555754,39.36253524],[2.925302180000017,39.36252605999999],[2.9251745199999846,39.362498949999974],[2.925139750000028,39.362453870000024],[2.925070220000009,39.36234569999999],[2.925012229999993,39.36230060999998],[2.9249426000000085,39.362282540000024],[2.9248265400000264,39.36226445],[2.92475687000001,39.36228242999999],[2.924721990000023,39.36233647],[2.9247102799999993,39.36243558000001],[2.9246522199999845,39.362453560000006],[2.924582579999992,39.36244450999999],[2.924524580000025,39.362408430000016],[2.9243506099999763,39.36227315000002],[2.924292610000009,39.36223706999999],[2.9239908600000035,39.36219182000002],[2.923735509999972,39.36217363999998],[2.9234917699999983,39.36215546],[2.9232132099999717,39.362128240000004],[2.922969469999998,39.36211006000002],[2.922714159999998,39.362055829999974],[2.9224356099999795,39.362019599999996],[2.9221570899999847,39.36196534999999],[2.9219249700000205,39.36192915999999],[2.9216464900000005,39.36183885999998],[2.9214260300000205,39.36176662999998],[2.9211938700000246,39.36176647999997],[2.920938490000026,39.361775309999985],[2.9206947900000273,39.36172109],[2.9206484000000046,39.361685009999974],[2.920636849999994,39.36163994999998],[2.9206252999999833,39.36158588000001],[2.920648749999998,39.361378650000006],[2.9206023699999832,39.36133355999999],[2.9205327500000067,39.361306479999996],[2.9203005900000107,39.361315339999976],[2.92004522000002,39.36132416999999],[2.9199059100000113,39.36133309000002],[2.919638980000002,39.36129685999998],[2.919406830000014,39.361296709999976],[2.919186379999985,39.36121545999998],[2.9189311599999996,39.36108912999998],[2.918861740000011,39.360890849999976],[2.9188503799999808,39.36067458000002],[2.9191057900000033,39.36063872],[2.9193030199999725,39.360719949999975],[2.9193495200000257,39.360665919999974],[2.9191174700000033,39.36057564999999],[2.919512559999987,39.36019747],[2.919570560000011,39.36022453999999],[2.919605460000014,39.360161489999996],[2.919443049999984,39.360080289999985],[2.9193965499999877,39.360134319999986],[2.919466160000013,39.36017041000002],[2.9190943199999992,39.36052157],[2.9188621499999954,39.36053943000002],[2.918839040000023,39.36044930999998],[2.9183747000000153,39.36048503000001],[2.9182356700000014,39.36025966],[2.919164780000017,39.35980977000003],[2.919141609999997,39.35977371000001],[2.9182822000000215,39.36016959],[2.918096719999994,39.35997121999998],[2.9188632400000074,39.35959330999998],[2.9188400499999716,39.35956626000001],[2.918096789999993,39.359908150000024],[2.917899700000021,39.35970978],[2.9186662100000262,39.35934086999998],[2.918631409999989,39.35931382000001],[2.917783639999982,39.35969167000002],[2.9175981500000034,39.35950231999999],[2.9186549799999852,39.359007469999995],[2.919837840000014,39.35995441],[2.9197913900000003,39.359972400000004],[2.919884169999989,39.36004455],[2.9200468500000056,39.359882459999994],[2.9186668400000144,39.35879122],[2.9174706200000173,39.359376080000004],[2.917319770000006,39.35933091999999],[2.917261769999982,39.35930385],[2.9170645799999875,39.35918657000002],[2.9168326199999797,39.359033220000015],[2.916577440000026,39.35887986],[2.9162989199999743,39.358843620000016],[2.916240899999991,39.358825550000006],[2.915962460000003,39.358717230000025],[2.9157652999999755,39.358581920000006],[2.9156260600000223,39.358545779999986],[2.9153590799999733,39.35855459999999],[2.9151037199999905,39.35855441000001],[2.9148484099999905,39.358518189999984],[2.91455830000001,39.35846391000001],[2.914337880000005,39.35836462999998],[2.91409428999998,39.35823829999998],[2.914047900000014,39.35820223000002],[2.914001540000015,39.35814813000002],[2.913943730000028,39.35796786999998],[2.913885960000016,39.357751570000005],[2.91386301,39.357535299999995],[2.913816859999997,39.357309999999984],[2.913782270000013,39.35712074999998],[2.913759340000013,39.35688644999999],[2.913771199999985,39.35667920999998],[2.913817740000013,39.35658913999998],[2.913910709999982,39.35649009000002],[2.9140268599999786,39.35642710000002],[2.914201119999973,39.35630107999998],[2.9144101699999965,39.356193099999984],[2.9146772000000283,39.35613022000001],[2.9147352599999863,39.356112250000024],[2.91481675,39.35590506],[2.9147705799999812,39.355697780000014],[2.9147358299999837,39.35563467999998],[2.9145386499999972,39.35552640999998],[2.9144807499999956,39.35541823],[2.9144578099999876,39.35519295],[2.9144580500000075,39.35499471999998],[2.914388470000006,39.354949610000006],[2.914109960000019,39.35491336000001],[2.9140171999999893,39.354832199999976],[2.913994030000026,39.35479614000002],[2.9139593500000274,39.35468799],[2.913797009999996,39.35456171999999],[2.9137508300000263,39.354363449999994],[2.9137161400000195,39.354255290000026],[2.9136583399999836,39.354066020000005],[2.9136700000000246,39.35402097999997],[2.9138327000000004,39.3538499],[2.913855990000002,39.35378684],[2.9138560800000164,39.353714749999995],[2.913844729999994,39.35350749999998],[2.913856420000002,39.35343541999998],[2.913949489999993,39.353255279999985],[2.914147000000014,39.35309323000001],[2.9142747099999724,39.35305727999997],[2.9143211800000017,39.35302127],[2.914309639999999,39.35296720000002],[2.9142632300000173,39.35294914000002],[2.913973090000013,39.35293991999998],[2.9137062099999866,39.35288566000003],[2.9134857999999895,39.352804400000025],[2.9134394199999747,39.352768319999996],[2.9134162700000275,39.35271424000001],[2.9134279500000275,39.35265117],[2.913602229999981,39.35249812000001],[2.913613899999973,39.352453070000024],[2.9135791200000085,39.35241701000001],[2.913509480000016,39.35241695000002],[2.9132541299999843,39.35243479000002],[2.9132076800000277,39.35245277000001],[2.913114699999994,39.352560830000016],[2.9130565300000058,39.352668919999985],[2.913021669999978,39.352704940000024],[2.9129636200000277,39.35272291000001],[2.912789509999982,39.35273179000001],[2.912452949999988,39.352722529999994],[2.9121859900000118,39.35273133999999],[2.911907429999985,39.35274013999998],[2.911826210000015,39.35272206000002],[2.9117449899999883,39.35270398],[2.911640630000022,39.35263180999999],[2.9115130399999885,39.352568640000015],[2.911420210000017,39.35255054999999],[2.9113389699999743,39.35255049],[2.911071970000023,39.35259533999999],[2.9109790300000213,39.35266736],[2.9109673599999724,39.352721410000015],[2.911094769999977,39.352919740000004],[2.911152539999989,39.353127029999996],[2.911140880000005,39.35317207999998],[2.911106000000018,39.35321711],[2.9110363300000017,39.353244089999976],[2.9109666699999934,39.35326205000001],[2.9108854300000075,39.35326199000002],[2.9107926099999872,39.35323489000001],[2.9105257499999766,39.353171610000004],[2.910247190000007,39.35318040999999],[2.91013104000001,39.35324338999999],[2.9100729400000205,39.35329740999998],[2.91002622000002,39.35353165999999],[2.9099215100000038,39.353729810000004],[2.9098750499999824,39.35375680999999],[2.9098169700000085,39.35379280000001],[2.909515180000028,39.35381059000002],[2.9092134800000053,39.35376531000003],[2.9089813300000174,39.35378315000003],[2.9089232700000025,39.353801120000014],[2.908865189999972,39.35383711999998],[2.9086445799999865,39.35390903000001],[2.9085748900000112,39.353945020000026],[2.9085167900000215,39.35399904000002],[2.9083888700000102,39.354188169999986],[2.9083073400000217,39.354413369999975],[2.908249060000003,39.35460254999998],[2.9081791500000236,39.35480974000001],[2.9082255299999815,39.35484581999998],[2.908295150000015,39.35485489000001],[2.908411160000014,39.35490003000001],[2.9086315299999796,39.35501734000002],[2.908666289999985,39.355062420000024],[2.908677769999997,39.35516154999999],[2.908666110000013,39.35520659000002],[2.9086196299999756,39.3552426],[2.9084917000000132,39.355440740000006],[2.908363759999986,39.35564787999999],[2.9083753099999967,39.35569293999998],[2.908398460000001,39.35573801999999],[2.9084448500000235,39.355765080000026],[2.9086768000000234,39.355909440000005],[2.9088623700000085,39.35601771],[2.9090246000000093,39.356216070000016],[2.90904759,39.35639629999997],[2.90903591,39.35645036],[2.908966150000026,39.35654040999998],[2.9087107299999957,39.356594280000024],[2.9084089400000153,39.35660304999999],[2.9081187699999873,39.356602829999986],[2.9078866199999993,39.35661164999999],[2.9076312400000006,39.356638480000015],[2.907375810000019,39.35670135999999],[2.9070971900000018,39.35673717999998],[2.906841869999994,39.356718950000015],[2.9066098299999794,39.35664667999998],[2.906377819999989,39.356547379999995],[2.9063081900000043,39.35653831000002],[2.9061689000000115,39.356547209999974],[2.9061108299999887,39.35657420000001],[2.9060759500000017,39.35661922000003],[2.9060642700000017,39.356673279999995],[2.9061106500000164,39.356709360000025],[2.9061918599999785,39.35673645999998],[2.906226629999992,39.35677253],[2.9062265000000025,39.35687164000001],[2.9061799400000154,39.35697073],[2.9060636099999897,39.35716887000001],[2.9058312999999885,39.35729483],[2.905784830000016,39.357330839999975],[2.9057615400000145,39.357384879999984],[2.905761470000016,39.35743895000002],[2.9057381900000223,39.357483979999984],[2.9056800999999837,39.35752898999999],[2.9056104100000084,39.35756497],[2.9054942999999867,39.35759191],[2.905436220000013,39.35762791000002],[2.9054245500000206,39.357672949999994],[2.9053896600000257,39.35772699],[2.905331590000003,39.357753969999976],[2.9052619199999867,39.35777194000002],[2.904983329999993,39.35778972999998],[2.904739570000004,39.357798549999984],[2.9046815400000128,39.357789490000016],[2.904577140000015,39.35774435000002],[2.9043567400000256,39.357645049999974],[2.904275509999991,39.35763596999999],[2.903985330000012,39.35763573999998],[2.903729960000021,39.35765355000001],[2.9034630400000196,39.35761729000001],[2.9031728799999996,39.357608029999994],[2.9029058699999837,39.357643859999996],[2.9026852100000156,39.35773377999999],[2.9024876700000277,39.35789581],[2.902545669999995,39.35792289],[2.9025571999999897,39.357976959999974],[2.902557109999975,39.35804003999999],[2.9024990400000092,39.35806702000002],[2.902441010000018,39.35806696999998],[2.9021624999999744,39.35802168999999],[2.9019305200000076,39.35790435000001],[2.901826070000027,39.35789525000001],[2.9016984300000104,39.35786811999998],[2.9015359300000227,39.35786797999998],[2.901419799999985,39.35791293],[2.901350089999994,39.35795793],[2.9012688099999764,39.35798489000001],[2.901199150000025,39.357993840000006],[2.901071390000027,39.358056809999994],[2.901036499999975,39.35810184000002],[2.901024829999983,39.35814687999999],[2.9010247400000253,39.35820995],[2.9010710300000255,39.35830910999999],[2.900815620000003,39.358344939999995],[2.9007575499999803,39.358371920000025],[2.900711049999984,39.358425950000026],[2.9005831599999965,39.358570009999994],[2.9005134399999974,39.35862401000003],[2.900443789999997,39.35863296000002],[2.9003973100000167,39.35866897],[2.9003276299999925,39.35869594000002],[2.900188319999984,39.35871384000001],[2.8999213499999996,39.35871362],[2.899689169999988,39.35874045000003],[2.8994685299999787,39.358812339999986],[2.899155099999973,39.35883911000002],[2.898911279999993,39.358883950000006],[2.8988415900000177,39.35891993000001],[2.898841510000011,39.35897399999999],[2.8989108800000167,39.35916328000002],[2.899049869999999,39.35937065000002],[2.8991075999999794,39.35958694999999],[2.899118890000011,39.35980322],[2.899106990000007,39.36001046000001],[2.8989906599999813,39.360190569999986],[2.898920970000006,39.36021754000001],[2.8988745300000005,39.36022651000002],[2.8988048499999763,39.36025348999999],[2.8987467700000025,39.36028047000002],[2.898549199999991,39.36045150000001],[2.8983632299999726,39.36062254000001],[2.8982584899999893,39.36081167999998],[2.8981305099999872,39.36101881000002],[2.89800280999998,39.36102770999997],[2.8979331300000126,39.361054679999995],[2.89787505999999,39.36107264999998],[2.8978170699999737,39.36104556999999],[2.8977358899999786,39.36099143000001],[2.897573609999995,39.360838109999975],[2.8975156100000277,39.36081102999998],[2.897376310000027,39.36081991999998],[2.897237060000009,39.36079275999998],[2.897144200000014,39.360792679999975],[2.896877360000019,39.36070233999999],[2.8967961000000173,39.36070226999999],[2.8967377899999747,39.36089143999999],[2.8965981700000043,39.36111657999999],[2.8964006100000006,39.361269590000006],[2.8963657200000057,39.36131461000002],[2.8963192300000173,39.36135962999998],[2.8962612199999853,39.36134155000002],[2.8962380699999812,39.36129648000002],[2.896168380000006,39.361323449999986],[2.896133480000003,39.36137747999999],[2.895912829999986,39.36144937],[2.89585476000002,39.36146733999999],[2.8958430600000042,39.36153041],[2.895854600000007,39.36157546999999],[2.895854540000016,39.361620519999974],[2.8956223800000203,39.361620319999986],[2.895575909999991,39.36164731000002],[2.895517610000013,39.36182746999998],[2.895389840000007,39.361881419999975],[2.8951112299999977,39.361899189999974],[2.894855849999999,39.361907970000004],[2.8947630000000117,39.36189888000001],[2.8947049999999876,39.36187179000001],[2.8946702299999743,39.36183571999999],[2.894531210000025,39.36165538],[2.8944038099999716,39.36146603999998],[2.894345840000028,39.36142093000001],[2.894137100000023,39.36129460000001],[2.893905000000018,39.361258340000006],[2.8936264299999834,39.36124907999999],[2.8933362099999727,39.361266839999985],[2.8930575800000042,39.361302620000004],[2.892790590000004,39.361311390000026],[2.8925119799999948,39.361329160000025],[2.8921867999999904,39.36143698000001],[2.8921286899999927,39.36148198000001],[2.892093799999998,39.361527009999975],[2.892058650000024,39.36174323],[2.8918842799999993,39.361905260000015],[2.8916752200000246,39.36198617000002],[2.891500829999984,39.362166220000006],[2.8912800400000265,39.362319189999994],[2.8910708899999804,39.36245416000003],[2.890838610000003,39.36253504000001],[2.8906295599999794,39.36260693000003],[2.8903624700000137,39.36267877],[2.890072239999995,39.362696519999986],[2.8900489399999856,39.362750559999995],[2.8900604699999803,39.36280463000003],[2.8900136999999972,39.36302085],[2.8899437100000114,39.36323704],[2.8898505799999725,39.36340815],[2.8896994099999915,39.36357921000001],[2.88954818000002,39.363786319999974],[2.889304330000016,39.36384014999999],[2.8890489400000092,39.36384892000001],[2.8889560299999744,39.36387586000001],[2.8888979500000005,39.36390283999998],[2.888653959999999,39.36403776999998],[2.8883751999999845,39.364145629999996],[2.8882008599999835,39.364280629999996],[2.888061479999976,39.364334559999975],[2.887875539999982,39.364469540000016],[2.8878638599999817,39.36451457999999],[2.887828959999979,39.36455960000001],[2.8877592700000037,39.36458656999997],[2.887492140000006,39.36467642000002],[2.8872714500000143,39.36475730000001],[2.887085520000028,39.36488327000001],[2.8870157299999732,39.36497330999998],[2.886911139999995,39.36504530000002],[2.8866440599999805,39.36509910000001],[2.886493180000002,39.365080929999976],[2.886423499999978,39.36509889000001],[2.8863071000000105,39.365297010000006],[2.886260610000022,39.36533300999997],[2.8860399100000222,39.3654229],[2.885726439999985,39.36544963],[2.8854478700000072,39.36543132999998],[2.885146029999987,39.36544906],[2.8848905899999977,39.36548484999997],[2.884600320000004,39.365520600000025],[2.8844610400000192,39.36551145999999],[2.884194089999994,39.365484159999994],[2.8839617900000007,39.36556503000003],[2.8837526799999864,39.36566393999999],[2.8834972700000208,39.36568169999998],[2.883334820000016,39.365636489999986],[2.883044649999988,39.36561818000001],[2.8827775699999734,39.365671969999994],[2.8825451899999734,39.36579789000001],[2.8823591500000134,39.36597791999998],[2.882173210000019,39.366103880000026],[2.8819409500000006,39.36615770999998],[2.8818132399999854,39.36616658999998],[2.8815346700000077,39.36614829000001],[2.8813025700000026,39.366112009999995],[2.8810589000000277,39.366048690000014],[2.8808268500000054,39.36597637],[2.8806064199999923,39.36590404999998],[2.880386009999995,39.365813720000006],[2.88016558999999,39.36573240000001],[2.8799452299999757,39.365615030000015],[2.879724880000026,39.365497670000025],[2.8795045499999787,39.36536228],[2.879284229999996,39.365226889999974],[2.879052290000004,39.36509149],[2.878843549999999,39.364974140000015],[2.878658019999989,39.36485680999999],[2.878426090000005,39.36472140000001],[2.878252219999979,39.36457704999998],[2.8780667199999925,39.364441699999986],[2.878031990000011,39.364387599999986],[2.877858090000018,39.364261269999986],[2.87764937999998,39.364125890000025],[2.8774058299999865,39.36399948000002],[2.877220290000025,39.36389115999998],[2.8770231799999806,39.36376480000001],[2.8768144699999993,39.363629419999995],[2.8766522000000236,39.36349409000002],[2.8764551300000107,39.36334069999998],[2.876292939999985,39.36316031000001],[2.876223349999975,39.363124200000016],[2.8759913999999753,39.36300681],[2.875759500000015,39.362862389999975],[2.8755158499999993,39.362799059999986],[2.8752256700000203,39.36278973999998],[2.874923850000016,39.36279843],[2.8746684800000253,39.36279815],[2.87449405000001,39.362969169999985],[2.8744475699999725,39.362996150000015],[2.8741688700000054,39.36305893000002],[2.8739135499999975,39.363031620000015],[2.873832279999988,39.363040539999986],[2.873797389999993,39.36307655000002],[2.8737973099999863,39.3631216],[2.873588170000005,39.36322949999999],[2.873530130000006,39.36322944],[2.873216780000007,39.363193060000015],[2.8731471500000225,39.36318397000002],[2.8730311400000232,39.36314779999998],[2.8728107000000023,39.363084490000006],[2.8725553599999785,39.363066189999984],[2.872311449999984,39.363147019999985],[2.8722417800000244,39.36315595000002],[2.8721837400000254,39.36315588999997],[2.8720444799999996,39.36313770999999],[2.8719864299999927,39.363146659999984],[2.8719167300000095,39.36317362],[2.871626470000024,39.363209340000026],[2.8713709900000026,39.36326312],[2.8713245000000143,39.36329912000002],[2.8712662699999782,39.36339816999998],[2.871219759999974,39.36344316999998],[2.871161739999991,39.363434100000006],[2.871092190000013,39.363379959999975],[2.8710345100000154,39.36318166000001],[2.870999760000018,39.36314556999997],[2.8708837600000265,39.36310039],[2.87065173000002,39.363028050000025],[2.8704545800000005,39.362928710000006],[2.8701877899999886,39.36282929999999],[2.869955779999998,39.36274794000002],[2.8698861099999817,39.362756880000006],[2.8696421199999804,39.36288275999999],[2.8695840600000224,39.36289169999998],[2.869514400000014,39.36290063000001],[2.86921258000001,39.36290931000002],[2.868968680000023,39.36298111999997],[2.8687479800000233,39.36306196999999],[2.868538810000018,39.36317887000001],[2.868260120000002,39.36323262000002],[2.8682020499999794,39.36325058],[2.868143929999974,39.36329555999998],[2.868132220000007,39.36334962000001],[2.868074139999976,39.36336756999998],[2.868016099999977,39.36336750999999],[2.8677026700000283,39.36337615999997],[2.867633039999987,39.36336706999998],[2.867435929999999,39.36324970999999],[2.867389580000008,39.36320460000002],[2.8673199899999986,39.36317749],[2.8672503399999982,39.36317740999999],[2.8670064500000194,39.363240210000015],[2.866727879999985,39.36323088],[2.866646679999974,39.363203759999976],[2.8664031700000123,39.363068320000025],[2.8662061200000153,39.36291490999997],[2.8659509600000206,39.362806490000025],[2.8658116999999947,39.362788309999985],[2.8655679299999974,39.36278802999999],[2.865231289999997,39.36279665000001],[2.864917769999977,39.362850349999974],[2.864639060000002,39.362913100000014],[2.8643951099999754,39.36301193999998],[2.8641627100000164,39.36313782000002],[2.8639534700000127,39.363290749999976],[2.8638954300000137,39.363290689999985],[2.863605249999978,39.363281340000015],[2.8633614799999805,39.36328105000001],[2.863071439999999,39.36319961999999],[2.8627812999999946,39.36317223999998],[2.8625026899999853,39.36318093],[2.862212530000022,39.36316255999998],[2.861957259999997,39.3631082],[2.8616555300000073,39.3630718],[2.861400310000022,39.3629904],[2.861179870000001,39.36293606999999],[2.8610406799999737,39.36288184],[2.860796970000024,39.362854519999985],[2.860564870000019,39.36282720999998],[2.860297870000011,39.36283589999999],[2.8599960500000066,39.36284454999998],[2.859937919999993,39.36288953000002],[2.8599029900000232,39.36294355000001],[2.859902879999993,39.36299761999999],[2.859972130000017,39.363195940000026],[2.8599719900000196,39.36326802000002],[2.859739740000009,39.36331280000002],[2.8595769600000267,39.363447759999985],[2.8595536199999856,39.36351080999998],[2.859553530000028,39.36355586000002],[2.8595878699999844,39.36379919000001],[2.859483560000001,39.36371796999998],[2.8594255900000007,39.363681859999986],[2.8593675700000176,39.36367278],[2.8592979200000173,39.363672699999995],[2.858984650000025,39.363600229999975],[2.858868610000002,39.36358207000001],[2.8585668399999804,39.36356368000003],[2.8582883700000252,39.363500269999975],[2.858021479999991,39.363454890000014],[2.8577430500000105,39.36337345999999],[2.8574645699999905,39.36331904999997],[2.857232539999984,39.36325569000002],[2.856988909999984,39.363192319999996],[2.8567219999999907,39.36315595000002],[2.856524869999987,39.363056589999985],[2.856478530000004,39.36301148000001],[2.856269750000024,39.36293011999999],[2.8559911799999895,39.36292077000002],[2.855700909999996,39.36295645000001],[2.8554685899999868,39.36303726],[2.855340809999973,39.363082159999976],[2.855282690000024,39.363118129999975],[2.855050329999983,39.36321695999999],[2.854817969999999,39.36331579],[2.8547366799999736,39.363333710000006],[2.8546786200000156,39.36334264999999],[2.8544347800000196,39.36337838999998],[2.8541675899999746,39.36347717000001],[2.8539584000000104,39.36359405000002],[2.8537492199999974,39.363710930000025],[2.853563240000028,39.36382782999999],[2.8535167,39.363881839999976],[2.8534700999999814,39.363962879999974],[2.8533420300000216,39.364142930000014],[2.8532023800000275,39.364313960000004],[2.852946739999993,39.364439790000006],[2.852877050000018,39.36445772000002],[2.85281894000002,39.36449369000002],[2.852772389999984,39.364547689999995],[2.8527606299999775,39.36461976999999],[2.852771770000004,39.364845049999985],[2.8526320000000283,39.36507014],[2.8524459399999955,39.36522308999997],[2.852364589999979,39.36526803999999],[2.8523181200000067,39.365286000000026],[2.852248379999992,39.365330959999994],[2.8521902200000113,39.36538495999997],[2.8521321399999806,39.36540289999999],[2.851841900000011,39.36542056000002],[2.8515516499999762,39.36543820999998],[2.8513540600000056,39.365555099999995],[2.8510985300000016,39.36562686000002],[2.850843090000012,39.36565356],[2.850564410000004,39.36568925],[2.8502741699999774,39.36570690000002],[2.849937469999986,39.365733499999976],[2.849693639999998,39.36576022000003],[2.8494265499999756,39.365804920000016],[2.84915946000001,39.365849630000014],[2.8488110700000107,39.365912260000016],[2.848555519999991,39.36599302000002],[2.848497440000017,39.36601096999999],[2.848439369999994,39.366019900000026],[2.8481723200000033,39.366046589999996],[2.8479053099999874,39.36605524999999],[2.847603479999975,39.366063870000005],[2.8475338800000145,39.36603674999998],[2.847278700000004,39.36594630000002],[2.8470466900000133,39.36587392000001],[2.846756560000017,39.36583748999999],[2.846454759999972,39.36582808000003],[2.846199379999973,39.365827749999994],[2.845944089999989,39.365782360000026],[2.8456772000000115,39.365736949999985],[2.8454218200000128,39.36573661],[2.8451547099999743,39.365790319999974],[2.844922399999973,39.36585308999997],[2.8446669799999995,39.365870770000015],[2.844434750000005,39.36589749000001],[2.8441795300000194,39.36582507000003],[2.8439591499999892,39.36574367999998],[2.8438664199999835,39.36568047999998],[2.843750699999987,39.36551813],[2.843704349999996,39.36548202],[2.843658000000005,39.36544592000001],[2.8434376600000064,39.365346509999995],[2.8431474700000194,39.36533709999998],[2.8429153700000143,39.36530976],[2.8427299200000107,39.36518336],[2.842463109999983,39.36510190000001],[2.842149730000017,39.365083459999994],[2.8419061999999826,39.364975000000015],[2.8416975000000093,39.36486659000002],[2.841465620000008,39.36474012000002],[2.8412687100000085,39.36455063],[2.8411065600000143,39.36438822000002],[2.8409328899999764,39.36418973999997],[2.8408404099999984,39.36401841000003],[2.8408289299999865,39.36396432999999],[2.8407364899999834,39.36377498000002],[2.8407017700000097,39.363729879999994],[2.8406437900000014,39.363702769999975],[2.8405857700000183,39.36369367999998],[2.840388130000008,39.36382857000001],[2.8401329399999895,39.36374712000003],[2.839912630000015,39.363638690000016],[2.839854590000016,39.36363861000001],[2.8396108100000106,39.36364729000002],[2.8395528500000182,39.36361117000001],[2.8393557200000146,39.363520789999995],[2.8391354799999817,39.36338532000002],[2.8389036099999885,39.36325885000002],[2.8387527099999943,39.36325864999998],[2.838508939999997,39.36325830999999],[2.838404529999991,39.363231129999974],[2.838334990000021,39.363185980000026],[2.8381495500000256,39.36305957000002],[2.8380454800000052,39.36288823000001],[2.837918230000014,39.36269881999999],[2.8377676599999972,39.36255444],[2.837709700000005,39.36251831999999],[2.8376169000000004,39.36249115999999],[2.8375473199999988,39.36246403000001],[2.837350220000019,39.36236464000001],[2.8371067699999912,39.36222914000001],[2.8368630499999767,39.36221076999999],[2.8368050500000095,39.36219267000001],[2.8367238800000223,39.36215650999998],[2.8366775499999903,39.3621114],[2.8365270699999883,39.36193097],[2.836283690000016,39.36176843999999],[2.8362140899999986,39.36175032],[2.8361212500000192,39.361741180000024],[2.8358544000000165,39.36168673999998],[2.8357848800000056,39.36163256999998],[2.835750159999975,39.36158747000002],[2.8357041699999854,39.36139817999998],[2.8356231899999784,39.36128093000002],[2.8354377900000145,39.36114550000002],[2.8352175200000147,39.361028050000016],[2.834973909999974,39.36096463000001],[2.834892640000021,39.360973530000024],[2.83485730000001,39.361189739999986],[2.834880069999997,39.361379],[2.8349261199999773,39.361541250000016],[2.834914070000025,39.36173045999999],[2.834902399999976,39.361757479999994],[2.8348907499999996,39.361775480000006],[2.834843850000027,39.36197364999998],[2.83478537000002,39.36216279000001],[2.834796429999983,39.36239709],[2.8348656300000243,39.362586410000006],[2.834981330000005,39.362748769999996],[2.835131849999982,39.362911180000026],[2.8352824099999907,39.36305556000002],[2.8354445800000008,39.363199959999974],[2.835618360000012,39.36334438],[2.8358385600000133,39.36349787],[2.836058830000013,39.36361532000001],[2.836279069999989,39.36375078999998],[2.8364296400000057,39.36389516999998],[2.8365104499999916,39.36408451],[2.836521619999985,39.364273749999995],[2.836486270000023,39.36449897],[2.8364277300000253,39.364715149999995],[2.8363575299999866,39.36494933],[2.8363454199999865,39.36516556999999],[2.8362871499999756,39.36526459999999],[2.8362286500000096,39.365462760000014],[2.836181769999996,39.365651920000005],[2.8361580299999787,39.36587715000002],[2.836099950000005,39.36589508999998],[2.836112080000021,39.36566984000001],[2.8361358199999813,39.36544461],[2.8361711100000093,39.365246420000005],[2.8361832699999923,39.36501215999999],[2.836183730000016,39.36481392000002],[2.8361841500000082,39.36463371000002],[2.8361730400000056,39.36441743],[2.8361154699999815,39.36421911999997],[2.835976589999973,39.36403870999999],[2.8358027900000025,39.363903300000004],[2.8355940899999723,39.36379488],[2.835512970000025,39.363740699999994],[2.8353043000000184,39.363623270000005],[2.835072449999984,39.363487780000014],[2.8348523500000056,39.363298240000006],[2.834678629999985,39.363126790000024],[2.8345282199999815,39.36291933000001],[2.8343660300000124,39.362783939999986],[2.8342038999999772,39.362621520000005],[2.834041749999983,39.3624681],[2.8339144700000247,39.36229672000002],[2.8338913900000193,39.36224262000002],[2.8338570099999743,39.36205335],[2.8338458700000047,39.361855100000014],[2.833834710000019,39.36166585000001],[2.8338352600000007,39.36143157999999],[2.833824209999989,39.36119728],[2.8337898999999993,39.360980970000014],[2.8337671099999966,39.360800729999994],[2.833744319999994,39.36062048000002],[2.833710059999987,39.36038615000001],[2.8336408800000186,39.36018782000002],[2.833525169999973,39.360034470000016],[2.833351460000017,39.35986301999998],[2.8331545300000016,39.359700540000006],[2.8329575399999953,39.35955609000001],[2.832737350000002,39.35941159999999],[2.8325287999999773,39.35924911000001],[2.8322970300000065,39.35909558999998],[2.8320534700000053,39.35901415000001],[2.831995450000022,39.35900505000001],[2.831716859999972,39.359013660000016],[2.8314847199999917,39.359013319999974],[2.8312643500000263,39.35894092000001],[2.8310324500000092,39.358841470000016],[2.8309629099999825,39.35879631],[2.8307775200000265,39.35866088],[2.8307195300000103,39.358642780000025],[2.830475779999972,39.358642420000024],[2.830417699999998,39.35866035999999],[2.8302547499999946,39.358849350000014],[2.830208270000014,39.358867299999986],[2.830057399999987,39.35885807],[2.8300226700000053,39.358821980000016],[2.830185389999997,39.358732110000005],[2.830231920000017,39.35868712000001],[2.830371580000019,39.35853414000002],[2.830638650000026,39.358489469999995],[2.8308938499999954,39.35855292000002],[2.8311140700000124,39.358688400000005],[2.83138095999999,39.358715819999986],[2.831520360000013,39.35867096999999],[2.831578390000004,39.35867105],[2.831845620000024,39.35856331000002],[2.831950529999972,39.35837423999999],[2.8319506400000023,39.35832918],[2.831893139999977,39.358103830000005],[2.8317890700000135,39.35794148999997],[2.831673519999981,39.35772506000001],[2.831557879999991,39.35754467999999],[2.8314074900000037,39.35733721999998],[2.831268640000019,39.357156799999984],[2.831129830000009,39.35695836000002],[2.8309793700000228,39.35677793000002],[2.8309214099999735,39.356750809999994],[2.8307821500000045,39.35674160000002],[2.830666210000004,39.356687369999975],[2.830515730000002,39.35651594000001],[2.8303187899999784,39.35636247000002],[2.830098430000021,39.35629007],[2.829819939999993,39.35626263],[2.8295647400000234,39.356199179999976],[2.829297899999972,39.356153740000025],[2.829054199999973,39.356135359999996],[2.8287756400000035,39.35613495000001],[2.828636270000004,39.35617079000002],[2.828369070000008,39.356269510000004],[2.8282993899999838,39.35628743000001],[2.8282296599999768,39.356323369999984],[2.827974069999982,39.35642210999998],[2.827730239999994,39.35645778999998],[2.827660530000003,39.356484720000026],[2.827451279999991,39.35661957000002],[2.8273700299999973,39.35661944999998],[2.827288850000002,39.35659229999999],[2.8272192700000005,39.35656517000001],[2.82695240999999,39.35652872999998],[2.826708580000002,39.356564409999976],[2.826464680000015,39.356627119999985],[2.826197519999994,39.35670782],[2.8259303199999977,39.35680653999998],[2.8256747500000188,39.356896259999985],[2.825442380000027,39.35698602000002],[2.8252101599999833,39.35702171999998],[2.824919990000012,39.357021280000026],[2.824618190000024,39.357029839999996],[2.8243509999999787,39.357119539999985],[2.824153439999975,39.35721835999999],[2.823874709999984,39.357281020000016],[2.8235844700000143,39.35730761000002],[2.823352150000005,39.35737934000002],[2.8232940999999983,39.35738827],[2.8230269800000087,39.35745093999998],[2.822806220000018,39.35754071000002],[2.822550779999972,39.357576359999996],[2.822295399999973,39.35758498000001],[2.8219819400000006,39.35761153999999],[2.8218773899999974,39.35764741999998],[2.8215871300000117,39.357683020000024],[2.821308559999977,39.357682590000024],[2.8212389400000006,39.35767347000001],[2.8209721200000217,39.357619],[2.8208443500000158,39.35765485000002],[2.8206351900000186,39.35774463000001],[2.820553899999993,39.35776253],[2.820263720000014,39.357762079999986],[2.820031579999977,39.357761719999985],[2.8197411300000113,39.35786940000003],[2.819485429999986,39.358004170000015],[2.8192646900000113,39.35808492000001],[2.8190091000000166,39.35817463000001],[2.818916129999991,39.35821953999999],[2.818706949999978,39.358318329999975],[2.818463109999982,39.35835400000002],[2.8182193299999767,39.35836262999999],[2.8179869800000006,39.358443360000024],[2.817754579999985,39.35854211999998],[2.817626759999996,39.35859598000002],[2.817417599999999,39.358685760000014],[2.8172314199999846,39.35886568000001],[2.817184800000007,39.35893770000001],[2.8170914799999878,39.35911777000001],[2.817068070000005,39.35918981999998],[2.817009519999999,39.35938795999999],[2.8168349200000193,39.35957690999999],[2.81677676999999,39.35962187000001],[2.8167070800000147,39.35963979000002],[2.816509489999987,39.359738590000006],[2.8163119100000245,39.3598374],[2.8162421700000095,39.35987333000003],[2.8161024600000246,39.36003531],[2.815904709999984,39.36019719000001],[2.8158813499999837,39.36025121],[2.8158579999999915,39.36030524],[2.815799860000027,39.360341189999986],[2.815741779999996,39.36035912],[2.815474810000012,39.360358700000006],[2.8154168400000117,39.36033157999998],[2.815347270000018,39.360304429999985],[2.815277700000024,39.36027729],[2.815208079999991,39.36026816999998],[2.814952549999987,39.36033084000002],[2.814650659999984,39.360366399999975],[2.8145112500000096,39.36041123000001],[2.814418250000017,39.36046514999998],[2.8143716499999982,39.36052814999999],[2.8143598999999995,39.36058220000001],[2.8142549099999883,39.36078027000002],[2.8141383099999757,39.360978320000015],[2.8140917399999807,39.361032309999985],[2.813859139999977,39.361203139999986],[2.8138126299999726,39.3612301],[2.8137544300000172,39.361293079999996],[2.8137426499999947,39.36135614],[2.81374237,39.36146425999999],[2.81371901,39.36151828999999],[2.813684070000022,39.36156328999999],[2.8136724600000207,39.36156326999998],[2.8135326699999723,39.36175227000001],[2.8133348800000135,39.36192316],[2.8132883800000172,39.36195012000002],[2.813067349999983,39.36212998000002],[2.812962330000005,39.362337060000016],[2.812845799999991,39.36250806999999],[2.812822419999975,39.362571109999976],[2.8126709100000085,39.36279614],[2.8126011499999777,39.36284108000001],[2.8125314499999945,39.36285899000001],[2.812333879999983,39.36294878000001],[2.8120782199999894,39.36305649000002],[2.8120315900000037,39.363128500000016],[2.8117411800000127,39.36320912999997],[2.8115205299999957,39.36324481999998],[2.8112418700000035,39.363271399999974],[2.8111489300000017,39.36329827999998],[2.8111024300000054,39.363325239999995],[2.8109861099999875,39.36341515999999],[2.8107539999999744,39.36339676],[2.8106610899999964,39.36341463000002],[2.8106609199999752,39.363477699999976],[2.810672399999987,39.36352277999998],[2.8106955200000243,39.36355886000001],[2.8107070099999873,39.36360393000001],[2.810706649999986,39.363739090000024],[2.810613320000016,39.36391013999997],[2.8104503499999964,39.364081080000005],[2.810287370000026,39.36425201999998],[2.810077939999985,39.36443188999999],[2.809845580000001,39.36450359999998],[2.8097062900000083,39.36450337000002],[2.809636590000025,39.36452128000002],[2.8096016200000236,39.364575290000005],[2.8097060200000215,39.36460248999998],[2.809740739999995,39.36463859000003],[2.8097638099999926,39.36469269000003],[2.809786910000014,39.364737779999984],[2.8098099800000114,39.36479188999999],[2.8097746600000164,39.36497204],[2.8097393499999725,39.36515220000001],[2.8096228100000076,39.365323209999985],[2.8095994700000233,39.36536823],[2.8095292599999766,39.36557535999998],[2.809494309999991,39.36562035999998],[2.809447750000004,39.36566534000002],[2.8091923200000224,39.36568294],[2.809134579999977,39.365574719999984],[2.80907658000001,39.36555659999999],[2.8090068800000267,39.36557450999999],[2.808937109999988,39.36561945],[2.808762569999999,39.36577233999998],[2.8085301099999924,39.36588009000002],[2.8084951600000068,39.36592509000002],[2.8084950200000094,39.36597914999999],[2.808366680000006,39.36621322000002],[2.808203800000001,39.36634810999999],[2.807959799999992,39.36642881],[2.8077160199999867,39.36642840000002],[2.8074371700000142,39.366518050000025],[2.8073558899999966,39.36652693000002],[2.8072630500000173,39.36651776000002],[2.807019319999995,39.36649934000002],[2.806740419999983,39.36660699999999],[2.80646188999998,39.36657951000001],[2.8064153899999837,39.366606460000014],[2.8062988799999857,39.36675945000002],[2.8061939300000063,39.36693048000001],[2.8059962099999893,39.36706530999999],[2.805926510000006,39.367083219999984],[2.805729470000017,39.366974760000005],[2.8056481799999915,39.36698364],[2.805613180000023,39.36704665000002],[2.805612979999978,39.36711874000002],[2.8055896700000176,39.36715473999999],[2.805531570000028,39.36717267],[2.8054387000000247,39.36717250999999],[2.8051949499999864,39.36716310000003],[2.8049281300000075,39.36709956999999],[2.804754349999996,39.36697313000002],[2.804487629999983,39.366873569999996],[2.804290690000016,39.36672907000002],[2.804290970000011,39.366629950000004],[2.804279479999991,39.36658487],[2.804035859999999,39.36653039999999],[2.803919570000005,39.36660229],[2.803861559999973,39.366593179999995],[2.8037224099999776,39.36653888000001],[2.803502349999974,39.3663583],[2.803328650000026,39.36620482000001],[2.8030619400000205,39.366105249999976],[2.802830130000018,39.36597870999998],[2.8026798000000213,39.36577120999999],[2.802575960000013,39.36554576999998],[2.802471760000003,39.365446469999995],[2.8022748000000206,39.365310980000004],[2.802043019999985,39.365175420000014],[2.801869380000028,39.36500391999999],[2.80183470999998,39.36494979999998],[2.801823280000008,39.3648867],[2.8017652899999916,39.36486858000001],[2.8014634799999953,39.36486807],[2.8011851900000124,39.364759470000024],[2.80095338000001,39.36463292000002],[2.800825770000017,39.36460567],[2.80053547,39.36464122000001],[2.8004307599999834,39.36472213000002],[2.800384280000003,39.36474006999998],[2.800152350000019,39.364658580000025],[2.799932179999985,39.364523039999995],[2.7997352300000102,39.364387539999996],[2.799538250000012,39.36426104999998],[2.799376230000007,39.364089569999976],[2.7993415799999752,39.364026430000024],[2.799237650000009,39.36383703000001],[2.799121800000023,39.36375572999998],[2.7988783999999782,39.363629160000016],[2.79868141999998,39.36350267],[2.7986002499999927,39.36347549999999],[2.7982986200000255,39.36341190000002],[2.7982173899999907,39.36340274999998],[2.7979272200000196,39.36339323999999],[2.7976834799999892,39.36338380000001],[2.797381669999993,39.363383279999994],[2.7970799000000284,39.363373739999986],[2.7968129399999953,39.36336426999998],[2.7965575700000045,39.36336382000002],[2.7962442099999976,39.36334525000001],[2.796000470000024,39.363335810000024],[2.795710299999996,39.36332629999998],[2.795385300000021,39.36331670999999],[2.7950835799999822,39.363289150000014],[2.795025590000023,39.36327103000002],[2.7948054600000205,39.36312647],[2.794689510000012,39.36308121000002],[2.7944228499999895,39.362972609999986],[2.7943532799999957,39.36294545999999],[2.794283660000019,39.36293632000002],[2.794039919999989,39.362926879999975],[2.793772810000007,39.36297145999998],[2.793494169999974,39.36298899000002],[2.7932272200000057,39.36297951],[2.7929370200000108,39.36297898999999],[2.79268165000002,39.36297853999997],[2.792414699999995,39.362969050000004],[2.7921709600000213,39.36295961000002],[2.7921362700000145,39.36291448999998],[2.7919857900000125,39.362770049999995],[2.791730799999982,39.36264344],[2.791440899999998,39.36254380999998],[2.791301659999988,39.36252553000003],[2.7910578899999905,39.36252510000003],[2.7907910999999785,39.36246154000003],[2.7906059200000186,39.362280999999996],[2.790374170000007,39.36214541999999],[2.790107330000012,39.36209988000002],[2.7900723999999855,39.36213586000002],[2.790037380000001,39.362198869999986],[2.7899558899999874,39.362279820000026],[2.789677299999994,39.36227932000003],[2.7894103300000097,39.36227883999999],[2.7893289900000013,39.362305719999995],[2.7890618800000198,39.362350289999995],[2.788759970000001,39.36238578000001],[2.788504409999973,39.362448400000005],[2.788202339999998,39.36253794999999],[2.787911769999994,39.362663569999995],[2.787725690000002,39.362780369999996],[2.78753949999998,39.36293322],[2.7873417900000277,39.36305900999997],[2.7873184399999786,39.36310401999998],[2.7872950799999785,39.36314902999999],[2.7872131999999965,39.36335613],[2.7870965199999773,39.36355415000003],[2.7869450200000188,39.36375211000001],[2.786793620000026,39.36391401999998],[2.78677024000001,39.363968039999975],[2.7867466700000136,39.364085139999986],[2.7867232899999976,39.36413915999998],[2.7866767500000265,39.36417512000003],[2.786549120000018,39.36415685999998],[2.7864794100000267,39.364174760000026],[2.786455569999987,39.36438196],[2.7864786499999923,39.364427060000025],[2.7864668999999935,39.36447208999999],[2.786431909999976,39.36452609000003],[2.7862341399999764,39.364669900000024],[2.786129449999976,39.36474178999998],[2.786071320000019,39.36476871999997],[2.7860132600000043,39.364777619999984],[2.785734660000003,39.36477710999998],[2.7856649899999866,39.36478598999997],[2.785630000000026,39.36483999000001],[2.785641469999973,39.364885070000014],[2.785757330000024,39.364957360000005],[2.7857803800000056,39.36501147000001],[2.785780050000028,39.365119600000014],[2.7858145700000136,39.36521878000002],[2.785895200000027,39.365426179999986],[2.7858832599999914,39.36553428000002],[2.785870989999978,39.365750520000006],[2.7858359699999937,39.365813530000025],[2.7857310100000063,39.365975530000014],[2.785533170000008,39.36613735999998],[2.785463440000001,39.366164260000005],[2.7852079699999877,39.366190819999986],[2.785149869999998,39.36620873999999],[2.7851265200000057,39.36625375],[2.785137519999978,39.36645200999999],[2.7852298700000233,39.36662338000002],[2.785368530000028,39.36683088000001],[2.785414419999995,39.36701118000002],[2.7854370800000083,39.36719144],[2.7854248699999857,39.36738965000001],[2.785366080000017,39.36763284],[2.7852957999999717,39.36783995000002],[2.785225539999999,39.36803806],[2.7851203999999825,39.36825412000002],[2.785003790000019,39.368425109999976],[2.784887449999985,39.36850599000002],[2.7848293299999796,39.36853292000001],[2.7845389700000283,39.368577430000016],[2.7844692400000213,39.36860433999999],[2.784468899999979,39.36871246999999],[2.784468240000024,39.368928719999985],[2.7844098900000063,39.36902773000003],[2.7842585299999882,39.369171619999975],[2.784049110000012,39.36932442],[2.783816569999999,39.369441119999976],[2.7835957500000177,39.36952180999998],[2.783363350000002,39.369593459999976],[2.783084379999991,39.369710080000004],[2.782828619999975,39.36982674000001],[2.7825959400000215,39.36998849999998],[2.7824097199999756,39.370141339999975],[2.7822583000000236,39.370303250000006],[2.7821069400000056,39.37044714000001],[2.7819322400000033,39.37062701999997],[2.781757490000018,39.370824930000026],[2.7816292300000214,39.37100491000001],[2.7815936999999735,39.37123011],[2.781558759999996,39.37126608],[2.781326130000025,39.37140982],[2.7811747900000228,39.371544700000015],[2.781000199999994,39.37168853999998],[2.780813969999997,39.37184137000003],[2.780697260000011,39.37203939],[2.7806623199999763,39.37207536],[2.780592609999985,39.37209324999998],[2.780441689999975,39.37209296999998],[2.780371979999984,39.37211086000002],[2.780302240000026,39.37213775999999],[2.780244019999998,39.37219170999998],[2.780069459999993,39.37232654000002],[2.7798601800000142,39.37242527000001],[2.7796972500000265,39.37255111000002],[2.779545849999977,39.372704],[2.7793711400000234,39.372883890000026],[2.77921963,39.37307283000001],[2.7791028199999914,39.37329786999999],[2.778986159999988,39.37347785999998],[2.778881080000019,39.37366688999998],[2.7786947899999745,39.37383774],[2.7785084700000198,39.3740176],[2.7784271099999955,39.37404448000001],[2.778345820000027,39.37405332999998],[2.778276100000028,39.37407122000002],[2.7782179700000142,39.37409814],[2.7779390000000035,39.37420573999998],[2.777729650000026,39.37432247999999],[2.7774855100000195,39.374430140000015],[2.7774153099999808,39.37460120999998],[2.7774030100000004,39.374817440000015],[2.777368039999999,39.37486242],[2.7772050500000205,39.37500627999998],[2.7770305000000235,39.37513209999997],[2.7768327599999907,39.37524886],[2.776786150000021,39.37530283000001],[2.7767742899999917,39.37538390999998],[2.7766343999999776,39.37556384999999],[2.776564619999988,39.37559976],[2.776518210000006,39.37559066],[2.7764602799999807,39.37555450999997],[2.7763674799999762,39.37552728999998],[2.776367250000021,39.37559937999998],[2.7763786400000185,39.37567149],[2.7763784599999894,39.37572555000003],[2.7763204099999825,39.37572544],[2.7762274799999886,39.375743279999995],[2.7762040599999978,39.37580630999997],[2.7762038600000096,39.37586938999999],[2.7762268999999833,39.37592348999999],[2.7762034799999924,39.375986520000026],[2.7761337399999775,39.37601341999999],[2.77586642,39.37610301000001],[2.7755990800000063,39.37620161000001],[2.7753781999999774,39.37629129999999],[2.775099300000022,39.37637185],[2.774832129999993,39.376416389999974],[2.774599780000017,39.37646099],[2.774332549999997,39.37652355],[2.774216249999995,39.37658640000001],[2.7739951600000268,39.37673914999999],[2.7738204600000245,39.37691001000002],[2.7737037200000145,39.37710801999998],[2.7735521800000242,39.377296950000016],[2.7733891199999903,39.377458820000015],[2.7732723799999803,39.37765682999998],[2.773260530000016,39.377728890000014],[2.7731785899999863,39.37793598000002],[2.7730967100000044,39.378125039999986],[2.773084929999982,39.378179079999995],[2.773107560000028,39.378359339999975],[2.7731881999999928,39.37855773000001],[2.7732456100000036,39.37875608000002],[2.773302909999984,39.37899047000002],[2.773395090000008,39.37920690999999],[2.773522049999997,39.379441429999986],[2.7736026300000276,39.37965783999999],[2.7735792299999957,39.379711859999986],[2.7735442300000273,39.37976586000002],[2.7734159600000226,39.379936810000004],[2.773217970000019,39.380125650000025],[2.773147960000017,39.38023363999997],[2.773147779999988,39.3802877],[2.773159190000001,39.380350799999974],[2.7731822599999987,39.380395899999996],[2.7731937300000027,39.38044098],[2.7731935300000146,39.38050405000001],[2.773146390000022,39.38072020999999],[2.7730528299999833,39.38092727999998],[2.7729014000000234,39.38108016000001],[2.772831530000019,39.381143099999974],[2.7726220399999875,39.381295869999974],[2.772424249999972,39.381421639999985],[2.772366130000023,39.381439539999974],[2.772308169999974,39.38141239999999],[2.772204199999976,39.38125000000002],[2.772157870000001,39.38121387000001],[2.7720531400000255,39.38128575000002],[2.7718783600000165,39.381474630000014],[2.7718549400000256,39.38153765999999],[2.771878010000023,39.381582760000015],[2.771912729999997,39.38161887000001],[2.771924160000026,39.381672949999995],[2.771912429999986,39.38170896999998],[2.771749209999996,39.381915900000024],[2.771737449999989,39.38196092999999],[2.771737280000025,39.382014990000016],[2.7717719899999906,39.38205110000001],[2.7718415699999923,39.38207827000002],[2.77184139000002,39.38213234],[2.7718177599999763,39.38225843999999],[2.7717943600000012,39.38231245999998],[2.771665999999982,39.382510439999976],[2.7714452100000244,39.38256407],[2.7712013799999795,39.38256359000002],[2.7711896299999808,39.382608619999985],[2.7711894199999847,39.3826717],[2.7711428599999977,39.382707649999986],[2.771084719999976,39.38273456000002],[2.7708868899999857,39.382869330000005],[2.770840299999975,39.38291429999998],[2.770840060000012,39.38298637999998],[2.770932689999995,39.383067659999995],[2.7707813900000247,39.383175489999985],[2.7706066299999748,39.383355359999996],[2.7705832600000235,39.383400370000004],[2.7707336199999872,39.38358088000001],[2.770768309999994,39.38362599999999],[2.7707565200000204,39.38368004],[2.770477879999987,39.38367047999998],[2.7704197699999895,39.383688380000024],[2.7703963999999814,39.383733389999975],[2.77039603999998,39.383841519999976],[2.7703726099999813,39.38390455000001],[2.7703145300000074,39.383913440000015],[2.770244859999991,39.383913310000025],[2.769943000000012,39.38390370000002],[2.7696644200000264,39.383876120000025],[2.7693976300000145,39.383794490000014],[2.7691305700000157,39.38379395999999],[2.768886440000017,39.383883579999974],[2.768863039999985,39.383937600000024],[2.7688278200000127,39.38405467000001],[2.768792239999982,39.38427985999999],[2.768629149999981,39.38444172999999],[2.768431249999992,39.38459452000001],[2.7682682799999725,39.38472034],[2.76821013,39.38474725999998],[2.7681404300000167,39.38475613000003],[2.7678386300000284,39.384728499999994],[2.767792120000024,39.38474643000001],[2.7677455599999803,39.38478237999999],[2.7677221600000053,39.384836389999975],[2.7677101900000025,39.38494450000002],[2.7676868099999865,39.38498950000002],[2.7676402499999995,39.38502545],[2.7675937100000283,39.38505239],[2.767361189999974,39.385142040000005],[2.767314619999979,39.38517797999998],[2.7670585999999844,39.38534867999999],[2.7670120399999973,39.385384620000025],[2.7668374799999924,39.38550141000002],[2.766802460000008,39.385555409999995],[2.766732789999992,39.38555527],[2.766674739999985,39.385555150000016],[2.7666165900000124,39.38558207],[2.7666280500000084,39.38562714],[2.766627509999978,39.38578933000002],[2.766546020000021,39.38585224000002],[2.766336439999975,39.38602302999999],[2.766138720000015,39.38612174999997],[2.7660690499999987,39.386121609999975],[2.7658367000000226,39.38615718],[2.7658016199999906,39.3862292],[2.7658014099999946,39.38629227000001],[2.765800689999992,39.386508530000015],[2.7657888100000037,39.38658959999998],[2.7657537900000193,39.386643590000006],[2.7657072299999754,39.38667953999999],[2.7656375000000253,39.38669742000002],[2.7655445699999746,39.386706240000024],[2.765288960000021,39.38675078],[2.765010189999998,39.38677725000002],[2.764766169999973,39.38683082],[2.7644988499999954,39.38690236999997],[2.7641967399999885,39.38696483000001],[2.763964260000023,39.387036439999974],[2.7638943800000106,39.387099379999995],[2.7638593600000263,39.38715337000002],[2.763824380000017,39.387198350000006],[2.763777779999998,39.387243309999974],[2.7637428200000045,39.38727927999997],[2.7636497400000053,39.387333160000026],[2.7634634699999765,39.38747695000001],[2.7633936799999788,39.38751285000001],[2.7631726600000093,39.38762953999998],[2.7631028999999785,39.38765642999999],[2.7628819399999998,39.387755089999985],[2.762812170000018,39.38778198],[2.7625448000000006,39.38787155],[2.7622890299999767,39.38796113000001],[2.762126340000009,39.38799684000003],[2.7618475300000114,39.38803231000003],[2.761591889999977,39.38808584999998],[2.7614291099999946,39.388148590000014],[2.761184949999972,39.38823819999999],[2.7611036000000126,39.388256049999995],[2.7608827600000154,39.38831866999999],[2.7606270499999823,39.38839023000003],[2.760371379999981,39.38845278000002],[2.7601388599999837,39.38853339999997],[2.7599411499999746,39.38862310000002],[2.759720150000021,39.388730769999995],[2.759650410000006,39.388748650000025],[2.7593714199999795,39.38883817999999],[2.7593016499999976,39.38886506],[2.759103879999998,39.38897278000002],[2.7588711999999873,39.389098450000006],[2.758650110000019,39.389233149999995],[2.7584755199999904,39.38934992999998],[2.758440529999973,39.38939491000002],[2.758300599999984,39.38956581999997],[2.758149020000019,39.38974572000001],[2.7580090499999983,39.38992564],[2.7579740900000047,39.38996161],[2.757892649999974,39.39000649000002],[2.757752929999981,39.39011433000002],[2.7577410700000087,39.39018639],[2.757740790000014,39.390267489999985],[2.7577289299999848,39.39033955000002],[2.7576707100000135,39.39038448000002],[2.757612530000017,39.39042039999998],[2.7574261999999976,39.39057319],[2.7574028199999816,39.390618200000006],[2.757239620000007,39.39079807000002],[2.757181409999987,39.39084300000002],[2.757134800000017,39.390887959999986],[2.756994949999978,39.39103183999998],[2.7568319100000167,39.39116666000001],[2.7567853400000217,39.391202599999986],[2.7565874599999916,39.391337350000015],[2.7564012500000104,39.391454099999976],[2.7563197499999887,39.39151700000002],[2.756156579999981,39.39168785999999],[2.755993499999988,39.391831690000004],[2.755912060000014,39.39187657000002],[2.7557142699999986,39.39198428999998],[2.7556445299999837,39.392002160000004],[2.7553888300000153,39.39206469999999],[2.7551447199999757,39.39213626999998],[2.7548890200000073,39.392198810000025],[2.754598489999978,39.392261270000006],[2.754447330000005,39.392315010000004],[2.7543891400000007,39.39235093000002],[2.754167999999993,39.392494639999995],[2.7539236000000074,39.39264730000002],[2.7537141000000247,39.39278202000003],[2.7535510399999907,39.39291682999999],[2.753492730000005,39.39298880000001],[2.753411089999986,39.39308774],[2.7532946499999866,39.3931776],[2.7531198799999856,39.39333942000002],[2.7530267299999878,39.393411309999976],[2.752793839999981,39.39359102999998],[2.7527123599999754,39.393644919999986],[2.7525260400000207,39.39378869000001],[2.7523164699999825,39.393941429999984],[2.7521300299999893,39.394121240000004],[2.7519901300000242,39.394274129999985],[2.7519550399999844,39.39434613999998],[2.751919849999979,39.39444517999999],[2.751919629999975,39.39450825],[2.7518609599999877,39.394679329999974],[2.751825989999986,39.39471529999997],[2.7517211599999882,39.39480517999999],[2.751546420000011,39.39495799000002],[2.751359939999986,39.39514681999998],[2.751208399999996,39.39530868000003],[2.7511616900000035,39.39538067000001],[2.751091630000019,39.395488650000004],[2.751068210000028,39.39554265999999],[2.751068019999991,39.39559673000002],[2.7510445300000015,39.39566875999998],[2.7510211800000093,39.39570474999999],[2.750986179999984,39.39574972999998],[2.750846280000019,39.39590261000001],[2.7507177699999943,39.396118590000015],[2.7506826100000126,39.39620861999998],[2.750659089999999,39.39628966999999],[2.7506005100000266,39.396433720000005],[2.7505422899999985,39.39647864],[2.7503791600000227,39.396631479999996],[2.7503441599999974,39.39667644999997],[2.750332319999984,39.396739500000024],[2.750332130000004,39.39679357],[2.750331420000009,39.39699180000002],[2.750308070000017,39.39702778999998],[2.750191710000024,39.39709061999997],[2.750005480000027,39.39720735999998],[2.749924050000004,39.39724322000001],[2.7497263000000203,39.39733289999998],[2.7494936499999767,39.39744052999998],[2.749365609999984,39.39752134999998],[2.7492258300000003,39.39763819000001],[2.7491792199999736,39.39768314000003],[2.749086019999993,39.39776404000003],[2.748946339999975,39.39785383999998],[2.748841490000018,39.39794372],[2.748794750000002,39.39802472000002],[2.7486780599999747,39.39817764999998],[2.7486661899999945,39.39824970000001],[2.748677129999976,39.39843895000001],[2.7486189300000206,39.39847486999997],[2.748549120000007,39.39851076000002],[2.7483280999999806,39.3986094],[2.748258290000024,39.39864528999999],[2.748153479999985,39.398726160000024],[2.7480487000000267,39.39879801000001],[2.7478623299999754,39.398950790000015],[2.747827330000007,39.39899577],[2.747768870000016,39.39910377000001],[2.7476637299999993,39.39927474000001],[2.7476403399999754,39.39931974000001],[2.747628469999995,39.39939179999999],[2.7475813300000027,39.39958093000001],[2.747523000000001,39.39965288000002],[2.7474879999999757,39.39969786],[2.747324849999984,39.399850689999994],[2.747185129999991,39.39994949999999],[2.7471036700000013,39.39999437],[2.746952369999974,39.40008415],[2.746870909999984,39.400129030000016],[2.7466265599999815,39.400254640000014],[2.74649844999999,39.40035347999998],[2.7463004599999863,39.40050623000002],[2.7461372800000277,39.40066805999999],[2.7460439399999927,39.400784999999985],[2.7460315800000217,39.40099221000003],[2.7460076300000082,39.40119040000002],[2.7459720400000265,39.40139756000002],[2.745948129999988,39.40158673000002],[2.7459009500000207,39.40178486999997],[2.745854169999973,39.40187486999997],[2.745796030000008,39.40189276000001],[2.7456099799999834,39.40195542999999],[2.74555177000002,39.401991339999995],[2.7452957699999843,39.40212594000002],[2.7450745400000187,39.40227864000002],[2.745016239999984,39.402341579999984],[2.744922939999981,39.40244951],[2.7449227399999927,39.40250357000002],[2.7449225099999808,39.402566639999975],[2.744933930000002,39.402620730000024],[2.7449801600000114,39.40268391000001],[2.745014739999988,39.40275607000001],[2.74495662999999,39.402764950000005],[2.7448870499999884,39.40273776999999],[2.744782579999992,39.402719520000005],[2.7447359000000233,39.40278248999999],[2.744712400000026,39.402854520000005],[2.7446303500000226,39.40306158999999],[2.744618370000012,39.403160679999985],[2.7446180499999855,39.40325078000001],[2.744640919999995,39.403349950000006],[2.7446755899999857,39.403395079999996],[2.7447451200000046,39.40344028999999],[2.7449536199999898,39.40359393],[2.74502308000001,39.403657150000015],[2.745057729999985,39.40371128999999],[2.7450807600000076,39.403765410000005],[2.7450805600000194,39.40381946999997],[2.745057099999997,39.40388250000001],[2.745010519999994,39.403918439999984],[2.7449524099999962,39.40392731999998],[2.7448943399999735,39.40392718999999],[2.744638850000001,39.403917620000016],[2.7445690299999796,39.40395351000001],[2.744534059999978,39.40398947],[2.7443823799999905,39.40417836],[2.7442422199999896,39.40439430999999],[2.7442186600000014,39.404484360000026],[2.7442184600000132,39.40453843],[2.74419494,39.40461947],[2.744125150000002,39.40464635000001],[2.7440668099999925,39.40471830000001],[2.7440433900000016,39.404772320000006],[2.7439498100000037,39.40495232000001],[2.743833010000003,39.405132279999975],[2.743739269999992,39.40535734000002],[2.743739000000005,39.40542942000002],[2.743738350000001,39.405609630000015],[2.743714329999989,39.40582583999998],[2.743667739999978,39.40586177],[2.743621179999991,39.40588869999999],[2.7434116499999845,39.406014389999996],[2.74335351000002,39.40603227999998],[2.7432954000000223,39.40604115999997],[2.74322570999999,39.406041010000024],[2.7431444700000043,39.406022810000024],[2.743063300000017,39.40598659],[2.742993780000006,39.40594138],[2.7428661800000214,39.405896040000016],[2.742796520000013,39.405886880000025],[2.742622229999995,39.40590451000003],[2.742540829999996,39.40593136000001],[2.742296450000026,39.40605697000001],[2.7420753100000184,39.40618262999999],[2.742028650000009,39.40623658999999],[2.74200522000001,39.40629059999998],[2.7419817599999874,39.406353620000004],[2.74195782999999,39.40654279],[2.741945460000011,39.406750009999996],[2.7418865899999787,39.40696613],[2.741851409999981,39.407056160000025],[2.7418043499999953,39.40721825000003],[2.741734000000008,39.40739830000001],[2.741651929999989,39.40760537],[2.741581580000002,39.40778541999998],[2.741511189999983,39.407974490000015],[2.7414291800000115,39.408163530000024],[2.7413356000000135,39.408343530000025],[2.741207099999997,39.40854148],[2.7411604399999874,39.40859544],[2.740950629999986,39.40879321],[2.740810710000005,39.40893706000003],[2.740764019999972,39.409000030000016],[2.740752269999973,39.40903605],[2.740752069999985,39.40909011000002],[2.7407628199999863,39.40932441000001],[2.740727310000011,39.40950455000001],[2.7406690000000253,39.40956748999997],[2.74051750000001,39.40970231],[2.7403775099999734,39.40986419000001],[2.7403424299999983,39.40992719000002],[2.7402020800000173,39.41018817999998],[2.740120069999989,39.41037721999999],[2.7400381200000083,39.410548240000026],[2.7400378599999726,39.41062032000002],[2.7400372199999765,39.410791519999975],[2.740013490000024,39.410926630000006],[2.739966890000005,39.41096256999998],[2.7399087200000167,39.410989470000004],[2.7398388500000124,39.41103436999998],[2.739594420000003,39.411168980000014],[2.739559369999995,39.411222959999975],[2.739535980000028,39.411267959999975],[2.7395241899999974,39.41131299],[2.739524029999984,39.41135803999998],[2.7395347699999775,39.41159234000003],[2.7395338399999787,39.41184464000003],[2.7395103000000063,39.411925680000024],[2.7394751900000074,39.41199769000002],[2.7393582600000173,39.412204669999994],[2.739287929999989,39.41237570999999],[2.739217530000019,39.412564780000025],[2.7391818799999896,39.41278096000002],[2.739193259999979,39.41284406],[2.7392395499999793,39.41288921],[2.739320630000009,39.41295246999999],[2.7394133899999815,39.41299772999997],[2.739494439999987,39.413070000000005],[2.739494270000023,39.41311504999999],[2.739505080000015,39.413331330000005],[2.739469770000028,39.41345740000003],[2.739446330000021,39.41351141000001],[2.7393993000000023,39.413664489999974],[2.7394338500000117,39.41374566000002],[2.7395143900000107,39.41395308],[2.7395369899999764,39.41412434],[2.739536620000024,39.41422345000001],[2.739513190000025,39.414277459999994],[2.7394897899999933,39.41432247],[2.739396020000015,39.414547519999985],[2.739395619999982,39.414655649999986],[2.739406200000019,39.414935000000014],[2.7394167100000004,39.41523238000002],[2.7394275199999925,39.41544864999997],[2.7394383399999924,39.41566492999999],[2.7394605700000056,39.4159353],[2.739482800000019,39.41620566],[2.7395051299999977,39.416449],[2.7395395699999767,39.4165572],[2.739596689999985,39.416818639999974],[2.739607869999986,39.416935799999976],[2.7396303300000113,39.417143090000025],[2.7396532700000193,39.417224239999996],[2.7396994299999733,39.41730543],[2.739791729999979,39.417476840000006],[2.7398032500000227,39.417503899999986],[2.739860770000007,39.417657210000016],[2.7399760700000115,39.417891740000016],[2.740079920000028,39.41808119000001],[2.7401954800000112,39.418243640000014],[2.7403110199999787,39.418415100000004],[2.7404613400000244,39.41860466000003],[2.740600079999979,39.418785179999986],[2.740727100000015,39.41899271],[2.7407501700000125,39.41903781000002],[2.740761580000026,39.41909190000001],[2.740784089999977,39.41929018000002],[2.740807050000001,39.419362320000005],[2.740853360000017,39.41940747000001],[2.740992160000019,39.41956997],[2.7410152300000163,39.41961507000002],[2.741038300000014,39.419660179999994],[2.7410841000000232,39.41984049000001],[2.7410838700000113,39.41990356000002],[2.7410599699999807,39.42008371999998],[2.7410128399999962,39.42026383000001],[2.740977320000013,39.42044396],[2.740965000000017,39.420633150000015],[2.740964169999984,39.420858409999994],[2.740975559999981,39.42092151000003],[2.7410101400000144,39.42099366999997],[2.7411141000000043,39.42115609000001],[2.741183509999985,39.421237340000005],[2.741368790000024,39.42139995000002],[2.7414499099999716,39.42145419000002],[2.741588820000004,39.421589659999995],[2.741681299999982,39.42171601000001],[2.741843210000013,39.42191459999998],[2.7418892499999856,39.42203183999999],[2.741900600000008,39.42210395000001],[2.741923180000015,39.42228420999999],[2.7419462500000122,39.42232932000002],[2.7420035100000177,39.422554709999986],[2.7420492499999796,39.422753039999975],[2.742106509999985,39.42297843],[2.7421522800000275,39.423167750000005],[2.7422211900000093,39.42338416000001],[2.7422558499999923,39.42343829999999],[2.7423021899999753,39.42347444000001],[2.742441040000017,39.42362793000001],[2.7424640799999906,39.42368204000002],[2.7424868200000105,39.42381725000001],[2.742486489999976,39.42390735999999],[2.7424974099999986,39.424096599999984],[2.7424850300000116,39.42430381999998],[2.7425073699999984,39.42454715000002],[2.742529950000005,39.42472741],[2.7425292500000182,39.424916629999984],[2.7425402100000156,39.42509686],[2.74255162999998,39.42515094999999],[2.7426440099999922,39.425304340000025],[2.742759499999977,39.42549380999998],[2.7427940599999943,39.42557498000002],[2.7428977600000053,39.425809490000006],[2.7429668400000082,39.42598084000002],[2.743082099999981,39.42623338999999],[2.743174360000012,39.42642282000003],[2.743266609999978,39.42661224],[2.743347280000023,39.42679263000002],[2.7433814699999743,39.42697291000002],[2.7434156400000234,39.427162210000006],[2.7435533400000054,39.42763106000001],[2.7436104500000056,39.42790150000002],[2.743690889999982,39.42814496],[2.743736609999985,39.42835230999998],[2.743794009999988,39.42854165],[2.743886169999996,39.42875810999999],[2.74398991999999,39.42898359999998],[2.7440939599999865,39.42912799999999],[2.744244379999998,39.42929952999998],[2.7443371599999864,39.429344790000016],[2.7443835099999774,39.42938092999998],[2.744441440000003,39.42942611000001],[2.7446151299999997,39.429588679999995],[2.744649719999984,39.42966084],[2.744661140000005,39.42971492999999],[2.744660950000025,39.429768990000014],[2.7446601899999905,39.42997623000002],[2.7446594699999878,39.43017445999999],[2.7446935400000143,39.43039078999999],[2.7447513399999934,39.43047201000002],[2.744786069999975,39.43050813000002],[2.7448440599999913,39.43053529000002],[2.7449020600000154,39.430562450000025],[2.7449600200000077,39.43059862000001],[2.7449829999999906,39.43067074999999],[2.7450520900000015,39.43084210000001],[2.745075100000008,39.43090523000001],[2.7452021899999863,39.431103740000026],[2.745317629999988,39.431311230000006],[2.7454217399999834,39.43143760999999],[2.745479670000009,39.43148279000002],[2.7456651200000124,39.43160934000002],[2.7457231199999796,39.431636500000025],[2.74580426,39.43169074000002],[2.7458506400000147,39.43171787],[2.746059319999972,39.431844479999995],[2.746256389999985,39.43197106000002],[2.746302710000009,39.43201620999997],[2.7463489599999775,39.432079380000005],[2.746383490000028,39.43216955999998],[2.7463599899999735,39.4322416],[2.7463249400000223,39.432295580000016],[2.7462432799999874,39.43238551000002],[2.7461966700000175,39.43242144999999],[2.7461498999999776,39.43250244000001],[2.7460562900000127,39.432682450000016],[2.745974339999975,39.43285347],[2.745880629999988,39.43306050000001],[2.745857160000014,39.43312352999999],[2.745833140000002,39.43333973],[2.7458323600000085,39.433555979999994],[2.7458665600000245,39.43373625999999],[2.745889639999973,39.43378136000001],[2.7459010599999942,39.433835450000004],[2.7459124900000234,39.433889539999996],[2.7459702599999787,39.43397977000001],[2.7460049499999855,39.4340249],[2.746167039999989,39.43418744000002],[2.7463058899999737,39.434349929999996],[2.7463405500000135,39.43440407000003],[2.746432889999994,39.43457547000003],[2.746432690000006,39.43462954],[2.746605069999987,39.435161530000016],[2.746628180000016,39.435197630000005],[2.7466739399999938,39.435395959999994],[2.7467084699999873,39.43548614000002],[2.7467776999999955,39.43562143999998],[2.7469164600000227,39.43581096999998],[2.74696277999999,39.43585611999998],[2.7470550900000035,39.436036530000024],[2.74707810000001,39.436099660000025],[2.747216920000028,39.43627115999999],[2.747355710000022,39.43645167],[2.7474712599999975,39.43663213000002],[2.7476100499999916,39.43681264000003],[2.747760400000004,39.43701119999997],[2.747795129999986,39.43704731999998],[2.747853070000019,39.437092500000006],[2.747887800000001,39.43712861],[2.7479339899999786,39.43720981000001],[2.7479567699999734,39.437336000000016],[2.7479560300000117,39.437543240000025],[2.747944220000022,39.43759727999998],[2.7478622900000005,39.437759289999974],[2.747745440000017,39.43793925],[2.747710390000009,39.43799323000002],[2.7476167099999884,39.438191259999996],[2.7475577299999827,39.43843442000002],[2.747533840000017,39.43861457000003],[2.7474984300000074,39.43876768000001],[2.747486419999973,39.43887577999999],[2.7474862299999927,39.438929840000014],[2.7474628300000177,39.438974840000014],[2.7473928800000067,39.43903776000002],[2.7472991999999863,39.43923579],[2.747252000000003,39.43943392],[2.747204810000028,39.43963203999999],[2.7471813399999974,39.43969507000003],[2.747145660000001,39.43992025],[2.7471453699999984,39.44000133999998],[2.7470981100000245,39.44021749000001],[2.747074409999982,39.44034359],[2.747062009999979,39.440559810000025],[2.7470727900000043,39.44079411000001],[2.7470725599999923,39.44085718000002],[2.7470839900000215,39.440911270000015],[2.747107029999995,39.44096538000002],[2.747245899999996,39.44112787],[2.74729222000002,39.441173030000016],[2.7473264999999856,39.441335289999984],[2.747326170000008,39.441425390000006],[2.7473143899999855,39.44147041999997],[2.7471744499999886,39.441605270000025],[2.7471278400000188,39.44164121],[2.747081219999984,39.441677149999975],[2.747045909999997,39.44180322],[2.747045679999985,39.441866300000015],[2.7470338599999877,39.441920330000016],[2.746987020000006,39.44201935000001],[2.7469403100000136,39.44208232],[2.746893469999975,39.44218132999998],[2.7468467300000157,39.44225331000001],[2.7466022599999746,39.442369919999976],[2.746357929999988,39.44245047999999],[2.7462997599999994,39.44246836999997],[2.7461829999999736,39.44262128999998],[2.7461595600000237,39.44267531000003],[2.7461128799999983,39.44272926999997],[2.745938009999975,39.44288205999999],[2.745891389999997,39.44291800000002],[2.745798260000015,39.442962850000015],[2.7457284700000173,39.44298071999998],[2.7456697800000143,39.44314278000002],[2.745657929999993,39.44320583000001],[2.745576089999986,39.443340809999995],[2.745424459999981,39.44349364999999],[2.7453778099999795,39.44353860000001],[2.745273059999988,39.44358341999998],[2.7451800900000194,39.443583219999994],[2.745110230000023,39.443619109999986],[2.745121460000007,39.44372726],[2.74514443999999,39.44379938999998],[2.7451442700000257,39.44384444999997],[2.745120840000027,39.443898460000014],[2.745108920000007,39.44397952999998],[2.7451202799999805,39.44405162999999],[2.7451432899999872,39.44411475999999],[2.7451663400000257,39.44416887],[2.7450610899999788,39.44434884999998],[2.7450144100000102,39.444402809999985],[2.744967630000019,39.4444838],[2.744909419999999,39.444510709999975],[2.7448512899999855,39.44451959000003],[2.744769969999993,39.44451040000001],[2.7447352400000113,39.44447428000001],[2.744689010000002,39.44440209999999],[2.744689180000023,39.44435704],[2.744712579999998,39.44431204],[2.744747650000022,39.44425805999998],[2.7447478400000023,39.444203990000005],[2.7447248299999956,39.44414087000001],[2.7446550700000216,39.44414972999999],[2.74459693,39.44415860999999],[2.7445387600000117,39.444176500000026],[2.7444572399999743,39.44422137999999],[2.7444333799999754,39.44439252000001],[2.744444279999982,39.44459078],[2.7444441100000176,39.44463582999998],[2.744490340000027,39.44470801],[2.7445831100000078,39.44476228000002],[2.7446061200000145,39.44482541000002],[2.744571090000022,39.44487038],[2.7445244799999955,39.44490631999997],[2.7444548099999793,39.44488815],[2.744373600000017,39.44485193000003],[2.744303899999977,39.44484275999997],[2.7442225500000177,39.44484258],[2.7440944200000104,39.444923389999985],[2.7440360800000008,39.444986340000014],[2.7439893700000084,39.44504931],[2.7439072299999907,39.44526538000002],[2.743883789999984,39.44531939000001],[2.743871379999973,39.44553561999999],[2.743871179999985,39.44558968000001],[2.7438942599999905,39.44563477999998],[2.743928989999972,39.44567089999998],[2.744045110000002,39.44569818999997],[2.7441380500000037,39.4457074],[2.7441843700000277,39.44575256000002],[2.7441957300000013,39.44582466999998],[2.7442303600000173,39.445887819999996],[2.744265059999975,39.44593293999998],[2.744288069999982,39.44599606999998],[2.7442762200000175,39.44605911999997],[2.7441941499999984,39.446257170000024],[2.744135710000023,39.44634714],[2.7439840399999866,39.44650899999999],[2.743925699999977,39.44657194000001],[2.7438674900000137,39.44659883999998],[2.74363489000001,39.44664338000001],[2.7435535100000266,39.446652210000025],[2.7434952699999826,39.446688129999984],[2.7434016700000257,39.44685912],[2.7433196599999974,39.44703915000002],[2.7432845299999826,39.44711115000001],[2.743144540000003,39.44725500999999],[2.743074639999975,39.44729991000003],[2.7430628199999774,39.44735394999998],[2.7430742500000065,39.44740803000002],[2.74316699000002,39.447471310000026],[2.7432249700000284,39.44750748000001],[2.7434107199999858,39.44756195999997],[2.743549949999988,39.44762534],[2.7436195500000053,39.447661530000005],[2.743677460000015,39.44771572000002],[2.7438050700000076,39.447779079999975],[2.743978900000002,39.447914620000006],[2.7441179400000237,39.44803206],[2.744175919999975,39.44806822999999],[2.744175229999996,39.44825745000003],[2.7441861600000266,39.448446690000026],[2.744185899999991,39.44851877999997],[2.7441389499999786,39.44864482000003],[2.7441155700000195,39.448680809999985],[2.7440339500000164,39.44875271000001],[2.743835890000014,39.44888744000002],[2.743789300000003,39.44891436],[2.743731089999983,39.44894126999998],[2.7434981900000253,39.44906689999999],[2.74331183999999,39.44917461],[2.7431254200000126,39.44930034999999],[2.7430554599999937,39.44936326999999],[2.7430550999999923,39.44946238],[2.743066390000024,39.44955250999999],[2.743007949999992,39.449642489999974],[2.7429729199999997,39.44968746000001],[2.742926290000014,39.44972339999998],[2.742693519999989,39.44981299],[2.7425771299999724,39.44985778],[2.7424724699999956,39.44987557000002],[2.742228339999997,39.449893050000014],[2.742158599999982,39.44989290000001],[2.7420539400000052,39.449910690000024],[2.7420304899999906,39.44996470000001],[2.7420650899999828,39.45003686000001],[2.742134790000023,39.45004602],[2.7422160500000246,39.45007322999999],[2.742320290000009,39.450172580000014],[2.74237813000002,39.45024479],[2.7424011800000017,39.450298910000015],[2.742400910000015,39.45037099000001],[2.7423658499999988,39.45042497999998],[2.742237569999986,39.45054183000002],[2.7421677099999897,39.450577710000005],[2.7419351899999924,39.450595220000025],[2.7416562199999817,39.45060360999997],[2.7415864899999747,39.45060345000002],[2.7415050700000165,39.450621290000015],[2.7414351699999884,39.45066618999999],[2.741458150000028,39.45073832999998],[2.7415392699999757,39.45080158000002],[2.7416204900000025,39.45083779999999],[2.7417018500000268,39.45083798000002],[2.7417714200000205,39.45088319000001],[2.7416661199999908,39.45107217999998],[2.741630989999976,39.45114417999997],[2.7416074399999957,39.451225220000026],[2.741607180000017,39.45129730999997],[2.741501840000012,39.451495299999976],[2.741478470000004,39.45153128999999],[2.7414318099999946,39.45157624000001],[2.7413967800000023,39.45162121999999],[2.741408100000001,39.45170232999999],[2.741419559999997,39.451747409999996],[2.741349220000018,39.45190944000001],[2.7413141600000017,39.45196342999998],[2.741185910000013,39.452071269999976],[2.741127629999994,39.45211619000003],[2.7410345800000187,39.45213401000001],[2.740976470000021,39.45213388000002],[2.7408719300000257,39.45211561999997],[2.7408022299999857,39.45210645999998],[2.7406859700000155,39.45211520999999],[2.740604449999978,39.45216008],[2.7405694500000095,39.45219603999999],[2.740534239999988,39.452286070000014],[2.7405456700000173,39.452340160000006],[2.7405570600000146,39.452403249999975],[2.7407074199999784,39.452601819999984],[2.740857940000012,39.45275533],[2.740904300000011,39.45279147999997],[2.7409272099999953,39.45288163999999],[2.740927010000007,39.45293570000001],[2.740728900000022,39.453079419999995],[2.7406822699999793,39.45311536000003],[2.7406008099999895,39.45314221000001],[2.740530980000017,39.45316909000002],[2.7404494500000283,39.45321396000003],[2.7404143800000043,39.45326793999999],[2.740402319999987,39.45338505000001],[2.7404019599999856,39.453484160000016],[2.740413310000008,39.45355626999998],[2.7404712300000256,39.45361047],[2.740459439999995,39.45365549000002],[2.7404476099999897,39.453709530000026],[2.740424140000016,39.45377255],[2.7403194299999996,39.45379935],[2.740226450000023,39.45379914],[2.7401682299999948,39.453826040000024],[2.74013309999998,39.45389805000002],[2.740144520000001,39.453952130000005],[2.7400509000000284,39.45412312000002],[2.7400157999999806,39.454186119999974],[2.7399458599999775,39.454240019999986],[2.7398760899999957,39.45424888000002],[2.739783110000019,39.45424867000003],[2.7396318699999824,39.45428436999998],[2.739573689999986,39.45430226000002],[2.7394921999999724,39.45433811999999],[2.739549909999994,39.45444637999998],[2.739596170000027,39.45450956000002],[2.7396075199999927,39.454581659999974],[2.7396073200000046,39.45463573000001],[2.7395140400000173,39.45471660999999],[2.7394557900000223,39.45475252],[2.739304520000019,39.454797240000005],[2.739188220000017,39.454814999999996],[2.739083619999974,39.45481475999998],[2.7389905300000237,39.45484157999999],[2.7389903000000118,39.45490466000001],[2.7391759000000206,39.45500419000001],[2.739245530000005,39.45503137999998],[2.7392800700000066,39.45512156000001],[2.7392681800000105,39.45519361999999],[2.739035450000017,39.455265180000026],[2.7389424300000087,39.455273980000015],[2.7388493099999778,39.45530981000002],[2.738860729999999,39.45536390000001],[2.738953379999998,39.45545421000003],[2.739022949999992,39.455499420000024],[2.7390808299999776,39.45556262000002],[2.739092249999999,39.455616710000015],[2.739022250000005,39.455688640000005],[2.7389406500000177,39.455751529999986],[2.7388824000000227,39.455787439999995],[2.738719440000011,39.45585015],[2.738614729999995,39.455876939999996],[2.738533229999973,39.45591280000002],[2.738451800000007,39.45593064000002],[2.7383239800000183,39.455921339999975],[2.7382310300000086,39.455912119999994],[2.738161390000016,39.455884930000025],[2.738103379999984,39.45585777000002],[2.738033669999993,39.455848600000024],[2.7379870400000073,39.45588454],[2.7379519699999832,39.45593852000002],[2.7378119599999877,39.45608238],[2.7377651900000046,39.45615435000002],[2.7378229700000247,39.45624458999998],[2.7378808199999867,39.456316800000025],[2.7379155200000014,39.456361930000014],[2.7379966799999806,39.45641618000002],[2.738066319999973,39.45644336999999],[2.7380544900000245,39.45649739999999],[2.737868390000017,39.45653303],[2.7376359200000024,39.45653249999998],[2.7375312799999847,39.45654128000001],[2.7374149799999827,39.456559029999994],[2.7373451000000273,39.456594919999986],[2.737321580000014,39.45666695],[2.7372400200000016,39.456720829999995],[2.7371701399999893,39.45675670999998],[2.73698373000002,39.45687342999997],[2.7369021599999996,39.45692730000002],[2.7367503799999895,39.45710716999997],[2.7366336100000126,39.457251069999984],[2.736598459999982,39.45732307999998],[2.7365628100000094,39.45753023999998],[2.7365625799999975,39.45759330999999],[2.7365740000000187,39.457647399999985],[2.7366781700000047,39.45776476999998],[2.736736150000013,39.45780094000003],[2.736770779999972,39.457864099999995],[2.7367821299999946,39.457936210000014],[2.7367470899999944,39.45798117999999],[2.7365606100000264,39.458115910000004],[2.7364906600000154,39.45816982000002],[2.736444000000006,39.458214759999976],[2.736397399999987,39.45824169000002],[2.736327659999972,39.45824153000001],[2.7362231899999756,39.45820524999999],[2.736153609999974,39.458160039999996],[2.7359797999999955,39.45801547999997],[2.7359334800000283,39.457970320000015],[2.7358871199999726,39.457934179999995],[2.7358408299999724,39.45788001],[2.735759739999992,39.45780774000002],[2.735701619999986,39.457807609999975],[2.7356086300000015,39.45780739999998],[2.7354340800000045,39.45786106000003],[2.735341049999988,39.45786986000002],[2.735166090000007,39.45803165000001],[2.7350843799999893,39.45812157],[2.7350609000000077,39.45818458999997],[2.735072310000021,39.45823868000002],[2.735141849999991,39.458292900000004],[2.73518820999999,39.458329049999975],[2.735246220000022,39.45835620999998],[2.7352808900000127,39.45841035000001],[2.735106499999972,39.45841896000002],[2.7350484199999983,39.458409819999986],[2.7348043200000234,39.458409259999996],[2.7347345800000085,39.45840910999999],[2.7346763599999804,39.458436000000006],[2.734617940000021,39.45851696],[2.734594549999997,39.45855295000001],[2.7345361899999716,39.458615889999976],[2.7344662799999924,39.45866079000001],[2.7344195100000093,39.458732759999975],[2.7344191999999907,39.45881386000002],[2.734395720000009,39.45887687999999],[2.734314349999977,39.45887669000001],[2.73424454000002,39.458894550000025],[2.734127590000014,39.45908350000002],[2.7341041299999915,39.459137510000005],[2.7340458799999965,39.45917342000001],[2.733952890000012,39.45917321000002],[2.733859759999973,39.45920904000002],[2.733824719999973,39.459254009999995],[2.733789609999974,39.459317],[2.733859069999994,39.459389250000015],[2.733940299999972,39.459425469999985],[2.7339633099999787,39.459488599999986],[2.7338814600000205,39.45961455999998],[2.7338347300000123,39.45967753000002],[2.7337415299999748,39.459731379999994],[2.7336599899999783,39.45977624],[2.733601809999982,39.45979412999998],[2.733532060000016,39.45979397000002],[2.733474049999984,39.45976680000001],[2.7334043399999928,39.45975763000001],[2.7333461499999885,39.459775519999994],[2.7332762400000092,39.45982041000002],[2.7331477199999767,39.45999131999997],[2.7329958899999838,39.46018019000002],[2.7329491200000007,39.46025215999998],[2.732937320000019,39.460297190000006],[2.7329254900000137,39.460351230000015],[2.732890409999982,39.460405209999976],[2.7328205700000012,39.460432079999975],[2.7327046699999755,39.46034171000002],[2.732669939999994,39.46030559000002],[2.7326232699999764,39.46035053000003],[2.7326112700000067,39.46044962000002],[2.7326226100000213,39.46052172999998],[2.7326340700000173,39.46056680999999],[2.7326687300000003,39.46062095000002],[2.732656899999995,39.46067498999997],[2.732505310000022,39.46080078],[2.732435389999978,39.460845670000026],[2.7323886199999947,39.46091765],[2.7322602699999834,39.46104350000002],[2.732225260000007,39.46107946000001],[2.732143790000009,39.46110630999999],[2.7320155099999965,39.46121413999998],[2.731968810000012,39.461268089999976],[2.731933799999979,39.461304050000024],[2.7317240400000173,39.46143873],[2.7315492000000177,39.461564469999985],[2.731490899999983,39.46160938999998],[2.731386079999993,39.46166320999998],[2.731281009999975,39.4617801],[2.7311640099999863,39.46197805999998],[2.7310354800000027,39.46214895999998],[2.7310004700000263,39.46218492000003],[2.730930619999981,39.462211790000026],[2.7308724000000097,39.46223868999999],[2.7308142399999724,39.46224756999999],[2.730744389999984,39.46227443999999],[2.7307325599999785,39.46232846999999],[2.730813650000016,39.46240074000002],[2.7308716399999753,39.462436920000016],[2.7308018900000093,39.46243676],[2.7306275899999832,39.46241832999999],[2.7305346399999735,39.46240911000001],[2.7304765499999917,39.46239996000003],[2.730406770000002,39.46240881],[2.7303484000000253,39.46247175000002],[2.730301699999984,39.462525700000015],[2.730289309999989,39.462723900000015],[2.7302769199999943,39.46292211000002],[2.7302766799999745,39.462985179999976],[2.7301713300000188,39.463174149999986],[2.730066079999972,39.46333609999999],[2.7300193099999888,39.463408070000014],[2.729960979999987,39.46346199999999],[2.7299143399999934,39.46349793000002],[2.729890850000004,39.46356094999999],[2.7299367900000107,39.463705230000016],[2.729959860000008,39.46375032999998],[2.729971139999975,39.46384045999997],[2.729970960000003,39.46388552000002],[2.7299591699999723,39.46393053999998],[2.729947330000016,39.46398457999999],[2.7299587499999802,39.46403866999998],[2.7300050700000043,39.46408382999999],[2.7300630199999887,39.46412901000002],[2.730027899999982,39.464192000000025],[2.7299928200000068,39.464245989999995],[2.729946219999988,39.46427290999998],[2.7298647100000153,39.464308759999994],[2.7297949300000255,39.46431761000002],[2.729586030000007,39.46422702000001],[2.729528010000024,39.46419985],[2.7294699299999934,39.464190710000025],[2.729400109999972,39.464208559999975],[2.7293534400000112,39.46425350999999],[2.729306240000028,39.464433610000015],[2.729306070000007,39.46447866],[2.729305790000012,39.46455073999999],[2.7292591500000185,39.464586680000025],[2.729200960000014,39.46460456],[2.7291659800000048,39.464631510000004],[2.7291308900000217,39.46468549000002],[2.729107230000011,39.464793559999976],[2.7290949399999818,39.46496473000002],[2.7290947299999857,39.465018799999996],[2.7291177299999845,39.46508191999999],[2.7291290399999752,39.46516303999999],[2.729117169999995,39.46522608999999],[2.7290704700000106,39.46528003999998],[2.7290122399999746,39.465306940000005],[2.7289887800000088,39.46536094999999],[2.728976980000027,39.465405970000006],[2.7289070200000083,39.46545987000002],[2.728848830000004,39.46547776],[2.7288602400000173,39.46553184999999],[2.728883279999991,39.46558596],[2.7288946300000134,39.46565807000002],[2.728741619999994,39.46614427999998],[2.7286717299999736,39.46618016000002],[2.728613390000021,39.46623409],[2.7286015899999825,39.466279110000016],[2.728624599999989,39.46634224000002],[2.728589510000006,39.46639621999998],[2.7285197300000164,39.46640507000001],[2.7284616100000108,39.46640493000001],[2.7283685400000195,39.46642272999998],[2.728321830000027,39.46647668999998],[2.728333140000018,39.46655780999998],[2.7284257200000184,39.46666614999998],[2.7284837000000266,39.466702329999976],[2.7284601399999815,39.46678336999997],[2.7284367099999827,39.46682836000002],[2.7284016300000076,39.46688234999999],[2.728377679999994,39.4670625],[2.728377430000023,39.46712557000001],[2.7283539700000006,39.46717957999999],[2.728307369999982,39.467206499999975],[2.7282143599999813,39.46720628000003],[2.7280869400000256,39.46708884999998],[2.728040720000024,39.46701666000001],[2.727959520000013,39.46697141999999],[2.7278897400000233,39.466980260000014],[2.7279005199999915,39.467196539999975],[2.7279003099999954,39.4672506],[2.7279232800000273,39.467322739999986],[2.727981129999989,39.46739495999998],[2.728074020000008,39.467422209999995],[2.7281553600000166,39.46743141000002],[2.728213310000001,39.4674766],[2.728282820000004,39.46753983000002],[2.7283056800000054,39.46763900000002],[2.7283054399999855,39.46770206999997],[2.728281939999988,39.46776509],[2.728235129999973,39.467846080000015],[2.7281533999999965,39.46793599],[2.7280834800000093,39.46798088000003],[2.728025310000021,39.467989750000015],[2.727757899999972,39.46799814000002],[2.727630060000024,39.467988830000024],[2.727490660000001,39.46796146999998],[2.7274325399999952,39.46796132999998],[2.727304380000021,39.46803311999997],[2.7272693599999798,39.46806908000002],[2.727199540000015,39.46808693000003],[2.7271529299999884,39.46811386000002],[2.726989720000006,39.46823060999998],[2.726931420000028,39.46827552000002],[2.7269077500000094,39.46838358999997],[2.726907429999983,39.46846469000002],[2.726965210000003,39.46855492999998],[2.727011530000027,39.468600089999995],[2.727011319999974,39.46865415000002],[2.7269995199999926,39.46869917999999],[2.726941179999983,39.468753100000015],[2.7269291000000067,39.46887020999998],[2.72692877999998,39.468951300000015],[2.7269401600000265,39.46901439999999],[2.7269865600000003,39.46904153999998],[2.72704447000001,39.46909574],[2.7270442999999887,39.46914078999998],[2.7269627100000093,39.46919466000003],[2.726892809999981,39.46923054000001],[2.726811370000007,39.46924837],[2.726706560000025,39.46929318000002],[2.7266250100000207,39.469338040000025],[2.726543349999986,39.46940992999998],[2.726508260000003,39.46946391],[2.7264732400000184,39.46949986999999],[2.7264033100000233,39.46954476000002],[2.726356629999998,39.46958969999997],[2.726356179999982,39.46970683000001],[2.72637893000001,39.46983303000002],[2.72637868999999,39.46989610999998],[2.726262360000021,39.46991385000001],[2.726180950000014,39.46992267000002],[2.726122750000002,39.46994056],[2.7261104199999977,39.47012074000003],[2.726121869999986,39.47016581999998],[2.726109959999974,39.470237870000005],[2.726063350000004,39.47026478999999],[2.7260398500000065,39.470327810000015],[2.7260396099999866,39.470390880000025],[2.72608544000002,39.47056219000001],[2.7261084400000186,39.47062532000001],[2.7260381599999732,39.47076031],[2.725921270000015,39.47092221999998],[2.7258745199999908,39.47098519000002],[2.7258627100000012,39.47103020999998],[2.7258507000000236,39.47112929999997],[2.7258387900000116,39.47120135],[2.7257805599999756,39.471228250000024],[2.72572193000002,39.47135424999999],[2.725721749999991,39.47139930999998],[2.7256518899999946,39.47142616999997],[2.725582139999972,39.471426010000016],[2.7255124199999727,39.47141683000001],[2.7254426700000067,39.471416669999996],[2.7253844699999945,39.471434550000026],[2.725302940000006,39.47147039999999],[2.7252562300000136,39.47152434999998],[2.7252676800000017,39.47156942999999],[2.7252906499999767,39.471641569999974],[2.725290330000007,39.47172266000001],[2.7251971399999775,39.4717675],[2.725115619999997,39.471803350000016],[2.7250918700000284,39.47192944],[2.7250916599999755,39.47198350000002],[2.725068159999978,39.47204651999999],[2.725009929999999,39.47207341000001],[2.724928509999984,39.47208223000001],[2.7248818599999822,39.47211815999998],[2.724788079999996,39.47231617],[2.724717720000001,39.47246918000002],[2.724670890000027,39.472550160000026],[2.7246357000000216,39.47263117],[2.7245772100000067,39.472721139999976],[2.724530570000013,39.47275707],[2.7245071400000143,39.47280207],[2.7243555399999764,39.47291883999998],[2.7242855999999733,39.472963730000004],[2.724238920000005,39.47300867000001],[2.724215459999982,39.47306268],[2.7242148899999847,39.47320683999999],[2.7242146699999807,39.47326091000002],[2.724237749999986,39.47330600999999],[2.72423753999999,39.47336008000002],[2.7242141099999913,39.47340507000001],[2.724144169999988,39.47344995999998],[2.7240974900000197,39.47349489999999],[2.724073560000022,39.47366604000001],[2.724073350000026,39.47372009999998],[2.7240615100000127,39.47377413999999],[2.7240264900000284,39.47381009999998],[2.7239565900000002,39.47384597000001],[2.723863470000026,39.47387278000002],[2.723758729999986,39.473899570000015],[2.723607379999976,39.47395326999998],[2.723502489999987,39.47401609000002],[2.7234209599999986,39.47405193999998],[2.723397499999976,39.47410595000002],[2.723408769999992,39.47419608000001],[2.723385300000018,39.47425009],[2.7233386500000165,39.47428602000002],[2.723245640000016,39.47428580000002],[2.7231524200000194,39.47433963999998],[2.7230708199999754,39.47439350000002],[2.7230822299999886,39.47444759000001],[2.7231285999999955,39.47448374999999],[2.7231749599999944,39.47451990000002],[2.7231747499999983,39.47457395999999],[2.723116329999982,39.47464590999999],[2.722953060000009,39.47477165999999],[2.722883089999982,39.47482556],[2.722870999999998,39.47494267000002],[2.722870250000028,39.47513187999999],[2.7228700000000003,39.47519496000001],[2.7228110799999854,39.47539304999998],[2.7227759900000024,39.47544703],[2.7225433899999985,39.47546448999998],[2.722473589999993,39.47547334000001],[2.722392130000003,39.47549115999999],[2.7221825400000057,39.47557175999998],[2.7221243000000186,39.475598649999995],[2.722077679999984,39.47562556999998],[2.7220193399999744,39.475679490000005],[2.7219959000000244,39.475724490000005],[2.7219956499999967,39.475787560000015],[2.722006560000011,39.47596779000003],[2.722006379999982,39.47601285000002],[2.722006130000011,39.47607592000003],[2.722005920000015,39.476129979999996],[2.7220522399999822,39.47617514000001],[2.7221102299999984,39.476211320000004],[2.7221566000000053,39.476247479999984],[2.722214440000016,39.476319699999976],[2.722249110000007,39.47637384000001],[2.7222951499999795,39.476491090000025],[2.7223065599999927,39.476545180000016],[2.72230583999999,39.47672539000001],[2.722293680000007,39.47686052],[2.722246460000008,39.47704061000002],[2.7222346199999947,39.477094650000026],[2.722327240000027,39.47719397999998],[2.722408410000014,39.477248239999994],[2.722605670000007,39.477347829999985],[2.722721579999984,39.47743821],[2.7228260100000057,39.47749252],[2.723046629999999,39.477565130000016],[2.723197529999993,39.47762856000003],[2.7233947199999875,39.47774616999999],[2.7234759300000064,39.47779141000001],[2.7236498299999994,39.47791797000002],[2.7237888600000133,39.47804445000003],[2.723986009999976,39.47817106000002],[2.724206390000006,39.478306739999994],[2.7243804799999793,39.47838825000002],[2.724438539999994,39.47840640999999],[2.7244965300000104,39.478442589999986],[2.7246708999999782,39.47845201000001],[2.7247290399999997,39.47845215000001],[2.724798899999996,39.47842528000001],[2.7248455499999977,39.478389349999986],[2.7249269800000206,39.47838052999998],[2.725019990000021,39.478380749999985],[2.7250430999999935,39.478416849999974],[2.7250777699999844,39.478470990000005],[2.725147359999994,39.47851621000001],[2.7251820999999836,39.478552330000014],[2.725205140000014,39.47860644999997],[2.72520492000001,39.47866051],[2.725227930000017,39.47872364],[2.725262530000009,39.47879581000001],[2.7253204500000265,39.478850009999974],[2.725552460000017,39.47898571000002],[2.7256453300000203,39.47902197000002],[2.7257149899999717,39.479049169999996],[2.725772950000021,39.479094359999976],[2.7258072999999854,39.47922958999999],[2.72559794,39.479247120000025],[2.7255397700000117,39.47925599000001],[2.7254816000000233,39.47926487000001],[2.725481279999997,39.47934595999999],[2.725492700000018,39.47940004999998],[2.725678270000003,39.479517620000024],[2.7258987999999817,39.47961726],[2.725956829999973,39.47964443000001],[2.726165690000016,39.47975305],[2.7263745899999776,39.47985265],[2.7264326200000255,39.47987982000001],[2.726629829999979,39.47999742000002],[2.726803710000013,39.480132990000016],[2.7268501099999867,39.48016013],[2.7268965100000173,39.48018726999999],[2.7269661700000256,39.48021446000001],[2.727210200000002,39.480251080000016],[2.727465890000019,39.48027870999999],[2.7275472499999864,39.480287910000015],[2.7276401600000213,39.480315159999975],[2.727721410000015,39.48035139000001],[2.7279537100000084,39.48041501],[2.728035069999976,39.480424210000024],[2.728279240000006,39.48042478000002],[2.728349040000012,39.48041592999999],[2.728407240000024,39.48039805000002],[2.728477010000006,39.480398209999976],[2.728535039999997,39.48042536999998],[2.728581410000004,39.480461520000006],[2.72873211000001,39.480579009999985],[2.7289526100000217,39.48068764999999],[2.729115149999984,39.48075110000002],[2.729242769999985,39.480823480000026],[2.729312429999993,39.48085068],[2.7295679100000143,39.480932370000005],[2.729660860000024,39.48095060000003],[2.7298582500000066,39.48102315],[2.729927939999982,39.48104132999998],[2.73014852,39.48113195000002],[2.730311019999988,39.481204409999975],[2.730380720000028,39.481222590000016],[2.730438709999987,39.48125877000001],[2.73058949,39.48135823000001],[2.7307517200000007,39.48150277000002],[2.7307981199999745,39.481529910000006],[2.7308677799999828,39.481557099999975],[2.730949140000007,39.4815663],[2.731030569999973,39.48155747999999],[2.7311118499999907,39.481584699999985],[2.7311931099999924,39.48162093000002],[2.731367490000025,39.48163033999998],[2.731425619999982,39.48163047999998],[2.731483830000002,39.48161259],[2.7315305500000022,39.48155864],[2.731554010000025,39.48150463000002],[2.7316006199999947,39.48147770000003],[2.7317049900000256,39.481550029999994],[2.731762989999993,39.48158619999998],[2.7318209200000183,39.4816404],[2.7318323399999827,39.481694489999995],[2.7320298700000194,39.48173099000002],[2.7320996400000013,39.48173114999997],[2.7321110899999894,39.48177622999998],[2.7321108099999947,39.481848309999975],[2.7320757599999865,39.48189328000001],[2.732087110000009,39.48196539000003],[2.732156599999996,39.48203762999998],[2.7323421599999733,39.48216421000001],[2.7324581199999898,39.482245569999975],[2.732516120000014,39.48228174000002],[2.7327015800000254,39.48243535],[2.732875540000009,39.482552880000014],[2.7329683199999977,39.48261616999997],[2.733037949999982,39.48265236999998],[2.733107650000022,39.48267055000002],[2.733340240000018,39.48266208000001],[2.733410040000024,39.48265322999998],[2.733654460000025,39.48259071000001],[2.7337127000000123,39.48256380999999],[2.733817409999972,39.48254602999998],[2.7338755200000264,39.48255518000002],[2.7339097799999763,39.48271743999999],[2.7339095400000133,39.482780520000006],[2.7338860799999907,39.48283451999998],[2.733839400000022,39.48287947],[2.7337810899999795,39.482924389999994],[2.7337228100000175,39.4829603],[2.7336989400000107,39.48312242999998],[2.733698220000008,39.48331165000002],[2.733697979999988,39.48337471999997],[2.7337787199999752,39.48354610000001],[2.733813429999998,39.48359124000001],[2.7338594600000192,39.483717490000004],[2.733893939999973,39.48382569],[2.7339053599999943,39.483879779999995],[2.733951730000001,39.48391593000002],[2.734009800000024,39.48393407999998],[2.7341028299999834,39.48393428999998],[2.734160999999972,39.48392541999999],[2.734219209999992,39.48390753000001],[2.734288970000023,39.483907690000024],[2.7344628800000237,39.484043240000005],[2.7346250900000086,39.48419679],[2.734683060000009,39.48424197000003],[2.734741059999976,39.48427815000002],[2.734799129999999,39.48429629999998],[2.734926690000009,39.484386700000016],[2.734973029999992,39.48443185999997],[2.7350194399999737,39.48445899000001],[2.7350775200000044,39.484477149999975],[2.7352747499999737,39.484594730000026],[2.7353211600000122,39.48462187000001],[2.735530390000008,39.484640360000014],[2.735635039999977,39.48464059999998],[2.7357163400000104,39.48466782000003],[2.735739420000016,39.48471291999999],[2.7357275900000104,39.48476696],[2.735657720000006,39.48479383],[2.735576260000016,39.48481167],[2.7355296800000133,39.484829579999996],[2.7354830300000117,39.48486552000003],[2.7354828599999905,39.48491057000001],[2.735564150000016,39.484937790000004],[2.7354361399999902,39.48496453000001],[2.735203580000018,39.48496399999999],[2.7351105500000017,39.48496377999999],[2.735029090000012,39.484981619999985],[2.7349824099999864,39.48502657],[2.7349821700000234,39.48508964000001],[2.734981419999997,39.48528786999998],[2.7349922899999797,39.48548612000002],[2.7349920500000167,39.48554918999997],[2.734910309999975,39.48563911000002],[2.7348636300000067,39.48568405999998],[2.734840200000008,39.48572905999998],[2.7349210200000016,39.485882419999996],[2.735059939999985,39.48604491999998],[2.735175609999999,39.48620736999999],[2.7352102899999977,39.48626151000002],[2.7353261599999996,39.4863699],[2.7355000800000084,39.48650545999999],[2.7355580799999757,39.48654162999998],[2.7356737499999895,39.48670407999998],[2.735720019999974,39.48676726000002],[2.7358822799999984,39.48691179000002],[2.7359402499999987,39.48695698],[2.7359983200000215,39.48697513000002],[2.7361727100000053,39.48698453999998],[2.7364169400000264,39.48697607999998],[2.736475079999991,39.48697621000002],[2.736544789999982,39.48699439000001],[2.7366027900000063,39.487030559999994],[2.7366491399999973,39.48707572000001],[2.73668385000002,39.48712085],[2.7367069000000015,39.48717497000001],[2.736718289999999,39.48723806999999],[2.736694870000008,39.48728306999999],[2.736659809999992,39.48732804000002],[2.736601539999981,39.487363949999974],[2.736380189999977,39.487471570000025],[2.736333609999974,39.48748948999997],[2.7362286800000106,39.487561330000005],[2.736158670000009,39.48762425000001],[2.736111919999985,39.48768720999999],[2.736088080000002,39.48784033999999],[2.7360989900000163,39.48802957999999],[2.736098790000028,39.48808364000001],[2.7361795099999995,39.48826402999998],[2.736202600000013,39.48830914000001],[2.7362955899999974,39.488318359999994],[2.7363770300000283,39.48830952999998],[2.7364233700000113,39.488354689999994],[2.7363882800000283,39.48840867000001],[2.736329899999987,39.488471619999984],[2.73629477999998,39.48853460999999],[2.7362940599999774,39.488723830000026],[2.7362821599999734,39.48879588],[2.7362587299999745,39.48884088],[2.7360954499999934,39.48896666000002],[2.7360371400000076,39.48901158000001],[2.7359904200000074,39.489065530000005],[2.735966889999986,39.48913756000002],[2.7359782799999834,39.489200659999995],[2.7359432299999753,39.48924563000003],[2.7359195299999897,39.489362719999974],[2.7359193600000253,39.489407770000014],[2.7360120100000245,39.48950709000002],[2.736069989999976,39.48955228],[2.736128029999975,39.48957944],[2.7361977699999898,39.48958861],[2.736325509999972,39.489633949999984],[2.7364067799999816,39.48967018000002],[2.7364531599999964,39.48970631999998],[2.736626880000017,39.48989594],[2.7368006300000047,39.49007654000002],[2.7368585699999812,39.490130729999976],[2.736997410000015,39.490320269999984],[2.7370204900000203,39.490365370000006],[2.737043480000011,39.49043750999999],[2.737066500000026,39.490500629999985],[2.737054160000014,39.49068982],[2.7370539600000257,39.490743880000025],[2.7370770100000072,39.490797999999984],[2.737134920000017,39.49086119999998],[2.7371694000000275,39.49096940999999],[2.7371692300000063,39.491014459999974],[2.7371806900000024,39.49105952999997],[2.737227070000017,39.49109568],[2.737273449999975,39.49113182999997],[2.737273249999987,39.49118589],[2.737249819999988,39.49123089],[2.737249650000024,39.49127593999998],[2.7372725000000173,39.49138412000002],[2.7373415999999793,39.49156448000002],[2.7373646500000177,39.49161859999998],[2.737410969999985,39.49167275999997],[2.7375269500000172,39.491754119999996],[2.7375966299999845,39.49178131000002],[2.737526310000021,39.49192532000001],[2.737491250000005,39.49197028999998],[2.7374794199999997,39.49202432999999],[2.73747917999998,39.4920874],[2.7375252900000078,39.492195630000026],[2.7375600099999815,39.492240760000016],[2.7375597800000264,39.492303830000026],[2.737489929999981,39.49232168999998],[2.737420159999999,39.49232153999998],[2.7373618699999724,39.492357449999986],[2.737315190000004,39.492402389999995],[2.7372916900000064,39.49246541000002],[2.737245009999981,39.49251035999998],[2.7371983200000045,39.49255531],[2.737209749999977,39.492609389999984],[2.737267760000009,39.49264556999998],[2.7373141400000236,39.49268171],[2.7374419299999886,39.49271804],[2.73750007000001,39.49271816999999],[2.7377440500000034,39.49278179999999],[2.7378021299999773,39.492799950000006],[2.7379181900000162,39.492863279999995],[2.7379761600000165,39.492908469999975],[2.738126969999996,39.493007920000025],[2.738185020000003,39.49303508000003],[2.738312399999984,39.49317954000003],[2.7383470899999907,39.49323368],[2.7383934000000067,39.493287839999994],[2.73859066,39.49340541999999],[2.7387879899999916,39.49350498000001],[2.738869299999976,39.493532200000004],[2.7389274500000056,39.493532329999994],[2.738997289999986,39.49351445999997],[2.7390905299999986,39.49346061],[2.739160439999978,39.49342472000001],[2.7392419099999756,39.49340689000002],[2.7393117199999892,39.49339802999998],[2.739358110000012,39.49343418000001],[2.7393695299999763,39.49348827],[2.7393460399999867,39.49355129000003],[2.7393109500000037,39.49360526999999],[2.7393107500000156,39.493659330000014],[2.739322179999988,39.493713420000006],[2.7394961100000046,39.49384896999999],[2.739704979999999,39.49397557999998],[2.739890609999975,39.49409313000001],[2.740099569999984,39.49419270999999],[2.7403317999999786,39.49429235000002],[2.740564020000022,39.49439197999999],[2.740691809999987,39.49442830999999],[2.7409123699999896,39.49453691999997],[2.7411213699999735,39.49462749000003],[2.741318709999973,39.494727049999995],[2.741527739999981,39.49480861000001],[2.7417135900000176,39.49487209],[2.7418065200000115,39.49489933000001],[2.7420271500000126,39.49498992000002],[2.7422361199999727,39.495089500000006],[2.7424334300000055,39.49519806000001],[2.7425263000000086,39.495243319999986],[2.7427585300000032,39.49534295000001],[2.742839810000021,39.49537916999998],[2.742909489999988,39.495406360000004],[2.742955839999979,39.49545151000001],[2.7429905600000097,39.49549664],[2.7431645500000172,39.49562316999999],[2.7432225900000162,39.49565032999999],[2.7434432599999923,39.49573191000002],[2.743536170000027,39.49576816000001],[2.7436173099999905,39.49584041999998],[2.7436636699999895,39.495885569999984],[2.7437449099999753,39.4959308],[2.7438029599999822,39.49595796],[2.7439653199999725,39.49608447000003],[2.744139340000004,39.496201989999975],[2.7442205799999897,39.49624721999999],[2.7443018600000073,39.49628344000001],[2.744429690000004,39.49631075000002],[2.744487740000011,39.49633791000002],[2.744545790000018,39.496365070000024],[2.7447197800000254,39.496491590000005],[2.744789389999994,39.4965368],[2.744882270000005,39.49658205999998],[2.7451147699999865,39.4966096],[2.745172920000016,39.49660971999998],[2.745254299999999,39.496618909999995],[2.7453005899999994,39.49668208999998],[2.7453236800000127,39.49672719],[2.745311889999982,39.496772220000025],[2.745300059999977,39.49682625000003],[2.745369349999976,39.49696155999999],[2.7454850199999896,39.49713301000003],[2.7455313500000216,39.497187180000026],[2.7455777399999874,39.49722331999999],[2.7456707800000117,39.49722351999998],[2.7457405900000253,39.49721466],[2.745705540000017,39.49725963999998],[2.7456820799999946,39.497313650000024],[2.7456818800000065,39.49736770999999],[2.7457164799999987,39.49744887999998],[2.7457628000000227,39.49750304999998],[2.745820750000007,39.49755723999999],[2.7458903699999837,39.49760243999998],[2.7460994200000073,39.497683989999985],[2.7463317899999993,39.49774757],[2.7464015099999983,39.49776573999998],[2.746459589999972,39.497783889999994],[2.746656850000022,39.49791047000002],[2.7467148700000052,39.49794663],[2.7469472099999734,39.49801922],[2.7471678900000143,39.498100799999975],[2.7474002399999904,39.498173380000026],[2.7474582899999973,39.49820054000003],[2.7475163099999804,39.498236710000015],[2.747551009999995,39.49829084999999],[2.747597429999985,39.498317980000024],[2.7476904100000183,39.49833619999998],[2.7477130500000158,39.49850744999998],[2.7477007300000196,39.49869663999999],[2.747700150000014,39.49885883000002],[2.7476645699999835,39.49904796999999],[2.747652710000011,39.49911101999999],[2.7476176000000123,39.49917400999999],[2.74752436,39.49922787000003],[2.747314679999988,39.49931751999998],[2.747093380000024,39.499407150000025],[2.747035129999972,39.49943404999999],[2.746802090000017,39.49955068000003],[2.7467205500000205,39.499586539999996],[2.7466739600000096,39.49960446],[2.7464409300000057,39.49972108999998],[2.746219489999987,39.49984675000002],[2.7459631899999977,39.499963330000014],[2.745753519999994,39.50005298000002],[2.7455322100000217,39.500142600000004],[2.7454157000000237,39.50019641],[2.745357420000005,39.50023232000001],[2.745333959999982,39.500286329999994],[2.7453682899999876,39.50043957999998],[2.7454490800000144,39.50061096000002],[2.745541409999987,39.50080938999997],[2.745552939999982,39.50083645000001],[2.745610759999977,39.50092668000002],[2.745703189999972,39.50109808000002],[2.7457955099999936,39.501296509999975],[2.7458994300000086,39.501503979999995],[2.746026620000009,39.5017115],[2.746142340000006,39.501873939999996],[2.746292849999975,39.502063480000004],[2.746454959999994,39.50226206999997],[2.7466405000000123,39.50241564999999],[2.7468143799999893,39.502578219999975],[2.746860799999979,39.50260535000001],[2.7469189199999846,39.502614489999985],[2.7471402400000215,39.502524859999994],[2.747186890000023,39.50248892000002],[2.747210320000022,39.50244392000002],[2.747210580000001,39.50237184000002],[2.7471295199999872,39.50227254999999],[2.74694310000001,39.502362249999976],[2.7461900999999784,39.501531639999996],[2.7458320800000138,39.50083705999998],[2.7458321099999807,39.500828049999996],[2.74572809,39.50064760999999],[2.7456357300000036,39.50045819000002],[2.7456126399999903,39.500413089999995],[2.7456593200000157,39.50036813999998],[2.745857399999977,39.50026945000002],[2.7459506100000226,39.500224609999975],[2.7461603200000013,39.50012594999998],[2.74637002999998,39.50002728999999],[2.746533090000014,39.499964569999975],[2.746731230000023,39.499847869999996],[2.7469409700000256,39.49974020000002],[2.7471623499999964,39.49963256000001],[2.747372050000024,39.49953390000002],[2.747605089999979,39.49941726999998],[2.747826449999991,39.49930962000002],[2.7478847400000177,39.49927371000001],[2.7479545799999983,39.49925583999999],[2.748070530000007,39.499355209999976],[2.748197849999997,39.499526679999974],[2.7483484599999883,39.499689190000026],[2.748499040000013,39.499860720000015],[2.748638019999987,39.500023209999995],[2.748753869999973,39.500149599999986],[2.7487769400000275,39.50020372],[2.7487767399999825,39.50025778000003],[2.748578669999972,39.50035645999998],[2.748368990000017,39.50044611999999],[2.7481476199999975,39.50055376],[2.747949539999979,39.50065245000002],[2.7477398300000004,39.50075111000001],[2.7476932100000226,39.50077804],[2.747634860000005,39.50083196999998],[2.74754132999999,39.500966930000004],[2.7474831100000188,39.500984819999985],[2.7473309299999755,39.50125480000003],[2.7469127200000116,39.50111873999998],[2.7468189800000005,39.501307750000024],[2.7475506499999938,39.50160669000002],[2.747666919999972,39.50161594999997],[2.748017500000003,39.50115718000001],[2.748099410000009,39.50102220000002],[2.748542059999977,39.50083394000001],[2.7485886800000117,39.50080701000002],[2.7486352999999895,39.50078008000003],[2.748705140000027,39.500762210000005],[2.7489497799999754,39.500654610000026],[2.749159449999979,39.50056496000002],[2.7492176999999742,39.50053804999999],[2.749264089999997,39.50057420000002],[2.7493104900000276,39.50061033999998],[2.7493685100000107,39.500646500000016],[2.749379949999991,39.50070059000001],[2.74937946,39.50083575000002],[2.7493788799999948,39.50099792999998],[2.7496230300000093,39.50102549000002],[2.749658599999975,39.500836349999986],[2.749658629999999,39.50082734],[2.749658819999979,39.500773279999976],[2.7496706100000097,39.50072825000001],[2.749728800000014,39.500719360000005],[2.7497985800000038,39.50071951000001],[2.7498105999999893,39.500611409999976],[2.7498112499999934,39.50043120999999],[2.7498114399999736,39.50037714000001],[2.7498348600000213,39.50033214000001],[2.7499048099999754,39.50028723999998],[2.7499513899999783,39.50026931999997],[2.7500444699999775,39.500260509999976],[2.750079260000007,39.500287619999995],[2.7501371600000084,39.50035982000003],[2.7501486300000124,39.50040489999998],[2.7501950199999783,39.50044104],[2.750218440000026,39.50039604],[2.750381749999974,39.50026122999998],[2.7505218399999762,39.50011737],[2.7506619499999942,39.499964490000025],[2.7507086599999866,39.49991053000002],[2.750732149999976,39.499847509999995],[2.750825710000015,39.499703539999985],[2.75096585,39.499541650000026],[2.750989269999991,39.499496650000026],[2.7510359600000243,39.49945170000001],[2.7510941400000206,39.499442810000005],[2.7511639200000104,39.49944296000001],[2.7511753900000144,39.49948804000002],[2.751163570000017,39.499542080000026],[2.7510816399999953,39.499686069999996],[2.7509531300000276,39.49984798000003],[2.7509064100000273,39.49990193999997],[2.7508011300000135,39.50007291999998],[2.7507777100000226,39.50011791999998],[2.7507426899999814,39.50015388000003],[2.7506374299999834,39.50031584999999],[2.7505204799999774,39.50049580000001],[2.750403570000003,39.50066674999999],[2.750368509999987,39.50071172999998],[2.7503100999999788,39.50078368999999],[2.750263449999977,39.500819630000024],[2.7502401300000088,39.50083760000001],[2.749867370000004,39.50099899000003],[2.7500294499999995,39.50120657000002],[2.7500058399999716,39.50130564],[2.749796059999994,39.50142232000002],[2.7497379100000217,39.50142219999998],[2.749446589999991,39.501574749999975],[2.7494117699999947,39.50155665],[2.749120450000021,39.50170919999999],[2.7490737900000113,39.501745140000025],[2.7487941399999727,39.50188871],[2.748423539999976,39.50144639000001],[2.748365289999981,39.50147329999999],[2.748295540000015,39.501464139999996],[2.748237319999987,39.50148202999998],[2.748178870000004,39.501562999999976],[2.748155450000013,39.501607999999976],[2.7481436200000076,39.501662039999985],[2.748190050000005,39.50168917000002],[2.7484459300000026,39.50168972],[2.7484922900000015,39.501734880000015],[2.7485496599999806,39.50195124999999],[2.748537639999995,39.502059350000025],[2.7484205499999916,39.50227534999999],[2.7483152600000267,39.50244631999999],[2.748163410000018,39.50262620000001],[2.7480816600000253,39.50271612],[2.7478718200000003,39.50285083],[2.7478135599999973,39.50287773000002],[2.7477669099999957,39.50291367],[2.7477550799999904,39.50296771000001],[2.747789809999972,39.50301284],[2.747847869999987,39.50303998999999],[2.7481039799999962,39.50297748000003],[2.7481972900000073,39.50290559000001],[2.7483259499999804,39.50270763999998],[2.7484428399999956,39.50254570999999],[2.7485598299999765,39.50235673999998],[2.7486884900000064,39.50215879000001],[2.7487235400000145,39.502113810000026],[2.7487817900000096,39.50208691],[2.7488632399999915,39.50207806999998],[2.7489910499999723,39.502114389999974],[2.749049140000011,39.50213253999999],[2.749246640000024,39.50219604],[2.749269869999978,39.502205100000026],[2.7492930999999885,39.502214159999994],[2.7493278900000178,39.502241260000005],[2.7493743499999823,39.502259390000006],[2.7496066100000007,39.50235900000001],[2.7498039800000242,39.50245854000002],[2.750012760000004,39.502621180000006],[2.750210059999972,39.502738739999984],[2.7503724100000113,39.50287423999998],[2.7505462299999976,39.503054829999996],[2.7506619299999784,39.50322627000003],[2.7507658999999762,39.50342472],[2.750904769999977,39.503623249999976],[2.7509511599999996,39.503659389999996],[2.7509973300000183,39.50375860999998],[2.7510036699999887,39.503778479999994],[2.7513926899999888,39.503786479999974],[2.7553004900000246,39.50386686000002],[2.75866031999999,39.50432440999998],[2.759869100000003,39.50457920000002],[2.762994880000008,39.50547764999999],[2.765074410000011,39.506220729999995],[2.77555233999999,39.51050337999999],[2.777337820000014,39.51235394999998],[2.778264820000004,39.51349104000002],[2.779551959999992,39.514790989999995],[2.7808733900000107,39.51629823000002],[2.781753970000011,39.517435209999974],[2.782738180000024,39.518923770000015],[2.783606099999986,39.520412109999995],[2.785956839999983,39.523984600000006],[2.7944777600000066,39.53039738000001],[2.7959456699999805,39.52977824999999],[2.7990459999999757,39.53199121],[2.8017156600000135,39.53432049000003],[2.799757399999976,39.535488480000026],[2.804999539999983,39.53761485000001],[2.804218359999993,39.538154159999976],[2.8095475900000224,39.542605159999994],[2.811516310000002,39.541887540000005],[2.8136888299999896,39.54327864999999],[2.817325540000013,39.54554603999998],[2.822961620000001,39.54887960000002],[2.8269483199999854,39.551057119999996],[2.828377849999981,39.55190621999998],[2.829968689999987,39.55344031999999],[2.838250710000011,39.56078659000002],[2.8364221799999996,39.56613619000001],[2.8358599200000185,39.567604089999975],[2.835412589999976,39.56969385999997],[2.836064410000006,39.569757849999974],[2.8396608799999967,39.57020438000001],[2.8414302799999973,39.57031494],[2.846483890000002,39.56996131],[2.8454136799999787,39.574807469999996],[2.846927370000003,39.57477342999999],[2.8470597300000122,39.578125460000024],[2.8472330700000157,39.57872938000003],[2.8452301099999886,39.57882583999998],[2.8446782899999903,39.58087046000003],[2.8438231299999757,39.58315793999998],[2.8428078100000107,39.58414770000002],[2.8406360999999833,39.58666763000002],[2.83938741999998,39.58781020999999],[2.838955380000016,39.588314190000006],[2.8391648099999998,39.58839556999999],[2.839234239999996,39.58858488999999],[2.8423520000000053,39.59001280000001],[2.8426534399999923,39.59060789],[2.843189250000023,39.59056356999997],[2.8444798799999944,39.59148435999998],[2.8449220399999717,39.591656150000006],[2.8461086500000192,39.59223438999999],[2.847772070000019,39.59313761999999],[2.847864570000013,39.5934441],[2.8481325700000184,39.59338137999998],[2.848399939999979,39.593606980000004],[2.851040580000017,39.595043050000015],[2.85421623000002,39.59688520999998],[2.8649882899999852,39.60354791999998],[2.8640665099999865,39.60435776999998],[2.8658362400000215,39.6047653],[2.8718328400000246,39.605970490000004],[2.8763038499999993,39.60708362999998],[2.876583499999981,39.60703887],[2.876967869999987,39.60705730000001],[2.879045710000014,39.60454558999999],[2.879197280000028,39.60446465000001],[2.8844814700000256,39.60692083999999],[2.8867627399999947,39.60805839],[2.886995230000025,39.60835595999998],[2.8873093199999857,39.60861756000003],[2.8882174199999895,39.60893379999999],[2.8920133600000213,39.60997357999997],[2.8925751400000195,39.608280149999985],[2.894671140000014,39.608804669999984],[2.9006679400000053,39.610476870000014],[2.902193469999986,39.61083857],[2.9035588799999914,39.60908268999998],[2.906685830000015,39.60535494999999],[2.9127989099999922,39.60718880000002],[2.915431070000011,39.60754214999997],[2.918109979999997,39.60780531],[2.9215805300000284,39.608501409999974],[2.9221862599999895,39.608519820000026],[2.928475100000014,39.610055450000004],[2.936161410000011,39.61240239],[2.9382229600000187,39.61288999999999],[2.939282779999985,39.61322390999999],[2.9395390600000155,39.61325106999999],[2.941868539999973,39.61381082999998],[2.943487629999993,39.61409090000001],[2.946706199999994,39.60992060000001],[2.953630540000006,39.60282337000001],[2.9544347199999947,39.60209384000001],[2.955028309999989,39.602796850000004],[2.9599667100000033,39.60321306999998],[2.95988490000002,39.60369960000003],[2.9633777700000223,39.60645785000003],[2.964426450000019,39.60579142],[2.9645428200000197,39.60599868999998],[2.9653818500000284,39.60526912],[2.965743130000021,39.604872779999994],[2.9653937900000074,39.60466544000002],[2.965696830000013,39.60427809999999],[2.9660462599999846,39.60427820000001],[2.966489220000028,39.603566520000015],[2.9664895799999726,39.602818679999984],[2.966676179999979,39.602323179999985],[2.9684471400000234,39.60111631000001],[2.969239440000024,39.60044977000001],[2.969833719999997,39.59981019999998],[2.9695776099999875,39.599539830000026],[2.9703929899999935,39.59932379999998],[2.971033669999997,39.59908969000003],[2.9714413899999954,39.59889156999998],[2.9728743399999757,39.59790078999998],[2.976415529999997,39.59617161],[2.9777663599999755,39.59668546],[2.9784884100000113,39.59680272000003],[2.979676340000026,39.596847990000015],[2.9803867100000048,39.59710940000002],[2.9806425699999863,39.59845195999998],[2.9809101499999997,39.59953322000001],[2.9811547499999733,39.59947920000002],[2.981212830000004,39.600091899999995],[2.9815506099999993,39.600028880000025],[2.982435559999999,39.600939040000014],[2.9830640800000197,39.60278620999998],[2.984088779999979,39.6040658],[2.986662939999974,39.6040481],[2.9881771899999876,39.60378695999998],[2.98864291000001,39.60500338000003],[2.9901455400000145,39.604643109999984],[2.991461730000026,39.60483241999998],[2.9922421499999814,39.60473336000001],[2.9945134600000074,39.60507587000001],[2.9947930000000156,39.60535520000002],[2.9953870300000176,39.60563453999998],[2.9967381899999737,39.60593191999999],[2.9991260499999726,39.60637344999998],[2.9998831899999914,39.60738257999998],[3.0068720900000017,39.60581459000002],[3.0075127499999894,39.605967720000024],[3.0084680599999842,39.607138959999986],[3.010262169999976,39.60885073999998],[3.0105767499999843,39.60922913000002],[3.0115787999999952,39.61074273999998],[3.014071539999975,39.610048670000026],[3.0139783000000193,39.60980540999998],[3.0168088199999943,39.60922836999998],[3.020512730000007,39.607912279999994],[3.022259759999997,39.6071551],[3.023203109999997,39.60664133],[3.023913479999976,39.60613661999997],[3.0239951899999937,39.606632160000004],[3.0239839800000254,39.607893579999995],[3.023949189999996,39.60831707],[3.0240193100000283,39.608983799999976],[3.0234486300000185,39.609290269999974],[3.022085919999995,39.609903229999986],[3.020560199999977,39.61082255000002],[3.019453769999984,39.61160662999998],[3.019197570000017,39.61190400999999],[3.018871439999998,39.612075249999975],[3.017706569999973,39.612264649999986],[3.0174153599999727,39.612345790000006],[3.016902889999983,39.61275131999997],[3.016413699999987,39.61305773999999],[3.015551739999978,39.61349935999999],[3.012511350000011,39.614112420000026],[3.012010449999991,39.614292680000005],[3.010694189999981,39.61517580999998],[3.0085624499999994,39.61644641999999],[3.0075256900000227,39.61713126000001],[3.0063957099999925,39.61796026000002],[3.004403640000021,39.619573170000024],[3.0032968799999935,39.62019491000001],[3.0027959399999986,39.62100583],[3.001724109999998,39.62191587000001],[2.999242470000013,39.623069180000016],[2.998892940000019,39.623123239999984],[2.998205519999999,39.623474629999976],[2.9978792800000065,39.62391611999999],[2.997506429999987,39.624168399999974],[2.9969937700000173,39.62433958999998],[2.9961315599999807,39.624790080000025],[2.9954674300000192,39.62496125000001],[2.9943605299999945,39.62516844999999],[2.993043919999991,39.625285510000026],[2.9922516099999825,39.625411610000015],[2.9916107600000146,39.62560980000001],[2.9911796299999764,39.625844029999996],[2.9831382300000087,39.633447890000014],[2.981401530000028,39.635024439999995],[2.9820769099999893,39.636907699999995],[2.9825775799999974,39.63858369000002],[2.982542560000013,39.638799930000005],[2.981679779999979,39.640295519999995],[2.981481599999995,39.64054778000002],[2.980793819999974,39.641223449999984],[2.9803858700000205,39.641412600000024],[2.9798613500000215,39.64169184000002],[2.9781946699999935,39.64210602999998],[2.9765396700000224,39.64239405000001],[2.9754442000000267,39.64230373999999],[2.973194649999982,39.64297904],[2.9726118099999894,39.643276249999985],[2.9719707099999937,39.64352838999997],[2.9703506500000003,39.64372623999998],[2.969102790000022,39.64553701],[2.9672131699999795,39.64870816000001],[2.967131649999999,39.64856397],[2.9668168200000196,39.64884319999999],[2.965254440000024,39.64991500000002],[2.964846389999991,39.65011311000001],[2.964974410000025,39.65050058999998],[2.9661866499999974,39.65040182000001],[2.967933940000023,39.652645870000015],[2.967957130000002,39.65290716999999],[2.967828709999992,39.65333063000003],[2.967968190000022,39.65416862000001],[2.9683526900000174,39.65450211000001],[2.96898195,39.65490772999999],[2.9692382200000225,39.65530424999997],[2.9694361800000024,39.65574579999998],[2.9702753299999927,39.65602532999998],[2.9710443899999746,39.65668326000002],[2.971592009999995,39.657269059999976],[2.971813269999984,39.65780072000001],[2.9719180000000165,39.658233240000015],[2.971964239999977,39.65917932999997],[2.972255480000001,39.65963892000002],[2.972605050000027,39.66001742999998],[2.9726865200000248,39.66033281],[2.9727910199999883,39.661369019999995],[2.972977350000008,39.661864630000025],[2.9737230499999896,39.66287394],[2.97430571000001,39.66348676000001],[2.9749115600000096,39.66445098000003],[2.9754592799999955,39.66503675000001],[2.9754941599999825,39.66528905000001],[2.975435570000002,39.66616303000001],[2.975855039999999,39.66683886999999],[2.976554510000028,39.666947119999975],[2.976810969999974,39.66703726999998],[2.9771605899999827,39.66746081000002],[2.9772887899999887,39.66759597999999],[2.9778598600000237,39.66826283],[2.977848069999993,39.66868631],[2.9776381300000025,39.66892954999997],[2.9765421399999923,39.66910955999998],[2.9762622999999735,39.66919961000002],[2.9761806099999717,39.669424849999984],[2.976145009999982,39.67128093000002],[2.9756900599999767,39.671956609999995],[2.975375139999983,39.67231694999998],[2.9752584199999887,39.67267734000001],[2.975304950000009,39.67297467999998],[2.975433109999983,39.67324501000002],[2.976004199999977,39.67392989000001],[2.975969120000002,39.67423623000002],[2.975805809999997,39.674425410000026],[2.975036110000019,39.674866759999986],[2.974348099999986,39.67508286999998],[2.974021569999991,39.67523597000002],[2.9737416300000064,39.675515229999974],[2.9735549399999854,39.67586657999999],[2.973321750000025,39.675821480000025],[2.972936950000019,39.67588447000003],[2.9728774100000237,39.67910108000001],[2.973320460000025,39.67925435000001],[2.974264650000009,39.68011051000002],[2.9787060099999962,39.684733540000025],[2.9803845999999794,39.68715752999998],[2.9810491599999978,39.68778834],[2.9822149500000137,39.68943737000001],[2.98665871999998,39.68714031000002],[2.99043733000002,39.68599633000002],[2.990798859999984,39.68585218999999],[2.992758170000002,39.68441066999998],[2.9958368499999892,39.68341966000003],[2.999300259999984,39.681293270000026],[3.0024486300000035,39.67984259000002],[3.006762820000006,39.67740964000001],[3.0107503099999917,39.67554419999999],[3.013023780000026,39.67442669000002],[3.0169641599999864,39.67202943000001],[3.0204146599999717,39.66984838000002],[3.02504239000001,39.66747774999999],[3.026464429999976,39.666720569999995],[3.0290517899999827,39.66480976999998],[3.032349829999987,39.66224998000001],[3.036557000000016,39.65988804],[3.039952019999987,39.66463526000001],[3.0421804700000052,39.667481699999996],[3.04303225000001,39.66859865999999],[3.0455178099999785,39.67195852999998],[3.0513999300000023,39.679686860000004],[3.0549832699999797,39.68405518999998],[3.059102829999972,39.68763022000002],[3.0586838400000147,39.688612550000016],[3.057460800000001,39.69037916000002],[3.061824360000003,39.69236818000002],[3.063108800000009,39.69402537000002],[3.0668911399999956,39.697609320000026],[3.0689231299999733,39.70009494999999],[3.070232420000025,39.702932369999985],[3.069169890000012,39.701887829999976],[3.0666638999999805,39.703808460000005],[3.066512180000018,39.70371843999999],[3.065544769999974,39.704520890000026],[3.0649613900000077,39.70437706000001],[3.0646116400000096,39.70458449],[3.0648917500000152,39.70474651000001],[3.063912249999987,39.70511647000001],[3.063340960000005,39.70544115000001],[3.062664820000009,39.70591003999999],[3.060087909999993,39.707136779999985],[3.0589800700000183,39.70756082999998],[3.0586417900000242,39.707579020000026],[3.0583619000000226,39.70766927],[3.0580470900000023,39.70784963],[3.057813969999984,39.70807500000001],[3.057475850000003,39.708291410000015],[3.057078909999973,39.70791317999999],[3.0553763699999763,39.708670859999984],[3.0555515099999866,39.70886899999999],[3.0541286100000207,39.709248100000025],[3.054980730000011,39.70990545000001],[3.0429441200000156,39.71381194000003],[3.0409029400000236,39.71456052000002],[3.042292190000012,39.71604672000001],[3.043984969999997,39.71774902999999],[3.044255249999992,39.720722309999985],[3.0438003599999774,39.720947739999986],[3.043170620000012,39.72143452],[3.0424592900000107,39.72207451000003],[3.040663219999999,39.72337262000002],[3.0382953700000144,39.724706949999984],[3.0363588399999912,39.72545543000001],[3.032194230000016,39.72752000999998],[3.032766379999998,39.72832175999997],[3.030409710000015,39.729295509999986],[3.029441420000012,39.72983636999999],[3.0293363100000192,39.729620160000024],[3.0293128600000045,39.729376890000026],[3.029709330000003,39.72874607],[3.0296392199999786,39.728511819999994],[3.0290906000000177,39.728106500000024],[3.0285420499999987,39.72780929999999],[3.0274800799999753,39.72753024000002],[3.026779910000016,39.72741328000001],[3.025904760000003,39.72743150000002],[3.025753169999973,39.72770184000001],[3.0239687000000117,39.73006290000001],[3.022452199999975,39.73149582999997],[3.0218467799999758,39.73574876999999],[3.021858650000013,39.736388490000024],[3.020389000000023,39.73897469000002],[3.0195840800000155,39.74019120000003],[3.024580119999996,39.74270409000002],[3.026716620000002,39.7443705],[3.027078280000012,39.74397397000001],[3.0284670199999937,39.74358619999998],[3.0317113300000074,39.742837510000015],[3.0360759100000223,39.74194421999999],[3.038316150000014,39.740853259999994],[3.040278150000006,39.743006030000004],[3.040663639999991,39.74357354],[3.040804250000008,39.74449253],[3.0407812000000263,39.74497007999997],[3.040909890000023,39.74546559999999],[3.041061769999999,39.74571782999999],[3.041318639999986,39.74586190000002],[3.04281297,39.74639295999998],[3.0445876399999747,39.74720322000002],[3.044891249999978,39.747401319999994],[3.0454869499999973,39.748031809999986],[3.0460824699999876,39.74839198000001],[3.0470993600000043,39.750418869999976],[3.047204690000001,39.750815269999975],[3.0474157200000036,39.75214869000001],[3.0474399999999946,39.75350922000001],[3.047288739999999,39.75421208],[3.047475630000008,39.75438320000001],[3.0482696999999916,39.75478833],[3.0491341399999783,39.75564393000002],[3.0505942400000094,39.75688671],[3.051505229999975,39.75747197999999],[3.052381099999991,39.757904069999995],[3.0530116400000225,39.758102010000016],[3.05537025000001,39.75868657000001],[3.0561876599999778,39.75896548999998],[3.0565030600000114,39.75920861999998],[3.057157889999985,39.76050576],[3.057695620000004,39.76136145999999],[3.058326739999984,39.76218107],[3.059518589999982,39.763378820000014],[3.059717359999979,39.7637211],[3.059834500000022,39.764171550000015],[3.060068469999976,39.764712040000006],[3.0604074799999808,39.76519841999999],[3.0606762400000207,39.765468580000004],[3.061097220000022,39.766225210000016],[3.06137769999998,39.76653141000003],[3.0623591099999885,39.76727872999999],[3.0633759500000224,39.768449499999974],[3.063364530000001,39.76871980999999],[3.0630849099999864,39.769377710000015],[3.0632141400000137,39.770242610000025],[3.0629823200000033,39.772098830000004],[3.063052819999996,39.77257632999999],[3.063848979999989,39.774909519999994],[3.0641064199999732,39.775504049999995],[3.064130260000013,39.77602662999999],[3.0645280100000036,39.77680127999997],[3.064528359999997,39.77717969999998],[3.064762309999992,39.777612060000024],[3.066001060000019,39.77861149],[3.066211629999998,39.779007809999996],[3.0663993000000005,39.77986367],[3.0667150599999786,39.78035003999997],[3.067358019999972,39.781052450000004],[3.068234459999985,39.78165561999998],[3.0696605499999805,39.783033320000015],[3.071799530000021,39.78483404000002],[3.0739845699999933,39.7859229],[3.0747910000000047,39.78648100999999],[3.075469010000006,39.787066219999986],[3.076812910000001,39.787822189999986],[3.0787998999999786,39.789190399999995],[3.080401139999992,39.79021645],[3.081943899999999,39.79112537999998],[3.083813799999973,39.79209713],[3.0853329899999835,39.79277177],[3.0877870099999996,39.793770059999986],[3.090731489999996,39.79464175999999],[3.0922736499999814,39.79493788000002],[3.0924496599999998,39.79553240000001],[3.090431379999984,39.79734500000001],[3.086674809999977,39.80094286999997],[3.084306360000028,39.80323314999998],[3.084540870000012,39.80394476999999],[3.0858970400000203,39.804826760000026],[3.0901179200000115,39.807688729999995],[3.0906439699999737,39.80794960999998],[3.0934372199999984,39.808821369999976],[3.09548245000002,39.80939633999998],[3.099994200000026,39.810969279999995],[3.1012806100000034,39.811851149999995],[3.1017715599999747,39.812030919999984],[3.1028934400000026,39.81223714999999],[3.1039102799999796,39.81251556000001],[3.104658410000013,39.81278517999999],[3.1049858499999914,39.81299211999999],[3.1053135299999894,39.81335222000001],[3.1055244699999776,39.81376648999998],[3.105922239999984,39.81411751000002],[3.1064016299999935,39.81436034000001],[3.1069275099999913,39.814440950000005],[3.1081424100000277,39.814331700000025],[3.1129335800000035,39.81493080000001],[3.1169538999999986,39.8156386],[3.11705907999999,39.815657120000026],[3.117059030000007,39.81562948999999],[3.117058859999986,39.815530379999984],[3.1170703899999808,39.81544027000001],[3.1170702200000164,39.81534116],[3.1170817400000033,39.81524203999999],[3.117093249999982,39.81514291000002],[3.117093080000018,39.81504381000002],[3.117116269999997,39.81493566],[3.1171277999999916,39.81484554999997],[3.1171393399999943,39.814764449999984],[3.117150859999981,39.814665330000025],[3.117162370000017,39.81456621000001],[3.1171738799999957,39.814467079999986],[3.1171970799999826,39.81436795000002]]],[[[3.406227489999992,39.77016856],[3.4064955499999883,39.770086530000015],[3.4068459200000234,39.770103319999976],[3.4068807900000024,39.77007616999998],[3.406915330000004,39.76999496000002],[3.4069149599999946,39.76993189000001],[3.406809609999982,39.76988720999998],[3.4066810799999985,39.769869640000024],[3.406576099999995,39.769888030000004],[3.4064942100000053,39.769861289999994],[3.406493889999979,39.769807230000026],[3.4064467700000023,39.76973530999999],[3.4062592099999733,39.76960982999998],[3.406154029999982,39.76959218000002],[3.4058507299999974,39.76963828999999],[3.405734349999989,39.76970176999998],[3.405711370000006,39.76976492],[3.4057235799999717,39.76985497999999],[3.405841500000008,39.770052780000015],[3.40602911000002,39.770187280000016],[3.4061108399999966,39.77018699000001],[3.406227489999992,39.77016856]]],[[[3.187939610000001,39.75429457000001],[3.187822849999975,39.75428575000001],[3.1876944699999967,39.75429496999999],[3.1876596999999833,39.75438513],[3.187624949999986,39.75448428999999],[3.1876252199999726,39.7545834],[3.187660479999977,39.754673449999984],[3.187742319999984,39.75471836999998],[3.1878359199999977,39.75479931000001],[3.1879061600000114,39.754871270000024],[3.187999789999992,39.754961219999984],[3.1880933200000072,39.755015130000004],[3.188175059999992,39.75502401],[3.1882216500000027,39.754987889999995],[3.1882565000000227,39.754924759999994],[3.1882912500000202,39.754825600000004],[3.188337649999994,39.754717400000004],[3.188337380000007,39.754618289999996],[3.188290419999987,39.75451924999999],[3.1882201799999734,39.75444728999997],[3.1881382999999914,39.75438435000001],[3.1880447400000094,39.754321430000005],[3.187939610000001,39.75429457000001]]],[[[2.9887663200000247,39.33367012000002],[2.9885110700000155,39.33361603999998],[2.9884878500000127,39.33366109000002],[2.9886386599999923,39.333859340000004],[2.988685069999974,39.33390438999999],[2.9889171099999885,39.334003540000026],[2.989207179999994,39.33401257000003],[2.9894392499999753,39.33400358],[2.989740929999982,39.33398559],[2.989822150000009,39.33397659000002],[2.9898569599999973,39.33394055000002],[2.989822160000017,39.333877470000004],[2.9897757599999863,39.33384142],[2.9895321000000195,39.33379635],[2.9892884399999957,39.33376027999998],[2.9890563899999734,39.33372422000002],[2.988986769999997,39.33370618999999],[2.9887663200000247,39.33367012000002]]],[[[3.260492890000023,39.40442752000001],[3.260376679999979,39.40440976000002],[3.2602838299999917,39.40442798999999],[3.2602375399999914,39.40447315],[3.260226160000002,39.40453624999998],[3.2602611400000114,39.404572210000026],[3.2603310599999986,39.404635129999974],[3.2604241799999727,39.40468899000001],[3.2604941299999837,39.40476090999999],[3.260505980000005,39.40482395999999],[3.260529550000001,39.40491401999998],[3.260587820000012,39.404967950000014],[3.260773830000005,39.405012580000005],[3.260948009999993,39.405003179999994],[3.2609941700000036,39.40492197999998],[3.2609707699999717,39.40487697999998],[3.260912459999986,39.40481404000002],[3.2608193799999867,39.404769190000025],[3.2607378100000233,39.40469729],[3.260737640000002,39.40465224000002],[3.2607373000000166,39.40456212999999],[3.2606906099999833,39.40449916],[3.2606091399999855,39.40445428999999],[3.260492890000023,39.40442752000001]]],[[[3.375876679999976,39.56497593],[3.3757015799999976,39.56488639000003],[3.3755853100000195,39.5649138],[3.3754806900000176,39.56494117],[3.375411079999992,39.564986439999984],[3.375364960000013,39.56506768000003],[3.3753768400000013,39.565112699999986],[3.375423500000011,39.56513057000001],[3.375539960000026,39.565139199999976],[3.375644980000004,39.56518390999997],[3.375761479999994,39.56520155999999],[3.3758545200000185,39.56518324000001],[3.375924119999979,39.565137960000015],[3.375947110000027,39.565083819999984],[3.375923440000008,39.565011819999995],[3.375876679999976,39.56497593]]],[[[3.4754973999999947,39.708745609999994],[3.4756110700000136,39.70831267],[3.475564410000004,39.70831285999998],[3.4755296600000065,39.70834903999997],[3.4754713899999956,39.70835828999998],[3.4753667800000017,39.70841278],[3.4753438199999778,39.708466929999986],[3.475309130000028,39.708512129999974],[3.475345559999994,39.70871921000003],[3.4754043199999956,39.70878204000002],[3.475450980000005,39.70878184999998],[3.4754973999999947,39.708745609999994]]],[[[2.91697443999999,39.35688878000002],[2.916974620000019,39.35673559000003],[2.916916599999979,39.35672654000001],[2.9167772999999784,39.356735449999974],[2.916765639999994,39.35678050000001],[2.916730780000023,39.356816519999995],[2.916661139999974,39.35681647000001],[2.9166031199999907,39.35680740999999],[2.9165334599999824,39.35681638],[2.9165566099999864,39.35687045999998],[2.916730560000019,39.35700573999998],[2.9168001900000036,39.3570148],[2.9168582300000025,39.35700582999999],[2.9169163000000253,39.35697884000001],[2.91697443999999,39.35688878000002]]],[[[3.4592492699999866,39.72140698999999],[3.4591208599999845,39.72139849000001],[3.459062759999995,39.72143476000002],[3.459039959999984,39.72151594000002],[3.4590753900000095,39.72157886999997],[3.459145879999994,39.721650669999974],[3.459239459999992,39.72168634000002],[3.4593444100000283,39.721676909999985],[3.459390840000026,39.721640690000015],[3.459413760000018,39.72157752999999],[3.4594014900000047,39.72148748000001],[3.4593661800000177,39.72144257000002],[3.4592492699999866,39.72140698999999]]],[[[3.4611814400000185,39.720696550000014],[3.4610995799999955,39.72066984999998],[3.460995720000028,39.72084145000002],[3.460961370000007,39.72094070000003],[3.460961979999979,39.721030789999986],[3.461125509999988,39.72105718],[3.461113599999976,39.72102117999998],[3.461066809999977,39.72100334999999],[3.46103149999999,39.720958440000004],[3.461182699999995,39.72088575999999],[3.4612405600000216,39.72081344999998],[3.461228530000028,39.720759439999995],[3.4611814400000185,39.720696550000014]]],[[[3.1886771800000133,39.755086259999985],[3.1885370800000032,39.75507748000001],[3.188420389999976,39.75509569000002],[3.188362149999989,39.755140830000016],[3.1883622500000115,39.755176870000014],[3.1884207100000026,39.75521282],[3.1885491699999875,39.75523063000003],[3.1886658999999895,39.75523043999999],[3.188794229999985,39.75520319999998],[3.1888174599999957,39.755158110000025],[3.1888173300000062,39.755113059999985],[3.1886771800000133,39.755086259999985]]],[[[3.4576494899999943,39.70363662],[3.4576139600000033,39.703555670000014],[3.4575790800000163,39.70357382999998],[3.4575443800000016,39.70361902000002],[3.457474750000017,39.703673349999974],[3.457522069999982,39.70377227],[3.457592229999989,39.70379903000003],[3.457638710000026,39.70377180999998],[3.4576494899999943,39.70363662]]],[[[3.4567659499999763,39.70409059999997],[3.4567308399999774,39.70407272],[3.456626099999994,39.70410916999998],[3.456544930000007,39.70418157],[3.4565684300000044,39.70420851],[3.4566385399999717,39.70422624999998],[3.456731789999992,39.70421686999998],[3.4567548800000054,39.70418074000003],[3.4567660700000147,39.70410862],[3.4567659499999763,39.70409059999997]]],[[[2.98793169999999,39.329002479999986],[2.9879433099999915,39.32894841000001],[2.987873700000023,39.328939390000016],[2.9878272799999763,39.32898444],[2.9877576700000077,39.328993449999984],[2.987688059999982,39.32898442999999],[2.9876416399999925,39.329011460000004],[2.9876996500000246,39.329038490000016],[2.9878388700000187,39.329083560000015],[2.987896879999994,39.329047530000025],[2.98793169999999,39.329002479999986]]]]}}]}