{"type":"FeatureCollection","name":"Rheingau region","crs":{"type":"name","properties":{"name":"urn:ogc:def:crs:OGC:1.3:CRS84"}},"features":[{"type":"Feature","properties":{"osm_id":"62496","code":1206,"fclass":"admin_level6","name":"Wiesbaden"},"geometry":{"type":"MultiPolygon","coordinates":[[[[8.332273,50.0265108],[8.3323955,50.026554],[8.3328474,50.0267135],[8.332963,50.0267545],[8.3331708,50.0268273],[8.3333329,50.0268852],[8.3334947,50.0269428],[8.3335041,50.0269462],[8.3338746,50.0270785],[8.3339032,50.0270887],[8.3339947,50.0271214],[8.334689,50.0273693],[8.3347109,50.0273771],[8.3348532,50.0274279],[8.3348944,50.0274426],[8.3349855,50.0274752],[8.3351203,50.0275234],[8.3352331,50.0275637],[8.3354881,50.0276549],[8.3356032,50.027696],[8.335797,50.0277653],[8.3359881,50.0278337],[8.3360946,50.0278718],[8.336216,50.0279152],[8.3363631,50.0279678],[8.3365149,50.0280221],[8.3367991,50.0281238],[8.337049,50.0282133],[8.3373996,50.0283387],[8.3374243,50.0283986],[8.3368576,50.0289891],[8.3365343,50.0293268],[8.3364964,50.0293658],[8.3364518,50.0294116],[8.3386728,50.0303365],[8.3400633,50.0309161],[8.340719,50.0311566],[8.3407992,50.0311053],[8.3408457,50.0311225],[8.340918,50.0311491],[8.3416456,50.0314176],[8.3418265,50.0314844],[8.3434738,50.0320923],[8.3436913,50.0321725],[8.3473343,50.0335558],[8.3475977,50.0336558],[8.3476969,50.0336935],[8.3480634,50.0337611],[8.3483028,50.0337937],[8.3484274,50.0339475],[8.3486118,50.0340932],[8.3488932,50.0342436],[8.3489056,50.0342486],[8.3493702,50.0344291],[8.3498605,50.0346195],[8.3500113,50.034678],[8.350103,50.0347136],[8.3502478,50.0347699],[8.3503056,50.0347923],[8.3504476,50.0348475],[8.3507769,50.0349753],[8.3508856,50.0350175],[8.3510792,50.0350927],[8.3512759,50.0351691],[8.351336,50.0351925],[8.351589,50.0352906],[8.351691,50.0353302],[8.351825,50.0353825],[8.3523826,50.034359],[8.3524198,50.0342909],[8.3528358,50.033527],[8.3529866,50.0332506],[8.3530102,50.0332069],[8.3531156,50.0331514],[8.3531829,50.0331684],[8.3560596,50.0338919],[8.3561472,50.033914],[8.3561836,50.0339231],[8.3562365,50.0339346],[8.3564918,50.0339902],[8.3570255,50.0341064],[8.357189,50.034142],[8.3580466,50.0343288],[8.3585374,50.0344357],[8.3585903,50.0344482],[8.3586799,50.0344667],[8.3591722,50.0345739],[8.359856,50.0347228],[8.3599138,50.0347354],[8.3611028,50.0349943],[8.3611552,50.0350058],[8.361246,50.0350516],[8.3615987,50.0352295],[8.3626426,50.0357518],[8.3627536,50.0358074],[8.3627986,50.0358299],[8.3638086,50.0363372],[8.3644816,50.0366737],[8.3645254,50.0366958],[8.3646246,50.0367389],[8.3656689,50.0371934],[8.3660604,50.0373638],[8.3669798,50.037763],[8.3678978,50.0381618],[8.3686115,50.0384717],[8.3688956,50.0385971],[8.3689906,50.0386004],[8.3690333,50.0386571],[8.3689364,50.0386908],[8.3681909,50.0389494],[8.3678107,50.0390813],[8.3667383,50.0394533],[8.3666994,50.0394669],[8.3666484,50.0394846],[8.3665471,50.0395197],[8.3664547,50.0395526],[8.3643881,50.0402697],[8.3643888,50.0403023],[8.3653039,50.0405974],[8.3653317,50.0406082],[8.3655209,50.0406787],[8.3671653,50.0413036],[8.3673586,50.0413827],[8.3675965,50.0415072],[8.3676621,50.0415416],[8.3676859,50.041554],[8.3677891,50.0415811],[8.3678665,50.0416015],[8.3687322,50.0418295],[8.3689022,50.0418743],[8.3690037,50.0419153],[8.3691158,50.0419622],[8.3694922,50.0421586],[8.3699568,50.0424013],[8.3701073,50.042475],[8.3712291,50.0430116],[8.3713441,50.0430416],[8.3713974,50.0430556],[8.371513,50.0430864],[8.3718768,50.0431833],[8.3726014,50.0433768],[8.3730489,50.0434944],[8.3732151,50.0435606],[8.3735178,50.0436812],[8.373696,50.0437521],[8.3738038,50.0437977],[8.3741312,50.0439367],[8.3743689,50.0440376],[8.374496,50.0440913],[8.3746264,50.0441618],[8.3748083,50.0442597],[8.3749235,50.0443226],[8.3751544,50.0444475],[8.3752706,50.0445103],[8.3754483,50.0446065],[8.3755095,50.044628],[8.3759757,50.0447915],[8.3761973,50.0448691],[8.3765592,50.044996],[8.3766805,50.0450385],[8.3767169,50.0450516],[8.376824,50.0450915],[8.3768497,50.0451014],[8.3770942,50.0451924],[8.3773155,50.0452755],[8.3775239,50.0453535],[8.377771,50.0454461],[8.3778665,50.0454818],[8.3779126,50.0454993],[8.3781758,50.0455976],[8.3784514,50.0457007],[8.3787205,50.0458013],[8.3789536,50.0458883],[8.3795805,50.0461221],[8.3797619,50.0461962],[8.3803664,50.0464423],[8.3809598,50.0466839],[8.381321,50.0468308],[8.3814049,50.0468217],[8.3812854,50.046911],[8.3804761,50.0474895],[8.3798427,50.0480032],[8.3797466,50.0480811],[8.3788909,50.0487749],[8.3786497,50.0489546],[8.3782456,50.0492225],[8.3781539,50.0492833],[8.3781008,50.0493184],[8.3772363,50.049892],[8.3767248,50.050246],[8.3764688,50.0504126],[8.3763469,50.0505016],[8.3762269,50.0505891],[8.3761664,50.0506331],[8.376063,50.0507082],[8.3759929,50.0507591],[8.375881,50.0508395],[8.3757349,50.0509444],[8.3756029,50.0510392],[8.3754801,50.0511118],[8.3751975,50.0513293],[8.375117,50.0513886],[8.3749038,50.0515454],[8.3748762,50.0515656],[8.3748375,50.051594],[8.3748101,50.0516143],[8.3747149,50.0516843],[8.3744859,50.0518034],[8.3743327,50.051898],[8.3741095,50.0520585],[8.3740987,50.0520663],[8.373581,50.0517788],[8.373172,50.0511818],[8.3726188,50.0517618],[8.3722125,50.051676],[8.372191,50.0516731],[8.3721454,50.05168],[8.3721261,50.0516633],[8.3720606,50.05165],[8.3720416,50.051637],[8.3719565,50.0515568],[8.3718259,50.0515036],[8.3717398,50.0514913],[8.371685,50.0514688],[8.37164,50.0514496],[8.3715513,50.05142],[8.3714499,50.0513932],[8.3713468,50.051398],[8.3712576,50.0513903],[8.3711971,50.0513652],[8.3711986,50.0513374],[8.3711812,50.0512881],[8.3711661,50.0512601],[8.3710494,50.0512158],[8.3709856,50.0512009],[8.3708812,50.0511775],[8.3707863,50.051119],[8.3706552,50.0510599],[8.3706223,50.0510451],[8.3705665,50.0509686],[8.3705435,50.0509464],[8.3705102,50.0509229],[8.3704622,50.0508945],[8.3704291,50.0508727],[8.3703865,50.0508518],[8.3702673,50.0508008],[8.3701947,50.0507068],[8.3700637,50.0506103],[8.3700502,50.0505925],[8.370029,50.0506174],[8.3699468,50.050713],[8.3698926,50.0507761],[8.3698715,50.0507266],[8.3682669,50.0501312],[8.3679703,50.0500211],[8.3679686,50.0500205],[8.3678718,50.0499846],[8.3678588,50.0500194],[8.367816,50.049985],[8.3674501,50.0499878],[8.3674484,50.0499878],[8.3673208,50.0499888],[8.3671352,50.0499902],[8.3668007,50.0499927],[8.3665313,50.0499948],[8.3664265,50.0499956],[8.3662615,50.0499685],[8.3660489,50.0499336],[8.3659823,50.04996],[8.3657546,50.0505802],[8.3656872,50.0507636],[8.3656405,50.050891],[8.3655114,50.0509103],[8.3645474,50.0508014],[8.3636577,50.0507009],[8.3636389,50.0506946],[8.3627783,50.0504082],[8.3622839,50.0502437],[8.3613874,50.0503979],[8.3613388,50.0504062],[8.3613059,50.0504109],[8.3612761,50.0504159],[8.3613867,50.0506203],[8.3614193,50.0506804],[8.3614305,50.0507011],[8.3615165,50.05086],[8.3615786,50.0509746],[8.3616371,50.0510826],[8.3615949,50.0511573],[8.3613631,50.0513287],[8.3611149,50.0515121],[8.3609811,50.051611],[8.3607581,50.0517921],[8.3606881,50.0518615],[8.3604059,50.0521408],[8.3603669,50.0521795],[8.3603498,50.0521963],[8.3607253,50.0525035],[8.3602225,50.0528724],[8.3600402,50.0530061],[8.3599534,50.0530697],[8.3599652,50.0530742],[8.3600241,50.0530967],[8.360666,50.0533458],[8.3614415,50.0536467],[8.3617783,50.0537774],[8.3618378,50.0538001],[8.3620171,50.0538035],[8.362254,50.0538976],[8.3622818,50.0539086],[8.3623752,50.0539458],[8.3625239,50.0540051],[8.3627481,50.0540943],[8.3628549,50.0541369],[8.3630762,50.054225],[8.3631003,50.0542346],[8.3626087,50.0544606],[8.3618482,50.0548102],[8.3604061,50.055473],[8.360382,50.0554841],[8.360302,50.0555206],[8.3603435,50.0555467],[8.3603939,50.0555789],[8.3609209,50.0559115],[8.3609028,50.055937],[8.3608996,50.055942],[8.3608692,50.0559816],[8.3608263,50.0560394],[8.3600675,50.0570485],[8.3600314,50.0570962],[8.3585632,50.0577094],[8.3583618,50.0577935],[8.3586844,50.0580403],[8.359409,50.0585943],[8.3595588,50.0587089],[8.3597063,50.0588217],[8.3599447,50.059004],[8.360209,50.0592061],[8.3602267,50.0592203],[8.3602021,50.059243],[8.3601933,50.0592514],[8.3598816,50.0595506],[8.3592606,50.0601467],[8.3590739,50.0603259],[8.3588441,50.0605464],[8.3588328,50.0605564],[8.3588109,50.0605772],[8.3585262,50.0603756],[8.3584456,50.0603723],[8.3583629,50.0604167],[8.3581441,50.0605341],[8.357815,50.0607106],[8.3576917,50.0607767],[8.3570716,50.0611094],[8.3557698,50.0618077],[8.3556524,50.0618707],[8.3552676,50.0620771],[8.355138,50.0621468],[8.3550521,50.0621935],[8.355009,50.0622164],[8.355088,50.0622212],[8.3564112,50.0632418],[8.3564444,50.063268],[8.3564388,50.0632781],[8.3564248,50.0633033],[8.3544911,50.0635815],[8.3546277,50.0636486],[8.3546855,50.063677],[8.3552968,50.06398],[8.3553534,50.064007],[8.3554451,50.0640492],[8.3562898,50.064425],[8.3563818,50.0644668],[8.3564361,50.064459],[8.3563495,50.064496],[8.3560357,50.0647791],[8.3556359,50.0651397],[8.3556045,50.0651686],[8.3555399,50.0652274],[8.3554667,50.0652936],[8.3553627,50.0653875],[8.3551974,50.0655368],[8.3544465,50.066215],[8.354462,50.0662636],[8.354904,50.0664384],[8.3551743,50.0665452],[8.3559375,50.0668469],[8.3560132,50.0668376],[8.3561357,50.0666994],[8.3561933,50.0667231],[8.3576631,50.0675742],[8.3577219,50.067599],[8.3579604,50.0673885],[8.3579826,50.0673714],[8.3594396,50.0682166],[8.3595129,50.0682591],[8.3601314,50.0686179],[8.3601522,50.06863],[8.3606743,50.0689328],[8.3610553,50.0691539],[8.3611282,50.0691962],[8.3625318,50.0700103],[8.3628928,50.0702197],[8.3629664,50.0702624],[8.3637055,50.0706176],[8.3647549,50.0711219],[8.3648186,50.0711535],[8.3653744,50.0705608],[8.3654106,50.0705221],[8.3657533,50.0701567],[8.3658325,50.0702003],[8.3658573,50.0702163],[8.3658724,50.070226],[8.3659631,50.0702578],[8.3660467,50.0702725],[8.3662338,50.0703029],[8.3662903,50.0703049],[8.3663383,50.0703066],[8.3663917,50.0703044],[8.3664396,50.0702872],[8.3664946,50.0702589],[8.3665645,50.0702478],[8.3667326,50.0701595],[8.3668009,50.0701454],[8.3668109,50.0701433],[8.3669008,50.0700669],[8.3670872,50.0699654],[8.3671648,50.0699326],[8.3673197,50.0698353],[8.3673449,50.0697953],[8.3674209,50.069674],[8.3674336,50.069622],[8.3674357,50.0696135],[8.3674687,50.0695581],[8.3675259,50.0694928],[8.3675321,50.0694857],[8.3675539,50.0694434],[8.3675749,50.0694546],[8.3676213,50.0693809],[8.3676483,50.0693661],[8.3677622,50.0693034],[8.3678548,50.0692257],[8.3678688,50.0692063],[8.3679015,50.0690808],[8.367922,50.0690514],[8.3679579,50.0690166],[8.3680961,50.0689634],[8.3681213,50.068936],[8.368158,50.068873],[8.3682458,50.0687647],[8.3682689,50.0686716],[8.3683148,50.0686467],[8.3684974,50.0685823],[8.3686043,50.0685108],[8.3686417,50.0685131],[8.3686795,50.0685301],[8.3687084,50.0685502],[8.3687539,50.0685584],[8.3688829,50.0685726],[8.3690195,50.0686265],[8.3691368,50.0686302],[8.3691746,50.0686016],[8.3692095,50.0685384],[8.3692539,50.0685119],[8.3692656,50.0684774],[8.3692813,50.068431],[8.3692697,50.0683816],[8.3692968,50.0683211],[8.3693207,50.0682163],[8.3692997,50.0682066],[8.3692701,50.0681849],[8.3692952,50.0681237],[8.369325,50.0680839],[8.3693891,50.0680319],[8.369446,50.0680219],[8.369539,50.067973],[8.369628,50.0679449],[8.3696507,50.0679269],[8.3696865,50.0678783],[8.3697233,50.0678532],[8.3698106,50.0678504],[8.3698413,50.0678427],[8.36991,50.0678133],[8.3699648,50.0677986],[8.3701202,50.0677736],[8.3701456,50.0677591],[8.370175,50.0677267],[8.3703098,50.0676566],[8.3703508,50.0676298],[8.3704823,50.0676018],[8.3705193,50.0675884],[8.3705334,50.067554],[8.370606,50.0675075],[8.3706536,50.0674635],[8.3707147,50.0674593],[8.3707658,50.0674638],[8.3707665,50.0674639],[8.3707817,50.0674652],[8.3708444,50.0674517],[8.3708799,50.0674096],[8.3708894,50.0673681],[8.3709002,50.0673204],[8.370917,50.0672966],[8.3709259,50.0672819],[8.3709266,50.0672807],[8.3709389,50.0672942],[8.3709438,50.0672996],[8.3709499,50.0673047],[8.3709587,50.0673157],[8.3709598,50.0673171],[8.3709989,50.0673791],[8.3710213,50.0675125],[8.3710228,50.0675212],[8.3710306,50.067552],[8.3710203,50.0676289],[8.3710329,50.06763],[8.3710585,50.0676295],[8.3710595,50.0676295],[8.3711616,50.0676325],[8.3718132,50.0677009],[8.3721612,50.0677374],[8.3722965,50.0677516],[8.3723344,50.0677556],[8.3723801,50.0677595],[8.3724218,50.0677631],[8.3725586,50.0677704],[8.372593,50.067785],[8.3726409,50.0677864],[8.3726917,50.0678188],[8.3727239,50.067823],[8.3727822,50.0678631],[8.3728353,50.0678756],[8.3729035,50.0679171],[8.3729678,50.0679203],[8.373014,50.0679315],[8.3730627,50.0679439],[8.373169,50.0679672],[8.3740343,50.0681709],[8.3746498,50.0683158],[8.3746952,50.0683622],[8.3747694,50.0683691],[8.3747729,50.0682971],[8.3748686,50.0677077],[8.3749333,50.0675729],[8.3749969,50.0674405],[8.3751059,50.0672589],[8.3752648,50.0670476],[8.3754026,50.0669299],[8.3754975,50.0668487],[8.3757152,50.0666186],[8.3758088,50.0665558],[8.3759565,50.0664568],[8.3760068,50.0664593],[8.3760571,50.0668194],[8.3761062,50.0672604],[8.3761617,50.0675086],[8.3763617,50.0677961],[8.3765568,50.0680484],[8.3765774,50.0680752],[8.3766996,50.0682331],[8.3767268,50.0682682],[8.3770014,50.0685327],[8.3770302,50.0685573],[8.3770327,50.0685594],[8.3771111,50.0686255],[8.377115,50.0686288],[8.3773936,50.0688636],[8.3774193,50.0688866],[8.3777077,50.0691455],[8.3777916,50.0692208],[8.3780716,50.069472],[8.37863,50.0699732],[8.3791725,50.0704603],[8.3792296,50.0705115],[8.3796563,50.0708638],[8.3799287,50.0712187],[8.3799534,50.071251],[8.3800525,50.0713801],[8.3806787,50.0722307],[8.3807086,50.0722713],[8.3807833,50.0723728],[8.380924,50.0725452],[8.3809808,50.0726147],[8.3814181,50.073081],[8.3815199,50.0731894],[8.3815656,50.0732382],[8.3817553,50.073432],[8.3819909,50.0736726],[8.3821337,50.0738184],[8.3823461,50.0740355],[8.3823564,50.0740474],[8.382475,50.0741835],[8.3826316,50.074363],[8.3827271,50.0744726],[8.3829469,50.0747248],[8.3838119,50.0756339],[8.3839141,50.0757412],[8.3844291,50.0762825],[8.3846285,50.0765093],[8.3846325,50.0765235],[8.3847457,50.0769281],[8.3848412,50.0772705],[8.3848756,50.0773942],[8.3849726,50.0777422],[8.384976,50.0777499],[8.3851539,50.0781505],[8.3852931,50.0784643],[8.3854447,50.0787485],[8.3854875,50.0788288],[8.3855091,50.0788684],[8.3856928,50.0792062],[8.3858663,50.0795253],[8.3858902,50.0795982],[8.3860419,50.0800611],[8.3861605,50.0804232],[8.3861621,50.0805129],[8.386136,50.0806014],[8.3858703,50.0812406],[8.3858585,50.0812462],[8.3858016,50.0812657],[8.3857853,50.0813524],[8.3857829,50.081363],[8.3857917,50.0813717],[8.3858684,50.0814479],[8.3858528,50.0815968],[8.3849096,50.0824207],[8.384692,50.0826067],[8.3844347,50.0828267],[8.3843089,50.0829342],[8.3841417,50.0830957],[8.3840084,50.0832243],[8.383784,50.083441],[8.3834955,50.0837195],[8.3833157,50.0838932],[8.3831047,50.0840968],[8.3829987,50.0841991],[8.3829289,50.0842613],[8.3827422,50.0844276],[8.3824629,50.0846763],[8.3823895,50.0847416],[8.382479,50.0847836],[8.3821097,50.0851115],[8.381699,50.086001],[8.3815755,50.0862905],[8.3812818,50.0869788],[8.3807762,50.0874696],[8.3805081,50.0877299],[8.3801857,50.0881078],[8.3801441,50.0881566],[8.3800592,50.0882561],[8.3797015,50.0892649],[8.3795817,50.0898282],[8.3795724,50.0899978],[8.3793986,50.0901175],[8.3792871,50.0902928],[8.379373,50.0907155],[8.3793232,50.0910462],[8.3796359,50.0918275],[8.3803771,50.0924417],[8.3806873,50.0926644],[8.3810284,50.0928676],[8.3812244,50.0930109],[8.381152,50.0932941],[8.3803838,50.093733],[8.3802761,50.0937946],[8.3799171,50.0942814],[8.3798267,50.0943219],[8.3788197,50.0947727],[8.3787963,50.0947832],[8.3780422,50.0954929],[8.3780383,50.095502],[8.3776489,50.0963875],[8.3776433,50.0963992],[8.3776432,50.0964234],[8.3776393,50.0971296],[8.3789958,50.0987099],[8.3790227,50.0987412],[8.3790312,50.0987516],[8.3790427,50.0987655],[8.3793459,50.0991348],[8.3797469,50.1000979],[8.3799252,50.1004871],[8.3799493,50.1005398],[8.3802084,50.1011053],[8.3802365,50.1012052],[8.3806048,50.1023205],[8.3793876,50.1023646],[8.3781732,50.1024075],[8.3770052,50.102449],[8.3768112,50.1024718],[8.3767812,50.1024753],[8.3755545,50.1026191],[8.375476,50.1026283],[8.3739923,50.1014974],[8.3730068,50.1005445],[8.3729417,50.1005326],[8.3728564,50.100517],[8.3720339,50.1003665],[8.3709513,50.100484],[8.3708968,50.1004899],[8.3707485,50.100506],[8.3696797,50.1001752],[8.3681685,50.0997043],[8.3679243,50.0996282],[8.3666417,50.0992257],[8.3666007,50.0992129],[8.3664482,50.099165],[8.3654631,50.0985543],[8.3643152,50.0984066],[8.3632147,50.0982809],[8.3623097,50.098183],[8.3621534,50.0981651],[8.3620708,50.0981556],[8.3620699,50.0985536],[8.3620678,50.0993918],[8.361957,50.10034],[8.3618416,50.1012874],[8.3612956,50.102112],[8.3612293,50.1022122],[8.3611816,50.1022843],[8.3607692,50.102907],[8.3605149,50.1032293],[8.3601892,50.1038758],[8.3601048,50.1040433],[8.3600895,50.1040738],[8.3600237,50.1042044],[8.3600036,50.1047035],[8.3600572,50.1051077],[8.3600742,50.1052356],[8.3599724,50.1054843],[8.35971,50.1061257],[8.3595133,50.1063202],[8.3594307,50.1065222],[8.3594143,50.1065622],[8.3593725,50.1065583],[8.3587057,50.1064963],[8.3586089,50.1064873],[8.3585429,50.1064157],[8.3584822,50.1063946],[8.3584823,50.1063463],[8.3585123,50.1063053],[8.3584455,50.1063012],[8.3581488,50.1062827],[8.3579165,50.1062683],[8.3579345,50.1061947],[8.3581067,50.1054916],[8.3579715,50.1054657],[8.3579331,50.1054584],[8.35801,50.1051021],[8.3580373,50.1049754],[8.3580807,50.1048028],[8.3582505,50.1042295],[8.3579896,50.1041994],[8.3578545,50.1041838],[8.3574391,50.1041358],[8.3572678,50.1041448],[8.3570667,50.1040149],[8.3569163,50.1039595],[8.3567754,50.1039638],[8.3567113,50.1039658],[8.3566417,50.103968],[8.3565483,50.1039727],[8.3555195,50.1040246],[8.3552957,50.1040359],[8.3551969,50.1040271],[8.3541248,50.1039319],[8.3540611,50.1041276],[8.3537309,50.1048313],[8.3534914,50.1053486],[8.353304,50.1057536],[8.3532769,50.1058121],[8.3519465,50.1075514],[8.3518348,50.1076974],[8.351807,50.1077337],[8.3517403,50.1079084],[8.351735,50.1079225],[8.351717,50.1079711],[8.3509858,50.1093764],[8.3506423,50.1101014],[8.3503347,50.1107485],[8.349886,50.1116975],[8.3498084,50.1119581],[8.3494122,50.1125322],[8.3492445,50.1127709],[8.3484346,50.1136755],[8.3483988,50.1137155],[8.3483915,50.1137248],[8.3483788,50.1137409],[8.3483141,50.1138234],[8.3482817,50.1138643],[8.3482551,50.113898],[8.3481474,50.1140341],[8.3481211,50.1140674],[8.3479825,50.1142424],[8.3479728,50.1142539],[8.3484209,50.1143687],[8.3485254,50.1143955],[8.348588,50.1144675],[8.3486367,50.1145236],[8.3486354,50.1145859],[8.3457326,50.1180436],[8.3457061,50.1180753],[8.3456557,50.1181356],[8.3433239,50.1209228],[8.34381,50.1213687],[8.343942,50.1214848],[8.3443061,50.1218051],[8.3448215,50.1222912],[8.3457655,50.122876],[8.3464552,50.1234753],[8.3471278,50.1240616],[8.347145,50.1240766],[8.3478632,50.1246228],[8.3485582,50.1251521],[8.3485709,50.1251781],[8.3485988,50.1252346],[8.3490122,50.1260738],[8.3490349,50.1261201],[8.349048,50.1261466],[8.3490704,50.126192],[8.3494613,50.1269858],[8.3494842,50.127032],[8.3494967,50.1270575],[8.3495524,50.1271509],[8.3497378,50.1277963],[8.3497655,50.1278892],[8.3497786,50.1279346],[8.3497861,50.127961],[8.3497964,50.1279901],[8.3499269,50.1284374],[8.3500087,50.1285499],[8.3494383,50.1293415],[8.3486772,50.129687],[8.3469736,50.1301405],[8.3455002,50.1307226],[8.345498,50.1307295],[8.3455016,50.1312459],[8.3455227,50.1314171],[8.3454735,50.1313449],[8.3437005,50.1287444],[8.3399508,50.1285598],[8.3392813,50.1286693],[8.3392355,50.128677],[8.338867,50.1287375],[8.3381664,50.1292795],[8.3379933,50.1294141],[8.3372721,50.1299726],[8.3363785,50.1306646],[8.3358641,50.1306329],[8.3356853,50.1306216],[8.3355059,50.1306101],[8.3354392,50.1306058],[8.3353678,50.1306014],[8.3350427,50.1307057],[8.3349532,50.1307344],[8.3347761,50.1307631],[8.3342586,50.1308454],[8.3334674,50.1309791],[8.3323976,50.1311602],[8.3313301,50.1313379],[8.3302638,50.1315151],[8.329946,50.1309079],[8.3296108,50.1302864],[8.3285419,50.1302902],[8.3277234,50.1304207],[8.326886,50.1305625],[8.325969,50.131168],[8.3255602,50.1316567],[8.3249862,50.1323282],[8.3247817,50.1326222],[8.3247744,50.1326634],[8.3247576,50.1328048],[8.3247416,50.1329388],[8.3245494,50.1336983],[8.3247015,50.1339474],[8.3249898,50.1339677],[8.3253156,50.13393],[8.3253829,50.1340912],[8.3252734,50.1341004],[8.3252109,50.1341772],[8.3251058,50.1341676],[8.3250549,50.1341203],[8.324526,50.1341073],[8.3243829,50.1343852],[8.3241515,50.1344987],[8.3238865,50.1347248],[8.3237985,50.1349238],[8.3234928,50.1351272],[8.3234371,50.1352906],[8.3234329,50.1355103],[8.3233007,50.1358492],[8.3233285,50.1360101],[8.323491,50.1361891],[8.3233981,50.1363778],[8.3234396,50.1366049],[8.3236029,50.136896],[8.3237135,50.1370168],[8.3238982,50.1370622],[8.3240073,50.137129],[8.324177,50.1372856],[8.3243227,50.1373828],[8.3244474,50.1377359],[8.3243375,50.1377994],[8.3242778,50.1378338],[8.3241642,50.1378995],[8.3235937,50.1378942],[8.3235343,50.1378937],[8.3234308,50.1378927],[8.3227047,50.1380537],[8.3215828,50.138249],[8.3207566,50.1381434],[8.3200619,50.1381328],[8.3194854,50.1380358],[8.3190195,50.1379254],[8.3185077,50.1376534],[8.3181339,50.1378924],[8.3177785,50.1382188],[8.317738,50.1383202],[8.3177083,50.1383921],[8.3176451,50.1385488],[8.317739,50.1386099],[8.3191277,50.1395041],[8.3209403,50.1406206],[8.3230279,50.1419583],[8.3231292,50.1420232],[8.3231869,50.1420601],[8.3232723,50.1421148],[8.3236933,50.1422999],[8.3238311,50.1423604],[8.3239538,50.1424144],[8.3240943,50.1424763],[8.3241577,50.1425042],[8.3246434,50.1427183],[8.3251843,50.143064],[8.3252505,50.1431066],[8.3259217,50.1435352],[8.3261335,50.1436718],[8.3274624,50.1445757],[8.3272822,50.1454736],[8.3272267,50.1456889],[8.3269413,50.1468224],[8.3269732,50.1479893],[8.3266793,50.148699],[8.3255965,50.1491649],[8.3248006,50.149695],[8.3244589,50.1501485],[8.3240087,50.1507443],[8.3232429,50.1510718],[8.3218087,50.1509611],[8.3196924,50.150904],[8.3187087,50.1506136],[8.3175428,50.1504767],[8.3163137,50.1506249],[8.3153699,50.1507081],[8.314147,50.1508291],[8.3138074,50.1508629],[8.3119885,50.1515597],[8.3119405,50.1514688],[8.311656,50.1509297],[8.3116322,50.1508851],[8.3115862,50.1507976],[8.3115545,50.1507371],[8.3114584,50.1506373],[8.3113674,50.1505427],[8.3108199,50.1499736],[8.3106822,50.1497657],[8.3105691,50.1495953],[8.310439,50.1493983],[8.3103671,50.1492907],[8.309579,50.1494342],[8.3090051,50.1495599],[8.3080182,50.1496814],[8.306422,50.1501961],[8.3060342,50.1507401],[8.3056764,50.1512263],[8.3042109,50.1516175],[8.3036322,50.1511239],[8.3033333,50.1505775],[8.3029963,50.1502253],[8.3022209,50.1495595],[8.3021408,50.1494908],[8.3014933,50.1493985],[8.3005698,50.1494444],[8.2998833,50.1492358],[8.2988879,50.1490335],[8.2980597,50.1490193],[8.297976,50.1490031],[8.2961529,50.1486505],[8.2956532,50.148146],[8.2941753,50.1478566],[8.293848,50.1478319],[8.2931971,50.1478943],[8.2929222,50.1478173],[8.2928571,50.1477992],[8.292011,50.1475623],[8.2915529,50.1474362],[8.2902826,50.1475762],[8.288952,50.1476711],[8.2886298,50.1478021],[8.2879978,50.1476739],[8.2868185,50.1476515],[8.2859923,50.1474725],[8.2852109,50.1475061],[8.2842556,50.147391],[8.283212,50.1471171],[8.2832076,50.1471362],[8.2830235,50.1479498],[8.2828108,50.1487607],[8.2826093,50.1495659],[8.2823263,50.150746],[8.2816404,50.1506723],[8.2804145,50.1505403],[8.27883,50.1503883],[8.2775564,50.150254],[8.2766138,50.1511325],[8.2762725,50.1514507],[8.2762231,50.1514967],[8.2758872,50.1518098],[8.2756979,50.1517342],[8.2754663,50.1516415],[8.2754205,50.1516232],[8.2753053,50.1512788],[8.2742834,50.1512018],[8.2738282,50.1513806],[8.2731277,50.1513879],[8.2730732,50.1513271],[8.2728266,50.1510527],[8.2722401,50.151012],[8.272051,50.1509653],[8.2719727,50.1510073],[8.2715757,50.1509151],[8.2715627,50.1507763],[8.2712262,50.1507411],[8.271011,50.1506054],[8.2706471,50.150964],[8.2703888,50.1507453],[8.270143,50.1505937],[8.2696909,50.1505095],[8.2693671,50.1503583],[8.2689997,50.15005],[8.2685431,50.149837],[8.2680873,50.1500287],[8.2679424,50.1500763],[8.2675274,50.1501461],[8.2669953,50.1501966],[8.2666259,50.1503593],[8.2665847,50.1503774],[8.2664069,50.150391],[8.2663525,50.1503951],[8.266325,50.1503972],[8.2660374,50.1504192],[8.2659805,50.1504236],[8.2659275,50.1504276],[8.2657388,50.1503584],[8.2655094,50.150454],[8.265001,50.150461],[8.264276,50.1503961],[8.2637476,50.150718],[8.262837,50.1504742],[8.2625471,50.1506922],[8.2624929,50.150656],[8.2624679,50.1506393],[8.2622927,50.1505223],[8.2619324,50.1505646],[8.2617016,50.1504609],[8.261625,50.1503242],[8.2614451,50.1502845],[8.2612953,50.1501384],[8.2612639,50.1501079],[8.2611583,50.1500048],[8.2611255,50.1499729],[8.2606283,50.1498143],[8.2605168,50.1497787],[8.2603262,50.1497788],[8.2602899,50.1497788],[8.260054,50.149779],[8.2597078,50.1496351],[8.2593335,50.1496396],[8.2591654,50.1495834],[8.2587792,50.1494543],[8.2586368,50.1494233],[8.2585607,50.1494068],[8.2580443,50.1492946],[8.2579171,50.149267],[8.2577872,50.1492352],[8.257261,50.1491063],[8.2566701,50.1490327],[8.2560758,50.1489497],[8.2556618,50.1488919],[8.2555025,50.1488841],[8.2551245,50.1488657],[8.2550218,50.1488607],[8.2547561,50.1488107],[8.2546806,50.1487965],[8.2543048,50.1488283],[8.25418,50.1488388],[8.2538048,50.1487384],[8.2537381,50.1487536],[8.2534476,50.1488199],[8.2534954,50.1491701],[8.2534988,50.1491952],[8.25351,50.1492771],[8.2532085,50.1493589],[8.2529412,50.1493752],[8.2528792,50.149379],[8.2527205,50.1493887],[8.2526059,50.1493956],[8.252121,50.1494249],[8.2517548,50.1495057],[8.2516292,50.1495335],[8.251656,50.1496096],[8.2511938,50.1495983],[8.2509952,50.1495934],[8.2503015,50.1495765],[8.2501877,50.1486788],[8.2500801,50.1485978],[8.2497363,50.148339],[8.2493902,50.148188],[8.247712,50.1482077],[8.2468613,50.1484221],[8.2457833,50.1483241],[8.2456977,50.1483163],[8.2452323,50.1489427],[8.2449108,50.1493858],[8.2447074,50.1496661],[8.2435731,50.1492919],[8.242418,50.148915],[8.2411404,50.1485017],[8.2410692,50.1484781],[8.2410169,50.1484612],[8.2414255,50.1470537],[8.2413577,50.1451185],[8.2410595,50.1443905],[8.2405388,50.1437809],[8.2389076,50.1423207],[8.2375465,50.1412349],[8.2372293,50.1410169],[8.2368633,50.1407839],[8.2364257,50.1405355],[8.2364591,50.1405984],[8.2354175,50.1399345],[8.2328716,50.1383274],[8.2314476,50.1376885],[8.2295889,50.1372449],[8.2269666,50.1366191],[8.2267285,50.1365468],[8.2257642,50.1362541],[8.2240108,50.1357218],[8.2210232,50.1347987],[8.2208181,50.1347849],[8.2206757,50.1347754],[8.2200165,50.1350467],[8.2198372,50.1351194],[8.2185679,50.1352599],[8.2178571,50.1342344],[8.2181372,50.1338116],[8.2171868,50.1335463],[8.2163361,50.133309],[8.2155699,50.1330957],[8.2142856,50.1327384],[8.2128988,50.132353],[8.2128525,50.1323406],[8.2117228,50.1319845],[8.2094619,50.1312721],[8.2085016,50.1309697],[8.208413,50.1309137],[8.2074206,50.1302799],[8.2065277,50.1297091],[8.2064283,50.1296458],[8.2056808,50.1291104],[8.2050812,50.1286807],[8.2039934,50.1280907],[8.2038526,50.1280149],[8.2028914,50.1274938],[8.2028377,50.1274638],[8.2009327,50.1268999],[8.1996618,50.1265235],[8.1994997,50.1264753],[8.1986106,50.1262134],[8.1975675,50.1259063],[8.1964773,50.1255846],[8.1950367,50.1249448],[8.1948892,50.1248794],[8.1940594,50.1245098],[8.1933915,50.1242118],[8.1930531,50.1240531],[8.1920952,50.1236014],[8.1911969,50.1231784],[8.1903191,50.1229005],[8.1893165,50.1225837],[8.1883138,50.1222669],[8.187974,50.1221594],[8.1874054,50.1219856],[8.1862711,50.1216393],[8.1847086,50.1211614],[8.1841602,50.1213884],[8.1831455,50.122209],[8.1830765,50.1222648],[8.1833691,50.1223983],[8.1834923,50.1224544],[8.1842946,50.1231435],[8.184968,50.1235798],[8.1855979,50.1239898],[8.1861217,50.1242942],[8.1860388,50.1243528],[8.1860278,50.1243608],[8.1859796,50.1243958],[8.1859414,50.1244235],[8.1853905,50.1243378],[8.1851645,50.124161],[8.1845956,50.1239574],[8.1840203,50.1234707],[8.1834227,50.123134],[8.1834616,50.122996],[8.1834905,50.1228933],[8.1834132,50.1226964],[8.1833481,50.1226569],[8.1831736,50.1225509],[8.1831411,50.1225311],[8.182791,50.1224218],[8.1821363,50.1220855],[8.1818779,50.1220548],[8.1818662,50.1219904],[8.1818198,50.1220479],[8.1813696,50.1226013],[8.1809532,50.1231159],[8.180663,50.123474],[8.1798475,50.1244995],[8.1805433,50.1251598],[8.1811692,50.1257514],[8.1774338,50.125266],[8.1717536,50.1245269],[8.1698113,50.1242731],[8.1695174,50.1242344],[8.1693869,50.1242173],[8.1675597,50.1239809],[8.1673178,50.1239496],[8.1656332,50.1237576],[8.1654657,50.1237386],[8.1654132,50.1237673],[8.1652215,50.1238722],[8.1618859,50.1241178],[8.1615,50.1241465],[8.1601146,50.1242491],[8.157808,50.1226895],[8.1557875,50.1213161],[8.1537626,50.1199426],[8.1530202,50.1194388],[8.1528447,50.1193197],[8.1528652,50.1192513],[8.1528775,50.119211],[8.1513531,50.1162754],[8.1513309,50.1162328],[8.1481473,50.1146171],[8.1480661,50.1145759],[8.1464648,50.1142748],[8.1442729,50.1141649],[8.1434599,50.1139616],[8.1423991,50.1135409],[8.1417475,50.1125203],[8.1387199,50.1095744],[8.1368129,50.1077186],[8.133628,50.1046168],[8.1335183,50.1044589],[8.1329018,50.1040217],[8.1322927,50.103367],[8.128577,50.101627],[8.126748,50.1007725],[8.1266791,50.1007403],[8.123682,50.0995355],[8.121224,50.0985467],[8.1209515,50.0984371],[8.1184852,50.0974473],[8.1174934,50.0949002],[8.1121711,50.093651],[8.1153617,50.0890633],[8.1162671,50.0896604],[8.1165267,50.0898316],[8.1165564,50.0898511],[8.1169589,50.0902023],[8.1171715,50.0903891],[8.1172392,50.0903748],[8.1173236,50.090357],[8.1173361,50.0903652],[8.1174147,50.0904707],[8.1176259,50.0907545],[8.1178654,50.0906821],[8.1181063,50.0906092],[8.1182386,50.0905692],[8.1183453,50.0905368],[8.1184149,50.0905158],[8.1185434,50.0904984],[8.1186057,50.09049],[8.1187752,50.090467],[8.1188941,50.0904509],[8.1190353,50.0904355],[8.1192969,50.090407],[8.1195584,50.0903785],[8.1198202,50.09035],[8.120213,50.0903073],[8.1202855,50.0905884],[8.1214423,50.0905844],[8.1215053,50.0905842],[8.1215797,50.0905839],[8.122601,50.0912366],[8.1227285,50.091318],[8.1238965,50.0911845],[8.1240162,50.0911708],[8.1250132,50.0910568],[8.1252213,50.0910331],[8.1254296,50.0910093],[8.1256379,50.0909856],[8.1258463,50.090962],[8.1260549,50.0909382],[8.1262636,50.0909144],[8.1264725,50.0908906],[8.1266816,50.0908667],[8.1268907,50.090843],[8.1270992,50.0908192],[8.1273087,50.0907954],[8.1275185,50.0907716],[8.1277289,50.0907478],[8.1279902,50.090718],[8.1284896,50.0906607],[8.1285401,50.0906623],[8.1285612,50.0906629],[8.1290043,50.0908342],[8.1291763,50.0909008],[8.1298097,50.0912725],[8.1298143,50.091259],[8.1311126,50.0919793],[8.1320475,50.0913657],[8.1322386,50.0912404],[8.1324244,50.0911184],[8.1333263,50.0905247],[8.1342213,50.0899357],[8.1348343,50.0895315],[8.1351167,50.0893453],[8.1360103,50.0887556],[8.1367492,50.0882701],[8.1369073,50.0881662],[8.137803,50.0875729],[8.1377143,50.0875209],[8.1376842,50.0875029],[8.136961,50.0870767],[8.136563,50.0868404],[8.1360182,50.0865171],[8.1350671,50.0859569],[8.134627,50.0856967],[8.1341153,50.0853941],[8.1333425,50.0849366],[8.1333174,50.0849219],[8.1340831,50.0837213],[8.1339968,50.0836226],[8.1336209,50.0831926],[8.1336861,50.0827483],[8.1336973,50.0826723],[8.1337196,50.0825209],[8.133002,50.0819051],[8.131745,50.0814955],[8.1309475,50.0813611],[8.1307348,50.0813253],[8.1306523,50.0811395],[8.1304722,50.0815216],[8.1301823,50.0817289],[8.130034,50.081835],[8.1294788,50.082232],[8.128836,50.0826488],[8.1284994,50.0827656],[8.1280309,50.0829319],[8.1270229,50.0832467],[8.1262156,50.0834428],[8.1256081,50.0836017],[8.1248554,50.0837104],[8.123425,50.0837724],[8.1220896,50.083793],[8.1209047,50.0838265],[8.1201232,50.0839866],[8.1195106,50.0841351],[8.1192624,50.0841952],[8.119014,50.0842554],[8.118978,50.0842641],[8.1188769,50.0842886],[8.1187655,50.0843156],[8.1185389,50.0843705],[8.1185158,50.0843761],[8.1184308,50.0843849],[8.1182365,50.0843582],[8.1174659,50.0842534],[8.1161221,50.0842068],[8.1150345,50.0841057],[8.1145866,50.0841845],[8.114528,50.0841948],[8.113832,50.0843173],[8.1128102,50.0841348],[8.1125169,50.0840824],[8.1122582,50.0841124],[8.1121156,50.0841289],[8.1120578,50.0841356],[8.1116274,50.0842941],[8.1115963,50.0843056],[8.1115387,50.0843268],[8.1112821,50.0842608],[8.1111685,50.0841164],[8.1113685,50.0837936],[8.1113224,50.0834957],[8.1113358,50.0833211],[8.1115905,50.0828462],[8.111711,50.0826217],[8.1114032,50.0823174],[8.1111002,50.0820178],[8.1110951,50.0820127],[8.1110955,50.0820051],[8.1111068,50.0816506],[8.1108582,50.0813188],[8.1108362,50.0808923],[8.1109715,50.0806531],[8.110959,50.0804016],[8.1106718,50.0801644],[8.1106902,50.079826],[8.1107027,50.0795942],[8.1107046,50.0795596],[8.1107612,50.0794963],[8.1108877,50.0793548],[8.1110342,50.0791909],[8.1109737,50.07886],[8.1110343,50.0787691],[8.1109051,50.078413],[8.1109351,50.0783218],[8.1110376,50.0780106],[8.1111125,50.0777824],[8.1113207,50.0772813],[8.1111001,50.0768756],[8.1110875,50.0761942],[8.111191,50.075736],[8.1110986,50.0754091],[8.111123,50.0751758],[8.1112352,50.0749253],[8.1114469,50.0743572],[8.1117035,50.0739269],[8.1118915,50.0736728],[8.1119508,50.0735926],[8.1119948,50.0735331],[8.1116535,50.0731832],[8.1115581,50.0730853],[8.1114151,50.0729655],[8.1123779,50.0732647],[8.1126196,50.0733398],[8.1137897,50.0734299],[8.1143817,50.0735701],[8.1149749,50.0737106],[8.115043,50.0737268],[8.1151687,50.0737565],[8.1156984,50.073882],[8.1176097,50.0743351],[8.1190426,50.074522],[8.1199428,50.0744976],[8.1200507,50.0745737],[8.1210962,50.0746172],[8.1216885,50.0746505],[8.1224808,50.0745908],[8.1237582,50.0742813],[8.1242149,50.0738239],[8.1251856,50.0732767],[8.1258882,50.072882],[8.127156,50.0727159],[8.1277665,50.0726406],[8.1284696,50.0723865],[8.1286222,50.0723314],[8.1287576,50.0722824],[8.1288916,50.072234],[8.1296098,50.071977],[8.1296988,50.0719451],[8.1299613,50.0718512],[8.1310267,50.0713902],[8.1321416,50.0709624],[8.1332657,50.0705562],[8.1337005,50.0703053],[8.1338367,50.0702268],[8.1340591,50.0700218],[8.1341224,50.0699633],[8.1345816,50.0695401],[8.1353172,50.068862],[8.1353307,50.0688414],[8.1353537,50.0688062],[8.1359,50.0679859],[8.1361512,50.0675876],[8.1371726,50.0670772],[8.1377322,50.0667944],[8.1381863,50.0665649],[8.139205,50.0660544],[8.1398919,50.0657082],[8.140259,50.0648488],[8.1405948,50.0640528],[8.1406259,50.0640229],[8.1406705,50.06398],[8.1407143,50.0639378],[8.1408135,50.0638424],[8.1409115,50.0637481],[8.1409941,50.0636687],[8.1414201,50.0632588],[8.1414694,50.0632113],[8.1415366,50.0631468],[8.1416484,50.0630392],[8.1416618,50.0630263],[8.1417661,50.0629573],[8.1418929,50.0628771],[8.1420191,50.0627973],[8.1421048,50.0627431],[8.1421984,50.062684],[8.1422757,50.0626348],[8.1423542,50.0625847],[8.1424648,50.0625142],[8.142557,50.0624553],[8.1429601,50.0621982],[8.1430855,50.0621183],[8.1431993,50.0620456],[8.1433612,50.0619424],[8.143502,50.0618524],[8.1438199,50.0616497],[8.1439851,50.0615444],[8.1440006,50.0615354],[8.1440929,50.0614821],[8.1442246,50.0614059],[8.1443594,50.061328],[8.1444758,50.0612607],[8.1446567,50.0611561],[8.1447882,50.0610801],[8.1449108,50.0610092],[8.145036,50.0609369],[8.1451541,50.0608685],[8.1453099,50.0607785],[8.1454449,50.0607004],[8.1455479,50.0606408],[8.1456479,50.0605831],[8.145876,50.0604512],[8.1460837,50.0603363],[8.1464485,50.0601344],[8.146815,50.0599315],[8.1483156,50.0591009],[8.1483623,50.0590751],[8.1484269,50.0590394],[8.14965,50.058362],[8.1509033,50.057668],[8.1509577,50.0576378],[8.1520394,50.0570388],[8.1525429,50.0568437],[8.1543999,50.0561231],[8.1552851,50.0557796],[8.1553277,50.0557632],[8.1565138,50.0553051],[8.1565616,50.0552885],[8.1568632,50.0551728],[8.1570475,50.0551033],[8.1571162,50.0550774],[8.1576842,50.054615],[8.1577147,50.0545903],[8.1597182,50.0529663],[8.161125,50.0518241],[8.1632011,50.0497236],[8.1632306,50.0496937],[8.1644277,50.0484824],[8.1644621,50.0484476],[8.1647175,50.0481891],[8.1668389,50.0460412],[8.166852,50.046028],[8.1669418,50.045939],[8.1684307,50.0444257],[8.1695394,50.0433036],[8.1695848,50.0432577],[8.1693562,50.043074],[8.1693815,50.0430416],[8.1716804,50.0401108],[8.1739852,50.0361112],[8.1751588,50.0340884],[8.1765311,50.0343718],[8.1778543,50.0345539],[8.1786522,50.0346851],[8.1812762,50.0351678],[8.1820368,50.0352753],[8.182854,50.0353344],[8.1842072,50.0354179],[8.1857816,50.0355153],[8.1901118,50.0352817],[8.1908687,50.0352433],[8.1950917,50.0348737],[8.1992025,50.0346822],[8.2034531,50.0343262],[8.2093748,50.0334018],[8.2117011,50.0330416],[8.332273,50.0265108]]],[[[8.332273,50.0265108],[8.3327236,50.0257313],[8.3331687,50.0249621],[8.3332254,50.024864],[8.3332756,50.024833],[8.3341135,50.0243158],[8.3341435,50.0242973],[8.334245,50.0242348],[8.3351531,50.0236756],[8.3361157,50.0230843],[8.3360992,50.0230614],[8.3361307,50.0230462],[8.3359565,50.0227616],[8.3359179,50.0227418],[8.3357471,50.0224253],[8.3355228,50.021854],[8.3353281,50.021626],[8.3349464,50.021347],[8.334792,50.0211019],[8.3344434,50.0207923],[8.3341211,50.0205355],[8.334067,50.0204923],[8.3341876,50.0203918],[8.333647,50.019932],[8.3335842,50.0198956],[8.3332104,50.0196024],[8.3331722,50.0195725],[8.3330688,50.0194487],[8.3330358,50.0193893],[8.3329899,50.0193064],[8.3329584,50.0192495],[8.3329433,50.0192281],[8.3328154,50.0190449],[8.3328005,50.0190302],[8.3326116,50.018844],[8.33246,50.0187107],[8.3327365,50.0187975],[8.3329184,50.0187971],[8.3339335,50.0185942],[8.3339451,50.0185063],[8.334071,50.0185121],[8.3340857,50.0185128],[8.3343756,50.0185265],[8.3344494,50.0185301],[8.3345137,50.018533],[8.3346714,50.0185407],[8.3346902,50.0184463],[8.3347416,50.0181872],[8.3349101,50.0173392],[8.3349154,50.0173175],[8.3349281,50.0172719],[8.3349342,50.0172494],[8.3349808,50.0170827],[8.3314601,50.016798],[8.3314111,50.0167931],[8.3313763,50.0167903],[8.3313785,50.016778],[8.3313927,50.0167196],[8.3314041,50.0166699],[8.3314655,50.0164049],[8.3314897,50.0163003],[8.3315161,50.0162009],[8.3315205,50.0161798],[8.3315452,50.0160913],[8.3315854,50.0159401],[8.331626,50.0157848],[8.3316659,50.0156322],[8.3316925,50.0155304],[8.3317063,50.0154777],[8.3319668,50.014482],[8.3320194,50.0142378],[8.3320557,50.0139664],[8.3320934,50.0136846],[8.3321032,50.0136108],[8.3321702,50.0131089],[8.332207,50.0128335],[8.3322414,50.0125762],[8.3322824,50.0125839],[8.3322851,50.0125454],[8.3323013,50.0124338],[8.3322871,50.0117513],[8.332265,50.0106802],[8.3322644,50.0106401],[8.3322587,50.0095852],[8.3322327,50.0095808],[8.332213,50.0089868],[8.3322091,50.0087766],[8.332209,50.008771],[8.332209,50.008763],[8.3322089,50.0087448],[8.3322089,50.0087323],[8.3321585,50.0086647],[8.332146,50.008648],[8.332148,50.0086043],[8.3321498,50.0085364],[8.3321506,50.0085106],[8.3321515,50.0084724],[8.3321547,50.0083568],[8.3321578,50.0082412],[8.3321612,50.0081185],[8.3321694,50.0080225],[8.3321829,50.007866],[8.3321741,50.0076158],[8.3321606,50.0072181],[8.3321601,50.0072033],[8.3321596,50.0071909],[8.3321498,50.0069009],[8.3321494,50.0068904],[8.3321447,50.0067529],[8.3321403,50.006622],[8.3321323,50.0063894],[8.3321321,50.0063818],[8.3321312,50.0063578],[8.3328833,50.0062531],[8.332868,50.0062104],[8.3328539,50.0061712],[8.3328398,50.006132],[8.3328257,50.0060926],[8.3328114,50.006053],[8.3327825,50.0059724],[8.3327687,50.0059341],[8.3327594,50.0059081],[8.3327549,50.0058955],[8.332743,50.0058624],[8.3327376,50.0058475],[8.3327149,50.0057842],[8.3327115,50.0057746],[8.3326443,50.0055874],[8.3326432,50.0055844],[8.3326333,50.0055569],[8.3326306,50.0055493],[8.3325062,50.005203],[8.3324451,50.0050326],[8.3322659,50.0045333],[8.3322462,50.0045017],[8.332203,50.0044281],[8.3321397,50.0043202],[8.3316087,50.0034014],[8.3316022,50.0033902],[8.3314224,50.0030803],[8.3311952,50.0026887],[8.3309766,50.002312],[8.3309548,50.0022664],[8.3309054,50.0021691],[8.3307211,50.0018511],[8.3306717,50.0017656],[8.3305967,50.0016603],[8.3301923,50.0009776],[8.3267219,50.0014563],[8.3228122,50.0019604],[8.3198395,50.0022269],[8.3171727,50.0021241],[8.3153684,50.0018661],[8.3151055,50.0017692],[8.3134351,50.0011532],[8.3124985,50.0007782],[8.3115896,50.0004143],[8.3101236,49.9996984],[8.3100749,49.9996747],[8.309889,49.9995839],[8.3092773,49.9992851],[8.3086238,49.9989677],[8.3053081,49.9973568],[8.3047445,49.9971344],[8.3019314,49.9960242],[8.3000743,49.9954514],[8.2981511,49.9948581],[8.2970002,49.9946341],[8.2963748,49.9945401],[8.2958346,49.9944589],[8.2945547,49.9944265],[8.2934952,49.9945109],[8.2928656,49.9946523],[8.2907728,49.9932374],[8.2894441,49.9941098],[8.2877463,49.9953765],[8.2864041,49.9965353],[8.2856383,49.9972328],[8.2791407,50.0037797],[8.2765316,50.0063417],[8.2762424,50.0066294],[8.2749672,50.0078778],[8.2716978,50.0107597],[8.2705949,50.0115265],[8.2659251,50.0146112],[8.254182,50.0219361],[8.253413,50.0223772],[8.2458851,50.0271832],[8.2433881,50.0284268],[8.238164,50.0299477],[8.2358933,50.0306053],[8.2337337,50.0307793],[8.2273633,50.0313502],[8.2234863,50.0315625],[8.2183774,50.0318939],[8.2153664,50.0324831],[8.2122547,50.0329559],[8.2117011,50.0330416],[8.332273,50.0265108]]]]}},{"type":"Feature","properties":{"osm_id":"62746","code":1206,"fclass":"admin_level6","name":"Rheingau-Taunus-Kreis"},"geometry":{"type":"MultiPolygon","coordinates":[[[[8.1217134,50.2773533],[8.1214539,50.2770088],[8.1212768,50.2768746],[8.1210949,50.2766513],[8.1209209,50.2765313],[8.1207778,50.2763488],[8.1206996,50.2762881],[8.1204032,50.2761249],[8.1201656,50.2758876],[8.1195294,50.2755892],[8.1188824,50.2750995],[8.1187192,50.2749968],[8.1183246,50.2745924],[8.1182343,50.2745843],[8.118049,50.2744533],[8.1178792,50.2743819],[8.1177437,50.2742298],[8.1172757,50.2740715],[8.117191,50.2739697],[8.1169012,50.2739153],[8.1168019,50.2737109],[8.1161703,50.2736153],[8.1157901,50.2732183],[8.1154248,50.2730448],[8.1152048,50.2728855],[8.1145137,50.2725634],[8.1141827,50.2723582],[8.113812,50.2720096],[8.1132039,50.2714889],[8.1123539,50.2704454],[8.1117283,50.2705132],[8.111327,50.2705614],[8.1113236,50.2703292],[8.1112795,50.2703276],[8.1113186,50.2701475],[8.111185,50.2697375],[8.1111609,50.2697213],[8.1112048,50.269591],[8.1111343,50.2694499],[8.1115367,50.2693725],[8.1116088,50.2691841],[8.1116248,50.2690197],[8.1115883,50.2689556],[8.1096894,50.2656226],[8.1087443,50.263941],[8.1082609,50.2630938],[8.1077728,50.2622521],[8.1069754,50.260847],[8.1065088,50.2607054],[8.106151,50.2605961],[8.1030615,50.2596562],[8.1017512,50.2601974],[8.0958602,50.262647],[8.0935091,50.2636293],[8.0943858,50.26484],[8.0933534,50.2649403],[8.0917447,50.2654509],[8.0911128,50.2651263],[8.0896172,50.2643362],[8.0891278,50.2641115],[8.0882515,50.2638105],[8.0880055,50.2636099],[8.0874844,50.2635276],[8.0872748,50.2632312],[8.0868946,50.2631227],[8.0867492,50.263037],[8.0862706,50.2628373],[8.0860622,50.2626036],[8.085408,50.262446],[8.0845226,50.2619659],[8.0841012,50.2615334],[8.084161,50.2614831],[8.0838756,50.2614271],[8.0837855,50.26121],[8.0835163,50.2610846],[8.0831836,50.2608832],[8.0831349,50.260798],[8.0825773,50.26057],[8.0820519,50.2606236],[8.0813664,50.2605123],[8.0809749,50.2606149],[8.0806801,50.260568],[8.0804413,50.2606088],[8.080054,50.2605483],[8.0794783,50.2606392],[8.0792485,50.2605164],[8.0788657,50.2605184],[8.0792609,50.2610611],[8.0796301,50.2616015],[8.0799555,50.2618555],[8.0801204,50.2621199],[8.0801781,50.2621879],[8.0809124,50.263152],[8.0811512,50.2634951],[8.0817237,50.2643665],[8.0820782,50.2648159],[8.0824965,50.2653959],[8.0826049,50.2657952],[8.0805218,50.2661262],[8.0759559,50.2669109],[8.0757883,50.2668697],[8.0756258,50.2668369],[8.0750577,50.2668796],[8.0749014,50.2669204],[8.0748122,50.2669343],[8.0743706,50.2671767],[8.0740206,50.2678465],[8.0737371,50.2681578],[8.0737227,50.2682269],[8.0733172,50.2696588],[8.0732711,50.2697205],[8.0734444,50.2705916],[8.0736323,50.2713869],[8.0736143,50.2714724],[8.0721505,50.2735297],[8.0718781,50.273502],[8.070211,50.27296],[8.0697426,50.2728128],[8.0684096,50.2724979],[8.0675206,50.2722728],[8.0669301,50.2722314],[8.0667987,50.2723629],[8.0666866,50.2726019],[8.0649896,50.2720846],[8.0645225,50.2726924],[8.0642092,50.2731076],[8.0640245,50.2733617],[8.0622199,50.2730861],[8.0616192,50.2729145],[8.0609866,50.2726379],[8.0597355,50.2734107],[8.0596747,50.2734446],[8.0596154,50.2734777],[8.0563427,50.2736236],[8.0561933,50.272857],[8.0556135,50.2729275],[8.0555313,50.2729108],[8.0554768,50.272816],[8.0552674,50.2727885],[8.0540134,50.2728947],[8.0540111,50.2731998],[8.0539953,50.2733185],[8.0540719,50.2735083],[8.0540776,50.273809],[8.0534871,50.2738758],[8.0531826,50.2739363],[8.0517082,50.2736641],[8.0493653,50.2735107],[8.049324,50.273533],[8.0493788,50.2740775],[8.0494205,50.2741169],[8.0446899,50.2725136],[8.0435536,50.2727722],[8.0425761,50.2725738],[8.0400579,50.2719691],[8.0396445,50.2719288],[8.0394491,50.271921],[8.0394378,50.271835],[8.0384445,50.2718878],[8.0384187,50.271501],[8.0370269,50.2714298],[8.0370971,50.2713153],[8.0358503,50.2712134],[8.0358043,50.2704867],[8.0364649,50.2698122],[8.0364414,50.2695974],[8.0355771,50.2691366],[8.0352775,50.2686004],[8.0352728,50.2680986],[8.0352616,50.2677737],[8.0352157,50.267084],[8.0351694,50.2660515],[8.035571,50.2650574],[8.0358858,50.2642955],[8.035154,50.2640652],[8.033896,50.2638838],[8.033361,50.2637936],[8.0330309,50.2637506],[8.0321205,50.2633532],[8.0300564,50.2633112],[8.0295378,50.262586],[8.0298428,50.2622924],[8.0292681,50.2621346],[8.0283973,50.2620932],[8.0272895,50.2618678],[8.0264634,50.2616763],[8.0260557,50.2615917],[8.0258096,50.2616637],[8.0251848,50.2601728],[8.0225999,50.25886],[8.0214941,50.2583042],[8.0251706,50.2535255],[8.0303342,50.2553603],[8.0315612,50.2557971],[8.0343834,50.2527707],[8.0377747,50.2491212],[8.0379112,50.2489743],[8.0363751,50.2474697],[8.0355319,50.2466349],[8.0349951,50.2456967],[8.0368497,50.2445323],[8.0389327,50.2455978],[8.0439516,50.2425795],[8.0455465,50.2435985],[8.0470191,50.2442428],[8.0482097,50.2445035],[8.0496611,50.2446566],[8.048294,50.2407137],[8.0489196,50.2407432],[8.0499656,50.2400814],[8.0501592,50.2396014],[8.0509974,50.2398797],[8.0512368,50.2395478],[8.0514273,50.2387838],[8.0512326,50.2381124],[8.0518748,50.237769],[8.0530287,50.2371939],[8.0543564,50.236576],[8.0559661,50.2362142],[8.0570245,50.2358375],[8.0570934,50.2358209],[8.0568171,50.2355804],[8.056549,50.2351461],[8.056699,50.2350045],[8.0584931,50.2342688],[8.0585441,50.2342381],[8.0577064,50.2338162],[8.0573184,50.2337139],[8.0571091,50.2336935],[8.0568684,50.2336574],[8.0567743,50.2336387],[8.0564433,50.2335464],[8.0559116,50.2333315],[8.0553964,50.2331018],[8.0552381,50.2330205],[8.0550923,50.2329276],[8.0549489,50.2328292],[8.0548273,50.232726],[8.0542473,50.232165],[8.0539956,50.231943],[8.0538664,50.2318364],[8.0535914,50.2316281],[8.053437,50.2315298],[8.0532717,50.2314403],[8.0528403,50.2311746],[8.0525544,50.2310233],[8.0521647,50.230838],[8.0518101,50.2306594],[8.0506878,50.2300686],[8.0492378,50.229298],[8.0483399,50.2287284],[8.0477574,50.2283472],[8.0476974,50.2282943],[8.0477148,50.2282064],[8.0476835,50.228112],[8.0476676,50.2280721],[8.0475961,50.227994],[8.0475206,50.2279898],[8.0473032,50.2280138],[8.0472168,50.2280078],[8.0471499,50.2279914],[8.0471189,50.2279797],[8.047052,50.2279257],[8.0470351,50.2279026],[8.0469395,50.2278394],[8.0468427,50.2278029],[8.046665,50.2277993],[8.0465751,50.2277713],[8.0463129,50.2277323],[8.0461506,50.2276788],[8.0457096,50.2274676],[8.0455409,50.2273714],[8.045288,50.2272385],[8.0451754,50.2272006],[8.0449587,50.2271811],[8.0447726,50.2271854],[8.0444987,50.2272425],[8.0441057,50.2273669],[8.0440133,50.2273757],[8.0437194,50.2274392],[8.0435974,50.227586],[8.0434226,50.2276829],[8.0432152,50.2277548],[8.0421784,50.2277756],[8.0415606,50.2275099],[8.0410492,50.2272842],[8.0404398,50.2268712],[8.0404945,50.2268224],[8.040516,50.2268114],[8.0405336,50.2268223],[8.0406956,50.2267492],[8.041218,50.2265449],[8.0412439,50.2265877],[8.0413939,50.2265148],[8.0412074,50.2261965],[8.0410806,50.2258384],[8.0409453,50.2256419],[8.0407481,50.2250453],[8.0402482,50.2244872],[8.0401728,50.2245147],[8.0399916,50.2243134],[8.0397576,50.2241656],[8.039406,50.2241382],[8.0391805,50.2240691],[8.0390731,50.2239544],[8.0390557,50.2237133],[8.0388897,50.2235986],[8.0386567,50.2235657],[8.0383044,50.223577],[8.0379952,50.2236684],[8.037893,50.2236897],[8.037939,50.2236987],[8.0379073,50.2237009],[8.0374981,50.2235891],[8.0373248,50.2235314],[8.0365381,50.22331],[8.0361421,50.2232244],[8.0360754,50.2232054],[8.0358498,50.22314],[8.0357705,50.2231122],[8.0355998,50.2230418],[8.035391,50.2229253],[8.0353089,50.2228637],[8.0350497,50.222604],[8.0350002,50.2225298],[8.03494,50.222416],[8.0348854,50.2222787],[8.0348524,50.2221521],[8.0348388,50.2220245],[8.0348744,50.2219473],[8.0348266,50.2217682],[8.0347091,50.2217475],[8.0346811,50.2217536],[8.0346943,50.2217093],[8.0345773,50.2217008],[8.034507,50.2216793],[8.0345228,50.2215731],[8.0345171,50.2213774],[8.0344873,50.221205],[8.0346988,50.2210566],[8.0349299,50.22095],[8.0354982,50.2208549],[8.0356288,50.2208139],[8.0366221,50.2204389],[8.0370787,50.2202571],[8.0373806,50.2200962],[8.0376102,50.2199229],[8.0377903,50.2197039],[8.0378834,50.2195721],[8.0378774,50.2192764],[8.0378205,50.2190701],[8.0376715,50.2188176],[8.0375001,50.2185071],[8.0372384,50.2181067],[8.0369366,50.2177803],[8.0365896,50.2175],[8.0359385,50.2169369],[8.0358884,50.2169117],[8.0357349,50.2168864],[8.0355799,50.216849],[8.0354389,50.216852],[8.0353883,50.216844],[8.0351425,50.2167722],[8.0351054,50.2166711],[8.0350104,50.2165117],[8.0349817,50.216412],[8.03494,50.2163105],[8.0350036,50.2160432],[8.0349461,50.2158338],[8.0348812,50.2158142],[8.0345102,50.2156955],[8.0344897,50.2157078],[8.034351,50.2156646],[8.0340454,50.2157326],[8.0336913,50.2157202],[8.0328504,50.215593],[8.0323216,50.215585],[8.0320644,50.2155304],[8.0317448,50.2155068],[8.0315789,50.215443],[8.0312093,50.2153742],[8.0310423,50.2152406],[8.0308302,50.2152183],[8.0306235,50.2151483],[8.0304199,50.2151377],[8.0297823,50.2151963],[8.0295906,50.2151625],[8.0293921,50.2152011],[8.0292335,50.2152643],[8.0289582,50.2153018],[8.0288153,50.2153925],[8.0286806,50.2153946],[8.0284801,50.2154971],[8.0282879,50.2154783],[8.027887,50.2156853],[8.0278026,50.2158108],[8.0278742,50.2158741],[8.0277226,50.2159996],[8.0276369,50.2161532],[8.0261509,50.2164801],[8.0251663,50.2163757],[8.0235388,50.2171151],[8.0227386,50.2172736],[8.020469,50.2169234],[8.0190337,50.2163358],[8.0185318,50.216584],[8.0183405,50.2168325],[8.0179237,50.2169114],[8.0162694,50.2170718],[8.0154838,50.2172337],[8.0144526,50.2174406],[8.0135957,50.2172227],[8.012885,50.2175611],[8.0118233,50.2180765],[8.0121156,50.218305],[8.0123157,50.2186148],[8.0124918,50.2189275],[8.0124818,50.2193927],[8.012454,50.2198274],[8.0124497,50.2201588],[8.0125515,50.2202808],[8.0125165,50.2205493],[8.0122416,50.2207469],[8.0121728,50.2207388],[8.0116222,50.221288],[8.011776,50.2216018],[8.0118278,50.2217823],[8.0118151,50.2218829],[8.0115589,50.2221274],[8.0111203,50.2223226],[8.0108438,50.2223193],[8.0105275,50.2221367],[8.0102382,50.2222458],[8.0098846,50.2223374],[8.0073046,50.2231377],[8.0063963,50.2232541],[8.0061418,50.2232831],[8.0060454,50.2233711],[8.005808,50.2234884],[8.0056503,50.2234888],[8.0054119,50.2233746],[8.004401,50.2236628],[8.0041951,50.2238311],[8.0029694,50.2241619],[8.0030681,50.2243451],[8.0032251,50.2246819],[8.0035048,50.2251359],[8.0040711,50.2258763],[8.0050704,50.2266449],[8.0057215,50.2271065],[8.005955,50.2274882],[8.0061763,50.2280968],[8.0062708,50.2286341],[8.0055419,50.2289866],[8.0046501,50.2288821],[8.0029335,50.2289156],[8.0013698,50.2288604],[8.0003456,50.2293084],[7.9998246,50.2297355],[7.9993862,50.2304257],[7.9992181,50.230546],[7.997119,50.2313964],[7.9952442,50.232002],[7.9952532,50.2320667],[7.993303,50.2317344],[7.9924706,50.2323437],[7.9929467,50.2324195],[7.9941817,50.2331497],[7.9952455,50.2347687],[7.9970289,50.2361259],[7.9959024,50.2366094],[7.9946546,50.2368617],[7.9931476,50.2368446],[7.991017,50.2363592],[7.9905728,50.2373903],[7.9902728,50.2377389],[7.9901918,50.2378135],[7.9902044,50.2379536],[7.9901959,50.2380844],[7.9901426,50.2385188],[7.9900576,50.2387633],[7.9893502,50.2386781],[7.9889009,50.2384987],[7.9885541,50.2383632],[7.9885183,50.2383508],[7.9885531,50.2383062],[7.9888224,50.237987],[7.9890803,50.2376756],[7.9882664,50.2374155],[7.9878289,50.2370338],[7.9881902,50.2363958],[7.9882366,50.2363136],[7.9882477,50.2362932],[7.9882849,50.2362312],[7.9880246,50.2354927],[7.9879496,50.2348775],[7.9875213,50.2346287],[7.9868097,50.2346448],[7.9868449,50.2341242],[7.9868088,50.2337655],[7.9868398,50.2332937],[7.9868667,50.2330836],[7.9868834,50.2329758],[7.9869069,50.2327967],[7.9872723,50.2327243],[7.9874383,50.2326959],[7.987621,50.2326415],[7.9879889,50.2323955],[7.9885221,50.2319132],[7.9887434,50.2317115],[7.9888699,50.2310992],[7.9884615,50.2306069],[7.987971,50.2300091],[7.9874882,50.2291887],[7.9874245,50.2291092],[7.9866018,50.2280739],[7.9861617,50.2277441],[7.9858424,50.227527],[7.9852787,50.2271095],[7.9843827,50.2268468],[7.9843324,50.2268312],[7.9835097,50.2267098],[7.9833111,50.2266803],[7.9819553,50.226543],[7.9810989,50.2263503],[7.9809284,50.226311],[7.9808342,50.2262888],[7.9801431,50.2260318],[7.9801245,50.2260245],[7.9800119,50.225981],[7.9795463,50.2258011],[7.978245,50.2250418],[7.977406,50.2248956],[7.9762233,50.2249428],[7.9747657,50.2250678],[7.9735285,50.2251686],[7.9734171,50.2251032],[7.9728001,50.2247492],[7.9721388,50.2242473],[7.9717547,50.2235003],[7.9715638,50.2228257],[7.971029,50.2224084],[7.9700358,50.2222717],[7.969071,50.2222942],[7.9678137,50.2219596],[7.9667367,50.2216153],[7.9662867,50.2214544],[7.9662042,50.2214246],[7.9661772,50.2214152],[7.9659085,50.2213208],[7.9657669,50.2212935],[7.9657526,50.2213364],[7.965735,50.2213852],[7.965207,50.2211932],[7.9650603,50.2211165],[7.964852,50.2210057],[7.9644333,50.2207937],[7.9634948,50.2207727],[7.9626846,50.2207535],[7.9617331,50.2207277],[7.9612143,50.2206365],[7.961125,50.2205765],[7.960423,50.2201921],[7.9597661,50.220073],[7.9592076,50.2199745],[7.9584316,50.2199826],[7.9583573,50.2199828],[7.9576421,50.2199929],[7.95664,50.2200396],[7.955622,50.2200455],[7.9545655,50.2200553],[7.9535494,50.2203122],[7.9528103,50.2204383],[7.9522571,50.2200266],[7.9512424,50.2195165],[7.9508007,50.219293],[7.9506752,50.2192277],[7.9497892,50.218666],[7.9489234,50.2180905],[7.9480043,50.2174884],[7.9488258,50.216699],[7.9493433,50.216202],[7.9500405,50.21553],[7.9507299,50.2148684],[7.9514179,50.2142072],[7.9513622,50.2140285],[7.9507201,50.2137076],[7.9495859,50.2133697],[7.9482642,50.2126694],[7.9474763,50.2122985],[7.9468296,50.2120472],[7.9464805,50.211379],[7.9470069,50.2103809],[7.9471826,50.2100343],[7.9420914,50.2089293],[7.9413045,50.2092971],[7.9408626,50.2095115],[7.9403143,50.2096724],[7.9388554,50.2099323],[7.9355476,50.2091846],[7.9336323,50.208913],[7.9326545,50.2087225],[7.9309136,50.2083929],[7.9286856,50.2079663],[7.9263763,50.2079478],[7.9246526,50.2077966],[7.9208299,50.2078735],[7.9187307,50.2070525],[7.9177119,50.2066917],[7.9169747,50.2063216],[7.916789,50.2063331],[7.9150598,50.205772],[7.913436,50.2043703],[7.9127523,50.2036962],[7.9126523,50.2036694],[7.9121872,50.2036872],[7.9098223,50.2038024],[7.907929,50.202458],[7.9066031,50.2016354],[7.9075738,50.2008757],[7.9075258,50.2003777],[7.9073988,50.1998589],[7.9077589,50.1993557],[7.9085583,50.1991087],[7.9089533,50.1992024],[7.9090264,50.199142],[7.9090524,50.1990879],[7.9108957,50.198378],[7.912028,50.1973167],[7.9130711,50.1962133],[7.9130944,50.1956451],[7.9128753,50.1954042],[7.9125595,50.1951901],[7.9123191,50.1950682],[7.9116137,50.1948345],[7.9110978,50.1945076],[7.910791,50.1941598],[7.9102914,50.1932864],[7.9097143,50.1929632],[7.9095645,50.1929368],[7.9087876,50.1927365],[7.9084206,50.1925355],[7.9081024,50.1924345],[7.9077901,50.1920477],[7.9077828,50.1918635],[7.9075567,50.1915907],[7.9071274,50.1914527],[7.9068102,50.1914265],[7.9067271,50.1914196],[7.9063028,50.1914037],[7.9058201,50.1913583],[7.9055823,50.1912928],[7.904794,50.1907152],[7.9042168,50.1905007],[7.9036009,50.1904194],[7.9029699,50.1904041],[7.9024941,50.1903419],[7.9021317,50.1902062],[7.9015641,50.1899733],[7.9005153,50.1894115],[7.9000567,50.1890363],[7.899942,50.1887733],[7.8996029,50.188569],[7.8990943,50.1885266],[7.8986718,50.1886812],[7.8983476,50.1887305],[7.8981003,50.1888577],[7.8977991,50.1888712],[7.897763,50.1887121],[7.8976057,50.1885627],[7.8972766,50.1883824],[7.8970955,50.1881532],[7.8967538,50.1880119],[7.8963723,50.1876463],[7.8956063,50.1871545],[7.8954635,50.1869707],[7.895066,50.1867999],[7.8947879,50.1862595],[7.8947965,50.1862444],[7.8947578,50.1860422],[7.8945147,50.1858732],[7.8941209,50.1857581],[7.8936318,50.185731],[7.8934414,50.1857591],[7.8932941,50.1856921],[7.8928585,50.1856739],[7.8925988,50.1856672],[7.8924845,50.1855888],[7.8922656,50.1855864],[7.8916209,50.1850366],[7.8915462,50.1848759],[7.891298,50.1847082],[7.8912813,50.1845355],[7.8909509,50.1838002],[7.8906609,50.1836075],[7.8892388,50.1834323],[7.8884154,50.1830654],[7.8882436,50.1829594],[7.8878408,50.1828286],[7.8875657,50.1825885],[7.8871642,50.1825351],[7.8862965,50.1822249],[7.8857359,50.1820701],[7.8853097,50.1818224],[7.8850061,50.1814576],[7.8847534,50.1813119],[7.8845066,50.1812808],[7.8837272,50.1813968],[7.8834719,50.1812577],[7.8830686,50.1812874],[7.8827832,50.1814794],[7.8826981,50.1812753],[7.8826602,50.1812756],[7.8829942,50.1808988],[7.8830124,50.1808732],[7.88354,50.1807763],[7.8838582,50.1807001],[7.8838573,50.1805249],[7.8838914,50.1804045],[7.8838388,50.1803321],[7.8838001,50.1800934],[7.8839495,50.1797379],[7.8841824,50.1792648],[7.8842723,50.1789954],[7.8835957,50.1788886],[7.883479,50.1788738],[7.8838263,50.1783008],[7.8844548,50.1772112],[7.8846254,50.1769588],[7.8849447,50.1761766],[7.8864358,50.1760863],[7.8864621,50.1760756],[7.8864777,50.1760842],[7.8870691,50.1762978],[7.887396,50.1759738],[7.8878877,50.1754376],[7.8880098,50.1754724],[7.8884387,50.1746584],[7.8886505,50.1738386],[7.8886652,50.173598],[7.8883969,50.1735285],[7.8871336,50.1732397],[7.8863979,50.1729145],[7.8864893,50.1723048],[7.8867051,50.1719101],[7.8858528,50.1713333],[7.8856994,50.1711616],[7.8855474,50.1709777],[7.8854411,50.1708676],[7.8849616,50.1700035],[7.885879,50.1698513],[7.8856472,50.1692807],[7.8853671,50.1689801],[7.8848177,50.168235],[7.8851365,50.1675792],[7.8853719,50.1674181],[7.8866466,50.1667972],[7.8876964,50.1657931],[7.8877096,50.1657712],[7.8879933,50.1654121],[7.8881778,50.1652585],[7.8887568,50.1646994],[7.8896807,50.1638321],[7.8911759,50.1626437],[7.8919293,50.162086],[7.8922569,50.1618505],[7.8943624,50.1611754],[7.8956294,50.1607926],[7.8961793,50.1605592],[7.8968131,50.1602467],[7.8978104,50.1598517],[7.8987384,50.1594343],[7.8983589,50.1590618],[7.9009178,50.1586323],[7.902433,50.1584465],[7.9038974,50.1581501],[7.9065819,50.1568685],[7.9087231,50.1558819],[7.9096023,50.1549281],[7.9111392,50.153771],[7.9117756,50.1530519],[7.9116166,50.1522745],[7.9116709,50.152049],[7.9117143,50.1518686],[7.9126371,50.1514442],[7.9133284,50.1511351],[7.9139199,50.1508846],[7.9144375,50.1506946],[7.9165864,50.150383],[7.916997,50.1493881],[7.9175381,50.1491302],[7.9185776,50.1489132],[7.9195197,50.1480975],[7.9208341,50.147344],[7.9209657,50.1472457],[7.9211786,50.1471698],[7.9216356,50.1471018],[7.9218941,50.1468965],[7.9223519,50.1468039],[7.9226913,50.1467172],[7.9229901,50.1466623],[7.9232719,50.1467173],[7.9235877,50.1467125],[7.92411,50.1466186],[7.9243363,50.1464817],[7.9248719,50.1463463],[7.9251813,50.1461718],[7.9256509,50.145958],[7.9260748,50.1457952],[7.9263561,50.1458043],[7.9270114,50.1454234],[7.9271715,50.1452714],[7.9278665,50.1451705],[7.929042,50.1451836],[7.9293149,50.145226],[7.9295028,50.1451909],[7.929833,50.1451596],[7.9300409,50.1450116],[7.9300332,50.1449281],[7.9301859,50.1448534],[7.930358,50.1449029],[7.9304646,50.144849],[7.9304494,50.1447445],[7.9306254,50.1447099],[7.9306686,50.1445801],[7.9320043,50.1440283],[7.932306,50.1439443],[7.9324598,50.1438804],[7.9324039,50.1433914],[7.932313,50.1431627],[7.9321863,50.142966],[7.9319208,50.1427969],[7.9292077,50.142131],[7.9273469,50.140988],[7.9270526,50.1406357],[7.9264465,50.140118],[7.9263235,50.1398633],[7.926205,50.1397887],[7.926171,50.1392788],[7.9258421,50.1390523],[7.9256164,50.1375616],[7.9257056,50.1373149],[7.9255934,50.1371047],[7.92529,50.1366617],[7.9251239,50.1365531],[7.9248556,50.1364864],[7.9247222,50.1363897],[7.9244865,50.1362651],[7.9242224,50.1360013],[7.9240883,50.1358593],[7.9238875,50.1359056],[7.923761,50.1358415],[7.923765,50.1356453],[7.923659,50.135572],[7.9229448,50.1352982],[7.9225674,50.135067],[7.9223635,50.1348068],[7.9222704,50.1345278],[7.9222897,50.1343349],[7.9222468,50.1339942],[7.9222916,50.1338848],[7.9223242,50.1336887],[7.9224515,50.1335651],[7.9227016,50.1332285],[7.9227355,50.1330352],[7.9228272,50.1328602],[7.922877,50.1327144],[7.922808,50.1324437],[7.9228705,50.1324352],[7.9227564,50.1320956],[7.9225518,50.1319892],[7.9221643,50.1320163],[7.9221595,50.1319588],[7.9223897,50.1318792],[7.9224452,50.1318194],[7.9224125,50.1317059],[7.9223053,50.1315372],[7.9223994,50.131509],[7.922122,50.1312978],[7.9220507,50.1312172],[7.9220371,50.1310263],[7.9220876,50.130862],[7.9221229,50.1307036],[7.9221247,50.1305571],[7.9220629,50.130424],[7.9221179,50.1302713],[7.9222502,50.1297247],[7.9223529,50.1295714],[7.9223693,50.1293549],[7.922507,50.1293324],[7.92261,50.1289967],[7.9226426,50.1287223],[7.9225731,50.1283178],[7.9226552,50.1281362],[7.9226083,50.1278207],[7.922641,50.1274595],[7.9226982,50.1272708],[7.9228134,50.1272211],[7.9228915,50.1269316],[7.9230375,50.1267452],[7.9231271,50.1264816],[7.9231444,50.1257702],[7.9231758,50.1254086],[7.9230907,50.125291],[7.9228596,50.1251556],[7.9229279,50.1251102],[7.9231632,50.1251444],[7.9234415,50.1251156],[7.923776,50.1250224],[7.9241636,50.1248583],[7.9244016,50.1247806],[7.9247214,50.1246371],[7.925011,50.1244433],[7.9252316,50.1240963],[7.9251872,50.1236694],[7.9252339,50.1236103],[7.9251925,50.1234051],[7.9249513,50.1230845],[7.9246327,50.1227583],[7.9244028,50.122788],[7.9242297,50.1228399],[7.9241356,50.1226709],[7.9241604,50.1224717],[7.9242108,50.1223511],[7.9242213,50.1221904],[7.9240439,50.1220745],[7.9239586,50.1218902],[7.9240995,50.1219084],[7.9242366,50.1218891],[7.9243029,50.1218373],[7.9243254,50.1217578],[7.9243298,50.1216437],[7.9243938,50.1215517],[7.9244403,50.121286],[7.9240206,50.1210506],[7.9242172,50.1210609],[7.9243997,50.1210841],[7.924548,50.1210615],[7.9246533,50.121017],[7.9247444,50.120956],[7.9250532,50.1206128],[7.925243,50.1206683],[7.9253708,50.1205174],[7.9258351,50.1202033],[7.9260187,50.12001],[7.9261601,50.1199417],[7.9263276,50.1197808],[7.9265051,50.1197238],[7.926847,50.1195794],[7.9271299,50.1194202],[7.9274999,50.1192273],[7.9275094,50.1192468],[7.9276962,50.1189373],[7.927776,50.1186958],[7.9274004,50.1182929],[7.9269883,50.1181577],[7.9268755,50.1179349],[7.9265431,50.1177033],[7.9260641,50.1173493],[7.9259181,50.1170189],[7.9258146,50.1166167],[7.9256208,50.1163731],[7.9253792,50.1162544],[7.9251578,50.1160029],[7.9250167,50.1157074],[7.9247537,50.1153711],[7.9245612,50.1152136],[7.9243249,50.1145152],[7.9243876,50.1141119],[7.92423,50.1139783],[7.9243674,50.1137721],[7.9243001,50.1133867],[7.9243407,50.1127792],[7.9246247,50.1123284],[7.924846,50.1121614],[7.925389,50.1118083],[7.9256691,50.1114156],[7.9260694,50.1109311],[7.9264886,50.1106842],[7.9265038,50.1103408],[7.9263461,50.1102044],[7.926271,50.1100006],[7.9257388,50.1095608],[7.9256402,50.1095166],[7.9253693,50.1092582],[7.9253056,50.1090881],[7.9253905,50.1086381],[7.9255017,50.1083419],[7.9258525,50.1078144],[7.9262281,50.1075994],[7.9267716,50.1070093],[7.9267929,50.1069558],[7.9266414,50.106735],[7.9265556,50.106494],[7.9267981,50.1059931],[7.9264699,50.1057479],[7.9264302,50.1056829],[7.9264897,50.1055499],[7.9266815,50.1049537],[7.9270148,50.1048591],[7.9275188,50.104602],[7.9279222,50.1044419],[7.9282664,50.1045111],[7.9288799,50.1044816],[7.929412,50.1042488],[7.9294796,50.1041218],[7.9296006,50.1039901],[7.9298907,50.1039501],[7.9298518,50.1039169],[7.9299518,50.1039025],[7.9292146,50.1032629],[7.9286542,50.1032582],[7.9272153,50.1031734],[7.9266313,50.1030944],[7.925881,50.103215],[7.9254844,50.1033134],[7.9247552,50.1034769],[7.9241832,50.1035402],[7.9238909,50.1035961],[7.9237389,50.1035266],[7.9235731,50.1031928],[7.9236552,50.1029393],[7.9241572,50.1023917],[7.9246745,50.1020053],[7.9252386,50.101702],[7.9252003,50.1016528],[7.9252575,50.1016189],[7.9252818,50.1016597],[7.9254792,50.1011572],[7.9254261,50.1011854],[7.9253841,50.1012123],[7.9247474,50.10156],[7.9205178,50.1036852],[7.9206239,50.1050379],[7.9203187,50.1065976],[7.9200828,50.1077161],[7.9198508,50.1087623],[7.9190912,50.1097435],[7.9185066,50.1102862],[7.9179683,50.1110659],[7.916557,50.1122192],[7.9151866,50.1135887],[7.9138976,50.1146364],[7.9130448,50.1155408],[7.9126156,50.1156488],[7.9113543,50.1166255],[7.9080982,50.1196638],[7.9045184,50.1216295],[7.9023843,50.1221327],[7.9006787,50.1223764],[7.8994843,50.1220754],[7.8977159,50.1217595],[7.8968287,50.1211673],[7.8968543,50.1207761],[7.8966692,50.1208028],[7.8965819,50.1206229],[7.8962323,50.1203233],[7.8954326,50.1200992],[7.8952209,50.1198862],[7.894443,50.1195067],[7.8939919,50.1192164],[7.893704,50.1191356],[7.8931432,50.118989],[7.892783,50.1187979],[7.8920089,50.118306],[7.8916234,50.1181407],[7.8909941,50.1172374],[7.8906195,50.1170076],[7.8889374,50.1165969],[7.8878936,50.1161195],[7.8866333,50.115543],[7.8862085,50.1151715],[7.8862374,50.1148438],[7.8858815,50.1146639],[7.885344,50.1145246],[7.8844495,50.1142235],[7.8843636,50.11452],[7.8842199,50.114594],[7.8837151,50.1147979],[7.8833277,50.1151081],[7.8825662,50.1161067],[7.881232,50.1166807],[7.8797077,50.1161379],[7.8785416,50.1157334],[7.877503,50.1176117],[7.8753875,50.1194005],[7.8718021,50.1192642],[7.8699937,50.1199761],[7.8688264,50.1205622],[7.8686059,50.1207658],[7.8684197,50.1210672],[7.8683549,50.1210969],[7.8681441,50.121326],[7.8678839,50.1210749],[7.8675825,50.1208955],[7.866919,50.1206507],[7.8661036,50.1204277],[7.8658345,50.1204312],[7.8657437,50.1209179],[7.8657191,50.1212663],[7.8657986,50.1215072],[7.8661162,50.1221495],[7.8663903,50.1224404],[7.8662633,50.122815],[7.8658226,50.1233044],[7.8655669,50.1239819],[7.8656604,50.1242554],[7.8655424,50.1247182],[7.86522,50.1248703],[7.86479,50.1249783],[7.864537,50.1248894],[7.8634657,50.125236],[7.8621883,50.1258967],[7.8617148,50.1263056],[7.8607559,50.1272859],[7.8602522,50.1274993],[7.8597947,50.1274306],[7.8596398,50.1276123],[7.8583209,50.1279183],[7.8570221,50.1282351],[7.8541934,50.1285672],[7.8527439,50.1276114],[7.851922,50.1271124],[7.8496757,50.1261985],[7.8485056,50.1255676],[7.8474155,50.1249735],[7.847235,50.1236699],[7.8470464,50.1222762],[7.8470983,50.1208047],[7.846568,50.1172788],[7.8462738,50.115262],[7.8459906,50.1137618],[7.8455817,50.113964],[7.8447316,50.1125212],[7.8442455,50.1113648],[7.843159,50.1116672],[7.8415504,50.110921],[7.8389532,50.1097077],[7.8352615,50.1100694],[7.8354157,50.1099272],[7.835706,50.1098329],[7.8357977,50.1097243],[7.8360041,50.1095912],[7.8366233,50.1094463],[7.8367459,50.1094631],[7.8367584,50.1094905],[7.837526,50.1092532],[7.8374059,50.1091753],[7.837585,50.1089326],[7.8376429,50.108787],[7.8374318,50.1086168],[7.8376952,50.1084779],[7.8378006,50.1085511],[7.8378463,50.1085019],[7.8379365,50.1083205],[7.8379692,50.10798],[7.8379295,50.1075542],[7.8375978,50.1072733],[7.8373415,50.1070028],[7.8371269,50.1068322],[7.8369315,50.1066577],[7.8366551,50.1064263],[7.8367677,50.1063627],[7.8366016,50.1062341],[7.8358689,50.1061678],[7.8355643,50.1061735],[7.8354848,50.1063064],[7.834903,50.1062002],[7.834098,50.1058941],[7.83458,50.1056323],[7.8349027,50.1053556],[7.8347696,50.1051635],[7.8352475,50.1050206],[7.8353313,50.1047207],[7.8355383,50.1044713],[7.8344757,50.1037866],[7.8348419,50.1032274],[7.8358648,50.1036879],[7.8361791,50.1034582],[7.8361135,50.1032921],[7.8358769,50.1031208],[7.8362554,50.1030025],[7.836364,50.1028976],[7.8361456,50.1024939],[7.8369879,50.1024417],[7.8373622,50.1021071],[7.8380495,50.1021088],[7.8384759,50.101954],[7.8386581,50.1018693],[7.8388321,50.1017486],[7.8389682,50.1016415],[7.8389875,50.101607],[7.8391398,50.1015277],[7.8388224,50.101319],[7.8386609,50.1012],[7.8385102,50.1010516],[7.8385782,50.1010188],[7.8384959,50.1009497],[7.8384248,50.1009467],[7.8383785,50.1009057],[7.8376046,50.1006098],[7.8370782,50.1003124],[7.8376181,50.1001506],[7.8375399,50.0997866],[7.8373423,50.0995242],[7.8365299,50.0994932],[7.8365713,50.0990742],[7.8361168,50.0990395],[7.8360601,50.0991985],[7.8346556,50.0990755],[7.8339825,50.0990992],[7.8340159,50.0993071],[7.8328616,50.0994121],[7.8318962,50.0993789],[7.8318772,50.0992914],[7.8317732,50.0992818],[7.8317778,50.0990813],[7.831843,50.0989168],[7.8317538,50.0987439],[7.8310234,50.0986061],[7.8305645,50.0985762],[7.8305782,50.0983521],[7.8302188,50.0983035],[7.8302559,50.0981889],[7.8299522,50.0981206],[7.8297601,50.0977925],[7.8309425,50.0978746],[7.8317694,50.0977368],[7.8318574,50.0974461],[7.8319901,50.0973358],[7.8321059,50.0968411],[7.83193,50.096584],[7.8319765,50.0963763],[7.8319413,50.0957796],[7.8320531,50.0957717],[7.8321302,50.0954185],[7.8321333,50.0950498],[7.8317857,50.0944081],[7.8312926,50.0939598],[7.8308048,50.0929542],[7.8310048,50.0928505],[7.8316272,50.0936889],[7.8320175,50.0940566],[7.832198,50.094238],[7.8326003,50.0943029],[7.832924,50.0941391],[7.8330238,50.0942929],[7.8332171,50.0944898],[7.8334394,50.0946618],[7.8336702,50.0948054],[7.8339451,50.0947522],[7.8343,50.0951135],[7.8343814,50.0951209],[7.8344574,50.0951952],[7.834586,50.0951539],[7.8347926,50.0953548],[7.8349292,50.0953114],[7.8352101,50.0954383],[7.8354671,50.0952749],[7.8356369,50.0950904],[7.835215,50.0948746],[7.8352811,50.0947136],[7.8350371,50.094488],[7.8349756,50.0943334],[7.8347461,50.0943024],[7.8346084,50.0942732],[7.8345729,50.0941072],[7.8348811,50.0939741],[7.8350531,50.0939773],[7.8352604,50.0938894],[7.8355179,50.0939479],[7.8360887,50.0937287],[7.8353037,50.09325],[7.8350746,50.0929763],[7.8341464,50.0927328],[7.8332154,50.0924684],[7.8335963,50.0920586],[7.8341226,50.0922117],[7.8344655,50.0922722],[7.8346312,50.0923261],[7.8351198,50.0923529],[7.8355397,50.0922549],[7.8353128,50.0917519],[7.8352335,50.0916125],[7.8349206,50.0912673],[7.8355373,50.0908476],[7.8367116,50.0905407],[7.8366148,50.0899669],[7.8363193,50.0897071],[7.8360297,50.0894137],[7.835649,50.0889857],[7.8353897,50.0886398],[7.8355513,50.0885629],[7.8361004,50.0884331],[7.8368142,50.0882919],[7.8368921,50.0880533],[7.837363,50.0877602],[7.8377421,50.0873707],[7.837875,50.0870178],[7.8378586,50.0868434],[7.837731,50.0866631],[7.8373993,50.0863588],[7.8377304,50.0862943],[7.8381237,50.086679],[7.8382452,50.0868762],[7.8382485,50.0869603],[7.8380256,50.0874367],[7.8387298,50.087599],[7.8389116,50.0871533],[7.8389353,50.086853],[7.8387646,50.086587],[7.8383466,50.0861768],[7.8381756,50.0862094],[7.8379104,50.0858016],[7.8376022,50.085227],[7.8385168,50.084981],[7.8373559,50.0839695],[7.8356869,50.0835309],[7.8345174,50.0831692],[7.8341162,50.0830792],[7.8333052,50.0831909],[7.8325643,50.0825886],[7.8322477,50.0823369],[7.8316229,50.0818272],[7.830872,50.0818139],[7.8299782,50.0816422],[7.8292858,50.0817427],[7.8281778,50.0816517],[7.8271082,50.0817342],[7.8264226,50.0819754],[7.8254654,50.0823891],[7.8251302,50.0824633],[7.8230177,50.0832647],[7.8217668,50.0841837],[7.8217232,50.0841966],[7.821297,50.0845562],[7.8213051,50.0844466],[7.8212927,50.0843496],[7.8213209,50.0839874],[7.8213006,50.083879],[7.8212992,50.0836389],[7.8213575,50.0835005],[7.8213577,50.0834535],[7.8213907,50.0832871],[7.8213814,50.0831278],[7.8214991,50.0829569],[7.8214979,50.0829409],[7.8214897,50.0829289],[7.8215559,50.0827981],[7.8215697,50.0827338],[7.8215296,50.0825859],[7.8213661,50.0823376],[7.8213006,50.0821539],[7.821225,50.0820587],[7.8211696,50.0819359],[7.8209934,50.0817316],[7.8209256,50.081619],[7.8208519,50.0814332],[7.8208157,50.0811203],[7.8207719,50.0812386],[7.820507,50.0812729],[7.8203081,50.0811949],[7.8199106,50.0809877],[7.8190584,50.0807667],[7.8187788,50.0807373],[7.8182965,50.0806451],[7.8177845,50.0806329],[7.8174516,50.0806551],[7.8167987,50.0806809],[7.8166112,50.080868],[7.8161707,50.0811636],[7.8161256,50.081207],[7.8158143,50.0816061],[7.8155952,50.0821962],[7.8153426,50.0821999],[7.8150471,50.0823949],[7.8150206,50.0829405],[7.8150197,50.0832516],[7.8148853,50.0834438],[7.8145691,50.0835696],[7.8137204,50.0836371],[7.8130886,50.0836286],[7.8126218,50.0836881],[7.8121738,50.0837625],[7.8107189,50.0842512],[7.8100161,50.0842913],[7.8092811,50.084328],[7.8091059,50.0843956],[7.8086564,50.0844457],[7.8084899,50.084415],[7.8076045,50.0842695],[7.8072212,50.0841232],[7.8059577,50.0844547],[7.8056514,50.08454],[7.8040544,50.0847253],[7.8033532,50.0847895],[7.8032781,50.0847913],[7.8028331,50.0848184],[7.80119,50.0834417],[7.8008278,50.0829452],[7.8007224,50.0828389],[7.8001942,50.0821424],[7.8001967,50.0821011],[7.8001734,50.0816878],[7.7999332,50.0808403],[7.7996673,50.0805958],[7.7995083,50.0804328],[7.7994847,50.080396],[7.7987264,50.0795651],[7.7980136,50.0787358],[7.7979229,50.078726],[7.7972275,50.0778124],[7.7967065,50.0773233],[7.7962766,50.0770319],[7.796322,50.077005],[7.7960823,50.0767376],[7.7945975,50.0758432],[7.7939455,50.0752441],[7.7923657,50.0745061],[7.7918203,50.0741095],[7.7916676,50.0740535],[7.7913686,50.0739553],[7.790727,50.0737542],[7.7901164,50.0735746],[7.7892859,50.0732737],[7.7883929,50.0728887],[7.7874,50.0722089],[7.7870004,50.0719541],[7.7868278,50.0718496],[7.7868958,50.0717785],[7.7867555,50.0717142],[7.7866222,50.0716103],[7.7865552,50.0715036],[7.7864728,50.0708791],[7.7865481,50.0708741],[7.7869693,50.0709943],[7.7871108,50.0710286],[7.7877079,50.070483],[7.7874717,50.0703642],[7.7873474,50.0702954],[7.7875839,50.0699332],[7.787671,50.0696588],[7.7876798,50.0695308],[7.7876365,50.0693442],[7.7875766,50.0693095],[7.7873527,50.0691037],[7.7869822,50.0688635],[7.7868861,50.0688157],[7.7864029,50.0686346],[7.7861678,50.068508],[7.7859522,50.0684053],[7.7858371,50.0683391],[7.7856931,50.0682717],[7.7854498,50.0681857],[7.7853145,50.0680825],[7.7850573,50.0679356],[7.785036,50.067913],[7.7848367,50.0678479],[7.784741,50.067746],[7.784453,50.0675668],[7.7837142,50.067023],[7.7832725,50.0668471],[7.7831944,50.0668007],[7.7829144,50.0667054],[7.7826768,50.0666299],[7.7823971,50.0665222],[7.782027,50.0664478],[7.781216,50.0664239],[7.78062,50.066478],[7.780449,50.0665145],[7.7803025,50.0665354],[7.7799248,50.0665662],[7.7796692,50.0665757],[7.7795164,50.06657],[7.7793188,50.0665883],[7.7789066,50.0666113],[7.7786881,50.0666063],[7.7785898,50.0665897],[7.7781613,50.0665873],[7.7780808,50.0665928],[7.7779848,50.0666137],[7.7779416,50.0666173],[7.7774658,50.0667774],[7.7772851,50.0668098],[7.7772854,50.0667944],[7.776872,50.0668174],[7.7767641,50.0668193],[7.7734346,50.067073],[7.7733654,50.0662234],[7.7734895,50.0653839],[7.7729706,50.0637833],[7.7724673,50.0583311],[7.773364,50.0568969],[7.7797712,50.0509886],[7.782506,50.0496466],[7.7836727,50.0490035],[7.7847325,50.048462],[7.7889434,50.04616],[7.7896841,50.0457366],[7.7905688,50.0452656],[7.7909024,50.0450796],[7.7925615,50.0441546],[7.7932114,50.0438388],[7.7957782,50.0428657],[7.799693,50.0413951],[7.8000268,50.0412756],[7.8010429,50.0410233],[7.8021243,50.0407286],[7.8079794,50.03884],[7.808161,50.0386128],[7.8082067,50.0385706],[7.8083934,50.038364],[7.8086765,50.038017],[7.8089574,50.0376832],[7.8091173,50.0375032],[7.8093359,50.0372685],[7.8095404,50.0370627],[7.8097178,50.036894],[7.8099127,50.0367285],[7.8101085,50.0365797],[7.8103606,50.0364228],[7.8104808,50.0363626],[7.8106222,50.0362982],[7.8110032,50.0361077],[7.8112673,50.03596],[7.8117555,50.0356513],[7.8122545,50.0353436],[7.812554,50.035142],[7.8147107,50.0337465],[7.8162442,50.0325674],[7.8189952,50.0298448],[7.8219372,50.0276167],[7.8262905,50.0249019],[7.8282413,50.0235077],[7.8301895,50.0220372],[7.8305025,50.021827],[7.8320702,50.0207742],[7.8338657,50.0199904],[7.8352394,50.0194704],[7.8399955,50.0177128],[7.8440614,50.0165143],[7.8493181,50.0144859],[7.8516204,50.0134595],[7.8533783,50.0117324],[7.8561473,50.0097052],[7.8570731,50.0086971],[7.8575443,50.0082113],[7.8579701,50.0075199],[7.8585972,50.0065018],[7.8586219,50.0058927],[7.8586968,50.0055602],[7.8589528,50.0046916],[7.8588441,50.0025525],[7.8594264,50.0003191],[7.8602632,49.9982053],[7.8615551,49.9953274],[7.8616761,49.9941169],[7.8619753,49.9929457],[7.8621635,49.9917486],[7.8621542,49.9908492],[7.8621572,49.9903255],[7.8625679,49.9883317],[7.8637009,49.9853251],[7.8643484,49.982484],[7.8644902,49.9821761],[7.8646574,49.9817931],[7.8648308,49.9811273],[7.8652242,49.9807388],[7.8675464,49.9784458],[7.8699609,49.975866],[7.8701541,49.975779],[7.8737995,49.974138],[7.8769525,49.9729269],[7.8773686,49.9727772],[7.8827603,49.972136],[7.8865825,49.9718945],[7.887579,49.9718542],[7.88852,49.9718445],[7.8889731,49.9718499],[7.8903642,49.9719069],[7.9014517,49.9726971],[7.9028348,49.9728098],[7.9042145,49.9729406],[7.9120935,49.9737532],[7.9124744,49.9737918],[7.9138543,49.9739198],[7.9152378,49.9740301],[7.9163911,49.9741082],[7.9180119,49.9742093],[7.9202497,49.9738967],[7.9288627,49.9741779],[7.9319086,49.9742773],[7.9329528,49.9742836],[7.9331403,49.9742366],[7.9347089,49.9740247],[7.9365147,49.9739591],[7.9371034,49.9739714],[7.9405137,49.9743889],[7.9417274,49.9745092],[7.9419302,49.9746193],[7.9420532,49.9747055],[7.9456989,49.9749205],[7.945996,49.9749783],[7.9465629,49.9750885],[7.9526419,49.9763209],[7.9536901,49.9765181],[7.9550455,49.9767292],[7.9564162,49.9768939],[7.9577986,49.977012],[7.9583041,49.9770434],[7.9624968,49.9772774],[7.9633546,49.9773289],[7.9647407,49.9774271],[7.9651469,49.9774595],[7.9661209,49.9775543],[7.9674856,49.9777385],[7.9688282,49.9779809],[7.9701428,49.9782805],[7.9714331,49.9786214],[7.9727084,49.9789852],[7.9739678,49.9793712],[7.9752103,49.9797794],[7.9764346,49.9802093],[7.9764772,49.9802248],[7.9835685,49.9828035],[7.9849362,49.9833009],[7.9852761,49.9834245],[7.9897954,49.9850667],[7.9910217,49.9854949],[7.9922629,49.9859054],[7.9935181,49.9862981],[7.9940072,49.9864451],[8.0011146,49.9885593],[8.0023728,49.988948],[8.0036131,49.98936],[8.0043516,49.9896192],[8.0060538,49.9902311],[8.0072653,49.9906757],[8.0084699,49.991129],[8.0096658,49.9915905],[8.0108582,49.992059],[8.0120409,49.9925354],[8.0127299,49.9928174],[8.0143902,49.9935068],[8.0190172,49.9955146],[8.0271091,49.9990309],[8.0277636,49.9992671],[8.0334849,50.0013308],[8.0363787,50.0021087],[8.0395258,50.0029547],[8.0451287,50.0042163],[8.0482243,50.004609],[8.0540414,50.0050637],[8.054657,50.0050887],[8.0594747,50.0052838],[8.0733135,50.0059249],[8.078867,50.0066619],[8.0792319,50.0067562],[8.0843588,50.0080815],[8.0879261,50.0091076],[8.0914283,50.010115],[8.0973062,50.0121118],[8.1019468,50.0142651],[8.1053963,50.0163461],[8.1074955,50.01728],[8.1110617,50.0189469],[8.1177753,50.0207698],[8.1201212,50.0214439],[8.1216176,50.0220306],[8.1256843,50.0232391],[8.1276836,50.0238026],[8.129003,50.0241541],[8.1303511,50.0244609],[8.13163,50.0247402],[8.1329794,50.0249751],[8.1346919,50.0251991],[8.1379268,50.0256099],[8.1428513,50.0262351],[8.1453162,50.026532],[8.1466517,50.0267756],[8.1480009,50.0270327],[8.1493217,50.0273121],[8.1506422,50.027614],[8.1523095,50.0280397],[8.1544749,50.0287118],[8.1570576,50.0294616],[8.1582727,50.0298138],[8.161118,50.0307245],[8.1620428,50.0310006],[8.1633263,50.0313508],[8.1646164,50.0316905],[8.1659122,50.0320212],[8.1672067,50.0323464],[8.1685096,50.0326581],[8.1698178,50.0329606],[8.1711309,50.0332539],[8.1724489,50.033538],[8.1737715,50.0338128],[8.1751588,50.0340884],[8.1739852,50.0361112],[8.1716804,50.0401108],[8.1693815,50.0430416],[8.1693562,50.043074],[8.1695848,50.0432577],[8.1695394,50.0433036],[8.1684307,50.0444257],[8.1669418,50.045939],[8.166852,50.046028],[8.1668389,50.0460412],[8.1647175,50.0481891],[8.1644621,50.0484476],[8.1644277,50.0484824],[8.1632306,50.0496937],[8.1632011,50.0497236],[8.161125,50.0518241],[8.1597182,50.0529663],[8.1577147,50.0545903],[8.1576842,50.054615],[8.1571162,50.0550774],[8.1570475,50.0551033],[8.1568632,50.0551728],[8.1565616,50.0552885],[8.1565138,50.0553051],[8.1553277,50.0557632],[8.1552851,50.0557796],[8.1543999,50.0561231],[8.1525429,50.0568437],[8.1520394,50.0570388],[8.1509577,50.0576378],[8.1509033,50.057668],[8.14965,50.058362],[8.1484269,50.0590394],[8.1483623,50.0590751],[8.1483156,50.0591009],[8.146815,50.0599315],[8.1464485,50.0601344],[8.1460837,50.0603363],[8.145876,50.0604512],[8.1456479,50.0605831],[8.1455479,50.0606408],[8.1454449,50.0607004],[8.1453099,50.0607785],[8.1451541,50.0608685],[8.145036,50.0609369],[8.1449108,50.0610092],[8.1447882,50.0610801],[8.1446567,50.0611561],[8.1444758,50.0612607],[8.1443594,50.061328],[8.1442246,50.0614059],[8.1440929,50.0614821],[8.1440006,50.0615354],[8.1439851,50.0615444],[8.1438199,50.0616497],[8.143502,50.0618524],[8.1433612,50.0619424],[8.1431993,50.0620456],[8.1430855,50.0621183],[8.1429601,50.0621982],[8.142557,50.0624553],[8.1424648,50.0625142],[8.1423542,50.0625847],[8.1422757,50.0626348],[8.1421984,50.062684],[8.1421048,50.0627431],[8.1420191,50.0627973],[8.1418929,50.0628771],[8.1417661,50.0629573],[8.1416618,50.0630263],[8.1416484,50.0630392],[8.1415366,50.0631468],[8.1414694,50.0632113],[8.1414201,50.0632588],[8.1409941,50.0636687],[8.1409115,50.0637481],[8.1408135,50.0638424],[8.1407143,50.0639378],[8.1406705,50.06398],[8.1406259,50.0640229],[8.1405948,50.0640528],[8.140259,50.0648488],[8.1398919,50.0657082],[8.139205,50.0660544],[8.1381863,50.0665649],[8.1377322,50.0667944],[8.1371726,50.0670772],[8.1361512,50.0675876],[8.1359,50.0679859],[8.1353537,50.0688062],[8.1353307,50.0688414],[8.1353172,50.068862],[8.1345816,50.0695401],[8.1341224,50.0699633],[8.1340591,50.0700218],[8.1338367,50.0702268],[8.1337005,50.0703053],[8.1332657,50.0705562],[8.1321416,50.0709624],[8.1310267,50.0713902],[8.1299613,50.0718512],[8.1296988,50.0719451],[8.1296098,50.071977],[8.1288916,50.072234],[8.1287576,50.0722824],[8.1286222,50.0723314],[8.1284696,50.0723865],[8.1277665,50.0726406],[8.127156,50.0727159],[8.1258882,50.072882],[8.1251856,50.0732767],[8.1242149,50.0738239],[8.1237582,50.0742813],[8.1224808,50.0745908],[8.1216885,50.0746505],[8.1210962,50.0746172],[8.1200507,50.0745737],[8.1199428,50.0744976],[8.1190426,50.074522],[8.1176097,50.0743351],[8.1156984,50.073882],[8.1151687,50.0737565],[8.115043,50.0737268],[8.1149749,50.0737106],[8.1143817,50.0735701],[8.1137897,50.0734299],[8.1126196,50.0733398],[8.1123779,50.0732647],[8.1114151,50.0729655],[8.1115581,50.0730853],[8.1116535,50.0731832],[8.1119948,50.0735331],[8.1119508,50.0735926],[8.1118915,50.0736728],[8.1117035,50.0739269],[8.1114469,50.0743572],[8.1112352,50.0749253],[8.111123,50.0751758],[8.1110986,50.0754091],[8.111191,50.075736],[8.1110875,50.0761942],[8.1111001,50.0768756],[8.1113207,50.0772813],[8.1111125,50.0777824],[8.1110376,50.0780106],[8.1109351,50.0783218],[8.1109051,50.078413],[8.1110343,50.0787691],[8.1109737,50.07886],[8.1110342,50.0791909],[8.1108877,50.0793548],[8.1107612,50.0794963],[8.1107046,50.0795596],[8.1107027,50.0795942],[8.1106902,50.079826],[8.1106718,50.0801644],[8.110959,50.0804016],[8.1109715,50.0806531],[8.1108362,50.0808923],[8.1108582,50.0813188],[8.1111068,50.0816506],[8.1110955,50.0820051],[8.1110951,50.0820127],[8.1111002,50.0820178],[8.1114032,50.0823174],[8.111711,50.0826217],[8.1115905,50.0828462],[8.1113358,50.0833211],[8.1113224,50.0834957],[8.1113685,50.0837936],[8.1111685,50.0841164],[8.1112821,50.0842608],[8.1115387,50.0843268],[8.1115963,50.0843056],[8.1116274,50.0842941],[8.1120578,50.0841356],[8.1121156,50.0841289],[8.1122582,50.0841124],[8.1125169,50.0840824],[8.1128102,50.0841348],[8.113832,50.0843173],[8.114528,50.0841948],[8.1145866,50.0841845],[8.1150345,50.0841057],[8.1161221,50.0842068],[8.1174659,50.0842534],[8.1182365,50.0843582],[8.1184308,50.0843849],[8.1185158,50.0843761],[8.1185389,50.0843705],[8.1187655,50.0843156],[8.1188769,50.0842886],[8.118978,50.0842641],[8.119014,50.0842554],[8.1192624,50.0841952],[8.1195106,50.0841351],[8.1201232,50.0839866],[8.1209047,50.0838265],[8.1220896,50.083793],[8.123425,50.0837724],[8.1248554,50.0837104],[8.1256081,50.0836017],[8.1262156,50.0834428],[8.1270229,50.0832467],[8.1280309,50.0829319],[8.1284994,50.0827656],[8.128836,50.0826488],[8.1294788,50.082232],[8.130034,50.081835],[8.1301823,50.0817289],[8.1304722,50.0815216],[8.1306523,50.0811395],[8.1307348,50.0813253],[8.1309475,50.0813611],[8.131745,50.0814955],[8.133002,50.0819051],[8.1337196,50.0825209],[8.1336973,50.0826723],[8.1336861,50.0827483],[8.1336209,50.0831926],[8.1339968,50.0836226],[8.1340831,50.0837213],[8.1333174,50.0849219],[8.1333425,50.0849366],[8.1341153,50.0853941],[8.134627,50.0856967],[8.1350671,50.0859569],[8.1360182,50.0865171],[8.136563,50.0868404],[8.136961,50.0870767],[8.1376842,50.0875029],[8.1377143,50.0875209],[8.137803,50.0875729],[8.1369073,50.0881662],[8.1367492,50.0882701],[8.1360103,50.0887556],[8.1351167,50.0893453],[8.1348343,50.0895315],[8.1342213,50.0899357],[8.1333263,50.0905247],[8.1324244,50.0911184],[8.1322386,50.0912404],[8.1320475,50.0913657],[8.1311126,50.0919793],[8.1298143,50.091259],[8.1298097,50.0912725],[8.1291763,50.0909008],[8.1290043,50.0908342],[8.1285612,50.0906629],[8.1285401,50.0906623],[8.1284896,50.0906607],[8.1279902,50.090718],[8.1277289,50.0907478],[8.1275185,50.0907716],[8.1273087,50.0907954],[8.1270992,50.0908192],[8.1268907,50.090843],[8.1266816,50.0908667],[8.1264725,50.0908906],[8.1262636,50.0909144],[8.1260549,50.0909382],[8.1258463,50.090962],[8.1256379,50.0909856],[8.1254296,50.0910093],[8.1252213,50.0910331],[8.1250132,50.0910568],[8.1240162,50.0911708],[8.1238965,50.0911845],[8.1227285,50.091318],[8.122601,50.0912366],[8.1215797,50.0905839],[8.1215053,50.0905842],[8.1214423,50.0905844],[8.1202855,50.0905884],[8.120213,50.0903073],[8.1198202,50.09035],[8.1195584,50.0903785],[8.1192969,50.090407],[8.1190353,50.0904355],[8.1188941,50.0904509],[8.1187752,50.090467],[8.1186057,50.09049],[8.1185434,50.0904984],[8.1184149,50.0905158],[8.1183453,50.0905368],[8.1182386,50.0905692],[8.1181063,50.0906092],[8.1178654,50.0906821],[8.1176259,50.0907545],[8.1174147,50.0904707],[8.1173361,50.0903652],[8.1173236,50.090357],[8.1172392,50.0903748],[8.1171715,50.0903891],[8.1169589,50.0902023],[8.1165564,50.0898511],[8.1165267,50.0898316],[8.1162671,50.0896604],[8.1153617,50.0890633],[8.1121711,50.093651],[8.1174934,50.0949002],[8.1184852,50.0974473],[8.1209515,50.0984371],[8.121224,50.0985467],[8.123682,50.0995355],[8.1266791,50.1007403],[8.126748,50.1007725],[8.128577,50.101627],[8.1322927,50.103367],[8.1329018,50.1040217],[8.1335183,50.1044589],[8.133628,50.1046168],[8.1368129,50.1077186],[8.1387199,50.1095744],[8.1417475,50.1125203],[8.1423991,50.1135409],[8.1434599,50.1139616],[8.1442729,50.1141649],[8.1464648,50.1142748],[8.1480661,50.1145759],[8.1481473,50.1146171],[8.1513309,50.1162328],[8.1513531,50.1162754],[8.1528775,50.119211],[8.1528652,50.1192513],[8.1528447,50.1193197],[8.1530202,50.1194388],[8.1537626,50.1199426],[8.1557875,50.1213161],[8.157808,50.1226895],[8.1601146,50.1242491],[8.1615,50.1241465],[8.1618859,50.1241178],[8.1652215,50.1238722],[8.1654132,50.1237673],[8.1654657,50.1237386],[8.1656332,50.1237576],[8.1673178,50.1239496],[8.1675597,50.1239809],[8.1693869,50.1242173],[8.1695174,50.1242344],[8.1698113,50.1242731],[8.1717536,50.1245269],[8.1774338,50.125266],[8.1811692,50.1257514],[8.1805433,50.1251598],[8.1798475,50.1244995],[8.180663,50.123474],[8.1809532,50.1231159],[8.1813696,50.1226013],[8.1818198,50.1220479],[8.1818662,50.1219904],[8.1818779,50.1220548],[8.1821363,50.1220855],[8.182791,50.1224218],[8.1831411,50.1225311],[8.1831736,50.1225509],[8.1833481,50.1226569],[8.1834132,50.1226964],[8.1834905,50.1228933],[8.1834616,50.122996],[8.1834227,50.123134],[8.1840203,50.1234707],[8.1845956,50.1239574],[8.1851645,50.124161],[8.1853905,50.1243378],[8.1859414,50.1244235],[8.1859796,50.1243958],[8.1860278,50.1243608],[8.1860388,50.1243528],[8.1861217,50.1242942],[8.1855979,50.1239898],[8.184968,50.1235798],[8.1842946,50.1231435],[8.1834923,50.1224544],[8.1833691,50.1223983],[8.1830765,50.1222648],[8.1831455,50.122209],[8.1841602,50.1213884],[8.1847086,50.1211614],[8.1862711,50.1216393],[8.1874054,50.1219856],[8.187974,50.1221594],[8.1883138,50.1222669],[8.1893165,50.1225837],[8.1903191,50.1229005],[8.1911969,50.1231784],[8.1920952,50.1236014],[8.1930531,50.1240531],[8.1933915,50.1242118],[8.1940594,50.1245098],[8.1948892,50.1248794],[8.1950367,50.1249448],[8.1964773,50.1255846],[8.1975675,50.1259063],[8.1986106,50.1262134],[8.1994997,50.1264753],[8.1996618,50.1265235],[8.2009327,50.1268999],[8.2028377,50.1274638],[8.2028914,50.1274938],[8.2038526,50.1280149],[8.2039934,50.1280907],[8.2050812,50.1286807],[8.2056808,50.1291104],[8.2064283,50.1296458],[8.2065277,50.1297091],[8.2074206,50.1302799],[8.208413,50.1309137],[8.2085016,50.1309697],[8.2094619,50.1312721],[8.2117228,50.1319845],[8.2128525,50.1323406],[8.2128988,50.132353],[8.2142856,50.1327384],[8.2155699,50.1330957],[8.2163361,50.133309],[8.2171868,50.1335463],[8.2181372,50.1338116],[8.2178571,50.1342344],[8.2185679,50.1352599],[8.2198372,50.1351194],[8.2200165,50.1350467],[8.2206757,50.1347754],[8.2208181,50.1347849],[8.2210232,50.1347987],[8.2240108,50.1357218],[8.2257642,50.1362541],[8.2267285,50.1365468],[8.2269666,50.1366191],[8.2295889,50.1372449],[8.2314476,50.1376885],[8.2328716,50.1383274],[8.2354175,50.1399345],[8.2364591,50.1405984],[8.2364257,50.1405355],[8.1217134,50.2773533]]],[[[8.241008,50.2789167],[8.2414219,50.2781235],[8.2417217,50.2776012],[8.2417415,50.2775662],[8.2420804,50.2770574],[8.2421673,50.2769481],[8.242251,50.2768422],[8.2425051,50.2765203],[8.2425221,50.2764988],[8.2426667,50.2763345],[8.2427371,50.2762547],[8.2430118,50.2759432],[8.243208,50.2757224],[8.2433696,50.2755396],[8.2437462,50.2751136],[8.2438001,50.275053],[8.2446825,50.2739222],[8.2447265,50.2738662],[8.2451184,50.2733198],[8.2452805,50.2730938],[8.24558,50.2727174],[8.2457274,50.2725306],[8.245772,50.2724779],[8.2460778,50.2721127],[8.2465919,50.2714984],[8.2468569,50.2711816],[8.2469078,50.2710742],[8.246958,50.2710179],[8.2470293,50.2709085],[8.2471469,50.2708041],[8.2480021,50.2698625],[8.248658,50.2689914],[8.2489439,50.2686124],[8.2491324,50.268357],[8.2499907,50.2671943],[8.2502969,50.2666484],[8.2505107,50.2661436],[8.2506901,50.2655549],[8.2507569,50.2652572],[8.2508291,50.2652968],[8.2514354,50.2656306],[8.2515041,50.2656412],[8.2525793,50.2658045],[8.2526708,50.2657858],[8.2535991,50.265108],[8.2538277,50.2648956],[8.2539069,50.264792],[8.2539621,50.2646612],[8.2540624,50.2645269],[8.2542056,50.2644364],[8.2543226,50.2645392],[8.2543521,50.2645648],[8.2545576,50.26442],[8.2550183,50.2641971],[8.2549908,50.2641731],[8.2549471,50.2641284],[8.2554135,50.2639772],[8.2561672,50.2636459],[8.2562243,50.2636838],[8.2566602,50.2639722],[8.2569307,50.2641508],[8.2571809,50.2643161],[8.2573201,50.2644082],[8.2574965,50.2645248],[8.2576535,50.2646296],[8.2577037,50.2646614],[8.2587089,50.2653249],[8.2587579,50.2653572],[8.2595276,50.2658658],[8.2596044,50.2659158],[8.2596321,50.2659347],[8.2596926,50.2659732],[8.2597558,50.2660166],[8.2624848,50.2678202],[8.2625814,50.267886],[8.2645904,50.2692151],[8.2646895,50.2692807],[8.2666065,50.2705509],[8.2667634,50.2706406],[8.2686656,50.2716798],[8.2688283,50.271765],[8.270181,50.2724161],[8.2713524,50.272984],[8.2713477,50.2730337],[8.2714722,50.2730909],[8.2716084,50.2730394],[8.2716887,50.2729893],[8.2716911,50.2730876],[8.2727247,50.2736752],[8.2735246,50.2741299],[8.2736435,50.2741984],[8.2736984,50.2742287],[8.2738031,50.2742874],[8.2748669,50.274894],[8.27629,50.2757058],[8.2763376,50.2757317],[8.276464,50.2757832],[8.2768134,50.2759194],[8.2771073,50.2760338],[8.2773494,50.2761279],[8.2773786,50.2761379],[8.2775927,50.2762221],[8.2778844,50.2763349],[8.2781273,50.276429],[8.278324,50.2765048],[8.2784572,50.2765564],[8.2785154,50.27658],[8.2786605,50.2766143],[8.2802214,50.276984],[8.2803221,50.2770079],[8.2804675,50.2770194],[8.2805129,50.2770276],[8.2805872,50.2770409],[8.2814179,50.2771902],[8.2817549,50.277199],[8.2818224,50.2772895],[8.2831399,50.2775747],[8.2833357,50.2771541],[8.2837455,50.2762789],[8.2837914,50.2762437],[8.2846261,50.2765318],[8.2851216,50.2767584],[8.2853314,50.2768864],[8.2856329,50.2769032],[8.2860905,50.2771095],[8.2864082,50.2773277],[8.2869214,50.2774948],[8.2878621,50.2776995],[8.2882669,50.2779836],[8.288606,50.2780962],[8.2888746,50.2782609],[8.2895726,50.278453],[8.289776,50.2785376],[8.2898893,50.2786429],[8.2899989,50.2787122],[8.2902102,50.2784507],[8.2904334,50.2781557],[8.2908133,50.2776575],[8.2909349,50.2776006],[8.2911846,50.2774838],[8.2915249,50.2772289],[8.2916619,50.2771263],[8.2920855,50.2768091],[8.2922309,50.2765105],[8.2922982,50.2764765],[8.2923975,50.2764598],[8.2928342,50.2764635],[8.2928322,50.2764185],[8.293212,50.2764022],[8.2937425,50.2765791],[8.2947274,50.2770763],[8.2948667,50.2771466],[8.2959805,50.2766463],[8.2960381,50.2766214],[8.2967637,50.2769091],[8.2968179,50.2768952],[8.2968937,50.2768757],[8.2987991,50.2764532],[8.2990056,50.2764399],[8.3008195,50.276478],[8.3010267,50.2765009],[8.3010383,50.2764474],[8.3009678,50.2763962],[8.3009537,50.2758058],[8.3008911,50.2752284],[8.3008478,50.274156],[8.3010854,50.2733859],[8.3010991,50.2733409],[8.3000737,50.2731755],[8.3000312,50.2731226],[8.3000749,50.2730509],[8.3000964,50.2730154],[8.3002372,50.2727829],[8.3002471,50.272773],[8.3002807,50.2727396],[8.3003343,50.2726777],[8.3003474,50.2726624],[8.3004534,50.2725466],[8.3011447,50.2717829],[8.3012325,50.2716851],[8.3018961,50.270963],[8.3029249,50.2708666],[8.3040065,50.2707651],[8.3048626,50.2707554],[8.3055364,50.2707479],[8.3070033,50.2707727],[8.3085592,50.2707979],[8.3088141,50.2708021],[8.3089561,50.2708083],[8.310956,50.2708936],[8.3118915,50.2710356],[8.3123677,50.2711079],[8.3135982,50.2713238],[8.3144297,50.2715217],[8.3145477,50.2715498],[8.3148761,50.2716284],[8.3163594,50.2720386],[8.3172664,50.2725733],[8.3186768,50.2736225],[8.3196335,50.2741653],[8.3203656,50.2745775],[8.3224876,50.2750047],[8.3235763,50.2756381],[8.3238743,50.2758107],[8.3239536,50.2761233],[8.3239564,50.2761439],[8.3240661,50.2770107],[8.3240996,50.2772727],[8.3242041,50.2783215],[8.3241942,50.2783512],[8.3241031,50.2786254],[8.3240786,50.2786966],[8.3238019,50.2795006],[8.3237885,50.2795404],[8.3238217,50.2804948],[8.3238312,50.2806678],[8.3239256,50.2810616],[8.3239826,50.2811629],[8.3241798,50.2815089],[8.3244859,50.2817314],[8.3246144,50.2818227],[8.3247561,50.2819251],[8.3258609,50.2826395],[8.3272881,50.2831829],[8.3283912,50.2832005],[8.3285231,50.2832024],[8.3305586,50.283232],[8.3331543,50.2831558],[8.3344714,50.2831687],[8.3348034,50.2833331],[8.3348355,50.2833502],[8.3350857,50.2834896],[8.3351845,50.283443],[8.3353372,50.2833711],[8.3357139,50.2832554],[8.3361195,50.2831437],[8.3365684,50.2830573],[8.3371672,50.2829923],[8.3377394,50.2829646],[8.3387542,50.2829365],[8.3401741,50.2829142],[8.34185,50.2828698],[8.3435404,50.2828309],[8.3440116,50.282794],[8.3441442,50.2827836],[8.3442204,50.2827776],[8.3446402,50.2827206],[8.3449725,50.2826704],[8.345019,50.2827887],[8.3452222,50.2833088],[8.3452257,50.2833178],[8.3455301,50.2840944],[8.3456577,50.2844191],[8.3459082,50.2850571],[8.3460001,50.2852905],[8.3460789,50.2854909],[8.3461329,50.2856208],[8.3461454,50.2856496],[8.3464591,50.2863742],[8.3464666,50.2863915],[8.346789,50.2873621],[8.3468535,50.2875576],[8.3469679,50.2880357],[8.347189,50.288972],[8.3472003,50.2890182],[8.3473318,50.2895711],[8.3473417,50.2896131],[8.347379,50.2897714],[8.3473843,50.2897935],[8.3475671,50.2905593],[8.3475695,50.2905693],[8.3476215,50.2907914],[8.3476669,50.2909809],[8.3477594,50.2913722],[8.348119,50.2918194],[8.3481824,50.2918982],[8.3482355,50.2919643],[8.3484138,50.2921861],[8.3488679,50.2927564],[8.3488845,50.2927772],[8.3494683,50.2935111],[8.3494795,50.2935252],[8.3499511,50.2941186],[8.3500775,50.2942755],[8.3501189,50.294329],[8.3502242,50.294473],[8.3517131,50.2937336],[8.3532776,50.2935513],[8.3533231,50.2935201],[8.353702,50.2935403],[8.3538259,50.2935592],[8.3539325,50.2935974],[8.3540411,50.2936799],[8.3540487,50.2936856],[8.354094,50.29372],[8.354214,50.2938019],[8.3542635,50.2939581],[8.3540862,50.2940538],[8.3546886,50.2939889],[8.3550337,50.2939521],[8.3556478,50.2941252],[8.3561727,50.2942731],[8.3570163,50.294641],[8.3576966,50.2951995],[8.3579151,50.295606],[8.3579901,50.2955926],[8.3580578,50.2955812],[8.3584162,50.2955194],[8.3584937,50.2957421],[8.3585272,50.2958421],[8.3586948,50.2958288],[8.3587504,50.2958243],[8.3595761,50.2957554],[8.3603826,50.2960948],[8.3606048,50.2960892],[8.3628687,50.2960231],[8.3639629,50.2959933],[8.3650136,50.2959647],[8.3661531,50.2959303],[8.3671813,50.2958994],[8.3694002,50.2958351],[8.3704628,50.2958052],[8.3715506,50.2957727],[8.371792,50.2951505],[8.3710681,50.2945608],[8.3709556,50.2944688],[8.3707524,50.2943026],[8.3706952,50.2942561],[8.3705366,50.294127],[8.3702819,50.2939188],[8.3694732,50.2932571],[8.3689722,50.2921184],[8.3681916,50.2903317],[8.3686223,50.2886053],[8.3687541,50.2885929],[8.369925,50.2884817],[8.37103,50.2883763],[8.3710994,50.2883697],[8.3720282,50.2882821],[8.3724642,50.2882405],[8.3725869,50.2882288],[8.3728715,50.2882014],[8.372962,50.2881927],[8.3730186,50.2881903],[8.3731502,50.2881848],[8.3732081,50.2881823],[8.3732596,50.2881819],[8.3742398,50.288174],[8.3751708,50.2881657],[8.3766667,50.2881524],[8.3777931,50.2881413],[8.3778038,50.2881349],[8.3790635,50.287379],[8.3791146,50.2873482],[8.3804233,50.2865612],[8.3804662,50.2864951],[8.3809606,50.2857107],[8.3812461,50.2852581],[8.3815173,50.2848289],[8.3815699,50.2847456],[8.3818647,50.2842807],[8.3821362,50.2838517],[8.3812144,50.2831705],[8.3811729,50.28314],[8.3803202,50.2825112],[8.3802839,50.2824844],[8.3795669,50.2819435],[8.3795024,50.2818964],[8.3787814,50.2813717],[8.3787219,50.2813276],[8.3788393,50.2813188],[8.3802749,50.2814555],[8.3819733,50.2816163],[8.3833674,50.2814521],[8.3836433,50.2814195],[8.3847479,50.2811572],[8.385709,50.2807895],[8.3866451,50.2801942],[8.3866949,50.2801626],[8.3875487,50.2795724],[8.3875963,50.2795394],[8.3881823,50.2788794],[8.3881961,50.2788639],[8.3882123,50.2788456],[8.3882584,50.2787936],[8.388556,50.2784585],[8.3890069,50.2779454],[8.3893822,50.2774383],[8.3893946,50.2774222],[8.3901635,50.2769371],[8.3911467,50.2764597],[8.39203,50.2759537],[8.3924931,50.2755342],[8.392671,50.2753731],[8.3931851,50.2749307],[8.3932105,50.2749089],[8.393236,50.2748889],[8.3939525,50.2743279],[8.3963868,50.2727332],[8.3987129,50.2716626],[8.4016476,50.2711781],[8.4038731,50.2702822],[8.4053757,50.2699449],[8.406785,50.2694978],[8.4082424,50.2691707],[8.4089544,50.2680937],[8.4095489,50.2664467],[8.4096548,50.2657188],[8.4097596,50.2657139],[8.4096733,50.2652748],[8.4101055,50.2642727],[8.4098806,50.2633043],[8.409858,50.2632068],[8.4098281,50.2630781],[8.4102676,50.2617713],[8.4109432,50.2609534],[8.4113321,50.2594687],[8.4114872,50.258879],[8.4106779,50.2586835],[8.4100578,50.2585341],[8.4093195,50.2583561],[8.4089022,50.2582554],[8.40864,50.2581923],[8.4079203,50.2580197],[8.4075507,50.257931],[8.4073543,50.2578833],[8.4068316,50.2571314],[8.4060955,50.2565169],[8.4060888,50.2564451],[8.4060124,50.2556681],[8.4060209,50.2555964],[8.4061067,50.2548723],[8.4061699,50.2548367],[8.4075395,50.2540629],[8.4076237,50.2540153],[8.4084607,50.2533871],[8.4084994,50.2528439],[8.4082918,50.252674],[8.4082442,50.2526349],[8.4081944,50.2525942],[8.4078322,50.2522975],[8.4073174,50.2518034],[8.4063574,50.2506704],[8.406224,50.2506574],[8.4051807,50.2505549],[8.4045433,50.2504768],[8.4044054,50.2504605],[8.4042094,50.2505033],[8.4039492,50.2505685],[8.4033551,50.2505178],[8.4030496,50.2504546],[8.4028368,50.2504106],[8.4017179,50.2500849],[8.4014177,50.2501167],[8.4011312,50.2500273],[8.4007533,50.2499106],[8.4002047,50.2497398],[8.3995609,50.2496588],[8.39941,50.2496395],[8.398689,50.2493586],[8.3987381,50.2493284],[8.3984346,50.249193],[8.397864,50.2488013],[8.3974045,50.2484524],[8.3973344,50.2484223],[8.3967114,50.2481519],[8.3965334,50.2479544],[8.3963888,50.2478642],[8.3959277,50.2476666],[8.3956343,50.2475683],[8.395209,50.2475084],[8.3951592,50.2474559],[8.3951338,50.2473343],[8.3951132,50.247334],[8.3948892,50.2473315],[8.3945586,50.2473271],[8.3935811,50.2473786],[8.393412,50.2475653],[8.3929079,50.2473644],[8.3926281,50.2472905],[8.3923088,50.2472935],[8.3919622,50.2473762],[8.3918302,50.2473753],[8.3911646,50.2473577],[8.3910677,50.2473477],[8.3902215,50.2472575],[8.3897988,50.2472052],[8.3897385,50.2471981],[8.3896542,50.2471873],[8.3896033,50.247181],[8.3889063,50.246985],[8.3879624,50.2467102],[8.3871033,50.2464278],[8.386953,50.2463856],[8.3857431,50.2460458],[8.3855832,50.2460141],[8.3840807,50.2457157],[8.3839197,50.245684],[8.3829432,50.2454998],[8.3826747,50.2454487],[8.3817966,50.2452186],[8.3808798,50.2449798],[8.3806539,50.244921],[8.3797522,50.2444136],[8.379699,50.2443725],[8.3788763,50.2437373],[8.3786088,50.2435308],[8.3782982,50.2432458],[8.3781517,50.2431096],[8.3781255,50.2430852],[8.377886,50.2428635],[8.3773186,50.2421847],[8.3772865,50.2421466],[8.3775323,50.2420909],[8.3776345,50.2420685],[8.3780423,50.2419801],[8.3788069,50.241782],[8.3793191,50.2416485],[8.3803391,50.2413842],[8.3819124,50.2410017],[8.3825137,50.2408554],[8.3842161,50.2404056],[8.3849534,50.2402369],[8.3856569,50.240058],[8.3864918,50.2398344],[8.3870286,50.2396737],[8.3875051,50.2394852],[8.3880303,50.2393218],[8.388517,50.2391379],[8.3890017,50.2389394],[8.3894773,50.2387163],[8.3899044,50.2385328],[8.3904154,50.2383599],[8.3905549,50.2382756],[8.3906048,50.238244],[8.391797,50.2374854],[8.3921981,50.237215],[8.3925925,50.2368696],[8.3928763,50.2366106],[8.3932402,50.2363053],[8.3938424,50.2358602],[8.3945543,50.2353331],[8.395379,50.2347011],[8.3957442,50.2344136],[8.3960755,50.2341514],[8.396416,50.2338824],[8.3974692,50.2330635],[8.3979667,50.2326422],[8.3983529,50.2323101],[8.398719,50.2319505],[8.3990139,50.2315837],[8.3993218,50.2312168],[8.3996434,50.2308939],[8.4000386,50.2305865],[8.4004751,50.2303061],[8.4009555,50.2300173],[8.4010228,50.2299774],[8.4027812,50.2289164],[8.4033816,50.2285404],[8.4036276,50.2283672],[8.4037786,50.2281985],[8.4039166,50.2280379],[8.4040267,50.2278562],[8.4040991,50.2276346],[8.4041963,50.2270525],[8.4042552,50.2266083],[8.4043395,50.2258498],[8.4043859,50.2254887],[8.4044666,50.2250624],[8.4045676,50.2246897],[8.4047336,50.2243605],[8.4049279,50.2240033],[8.4053206,50.2233832],[8.405462,50.2230566],[8.4055019,50.2229644],[8.4055243,50.2229265],[8.4057245,50.2225877],[8.4057802,50.2224082],[8.405841,50.2222119],[8.4059016,50.2220592],[8.4059358,50.2219731],[8.4059603,50.2219113],[8.405858,50.2218925],[8.405742,50.2218712],[8.4057042,50.2218642],[8.4056967,50.2218625],[8.4049976,50.2217001],[8.4048725,50.221671],[8.4047473,50.2216419],[8.4046221,50.2216129],[8.404497,50.2215838],[8.4042512,50.2215267],[8.4040256,50.2214736],[8.4039404,50.2214541],[8.4039197,50.2214493],[8.4038681,50.2214375],[8.4036423,50.2213857],[8.4022137,50.2210536],[8.402176,50.2210448],[8.4021389,50.2210362],[8.4020783,50.2210221],[8.4018712,50.2209738],[8.4013864,50.2208673],[8.4007371,50.2206973],[8.4003387,50.2206202],[8.3991569,50.2203913],[8.3988175,50.2203256],[8.3985955,50.2202827],[8.3984786,50.22026],[8.3982316,50.2202123],[8.39811,50.2201888],[8.3979776,50.2201632],[8.3978662,50.2201416],[8.3977598,50.220121],[8.3976692,50.2201036],[8.3975011,50.220071],[8.3963928,50.2198532],[8.3961894,50.2198131],[8.3960164,50.2197791],[8.3957242,50.2197216],[8.3954363,50.219665],[8.3952533,50.2196289],[8.394966,50.2195724],[8.3947832,50.2195364],[8.3946741,50.2195152],[8.3946286,50.2195062],[8.3941729,50.2194163],[8.3938718,50.2193535],[8.3937994,50.2193385],[8.3927945,50.2191282],[8.3925237,50.2190715],[8.3917613,50.2189113],[8.3908681,50.2187263],[8.3908311,50.2187143],[8.3907368,50.2186992],[8.3907305,50.2186982],[8.3902805,50.2186263],[8.3899499,50.218573],[8.3890636,50.2184317],[8.388535,50.2183472],[8.3885272,50.2183459],[8.3884903,50.21834],[8.3884773,50.2183379],[8.3873776,50.2181621],[8.3869922,50.2181004],[8.3866364,50.2180418],[8.3863369,50.2179925],[8.3862686,50.2179814],[8.3862656,50.2179807],[8.3862211,50.2179734],[8.3861979,50.2179697],[8.385133,50.2177941],[8.3850927,50.2177874],[8.3841269,50.2176283],[8.3839884,50.2176055],[8.3836606,50.2175514],[8.3833578,50.2174988],[8.380728,50.2170445],[8.3805148,50.2170066],[8.3803653,50.2169808],[8.3797419,50.2168885],[8.3789101,50.2167649],[8.3784406,50.2166947],[8.3780738,50.2166457],[8.3770082,50.2165006],[8.3764963,50.2164293],[8.3760083,50.2163701],[8.375002,50.2162487],[8.3742617,50.2161585],[8.3738842,50.216114],[8.3727888,50.2159832],[8.3718752,50.2158735],[8.3715173,50.2158446],[8.3714273,50.2158374],[8.3704552,50.2157594],[8.3699167,50.2157155],[8.3693602,50.2156709],[8.3688083,50.2156235],[8.3682397,50.2155804],[8.3674167,50.2155149],[8.3670812,50.2154956],[8.3650344,50.2153776],[8.3640878,50.2153226],[8.3640202,50.2153174],[8.3630771,50.2152149],[8.3621939,50.215115],[8.3621402,50.2151156],[8.3617008,50.2150988],[8.3613834,50.2150878],[8.3612836,50.2150844],[8.3612042,50.215029],[8.3610779,50.2149224],[8.3608053,50.2146923],[8.3599647,50.2148034],[8.35986,50.2148173],[8.3598514,50.2147939],[8.3598287,50.2147968],[8.3597954,50.2147654],[8.3598047,50.2147349],[8.3598606,50.2147388],[8.3599066,50.2147524],[8.3599246,50.2147414],[8.3599141,50.2147131],[8.3598612,50.2146689],[8.3598578,50.2146369],[8.3597782,50.2144983],[8.3597774,50.2144663],[8.359776,50.2144168],[8.359731,50.2143383],[8.3596884,50.2141182],[8.3597027,50.2140201],[8.3596292,50.2139631],[8.3595334,50.213931],[8.3595034,50.2137754],[8.3595644,50.2136873],[8.3595921,50.2136732],[8.3595696,50.2136582],[8.3595023,50.2136417],[8.3595118,50.2135243],[8.3594664,50.2135032],[8.3594137,50.2134551],[8.3591938,50.2133404],[8.3592074,50.2133221],[8.3593105,50.2133162],[8.3593471,50.2133256],[8.3593957,50.2132433],[8.359315,50.2132344],[8.3593375,50.2131639],[8.3594409,50.2131371],[8.3594544,50.2131045],[8.3594129,50.2130748],[8.3594459,50.2130001],[8.359441,50.2129657],[8.3594892,50.2129439],[8.3594515,50.2128965],[8.3593217,50.2129407],[8.3593047,50.2129502],[8.359268,50.2128853],[8.3593253,50.2128674],[8.3593142,50.212784],[8.3592199,50.2127489],[8.3591578,50.2127105],[8.3590921,50.2127311],[8.359056,50.212719],[8.3590647,50.2126884],[8.3591027,50.2126481],[8.3590129,50.2126187],[8.3589344,50.2125758],[8.3589239,50.2125234],[8.3590457,50.2124314],[8.3591221,50.2123941],[8.3590784,50.2123099],[8.3591063,50.2121965],[8.3590702,50.2121771],[8.35896,50.2122012],[8.3589358,50.2121836],[8.359034,50.212061],[8.358978,50.2120095],[8.359007,50.2119112],[8.3590192,50.2117833],[8.3589209,50.2117269],[8.3588288,50.211674],[8.3588801,50.2116315],[8.3588834,50.2115305],[8.3588331,50.2114806],[8.3587928,50.2114856],[8.3587626,50.2115082],[8.3586917,50.211526],[8.3586376,50.2114803],[8.3585888,50.2114658],[8.3584224,50.2115216],[8.3583798,50.211506],[8.3583835,50.2114737],[8.3584235,50.2114431],[8.3584078,50.2113654],[8.3582536,50.2112877],[8.3582706,50.2112216],[8.3581894,50.2111992],[8.3580185,50.2110444],[8.3579828,50.2110444],[8.3578978,50.2111012],[8.3577747,50.2110603],[8.3577655,50.2110429],[8.3577629,50.210987],[8.3578008,50.2109187],[8.3578675,50.2109411],[8.3579202,50.2109303],[8.3579396,50.210867],[8.3578886,50.2107719],[8.3579044,50.2106478],[8.3578626,50.2104901],[8.3577203,50.2104986],[8.3576425,50.2104599],[8.357565,50.2104447],[8.3574405,50.2103674],[8.3573144,50.2103853],[8.3572179,50.2103843],[8.3571307,50.2104263],[8.3569254,50.2103967],[8.3567692,50.2103544],[8.3565778,50.2102799],[8.3563706,50.2102145],[8.3563298,50.210173],[8.356314,50.2100798],[8.3560379,50.209881],[8.3556849,50.209672],[8.3556443,50.2094711],[8.3557171,50.2093791],[8.3557072,50.2093459],[8.3556195,50.2091821],[8.3555505,50.2089539],[8.3554153,50.2087605],[8.3554274,50.2087134],[8.3553631,50.2086098],[8.3553585,50.2085679],[8.3550623,50.2079003],[8.3551307,50.2077747],[8.35519,50.207729],[8.3552037,50.207689],[8.3551595,50.2075935],[8.3550864,50.2075207],[8.3549501,50.2074379],[8.3548866,50.2073908],[8.3547568,50.2073405],[8.3547175,50.2072055],[8.3546545,50.2070976],[8.3545733,50.2070093],[8.3544285,50.206785],[8.3544105,50.2067332],[8.3542845,50.2065996],[8.354307,50.2065102],[8.354277,50.2064289],[8.3543308,50.2063088],[8.3542743,50.2062393],[8.3542439,50.2060661],[8.3541278,50.2059645],[8.3540662,50.2058758],[8.3540045,50.2058669],[8.3539428,50.205884],[8.3537749,50.2058574],[8.3536734,50.2058335],[8.3536156,50.2058129],[8.3535677,50.2057273],[8.3534898,50.2056608],[8.3534097,50.2055795],[8.3533386,50.2055196],[8.3533229,50.2054921],[8.3532338,50.2054],[8.353214,50.2053421],[8.3531485,50.2050645],[8.3531317,50.2050214],[8.3530639,50.2049991],[8.3529646,50.2049493],[8.3529012,50.2049248],[8.3528646,50.2048924],[8.352719,50.2048197],[8.3525937,50.2047489],[8.3525021,50.2046868],[8.3523812,50.204608],[8.3523509,50.2044938],[8.3521912,50.2044431],[8.3521814,50.2044018],[8.3522482,50.2042792],[8.352218,50.2041635],[8.3521887,50.203961],[8.3523423,50.2037687],[8.3524074,50.203705],[8.3524702,50.203629],[8.3525772,50.2035402],[8.3527335,50.2034035],[8.352778,50.2033185],[8.3527877,50.2032355],[8.3527539,50.203162],[8.3527583,50.2031422],[8.3527411,50.2030416],[8.3527417,50.2030098],[8.3527655,50.2029502],[8.3527516,50.2028724],[8.352765,50.2027572],[8.3527829,50.2027089],[8.3528067,50.2026519],[8.3528298,50.2026306],[8.3528901,50.2025599],[8.3531359,50.2024329],[8.3531813,50.2023697],[8.35335,50.2022666],[8.353456,50.2021649],[8.353612,50.2019573],[8.3537463,50.2018658],[8.3539673,50.201836],[8.3541361,50.2017376],[8.3541803,50.2015421],[8.3540538,50.2012552],[8.3540182,50.2012065],[8.3539985,50.2011655],[8.3539804,50.2010173],[8.3539386,50.2009126],[8.3537982,50.2008148],[8.3537267,50.2007461],[8.3536045,50.2006307],[8.3535397,50.200575],[8.3534695,50.2005109],[8.3533354,50.200406],[8.3532124,50.2003906],[8.3531022,50.2003055],[8.353122,50.2002672],[8.3532489,50.2002383],[8.3531981,50.2000965],[8.3530217,50.2000305],[8.3530126,50.2000027],[8.3530659,50.1999461],[8.3530935,50.1998816],[8.3530771,50.1998415],[8.3531986,50.1997657],[8.3531481,50.199677],[8.3531611,50.1996601],[8.3532448,50.199631],[8.3532971,50.1995537],[8.3530914,50.1994721],[8.3530963,50.1994558],[8.3532382,50.1994051],[8.3532262,50.1993427],[8.3532332,50.1992106],[8.3532094,50.1991803],[8.3532716,50.1990033],[8.3532658,50.1989044],[8.3532214,50.1987057],[8.3532354,50.1985683],[8.3530447,50.1984601],[8.3530812,50.1983272],[8.3531153,50.1982731],[8.3532043,50.1981309],[8.3531964,50.1981021],[8.3530611,50.1981348],[8.3530488,50.1980526],[8.3529712,50.1979429],[8.3529353,50.1977359],[8.3530068,50.1975901],[8.3531834,50.1973913],[8.3530911,50.1972832],[8.3530792,50.1972398],[8.3530811,50.1971298],[8.3530533,50.1969934],[8.3530939,50.1967932],[8.3532541,50.196638],[8.3533537,50.1964638],[8.3535397,50.1964252],[8.3537064,50.1964415],[8.3538111,50.1963806],[8.3538734,50.196304],[8.3537879,50.1962503],[8.353727,50.1961031],[8.3537325,50.1960772],[8.3537952,50.1959867],[8.353767,50.1958775],[8.3538847,50.1956515],[8.3537383,50.1954227],[8.3537957,50.1952962],[8.353823,50.1952019],[8.3538314,50.1950031],[8.3540097,50.1947807],[8.3539139,50.1946037],[8.3535444,50.1943412],[8.3530461,50.1943104],[8.3527381,50.1944266],[8.3523821,50.1945396],[8.3523135,50.1945404],[8.3521802,50.1944723],[8.3520163,50.194284],[8.351898,50.1941116],[8.3519038,50.1939701],[8.352112,50.1936782],[8.3524334,50.1935236],[8.3525783,50.1934404],[8.3527524,50.1933894],[8.3528577,50.1932504],[8.3530124,50.1931501],[8.3531142,50.1929199],[8.3531576,50.1927141],[8.3531334,50.1926079],[8.3530378,50.192498],[8.3527429,50.1923227],[8.3526045,50.192259],[8.3525848,50.1922266],[8.3526411,50.1920898],[8.3525101,50.1920388],[8.3522555,50.1918061],[8.3519855,50.191482],[8.3520071,50.1913322],[8.3521021,50.1910234],[8.3520531,50.1910175],[8.3519418,50.1910024],[8.351543,50.1909345],[8.3512376,50.1908825],[8.3507193,50.1907764],[8.3507117,50.1907741],[8.3500057,50.1904716],[8.3497375,50.1906075],[8.3491441,50.1905577],[8.3486499,50.1905706],[8.3482851,50.1906435],[8.3477975,50.1907011],[8.3471569,50.1907359],[8.3466066,50.1909181],[8.3462263,50.190921],[8.3456315,50.1912417],[8.3453281,50.1913547],[8.3448466,50.1915172],[8.3443502,50.1917596],[8.3438495,50.1918716],[8.3434863,50.1920162],[8.3429901,50.1921214],[8.3428895,50.1922428],[8.3426103,50.1923175],[8.3420277,50.1922869],[8.3416247,50.1922658],[8.3413069,50.192337],[8.3407904,50.1922572],[8.3402902,50.1921981],[8.3398326,50.1922544],[8.3393993,50.1922113],[8.3389207,50.1921467],[8.3384908,50.1921312],[8.337876,50.1919083],[8.3375775,50.1917803],[8.3371172,50.1916811],[8.336906,50.1917526],[8.3364863,50.1917701],[8.3386257,50.1898348],[8.3389397,50.1895416],[8.3398382,50.188712],[8.3401893,50.1883878],[8.3402396,50.1883414],[8.3404271,50.1881683],[8.341027,50.1876246],[8.3420655,50.1877839],[8.3426108,50.1877258],[8.3426999,50.187732],[8.3427918,50.1877385],[8.3435165,50.1877891],[8.3444565,50.1876532],[8.345613,50.1876444],[8.3467957,50.1881535],[8.3478674,50.1883583],[8.3502111,50.1882571],[8.352011,50.1891915],[8.352094,50.1892346],[8.3522316,50.189229],[8.3524755,50.1890722],[8.3527083,50.1889225],[8.3527081,50.1888965],[8.3527063,50.1885971],[8.352705,50.1883827],[8.3527038,50.1881909],[8.3528236,50.1881082],[8.3529172,50.1880434],[8.3529854,50.1879965],[8.3530353,50.1879622],[8.3531537,50.1879069],[8.3531905,50.1878897],[8.3533228,50.1878031],[8.3534121,50.1877443],[8.3534873,50.1877165],[8.3536653,50.1876507],[8.3538478,50.1875834],[8.3540587,50.1875055],[8.3541483,50.1874402],[8.3543322,50.187306],[8.3544175,50.1872438],[8.3545157,50.1871915],[8.3548052,50.1870374],[8.3549187,50.1869771],[8.3551206,50.1869383],[8.3554367,50.1868775],[8.3561125,50.1865805],[8.356819,50.1862799],[8.35693,50.1862388],[8.3571327,50.1861639],[8.3572096,50.1861267],[8.3577565,50.1858628],[8.3577922,50.1858456],[8.3582787,50.185443],[8.3583415,50.1854205],[8.3587317,50.1852798],[8.3588159,50.1852501],[8.3590111,50.1851814],[8.3590703,50.1851605],[8.3591733,50.1848916],[8.3591761,50.1848849],[8.3591828,50.1848676],[8.359188,50.1848546],[8.3592524,50.1847003],[8.359565,50.184328],[8.3596267,50.1842235],[8.3598588,50.1838356],[8.3598378,50.1838346],[8.3598089,50.1838333],[8.3597352,50.1838299],[8.3596833,50.1838276],[8.3594121,50.183815],[8.3591952,50.1834167],[8.3591918,50.1834104],[8.3591861,50.1834002],[8.3589975,50.1830539],[8.3588609,50.1828031],[8.3588317,50.1827856],[8.3585052,50.1825897],[8.3582918,50.1824643],[8.3582786,50.1824565],[8.358162,50.1823879],[8.3581014,50.1823674],[8.3580449,50.1823483],[8.3576652,50.1822199],[8.3574831,50.1821774],[8.3564809,50.1819438],[8.3563533,50.1819385],[8.3562862,50.1819357],[8.3557136,50.1819121],[8.3552596,50.1818942],[8.3551721,50.1818907],[8.3549849,50.1818834],[8.3542396,50.1820407],[8.354228,50.1820432],[8.3536705,50.1821173],[8.35305,50.1821617],[8.352753,50.1821831],[8.3524361,50.1822271],[8.3523794,50.1822349],[8.3523454,50.1821765],[8.3523306,50.1821512],[8.3522553,50.1820363],[8.3522011,50.1819535],[8.3521645,50.1818975],[8.352128,50.1818419],[8.3520367,50.1817024],[8.3519719,50.1816033],[8.3519215,50.1815263],[8.3518764,50.1814576],[8.3518742,50.1814541],[8.3518626,50.1810845],[8.3518603,50.1809964],[8.3518558,50.1808455],[8.3518552,50.1808258],[8.3518547,50.1808065],[8.3518536,50.1807713],[8.3518516,50.1807037],[8.35185,50.1806496],[8.3518481,50.1805885],[8.3518467,50.1805386],[8.351843,50.1805268],[8.3518262,50.1804739],[8.3518066,50.1804118],[8.3517761,50.1803159],[8.3517526,50.1802416],[8.3517224,50.1801459],[8.3516968,50.1800648],[8.3516858,50.1800301],[8.3516623,50.1799838],[8.3516124,50.1798851],[8.3515802,50.1798216],[8.3515561,50.1797738],[8.3515132,50.1796887],[8.3514987,50.1796602],[8.351022,50.1793318],[8.3506763,50.1792287],[8.3501941,50.179086],[8.3497272,50.1788792],[8.3496792,50.178858],[8.3489364,50.1785009],[8.3489263,50.178497],[8.3484718,50.1782923],[8.3479377,50.1780365],[8.3478331,50.1779973],[8.3474588,50.1778527],[8.3469051,50.1776026],[8.3469651,50.1774671],[8.3469759,50.1774366],[8.3469873,50.1774129],[8.3469952,50.1773901],[8.3466074,50.1771109],[8.346259,50.1768507],[8.3461387,50.1767587],[8.3460795,50.1766942],[8.3459024,50.1765008],[8.3458744,50.1764703],[8.3456079,50.1763216],[8.3454852,50.1763958],[8.3452421,50.1764372],[8.3452349,50.1764315],[8.3449672,50.1762256],[8.3452074,50.1757511],[8.3455155,50.1751426],[8.345521,50.1751327],[8.3455618,50.1750948],[8.3463335,50.174383],[8.346699,50.1740442],[8.3467462,50.1740021],[8.3467756,50.1739757],[8.3467818,50.1739265],[8.346922,50.1727559],[8.3477499,50.1717419],[8.3478153,50.171662],[8.3478254,50.1716492],[8.3478795,50.1715806],[8.3482921,50.171783],[8.3483029,50.1717757],[8.3492758,50.1710377],[8.3496472,50.1707537],[8.3502711,50.1702828],[8.3503028,50.1702587],[8.3510954,50.1696575],[8.3511268,50.1697022],[8.3511636,50.1697547],[8.3512006,50.1698075],[8.3512282,50.1698468],[8.3512492,50.1698768],[8.3512613,50.169883],[8.3513186,50.1699122],[8.3513735,50.1699402],[8.3514123,50.16996],[8.3514626,50.1699857],[8.3518482,50.1696047],[8.3522254,50.1698581],[8.352398,50.1699742],[8.3524746,50.1698634],[8.3530882,50.1700127],[8.3531182,50.1699829],[8.3533995,50.1697217],[8.353699,50.1695108],[8.3543226,50.1698912],[8.3551831,50.1701887],[8.3558939,50.1703862],[8.356124,50.1704216],[8.3563118,50.1704488],[8.3565149,50.1704782],[8.3566426,50.1704967],[8.3567753,50.170516],[8.3570614,50.1705364],[8.3573554,50.1705574],[8.3577374,50.1705435],[8.357873,50.1705345],[8.3581396,50.1704788],[8.3583503,50.1704346],[8.3586313,50.1703758],[8.3601834,50.1699741],[8.3612025,50.1694685],[8.3610683,50.1691922],[8.3604523,50.168333],[8.360119,50.1678515],[8.36071,50.1676244],[8.361204,50.1674514],[8.3618404,50.1673058],[8.3629933,50.1654123],[8.3637734,50.1643787],[8.3651394,50.163725],[8.3674232,50.1633664],[8.3687357,50.1629735],[8.3684835,50.1628613],[8.3637139,50.1607374],[8.3637716,50.1607063],[8.3638997,50.1606372],[8.363963,50.1605797],[8.364068,50.1604844],[8.3641665,50.1603949],[8.3641902,50.1603733],[8.3643186,50.1602637],[8.364406,50.160189],[8.3644509,50.160144],[8.3645395,50.1600523],[8.3646447,50.1599582],[8.364692,50.1599159],[8.3647328,50.1598794],[8.3647744,50.1598421],[8.3643438,50.1597142],[8.3643716,50.1596182],[8.3643851,50.1595676],[8.3644226,50.1594284],[8.3644618,50.1592828],[8.3645237,50.1590532],[8.364567,50.1588926],[8.3646094,50.1587284],[8.3646331,50.1586361],[8.364651,50.1585693],[8.364691,50.1584193],[8.3647078,50.1583564],[8.3647328,50.1582558],[8.3647828,50.1580546],[8.3648325,50.1578547],[8.3648447,50.1578058],[8.3649115,50.1578167],[8.3652946,50.1578926],[8.3658293,50.157997],[8.3664566,50.1581235],[8.366526,50.1581367],[8.3665664,50.1581444],[8.3672935,50.1582831],[8.3675916,50.1583432],[8.3678871,50.1584434],[8.3681153,50.1585216],[8.3687579,50.1588054],[8.3687778,50.158829],[8.3692082,50.1593395],[8.3694091,50.1595828],[8.3695738,50.1595106],[8.3696922,50.1594586],[8.3698197,50.1594026],[8.3699378,50.1593507],[8.3701893,50.1592403],[8.3702205,50.1592274],[8.3702085,50.1592066],[8.3701269,50.15893],[8.3700433,50.1586641],[8.3699391,50.1583329],[8.3698404,50.1580184],[8.3697718,50.1578],[8.3697213,50.1576391],[8.3696469,50.1574018],[8.3696301,50.1573492],[8.3696208,50.1573201],[8.3696255,50.157098],[8.3696286,50.1569138],[8.3696338,50.1566427],[8.3696373,50.1564659],[8.3696341,50.1564141],[8.3696418,50.1562216],[8.3696427,50.1561438],[8.3696445,50.1560604],[8.3696482,50.1558955],[8.3696095,50.1558917],[8.3693024,50.1558617],[8.3689892,50.1558314],[8.3688914,50.1558219],[8.3684994,50.1558561],[8.3684523,50.1558607],[8.3682355,50.1558653],[8.3676582,50.1558778],[8.3670441,50.1558913],[8.3670022,50.1558912],[8.3664294,50.1558909],[8.3664017,50.1558908],[8.3660334,50.1558371],[8.3653579,50.1557386],[8.3653162,50.1557366],[8.3652058,50.1557319],[8.3649218,50.1557197],[8.3643752,50.1558329],[8.3642481,50.155859],[8.3641947,50.1558897],[8.3640375,50.1559797],[8.3638467,50.1561093],[8.3636584,50.1562116],[8.3634198,50.1563329],[8.3624496,50.1568829],[8.3622585,50.1568798],[8.3619343,50.1568745],[8.3616706,50.1568702],[8.3613788,50.1568655],[8.3613715,50.1568653],[8.3611708,50.1568621],[8.3608567,50.1568569],[8.3606541,50.1568535],[8.3604758,50.1568502],[8.3602879,50.1568468],[8.3602625,50.1568464],[8.3590896,50.1568255],[8.3589674,50.1568225],[8.3588971,50.1570533],[8.3588838,50.1570976],[8.3588827,50.1571281],[8.3588834,50.1571511],[8.3588854,50.1572118],[8.358891,50.1577136],[8.3588926,50.1578565],[8.3588456,50.1579781],[8.3586534,50.1584754],[8.3585824,50.1585961],[8.3585403,50.1586676],[8.3584038,50.1588996],[8.3581936,50.1591553],[8.3579642,50.1591899],[8.3579195,50.1592134],[8.3577597,50.159301],[8.357671,50.1593495],[8.3575817,50.1593984],[8.3575127,50.1594639],[8.3574922,50.1594834],[8.3574351,50.1595954],[8.357388,50.159688],[8.3572852,50.159672],[8.3571299,50.1596472],[8.3569928,50.1596005],[8.3568765,50.1595377],[8.3566941,50.1594834],[8.3564934,50.1594234],[8.3563303,50.1594362],[8.3562632,50.1594414],[8.3561941,50.1594467],[8.3561469,50.1594504],[8.3560266,50.1594833],[8.3558678,50.1595266],[8.3558339,50.1595358],[8.3557655,50.1596991],[8.3557137,50.1598223],[8.3556087,50.1598379],[8.3555293,50.1598497],[8.3554184,50.1598663],[8.3553449,50.1598772],[8.355287,50.1598857],[8.3552789,50.159887],[8.3551839,50.1599158],[8.3551299,50.1599322],[8.3550757,50.1599488],[8.3550424,50.1599589],[8.3548256,50.1600248],[8.3547401,50.160062],[8.3544966,50.160168],[8.3543585,50.160228],[8.3543116,50.1602266],[8.353198,50.1601914],[8.3531817,50.1601909],[8.3530115,50.1598594],[8.352977,50.159877],[8.3528837,50.1599247],[8.3527949,50.15997],[8.3526309,50.1600535],[8.3523732,50.1599097],[8.352094,50.1601061],[8.3519139,50.1602331],[8.3523985,50.1605026],[8.3521021,50.1606501],[8.3519147,50.1604948],[8.351331,50.160299],[8.3512419,50.1605076],[8.3512148,50.1605713],[8.3511947,50.1607141],[8.3511852,50.1607824],[8.3505682,50.1607981],[8.3503879,50.161032],[8.3502741,50.1611867],[8.3501657,50.1612946],[8.3500164,50.1612894],[8.3498531,50.1612844],[8.3498861,50.1611457],[8.3496956,50.1607845],[8.3491474,50.1608304],[8.3491238,50.1608324],[8.3488865,50.160841],[8.3485309,50.160854],[8.3479523,50.1608751],[8.3478923,50.1606889],[8.3476377,50.1606837],[8.3471943,50.1606745],[8.3471291,50.1606732],[8.3469193,50.1606687],[8.3469387,50.1606364],[8.3467444,50.160632],[8.3465885,50.1603995],[8.3461667,50.1597706],[8.3461007,50.1596726],[8.3460853,50.1596446],[8.3460396,50.1595819],[8.3460097,50.1595374],[8.3459742,50.1594846],[8.3459388,50.1594319],[8.3459022,50.1593775],[8.345865,50.1593222],[8.3458311,50.1592719],[8.3458012,50.1592274],[8.3457774,50.159192],[8.3457402,50.1591368],[8.3457081,50.1590889],[8.3457007,50.1590778],[8.345616,50.1589522],[8.3455792,50.1588972],[8.3455407,50.1588403],[8.3453726,50.1585902],[8.3453288,50.1585956],[8.3452549,50.1586031],[8.3448206,50.1586584],[8.3447998,50.1585816],[8.3447892,50.1585376],[8.3447768,50.1584972],[8.3447617,50.1584486],[8.3447196,50.1582901],[8.3446858,50.1581625],[8.3446957,50.1581575],[8.3446397,50.1580324],[8.3446312,50.1580142],[8.3446014,50.1579489],[8.3444781,50.1576783],[8.3444734,50.1576683],[8.3440678,50.1577249],[8.3436761,50.157729],[8.3434476,50.1577581],[8.3433887,50.1575841],[8.3432093,50.1576031],[8.3429968,50.1576506],[8.3429601,50.1576587],[8.342735,50.1577388],[8.342626,50.1577949],[8.3424709,50.1578749],[8.3424314,50.1578993],[8.3421686,50.1580614],[8.3419103,50.1582189],[8.3418026,50.1582844],[8.3416885,50.1583541],[8.3416527,50.1583789],[8.3416492,50.1583779],[8.3414539,50.1583253],[8.3414409,50.1583218],[8.3409855,50.1582142],[8.340713,50.1580826],[8.340093,50.1579097],[8.3397925,50.1577719],[8.3392759,50.1575837],[8.3388872,50.157352],[8.33859,50.1570947],[8.3385724,50.1567408],[8.3385529,50.1563888],[8.3385298,50.156039],[8.3385137,50.1559532],[8.3385052,50.1557762],[8.3385113,50.1557326],[8.3385141,50.1557122],[8.3384443,50.1556706],[8.3379915,50.1556037],[8.3376516,50.1555534],[8.3374917,50.155441],[8.3375786,50.1552573],[8.3376237,50.1551617],[8.3376664,50.1550715],[8.3376933,50.1550146],[8.3377376,50.154921],[8.3377753,50.1548411],[8.3378187,50.1547494],[8.3378279,50.1547301],[8.3378448,50.1546958],[8.3378932,50.1545975],[8.3379048,50.1545737],[8.3379388,50.1545048],[8.337975,50.1544312],[8.3380148,50.1543505],[8.3380364,50.1543065],[8.3380748,50.1542286],[8.3381068,50.1541638],[8.3381832,50.1540086],[8.3382084,50.1539573],[8.3382273,50.153919],[8.3382514,50.1538694],[8.3382713,50.1538286],[8.3382983,50.153773],[8.3383292,50.1537096],[8.3383652,50.1536355],[8.3384107,50.1535421],[8.3384747,50.1534104],[8.3384896,50.1533798],[8.3384952,50.1533683],[8.3385359,50.1532842],[8.3385807,50.1531917],[8.3386218,50.1531069],[8.3386483,50.1530536],[8.3386748,50.1530002],[8.3386992,50.1529482],[8.3388244,50.1526871],[8.3388295,50.1526793],[8.3388839,50.1525609],[8.3389501,50.1524276],[8.3389634,50.1524027],[8.3389977,50.1523334],[8.3389177,50.1523031],[8.3389,50.1522964],[8.3385882,50.1521792],[8.3384743,50.152137],[8.3383101,50.1520785],[8.3377426,50.1518662],[8.3376961,50.1518568],[8.3371515,50.1517164],[8.3370437,50.1517918],[8.336867,50.1517486],[8.336614,50.1517299],[8.3352116,50.1516739],[8.3348953,50.151647],[8.334728,50.1516104],[8.334606,50.1515743],[8.3344724,50.1514722],[8.3344323,50.1510241],[8.3343973,50.1507894],[8.3343937,50.1507595],[8.3343903,50.1507375],[8.33438,50.1506712],[8.3343594,50.1506399],[8.3341752,50.1505976],[8.3340321,50.1505518],[8.3338937,50.1504971],[8.3337007,50.1504072],[8.3336883,50.1503986],[8.3335977,50.1503353],[8.3334146,50.1502067],[8.3333873,50.1501807],[8.3332966,50.1501003],[8.3332895,50.1500941],[8.3331945,50.1500115],[8.3331465,50.1499981],[8.3330855,50.1499772],[8.3330815,50.1499706],[8.3330761,50.1499614],[8.3330712,50.1499534],[8.3330376,50.1498989],[8.3330298,50.1498863],[8.3330102,50.1498545],[8.3329718,50.1497935],[8.3329404,50.1497425],[8.332757,50.149443],[8.3326513,50.1492716],[8.3325754,50.1491808],[8.3325421,50.149129],[8.3325298,50.1491129],[8.3325244,50.1491058],[8.3324347,50.1489909],[8.3324274,50.1489812],[8.3323816,50.1489178],[8.3323751,50.1489087],[8.3323275,50.1488499],[8.3322708,50.1487753],[8.3322102,50.1486955],[8.331953,50.1483571],[8.331881,50.1482623],[8.331785,50.1481362],[8.3316379,50.1479409],[8.3315474,50.1478323],[8.3308887,50.1470485],[8.3307252,50.1468528],[8.3306928,50.1468144],[8.3304791,50.1465597],[8.3304559,50.1465305],[8.3282465,50.1450644],[8.3280238,50.1449244],[8.3278761,50.1448329],[8.3277663,50.144765],[8.3276231,50.1446755],[8.3274624,50.1445757],[8.3272822,50.1454736],[8.3272267,50.1456889],[8.3269413,50.1468224],[8.3269732,50.1479893],[8.3266793,50.148699],[8.3255965,50.1491649],[8.3248006,50.149695],[8.3244589,50.1501485],[8.3240087,50.1507443],[8.3232429,50.1510718],[8.3218087,50.1509611],[8.3196924,50.150904],[8.3187087,50.1506136],[8.3175428,50.1504767],[8.3163137,50.1506249],[8.3153699,50.1507081],[8.314147,50.1508291],[8.3138074,50.1508629],[8.3119885,50.1515597],[8.3119405,50.1514688],[8.311656,50.1509297],[8.3116322,50.1508851],[8.3115862,50.1507976],[8.3115545,50.1507371],[8.3114584,50.1506373],[8.3113674,50.1505427],[8.3108199,50.1499736],[8.3106822,50.1497657],[8.3105691,50.1495953],[8.310439,50.1493983],[8.3103671,50.1492907],[8.309579,50.1494342],[8.3090051,50.1495599],[8.3080182,50.1496814],[8.306422,50.1501961],[8.3060342,50.1507401],[8.3056764,50.1512263],[8.3042109,50.1516175],[8.3036322,50.1511239],[8.3033333,50.1505775],[8.3029963,50.1502253],[8.3022209,50.1495595],[8.3021408,50.1494908],[8.3014933,50.1493985],[8.3005698,50.1494444],[8.2998833,50.1492358],[8.2988879,50.1490335],[8.2980597,50.1490193],[8.297976,50.1490031],[8.2961529,50.1486505],[8.2956532,50.148146],[8.2941753,50.1478566],[8.293848,50.1478319],[8.2931971,50.1478943],[8.2929222,50.1478173],[8.2928571,50.1477992],[8.292011,50.1475623],[8.2915529,50.1474362],[8.2902826,50.1475762],[8.288952,50.1476711],[8.2886298,50.1478021],[8.2879978,50.1476739],[8.2868185,50.1476515],[8.2859923,50.1474725],[8.2852109,50.1475061],[8.2842556,50.147391],[8.283212,50.1471171],[8.2832076,50.1471362],[8.2830235,50.1479498],[8.2828108,50.1487607],[8.2826093,50.1495659],[8.2823263,50.150746],[8.2816404,50.1506723],[8.2804145,50.1505403],[8.27883,50.1503883],[8.2775564,50.150254],[8.2766138,50.1511325],[8.2762725,50.1514507],[8.2762231,50.1514967],[8.2758872,50.1518098],[8.2756979,50.1517342],[8.2754663,50.1516415],[8.2754205,50.1516232],[8.2753053,50.1512788],[8.2742834,50.1512018],[8.2738282,50.1513806],[8.2731277,50.1513879],[8.2730732,50.1513271],[8.2728266,50.1510527],[8.2722401,50.151012],[8.272051,50.1509653],[8.2719727,50.1510073],[8.2715757,50.1509151],[8.2715627,50.1507763],[8.2712262,50.1507411],[8.271011,50.1506054],[8.2706471,50.150964],[8.2703888,50.1507453],[8.270143,50.1505937],[8.2696909,50.1505095],[8.2693671,50.1503583],[8.2689997,50.15005],[8.2685431,50.149837],[8.2680873,50.1500287],[8.2679424,50.1500763],[8.2675274,50.1501461],[8.2669953,50.1501966],[8.2666259,50.1503593],[8.2665847,50.1503774],[8.2664069,50.150391],[8.2663525,50.1503951],[8.266325,50.1503972],[8.2660374,50.1504192],[8.2659805,50.1504236],[8.2659275,50.1504276],[8.2657388,50.1503584],[8.2655094,50.150454],[8.265001,50.150461],[8.264276,50.1503961],[8.2637476,50.150718],[8.262837,50.1504742],[8.2625471,50.1506922],[8.2624929,50.150656],[8.2624679,50.1506393],[8.2622927,50.1505223],[8.2619324,50.1505646],[8.2617016,50.1504609],[8.261625,50.1503242],[8.2614451,50.1502845],[8.2612953,50.1501384],[8.2612639,50.1501079],[8.2611583,50.1500048],[8.2611255,50.1499729],[8.2606283,50.1498143],[8.2605168,50.1497787],[8.2603262,50.1497788],[8.2602899,50.1497788],[8.260054,50.149779],[8.2597078,50.1496351],[8.2593335,50.1496396],[8.2591654,50.1495834],[8.2587792,50.1494543],[8.2586368,50.1494233],[8.2585607,50.1494068],[8.2580443,50.1492946],[8.2579171,50.149267],[8.2577872,50.1492352],[8.257261,50.1491063],[8.2566701,50.1490327],[8.2560758,50.1489497],[8.2556618,50.1488919],[8.2555025,50.1488841],[8.2551245,50.1488657],[8.2550218,50.1488607],[8.2547561,50.1488107],[8.2546806,50.1487965],[8.2543048,50.1488283],[8.25418,50.1488388],[8.2538048,50.1487384],[8.2537381,50.1487536],[8.2534476,50.1488199],[8.2534954,50.1491701],[8.2534988,50.1491952],[8.25351,50.1492771],[8.2532085,50.1493589],[8.2529412,50.1493752],[8.2528792,50.149379],[8.2527205,50.1493887],[8.2526059,50.1493956],[8.252121,50.1494249],[8.2517548,50.1495057],[8.2516292,50.1495335],[8.251656,50.1496096],[8.2511938,50.1495983],[8.2509952,50.1495934],[8.2503015,50.1495765],[8.2501877,50.1486788],[8.2500801,50.1485978],[8.2497363,50.148339],[8.2493902,50.148188],[8.247712,50.1482077],[8.2468613,50.1484221],[8.2457833,50.1483241],[8.2456977,50.1483163],[8.2452323,50.1489427],[8.2449108,50.1493858],[8.2447074,50.1496661],[8.2435731,50.1492919],[8.242418,50.148915],[8.2411404,50.1485017],[8.2410692,50.1484781],[8.2410169,50.1484612],[8.2414255,50.1470537],[8.2413577,50.1451185],[8.2410595,50.1443905],[8.2405388,50.1437809],[8.2389076,50.1423207],[8.2375465,50.1412349],[8.2372293,50.1410169],[8.2368633,50.1407839],[8.2364257,50.1405355],[8.241008,50.2789167]]],[[[8.1217134,50.2773533],[8.1217669,50.2773579],[8.1219452,50.2773729],[8.1219997,50.2774302],[8.1221426,50.2775286],[8.1223234,50.2775638],[8.1225313,50.2776956],[8.1227423,50.2777553],[8.1228042,50.2778025],[8.1231058,50.2780324],[8.1233712,50.2781614],[8.1235388,50.2782288],[8.1239453,50.2783824],[8.1242484,50.2785029],[8.1243803,50.2785929],[8.1244461,50.278637],[8.1251643,50.2789674],[8.1253769,50.2791612],[8.1256512,50.2793355],[8.1260192,50.2793753],[8.1262299,50.2794825],[8.1265027,50.2797386],[8.1275658,50.279699],[8.1285932,50.279785],[8.1286594,50.279824],[8.1302979,50.2807913],[8.1303383,50.2808145],[8.1315069,50.2803],[8.1341401,50.2803283],[8.1364285,50.2797422],[8.1365912,50.279776],[8.1417485,50.2815762],[8.1426688,50.2804959],[8.1427323,50.2804878],[8.1433619,50.2804053],[8.1440558,50.2803143],[8.1453992,50.2801384],[8.1467227,50.2799652],[8.1476584,50.2798427],[8.1477795,50.2798268],[8.1480553,50.2797908],[8.1494317,50.2796105],[8.1508011,50.2794314],[8.1521022,50.279261],[8.1534455,50.2790852],[8.1547903,50.2789091],[8.156142,50.2787322],[8.1575478,50.278548],[8.1589165,50.2783687],[8.1597422,50.2782607],[8.1598335,50.2782486],[8.1602117,50.2781991],[8.1616074,50.2780162],[8.1629718,50.2778375],[8.1643574,50.2776559],[8.1657165,50.2774777],[8.1675384,50.2772389],[8.167613,50.2772292],[8.1677801,50.2761437],[8.1678827,50.2754763],[8.1680622,50.2756018],[8.1680679,50.2755718],[8.1682694,50.2757142],[8.169926,50.2768868],[8.1700682,50.2769868],[8.1701752,50.2770561],[8.1702242,50.2770878],[8.1729599,50.2790188],[8.1730226,50.2790353],[8.1731463,50.2790679],[8.1771468,50.2801189],[8.1772761,50.2801531],[8.1772765,50.2801879],[8.1772768,50.2802119],[8.1775412,50.2802812],[8.1787026,50.2805862],[8.1798726,50.2808939],[8.1802492,50.2809926],[8.1809434,50.2811753],[8.1809703,50.2811827],[8.1811002,50.2812331],[8.1811554,50.2812718],[8.1824547,50.2821846],[8.1834664,50.2828954],[8.1847263,50.2835223],[8.1856804,50.2839958],[8.1858671,50.2840885],[8.1859106,50.2841101],[8.1862778,50.284292],[8.1864998,50.2843704],[8.1865221,50.2843814],[8.1871657,50.2847011],[8.1873079,50.284758],[8.1881957,50.285113],[8.1882124,50.2851197],[8.1882411,50.2851312],[8.1886104,50.2852788],[8.1888607,50.2853787],[8.1896931,50.285713],[8.1897477,50.2857334],[8.19072,50.2860433],[8.1912587,50.2862139],[8.1916716,50.2863447],[8.1917153,50.2863605],[8.1927459,50.2867147],[8.1927836,50.2867276],[8.1928874,50.2867633],[8.1937195,50.2870485],[8.1939636,50.2871319],[8.193992,50.2871419],[8.1940272,50.287154],[8.1941782,50.2872055],[8.1954986,50.2876049],[8.1967281,50.288068],[8.1970712,50.2881971],[8.1982712,50.2885888],[8.1984037,50.2886183],[8.1991013,50.2887728],[8.1993418,50.288826],[8.1999069,50.2888268],[8.1998143,50.2889056],[8.1997348,50.2889814],[8.1998254,50.2890234],[8.1996688,50.2891492],[8.2005039,50.2889746],[8.2012275,50.2890979],[8.2017253,50.289079],[8.2026848,50.2888642],[8.2036394,50.28868],[8.2049577,50.2887415],[8.2055263,50.2887918],[8.2055604,50.2888825],[8.2060755,50.2889554],[8.2077189,50.2891001],[8.2081322,50.2892499],[8.2080976,50.289296],[8.2086383,50.2894463],[8.2094221,50.2895214],[8.2099076,50.2895287],[8.2102645,50.2895341],[8.2105507,50.2895135],[8.2110787,50.2896103],[8.2115039,50.2897306],[8.2116491,50.2898256],[8.2118469,50.2898754],[8.2124957,50.2901234],[8.2126195,50.2901544],[8.2145434,50.2908232],[8.2145258,50.290887],[8.2158074,50.2913341],[8.2161803,50.2914426],[8.2167313,50.2916363],[8.2174149,50.2916764],[8.2179361,50.2917593],[8.2189441,50.2920279],[8.2194331,50.2919684],[8.2199028,50.2918663],[8.2203411,50.2917436],[8.2205821,50.2917062],[8.2206538,50.2916927],[8.2209093,50.2917103],[8.2210746,50.2917086],[8.2211267,50.2915001],[8.2214096,50.2913674],[8.2213876,50.2911965],[8.2213464,50.2911162],[8.2211962,50.2909974],[8.2212103,50.2908626],[8.221291,50.2907687],[8.2213454,50.2905808],[8.2214185,50.2900602],[8.2218001,50.289709],[8.2224539,50.2894867],[8.2226117,50.2894969],[8.2229105,50.2895388],[8.2229388,50.2895252],[8.223075,50.2894626],[8.2233291,50.2892832],[8.2234601,50.289095],[8.223511,50.2890219],[8.2235984,50.2887986],[8.2236311,50.2886594],[8.2236838,50.2884344],[8.2236287,50.2883009],[8.2236068,50.2882479],[8.2234507,50.2880272],[8.22342,50.2879155],[8.2234381,50.2878077],[8.2233661,50.287721],[8.2233223,50.2875616],[8.2235456,50.2875846],[8.2236987,50.2875349],[8.2240351,50.2872756],[8.2246295,50.2868174],[8.2246628,50.2867918],[8.224778,50.2867596],[8.2248414,50.2866897],[8.2248575,50.286556],[8.2248275,50.2862348],[8.224739,50.2857633],[8.2247327,50.2857296],[8.2246727,50.2854817],[8.2246906,50.2854111],[8.2247007,50.2853709],[8.2249119,50.2851158],[8.2251661,50.2848619],[8.2251844,50.2848376],[8.2252437,50.2847597],[8.2253369,50.2845758],[8.2254115,50.2844284],[8.2255335,50.284296],[8.2259964,50.2840365],[8.226508,50.2837496],[8.2269018,50.2837097],[8.2269209,50.2839066],[8.2268187,50.2840558],[8.2267172,50.284204],[8.2267223,50.2842133],[8.226946,50.2842355],[8.2269555,50.2842281],[8.2271446,50.2840491],[8.2271454,50.284043],[8.2271634,50.2839376],[8.2272285,50.2839358],[8.2273237,50.2839055],[8.2274019,50.2838633],[8.2275524,50.2836994],[8.2276501,50.283593],[8.2277405,50.2834947],[8.2279167,50.2833029],[8.2280133,50.2831978],[8.2280775,50.2830983],[8.2281207,50.2829942],[8.2281219,50.2828865],[8.2280925,50.2827804],[8.2280346,50.2826787],[8.2278414,50.282379],[8.2277973,50.2822747],[8.2277987,50.2818745],[8.2277504,50.2818684],[8.2278702,50.2816464],[8.2281007,50.2813015],[8.2281879,50.2812087],[8.2283092,50.2811176],[8.2284932,50.2810471],[8.2289537,50.2809816],[8.2291732,50.2809412],[8.2293868,50.2808705],[8.2295122,50.2808001],[8.2295693,50.280756],[8.2296538,50.2806778],[8.2297389,50.2805316],[8.2297628,50.2804338],[8.2298126,50.2801935],[8.2298185,50.2800269],[8.2297983,50.2799141],[8.2297235,50.2797313],[8.2296995,50.2796932],[8.2296306,50.279584],[8.2296116,50.279513],[8.2296273,50.2794414],[8.2297739,50.2791409],[8.2298773,50.2787776],[8.2299165,50.2785593],[8.2299295,50.2784778],[8.2299545,50.2783204],[8.2299832,50.2782344],[8.2300374,50.2781476],[8.2300633,50.2780571],[8.2300532,50.2778944],[8.2300478,50.2778079],[8.2300382,50.2776524],[8.2300822,50.2774743],[8.2301583,50.277323],[8.2302654,50.2771859],[8.2303251,50.2771093],[8.230564,50.2769665],[8.230751,50.2768711],[8.2308631,50.2767671],[8.2310022,50.2766453],[8.2313349,50.2763653],[8.231409,50.276303],[8.2316024,50.275948],[8.2317079,50.2755788],[8.2317566,50.2754107],[8.2317865,50.2753075],[8.231763,50.2752006],[8.2317695,50.2751903],[8.2317975,50.2751465],[8.2318526,50.2750602],[8.2319185,50.2750891],[8.2319408,50.2750988],[8.2327347,50.2753876],[8.2329841,50.2755427],[8.2341084,50.2762423],[8.2345251,50.2764697],[8.2345628,50.2764903],[8.2346088,50.2765153],[8.2349248,50.2766878],[8.2356053,50.2768915],[8.2361878,50.2770672],[8.2370024,50.2773895],[8.2380341,50.2777814],[8.2381002,50.2778064],[8.2380848,50.2778763],[8.2381405,50.2778591],[8.2395326,50.2784064],[8.2396713,50.2784575],[8.2409054,50.2789159],[8.2409943,50.2789489],[8.241008,50.2789167],[8.1217134,50.2773533]]]]}}]}