{"type":"FeatureCollection","name":"Saale-Unstrut vineyard","crs":{"type":"name","properties":{"name":"urn:ogc:def:crs:OGC:1.3:CRS84"}},"features":[{"type":"Feature","properties":{"osm_id":"33134361","code":7216,"fclass":"vineyard","name":"Goldener Steiger"},"geometry":{"type":"MultiPolygon","coordinates":[[[[11.8284616,51.3420365],[11.8287708,51.3418506],[11.8288819,51.3419238],[11.8294249,51.3416141],[11.8296462,51.3414828],[11.8298912,51.3412742],[11.8301484,51.3409987],[11.8299137,51.3408573],[11.8275859,51.3395137],[11.8258851,51.3405143],[11.8284616,51.3420365]]]]}},{"type":"Feature","properties":{"osm_id":"35485879","code":7216,"fclass":"vineyard","name":null},"geometry":{"type":"MultiPolygon","coordinates":[[[[11.6408933,51.1033853],[11.640307,51.1027948],[11.6397462,51.1021748],[11.6400784,51.1019367],[11.6422097,51.1028981],[11.6427034,51.1028981],[11.6436511,51.103397],[11.6425277,51.1043453],[11.6419636,51.1039353],[11.6415486,51.1036754],[11.6410883,51.1035026],[11.6408933,51.1033853]]]]}},{"type":"Feature","properties":{"osm_id":"60684534","code":7216,"fclass":"vineyard","name":"Kaatschener Dachsberg"},"geometry":{"type":"MultiPolygon","coordinates":[[[[11.6797761,51.099777],[11.6803141,51.100014],[11.6811663,51.0997748],[11.682198,51.0997082],[11.683616,51.0988278],[11.6837304,51.0986332],[11.6830009,51.0974878],[11.6824043,51.0977694],[11.6818982,51.09802],[11.6813224,51.098306],[11.680731,51.0987806],[11.6801719,51.0992873],[11.6797761,51.099777]]]]}},{"type":"Feature","properties":{"osm_id":"60684550","code":7216,"fclass":"vineyard","name":"Terrassenweinberg"},"geometry":{"type":"MultiPolygon","coordinates":[[[[11.6900604,51.0942064],[11.6901999,51.0946706],[11.6905879,51.094597],[11.6910362,51.0944918],[11.6910839,51.0944765],[11.6919805,51.0942371],[11.6923695,51.094115],[11.6927525,51.0939635],[11.6924173,51.0934755],[11.6917725,51.0936427],[11.6912191,51.0938021],[11.6900729,51.094202],[11.6900604,51.0942064]]]]}},{"type":"Feature","properties":{"osm_id":"82693117","code":7216,"fclass":"vineyard","name":null},"geometry":{"type":"MultiPolygon","coordinates":[[[[12.2753119,51.1589294],[12.2748715,51.1590937],[12.2747114,51.1591855],[12.2741203,51.1592195],[12.274123,51.1591237],[12.2742998,51.1590714],[12.2752641,51.158786],[12.2752876,51.1588726],[12.2753119,51.1589294]]]]}},{"type":"Feature","properties":{"osm_id":"90513959","code":7216,"fclass":"vineyard","name":"Ratsweinberg"},"geometry":{"type":"MultiPolygon","coordinates":[[[[11.4236653,51.1767613],[11.4236844,51.1769431],[11.4238693,51.1770106],[11.4240287,51.1770071],[11.4242705,51.176909],[11.4245914,51.1768032],[11.4252106,51.1768307],[11.4246253,51.1765869],[11.4243634,51.1765209],[11.4240929,51.1764855],[11.4239517,51.176502],[11.4238837,51.1765306],[11.4238317,51.1766245],[11.4237381,51.1767323],[11.4236653,51.1767613]]]]}},{"type":"Feature","properties":{"osm_id":"90513962","code":7216,"fclass":"vineyard","name":null},"geometry":{"type":"MultiPolygon","coordinates":[[[[11.4238975,51.1774597],[11.4243296,51.1773329],[11.4247564,51.1770797],[11.4246001,51.1769382],[11.4242788,51.1770253],[11.4240356,51.177145],[11.4238813,51.1772344],[11.4238059,51.177391],[11.4238975,51.1774597]]]]}},{"type":"Feature","properties":{"osm_id":"90513964","code":7216,"fclass":"vineyard","name":null},"geometry":{"type":"MultiPolygon","coordinates":[[[[11.4246662,51.1682177],[11.425157,51.1679351],[11.4248506,51.1676856],[11.4238084,51.1668369],[11.4228625,51.1674164],[11.4246662,51.1682177]]]]}},{"type":"Feature","properties":{"osm_id":"90794507","code":7216,"fclass":"vineyard","name":null},"geometry":{"type":"MultiPolygon","coordinates":[[[[11.7317728,51.1511108],[11.731553,51.1510325],[11.7307821,51.1508795],[11.7303091,51.1508325],[11.729796,51.1517213],[11.7305666,51.1518745],[11.7320063,51.1520195],[11.734359,51.1521969],[11.7360379,51.1521038],[11.7381651,51.151946],[11.7384625,51.151884],[11.7389046,51.1516668],[11.7392344,51.1515837],[11.7398203,51.151436],[11.7406708,51.1512987],[11.7406079,51.1509302],[11.7394865,51.1510541],[11.7380229,51.1511995],[11.736574,51.1513228],[11.7346381,51.1513229],[11.7345959,51.1514024],[11.7345122,51.1513973],[11.7340139,51.1513816],[11.7332077,51.1514155],[11.7325743,51.1513571],[11.7326023,51.1512643],[11.7320694,51.1512138],[11.7317728,51.1511108]]]]}},{"type":"Feature","properties":{"osm_id":"94360926","code":7216,"fclass":"vineyard","name":null},"geometry":{"type":"MultiPolygon","coordinates":[[[[11.6361358,51.1035406],[11.6365337,51.103192],[11.6368106,51.1031198],[11.6371344,51.1030985],[11.6374907,51.1030695],[11.6380812,51.1027702],[11.6386718,51.1024708],[11.6391092,51.1021528],[11.639245,51.1020546],[11.6395133,51.1018736],[11.6397184,51.1017777],[11.6396589,51.1016553],[11.639491,51.1016056],[11.639022,51.1015178],[11.6386116,51.1015514],[11.6381895,51.101623],[11.6380571,51.1018831],[11.6378688,51.1019499],[11.6375342,51.1019474],[11.637022,51.1019715],[11.6366349,51.1020046],[11.6362355,51.1018367],[11.6357069,51.1022722],[11.6353737,51.1024597],[11.6349535,51.1026896],[11.6361358,51.1035406]]]]}},{"type":"Feature","properties":{"osm_id":"97243446","code":7216,"fclass":"vineyard","name":null},"geometry":{"type":"MultiPolygon","coordinates":[[[[11.7924533,51.2288808],[11.7927293,51.2290313],[11.792822,51.2292488],[11.7949484,51.2298787],[11.7954819,51.2300754],[11.796744,51.2305623],[11.7968338,51.2305962],[11.7969416,51.2305521],[11.7972997,51.2301041],[11.796549,51.2298424],[11.7960931,51.2296844],[11.7953444,51.2293654],[11.7942816,51.2288904],[11.7936669,51.2286826],[11.7931605,51.2286013],[11.7928913,51.2285442],[11.7928739,51.2284905],[11.7915904,51.2282554],[11.7906997,51.2280763],[11.790483,51.2280086],[11.7904537,51.227989],[11.7899543,51.227892],[11.7897152,51.2278455],[11.7890658,51.2277179],[11.7886346,51.2276774],[11.7883261,51.2276484],[11.7879044,51.2276317],[11.7875177,51.2276165],[11.7872923,51.2276076],[11.7870458,51.2275978],[11.7866825,51.2275835],[11.7866444,51.227605],[11.7866178,51.2276201],[11.7867217,51.227681],[11.7869244,51.2277999],[11.7882601,51.2284953],[11.7883191,51.2282064],[11.7893598,51.2284046],[11.7895529,51.2285793],[11.7895368,51.2291604],[11.7899338,51.2292242],[11.7909775,51.2289731],[11.7912266,51.2288077],[11.7918704,51.2288211],[11.7924533,51.2288808]]]]}},{"type":"Feature","properties":{"osm_id":"97243450","code":7216,"fclass":"vineyard","name":null},"geometry":{"type":"MultiPolygon","coordinates":[[[[11.7975252,51.2302371],[11.7971821,51.2317114],[11.7980173,51.2318581],[11.7999695,51.2324071],[11.801143,51.2327153],[11.8020362,51.2329588],[11.8022843,51.2331041],[11.8022481,51.2331755],[11.8034059,51.233542],[11.8037725,51.2334255],[11.8039756,51.2334176],[11.8067063,51.2342181],[11.8088283,51.2347909],[11.8100576,51.2350664],[11.8105948,51.2351235],[11.8119137,51.2356405],[11.8134745,51.2360409],[11.8138767,51.2360699],[11.8157495,51.2365146],[11.8162204,51.2367629],[11.8172135,51.2369368],[11.8186243,51.2370172],[11.8196967,51.2369225],[11.8211748,51.2370194],[11.8226095,51.2370695],[11.8227478,51.2368462],[11.8222428,51.2365051],[11.8203095,51.2357069],[11.8176479,51.2350282],[11.815599,51.2346645],[11.8141729,51.2343456],[11.8127977,51.2341607],[11.8110457,51.2337652],[11.8092631,51.2331848],[11.8073684,51.2324896],[11.8026827,51.2315137],[11.8019085,51.2312841],[11.8010196,51.2311416],[11.7998203,51.2309651],[11.7991279,51.2306565],[11.7985374,51.2305171],[11.7975252,51.2302371]]]]}},{"type":"Feature","properties":{"osm_id":"97247130","code":7216,"fclass":"vineyard","name":null},"geometry":{"type":"MultiPolygon","coordinates":[[[[11.7870309,51.2057445],[11.7873535,51.2056218],[11.7876311,51.2055043],[11.7879208,51.2054131],[11.7881298,51.2053228],[11.7882856,51.2052588],[11.7884543,51.2051993],[11.7886445,51.2052791],[11.7889047,51.2053865],[11.7894572,51.2056344],[11.7897522,51.2057779],[11.7900089,51.2059301],[11.7891257,51.2065281],[11.7896693,51.2067347],[11.7901977,51.2063062],[11.7910756,51.2067316],[11.7919243,51.2069603],[11.7918255,51.2073093],[11.7916794,51.2074989],[11.7914602,51.2075904],[11.7902184,51.2075054],[11.7900761,51.2075068],[11.7889141,51.2075185],[11.7885175,51.2072766],[11.7882253,51.206989],[11.7880233,51.2066539],[11.7879425,51.2065294],[11.7877974,51.2064181],[11.7876252,51.2062641],[11.7874225,51.2060663],[11.7870309,51.2057445]]]]}},{"type":"Feature","properties":{"osm_id":"97247133","code":7216,"fclass":"vineyard","name":null},"geometry":{"type":"MultiPolygon","coordinates":[[[[11.7846346,51.2069151],[11.7846884,51.2068674],[11.7853557,51.2062764],[11.78569,51.2059371],[11.7859167,51.205707],[11.786083,51.2055381],[11.7865218,51.2054715],[11.7868571,51.2057786],[11.7872023,51.2060948],[11.7878288,51.2066686],[11.7880463,51.2070441],[11.7886504,51.2074938],[11.7884919,51.2076319],[11.7880238,51.2076267],[11.7877457,51.207701],[11.7872549,51.2077735],[11.7863779,51.2075251],[11.7856436,51.207317],[11.785104,51.207102],[11.7846957,51.2069394],[11.7846346,51.2069151]]]]}},{"type":"Feature","properties":{"osm_id":"99006954","code":7216,"fclass":"vineyard","name":null},"geometry":{"type":"MultiPolygon","coordinates":[[[[11.3780074,51.0092063],[11.3780259,51.0093755],[11.377709,51.0104583],[11.3759982,51.0102759],[11.3754137,51.0096729],[11.375112,51.0095944],[11.3750096,51.0094845],[11.3746674,51.0090059],[11.3742787,51.0087332],[11.3742162,51.0086371],[11.3741242,51.0086266],[11.3740052,51.0085554],[11.3742569,51.0085816],[11.3776204,51.008961],[11.3778408,51.0090165],[11.3779592,51.0090799],[11.3780074,51.0092063]]]]}},{"type":"Feature","properties":{"osm_id":"103183868","code":7216,"fclass":"vineyard","name":"Weinberg Winzervereinigung Freyburg e.G."},"geometry":{"type":"MultiPolygon","coordinates":[[[[11.7918317,51.2103192],[11.7930827,51.2108624],[11.7935869,51.2110051],[11.7938552,51.2104659],[11.7939257,51.2102831],[11.7939853,51.2100673],[11.792208,51.2097452],[11.7918317,51.2103192]]]]}},{"type":"Feature","properties":{"osm_id":"103184158","code":7216,"fclass":"vineyard","name":"Weinberg Rebschule Freyburg"},"geometry":{"type":"MultiPolygon","coordinates":[[[[11.7868278,51.2045034],[11.7876432,51.2047858],[11.7888663,51.2051622],[11.788917,51.2050812],[11.7895674,51.204043],[11.7907602,51.2021387],[11.7903855,51.2020817],[11.789999,51.2020244],[11.7894856,51.2019985],[11.7890038,51.2019646],[11.7883341,51.201897],[11.7875858,51.2018242],[11.7870394,51.2017812],[11.7867731,51.2017601],[11.7867031,51.2017711],[11.7866612,51.2018085],[11.7863938,51.2024098],[11.786035,51.2029839],[11.7857284,51.2034848],[11.786978,51.2037237],[11.7870853,51.2038984],[11.7868278,51.2045034]]]]}},{"type":"Feature","properties":{"osm_id":"103184380","code":7216,"fclass":"vineyard","name":"Weinberg Sonnenuhr"},"geometry":{"type":"MultiPolygon","coordinates":[[[[11.7787139,51.201057],[11.7785216,51.2006293],[11.7773315,51.201011],[11.777568,51.201287],[11.7787139,51.201057]]]]}},{"type":"Feature","properties":{"osm_id":"103184399","code":7216,"fclass":"vineyard","name":null},"geometry":{"type":"MultiPolygon","coordinates":[[[[11.7774468,51.2017492],[11.7772144,51.2016225],[11.7775045,51.2014989],[11.7778958,51.2013965],[11.7778654,51.2014363],[11.7775813,51.2016096],[11.7775581,51.2016737],[11.7774468,51.2017492]]]]}},{"type":"Feature","properties":{"osm_id":"103184407","code":7216,"fclass":"vineyard","name":null},"geometry":{"type":"MultiPolygon","coordinates":[[[[11.7775623,51.2016964],[11.7774758,51.2017641],[11.777697,51.2018925],[11.7777902,51.2018291],[11.7776082,51.2016911],[11.7775623,51.2016964]]]]}},{"type":"Feature","properties":{"osm_id":"103184413","code":7216,"fclass":"vineyard","name":null},"geometry":{"type":"MultiPolygon","coordinates":[[[[11.777998,51.202077],[11.7782448,51.2019762],[11.7785661,51.2023674],[11.778277,51.202319],[11.777998,51.202077]]]]}},{"type":"Feature","properties":{"osm_id":"103186114","code":7216,"fclass":"vineyard","name":null},"geometry":{"type":"MultiPolygon","coordinates":[[[[11.7775511,51.2043186],[11.7786429,51.2040103],[11.778774,51.2041104],[11.7798548,51.2039802],[11.7799411,51.2034734],[11.7798813,51.2030964],[11.7798638,51.2028202],[11.7790225,51.2027159],[11.7789229,51.2027036],[11.7788699,51.2027064],[11.7786638,51.2026969],[11.7782491,51.2026584],[11.7775636,51.202552],[11.7775166,51.2025989],[11.7771393,51.2025408],[11.7770337,51.2026409],[11.7768767,51.2028864],[11.7768523,51.2029645],[11.7764431,51.2028102],[11.7767179,51.2023702],[11.7763561,51.2021922],[11.7761059,51.2023824],[11.7759749,51.2025422],[11.7757757,51.2028433],[11.7749464,51.2039932],[11.775745,51.2041458],[11.7757833,51.2041531],[11.7765411,51.2044961],[11.7771913,51.2041445],[11.7775511,51.2043186]]]]}},{"type":"Feature","properties":{"osm_id":"103186524","code":7216,"fclass":"vineyard","name":null},"geometry":{"type":"MultiPolygon","coordinates":[[[[11.7775845,51.201843],[11.7773769,51.2021094],[11.7774294,51.2021218],[11.7777512,51.202198],[11.7782535,51.2023169],[11.7779838,51.2020837],[11.7777132,51.2019089],[11.7775845,51.201843]]]]}},{"type":"Feature","properties":{"osm_id":"103186945","code":7216,"fclass":"vineyard","name":"Herzoglicher Weinberg"},"geometry":{"type":"MultiPolygon","coordinates":[[[[11.7733551,51.2065252],[11.773469,51.2065505],[11.7737601,51.2066077],[11.7740176,51.2067153],[11.7741571,51.206601],[11.7745057,51.2065628],[11.774921,51.2059412],[11.7745275,51.2058724],[11.7748247,51.2055212],[11.7745986,51.2054648],[11.7746743,51.2053238],[11.7740677,51.2051766],[11.7739153,51.2053188],[11.7737764,51.2054614],[11.773567,51.2056922],[11.773363,51.2060395],[11.7733755,51.206041],[11.7736213,51.2060697],[11.7734544,51.2063254],[11.7733551,51.2065252]]]]}},{"type":"Feature","properties":{"osm_id":"103187016","code":7216,"fclass":"vineyard","name":null},"geometry":{"type":"MultiPolygon","coordinates":[[[[11.7725286,51.2103936],[11.771853,51.2103251],[11.7718994,51.2102378],[11.7720447,51.2101147],[11.772176,51.2100482],[11.7726443,51.2099349],[11.7728267,51.2099013],[11.7729756,51.2098729],[11.7730185,51.2096192],[11.7733248,51.2096601],[11.7739909,51.2098233],[11.7751071,51.210184],[11.7750029,51.2104171],[11.7745266,51.2104031],[11.7743071,51.2107784],[11.774028,51.2107854],[11.7740801,51.210571],[11.7735221,51.2105623],[11.7733248,51.2103036],[11.7728039,51.2104714],[11.7725286,51.2103936]]]]}},{"type":"Feature","properties":{"osm_id":"103187299","code":7216,"fclass":"vineyard","name":null},"geometry":{"type":"MultiPolygon","coordinates":[[[[11.77224,51.2089235],[11.7724594,51.2089995],[11.7727032,51.2090849],[11.7729152,51.2089782],[11.7731474,51.2088133],[11.7732858,51.2087355],[11.773171,51.2087054],[11.7728613,51.2085949],[11.7725294,51.208493],[11.77224,51.2089235]]]]}},{"type":"Feature","properties":{"osm_id":"103187335","code":7216,"fclass":"vineyard","name":null},"geometry":{"type":"MultiPolygon","coordinates":[[[[11.7731167,51.208292],[11.7727078,51.2081778],[11.7729068,51.2078294],[11.772967,51.2077239],[11.7731596,51.2077339],[11.773269,51.2076581],[11.7735397,51.2076814],[11.7736387,51.2077555],[11.7738294,51.2079088],[11.7731167,51.208292]]]]}},{"type":"Feature","properties":{"osm_id":"103187417","code":7216,"fclass":"vineyard","name":"Himmelreich"},"geometry":{"type":"MultiPolygon","coordinates":[[[[11.7468508,51.2178942],[11.7470056,51.217426],[11.747528,51.2173729],[11.7478083,51.2173444],[11.7484098,51.2172833],[11.7489298,51.2172305],[11.7488531,51.2177592],[11.748716,51.2180065],[11.7487756,51.2182753],[11.7476163,51.2183297],[11.7475715,51.2179463],[11.7468508,51.2178942]]]]}},{"type":"Feature","properties":{"osm_id":"103187487","code":7216,"fclass":"vineyard","name":"Himmelreich"},"geometry":{"type":"MultiPolygon","coordinates":[[[[11.7465404,51.2200565],[11.7460882,51.220487],[11.7472732,51.2207206],[11.7481037,51.2208591],[11.7496081,51.2210738],[11.7494812,51.2203341],[11.7494091,51.2202311],[11.7489274,51.2200923],[11.7479245,51.2198296],[11.7468816,51.2197647],[11.7465404,51.2200565]]]]}},{"type":"Feature","properties":{"osm_id":"103187589","code":7216,"fclass":"vineyard","name":"Himmelreich"},"geometry":{"type":"MultiPolygon","coordinates":[[[[11.7436202,51.2213226],[11.7438503,51.2207093],[11.7444667,51.2207895],[11.7450814,51.2208802],[11.7453183,51.2208449],[11.7457056,51.2206486],[11.7471552,51.2208643],[11.7480533,51.220998],[11.7481804,51.2209229],[11.749619,51.221134],[11.7499011,51.2217275],[11.7497583,51.2217754],[11.7491599,51.2217595],[11.7485573,51.2217715],[11.7464703,51.2214969],[11.7463016,51.2216534],[11.7452179,51.2215941],[11.7448797,51.2215187],[11.7436202,51.2213226]]]]}},{"type":"Feature","properties":{"osm_id":"103187880","code":7216,"fclass":"vineyard","name":"Himmelreich"},"geometry":{"type":"MultiPolygon","coordinates":[[[[11.7359533,51.2188798],[11.7358047,51.2188215],[11.7356153,51.2188352],[11.7353578,51.2188845],[11.7350606,51.2189333],[11.7348665,51.2189687],[11.7344429,51.2190307],[11.734205,51.2191181],[11.7339717,51.2191631],[11.7337831,51.219214],[11.7336517,51.2193059],[11.7335216,51.2193766],[11.7332354,51.2194541],[11.7330254,51.2195211],[11.7327569,51.2195688],[11.7325584,51.21966],[11.7323874,51.2197085],[11.7323164,51.2198501],[11.7322046,51.2200343],[11.7320021,51.2201717],[11.7318087,51.2203402],[11.731698,51.2204315],[11.7317075,51.2205571],[11.7317032,51.2205937],[11.7325611,51.221524],[11.7331861,51.2213291],[11.7333247,51.221349],[11.7334516,51.2214618],[11.7344708,51.2209895],[11.7353171,51.2204558],[11.73554,51.2202507],[11.7358599,51.2193504],[11.7359552,51.2190957],[11.736019,51.2189523],[11.7359533,51.2188798]]]]}},{"type":"Feature","properties":{"osm_id":"103187898","code":7216,"fclass":"vineyard","name":"Himmelreich"},"geometry":{"type":"MultiPolygon","coordinates":[[[[11.7317704,51.2226746],[11.731257,51.2222153],[11.730782,51.2217905],[11.7310647,51.2212452],[11.7314019,51.2210908],[11.7317175,51.2209462],[11.7324029,51.2215544],[11.7333148,51.2223635],[11.7322427,51.2224589],[11.7317704,51.2226746]]]]}},{"type":"Feature","properties":{"osm_id":"103187935","code":7216,"fclass":"vineyard","name":"Himmelreich"},"geometry":{"type":"MultiPolygon","coordinates":[[[[11.7318318,51.2230346],[11.7314356,51.222646],[11.7310033,51.222259],[11.7307686,51.2222866],[11.7307472,51.2222891],[11.7303094,51.2224613],[11.7301002,51.2226103],[11.7300221,51.2227341],[11.7301615,51.2228801],[11.7305004,51.2232424],[11.7306798,51.223397],[11.7310559,51.2232408],[11.7314305,51.2231107],[11.7318318,51.2230346]]]]}},{"type":"Feature","properties":{"osm_id":"103188050","code":7216,"fclass":"vineyard","name":null},"geometry":{"type":"MultiPolygon","coordinates":[[[[11.7201975,51.2268589],[11.7203692,51.2270874],[11.7204894,51.2277055],[11.7197044,51.2278817],[11.7190303,51.2279071],[11.7187579,51.2266534],[11.7194548,51.2266194],[11.7198528,51.2267155],[11.7201975,51.2268589]]]]}},{"type":"Feature","properties":{"osm_id":"103188101","code":7216,"fclass":"vineyard","name":"Nüssenberg"},"geometry":{"type":"MultiPolygon","coordinates":[[[[11.7286276,51.2234043],[11.7282946,51.2236869],[11.7280732,51.2239085],[11.7277935,51.2240855],[11.7274405,51.2242637],[11.726322,51.2236265],[11.7259797,51.2237839],[11.7261352,51.2241211],[11.7262469,51.2242967],[11.7259194,51.2244801],[11.7257663,51.2246719],[11.725571,51.2247645],[11.7253215,51.2248586],[11.725085,51.2249395],[11.7248784,51.2249886],[11.7248441,51.2251374],[11.7247721,51.2252505],[11.7243597,51.2254154],[11.7240155,51.2255055],[11.7236216,51.2256306],[11.7233195,51.2257401],[11.7228335,51.2253373],[11.7221026,51.2247073],[11.722543,51.2245877],[11.7242832,51.2236428],[11.7255551,51.2230196],[11.7305674,51.2197831],[11.7308269,51.2199648],[11.7310776,51.2201567],[11.7312824,51.2203135],[11.731459,51.2204486],[11.731232,51.22069],[11.7309108,51.2208704],[11.7306902,51.221025],[11.7305345,51.2211874],[11.7303908,51.2213028],[11.7302184,51.2214543],[11.7301076,51.2215681],[11.730092,51.2216994],[11.7300464,51.2218219],[11.7299794,51.2218949],[11.7297897,51.2220948],[11.7296102,51.222284],[11.7294379,51.2224977],[11.7293856,51.2226642],[11.7291072,51.2228206],[11.7288205,51.2229382],[11.7288079,51.223232],[11.7286276,51.2234043]]]]}},{"type":"Feature","properties":{"osm_id":"103188446","code":7216,"fclass":"vineyard","name":null},"geometry":{"type":"MultiPolygon","coordinates":[[[[11.7425499,51.2153185],[11.7451484,51.2153251],[11.7450036,51.2149958],[11.7448944,51.2148151],[11.7447815,51.2147607],[11.7446635,51.2147405],[11.7438159,51.2147203],[11.7431024,51.2146733],[11.7427881,51.2146362],[11.7420885,51.2145525],[11.7413611,51.2145287],[11.7408354,51.2145824],[11.7404578,51.2147071],[11.7397604,51.2151574],[11.7396821,51.2152545],[11.7407013,51.2156073],[11.7407418,51.2154853],[11.740785,51.2153555],[11.7425499,51.2153185]]]]}},{"type":"Feature","properties":{"osm_id":"103188513","code":7216,"fclass":"vineyard","name":null},"geometry":{"type":"MultiPolygon","coordinates":[[[[11.7135024,51.2243023],[11.7132795,51.2228216],[11.713894,51.2229189],[11.7144438,51.2231364],[11.7152244,51.2234141],[11.7152469,51.2237129],[11.7151401,51.2239521],[11.7149149,51.2240564],[11.7135024,51.2243023]]]]}},{"type":"Feature","properties":{"osm_id":"103188537","code":7216,"fclass":"vineyard","name":null},"geometry":{"type":"MultiPolygon","coordinates":[[[[11.7161641,51.226782],[11.7159542,51.2252565],[11.7164105,51.2253182],[11.7169327,51.2253889],[11.7173013,51.2255588],[11.7176564,51.2257225],[11.7179283,51.2258478],[11.7180644,51.226699],[11.7161641,51.226782]]]]}},{"type":"Feature","properties":{"osm_id":"103188626","code":7216,"fclass":"vineyard","name":null},"geometry":{"type":"MultiPolygon","coordinates":[[[[11.714023,51.2269228],[11.713787,51.2264256],[11.713508,51.2243427],[11.7150745,51.2240605],[11.7151603,51.2243562],[11.7155036,51.2246115],[11.7156127,51.2267716],[11.715543,51.2272865],[11.7154429,51.227375],[11.7141733,51.2270123],[11.714023,51.2269228]]]]}},{"type":"Feature","properties":{"osm_id":"103188738","code":7216,"fclass":"vineyard","name":null},"geometry":{"type":"MultiPolygon","coordinates":[[[[11.7098089,51.2250827],[11.70971,51.2246921],[11.7095777,51.2237509],[11.7132139,51.2242568],[11.7133793,51.2257681],[11.7126006,51.2258023],[11.7112943,51.2256249],[11.7099441,51.2253011],[11.7098089,51.2250827]]]]}},{"type":"Feature","properties":{"osm_id":"103188764","code":7216,"fclass":"vineyard","name":null},"geometry":{"type":"MultiPolygon","coordinates":[[[[11.7134507,51.2257972],[11.7135347,51.226427],[11.7135461,51.2265128],[11.713468,51.2265972],[11.7131464,51.2265972],[11.7126861,51.2265868],[11.7116376,51.2267131],[11.7102617,51.2263927],[11.709969,51.226243],[11.7096862,51.2259642],[11.7097018,51.2258464],[11.710767,51.2257245],[11.712656,51.225924],[11.7127175,51.2258286],[11.7134507,51.2257972]]]]}},{"type":"Feature","properties":{"osm_id":"103202541","code":7216,"fclass":"vineyard","name":"Weinberg Weingut Wölbling"},"geometry":{"type":"MultiPolygon","coordinates":[[[[11.7019496,51.2249236],[11.7044092,51.2255661],[11.7043012,51.2259302],[11.7036904,51.2265201],[11.7034651,51.2265201],[11.7030681,51.226379],[11.7027033,51.2260633],[11.7022635,51.2256198],[11.7019496,51.2249236]]]]}},{"type":"Feature","properties":{"osm_id":"103202608","code":7216,"fclass":"vineyard","name":null},"geometry":{"type":"MultiPolygon","coordinates":[[[[11.6998602,51.2264798],[11.7016197,51.225042],[11.7018236,51.2251226],[11.7020545,51.2256054],[11.7021776,51.2258012],[11.7027336,51.2263428],[11.7019538,51.2270794],[11.6998602,51.2264798]]]]}},{"type":"Feature","properties":{"osm_id":"103203417","code":7216,"fclass":"vineyard","name":null},"geometry":{"type":"MultiPolygon","coordinates":[[[[11.7058586,51.2348155],[11.7065447,51.2341481],[11.706184,51.2338836],[11.705912,51.2336675],[11.7053726,51.2331646],[11.7050497,51.2329747],[11.7046698,51.2326781],[11.7045511,51.2324421],[11.7042517,51.2323056],[11.7037479,51.2333755],[11.7035788,51.2337346],[11.7042708,51.2340778],[11.7048724,51.2343762],[11.7053509,51.2346135],[11.7058586,51.2348155]]]]}},{"type":"Feature","properties":{"osm_id":"103203473","code":7216,"fclass":"vineyard","name":null},"geometry":{"type":"MultiPolygon","coordinates":[[[[11.7062733,51.2349688],[11.7070635,51.2354043],[11.708087,51.2356777],[11.7086149,51.2358849],[11.708663,51.2358962],[11.7102296,51.2362513],[11.7111905,51.2363838],[11.712782,51.2361607],[11.7109838,51.2355467],[11.7101115,51.2351674],[11.709502,51.2350162],[11.7089723,51.2348848],[11.7084003,51.234743],[11.7076198,51.2345193],[11.7070679,51.2343037],[11.7068733,51.2342277],[11.7064603,51.2344649],[11.7062733,51.2349688]]]]}},{"type":"Feature","properties":{"osm_id":"103203530","code":7216,"fclass":"vineyard","name":null},"geometry":{"type":"MultiPolygon","coordinates":[[[[11.7022572,51.2369378],[11.7026658,51.2369596],[11.7030613,51.2369574],[11.7036224,51.2368524],[11.7042891,51.2368663],[11.7047778,51.236905],[11.7061956,51.2368474],[11.70707,51.2368119],[11.7080005,51.2366896],[11.7079867,51.2365125],[11.7086793,51.236382],[11.7083145,51.2361671],[11.7076922,51.2359252],[11.7057611,51.2360059],[11.7034928,51.2362072],[11.7021668,51.2365576],[11.7018918,51.2366303],[11.7022572,51.2369378]]]]}},{"type":"Feature","properties":{"osm_id":"103203572","code":7216,"fclass":"vineyard","name":null},"geometry":{"type":"MultiPolygon","coordinates":[[[[11.7045618,51.2355029],[11.7029015,51.2339035],[11.7032233,51.2337792],[11.7040334,51.2341386],[11.7047844,51.2344577],[11.7050636,51.2346231],[11.7056805,51.235237],[11.7051009,51.2353343],[11.704903,51.2353962],[11.7047699,51.2354378],[11.7045618,51.2355029]]]]}},{"type":"Feature","properties":{"osm_id":"103203607","code":7216,"fclass":"vineyard","name":"Weinlage Dorndorfer Rappental"},"geometry":{"type":"MultiPolygon","coordinates":[[[[11.6961058,51.2359324],[11.6957334,51.2357444],[11.6955021,51.2357346],[11.6949205,51.2352554],[11.6954184,51.2339033],[11.6955597,51.2338329],[11.6968719,51.2337187],[11.6973707,51.2337389],[11.6977162,51.2336448],[11.6984329,51.233289],[11.6985295,51.2333058],[11.6989608,51.2338531],[11.6995004,51.2337758],[11.6998974,51.2337087],[11.7001978,51.2335743],[11.7008866,51.2342326],[11.7006613,51.2343368],[11.6999135,51.2344946],[11.699951,51.2345853],[11.70023,51.2345182],[11.7004875,51.2349716],[11.7008705,51.2349011],[11.7011494,51.2353713],[11.7018393,51.2353343],[11.7018071,51.2351362],[11.7024294,51.2353142],[11.7025227,51.2352336],[11.7019841,51.2345618],[11.7022148,51.234498],[11.7023457,51.2346559],[11.7024691,51.2346122],[11.7032806,51.2355172],[11.7034991,51.2357609],[11.7031965,51.235818],[11.7035152,51.2360968],[11.7027995,51.2362647],[11.7021275,51.2364894],[11.7017216,51.2357845],[11.7016358,51.2355259],[11.7014641,51.2355293],[11.7017752,51.2365167],[11.7014319,51.2364865],[11.7018447,51.2367149],[11.7017913,51.2371757],[11.7010239,51.2371413],[11.7009971,51.2372421],[11.7007793,51.2371783],[11.7004446,51.2369499],[11.7003341,51.236782],[11.7002858,51.2365368],[11.6997493,51.2363319],[11.6995079,51.2362647],[11.698596,51.2361472],[11.6980252,51.2361539],[11.6977216,51.2360699],[11.6976465,51.2361438],[11.6981668,51.2362916],[11.6981805,51.236295],[11.698331,51.2363319],[11.698111,51.2366073],[11.6975231,51.2364058],[11.6974909,51.2363117],[11.6974212,51.2363017],[11.6973139,51.2363151],[11.697271,51.2363688],[11.6969759,51.236248],[11.6964019,51.2360128],[11.6966305,51.2358953],[11.6965393,51.2358046],[11.6961058,51.2359324]]]]}},{"type":"Feature","properties":{"osm_id":"103759522","code":7216,"fclass":"vineyard","name":null},"geometry":{"type":"MultiPolygon","coordinates":[[[[11.7569659,51.2244015],[11.7575091,51.2243828],[11.7582647,51.2239029],[11.7584302,51.2237737],[11.7583306,51.2237117],[11.7576134,51.2236435],[11.756871,51.2235839],[11.7565313,51.2235541],[11.7557807,51.2237464],[11.7561755,51.2239939],[11.7566261,51.2242492],[11.7569659,51.2244015]]]]}},{"type":"Feature","properties":{"osm_id":"103759523","code":7216,"fclass":"vineyard","name":null},"geometry":{"type":"MultiPolygon","coordinates":[[[[11.7548717,51.2244029],[11.7541152,51.2242908],[11.7542018,51.2239601],[11.7549752,51.2240461],[11.7548717,51.2244029]]]]}},{"type":"Feature","properties":{"osm_id":"103834528","code":7216,"fclass":"vineyard","name":null},"geometry":{"type":"MultiPolygon","coordinates":[[[[11.8026414,51.2628811],[11.8036928,51.2612832],[11.8047228,51.2615249],[11.8054309,51.2616458],[11.8062463,51.2617397],[11.8069329,51.26178],[11.807161,51.2617848],[11.8081989,51.2618069],[11.810216,51.2618337],[11.8103294,51.2619584],[11.810199,51.262172],[11.8099603,51.2625457],[11.8100553,51.2626553],[11.8104579,51.2627986],[11.8102749,51.2630715],[11.8097439,51.2634047],[11.8096396,51.2635353],[11.8092289,51.2640492],[11.8088427,51.2647474],[11.8054738,51.2637807],[11.8026414,51.2628811]]]]}},{"type":"Feature","properties":{"osm_id":"103835320","code":7216,"fclass":"vineyard","name":"Gröster Steinberg"},"geometry":{"type":"MultiPolygon","coordinates":[[[[11.8397637,51.2698025],[11.8398916,51.2698211],[11.8426156,51.2685547],[11.8442546,51.2678419],[11.8444415,51.2664864],[11.8442698,51.2664596],[11.8443324,51.2657112],[11.8422929,51.2657945],[11.8419858,51.267783],[11.8405474,51.2677542],[11.8400663,51.2677445],[11.8397637,51.2698025]]]]}},{"type":"Feature","properties":{"osm_id":"104355851","code":7216,"fclass":"vineyard","name":null},"geometry":{"type":"MultiPolygon","coordinates":[[[[11.784371,51.2066216],[11.7846328,51.2064515],[11.7849504,51.2062451],[11.7852401,51.2059427],[11.7853044,51.2058418],[11.7849075,51.2057074],[11.7843496,51.2055259],[11.7840751,51.2054053],[11.7835235,51.2052301],[11.7832452,51.205146],[11.7829904,51.2050733],[11.7825726,51.204987],[11.7820751,51.2048403],[11.7818429,51.2047711],[11.7815001,51.2046987],[11.7813135,51.204661],[11.7811202,51.2050486],[11.7809485,51.2055057],[11.7807661,51.2058687],[11.7810344,51.205983],[11.7814743,51.2060502],[11.7819463,51.2060704],[11.7823969,51.2061443],[11.7827832,51.2061241],[11.7830836,51.2061779],[11.7833411,51.2062653],[11.7834591,51.2063661],[11.7835986,51.2063796],[11.783781,51.2064535],[11.7840063,51.2065812],[11.7841924,51.2066018],[11.784371,51.2066216]]]]}},{"type":"Feature","properties":{"osm_id":"117701826","code":7216,"fclass":"vineyard","name":null},"geometry":{"type":"MultiPolygon","coordinates":[[[[11.7773016,51.2051119],[11.7781077,51.2053065],[11.7798111,51.2056795],[11.7806041,51.2058606],[11.7808474,51.205489],[11.779357,51.2050683],[11.7785683,51.2048437],[11.7784314,51.2048192],[11.7778426,51.2048356],[11.7774298,51.2049009],[11.7772712,51.2049635],[11.7772191,51.2050534],[11.7773016,51.2051119]]]]}},{"type":"Feature","properties":{"osm_id":"117701827","code":7216,"fclass":"vineyard","name":null},"geometry":{"type":"MultiPolygon","coordinates":[[[[11.7785987,51.2046368],[11.7792701,51.2048519],[11.7808713,51.2053855],[11.7811473,51.2047498],[11.7811842,51.2046708],[11.7805129,51.2045048],[11.7802849,51.2044614],[11.7801478,51.2044353],[11.7797481,51.2044381],[11.779244,51.2044707],[11.7790013,51.2044938],[11.7789029,51.2045089],[11.7786813,51.2045619],[11.7785987,51.2046368]]]]}},{"type":"Feature","properties":{"osm_id":"117706618","code":7216,"fclass":"vineyard","name":null},"geometry":{"type":"MultiPolygon","coordinates":[[[[11.7262292,51.150629],[11.726599,51.1502343],[11.7234295,51.149137],[11.7230795,51.1494782],[11.7246998,51.1501271],[11.7253533,51.1503874],[11.7262292,51.150629]]]]}},{"type":"Feature","properties":{"osm_id":"143233071","code":7216,"fclass":"vineyard","name":null},"geometry":{"type":"MultiPolygon","coordinates":[[[[11.7873928,51.1490594],[11.7874256,51.1487759],[11.7862281,51.1488421],[11.7863497,51.1500681],[11.7868663,51.1500642],[11.7868948,51.1504104],[11.7869555,51.151146],[11.7870171,51.1518929],[11.7875201,51.1521562],[11.787638,51.1520157],[11.7876566,51.1516249],[11.7872886,51.1516209],[11.787208,51.1510102],[11.7874972,51.1510003],[11.7874191,51.1497376],[11.7873928,51.1490594]]]]}},{"type":"Feature","properties":{"osm_id":"144075842","code":7216,"fclass":"vineyard","name":null},"geometry":{"type":"MultiPolygon","coordinates":[[[[11.7292782,51.4888593],[11.7290963,51.4888863],[11.7287847,51.4888593],[11.7285594,51.4888058],[11.7283555,51.4887123],[11.7283555,51.4885653],[11.7284521,51.4884785],[11.7285414,51.4884421],[11.728979,51.4886526],[11.7293615,51.4888138],[11.7292782,51.4888593]]]]}},{"type":"Feature","properties":{"osm_id":"144075843","code":7216,"fclass":"vineyard","name":"Weinlage Kelterberg"},"geometry":{"type":"MultiPolygon","coordinates":[[[[11.7332807,51.4897721],[11.7357709,51.4903319],[11.7363699,51.4893336],[11.7369173,51.4886254],[11.737025,51.4884154],[11.73681,51.4882713],[11.7347071,51.4871623],[11.733763,51.4868216],[11.7334197,51.4867615],[11.733219,51.4869853],[11.7328618,51.4878638],[11.7311988,51.4878104],[11.7310057,51.4879039],[11.730952,51.4881912],[11.7307804,51.4884317],[11.7307192,51.4885419],[11.7299328,51.4888993],[11.7300579,51.4889338],[11.7301008,51.4890541],[11.7301544,51.489161],[11.7302521,51.4892253],[11.7324004,51.489574],[11.7332807,51.4897721]]]]}},{"type":"Feature","properties":{"osm_id":"144075845","code":7216,"fclass":"vineyard","name":null},"geometry":{"type":"MultiPolygon","coordinates":[[[[11.7311076,51.4876607],[11.7327561,51.4877031],[11.7330227,51.486826],[11.7329177,51.4867659],[11.7327899,51.4866927],[11.7324214,51.4866519],[11.7290455,51.4873838],[11.7291872,51.4875809],[11.730841,51.4874874],[11.7311076,51.4876607]]]]}},{"type":"Feature","properties":{"osm_id":"144075847","code":7216,"fclass":"vineyard","name":null},"geometry":{"type":"MultiPolygon","coordinates":[[[[11.7294361,51.4888332],[11.7299628,51.488586],[11.7304022,51.4883932],[11.7308544,51.4882232],[11.7307633,51.4879437],[11.7308094,51.4878491],[11.7308244,51.4877399],[11.7307697,51.4876474],[11.730481,51.4876019],[11.7287526,51.4877716],[11.7287371,51.4878932],[11.7284811,51.4879791],[11.7282917,51.4880456],[11.7285427,51.4882581],[11.7288787,51.4881654],[11.7289027,51.4882179],[11.7287231,51.4885272],[11.7290289,51.4886598],[11.7294361,51.4888332]]]]}},{"type":"Feature","properties":{"osm_id":"144075848","code":7216,"fclass":"vineyard","name":null},"geometry":{"type":"MultiPolygon","coordinates":[[[[11.7276367,51.4888125],[11.7281838,51.4888192],[11.7282984,51.4887163],[11.7282614,51.4885521],[11.7278484,51.4885077],[11.7269679,51.4882189],[11.7269797,51.4884808],[11.7272656,51.4887794],[11.7276367,51.4888125]]]]}},{"type":"Feature","properties":{"osm_id":"148584561","code":7216,"fclass":"vineyard","name":null},"geometry":{"type":"MultiPolygon","coordinates":[[[[11.6780507,51.1026396],[11.6777347,51.1024216],[11.6767997,51.1018238],[11.6768436,51.10172],[11.6769887,51.1016225],[11.6775322,51.1013363],[11.6781466,51.1011031],[11.6790141,51.1007958],[11.6796318,51.1013109],[11.6805399,51.1008064],[11.6810901,51.1004799],[11.6819273,51.1002277],[11.6828218,51.0999712],[11.6834767,51.1004757],[11.6834894,51.1005192],[11.682526,51.1008013],[11.6814004,51.101056],[11.6801044,51.1016076],[11.6789005,51.1022493],[11.6781415,51.1025954],[11.6780507,51.1026396]]]]}},{"type":"Feature","properties":{"osm_id":"148584565","code":7216,"fclass":"vineyard","name":null},"geometry":{"type":"MultiPolygon","coordinates":[[[[11.6767282,51.1034263],[11.6776108,51.1029134],[11.6759601,51.1018994],[11.6752766,51.1024768],[11.6767282,51.1034263]]]]}},{"type":"Feature","properties":{"osm_id":"159131573","code":7216,"fclass":"vineyard","name":null},"geometry":{"type":"MultiPolygon","coordinates":[[[[11.7338098,51.4943346],[11.7339013,51.4939523],[11.7342615,51.4931293],[11.732575,51.4927102],[11.7317832,51.4925226],[11.7313118,51.4923877],[11.7310643,51.4923673],[11.7309035,51.4924508],[11.7307694,51.492591],[11.730437,51.4927813],[11.7301689,51.4929549],[11.7300348,51.4931305],[11.7299909,51.493182],[11.729973,51.4932914],[11.7299932,51.4933597],[11.7302601,51.4936058],[11.7304612,51.4937083],[11.7307476,51.4937729],[11.7317012,51.4938683],[11.7320175,51.4939256],[11.732139,51.4939519],[11.7325955,51.4940687],[11.7333079,51.494226],[11.7338098,51.4943346]]]]}},{"type":"Feature","properties":{"osm_id":"168361105","code":7216,"fclass":"vineyard","name":null},"geometry":{"type":"MultiPolygon","coordinates":[[[[11.6372391,51.1017231],[11.6371498,51.1016265],[11.6372441,51.10134],[11.6374475,51.1014178],[11.6374365,51.1014831],[11.6379881,51.1015549],[11.6379137,51.1017729],[11.6375814,51.1017823],[11.6372986,51.1017667],[11.6372391,51.1017231]]]]}},{"type":"Feature","properties":{"osm_id":"183435447","code":7216,"fclass":"vineyard","name":null},"geometry":{"type":"MultiPolygon","coordinates":[[[[11.614679,51.1017462],[11.6134458,51.0997235],[11.6133728,51.0994102],[11.6140381,51.0992064],[11.6142044,51.0992369],[11.6143099,51.0994076],[11.6144721,51.0994382],[11.6160436,51.0989928],[11.616372,51.0989406],[11.6163964,51.0989802],[11.6169128,51.098946],[11.6169457,51.0989775],[11.6170103,51.0989712],[11.6171652,51.0993252],[11.6172515,51.0995854],[11.6174786,51.1012158],[11.614679,51.1017462]]]]}},{"type":"Feature","properties":{"osm_id":"183435452","code":7216,"fclass":"vineyard","name":null},"geometry":{"type":"MultiPolygon","coordinates":[[[[11.6145699,51.1017507],[11.6133123,51.0996261],[11.6131622,51.0994937],[11.6090608,51.1009203],[11.6104604,51.1021812],[11.6139939,51.1014756],[11.6143549,51.1017966],[11.6145699,51.1017507]]]]}},{"type":"Feature","properties":{"osm_id":"184556594","code":7216,"fclass":"vineyard","name":null},"geometry":{"type":"MultiPolygon","coordinates":[[[[11.9373508,51.4898895],[11.9376601,51.4897433],[11.9379139,51.4899815],[11.9377201,51.4901571],[11.9376447,51.4901025],[11.9373508,51.4898895]]]]}},{"type":"Feature","properties":{"osm_id":"184802770","code":7216,"fclass":"vineyard","name":null},"geometry":{"type":"MultiPolygon","coordinates":[[[[11.7918258,51.1783724],[11.7919724,51.1783426],[11.792368,51.1782586],[11.7928028,51.1781663],[11.7933768,51.1780756],[11.7934132,51.1781283],[11.7928169,51.1782655],[11.7928608,51.1783502],[11.7923689,51.1784062],[11.7925204,51.1786938],[11.791499,51.1789273],[11.7914468,51.1788941],[11.7911894,51.1789799],[11.7908863,51.1790999],[11.790846,51.1791739],[11.7906288,51.1791319],[11.7904648,51.1792165],[11.7901778,51.1792972],[11.7901286,51.1792878],[11.7900813,51.1792787],[11.7898753,51.1791632],[11.7897992,51.1791188],[11.790087,51.1789166],[11.7904169,51.1786789],[11.7905993,51.1785662],[11.790897,51.1784468],[11.791007,51.1785803],[11.7912376,51.1784973],[11.7911491,51.1783728],[11.7916936,51.178198],[11.7918258,51.1783724]]]]}},{"type":"Feature","properties":{"osm_id":"184802771","code":7216,"fclass":"vineyard","name":"Tempelberg"},"geometry":{"type":"MultiPolygon","coordinates":[[[[11.7935469,51.1786671],[11.7936704,51.1786378],[11.7936407,51.178546],[11.794314,51.1784182],[11.7943649,51.1785141],[11.7944615,51.1784989],[11.7946868,51.1788924],[11.7945151,51.1789445],[11.79455,51.1790118],[11.7945818,51.1790665],[11.7947669,51.1791568],[11.7948946,51.179229],[11.7950099,51.1793098],[11.7947672,51.1795118],[11.7946037,51.1796575],[11.7944099,51.1795562],[11.794314,51.1795061],[11.7940699,51.179375],[11.7938178,51.1792892],[11.7937239,51.1792337],[11.7937373,51.1791059],[11.7937105,51.1789698],[11.7936676,51.1788773],[11.7935925,51.1787377],[11.7935469,51.1786671]]]]}},{"type":"Feature","properties":{"osm_id":"184802772","code":7216,"fclass":"vineyard","name":null},"geometry":{"type":"MultiPolygon","coordinates":[[[[11.7934047,51.1780534],[11.7933591,51.1779777],[11.7936048,51.1779074],[11.7935457,51.1777911],[11.7940643,51.177709],[11.7941598,51.1778728],[11.7938832,51.1779308],[11.7934047,51.1780534]]]]}},{"type":"Feature","properties":{"osm_id":"184802773","code":7216,"fclass":"vineyard","name":null},"geometry":{"type":"MultiPolygon","coordinates":[[[[11.7927064,51.1779554],[11.7932234,51.1778389],[11.7933659,51.1780518],[11.7933403,51.1780639],[11.7932411,51.1780571],[11.7931043,51.1780975],[11.7930533,51.1781025],[11.7929943,51.1781261],[11.7928495,51.1781328],[11.7927744,51.1781513],[11.7928066,51.1780874],[11.7927064,51.1779554]]]]}},{"type":"Feature","properties":{"osm_id":"187367276","code":7216,"fclass":"vineyard","name":null},"geometry":{"type":"MultiPolygon","coordinates":[[[[11.7662848,51.2150416],[11.7657622,51.2150742],[11.7657199,51.215475],[11.7656795,51.2160461],[11.7657719,51.2160567],[11.7659028,51.2159031],[11.7660314,51.2158359],[11.7664651,51.2158565],[11.7664646,51.2156645],[11.7664218,51.2154578],[11.7660061,51.2154646],[11.7660128,51.2152957],[11.7663594,51.2152625],[11.7662848,51.2150416]]]]}},{"type":"Feature","properties":{"osm_id":"188248107","code":7216,"fclass":"vineyard","name":null},"geometry":{"type":"MultiPolygon","coordinates":[[[[11.5751668,51.2851887],[11.5756345,51.2852393],[11.5760978,51.2852897],[11.5760705,51.2851273],[11.5760493,51.2849874],[11.5757516,51.285021],[11.5754699,51.2850512],[11.5752207,51.2850699],[11.5751427,51.2850881],[11.5751108,51.2851337],[11.5751668,51.2851887]]]]}},{"type":"Feature","properties":{"osm_id":"188795912","code":7216,"fclass":"vineyard","name":null},"geometry":{"type":"MultiPolygon","coordinates":[[[[11.780053,51.173952],[11.780429,51.1738496],[11.7803212,51.1736426],[11.7799457,51.1737368],[11.780053,51.173952]]]]}},{"type":"Feature","properties":{"osm_id":"188795914","code":7216,"fclass":"vineyard","name":null},"geometry":{"type":"MultiPolygon","coordinates":[[[[11.7779877,51.1748971],[11.7787065,51.1746247],[11.7793722,51.1745862],[11.7793395,51.1744431],[11.7779823,51.1744834],[11.7779877,51.1748971]]]]}},{"type":"Feature","properties":{"osm_id":"188795915","code":7216,"fclass":"vineyard","name":null},"geometry":{"type":"MultiPolygon","coordinates":[[[[11.7797847,51.1744767],[11.7797579,51.1743926],[11.7801817,51.1743354],[11.7802466,51.1745088],[11.7800964,51.1745324],[11.7800583,51.1744733],[11.7797847,51.1744767]]]]}},{"type":"Feature","properties":{"osm_id":"190839816","code":7216,"fclass":"vineyard","name":null},"geometry":{"type":"MultiPolygon","coordinates":[[[[11.9867679,51.2225389],[11.9869074,51.2223894],[11.9876396,51.2228866],[11.9881037,51.2231403],[11.9887715,51.2234681],[11.9891649,51.2236133],[11.9905146,51.2239933],[11.9906636,51.2241529],[11.9909172,51.2242761],[11.9911878,51.2243633],[11.9911181,51.2244574],[11.9908711,51.2243871],[11.9897072,51.2240559],[11.9892382,51.2238929],[11.9892539,51.2238661],[11.9886696,51.223656],[11.9884175,51.2235435],[11.9881489,51.2233957],[11.98809,51.2234327],[11.9880634,51.2234494],[11.9873634,51.2230849],[11.9874733,51.2230042],[11.9870844,51.222764],[11.9867679,51.2225389]]]]}},{"type":"Feature","properties":{"osm_id":"192230702","code":7216,"fclass":"vineyard","name":"Weinberg Weingut Frank Böhme"},"geometry":{"type":"MultiPolygon","coordinates":[[[[11.6982005,51.2369016],[11.6982033,51.2368744],[11.698205,51.2368584],[11.6982206,51.2367083],[11.6997985,51.2367713],[11.6998858,51.2372527],[11.699775,51.2373199],[11.6993134,51.2371374],[11.6988182,51.2369416],[11.6982005,51.2369016]]]]}},{"type":"Feature","properties":{"osm_id":"192655770","code":7216,"fclass":"vineyard","name":null},"geometry":{"type":"MultiPolygon","coordinates":[[[[11.7551618,51.2241076],[11.7553378,51.2240873],[11.7563592,51.2246675],[11.7560303,51.2248618],[11.755537,51.2246675],[11.755215,51.2244325],[11.7551641,51.2242903],[11.7551618,51.2241076]]]]}},{"type":"Feature","properties":{"osm_id":"192658604","code":7216,"fclass":"vineyard","name":"Himmelreich"},"geometry":{"type":"MultiPolygon","coordinates":[[[[11.7422997,51.2215595],[11.7426714,51.2213889],[11.7431149,51.2211853],[11.7432215,51.2208763],[11.742932,51.220737],[11.7426401,51.2206935],[11.7421028,51.2207776],[11.74154,51.2209938],[11.7417067,51.2211896],[11.7422116,51.2212433],[11.7422508,51.2213839],[11.7422997,51.2215595]]]]}},{"type":"Feature","properties":{"osm_id":"193360991","code":7216,"fclass":"vineyard","name":null},"geometry":{"type":"MultiPolygon","coordinates":[[[[11.6695512,51.2851787],[11.6701788,51.2857189],[11.6706831,51.2859812],[11.6714341,51.2862865],[11.6719544,51.2864769],[11.6726411,51.286716],[11.6727913,51.2867328],[11.6730005,51.2867864],[11.6733009,51.2867755],[11.6734412,51.2866492],[11.6730273,51.2864769],[11.6711605,51.285478],[11.671021,51.2854001],[11.670962,51.2853068],[11.6708655,51.2852592],[11.670785,51.285176],[11.6712088,51.2845613],[11.6712034,51.2843942],[11.670726,51.2842634],[11.6700501,51.2841855],[11.6695726,51.2842124],[11.6696263,51.2849405],[11.6695512,51.2851787]]]]}},{"type":"Feature","properties":{"osm_id":"193360992","code":7216,"fclass":"vineyard","name":null},"geometry":{"type":"MultiPolygon","coordinates":[[[[11.6777319,51.2877787],[11.67682,51.2878089],[11.6766537,51.2878902],[11.6759724,51.2877082],[11.6746796,51.2872922],[11.6744703,51.2870775],[11.6754038,51.2871186],[11.675613,51.2871379],[11.6764552,51.2874096],[11.6768253,51.2874902],[11.6774369,51.2875472],[11.6778338,51.2875103],[11.6785151,51.2874474],[11.678499,51.2877191],[11.6783381,51.2878366],[11.6780377,51.2878533],[11.6777319,51.2877787]]]]}},{"type":"Feature","properties":{"osm_id":"193374631","code":7216,"fclass":"vineyard","name":null},"geometry":{"type":"MultiPolygon","coordinates":[[[[11.671756,51.2685509],[11.6709191,51.2683999],[11.6705946,51.2686785],[11.6705704,51.2687154],[11.672782,51.2691215],[11.6727591,51.2690678],[11.6728074,51.2687523],[11.671756,51.2685509]]]]}},{"type":"Feature","properties":{"osm_id":"193376758","code":7216,"fclass":"vineyard","name":null},"geometry":{"type":"MultiPolygon","coordinates":[[[[11.671756,51.2677387],[11.6712592,51.2676687],[11.6711069,51.2680179],[11.6717452,51.2681045],[11.6721905,51.2681247],[11.6722548,51.2680448],[11.6723836,51.2676991],[11.672243,51.2676019],[11.6718289,51.267541],[11.671756,51.2677387]]]]}},{"type":"Feature","properties":{"osm_id":"193382852","code":7216,"fclass":"vineyard","name":null},"geometry":{"type":"MultiPolygon","coordinates":[[[[11.6713214,51.2564497],[11.6718579,51.2567625],[11.6709459,51.2573225],[11.6697711,51.2566343],[11.6689235,51.2560031],[11.6692079,51.2556607],[11.6693701,51.2555092],[11.6696638,51.255235],[11.670152,51.2555439],[11.6706187,51.2557621],[11.6709406,51.2558863],[11.671241,51.2557614],[11.6718901,51.2559024],[11.6713214,51.2564497]]]]}},{"type":"Feature","properties":{"osm_id":"193382858","code":7216,"fclass":"vineyard","name":null},"geometry":{"type":"MultiPolygon","coordinates":[[[[11.6728074,51.2565839],[11.6728396,51.256735],[11.6729522,51.2568962],[11.6733814,51.2571688],[11.6725928,51.2576488],[11.6719437,51.2576616],[11.6712732,51.2572587],[11.6719705,51.2568163],[11.6728074,51.2565839]]]]}},{"type":"Feature","properties":{"osm_id":"193383603","code":7216,"fclass":"vineyard","name":null},"geometry":{"type":"MultiPolygon","coordinates":[[[[11.6752267,51.2566612],[11.6751731,51.2569297],[11.6750068,51.2572487],[11.6741083,51.2569062],[11.6736013,51.2566595],[11.6733626,51.2565252],[11.6733358,51.256406],[11.6737113,51.2561861],[11.6738454,51.2560323],[11.673368,51.2562875],[11.6729361,51.2560887],[11.6724775,51.2558746],[11.6727511,51.2555439],[11.6737622,51.2559803],[11.6738695,51.2559192],[11.6743792,51.2561448],[11.6746366,51.256316],[11.6748512,51.2565242],[11.6752267,51.2566612]]]]}},{"type":"Feature","properties":{"osm_id":"193383604","code":7216,"fclass":"vineyard","name":null},"geometry":{"type":"MultiPolygon","coordinates":[[[[11.6728235,51.2553182],[11.6731239,51.255146],[11.6716567,51.2546686],[11.6713773,51.2550375],[11.6717238,51.255147],[11.6718793,51.2552712],[11.6723997,51.255423],[11.6726196,51.2554928],[11.6728235,51.2553182]]]]}},{"type":"Feature","properties":{"osm_id":"193383700","code":7216,"fclass":"vineyard","name":null},"geometry":{"type":"MultiPolygon","coordinates":[[[[11.6727484,51.2576683],[11.6731024,51.2579503],[11.6722066,51.2582498],[11.6723514,51.2583901],[11.6725123,51.258333],[11.6733473,51.2580691],[11.6736818,51.2583095],[11.6741431,51.2585042],[11.6752857,51.2577422],[11.6748673,51.2575407],[11.6743336,51.2573175],[11.6743711,51.2572134],[11.6740653,51.2570556],[11.6738132,51.257247],[11.673604,51.2572007],[11.6734404,51.2572151],[11.6727484,51.2576683]]]]}},{"type":"Feature","properties":{"osm_id":"193384031","code":7216,"fclass":"vineyard","name":null},"geometry":{"type":"MultiPolygon","coordinates":[[[[11.6732312,51.259179],[11.6732902,51.2590219],[11.6749996,51.2595266],[11.6748566,51.259696],[11.6735208,51.2593066],[11.6734136,51.2594113],[11.6737408,51.2596866],[11.6736324,51.2600988],[11.673612,51.260176],[11.673317,51.2600592],[11.6721744,51.2596765],[11.67211,51.2595046],[11.672389,51.2591562],[11.6730112,51.2593442],[11.6732312,51.259179]]]]}},{"type":"Feature","properties":{"osm_id":"193384128","code":7216,"fclass":"vineyard","name":null},"geometry":{"type":"MultiPolygon","coordinates":[[[[11.6725338,51.2564654],[11.6723648,51.2565913],[11.6721073,51.2566511],[11.6718579,51.2567625],[11.6713214,51.2564497],[11.6718901,51.2559024],[11.672051,51.2559299],[11.6723139,51.2559266],[11.6726625,51.2560871],[11.6727725,51.2562204],[11.6727698,51.2563389],[11.6726411,51.2564178],[11.6725338,51.2564654]]]]}},{"type":"Feature","properties":{"osm_id":"193384872","code":7216,"fclass":"vineyard","name":null},"geometry":{"type":"MultiPolygon","coordinates":[[[[11.6739339,51.2552511],[11.6733599,51.2550329],[11.6730971,51.2549422],[11.6730541,51.2544688],[11.6735959,51.2544453],[11.6736979,51.2546065],[11.6737032,51.2548851],[11.6739017,51.255006],[11.6743255,51.2550604],[11.6743792,51.2553552],[11.6739339,51.2552511]]]]}},{"type":"Feature","properties":{"osm_id":"193384873","code":7216,"fclass":"vineyard","name":null},"geometry":{"type":"MultiPolygon","coordinates":[[[[11.6751463,51.2553485],[11.6759617,51.2555465],[11.6765678,51.2555841],[11.6767127,51.2554297],[11.6767073,51.2546166],[11.675452,51.2542707],[11.6751817,51.2542619],[11.6751463,51.2553485]]]]}},{"type":"Feature","properties":{"osm_id":"193386958","code":7216,"fclass":"vineyard","name":null},"geometry":{"type":"MultiPolygon","coordinates":[[[[11.6766376,51.2533313],[11.6774691,51.2536805],[11.6783381,51.2539055],[11.6784722,51.2533616],[11.6786707,51.253244],[11.6787887,51.2528109],[11.6789604,51.2528479],[11.6794378,51.252455],[11.6794807,51.2523677],[11.6794217,51.2522133],[11.6790837,51.2520555],[11.6787029,51.2524685],[11.6779465,51.2522066],[11.6776997,51.2524349],[11.6784937,51.2526733],[11.6781182,51.2526363],[11.6778607,51.253103],[11.6768307,51.2529553],[11.6766376,51.2533313]]]]}},{"type":"Feature","properties":{"osm_id":"193386961","code":7216,"fclass":"vineyard","name":null},"geometry":{"type":"MultiPolygon","coordinates":[[[[11.6785634,51.2509643],[11.6782201,51.2512456],[11.6790355,51.2516895],[11.6789335,51.2517667],[11.679234,51.2519077],[11.679411,51.2518601],[11.6798079,51.251713],[11.6799313,51.2517567],[11.6800225,51.2516593],[11.6793091,51.2513067],[11.6785634,51.2509643]]]]}},{"type":"Feature","properties":{"osm_id":"193387503","code":7216,"fclass":"vineyard","name":null},"geometry":{"type":"MultiPolygon","coordinates":[[[[11.6764927,51.2575911],[11.6760996,51.2573941],[11.6764766,51.2570439],[11.676659,51.2571419],[11.6765893,51.2574904],[11.6764927,51.2575911]]]]}},{"type":"Feature","properties":{"osm_id":"193387504","code":7216,"fclass":"vineyard","name":null},"geometry":{"type":"MultiPolygon","coordinates":[[[[11.6773779,51.2575609],[11.6773081,51.2577422],[11.677056,51.2578597],[11.6765778,51.2576317],[11.6768361,51.2573158],[11.6769755,51.2570882],[11.675731,51.2565745],[11.6758383,51.2564094],[11.6758758,51.2562522],[11.6765839,51.2565369],[11.6766376,51.2564698],[11.6766322,51.2563053],[11.6767556,51.2561952],[11.6761387,51.2558923],[11.6762406,51.2557789],[11.676777,51.2558923],[11.6774959,51.2561045],[11.677866,51.2562489],[11.6772598,51.2568424],[11.6773886,51.2569136],[11.6771633,51.2571345],[11.6774476,51.257199],[11.6774369,51.2574467],[11.6773779,51.2575609]]]]}},{"type":"Feature","properties":{"osm_id":"193387505","code":7216,"fclass":"vineyard","name":null},"geometry":{"type":"MultiPolygon","coordinates":[[[[11.6760529,51.2570372],[11.6757935,51.2572407],[11.6760375,51.2573629],[11.6762943,51.2571419],[11.6760529,51.2570372]]]]}},{"type":"Feature","properties":{"osm_id":"193503297","code":7216,"fclass":"vineyard","name":null},"geometry":{"type":"MultiPolygon","coordinates":[[[[11.6971261,51.2392908],[11.697684,51.2395797],[11.6980381,51.2397375],[11.6982151,51.2397106],[11.6984619,51.2393983],[11.6984058,51.2392999],[11.6983067,51.2392252],[11.6981843,51.2390772],[11.6980993,51.2389379],[11.697786,51.238777],[11.6974641,51.2386258],[11.6972334,51.238871],[11.6971261,51.2392908]]]]}},{"type":"Feature","properties":{"osm_id":"193503299","code":7216,"fclass":"vineyard","name":null},"geometry":{"type":"MultiPolygon","coordinates":[[[[11.6993524,51.2376686],[11.699744,51.2377728],[11.70017,51.2375089],[11.6999577,51.2374073],[11.6993524,51.2376686]]]]}},{"type":"Feature","properties":{"osm_id":"193513034","code":7216,"fclass":"vineyard","name":null},"geometry":{"type":"MultiPolygon","coordinates":[[[[11.693841,51.2394186],[11.6938356,51.2399828],[11.6935266,51.239976],[11.6935781,51.239469],[11.6925699,51.2394354],[11.692602,51.239291],[11.691969,51.2392272],[11.6919495,51.2394453],[11.6911233,51.2393614],[11.6911858,51.2390357],[11.6919119,51.2390927],[11.6919208,51.2388242],[11.6911912,51.2388242],[11.6903455,51.2387132],[11.6903187,51.2390389],[11.6900666,51.2389348],[11.6898877,51.2390593],[11.690805,51.2395026],[11.6905547,51.239845],[11.6911644,51.2402179],[11.6914648,51.2398955],[11.6912288,51.2397007],[11.6915935,51.2398317],[11.6919261,51.2398686],[11.6919222,51.2398981],[11.6919201,51.239946],[11.6920407,51.2404831],[11.6924914,51.2404209],[11.6925288,51.2404125],[11.6940073,51.2403691],[11.6944901,51.2404799],[11.6944954,51.240144],[11.6948387,51.2401642],[11.6952969,51.2402648],[11.6955361,51.2402515],[11.695681,51.2402179],[11.6957153,51.2400935],[11.6959975,51.2397209],[11.6955089,51.2394338],[11.6953512,51.2394849],[11.6953075,51.2395459],[11.694814,51.2395143],[11.694828,51.2393179],[11.6938571,51.2392574],[11.693841,51.2394186]]]]}},{"type":"Feature","properties":{"osm_id":"193513038","code":7216,"fclass":"vineyard","name":null},"geometry":{"type":"MultiPolygon","coordinates":[[[[11.6912663,51.2380147],[11.6949589,51.2377425],[11.6951874,51.2379812],[11.6951874,51.2382901],[11.6950662,51.2386729],[11.6947712,51.2390826],[11.6942433,51.2389451],[11.6936639,51.2388611],[11.6933496,51.2387602],[11.6928649,51.238757],[11.6921426,51.2386628],[11.6919914,51.238644],[11.6917652,51.2386159],[11.6915471,51.2385184],[11.6914398,51.238337],[11.6915096,51.2382933],[11.6930902,51.2382498],[11.6931352,51.2384008],[11.6931653,51.2385017],[11.6933853,51.2385017],[11.6933799,51.2384211],[11.6935781,51.238186],[11.6934818,51.2381659],[11.6911858,51.2382767],[11.6912663,51.2380147]]]]}},{"type":"Feature","properties":{"osm_id":"193564683","code":7216,"fclass":"vineyard","name":"Köppelberg"},"geometry":{"type":"MultiPolygon","coordinates":[[[[11.7346807,51.1418526],[11.7349277,51.1417506],[11.7350922,51.1416822],[11.7356556,51.14209],[11.7359298,51.142334],[11.7362847,51.1428396],[11.7364459,51.1428699],[11.7368028,51.1428197],[11.7374948,51.1426802],[11.7381029,51.1445481],[11.7390719,51.1446294],[11.7395594,51.1445958],[11.7401891,51.1444247],[11.7403457,51.1442987],[11.7397195,51.14235],[11.7391959,51.1423546],[11.7391704,51.1422535],[11.7391389,51.1421139],[11.7391966,51.1421189],[11.7394115,51.1421047],[11.739554,51.1420797],[11.7399783,51.1419757],[11.7402305,51.1419461],[11.7404368,51.1419338],[11.740611,51.1419236],[11.7407139,51.1419433],[11.740888,51.1419406],[11.7409967,51.141922],[11.7412939,51.141796],[11.7416835,51.1416553],[11.7422609,51.1414627],[11.7428683,51.1413161],[11.7432149,51.141218],[11.7431295,51.1410039],[11.7430847,51.1409186],[11.7430381,51.1408749],[11.7429515,51.1408284],[11.742745,51.1407493],[11.7425519,51.1407189],[11.7423884,51.1407002],[11.7421713,51.1406785],[11.7416245,51.1406212],[11.7412204,51.1405424],[11.7396291,51.140225],[11.7394397,51.1401716],[11.7376543,51.1398031],[11.7373976,51.1403772],[11.7354243,51.1404614],[11.7346807,51.1418526]]]]}},{"type":"Feature","properties":{"osm_id":"193668217","code":7216,"fclass":"vineyard","name":null},"geometry":{"type":"MultiPolygon","coordinates":[[[[11.7137701,51.2368022],[11.7126275,51.2367317],[11.711694,51.2366511],[11.7112165,51.236557],[11.7111119,51.2366074],[11.7112621,51.2369483],[11.711372,51.2370239],[11.7115705,51.2371129],[11.7119998,51.2371817],[11.7139793,51.2373766],[11.7141027,51.237306],[11.7144192,51.2368425],[11.7137701,51.2368022]]]]}},{"type":"Feature","properties":{"osm_id":"193794825","code":7216,"fclass":"vineyard","name":null},"geometry":{"type":"MultiPolygon","coordinates":[[[[11.7171167,51.1442014],[11.717241,51.1444151],[11.7178203,51.1443208],[11.7179129,51.1444885],[11.7166275,51.1447646],[11.716347,51.1443924],[11.7171167,51.1442014]]]]}},{"type":"Feature","properties":{"osm_id":"193849599","code":7216,"fclass":"vineyard","name":null},"geometry":{"type":"MultiPolygon","coordinates":[[[[11.6560382,51.2918599],[11.6563788,51.29162],[11.6563852,51.2915997],[11.6563921,51.291578],[11.6563543,51.2915236],[11.6562607,51.2914069],[11.6561883,51.2912879],[11.6558208,51.2911168],[11.6555821,51.2912761],[11.6553327,51.2914876],[11.6552147,51.2915497],[11.654909,51.2914373],[11.6549894,51.2913048],[11.6547266,51.2912242],[11.6542867,51.2917022],[11.6540694,51.2919303],[11.6544718,51.2920679],[11.6542572,51.2923429],[11.6542786,51.2923983],[11.654174,51.2925392],[11.6544262,51.2926264],[11.6544262,51.2926717],[11.6541955,51.2930357],[11.6540962,51.2930424],[11.6530368,51.2928143],[11.6529751,51.2928243],[11.6528088,51.2932805],[11.6524789,51.2933996],[11.6523984,51.2938559],[11.6524494,51.2938575],[11.6540694,51.2934315],[11.6551074,51.2931766],[11.6551879,51.2929552],[11.6554508,51.2926381],[11.6557807,51.2922406],[11.655888,51.2920226],[11.6560382,51.2918599]]]]}},{"type":"Feature","properties":{"osm_id":"193849601","code":7216,"fclass":"vineyard","name":null},"geometry":{"type":"MultiPolygon","coordinates":[[[[11.6571352,51.2859671],[11.6564056,51.2868814],[11.6563386,51.2869233],[11.6562393,51.287076],[11.6569811,51.2872962],[11.6567355,51.2874735],[11.6556495,51.2870977],[11.6555767,51.287158],[11.6548767,51.2877485],[11.6543939,51.288183],[11.6544904,51.2882333],[11.6548177,51.2883407],[11.6554131,51.2884161],[11.6559362,51.2884832],[11.65614,51.2885118],[11.6563492,51.2885554],[11.6567623,51.2886191],[11.6569883,51.2886371],[11.6570333,51.2885597],[11.6576403,51.2879333],[11.6578084,51.2878728],[11.6580096,51.2876782],[11.6581786,51.2874282],[11.6578862,51.287341],[11.657854,51.2872924],[11.658023,51.2869887],[11.6583958,51.2863462],[11.6576019,51.2860544],[11.6572452,51.2859604],[11.6571352,51.2859671]]]]}},{"type":"Feature","properties":{"osm_id":"193849605","code":7216,"fclass":"vineyard","name":"Kathert’sche Weinberg"},"geometry":{"type":"MultiPolygon","coordinates":[[[[11.6553353,51.2888103],[11.6550913,51.288834],[11.6547587,51.288886],[11.6545039,51.2889329],[11.6544475,51.2889781],[11.654536,51.2890787],[11.6546111,51.2891056],[11.6547828,51.2891223],[11.6550296,51.2891207],[11.6552334,51.2891358],[11.6553809,51.2891794],[11.655617,51.2892213],[11.6557269,51.289227],[11.6557776,51.2891041],[11.6559118,51.2891277],[11.6559844,51.2890385],[11.6559522,51.2889345],[11.655845,51.288859],[11.6557055,51.2888271],[11.655515,51.2888103],[11.6553353,51.2888103]]]]}},{"type":"Feature","properties":{"osm_id":"193853631","code":7216,"fclass":"vineyard","name":null},"geometry":{"type":"MultiPolygon","coordinates":[[[[11.6541928,51.2935405],[11.6544583,51.2937988],[11.6540399,51.2939951],[11.6530341,51.2945871],[11.6526318,51.294889],[11.652495,51.295077],[11.6523141,51.2950724],[11.65198,51.2950552],[11.6516125,51.2950099],[11.6512627,51.2949482],[11.6510842,51.2948975],[11.650883,51.2948521],[11.6507649,51.2945653],[11.6507837,51.2944211],[11.6509568,51.294363],[11.6512012,51.2942979],[11.6517186,51.29416],[11.653749,51.2936501],[11.6541928,51.2935405]]]]}},{"type":"Feature","properties":{"osm_id":"193853634","code":7216,"fclass":"vineyard","name":null},"geometry":{"type":"MultiPolygon","coordinates":[[[[11.6526023,51.2920494],[11.6523045,51.2923379],[11.6527659,51.292452],[11.6532323,51.2925558],[11.6534203,51.2923815],[11.6526023,51.2920494]]]]}},{"type":"Feature","properties":{"osm_id":"193890583","code":7216,"fclass":"vineyard","name":null},"geometry":{"type":"MultiPolygon","coordinates":[[[[11.6592217,51.2821411],[11.6598654,51.2819616],[11.6601202,51.2820387],[11.6604582,51.2820052],[11.6608176,51.2824783],[11.6597608,51.282787],[11.6592217,51.2821411]]]]}},{"type":"Feature","properties":{"osm_id":"193890584","code":7216,"fclass":"vineyard","name":null},"geometry":{"type":"MultiPolygon","coordinates":[[[[11.6591385,51.2849142],[11.6585485,51.2847716],[11.657894,51.284478],[11.6570572,51.2840553],[11.6567487,51.2839865],[11.6565556,51.2842918],[11.6563946,51.2847615],[11.6562659,51.2850316],[11.6566575,51.2852229],[11.6572181,51.2854191],[11.6573163,51.2854538],[11.6581971,51.2857647],[11.6582078,51.2858687],[11.6584412,51.2859241],[11.658763,51.2854644],[11.6587931,51.2854203],[11.6591385,51.2849142]]]]}},{"type":"Feature","properties":{"osm_id":"193890587","code":7216,"fclass":"vineyard","name":null},"geometry":{"type":"MultiPolygon","coordinates":[[[[11.664511,51.2821243],[11.6647524,51.2827618],[11.6650582,51.2827618],[11.6650072,51.2825689],[11.6650796,51.2820253],[11.664511,51.2821243]]]]}},{"type":"Feature","properties":{"osm_id":"193890591","code":7216,"fclass":"vineyard","name":null},"geometry":{"type":"MultiPolygon","coordinates":[[[[11.6582373,51.2832517],[11.6584921,51.2830151],[11.6588355,51.2827786],[11.6591815,51.282948],[11.6593263,51.283141],[11.6593558,51.2833205],[11.6589776,51.283651],[11.6582373,51.2832517]]]]}},{"type":"Feature","properties":{"osm_id":"193890593","code":7216,"fclass":"vineyard","name":null},"geometry":{"type":"MultiPolygon","coordinates":[[[[11.6626201,51.2839965],[11.6622687,51.2838456],[11.6618637,51.2836493],[11.6617349,51.2836124],[11.6615391,51.2836409],[11.661287,51.2841324],[11.6612897,51.2842515],[11.6624725,51.2840016],[11.6626201,51.2839965]]]]}},{"type":"Feature","properties":{"osm_id":"193972112","code":7216,"fclass":"vineyard","name":null},"geometry":{"type":"MultiPolygon","coordinates":[[[[11.762986,51.1611271],[11.7626232,51.1602763],[11.7631353,51.1600259],[11.7635018,51.159882],[11.7635903,51.1601276],[11.7642228,51.160112],[11.7645062,51.1602123],[11.7644375,51.1603732],[11.7643956,51.1605008],[11.7656393,51.1607607],[11.7656344,51.1608626],[11.7668313,51.1610567],[11.76669,51.1612623],[11.7667654,51.1615128],[11.7671848,51.1614007],[11.767819,51.160958],[11.7685028,51.1612009],[11.76847,51.1613082],[11.7686029,51.1613605],[11.7686787,51.161299],[11.7690248,51.1614419],[11.7692609,51.161555],[11.7695412,51.161629],[11.7685607,51.1622207],[11.768176,51.1620647],[11.767861,51.1621924],[11.7676759,51.1622957],[11.7672259,51.1622667],[11.7668526,51.1621142],[11.7668204,51.162101],[11.7661833,51.1618031],[11.7658271,51.1615575],[11.7655265,51.1614882],[11.7647144,51.1614213],[11.7643019,51.1613947],[11.7642897,51.1611831],[11.7641372,51.1611785],[11.7638458,51.161171],[11.7630712,51.1611965],[11.762986,51.1611271]]]]}},{"type":"Feature","properties":{"osm_id":"193972119","code":7216,"fclass":"vineyard","name":null},"geometry":{"type":"MultiPolygon","coordinates":[[[[11.7588294,51.1612297],[11.7598583,51.1610976],[11.7603218,51.1614558],[11.7604912,51.1619055],[11.7606113,51.162224],[11.7606676,51.1623735],[11.7591948,51.1627281],[11.7588413,51.1622405],[11.7586469,51.1615459],[11.7586941,51.1613316],[11.7588294,51.1612297]]]]}},{"type":"Feature","properties":{"osm_id":"193972145","code":7216,"fclass":"vineyard","name":null},"geometry":{"type":"MultiPolygon","coordinates":[[[[11.7630569,51.159849],[11.7636578,51.1595867],[11.7641409,51.1594278],[11.7643471,51.1592689],[11.7642175,51.1592172],[11.7645479,51.1588916],[11.7644263,51.1588413],[11.7634623,51.1584355],[11.7626562,51.159146],[11.7624872,51.1590721],[11.7623635,51.1593862],[11.7625638,51.1598628],[11.7630569,51.159849]]]]}},{"type":"Feature","properties":{"osm_id":"193972165","code":7216,"fclass":"vineyard","name":null},"geometry":{"type":"MultiPolygon","coordinates":[[[[11.7699497,51.1624366],[11.7698637,51.1624567],[11.7694534,51.1626682],[11.76971,51.1629115],[11.7697493,51.1630808],[11.7698518,51.1631843],[11.7694475,51.163409],[11.7696699,51.1638467],[11.7699038,51.1640894],[11.7704478,51.1639856],[11.7707884,51.1641033],[11.7709177,51.1640637],[11.7712078,51.163973],[11.7715098,51.1638935],[11.7719388,51.1637806],[11.7718049,51.1636692],[11.7718918,51.1635761],[11.7717352,51.16343],[11.7720369,51.1632596],[11.7717808,51.1630502],[11.7715283,51.1631053],[11.7714731,51.162983],[11.7710215,51.1628449],[11.77061,51.1629648],[11.770328,51.162886],[11.7702173,51.162748],[11.7701245,51.1625299],[11.7699497,51.1624366]]]]}},{"type":"Feature","properties":{"osm_id":"194112531","code":7216,"fclass":"vineyard","name":null},"geometry":{"type":"MultiPolygon","coordinates":[[[[11.6490751,51.2994158],[11.6491073,51.2999827],[11.649375,51.2999526],[11.6494104,51.3000346],[11.6495325,51.3000253],[11.6495713,51.300256],[11.6498073,51.3002242],[11.6497993,51.300194],[11.65003,51.3001655],[11.6499978,51.3000129],[11.6508051,51.2999283],[11.6509258,51.2999156],[11.6509358,51.2999526],[11.6509929,51.3001638],[11.6510438,51.3001672],[11.6513281,51.3000548],[11.6513362,51.2999726],[11.6515508,51.2999206],[11.6515561,51.2998351],[11.6525083,51.2998301],[11.65257,51.2996959],[11.6528221,51.299706],[11.6528677,51.2995903],[11.6526897,51.2994307],[11.6529375,51.2991274],[11.6528195,51.2990419],[11.6523586,51.2987954],[11.6522957,51.2987617],[11.6520335,51.2986871],[11.6519497,51.2986781],[11.6518901,51.2986716],[11.6515293,51.2986276],[11.6514918,51.2987249],[11.6512477,51.2987194],[11.6508905,51.2987114],[11.6507461,51.2987081],[11.6507461,51.2986327],[11.6500782,51.2986343],[11.6496008,51.2986637],[11.6496719,51.299005],[11.6498167,51.2990796],[11.6503142,51.2990712],[11.6508582,51.2990669],[11.6508668,51.2992297],[11.6507165,51.2992373],[11.6502016,51.2992632],[11.6501721,51.299332],[11.6490751,51.2994158]]]]}},{"type":"Feature","properties":{"osm_id":"194114596","code":7216,"fclass":"vineyard","name":null},"geometry":{"type":"MultiPolygon","coordinates":[[[[11.6474672,51.2990459],[11.6470152,51.2990452],[11.6469857,51.29901],[11.6466933,51.2990335],[11.6464465,51.2991106],[11.646189,51.2991425],[11.6459154,51.2991878],[11.6459101,51.2992213],[11.6455078,51.2992532],[11.6452744,51.2992934],[11.6452824,51.2993353],[11.644746,51.2994645],[11.6444376,51.2995148],[11.6443785,51.2994444],[11.6441559,51.2994904],[11.6441009,51.2994938],[11.6438689,51.2994796],[11.6434961,51.2995097],[11.6433674,51.2995299],[11.6433191,51.299597],[11.6433754,51.2997328],[11.6435149,51.2999777],[11.6437134,51.30036],[11.6438931,51.3006652],[11.6440473,51.300878],[11.6441466,51.3008856],[11.6442015,51.300999],[11.6439078,51.3010727],[11.6440835,51.3014065],[11.6442847,51.3017217],[11.6445824,51.3015909],[11.6446226,51.301606],[11.6448292,51.3015339],[11.6447648,51.3014635],[11.6449606,51.3014014],[11.645041,51.3014752],[11.6451403,51.3014417],[11.6451671,51.3014668],[11.6454595,51.3013612],[11.6454246,51.3013142],[11.645666,51.3012186],[11.6455775,51.3010811],[11.6463258,51.3008363],[11.6466477,51.3007524],[11.6468515,51.3007105],[11.6471761,51.3006736],[11.6474014,51.3006703],[11.6474014,51.3006183],[11.6476669,51.3006116],[11.6476696,51.3006602],[11.6479003,51.3006602],[11.6479244,51.2997412],[11.6477394,51.2997544],[11.647514,51.2997552],[11.6474672,51.2990459]]]]}},{"type":"Feature","properties":{"osm_id":"194116413","code":7216,"fclass":"vineyard","name":null},"geometry":{"type":"MultiPolygon","coordinates":[[[[11.6298329,51.3070601],[11.6300918,51.3074608],[11.6301388,51.3075151],[11.6307824,51.3073828],[11.6309299,51.3076243],[11.6310576,51.3076616],[11.6311713,51.3076662],[11.6316273,51.3075505],[11.6317963,51.3075069],[11.6318446,51.307418],[11.6318955,51.3072688],[11.6318513,51.3071765],[11.6315579,51.3066311],[11.6312326,51.3060684],[11.6310426,51.3057178],[11.630769,51.3057865],[11.6306537,51.3056759],[11.6292551,51.3060642],[11.6298329,51.3070601]]]]}},{"type":"Feature","properties":{"osm_id":"194116420","code":7216,"fclass":"vineyard","name":null},"geometry":{"type":"MultiPolygon","coordinates":[[[[11.6420437,51.3021729],[11.6415918,51.3022724],[11.6416146,51.3022954],[11.6413798,51.3023556],[11.6413503,51.302307],[11.6411679,51.3023472],[11.6411384,51.3022784],[11.6403231,51.3024342],[11.6406664,51.3031371],[11.6408675,51.3031052],[11.6409695,51.3032763],[11.6412886,51.3032209],[11.6412833,51.3031924],[11.6413959,51.3031706],[11.6413825,51.3031388],[11.6417339,51.3030767],[11.6417875,51.3031807],[11.6420437,51.3031503],[11.6420451,51.3031059],[11.6422449,51.3030826],[11.6421281,51.3028151],[11.6423562,51.3027774],[11.6420437,51.3021729]]]]}},{"type":"Feature","properties":{"osm_id":"194116425","code":7216,"fclass":"vineyard","name":null},"geometry":{"type":"MultiPolygon","coordinates":[[[[11.6386413,51.3048877],[11.6384478,51.3042507],[11.6378956,51.3033182],[11.6375362,51.3033819],[11.6371017,51.3034221],[11.6365814,51.3034423],[11.6361978,51.303345],[11.635766,51.3034221],[11.6351866,51.3035429],[11.6340118,51.3037777],[11.6326492,51.3041432],[11.6324508,51.3042472],[11.6325104,51.3043581],[11.632896,51.3050755],[11.6313878,51.305458],[11.6324829,51.3074113],[11.6334324,51.3072152],[11.6341513,51.3071649],[11.6347065,51.3071012],[11.634795,51.3070458],[11.634897,51.3067438],[11.6349238,51.3066398],[11.6348487,51.3066163],[11.6350713,51.3065275],[11.6357338,51.3062191],[11.6363131,51.3060045],[11.637158,51.3057765],[11.6370427,51.3055702],[11.6368818,51.3052231],[11.6368684,51.3051007],[11.6369166,51.30498],[11.636981,51.3049448],[11.6370615,51.304933],[11.6371124,51.3049783],[11.6373592,51.3052332],[11.6379922,51.305032],[11.6386413,51.3048877]]]]}},{"type":"Feature","properties":{"osm_id":"194159709","code":7216,"fclass":"vineyard","name":null},"geometry":{"type":"MultiPolygon","coordinates":[[[[11.8274579,51.1729297],[11.8268785,51.1733534],[11.8270738,51.173619],[11.8276456,51.1741472],[11.8277261,51.1742413],[11.827474,51.174164],[11.8268624,51.1735788],[11.8264923,51.1733568],[11.8262992,51.1733635],[11.8253443,51.1737268],[11.8242653,51.174046],[11.8253606,51.1746277],[11.8259398,51.1744566],[11.826149,51.1744398],[11.8264386,51.1744667],[11.8269375,51.1746113],[11.827195,51.1745743],[11.8275941,51.1744934],[11.8282411,51.1745339],[11.8286273,51.1744869],[11.8294556,51.1742143],[11.8295876,51.1741315],[11.8298451,51.1739521],[11.830006,51.1737469],[11.8299953,51.1736561],[11.8298129,51.1735115],[11.8291713,51.1732288],[11.8285115,51.1736392],[11.8274579,51.1729297]]]]}},{"type":"Feature","properties":{"osm_id":"194189367","code":7216,"fclass":"vineyard","name":null},"geometry":{"type":"MultiPolygon","coordinates":[[[[11.8175274,51.1764887],[11.8169884,51.1765384],[11.8169343,51.1763708],[11.8167946,51.1763817],[11.8167682,51.1763008],[11.8164196,51.1763017],[11.8164918,51.1765097],[11.8162402,51.1764439],[11.8162509,51.1765209],[11.8161944,51.1765231],[11.816218,51.1766416],[11.8161966,51.1766424],[11.8161975,51.1766898],[11.8160046,51.1767086],[11.8161304,51.1771402],[11.8164576,51.1771267],[11.8165468,51.1773656],[11.8172522,51.1771504],[11.8176626,51.1770528],[11.8181373,51.176957],[11.817979,51.1767234],[11.8176356,51.1765888],[11.8175274,51.1764887]]]]}},{"type":"Feature","properties":{"osm_id":"194189408","code":7216,"fclass":"vineyard","name":null},"geometry":{"type":"MultiPolygon","coordinates":[[[[11.8177779,51.1762711],[11.8176197,51.1758119],[11.8184807,51.1756622],[11.8185638,51.175906],[11.8188642,51.175943],[11.8191945,51.1764067],[11.8194731,51.1767334],[11.8195053,51.1768342],[11.8193122,51.1768073],[11.8187435,51.1768158],[11.8187034,51.1768239],[11.8182795,51.1765955],[11.8180777,51.1764827],[11.8179681,51.1764034],[11.8178198,51.1763487],[11.8177779,51.1762711]]]]}},{"type":"Feature","properties":{"osm_id":"194297528","code":7216,"fclass":"vineyard","name":null},"geometry":{"type":"MultiPolygon","coordinates":[[[[11.7045076,51.235996],[11.7062403,51.2357979],[11.7062027,51.235603],[11.7059238,51.2355594],[11.7058058,51.2355829],[11.705795,51.2356467],[11.7055483,51.2356568],[11.7055214,51.2355896],[11.7053551,51.2355963],[11.705162,51.2354553],[11.7044271,51.2357072],[11.7045076,51.235996]]]]}},{"type":"Feature","properties":{"osm_id":"194353180","code":7216,"fclass":"vineyard","name":null},"geometry":{"type":"MultiPolygon","coordinates":[[[[11.6967541,51.2388945],[11.696679,51.2391564],[11.6964108,51.2391296],[11.6960782,51.2391464],[11.6960729,51.2388945],[11.6964215,51.238834],[11.6964752,51.2388852],[11.6967541,51.2388945]]]]}},{"type":"Feature","properties":{"osm_id":"194353187","code":7216,"fclass":"vineyard","name":null},"geometry":{"type":"MultiPolygon","coordinates":[[[[11.6957027,51.2377358],[11.6963304,51.2375678],[11.6967273,51.2379373],[11.6968239,51.2380683],[11.6959009,51.2382935],[11.6954825,51.2383674],[11.6951874,51.2379812],[11.6951663,51.2378399],[11.6957027,51.2377358]]]]}},{"type":"Feature","properties":{"osm_id":"194355353","code":7216,"fclass":"vineyard","name":null},"geometry":{"type":"MultiPolygon","coordinates":[[[[11.6973362,51.2377332],[11.6975776,51.237488],[11.6978183,51.2375728],[11.698018,51.2376449],[11.6983018,51.237745],[11.6980792,51.2379381],[11.6982346,51.2379978],[11.6981274,51.2381159],[11.6981003,51.2381189],[11.6978215,51.2379945],[11.6977572,51.2380348],[11.6972986,51.2378618],[11.6973362,51.2377332]]]]}},{"type":"Feature","properties":{"osm_id":"194356837","code":7216,"fclass":"vineyard","name":null},"geometry":{"type":"MultiPolygon","coordinates":[[[[11.6892225,51.2403823],[11.6900272,51.2406988],[11.6899252,51.2407895],[11.6891367,51.240457],[11.6892225,51.2403823]]]]}},{"type":"Feature","properties":{"osm_id":"194356842","code":7216,"fclass":"vineyard","name":null},"geometry":{"type":"MultiPolygon","coordinates":[[[[11.6900486,51.2400934],[11.6905904,51.2404528],[11.6907728,51.240551],[11.6911859,51.2406451],[11.69132,51.2405435],[11.691041,51.2403084],[11.6904134,51.2399154],[11.6900486,51.2400934]]]]}},{"type":"Feature","properties":{"osm_id":"194356846","code":7216,"fclass":"vineyard","name":null},"geometry":{"type":"MultiPolygon","coordinates":[[[[11.6889114,51.2394587],[11.6895926,51.2398886],[11.6899467,51.2396678],[11.6892761,51.2392303],[11.6889114,51.2394587]]]]}},{"type":"Feature","properties":{"osm_id":"194360967","code":7216,"fclass":"vineyard","name":null},"geometry":{"type":"MultiPolygon","coordinates":[[[[11.684078,51.2460106],[11.685108,51.2461987],[11.6853065,51.2458461],[11.6842819,51.2456278],[11.684078,51.2460106]]]]}},{"type":"Feature","properties":{"osm_id":"194361521","code":7216,"fclass":"vineyard","name":null},"geometry":{"type":"MultiPolygon","coordinates":[[[[11.6871679,51.2449428],[11.687345,51.2447614],[11.6862,51.2442688],[11.6864683,51.2439993],[11.6862549,51.2437471],[11.6866235,51.2432428],[11.6864545,51.2431865],[11.6860625,51.2436399],[11.6855972,51.2439798],[11.6853333,51.2439051],[11.6850919,51.2440965],[11.6848451,51.2440529],[11.6847486,51.2440697],[11.6846574,51.2441981],[11.6846037,51.2444928],[11.6848344,51.2447287],[11.6853869,51.2449797],[11.6859341,51.2450234],[11.686039,51.244952],[11.6858352,51.2447146],[11.6861909,51.244749],[11.6861636,51.2446906],[11.685918,51.244523],[11.6860736,51.2444265],[11.6865564,51.2446674],[11.6871679,51.2449428]]]]}},{"type":"Feature","properties":{"osm_id":"194362831","code":7216,"fclass":"vineyard","name":null},"geometry":{"type":"MultiPolygon","coordinates":[[[[11.688104,51.2407383],[11.6880209,51.2407156],[11.6881925,51.2404671],[11.6885412,51.2405872],[11.6892761,51.2410104],[11.6891957,51.2410759],[11.6883079,51.2407484],[11.688104,51.2407383]]]]}},{"type":"Feature","properties":{"osm_id":"194362832","code":7216,"fclass":"vineyard","name":null},"geometry":{"type":"MultiPolygon","coordinates":[[[[11.6880745,51.2408088],[11.6879672,51.2409868],[11.6887773,51.2412387],[11.6890884,51.2412051],[11.689142,51.2411211],[11.6880745,51.2408088]]]]}},{"type":"Feature","properties":{"osm_id":"194364097","code":7216,"fclass":"vineyard","name":null},"geometry":{"type":"MultiPolygon","coordinates":[[[[11.6892761,51.2434166],[11.6889757,51.2431513],[11.6889167,51.2430892],[11.6891634,51.242996],[11.6892761,51.2430328],[11.6893512,51.2431235],[11.6892171,51.2431898],[11.6894156,51.2433779],[11.6892761,51.2434166]]]]}},{"type":"Feature","properties":{"osm_id":"194364193","code":7216,"fclass":"vineyard","name":null},"geometry":{"type":"MultiPolygon","coordinates":[[[[11.6878492,51.2435022],[11.6880799,51.243613],[11.6879404,51.2438883],[11.6872323,51.2436667],[11.6876722,51.2431495],[11.6880423,51.2432603],[11.6878492,51.2435022]]]]}},{"type":"Feature","properties":{"osm_id":"194468149","code":7216,"fclass":"vineyard","name":null},"geometry":{"type":"MultiPolygon","coordinates":[[[[11.6910032,51.2425889],[11.6908605,51.2427567],[11.6908801,51.242838],[11.6903061,51.2426357],[11.6904188,51.2423981],[11.6910533,51.2423865],[11.6910032,51.2425889]]]]}},{"type":"Feature","properties":{"osm_id":"194470297","code":7216,"fclass":"vineyard","name":null},"geometry":{"type":"MultiPolygon","coordinates":[[[[11.6835255,51.2471121],[11.6835791,51.2469408],[11.6837883,51.2469676],[11.6843999,51.2470315],[11.6844482,51.2468434],[11.6826135,51.2466327],[11.6825456,51.2467931],[11.6825081,51.2469711],[11.6835255,51.2471121]]]]}},{"type":"Feature","properties":{"osm_id":"194470304","code":7216,"fclass":"vineyard","name":null},"geometry":{"type":"MultiPolygon","coordinates":[[[[11.6823748,51.2470785],[11.6840458,51.2474613],[11.6841453,51.2473284],[11.6850758,51.2475225],[11.6851294,51.2474453],[11.6854566,51.2475419],[11.6853673,51.2477535],[11.6856068,51.2478206],[11.6855175,51.2479449],[11.6854317,51.2480254],[11.6856659,51.2480725],[11.6855747,51.24819],[11.6853654,51.2482974],[11.6852743,51.2484183],[11.6850186,51.2483579],[11.6848987,51.2484922],[11.6847164,51.2487121],[11.6844776,51.2486869],[11.6842362,51.2485862],[11.6840002,51.248791],[11.6835898,51.2486299],[11.6837821,51.2484099],[11.6840852,51.2485039],[11.6842328,51.2483008],[11.6838143,51.2481732],[11.6838983,51.2480439],[11.6838634,51.2480322],[11.6839922,51.2478408],[11.6821943,51.2473908],[11.682305,51.2472598],[11.6823748,51.2470785]]]]}},{"type":"Feature","properties":{"osm_id":"194479762","code":7216,"fclass":"vineyard","name":null},"geometry":{"type":"MultiPolygon","coordinates":[[[[11.6818357,51.2505136],[11.6821414,51.2501778],[11.6814835,51.2498487],[11.6812509,51.2500401],[11.6816015,51.2502046],[11.6814923,51.2503322],[11.6818357,51.2505136]]]]}},{"type":"Feature","properties":{"osm_id":"194479763","code":7216,"fclass":"vineyard","name":null},"geometry":{"type":"MultiPolygon","coordinates":[[[[11.6833913,51.2486366],[11.6830909,51.2485627],[11.6829265,51.2487575],[11.6832216,51.2488481],[11.6832733,51.248744],[11.6833752,51.2487575],[11.6833913,51.2486366]]]]}},{"type":"Feature","properties":{"osm_id":"194479765","code":7216,"fclass":"vineyard","name":null},"geometry":{"type":"MultiPolygon","coordinates":[[[[11.6819376,51.2492208],[11.6834791,51.2496808],[11.6836059,51.2494727],[11.6837151,51.2494928],[11.6838385,51.2493316],[11.6821701,51.2488313],[11.6820736,51.2489959],[11.6819537,51.2489824],[11.6819376,51.2492208]]]]}},{"type":"Feature","properties":{"osm_id":"194479766","code":7216,"fclass":"vineyard","name":null},"geometry":{"type":"MultiPolygon","coordinates":[[[[11.6833967,51.2490899],[11.6836971,51.249147],[11.6837239,51.2489354],[11.6834093,51.2488347],[11.6832859,51.2489488],[11.6833967,51.2490899]]]]}},{"type":"Feature","properties":{"osm_id":"194479767","code":7216,"fclass":"vineyard","name":null},"geometry":{"type":"MultiPolygon","coordinates":[[[[11.6795397,51.2505975],[11.6800869,51.2508997],[11.6797597,51.2510717],[11.6806502,51.2515747],[11.6809828,51.2514068],[11.6809077,51.2513665],[11.681192,51.2511624],[11.6806609,51.2509199],[11.6807269,51.2508694],[11.6798366,51.2503759],[11.6795397,51.2505975]]]]}},{"type":"Feature","properties":{"osm_id":"194479768","code":7216,"fclass":"vineyard","name":null},"geometry":{"type":"MultiPolygon","coordinates":[[[[11.682238,51.250067],[11.6816104,51.2497883],[11.6816962,51.2497144],[11.6823346,51.2499864],[11.682238,51.250067]]]]}},{"type":"Feature","properties":{"osm_id":"194503459","code":7216,"fclass":"vineyard","name":null},"geometry":{"type":"MultiPolygon","coordinates":[[[[11.8256047,51.1748566],[11.8259284,51.1752123],[11.8267243,51.1747921],[11.8265225,51.1746895],[11.8263321,51.1746322],[11.8260274,51.1746274],[11.8258408,51.1746919],[11.8256047,51.1748566]]]]}},{"type":"Feature","properties":{"osm_id":"194780438","code":7216,"fclass":"vineyard","name":null},"geometry":{"type":"MultiPolygon","coordinates":[[[[11.6666004,51.274592],[11.6665431,51.2742691],[11.6661771,51.2743105],[11.6662088,51.2740349],[11.666638,51.2736222],[11.6671476,51.2736423],[11.6674105,51.273696],[11.6676036,51.2736792],[11.6686336,51.2738269],[11.6688267,51.273951],[11.6687913,51.274112],[11.6671873,51.2739207],[11.6671873,51.2745415],[11.6666004,51.274592]]]]}},{"type":"Feature","properties":{"osm_id":"194790954","code":7216,"fclass":"vineyard","name":null},"geometry":{"type":"MultiPolygon","coordinates":[[[[11.6645963,51.277743],[11.6647626,51.2779107],[11.6650201,51.2778403],[11.6655351,51.2783336],[11.6647304,51.2787765],[11.6643978,51.2783537],[11.6643173,51.2783638],[11.6641511,51.2781389],[11.664092,51.2781591],[11.6639579,51.277951],[11.6641727,51.277881],[11.6645963,51.277743]]]]}},{"type":"Feature","properties":{"osm_id":"194790955","code":7216,"fclass":"vineyard","name":null},"geometry":{"type":"MultiPolygon","coordinates":[[[[11.6650469,51.2793906],[11.6656692,51.2793503],[11.6654868,51.2787765],[11.6658838,51.2787966],[11.6658945,51.2785886],[11.6660071,51.2783336],[11.6658355,51.2783067],[11.6651327,51.2787027],[11.6651703,51.279008],[11.6650469,51.2793906]]]]}},{"type":"Feature","properties":{"osm_id":"194790956","code":7216,"fclass":"vineyard","name":null},"geometry":{"type":"MultiPolygon","coordinates":[[[[11.6635932,51.2766893],[11.6641028,51.2767664],[11.6642208,51.2765416],[11.6642744,51.2762094],[11.6637434,51.2761557],[11.6636951,51.2764577],[11.6635932,51.2766893]]]]}},{"type":"Feature","properties":{"osm_id":"194791086","code":7216,"fclass":"vineyard","name":null},"geometry":{"type":"MultiPolygon","coordinates":[[[[11.671157,51.2743771],[11.671672,51.2748268],[11.6709929,51.2752269],[11.6710679,51.2753007],[11.6709746,51.2753519],[11.6703094,51.2748805],[11.671157,51.2743771]]]]}},{"type":"Feature","properties":{"osm_id":"194791089","code":7216,"fclass":"vineyard","name":null},"geometry":{"type":"MultiPolygon","coordinates":[[[[11.6723479,51.2724373],[11.6728736,51.273075],[11.6736085,51.2728635],[11.6736461,51.2728803],[11.6739465,51.2727897],[11.6740538,51.272689],[11.6757811,51.2720816],[11.6757436,51.2720312],[11.6761834,51.2718366],[11.676677,51.2717023],[11.6767252,51.2716251],[11.6763605,51.2713466],[11.6758884,51.2715647],[11.6745688,51.2720144],[11.6741664,51.2721118],[11.6742952,51.2723165],[11.6741664,51.2723836],[11.6740699,51.2722796],[11.6738285,51.2723266],[11.6739036,51.2724541],[11.6736353,51.2725246],[11.6734851,51.272387],[11.6733081,51.2724407],[11.6730989,51.2722024],[11.6723479,51.2724373]]]]}},{"type":"Feature","properties":{"osm_id":"194901246","code":7216,"fclass":"vineyard","name":null},"geometry":{"type":"MultiPolygon","coordinates":[[[[11.7137272,51.2184306],[11.7141939,51.2188466],[11.7138988,51.2190489],[11.7136574,51.2189272],[11.7131317,51.2185341],[11.7134666,51.2183129],[11.7136252,51.2184501],[11.7137272,51.2184306]]]]}},{"type":"Feature","properties":{"osm_id":"194902111","code":7216,"fclass":"vineyard","name":null},"geometry":{"type":"MultiPolygon","coordinates":[[[[11.7189063,51.2168036],[11.7191558,51.2166927],[11.7184275,51.2160613],[11.7184021,51.2160392],[11.718337,51.2160761],[11.7181768,51.2161669],[11.7189063,51.2168036]]]]}},{"type":"Feature","properties":{"osm_id":"194902115","code":7216,"fclass":"vineyard","name":null},"geometry":{"type":"MultiPolygon","coordinates":[[[[11.7172273,51.2168406],[11.7165059,51.2159132],[11.7159789,51.216067],[11.7160384,51.2161466],[11.7156957,51.2162425],[11.7156689,51.2162223],[11.7149179,51.2164189],[11.7149796,51.2165113],[11.7147088,51.2165953],[11.7149608,51.2168288],[11.715164,51.2169968],[11.7154946,51.2168944],[11.7160974,51.2167263],[11.7161457,51.2167431],[11.7165131,51.2166305],[11.7166848,51.2168254],[11.7168786,51.21677],[11.717069,51.2168658],[11.7172273,51.2168406]]]]}},{"type":"Feature","properties":{"osm_id":"194902118","code":7216,"fclass":"vineyard","name":null},"geometry":{"type":"MultiPolygon","coordinates":[[[[11.7173533,51.2160207],[11.7179562,51.2165112],[11.7176826,51.2165751],[11.7176316,51.2166809],[11.7177181,51.2168742],[11.718209,51.2167247],[11.718158,51.2166692],[11.7184048,51.2165483],[11.7176135,51.2159081],[11.7173533,51.2160207]]]]}},{"type":"Feature","properties":{"osm_id":"194902189","code":7216,"fclass":"vineyard","name":null},"geometry":{"type":"MultiPolygon","coordinates":[[[[11.7157621,51.2170472],[11.716194,51.216943],[11.7160706,51.2167951],[11.7156441,51.2169027],[11.7157621,51.2170472]]]]}},{"type":"Feature","properties":{"osm_id":"195286502","code":7216,"fclass":"vineyard","name":"Himmelreich"},"geometry":{"type":"MultiPolygon","coordinates":[[[[11.7270926,51.226851],[11.7267251,51.2269659],[11.7263791,51.227113],[11.7261002,51.2272138],[11.7256851,51.2272055],[11.7256175,51.2271914],[11.7255044,51.2271926],[11.725358,51.2272418],[11.7251704,51.2273733],[11.7247612,51.2278636],[11.7246609,51.22794],[11.7245756,51.2279797],[11.7244136,51.2279595],[11.7232157,51.227845],[11.7230487,51.2278234],[11.7229057,51.2277315],[11.7228653,51.2276137],[11.7231404,51.2273741],[11.7233376,51.2270238],[11.7239279,51.2268567],[11.7242006,51.2267526],[11.7248205,51.2264505],[11.7251213,51.2263982],[11.7252633,51.2263151],[11.7255879,51.2262279],[11.725832,51.2262],[11.7261485,51.2261143],[11.7264274,51.2260555],[11.7266313,51.2260303],[11.7269074,51.2261356],[11.7272539,51.2263255],[11.7273501,51.2264755],[11.7273875,51.2266225],[11.72735,51.2267603],[11.7270926,51.226851]]]]}},{"type":"Feature","properties":{"osm_id":"195423605","code":7216,"fclass":"vineyard","name":null},"geometry":{"type":"MultiPolygon","coordinates":[[[[11.751777,51.2229832],[11.7515195,51.2234267],[11.7507899,51.2233494],[11.7506129,51.2237593],[11.7499263,51.2236417],[11.7499423,51.2235006],[11.7500443,51.2232385],[11.7501086,51.2231176],[11.750806,51.2231915],[11.750967,51.222953],[11.7513371,51.2229261],[11.751777,51.2229832]]]]}},{"type":"Feature","properties":{"osm_id":"195721226","code":7216,"fclass":"vineyard","name":"Himmelreich"},"geometry":{"type":"MultiPolygon","coordinates":[[[[11.7442933,51.2187122],[11.742625,51.2186854],[11.7424045,51.2185227],[11.7422417,51.2183831],[11.7422661,51.218261],[11.7425391,51.2179529],[11.7421636,51.2179226],[11.7433384,51.2166525],[11.7437537,51.2166523],[11.7443201,51.2166021],[11.7447654,51.2166122],[11.7450668,51.2166614],[11.7451323,51.2167397],[11.7450418,51.2168508],[11.7441109,51.2179932],[11.7445723,51.2179932],[11.7442933,51.2187122]]]]}},{"type":"Feature","properties":{"osm_id":"195721227","code":7216,"fclass":"vineyard","name":"Himmelreich"},"geometry":{"type":"MultiPolygon","coordinates":[[[[11.7400522,51.2172336],[11.7401756,51.2171328],[11.7408762,51.2170389],[11.741955,51.2168813],[11.7429863,51.2166473],[11.7432639,51.2166441],[11.7420939,51.2178621],[11.7420746,51.2179527],[11.7422334,51.2179999],[11.7421652,51.2182126],[11.7421226,51.2182667],[11.7420244,51.2182549],[11.7415529,51.2180715],[11.7405793,51.2176691],[11.7399476,51.2174035],[11.7399704,51.2173343],[11.7400522,51.2172336]]]]}},{"type":"Feature","properties":{"osm_id":"195721724","code":7216,"fclass":"vineyard","name":"Himmelreich"},"geometry":{"type":"MultiPolygon","coordinates":[[[[11.7398894,51.2179568],[11.7398036,51.219909],[11.738115,51.2198762],[11.7380739,51.2211659],[11.7348558,51.2211393],[11.7352837,51.2208192],[11.7354393,51.2206129],[11.7357107,51.2203391],[11.7358406,51.2200753],[11.736059,51.2194514],[11.736188,51.2190489],[11.7362896,51.2187626],[11.736413,51.2186215],[11.7367134,51.2183829],[11.7370085,51.2182048],[11.7372394,51.2180274],[11.7373572,51.2178655],[11.7375342,51.2177848],[11.7378185,51.2176907],[11.7382372,51.2175604],[11.7388352,51.217396],[11.7388753,51.217385],[11.7392293,51.2173077],[11.7393744,51.2172916],[11.7393984,51.2173012],[11.7394397,51.2173176],[11.7396695,51.2174092],[11.7398945,51.217506],[11.739873,51.2177513],[11.7398894,51.2179568]]]]}},{"type":"Feature","properties":{"osm_id":"195722211","code":7216,"fclass":"vineyard","name":null},"geometry":{"type":"MultiPolygon","coordinates":[[[[11.7478765,51.2168446],[11.7472137,51.2169884],[11.7473143,51.2172835],[11.7473317,51.2173344],[11.74682,51.2173649],[11.7467244,51.2169838],[11.746971,51.2167748],[11.7472082,51.2166172],[11.7474586,51.2165255],[11.7474228,51.2164929],[11.7476622,51.2164248],[11.7477501,51.2166691],[11.7478765,51.2168446]]]]}},{"type":"Feature","properties":{"osm_id":"195772771","code":7216,"fclass":"vineyard","name":null},"geometry":{"type":"MultiPolygon","coordinates":[[[[11.7635342,51.216014],[11.7634116,51.2159938],[11.7610079,51.2154753],[11.7608185,51.2154344],[11.7607139,51.2154144],[11.760663,51.2153772],[11.7607649,51.2151051],[11.760789,51.2148631],[11.7608816,51.2146934],[11.7612089,51.2146556],[11.7615763,51.2146077],[11.7621301,51.2146178],[11.7635619,51.2146518],[11.7636556,51.214685],[11.7636831,51.2147489],[11.763549,51.215967],[11.7635342,51.216014]]]]}},{"type":"Feature","properties":{"osm_id":"196906151","code":7216,"fclass":"vineyard","name":null},"geometry":{"type":"MultiPolygon","coordinates":[[[[11.7586059,51.2242422],[11.7591665,51.2243607],[11.7589691,51.2245537],[11.7584331,51.2250836],[11.7578173,51.2248402],[11.7580142,51.2246555],[11.7582103,51.2244715],[11.7586059,51.2242422]]]]}},{"type":"Feature","properties":{"osm_id":"196906153","code":7216,"fclass":"vineyard","name":null},"geometry":{"type":"MultiPolygon","coordinates":[[[[11.760867,51.2247806],[11.7608268,51.2249545],[11.7607731,51.225109],[11.7609069,51.2250687],[11.7616073,51.2252241],[11.7623339,51.2254181],[11.7621622,51.2255357],[11.7619476,51.2257036],[11.7616741,51.2258011],[11.7611591,51.2258985],[11.7607526,51.2259015],[11.7602189,51.2258144],[11.7601162,51.2257851],[11.7598986,51.2257236],[11.7597437,51.2256773],[11.7593566,51.2254873],[11.7587306,51.2253563],[11.7587692,51.2250662],[11.7589082,51.2247618],[11.7591927,51.2244794],[11.7593167,51.2244413],[11.760867,51.2247806]]]]}},{"type":"Feature","properties":{"osm_id":"196906445","code":7216,"fclass":"vineyard","name":null},"geometry":{"type":"MultiPolygon","coordinates":[[[[11.7679622,51.2253446],[11.7666307,51.2253577],[11.7661104,51.2252703],[11.7653883,51.22523],[11.7635623,51.2251393],[11.7628917,51.2250419],[11.7628122,51.2251639],[11.762704,51.2253811],[11.7625495,51.2254559],[11.7621778,51.2258558],[11.7623698,51.2259197],[11.7625726,51.2257114],[11.7627864,51.2257943],[11.7626407,51.2259927],[11.7630951,51.226141],[11.7629585,51.2264155],[11.763097,51.2264462],[11.7632372,51.2264496],[11.7634624,51.226455],[11.7637471,51.2264619],[11.7641007,51.2264704],[11.764224,51.226363],[11.7643681,51.2262374],[11.7645156,51.2261088],[11.764754,51.2260798],[11.7651451,51.2260477],[11.7653631,51.2259812],[11.765519,51.2260156],[11.766012,51.2259946],[11.766594,51.22598],[11.7666887,51.2260937],[11.7670116,51.2261231],[11.767904,51.2260527],[11.7679255,51.2259037],[11.7679686,51.2257944],[11.7680738,51.2256399],[11.7682076,51.2253378],[11.7679622,51.2253446]]]]}},{"type":"Feature","properties":{"osm_id":"196908856","code":7216,"fclass":"vineyard","name":null},"geometry":{"type":"MultiPolygon","coordinates":[[[[11.7682187,51.2299297],[11.7681484,51.2296192],[11.7678587,51.2296596],[11.7676248,51.2297728],[11.7674687,51.2298069],[11.7672622,51.2298487],[11.7672114,51.2299605],[11.7671612,51.2300928],[11.7671967,51.230312],[11.7675063,51.2303089],[11.7676321,51.2303976],[11.7676852,51.2305698],[11.7679043,51.2305708],[11.7680151,51.2304844],[11.7682822,51.2304712],[11.7682752,51.2303571],[11.7682187,51.2299297]]]]}},{"type":"Feature","properties":{"osm_id":"196913511","code":7216,"fclass":"vineyard","name":null},"geometry":{"type":"MultiPolygon","coordinates":[[[[11.7844889,51.2275715],[11.7845769,51.2281337],[11.7848215,51.2296979],[11.7874638,51.2301321],[11.787434,51.2295165],[11.7877076,51.2290193],[11.7876754,51.2289925],[11.7861412,51.22867],[11.7861143,51.2286263],[11.7865167,51.2277495],[11.7864791,51.2277059],[11.7863887,51.2276941],[11.785889,51.2276286],[11.7852601,51.2274531],[11.7847089,51.2272994],[11.7845493,51.2273338],[11.7844889,51.2275715]]]]}},{"type":"Feature","properties":{"osm_id":"196966473","code":7216,"fclass":"vineyard","name":"Schlifterweinberg"},"geometry":{"type":"MultiPolygon","coordinates":[[[[11.7759974,51.2120309],[11.7758528,51.2120428],[11.7755487,51.2119863],[11.77522,51.211926],[11.7747611,51.2118372],[11.7739516,51.2118105],[11.7731527,51.2119548],[11.7727288,51.2120345],[11.7722445,51.2120772],[11.7722036,51.2120869],[11.7721208,51.2121271],[11.7719738,51.2122559],[11.7719287,51.2123109],[11.7719264,51.2125486],[11.771971,51.2126727],[11.7720888,51.2126726],[11.7722896,51.212665],[11.7725517,51.2126764],[11.7730663,51.2127183],[11.7730726,51.2127887],[11.7738687,51.2127773],[11.7745189,51.2127077],[11.7748839,51.2127185],[11.77518,51.2127034],[11.7752536,51.2126886],[11.7764665,51.212401],[11.7763044,51.2122814],[11.7762684,51.2122413],[11.7762467,51.2121993],[11.776223,51.2121434],[11.7761653,51.2120377],[11.7761422,51.2120161],[11.776061,51.2120221],[11.7759974,51.2120309]]]]}},{"type":"Feature","properties":{"osm_id":"196966474","code":7216,"fclass":"vineyard","name":null},"geometry":{"type":"MultiPolygon","coordinates":[[[[11.7764624,51.2118968],[11.7760024,51.2115524],[11.7756344,51.2116992],[11.7761774,51.2119829],[11.7764624,51.2118968]]]]}},{"type":"Feature","properties":{"osm_id":"197015897","code":7216,"fclass":"vineyard","name":null},"geometry":{"type":"MultiPolygon","coordinates":[[[[11.7889414,51.2076935],[11.7892471,51.2083085],[11.7883105,51.2085839],[11.7881871,51.2084394],[11.7880777,51.2081102],[11.788053,51.2077437],[11.7889414,51.2076935]]]]}},{"type":"Feature","properties":{"osm_id":"197015899","code":7216,"fclass":"vineyard","name":null},"geometry":{"type":"MultiPolygon","coordinates":[[[[11.7979965,51.2107315],[11.797916,51.2109533],[11.7976607,51.2109229],[11.7975802,51.2110237],[11.7979088,51.2111136],[11.7976934,51.211843],[11.7972992,51.2117563],[11.7971082,51.2116858],[11.7965106,51.2115851],[11.7966447,51.2111953],[11.7961243,51.2111012],[11.7959763,51.2114808],[11.7954184,51.2113262],[11.7958883,51.2103686],[11.7962048,51.210419],[11.7961726,51.2105064],[11.7969258,51.2106339],[11.7972187,51.2098813],[11.7972991,51.2097872],[11.7974032,51.2096627],[11.7979965,51.209757],[11.7981467,51.2102174],[11.7981362,51.2103138],[11.7981252,51.2104157],[11.7979965,51.2107315]]]]}},{"type":"Feature","properties":{"osm_id":"197059134","code":7216,"fclass":"vineyard","name":null},"geometry":{"type":"MultiPolygon","coordinates":[[[[11.7762334,51.2049879],[11.7749459,51.2045913],[11.7751229,51.2043426],[11.7756728,51.2044777],[11.7764694,51.2047997],[11.7762334,51.2049879]]]]}},{"type":"Feature","properties":{"osm_id":"197059834","code":7216,"fclass":"vineyard","name":null},"geometry":{"type":"MultiPolygon","coordinates":[[[[11.7930988,51.2049308],[11.793885,51.205039],[11.7939947,51.2047358],[11.7941073,51.2043997],[11.7940966,51.2043056],[11.7940376,51.204272],[11.7935012,51.2041913],[11.7930988,51.2049308]]]]}},{"type":"Feature","properties":{"osm_id":"197061405","code":7216,"fclass":"vineyard","name":null},"geometry":{"type":"MultiPolygon","coordinates":[[[[11.7865167,51.2048131],[11.7874209,51.2051749],[11.7877534,51.2050961],[11.7878243,51.2050299],[11.7877237,51.2050114],[11.7870209,51.2047694],[11.7861787,51.2044266],[11.7861573,51.2045342],[11.7865167,51.2048131]]]]}},{"type":"Feature","properties":{"osm_id":"197063103","code":7216,"fclass":"vineyard","name":null},"geometry":{"type":"MultiPolygon","coordinates":[[[[11.7949442,51.2111648],[11.7953411,51.2103112],[11.7957381,51.2091856],[11.7960278,51.2092394],[11.7956416,51.2103583],[11.7951802,51.211222],[11.7949442,51.2111648]]]]}},{"type":"Feature","properties":{"osm_id":"197063104","code":7216,"fclass":"vineyard","name":null},"geometry":{"type":"MultiPolygon","coordinates":[[[[11.7942468,51.2110371],[11.7944828,51.2110371],[11.7948691,51.2100424],[11.7949066,51.2099248],[11.7952553,51.2090545],[11.7950032,51.2090377],[11.7942468,51.2110371]]]]}},{"type":"Feature","properties":{"osm_id":"197063105","code":7216,"fclass":"vineyard","name":null},"geometry":{"type":"MultiPolygon","coordinates":[[[[11.7918543,51.2088462],[11.7911354,51.2093536],[11.7906151,51.2096559],[11.7904273,51.2095551],[11.7901645,51.2096996],[11.7897139,51.209394],[11.7902235,51.209189],[11.7917577,51.2085706],[11.7920098,51.2087319],[11.7918543,51.2088462]]]]}},{"type":"Feature","properties":{"osm_id":"197065833","code":7216,"fclass":"vineyard","name":null},"geometry":{"type":"MultiPolygon","coordinates":[[[[11.7829094,51.2024106],[11.7831628,51.2019829],[11.7834217,51.2015509],[11.7832246,51.2015056],[11.7829898,51.2019434],[11.7827484,51.2023266],[11.7828396,51.2024274],[11.7829094,51.2024106]]]]}},{"type":"Feature","properties":{"osm_id":"197065834","code":7216,"fclass":"vineyard","name":null},"geometry":{"type":"MultiPolygon","coordinates":[[[[11.7781458,51.2018291],[11.7783282,51.2017821],[11.7784515,51.2016779],[11.7783443,51.2015367],[11.7787037,51.2014728],[11.7787627,51.2015367],[11.7788217,51.2015199],[11.7787359,51.201288],[11.7779902,51.201409],[11.777663,51.2016409],[11.777722,51.2017115],[11.7779687,51.2016308],[11.7781458,51.2018291]]]]}},{"type":"Feature","properties":{"osm_id":"197065835","code":7216,"fclass":"vineyard","name":null},"geometry":{"type":"MultiPolygon","coordinates":[[[[11.7824826,51.2027259],[11.782786,51.2027669],[11.7828396,51.2026392],[11.7826758,51.2024839],[11.7824987,51.2024604],[11.7824451,51.2026687],[11.7824826,51.2027259]]]]}},{"type":"Feature","properties":{"osm_id":"197179465","code":7216,"fclass":"vineyard","name":null},"geometry":{"type":"MultiPolygon","coordinates":[[[[11.7985295,51.2058425],[11.7973369,51.2063065],[11.7970178,51.2058221],[11.7968056,51.2054215],[11.7966769,51.2049209],[11.7965073,51.2038921],[11.7962692,51.2032605],[11.7961941,51.2028975],[11.7963335,51.202427],[11.7966232,51.2023934],[11.7989943,51.2027833],[11.8007774,51.2032064],[11.8007753,51.203395],[11.8008611,51.2035361],[11.8010542,51.2035966],[11.8011529,51.2036635],[11.8018911,51.2038588],[11.8020971,51.2036703],[11.8028352,51.2037714],[11.803318,51.2041143],[11.8028996,51.2044033],[11.8018079,51.204058],[11.8011202,51.2052805],[11.8002925,51.2051158],[11.8001769,51.2052026],[11.7985295,51.2058425]]]]}},{"type":"Feature","properties":{"osm_id":"198492776","code":7216,"fclass":"vineyard","name":null},"geometry":{"type":"MultiPolygon","coordinates":[[[[11.6848827,51.0971131],[11.6853279,51.0972732],[11.6861058,51.0968285],[11.6863633,51.0966499],[11.6865939,51.0964326],[11.6868125,51.0961414],[11.6868278,51.0960875],[11.6862299,51.0958146],[11.6858652,51.0961666],[11.6856238,51.0964463],[11.6854843,51.0966164],[11.6852912,51.0968067],[11.6848827,51.0971131]]]]}},{"type":"Feature","properties":{"osm_id":"198746789","code":7216,"fclass":"vineyard","name":null},"geometry":{"type":"MultiPolygon","coordinates":[[[[11.6206917,51.5152194],[11.620563,51.5139709],[11.6195867,51.5135903],[11.6190609,51.5133433],[11.6185432,51.513031],[11.6178379,51.5136304],[11.6179132,51.5138641],[11.6179561,51.5139175],[11.6184175,51.5153196],[11.6183957,51.5154665],[11.6200668,51.5153143],[11.6206917,51.5152194]]]]}},{"type":"Feature","properties":{"osm_id":"198748347","code":7216,"fclass":"vineyard","name":"Weinlage Himmelshöhe"},"geometry":{"type":"MultiPolygon","coordinates":[[[[11.6506574,51.5053436],[11.6507539,51.5057043],[11.6508827,51.5065524],[11.6508183,51.5071934],[11.6509578,51.5084288],[11.6512153,51.5088562],[11.6501102,51.5092435],[11.6496488,51.5092435],[11.6492707,51.5086372],[11.6492385,51.5070345],[11.6490314,51.5064024],[11.6490132,51.5063467],[11.6486725,51.5054638],[11.6487557,51.5053316],[11.6494101,51.505385],[11.6499278,51.505377],[11.6502792,51.5053316],[11.6506574,51.5053436]]]]}},{"type":"Feature","properties":{"osm_id":"199353188","code":7216,"fclass":"vineyard","name":null},"geometry":{"type":"MultiPolygon","coordinates":[[[[11.788515,51.1819324],[11.788877,51.1815155],[11.7887751,51.1814953],[11.7885821,51.1814582],[11.7884077,51.1814263],[11.7882736,51.1816011],[11.7883139,51.1816079],[11.7882837,51.1819104],[11.788515,51.1819324]]]]}},{"type":"Feature","properties":{"osm_id":"199529634","code":7216,"fclass":"vineyard","name":null},"geometry":{"type":"MultiPolygon","coordinates":[[[[11.7925868,51.1789664],[11.7932171,51.1793969],[11.7929569,51.1795522],[11.7921818,51.1790791],[11.79234,51.1790074],[11.7924098,51.1790505],[11.7925868,51.1789664]]]]}},{"type":"Feature","properties":{"osm_id":"200159814","code":7216,"fclass":"vineyard","name":null},"geometry":{"type":"MultiPolygon","coordinates":[[[[11.8236599,51.1760474],[11.8229915,51.1760438],[11.8227829,51.1760257],[11.8227084,51.1760086],[11.822665,51.1758126],[11.8224635,51.175862],[11.8223345,51.1759112],[11.8221789,51.1759774],[11.8220481,51.1760526],[11.8219441,51.1761115],[11.821848,51.1761893],[11.8217574,51.1762882],[11.8227984,51.1769014],[11.8230054,51.1769789],[11.8236245,51.1770225],[11.8237725,51.1769588],[11.8239034,51.1766626],[11.8241448,51.176286],[11.8254665,51.1768153],[11.8255245,51.1767608],[11.8256608,51.1765956],[11.8252585,51.1761415],[11.8251087,51.1761051],[11.8246898,51.1761516],[11.8242231,51.1760507],[11.8236599,51.1760474]]]]}},{"type":"Feature","properties":{"osm_id":"200160030","code":7216,"fclass":"vineyard","name":null},"geometry":{"type":"MultiPolygon","coordinates":[[[[11.8196447,51.1766392],[11.8197324,51.1765074],[11.8197835,51.1764945],[11.8197976,51.1764694],[11.8197756,51.1764468],[11.8198164,51.1764139],[11.8199291,51.1764879],[11.8202073,51.1767299],[11.820149,51.1767687],[11.8199025,51.1767288],[11.8197073,51.1767303],[11.8196447,51.1766392]]]]}},{"type":"Feature","properties":{"osm_id":"200167932","code":7216,"fclass":"vineyard","name":null},"geometry":{"type":"MultiPolygon","coordinates":[[[[11.804495,51.1787443],[11.8044789,51.1792185],[11.8045754,51.1794102],[11.8054337,51.1793698],[11.8054445,51.1790874],[11.8056108,51.1789259],[11.8056322,51.1787881],[11.804495,51.1787443]]]]}},{"type":"Feature","properties":{"osm_id":"200168210","code":7216,"fclass":"vineyard","name":null},"geometry":{"type":"MultiPolygon","coordinates":[[[[11.8070087,51.1773825],[11.8079797,51.1773791],[11.8085483,51.1773052],[11.809353,51.1771303],[11.8095085,51.177137],[11.8095676,51.1775675],[11.8086417,51.1780314],[11.8082855,51.1777188],[11.8078831,51.1778062],[11.8078048,51.1781289],[11.8071482,51.178082],[11.8071375,51.1778533],[11.8066622,51.1778431],[11.8066895,51.1774002],[11.8070087,51.1773825]]]]}},{"type":"Feature","properties":{"osm_id":"200177123","code":7216,"fclass":"vineyard","name":null},"geometry":{"type":"MultiPolygon","coordinates":[[[[11.7953915,51.1801551],[11.7950757,51.1799988],[11.7948974,51.1799059],[11.795073,51.1796843],[11.7947672,51.1795118],[11.7950099,51.1793098],[11.7951325,51.1793154],[11.7953976,51.179454],[11.7957355,51.1796843],[11.7959999,51.1797132],[11.7963602,51.1798127],[11.796274,51.180039],[11.7960406,51.1803804],[11.7953915,51.1801551]]]]}},{"type":"Feature","properties":{"osm_id":"200182698","code":7216,"fclass":"vineyard","name":null},"geometry":{"type":"MultiPolygon","coordinates":[[[[11.8115148,51.1780013],[11.8113003,51.1780652],[11.811665,51.1784418],[11.8120084,51.1788725],[11.8121066,51.1788511],[11.8117423,51.1783679],[11.8120352,51.1782838],[11.8118313,51.1778197],[11.811665,51.1778163],[11.8118335,51.1782231],[11.8117348,51.1782401],[11.8115148,51.1780013]]]]}},{"type":"Feature","properties":{"osm_id":"200184365","code":7216,"fclass":"vineyard","name":null},"geometry":{"type":"MultiPolygon","coordinates":[[[[11.8152592,51.1762895],[11.8151519,51.1761584],[11.8132081,51.1764003],[11.8129291,51.1764373],[11.8129798,51.1766584],[11.8143869,51.1764407],[11.8152592,51.1762895]]]]}},{"type":"Feature","properties":{"osm_id":"200304598","code":7216,"fclass":"vineyard","name":null},"geometry":{"type":"MultiPolygon","coordinates":[[[[11.8204172,51.1767956],[11.8204682,51.1769234],[11.8204725,51.1769642],[11.8206097,51.1770023],[11.8208489,51.1769756],[11.8210978,51.1768173],[11.8213438,51.1765766],[11.820948,51.1760769],[11.820802,51.1761352],[11.8206094,51.1762134],[11.8210717,51.176772],[11.8210502,51.1767956],[11.8205378,51.1762424],[11.8202535,51.176303],[11.8199981,51.1764071],[11.8200793,51.1764778],[11.8201678,51.1765585],[11.8202751,51.1766409],[11.8204172,51.1767956]]]]}},{"type":"Feature","properties":{"osm_id":"200304599","code":7216,"fclass":"vineyard","name":null},"geometry":{"type":"MultiPolygon","coordinates":[[[[11.8214794,51.1763029],[11.821639,51.1761306],[11.8213211,51.1757429],[11.8209054,51.1758606],[11.821018,51.176049],[11.8213231,51.1764289],[11.8214794,51.1763029]]]]}},{"type":"Feature","properties":{"osm_id":"200361023","code":7216,"fclass":"vineyard","name":null},"geometry":{"type":"MultiPolygon","coordinates":[[[[11.8236359,51.1752284],[11.823682,51.1756296],[11.8235299,51.1756103],[11.8235178,51.1754352],[11.8228202,51.1754167],[11.8228027,51.1753223],[11.8235054,51.1753341],[11.823479,51.1750693],[11.8236157,51.1750782],[11.8236359,51.1752284]]]]}},{"type":"Feature","properties":{"osm_id":"200361029","code":7216,"fclass":"vineyard","name":null},"geometry":{"type":"MultiPolygon","coordinates":[[[[11.8240393,51.1756489],[11.8242297,51.175643],[11.8242193,51.1751177],[11.8240201,51.1751131],[11.8240393,51.1756489]]]]}},{"type":"Feature","properties":{"osm_id":"200362122","code":7216,"fclass":"vineyard","name":null},"geometry":{"type":"MultiPolygon","coordinates":[[[[11.8276243,51.1773051],[11.8267875,51.1775557],[11.8265917,51.1773236],[11.8263959,51.1770192],[11.8263047,51.176846],[11.8266721,51.1767855],[11.8270262,51.1767468],[11.8273597,51.1770459],[11.8276243,51.1773051]]]]}},{"type":"Feature","properties":{"osm_id":"202969248","code":7216,"fclass":"vineyard","name":"Bad Sulzaer Sonnenberg"},"geometry":{"type":"MultiPolygon","coordinates":[[[[11.639726,51.1050289],[11.6392572,51.1049182],[11.6390765,51.1050209],[11.6390328,51.105098],[11.6390901,51.1053207],[11.6387984,51.1055439],[11.6358516,51.1041276],[11.6358514,51.104064],[11.6366831,51.103311],[11.6368956,51.1032417],[11.6372311,51.1032863],[11.637587,51.1032454],[11.6391813,51.1022578],[11.6392557,51.1021393],[11.6407447,51.1035014],[11.6412957,51.1038195],[11.6416,51.1040789],[11.64343,51.1053636],[11.6434327,51.1053625],[11.6438955,51.1057279],[11.6441713,51.1060816],[11.6439427,51.1062817],[11.6436875,51.1062453],[11.643107,51.1059703],[11.6429615,51.1058879],[11.642277,51.105753],[11.6415842,51.1055658],[11.639726,51.1050289]]]]}},{"type":"Feature","properties":{"osm_id":"202969249","code":7216,"fclass":"vineyard","name":null},"geometry":{"type":"MultiPolygon","coordinates":[[[[11.6343128,51.1022401],[11.6337257,51.1021477],[11.6326818,51.1027687],[11.6339019,51.1033512],[11.6354941,51.1040872],[11.6361358,51.1035406],[11.6349535,51.1026896],[11.6343128,51.1022401]]]]}},{"type":"Feature","properties":{"osm_id":"203247374","code":7216,"fclass":"vineyard","name":null},"geometry":{"type":"MultiPolygon","coordinates":[[[[11.8221688,51.210664],[11.8222042,51.2111744],[11.8223885,51.2111851],[11.8223885,51.2111447],[11.8228391,51.2111481],[11.8232708,51.2111781],[11.823853,51.2112187],[11.8242124,51.2112355],[11.8247006,51.2111716],[11.8254061,51.2110642],[11.8254033,51.2110305],[11.8254079,51.2107717],[11.8240965,51.210607],[11.8222083,51.210607],[11.8221688,51.210664]]]]}},{"type":"Feature","properties":{"osm_id":"203588053","code":7216,"fclass":"vineyard","name":"Nitzschker Weinberg"},"geometry":{"type":"MultiPolygon","coordinates":[[[[11.8535847,51.1931118],[11.8535472,51.192742],[11.8540783,51.1926109],[11.8542607,51.1927992],[11.8543358,51.1933001],[11.8535847,51.1931118]]]]}},{"type":"Feature","properties":{"osm_id":"203591539","code":7216,"fclass":"vineyard","name":"Gosecker Dechantenberg"},"geometry":{"type":"MultiPolygon","coordinates":[[[[11.8653079,51.1889673],[11.8652845,51.1888858],[11.8639708,51.188475],[11.8627794,51.1881024],[11.862488,51.1880253],[11.8613398,51.1880992],[11.8609716,51.1881024],[11.860757,51.1881293],[11.8605352,51.188311],[11.8609394,51.1885798],[11.8616367,51.1888555],[11.8622947,51.1890137],[11.8637825,51.1894506],[11.8638772,51.1893432],[11.8640615,51.189417],[11.8643171,51.1894407],[11.8644197,51.1894122],[11.8646797,51.1896279],[11.8648535,51.1896122],[11.8650286,51.1893621],[11.8653079,51.1889673]]]]}},{"type":"Feature","properties":{"osm_id":"203603765","code":7216,"fclass":"vineyard","name":null},"geometry":{"type":"MultiPolygon","coordinates":[[[[11.8449086,51.1789765],[11.8430954,51.1785629],[11.8426628,51.1784753],[11.8422122,51.1784854],[11.8404634,51.178065],[11.8403971,51.1781089],[11.8401254,51.1789125],[11.8400321,51.1792557],[11.8399859,51.1801769],[11.8399685,51.1803934],[11.8417747,51.1807604],[11.8417948,51.1807191],[11.8420708,51.1801636],[11.8424195,51.1801166],[11.8434441,51.1801367],[11.8440235,51.180204],[11.8447048,51.1803587],[11.8448764,51.180473],[11.8449427,51.1806343],[11.8449247,51.1809404],[11.8448818,51.1812834],[11.8453772,51.1813741],[11.8460351,51.1814449],[11.8462893,51.180713],[11.8466413,51.1796659],[11.8466252,51.1795583],[11.8465823,51.179444],[11.8463945,51.1793734],[11.8449086,51.1789765]]]]}},{"type":"Feature","properties":{"osm_id":"203981260","code":7216,"fclass":"vineyard","name":null},"geometry":{"type":"MultiPolygon","coordinates":[[[[11.7272506,51.4879507],[11.7276583,51.4881511],[11.7281304,51.4882914],[11.7284093,51.4883715],[11.7282806,51.4885185],[11.7278514,51.488445],[11.7273901,51.4883114],[11.7269824,51.4881644],[11.7270146,51.488091],[11.7272506,51.4879507]]]]}},{"type":"Feature","properties":{"osm_id":"205999259","code":7216,"fclass":"vineyard","name":"Weinlage Göttersitz"},"geometry":{"type":"MultiPolygon","coordinates":[[[[11.7184962,51.1498009],[11.7194618,51.1492322],[11.7197067,51.149406],[11.7199714,51.1499287],[11.7211033,51.1501778],[11.7218061,51.1504604],[11.7228575,51.1509753],[11.7242986,51.1514283],[11.7240162,51.1517324],[11.7232545,51.1516079],[11.7224986,51.1513972],[11.7222889,51.1513387],[11.7216582,51.1511729],[11.7215593,51.1511469],[11.7208465,51.1509376],[11.7205508,51.1508508],[11.7200304,51.1507094],[11.7199661,51.1505984],[11.719435,51.1503359],[11.719258,51.1503494],[11.7184962,51.1498009]]]]}},{"type":"Feature","properties":{"osm_id":"206154064","code":7216,"fclass":"vineyard","name":"Applerberge"},"geometry":{"type":"MultiPolygon","coordinates":[[[[11.7511317,51.1553371],[11.751241,51.1546954],[11.7512943,51.1543603],[11.7513182,51.1541282],[11.7512395,51.153963],[11.751324,51.1538486],[11.7513907,51.1537119],[11.7516294,51.1535153],[11.7521079,51.1534056],[11.7524033,51.1533258],[11.7519895,51.1528678],[11.7519165,51.1527989],[11.7514493,51.1524001],[11.7510227,51.1520836],[11.7507123,51.1519126],[11.7504275,51.1517613],[11.7500276,51.1515765],[11.7497424,51.1514696],[11.7490841,51.1512881],[11.7484712,51.1511453],[11.7483384,51.1513184],[11.7477752,51.1511855],[11.747609,51.1514908],[11.7463079,51.1512403],[11.7455309,51.1511026],[11.7454416,51.1511401],[11.7454363,51.1513251],[11.7453558,51.1513285],[11.7452807,51.1512376],[11.7451573,51.1512006],[11.7449642,51.1512006],[11.7447829,51.1511765],[11.7446326,51.1512145],[11.7444691,51.151259],[11.7441717,51.151342],[11.744023,51.1513815],[11.7436831,51.151473],[11.7432989,51.1515298],[11.7430804,51.1515541],[11.7427121,51.1516712],[11.74251,51.1517433],[11.7423459,51.1518059],[11.7420044,51.1519122],[11.7417927,51.1520045],[11.7415702,51.1521178],[11.7414427,51.1522133],[11.7414283,51.1522984],[11.7414364,51.1523561],[11.7415364,51.1525684],[11.7415439,51.1526079],[11.7415918,51.1528906],[11.7416586,51.1533932],[11.7416846,51.1534545],[11.7417603,51.1534771],[11.7419417,51.153477],[11.7420439,51.1534121],[11.7421617,51.1533138],[11.7423632,51.1532571],[11.7425458,51.1532549],[11.7428899,51.1532509],[11.7432106,51.1533247],[11.7434392,51.1534645],[11.743624,51.1536387],[11.7436791,51.1537746],[11.7437156,51.1539778],[11.743772,51.1542912],[11.74379,51.154391],[11.7438028,51.154492],[11.7438719,51.1546168],[11.7440195,51.1548067],[11.7442036,51.1548871],[11.7447233,51.1549283],[11.7449344,51.154943],[11.7452163,51.1549625],[11.7453906,51.15496],[11.7456147,51.154935],[11.7456734,51.1549381],[11.7457554,51.1549404],[11.7459411,51.154947],[11.7467238,51.1549974],[11.7482097,51.1551206],[11.7495508,51.1552249],[11.7511317,51.1553371]]]]}},{"type":"Feature","properties":{"osm_id":"206225957","code":7216,"fclass":"vineyard","name":null},"geometry":{"type":"MultiPolygon","coordinates":[[[[11.7148721,51.1376478],[11.7152277,51.137537],[11.7152272,51.1377554],[11.7152908,51.1378244],[11.7153284,51.1379389],[11.7153659,51.1380095],[11.7155054,51.1381139],[11.715602,51.1382708],[11.7154974,51.1382573],[11.7150793,51.1380386],[11.714917,51.1378845],[11.7150352,51.1378128],[11.7148721,51.1376478]]]]}},{"type":"Feature","properties":{"osm_id":"206225961","code":7216,"fclass":"vineyard","name":null},"geometry":{"type":"MultiPolygon","coordinates":[[[[11.7151487,51.139267],[11.7151594,51.1389893],[11.7155108,51.1390095],[11.7156315,51.1391169],[11.7157683,51.1391677],[11.7157656,51.139262],[11.7155698,51.1392569],[11.7153391,51.1392468],[11.715205,51.1392569],[11.7151487,51.139267]]]]}},{"type":"Feature","properties":{"osm_id":"206225965","code":7216,"fclass":"vineyard","name":null},"geometry":{"type":"MultiPolygon","coordinates":[[[[11.7159453,51.1410879],[11.7162189,51.1410943],[11.7161009,51.1405426],[11.7160606,51.1403424],[11.7159131,51.1400395],[11.7157227,51.1400209],[11.7156744,51.1401182],[11.7156905,51.1403286],[11.715669,51.140544],[11.7156824,51.140613],[11.7157871,51.1410795],[11.7159453,51.1410879]]]]}},{"type":"Feature","properties":{"osm_id":"207840846","code":7216,"fclass":"vineyard","name":null},"geometry":{"type":"MultiPolygon","coordinates":[[[[11.6794916,51.100487],[11.6801433,51.1001012],[11.6797212,51.0999419],[11.67932,51.1003354],[11.6794916,51.100487]]]]}},{"type":"Feature","properties":{"osm_id":"207840851","code":7216,"fclass":"vineyard","name":null},"geometry":{"type":"MultiPolygon","coordinates":[[[[11.6812243,51.1001097],[11.6811868,51.1000019],[11.6813906,51.0999346],[11.6819428,51.0998562],[11.6822865,51.0998167],[11.6825327,51.0996395],[11.6828224,51.0994912],[11.6830214,51.0996617],[11.6826406,51.0998537],[11.6824201,51.0999224],[11.6821578,51.0999817],[11.6818627,51.1000491],[11.6812243,51.1001097]]]]}},{"type":"Feature","properties":{"osm_id":"207840852","code":7216,"fclass":"vineyard","name":null},"geometry":{"type":"MultiPolygon","coordinates":[[[[11.6857358,51.0996657],[11.6858751,51.0995235],[11.6880467,51.098865],[11.6876421,51.0983629],[11.6866174,51.0986339],[11.6865086,51.0985834],[11.6859207,51.0987032],[11.6857157,51.0986887],[11.6851936,51.0988725],[11.68558,51.0993399],[11.6852105,51.0990399],[11.6850536,51.0991039],[11.6848841,51.0990663],[11.6847206,51.0991325],[11.684672,51.0992154],[11.684636,51.0993201],[11.6845092,51.0994029],[11.6843155,51.0994841],[11.6837152,51.099748],[11.6834793,51.0998889],[11.6832827,51.1000435],[11.6832172,51.1001417],[11.6833265,51.1002644],[11.6835765,51.1005006],[11.6840391,51.1003562],[11.6847593,51.1000857],[11.6857358,51.0996657]]]]}},{"type":"Feature","properties":{"osm_id":"207840853","code":7216,"fclass":"vineyard","name":null},"geometry":{"type":"MultiPolygon","coordinates":[[[[11.6831506,51.0996068],[11.6842493,51.0990984],[11.6838815,51.0987884],[11.6836308,51.0989553],[11.6837242,51.0990149],[11.6829402,51.0994306],[11.6831506,51.0996068]]]]}},{"type":"Feature","properties":{"osm_id":"208124966","code":7216,"fclass":"vineyard","name":null},"geometry":{"type":"MultiPolygon","coordinates":[[[[11.75002,51.1507834],[11.7501954,51.1507001],[11.750292,51.1505925],[11.750366,51.1505025],[11.7507791,51.1506455],[11.7512672,51.1508204],[11.7516803,51.1509769],[11.7512361,51.1513403],[11.7508957,51.1511712],[11.7510296,51.1510434],[11.7508729,51.1510005],[11.7507616,51.1511141],[11.7503446,51.1509963],[11.75002,51.1507834]]]]}},{"type":"Feature","properties":{"osm_id":"208124970","code":7216,"fclass":"vineyard","name":null},"geometry":{"type":"MultiPolygon","coordinates":[[[[11.7568382,51.155494],[11.7572834,51.1553292],[11.7571708,51.1552047],[11.7566451,51.1553729],[11.7567051,51.155468],[11.7568382,51.155494]]]]}},{"type":"Feature","properties":{"osm_id":"208124976","code":7216,"fclass":"vineyard","name":null},"geometry":{"type":"MultiPolygon","coordinates":[[[[11.7544641,51.153085],[11.7545436,51.1531719],[11.7542969,51.1532608],[11.7542173,51.1531739],[11.7544641,51.153085]]]]}},{"type":"Feature","properties":{"osm_id":"208124977","code":7216,"fclass":"vineyard","name":null},"geometry":{"type":"MultiPolygon","coordinates":[[[[11.7521524,51.1512781],[11.7522462,51.151236],[11.7526834,51.1514615],[11.7525976,51.1515237],[11.7521524,51.1512781]]]]}},{"type":"Feature","properties":{"osm_id":"208124981","code":7216,"fclass":"vineyard","name":null},"geometry":{"type":"MultiPolygon","coordinates":[[[[11.7541854,51.1521109],[11.7545729,51.1523297],[11.7543625,51.1524423],[11.7548027,51.1527361],[11.7546736,51.1527822],[11.7545245,51.1528503],[11.754157,51.1525996],[11.7540793,51.1525609],[11.7540256,51.1523961],[11.7540551,51.1523355],[11.7539467,51.1522556],[11.7541854,51.1521109]]]]}},{"type":"Feature","properties":{"osm_id":"208124987","code":7216,"fclass":"vineyard","name":"Weingut Familie Dierking"},"geometry":{"type":"MultiPolygon","coordinates":[[[[11.7513236,51.1507683],[11.751738,51.1509231],[11.7519094,51.1507818],[11.7516438,51.1506766],[11.7516454,51.1506572],[11.75151,51.1505757],[11.7513236,51.1507683]]]]}},{"type":"Feature","properties":{"osm_id":"208124993","code":7216,"fclass":"vineyard","name":null},"geometry":{"type":"MultiPolygon","coordinates":[[[[11.7492904,51.1511721],[11.7496043,51.1513201],[11.7497008,51.1512646],[11.7499771,51.1513723],[11.7503016,51.1515018],[11.7504475,51.151427],[11.750881,51.1515557],[11.7510537,51.1514438],[11.750697,51.1513025],[11.7505602,51.1512318],[11.7506138,51.1511696],[11.7505323,51.1511014],[11.7503483,51.1510299],[11.7501648,51.1509769],[11.7500667,51.150934],[11.7499755,51.1509592],[11.749851,51.1509248],[11.7497394,51.150929],[11.7492904,51.1511721]]]]}},{"type":"Feature","properties":{"osm_id":"208124996","code":7216,"fclass":"vineyard","name":null},"geometry":{"type":"MultiPolygon","coordinates":[[[[11.752729,51.1519881],[11.7529114,51.151877],[11.7528857,51.1518173],[11.7524823,51.151697],[11.7523911,51.1517424],[11.7523964,51.1517761],[11.752376,51.1518038],[11.752729,51.1519881]]]]}},{"type":"Feature","properties":{"osm_id":"208124998","code":7216,"fclass":"vineyard","name":null},"geometry":{"type":"MultiPolygon","coordinates":[[[[11.7518788,51.1514127],[11.75197,51.151379],[11.752206,51.1514867],[11.7521239,51.1515515],[11.7518788,51.1514127]]]]}},{"type":"Feature","properties":{"osm_id":"208124999","code":7216,"fclass":"vineyard","name":null},"geometry":{"type":"MultiPolygon","coordinates":[[[[11.7523401,51.1517391],[11.7521604,51.1516348],[11.7521845,51.1515977],[11.7524501,51.1516903],[11.7523401,51.1517391]]]]}},{"type":"Feature","properties":{"osm_id":"208126546","code":7216,"fclass":"vineyard","name":null},"geometry":{"type":"MultiPolygon","coordinates":[[[[11.7802056,51.1734508],[11.7801493,51.1733768],[11.7793982,51.1735753],[11.7794438,51.1736425],[11.7802056,51.1734508]]]]}},{"type":"Feature","properties":{"osm_id":"208126556","code":7216,"fclass":"vineyard","name":null},"geometry":{"type":"MultiPolygon","coordinates":[[[[11.7733187,51.1677367],[11.7732109,51.1675345],[11.7736633,51.1674675],[11.7736919,51.1675434],[11.7741514,51.1674753],[11.7741941,51.167566],[11.774076,51.1675835],[11.7740824,51.1676261],[11.7733187,51.1677367]]]]}},{"type":"Feature","properties":{"osm_id":"208126562","code":7216,"fclass":"vineyard","name":null},"geometry":{"type":"MultiPolygon","coordinates":[[[[11.7728107,51.1719188],[11.7728107,51.1716481],[11.7730494,51.1715758],[11.7732345,51.1714967],[11.7735081,51.1714782],[11.7739373,51.1715438],[11.7738353,51.1720231],[11.7733928,51.1719928],[11.7730414,51.171971],[11.7728107,51.1719188]]]]}},{"type":"Feature","properties":{"osm_id":"208126563","code":7216,"fclass":"vineyard","name":null},"geometry":{"type":"MultiPolygon","coordinates":[[[[11.7733793,51.1688289],[11.773355,51.168413],[11.774336,51.1684244],[11.7743673,51.168861],[11.7733793,51.1688289]]]]}},{"type":"Feature","properties":{"osm_id":"208126564","code":7216,"fclass":"vineyard","name":null},"geometry":{"type":"MultiPolygon","coordinates":[[[[11.7789074,51.1737115],[11.7788752,51.1736375],[11.7792024,51.173582],[11.7792158,51.1736224],[11.7791901,51.1736468],[11.7791794,51.1736754],[11.7789074,51.1737115]]]]}},{"type":"Feature","properties":{"osm_id":"208126567","code":7216,"fclass":"vineyard","name":null},"geometry":{"type":"MultiPolygon","coordinates":[[[[11.773889,51.1720365],[11.7739346,51.171865],[11.7742967,51.1719171],[11.7743353,51.1719601],[11.7742387,51.1720661],[11.7740338,51.1721156],[11.7739115,51.1720879],[11.773889,51.1720365]]]]}},{"type":"Feature","properties":{"osm_id":"210428135","code":7216,"fclass":"vineyard","name":null},"geometry":{"type":"MultiPolygon","coordinates":[[[[11.6489142,51.1087056],[11.650408,51.1092745],[11.6513282,51.1079849],[11.6511458,51.1078939],[11.6494424,51.1076781],[11.6493219,51.1076784],[11.6487665,51.1078936],[11.6484446,51.1083416],[11.6487074,51.1086076],[11.6489142,51.1087056]]]]}},{"type":"Feature","properties":{"osm_id":"210434171","code":7216,"fclass":"vineyard","name":null},"geometry":{"type":"MultiPolygon","coordinates":[[[[11.6465272,51.10906],[11.6458832,51.108817],[11.6468382,51.1082341],[11.646924,51.1083049],[11.6475564,51.1079695],[11.6479019,51.1083228],[11.6465272,51.10906]]]]}},{"type":"Feature","properties":{"osm_id":"210618198","code":7216,"fclass":"vineyard","name":"Bad Sulzaer Sonnenberg"},"geometry":{"type":"MultiPolygon","coordinates":[[[[11.639371,51.1056239],[11.6393415,51.1055043],[11.6393469,51.1053611],[11.639371,51.1052719],[11.6395078,51.1051944],[11.6396768,51.105218],[11.6402079,51.105383],[11.6405405,51.1054773],[11.6409911,51.1056255],[11.6419712,51.1059365],[11.6418789,51.1059691],[11.6415839,51.1059994],[11.641255,51.1060426],[11.6409627,51.1060914],[11.640857,51.1060954],[11.6400711,51.1058192],[11.639473,51.105639],[11.639371,51.1056239]]]]}},{"type":"Feature","properties":{"osm_id":"212440928","code":7216,"fclass":"vineyard","name":null},"geometry":{"type":"MultiPolygon","coordinates":[[[[11.6532322,51.5054303],[11.6534896,51.5059045],[11.6536425,51.5061622],[11.6538544,51.5064521],[11.6540905,51.5065255],[11.6543265,51.5063653],[11.6546591,51.5062584],[11.6548522,51.5063719],[11.6553457,51.5065656],[11.6557666,51.5066712],[11.6561078,51.5064588],[11.6564532,51.5062705],[11.6569038,51.5060969],[11.6572236,51.5060314],[11.6576763,51.5059633],[11.6581033,51.505978],[11.6584467,51.505751],[11.6587707,51.5056695],[11.6592856,51.5055359],[11.6599938,51.5053089],[11.6605087,51.5050952],[11.6608521,51.5049883],[11.6610645,51.5049496],[11.6613456,51.5048948],[11.6616245,51.5049216],[11.6619035,51.5049349],[11.6618584,51.5045455],[11.6617589,51.5043859],[11.6612254,51.504265],[11.6614453,51.5038944],[11.6612683,51.5038276],[11.6608714,51.5037842],[11.6605037,51.503622],[11.6593155,51.5038811],[11.6583821,51.5040548],[11.6576928,51.5040695],[11.6574565,51.504026],[11.6573951,51.5040147],[11.6572947,51.5040228],[11.6569632,51.5040494],[11.6567084,51.5041015],[11.6558716,51.5042017],[11.6546565,51.5044635],[11.6532323,51.5048495],[11.6529211,51.5049296],[11.6531249,51.5052033],[11.6532322,51.5054303]]]]}},{"type":"Feature","properties":{"osm_id":"212450665","code":7216,"fclass":"vineyard","name":null},"geometry":{"type":"MultiPolygon","coordinates":[[[[11.6754184,51.4992766],[11.6758203,51.4994103],[11.6766196,51.4997009],[11.6770947,51.4998271],[11.6775185,51.4998705],[11.6777545,51.4998638],[11.6780013,51.4997636],[11.678189,51.4995132],[11.6781675,51.4993329],[11.6780495,51.4992761],[11.6776067,51.4992267],[11.676746,51.4991458],[11.6760271,51.4990857],[11.6755841,51.4990705],[11.6753757,51.4991913],[11.6754184,51.4992766]]]]}},{"type":"Feature","properties":{"osm_id":"215200847","code":7216,"fclass":"vineyard","name":"Bünauer Berg"},"geometry":{"type":"MultiPolygon","coordinates":[[[[11.6973566,51.0927542],[11.6971567,51.0930197],[11.6972481,51.094354],[11.6978193,51.0943612],[11.6999382,51.0946015],[11.7020685,51.0948383],[11.70192,51.0939989],[11.701069,51.0936295],[11.699744,51.0932672],[11.6985903,51.0929874],[11.6975622,51.0927471],[11.6973566,51.0927542]]]]}},{"type":"Feature","properties":{"osm_id":"215429433","code":7216,"fclass":"vineyard","name":null},"geometry":{"type":"MultiPolygon","coordinates":[[[[11.7112139,51.4986916],[11.7115894,51.4987634],[11.711617,51.4987425],[11.7121661,51.4988018],[11.7120963,51.4986983],[11.711702,51.4986465],[11.711297,51.498563],[11.7112139,51.4986916]]]]}},{"type":"Feature","properties":{"osm_id":"215429434","code":7216,"fclass":"vineyard","name":null},"geometry":{"type":"MultiPolygon","coordinates":[[[[11.713534,51.4976747],[11.7138451,51.4975945],[11.7137405,51.4975194],[11.7134616,51.4975812],[11.713534,51.4976747]]]]}},{"type":"Feature","properties":{"osm_id":"215429435","code":7216,"fclass":"vineyard","name":null},"geometry":{"type":"MultiPolygon","coordinates":[[[[11.7128232,51.4994196],[11.7127079,51.4992409],[11.7129734,51.4991691],[11.7130217,51.4992192],[11.7131504,51.4991791],[11.7132282,51.4992827],[11.7131861,51.4993336],[11.7129224,51.4994062],[11.7128232,51.4994196]]]]}},{"type":"Feature","properties":{"osm_id":"215429437","code":7216,"fclass":"vineyard","name":null},"geometry":{"type":"MultiPolygon","coordinates":[[[[11.7124826,51.4985897],[11.7126926,51.4985321],[11.7126067,51.4984453],[11.7125451,51.498315],[11.7124611,51.4981572],[11.7122036,51.4981623],[11.7120488,51.4981982],[11.7118799,51.4982599],[11.7120105,51.4984411],[11.7121151,51.4984194],[11.7122304,51.4985313],[11.7123404,51.4985029],[11.7124826,51.4985897]]]]}},{"type":"Feature","properties":{"osm_id":"215429439","code":7216,"fclass":"vineyard","name":null},"geometry":{"type":"MultiPolygon","coordinates":[[[[11.714175,51.4988519],[11.7143172,51.4987918],[11.7142402,51.4987175],[11.7142751,51.4986907],[11.7142053,51.4986123],[11.7140141,51.4986665],[11.714175,51.4988519]]]]}},{"type":"Feature","properties":{"osm_id":"215429440","code":7216,"fclass":"vineyard","name":null},"geometry":{"type":"MultiPolygon","coordinates":[[[[11.7118281,51.4993077],[11.7119998,51.4992994],[11.7121446,51.499281],[11.7122707,51.4992676],[11.7125013,51.4992159],[11.7126167,51.4991908],[11.7125684,51.4991424],[11.712496,51.4991123],[11.7123029,51.499119],[11.7121044,51.4991407],[11.7118174,51.4991725],[11.7117289,51.4992092],[11.7117396,51.4992626],[11.7117664,51.4992927],[11.7118281,51.4993077]]]]}},{"type":"Feature","properties":{"osm_id":"215429441","code":7216,"fclass":"vineyard","name":null},"geometry":{"type":"MultiPolygon","coordinates":[[[[11.7109403,51.499276],[11.7110824,51.4992509],[11.7112085,51.4991908],[11.7111986,51.4991482],[11.7109725,51.4990038],[11.7108437,51.4989003],[11.7105728,51.4990305],[11.7107472,51.4992142],[11.710833,51.499261],[11.7109403,51.499276]]]]}},{"type":"Feature","properties":{"osm_id":"215429442","code":7216,"fclass":"vineyard","name":null},"geometry":{"type":"MultiPolygon","coordinates":[[[[11.7124584,51.4989871],[11.7123251,51.498856],[11.7127669,51.4986899],[11.7128983,51.4988485],[11.7124584,51.4989871]]]]}},{"type":"Feature","properties":{"osm_id":"215429443","code":7216,"fclass":"vineyard","name":null},"geometry":{"type":"MultiPolygon","coordinates":[[[[11.7138934,51.4983944],[11.7137888,51.4983092],[11.7138907,51.4982641],[11.7139827,51.4982265],[11.7141187,51.4982825],[11.7140758,51.4983409],[11.7138934,51.4983944]]]]}},{"type":"Feature","properties":{"osm_id":"215429445","code":7216,"fclass":"vineyard","name":null},"geometry":{"type":"MultiPolygon","coordinates":[[[[11.7105487,51.4990005],[11.7109617,51.4987918],[11.7105701,51.4985229],[11.7104575,51.4985897],[11.7104985,51.4986323],[11.7102671,51.4987684],[11.7105487,51.4990005]]]]}},{"type":"Feature","properties":{"osm_id":"215429446","code":7216,"fclass":"vineyard","name":null},"geometry":{"type":"MultiPolygon","coordinates":[[[[11.7126489,51.4991942],[11.7124826,51.4990088],[11.7129063,51.4988686],[11.7130654,51.4990614],[11.7126489,51.4991942]]]]}},{"type":"Feature","properties":{"osm_id":"215429449","code":7216,"fclass":"vineyard","name":null},"geometry":{"type":"MultiPolygon","coordinates":[[[[11.7115357,51.4985864],[11.7117216,51.498629],[11.7121079,51.498664],[11.7120032,51.4985288],[11.7114043,51.4984328],[11.7113936,51.4984695],[11.711584,51.4985096],[11.7115357,51.4985864]]]]}},{"type":"Feature","properties":{"osm_id":"215429450","code":7216,"fclass":"vineyard","name":null},"geometry":{"type":"MultiPolygon","coordinates":[[[[11.7121661,51.4995448],[11.7123833,51.4995181],[11.7126113,51.4994797],[11.7127615,51.4994446],[11.7127347,51.4993845],[11.712673,51.4992593],[11.7126462,51.4992409],[11.7123592,51.499286],[11.7120293,51.4993311],[11.7117315,51.4993712],[11.7118048,51.4994538],[11.7119005,51.4995031],[11.7120078,51.4995415],[11.7121661,51.4995448]]]]}},{"type":"Feature","properties":{"osm_id":"215429451","code":7216,"fclass":"vineyard","name":null},"geometry":{"type":"MultiPolygon","coordinates":[[[[11.7119166,51.4991224],[11.7118013,51.4990205],[11.7115974,51.4989854],[11.7114526,51.4989771],[11.7113461,51.498998],[11.7115813,51.4991591],[11.7119166,51.4991224]]]]}},{"type":"Feature","properties":{"osm_id":"215429452","code":7216,"fclass":"vineyard","name":null},"geometry":{"type":"MultiPolygon","coordinates":[[[[11.7143494,51.4973724],[11.7146425,51.4972881],[11.7145049,51.4970769],[11.7142099,51.497137],[11.7143494,51.4973724]]]]}},{"type":"Feature","properties":{"osm_id":"215429453","code":7216,"fclass":"vineyard","name":null},"geometry":{"type":"MultiPolygon","coordinates":[[[[11.710182,51.4986692],[11.7100537,51.4985968],[11.7103242,51.4984386],[11.7104919,51.4985288],[11.7104267,51.4985639],[11.7103981,51.498556],[11.710182,51.4986692]]]]}},{"type":"Feature","properties":{"osm_id":"215436368","code":7216,"fclass":"vineyard","name":null},"geometry":{"type":"MultiPolygon","coordinates":[[[[11.7195636,51.4961318],[11.719754,51.4961201],[11.719805,51.4962303],[11.7200893,51.4962537],[11.719964,51.4959355],[11.7195054,51.4959656],[11.7195636,51.4961318]]]]}},{"type":"Feature","properties":{"osm_id":"215436369","code":7216,"fclass":"vineyard","name":null},"geometry":{"type":"MultiPolygon","coordinates":[[[[11.7188609,51.4978784],[11.7192774,51.4980462],[11.7194598,51.4981097],[11.7195824,51.4979986],[11.7193544,51.4979368],[11.7189494,51.4977832],[11.7188609,51.4978784]]]]}},{"type":"Feature","properties":{"osm_id":"215436370","code":7216,"fclass":"vineyard","name":null},"geometry":{"type":"MultiPolygon","coordinates":[[[[11.7205506,51.4958328],[11.720497,51.4956909],[11.720615,51.4956742],[11.7207759,51.4959915],[11.720489,51.4960115],[11.7204273,51.4958846],[11.720581,51.4958721],[11.7205506,51.4958328]]]]}},{"type":"Feature","properties":{"osm_id":"215436371","code":7216,"fclass":"vineyard","name":null},"geometry":{"type":"MultiPolygon","coordinates":[[[[11.7202115,51.498276],[11.7202234,51.4980821],[11.7202851,51.4980454],[11.7203544,51.4976705],[11.7206161,51.4976632],[11.7210321,51.4977447],[11.7216155,51.4979736],[11.7214795,51.4980629],[11.7213097,51.4981172],[11.7212635,51.4981492],[11.7212471,51.4981804],[11.7212207,51.4982327],[11.7211201,51.4982466],[11.720817,51.4983544],[11.7204064,51.4984342],[11.7203993,51.4982856],[11.7202115,51.498276]]]]}},{"type":"Feature","properties":{"osm_id":"215436372","code":7216,"fclass":"vineyard","name":null},"geometry":{"type":"MultiPolygon","coordinates":[[[[11.7201242,51.496247],[11.7200088,51.4959414],[11.7203771,51.4958821],[11.720471,51.4959973],[11.7202529,51.4960666],[11.720328,51.4961885],[11.7205158,51.4961752],[11.7205694,51.4962904],[11.7201242,51.496247]]]]}},{"type":"Feature","properties":{"osm_id":"215436373","code":7216,"fclass":"vineyard","name":null},"geometry":{"type":"MultiPolygon","coordinates":[[[[11.7185899,51.4978316],[11.7188018,51.4978734],[11.7189118,51.4977665],[11.7184191,51.4976137],[11.7184719,51.4977632],[11.7185899,51.4978316]]]]}},{"type":"Feature","properties":{"osm_id":"215436375","code":7216,"fclass":"vineyard","name":null},"geometry":{"type":"MultiPolygon","coordinates":[[[[11.718547,51.497152],[11.719062,51.4972839],[11.7190923,51.4973165],[11.7189574,51.4974977],[11.7184397,51.4973691],[11.718547,51.497152]]]]}},{"type":"Feature","properties":{"osm_id":"215436376","code":7216,"fclass":"vineyard","name":null},"geometry":{"type":"MultiPolygon","coordinates":[[[[11.7234769,51.4946405],[11.723713,51.4944468],[11.7237647,51.4945011],[11.7238506,51.4945529],[11.7239176,51.4946147],[11.7236566,51.4947458],[11.7234769,51.4946405]]]]}},{"type":"Feature","properties":{"osm_id":"215436377","code":7216,"fclass":"vineyard","name":null},"geometry":{"type":"MultiPolygon","coordinates":[[[[11.7191639,51.4961702],[11.7195341,51.4961351],[11.7194885,51.4959781],[11.7191183,51.4960015],[11.7190701,51.4961034],[11.7191639,51.4961702]]]]}},{"type":"Feature","properties":{"osm_id":"215436379","code":7216,"fclass":"vineyard","name":null},"geometry":{"type":"MultiPolygon","coordinates":[[[[11.7239678,51.4949194],[11.7240643,51.4948994],[11.723949,51.4946723],[11.7237693,51.4947641],[11.7238122,51.4948259],[11.7238846,51.494876],[11.7239678,51.4949194]]]]}},{"type":"Feature","properties":{"osm_id":"215436380","code":7216,"fclass":"vineyard","name":null},"geometry":{"type":"MultiPolygon","coordinates":[[[[11.7176726,51.4986081],[11.7181911,51.498669],[11.7182037,51.4984244],[11.7177137,51.4984085],[11.7176726,51.4986081]]]]}},{"type":"Feature","properties":{"osm_id":"215436381","code":7216,"fclass":"vineyard","name":null},"geometry":{"type":"MultiPolygon","coordinates":[[[[11.7189816,51.4976429],[11.7190494,51.4975703],[11.7184218,51.4973967],[11.7183888,51.497486],[11.7189816,51.4976429]]]]}},{"type":"Feature","properties":{"osm_id":"215436382","code":7216,"fclass":"vineyard","name":null},"geometry":{"type":"MultiPolygon","coordinates":[[[[11.7193383,51.4959531],[11.7193141,51.4957878],[11.719213,51.4957886],[11.7191908,51.4956241],[11.719223,51.4953352],[11.7193973,51.4953603],[11.7197379,51.4953436],[11.7198219,51.4955799],[11.7201698,51.4955022],[11.7201974,51.4956917],[11.7203253,51.4956759],[11.7203798,51.4958621],[11.7199954,51.4959163],[11.7197406,51.4959247],[11.7195161,51.4959489],[11.7193383,51.4959531]]]]}},{"type":"Feature","properties":{"osm_id":"215436383","code":7216,"fclass":"vineyard","name":null},"geometry":{"type":"MultiPolygon","coordinates":[[[[11.7183486,51.4990856],[11.7183995,51.498755],[11.7182037,51.4987133],[11.7179569,51.4987133],[11.7179014,51.4991065],[11.7180481,51.499114],[11.7183486,51.4990856]]]]}},{"type":"Feature","properties":{"osm_id":"215436384","code":7216,"fclass":"vineyard","name":null},"geometry":{"type":"MultiPolygon","coordinates":[[[[11.7230156,51.4958295],[11.7231578,51.4957427],[11.7229083,51.4955941],[11.7227098,51.4956558],[11.7230156,51.4958295]]]]}},{"type":"Feature","properties":{"osm_id":"215436385","code":7216,"fclass":"vineyard","name":null},"geometry":{"type":"MultiPolygon","coordinates":[[[[11.7186195,51.4984979],[11.7191365,51.4983309],[11.7191291,51.4981339],[11.7189842,51.4980938],[11.7186516,51.4980871],[11.7186195,51.4984979]]]]}},{"type":"Feature","properties":{"osm_id":"215436387","code":7216,"fclass":"vineyard","name":null},"geometry":{"type":"MultiPolygon","coordinates":[[[[11.719636,51.4978049],[11.7198165,51.4978358],[11.7198586,51.4977749],[11.7197468,51.4977473],[11.7196315,51.4977056],[11.7195403,51.4977456],[11.719636,51.4978049]]]]}},{"type":"Feature","properties":{"osm_id":"215436388","code":7216,"fclass":"vineyard","name":null},"geometry":{"type":"MultiPolygon","coordinates":[[[[11.7185551,51.4957293],[11.7185524,51.4955306],[11.7191264,51.4955506],[11.7191237,51.495736],[11.7185551,51.4957293]]]]}},{"type":"Feature","properties":{"osm_id":"215436390","code":7216,"fclass":"vineyard","name":null},"geometry":{"type":"MultiPolygon","coordinates":[[[[11.7181045,51.4982007],[11.7185578,51.498204],[11.7186114,51.4979802],[11.7187731,51.4979026],[11.7183968,51.4978366],[11.7184263,51.4979452],[11.7180937,51.4979402],[11.7179846,51.4980345],[11.7181045,51.4982007]]]]}},{"type":"Feature","properties":{"osm_id":"215436391","code":7216,"fclass":"vineyard","name":null},"geometry":{"type":"MultiPolygon","coordinates":[[[[11.7228386,51.4946623],[11.7230861,51.4944744],[11.7229485,51.4943984],[11.7226857,51.4946038],[11.7228386,51.4946623]]]]}},{"type":"Feature","properties":{"osm_id":"215436392","code":7216,"fclass":"vineyard","name":null},"geometry":{"type":"MultiPolygon","coordinates":[[[[11.7213043,51.4965826],[11.721299,51.4964958],[11.7212909,51.4964173],[11.7212587,51.4963154],[11.720961,51.496277],[11.7206016,51.4962687],[11.7206534,51.496515],[11.7213043,51.4965826]]]]}},{"type":"Feature","properties":{"osm_id":"215436393","code":7216,"fclass":"vineyard","name":null},"geometry":{"type":"MultiPolygon","coordinates":[[[[11.7194012,51.4963674],[11.7194078,51.4962551],[11.7205602,51.4963257],[11.7206292,51.4965066],[11.7194012,51.4963674]]]]}},{"type":"Feature","properties":{"osm_id":"215436394","code":7216,"fclass":"vineyard","name":null},"geometry":{"type":"MultiPolygon","coordinates":[[[[11.7220929,51.4962787],[11.7225489,51.4962052],[11.7225891,51.4961518],[11.7226589,51.4960766],[11.7223593,51.4959005],[11.7221278,51.495726],[11.7219776,51.4957276],[11.7219221,51.4955966],[11.7218488,51.4954822],[11.721712,51.4953837],[11.7215528,51.4951899],[11.7212226,51.4952739],[11.721627,51.4957769],[11.7218113,51.4959932],[11.7220929,51.4962787]]]]}},{"type":"Feature","properties":{"osm_id":"215436395","code":7216,"fclass":"vineyard","name":null},"geometry":{"type":"MultiPolygon","coordinates":[[[[11.7194804,51.4981639],[11.7195448,51.4980888],[11.7197513,51.4981138],[11.7198667,51.4981055],[11.7199364,51.4980988],[11.7199614,51.4980612],[11.7198157,51.498022],[11.7198533,51.4979919],[11.7199606,51.4979903],[11.7201295,51.4980153],[11.7201376,51.4980587],[11.7201993,51.4980654],[11.7201885,51.4981138],[11.7200633,51.4980913],[11.7200598,51.4981289],[11.7200786,51.4981806],[11.7201438,51.4981948],[11.7201188,51.4982725],[11.7200687,51.4983184],[11.7199847,51.4983109],[11.7199096,51.4983393],[11.7197218,51.4983192],[11.7197245,51.4982324],[11.7198613,51.4982658],[11.7199659,51.4982825],[11.7200035,51.4982591],[11.7199498,51.4982374],[11.7197433,51.4982107],[11.719677,51.4982232],[11.7194804,51.4981639]]]]}},{"type":"Feature","properties":{"osm_id":"215436399","code":7216,"fclass":"vineyard","name":null},"geometry":{"type":"MultiPolygon","coordinates":[[[[11.7191291,51.4975778],[11.7194348,51.4976697],[11.7195716,51.4975044],[11.7191505,51.4973307],[11.7190218,51.4975127],[11.7191291,51.4975778]]]]}},{"type":"Feature","properties":{"osm_id":"215436400","code":7216,"fclass":"vineyard","name":null},"geometry":{"type":"MultiPolygon","coordinates":[[[[11.723198,51.4945019],[11.7234072,51.4945955],[11.7236145,51.4943992],[11.7233857,51.4943266],[11.723198,51.4945019]]]]}},{"type":"Feature","properties":{"osm_id":"215436402","code":7216,"fclass":"vineyard","name":null},"geometry":{"type":"MultiPolygon","coordinates":[[[[11.718201,51.4972105],[11.7183727,51.4972238],[11.7183896,51.4971211],[11.718134,51.4971086],[11.7181527,51.4972088],[11.718201,51.4972105]]]]}},{"type":"Feature","properties":{"osm_id":"215436403","code":7216,"fclass":"vineyard","name":null},"geometry":{"type":"MultiPolygon","coordinates":[[[[11.7214116,51.4964123],[11.7220527,51.4962854],[11.7215278,51.4957151],[11.7211756,51.4958262],[11.7210503,51.4958571],[11.7211308,51.495984],[11.7212105,51.4961368],[11.7214063,51.4960817],[11.7215136,51.4962169],[11.7212944,51.4962929],[11.7214116,51.4964123]]]]}},{"type":"Feature","properties":{"osm_id":"215436404","code":7216,"fclass":"vineyard","name":null},"geometry":{"type":"MultiPolygon","coordinates":[[[[11.7212534,51.4969049],[11.7213561,51.4966436],[11.7207652,51.4965759],[11.7204246,51.4965642],[11.7201725,51.4965275],[11.7200633,51.4965935],[11.7203641,51.4966266],[11.7203261,51.496666],[11.7202851,51.4967245],[11.7209047,51.4968364],[11.72124,51.4969316],[11.7212534,51.4969049]]]]}},{"type":"Feature","properties":{"osm_id":"215436405","code":7216,"fclass":"vineyard","name":null},"geometry":{"type":"MultiPolygon","coordinates":[[[[11.7201456,51.4952668],[11.7203709,51.4952016],[11.7205909,51.4951449],[11.720876,51.4955932],[11.7203602,51.4956876],[11.7202556,51.4954922],[11.7205514,51.4954062],[11.7204729,51.4953352],[11.7202189,51.4954129],[11.7201456,51.4952668]]]]}},{"type":"Feature","properties":{"osm_id":"215436406","code":7216,"fclass":"vineyard","name":null},"geometry":{"type":"MultiPolygon","coordinates":[[[[11.7240912,51.4948259],[11.7242548,51.4950413],[11.7244774,51.4951065],[11.7248797,51.495235],[11.7249495,51.49524],[11.7250004,51.4951699],[11.7250702,51.4951833],[11.7250388,51.4952409],[11.7251667,51.4952701],[11.7253518,51.4950296],[11.7247403,51.4949345],[11.7242736,51.4947858],[11.7240912,51.4948259]]]]}},{"type":"Feature","properties":{"osm_id":"215436407","code":7216,"fclass":"vineyard","name":null},"geometry":{"type":"MultiPolygon","coordinates":[[[[11.7173025,51.4990222],[11.7175527,51.4990698],[11.7178631,51.499109],[11.7178658,51.4987834],[11.7176868,51.4987291],[11.7175071,51.4987492],[11.7173703,51.4987959],[11.7172462,51.4988101],[11.7172408,51.4989888],[11.7173025,51.4990222]]]]}},{"type":"Feature","properties":{"osm_id":"215436408","code":7216,"fclass":"vineyard","name":null},"geometry":{"type":"MultiPolygon","coordinates":[[[[11.7177531,51.4959815],[11.7179784,51.4960433],[11.718142,51.4959147],[11.7180803,51.4957828],[11.7179435,51.495751],[11.7177861,51.4958621],[11.7177531,51.4959815]]]]}},{"type":"Feature","properties":{"osm_id":"215436409","code":7216,"fclass":"vineyard","name":null},"geometry":{"type":"MultiPolygon","coordinates":[[[[11.7236298,51.4947942],[11.7238524,51.4949178],[11.7241215,51.4949937],[11.7241689,51.4950731],[11.7240893,51.4952008],[11.7238256,51.4951131],[11.7238042,51.495033],[11.723721,51.4950246],[11.7236486,51.4950664],[11.7234126,51.4949612],[11.7234126,51.4949027],[11.7235306,51.4948059],[11.7236298,51.4947942]]]]}},{"type":"Feature","properties":{"osm_id":"215436410","code":7216,"fclass":"vineyard","name":null},"geometry":{"type":"MultiPolygon","coordinates":[[[[11.7209664,51.4962653],[11.7212427,51.496272],[11.7210817,51.4959681],[11.7208277,51.4960257],[11.7208653,51.4960975],[11.7209986,51.4960833],[11.7210281,51.4961451],[11.7209235,51.4961685],[11.7209664,51.4962653]]]]}},{"type":"Feature","properties":{"osm_id":"215436412","code":7216,"fclass":"vineyard","name":null},"geometry":{"type":"MultiPolygon","coordinates":[[[[11.7229915,51.4942598],[11.7231417,51.4940544],[11.7233643,51.4941262],[11.7232355,51.4943316],[11.7229915,51.4942598]]]]}},{"type":"Feature","properties":{"osm_id":"215436413","code":7216,"fclass":"vineyard","name":null},"geometry":{"type":"MultiPolygon","coordinates":[[[[11.7185444,51.4959815],[11.7185317,51.4959072],[11.7187723,51.4958796],[11.7187884,51.4958295],[11.7189145,51.4958295],[11.7191559,51.4957694],[11.719172,51.4959664],[11.7187509,51.4959998],[11.7186972,51.4959798],[11.7185444,51.4959815]]]]}},{"type":"Feature","properties":{"osm_id":"215436414","code":7216,"fclass":"vineyard","name":null},"geometry":{"type":"MultiPolygon","coordinates":[[[[11.718944,51.4977481],[11.7193544,51.4979068],[11.7195824,51.4979786],[11.7197924,51.4980145],[11.7198238,51.4978717],[11.7197299,51.4978533],[11.7196011,51.4978233],[11.7194188,51.4978266],[11.7194214,51.4977164],[11.7190754,51.4976012],[11.718944,51.4977481]]]]}},{"type":"Feature","properties":{"osm_id":"215436415","code":7216,"fclass":"vineyard","name":null},"geometry":{"type":"MultiPolygon","coordinates":[[[[11.7184451,51.4976012],[11.7188912,51.4977239],[11.7189869,51.4976546],[11.7184612,51.4975261],[11.7184451,51.4976012]]]]}},{"type":"Feature","properties":{"osm_id":"215436416","code":7216,"fclass":"vineyard","name":null},"geometry":{"type":"MultiPolygon","coordinates":[[[[11.7240643,51.4947842],[11.7242575,51.4947424],[11.7244077,51.4945821],[11.7240026,51.4945003],[11.7240643,51.4947842]]]]}},{"type":"Feature","properties":{"osm_id":"215436420","code":7216,"fclass":"vineyard","name":null},"geometry":{"type":"MultiPolygon","coordinates":[[[[11.720792,51.4958996],[11.7210173,51.4958562],[11.7208806,51.4956258],[11.7206526,51.4956692],[11.720792,51.4958996]]]]}},{"type":"Feature","properties":{"osm_id":"215436423","code":7216,"fclass":"vineyard","name":null},"geometry":{"type":"MultiPolygon","coordinates":[[[[11.7243352,51.4947675],[11.7247644,51.4949178],[11.7253357,51.4949929],[11.7253867,51.4947291],[11.7248368,51.4946155],[11.7245533,51.4944794],[11.7243352,51.4947675]]]]}},{"type":"Feature","properties":{"osm_id":"215436424","code":7216,"fclass":"vineyard","name":null},"geometry":{"type":"MultiPolygon","coordinates":[[[[11.7170852,51.4983559],[11.7168143,51.4981756],[11.7165327,51.4983226],[11.7168304,51.4985112],[11.7170852,51.4983559]]]]}},{"type":"Feature","properties":{"osm_id":"215436426","code":7216,"fclass":"vineyard","name":null},"geometry":{"type":"MultiPolygon","coordinates":[[[[11.7234018,51.4957226],[11.7231712,51.4955824],[11.72297,51.4954237],[11.7230424,51.4953436],[11.7233187,51.4952417],[11.7236735,51.4953695],[11.7238739,51.4954772],[11.723831,51.4955607],[11.7237183,51.4956592],[11.7235413,51.4956475],[11.7234018,51.4957226]]]]}},{"type":"Feature","properties":{"osm_id":"215436428","code":7216,"fclass":"vineyard","name":null},"geometry":{"type":"MultiPolygon","coordinates":[[[[11.7206043,51.4962537],[11.7209262,51.4962553],[11.7207947,51.4960132],[11.7205139,51.4960257],[11.7206043,51.4962537]]]]}},{"type":"Feature","properties":{"osm_id":"215440208","code":7216,"fclass":"vineyard","name":null},"geometry":{"type":"MultiPolygon","coordinates":[[[[11.7297372,51.493151],[11.7299124,51.4930499],[11.7294054,51.4927326],[11.7292946,51.4928036],[11.7292303,51.4929289],[11.7293303,51.4930366],[11.7294958,51.4931192],[11.7297372,51.493151]]]]}},{"type":"Feature","properties":{"osm_id":"215440209","code":7216,"fclass":"vineyard","name":null},"geometry":{"type":"MultiPolygon","coordinates":[[[[11.7285946,51.4925565],[11.7289433,51.4924379],[11.7287502,51.492311],[11.7284766,51.4920237],[11.7282065,51.4917724],[11.7278766,51.491901],[11.7281708,51.4921707],[11.7284256,51.4923995],[11.7285946,51.4925565]]]]}},{"type":"Feature","properties":{"osm_id":"215440210","code":7216,"fclass":"vineyard","name":null},"geometry":{"type":"MultiPolygon","coordinates":[[[[11.7289084,51.4928387],[11.7286697,51.49265],[11.7286402,51.4926667],[11.7286456,51.4927068],[11.7285973,51.4927418],[11.7285651,51.4927251],[11.7284658,51.4927669],[11.7285275,51.4928203],[11.7286053,51.4928003],[11.7287456,51.4929113],[11.7288682,51.4929255],[11.7289084,51.4928387]]]]}},{"type":"Feature","properties":{"osm_id":"215440211","code":7216,"fclass":"vineyard","name":null},"geometry":{"type":"MultiPolygon","coordinates":[[[[11.7245686,51.4944101],[11.7247464,51.4942239],[11.7245176,51.4940694],[11.724295,51.4939041],[11.724185,51.4939191],[11.7239812,51.4938824],[11.7239015,51.4939701],[11.723931,51.4940068],[11.723931,51.4941103],[11.7240571,51.4941521],[11.7242207,51.4942423],[11.7245686,51.4944101]]]]}},{"type":"Feature","properties":{"osm_id":"215440212","code":7216,"fclass":"vineyard","name":null},"geometry":{"type":"MultiPolygon","coordinates":[[[[11.7244398,51.494542],[11.7245364,51.4944468],[11.7241099,51.4942481],[11.7239713,51.4944009],[11.7244398,51.494542]]]]}},{"type":"Feature","properties":{"osm_id":"215440215","code":7216,"fclass":"vineyard","name":null},"geometry":{"type":"MultiPolygon","coordinates":[[[[11.7309254,51.4923394],[11.730971,51.4922876],[11.7309335,51.4922642],[11.7309978,51.4922024],[11.7307779,51.4920972],[11.7306553,51.4922166],[11.7309254,51.4923394]]]]}},{"type":"Feature","properties":{"osm_id":"215440216","code":7216,"fclass":"vineyard","name":null},"geometry":{"type":"MultiPolygon","coordinates":[[[[11.7262237,51.493801],[11.7262848,51.4938031],[11.7263322,51.4938006],[11.7263517,51.4937996],[11.7265007,51.4937731],[11.7265009,51.4936878],[11.7265051,51.4936208],[11.7265138,51.4935658],[11.726536,51.4935605],[11.7265709,51.4935624],[11.7265907,51.4935664],[11.7265875,51.49362],[11.7265848,51.4936914],[11.7265797,51.4937722],[11.7265951,51.493772],[11.7266384,51.4937784],[11.726655,51.4937327],[11.7266571,51.4936813],[11.726711,51.493682],[11.7267224,51.4936387],[11.7267047,51.4936192],[11.7266963,51.4936022],[11.7267167,51.4935579],[11.7267748,51.493439],[11.7268184,51.4932304],[11.7262592,51.4932747],[11.726256,51.4934105],[11.7259864,51.4934377],[11.7260709,51.4936042],[11.7262499,51.4935867],[11.7262237,51.493801]]]]}},{"type":"Feature","properties":{"osm_id":"215440217","code":7216,"fclass":"vineyard","name":null},"geometry":{"type":"MultiPolygon","coordinates":[[[[11.7302093,51.4918701],[11.7303461,51.491805],[11.7300832,51.4916229],[11.7299491,51.4916797],[11.7302093,51.4918701]]]]}},{"type":"Feature","properties":{"osm_id":"215440218","code":7216,"fclass":"vineyard","name":null},"geometry":{"type":"MultiPolygon","coordinates":[[[[11.7305714,51.4919135],[11.7304373,51.4918217],[11.7307538,51.4916613],[11.7309415,51.4917415],[11.7305714,51.4919135]]]]}},{"type":"Feature","properties":{"osm_id":"215440224","code":7216,"fclass":"vineyard","name":null},"geometry":{"type":"MultiPolygon","coordinates":[[[[11.7303783,51.4927151],[11.7306116,51.4925715],[11.7302307,51.4923026],[11.7299625,51.4924145],[11.7297077,51.4925247],[11.7299365,51.4926759],[11.7301476,51.4925832],[11.7303783,51.4927151]]]]}},{"type":"Feature","properties":{"osm_id":"215440227","code":7216,"fclass":"vineyard","name":null},"geometry":{"type":"MultiPolygon","coordinates":[[[[11.7237291,51.4942515],[11.7238211,51.4942757],[11.7238873,51.4942364],[11.723898,51.4941529],[11.7238229,51.4941195],[11.7237291,51.4942515]]]]}},{"type":"Feature","properties":{"osm_id":"215440229","code":7216,"fclass":"vineyard","name":null},"geometry":{"type":"MultiPolygon","coordinates":[[[[11.728608,51.4925665],[11.7289969,51.4924479],[11.7293732,51.4927243],[11.729182,51.4928203],[11.7291096,51.4927869],[11.7289513,51.4928437],[11.728608,51.4925665]]]]}},{"type":"Feature","properties":{"osm_id":"215440237","code":7216,"fclass":"vineyard","name":null},"geometry":{"type":"MultiPolygon","coordinates":[[[[11.7302656,51.4919001],[11.7304051,51.4918367],[11.7306009,51.4919653],[11.7304936,51.4920488],[11.7302656,51.4919001]]]]}},{"type":"Feature","properties":{"osm_id":"215440239","code":7216,"fclass":"vineyard","name":null},"geometry":{"type":"MultiPolygon","coordinates":[[[[11.7290506,51.4924529],[11.7294127,51.4922876],[11.7296904,51.492515],[11.7297487,51.4925773],[11.7301503,51.4928454],[11.7300135,51.4929322],[11.7298955,51.493009],[11.7294931,51.4927719],[11.7295119,51.4927235],[11.7294529,51.4926516],[11.7293563,51.49266],[11.7290506,51.4924529]]]]}},{"type":"Feature","properties":{"osm_id":"215440240","code":7216,"fclass":"vineyard","name":null},"geometry":{"type":"MultiPolygon","coordinates":[[[[11.7253223,51.4946606],[11.7254376,51.4944535],[11.7247724,51.4942481],[11.7246096,51.4944293],[11.7248671,51.4945913],[11.7253223,51.4946606]]]]}},{"type":"Feature","properties":{"osm_id":"215445867","code":7216,"fclass":"vineyard","name":null},"geometry":{"type":"MultiPolygon","coordinates":[[[[11.7412385,51.4872138],[11.7409086,51.4873759],[11.7401576,51.4878235],[11.7400887,51.4878176],[11.7401638,51.4876773],[11.7398518,51.4878569],[11.73974,51.4878443],[11.7396721,51.4877082],[11.7399385,51.4874268],[11.7404097,51.4870318],[11.7406484,51.4869783],[11.7410757,51.4871128],[11.7412385,51.4872138]]]]}},{"type":"Feature","properties":{"osm_id":"215445868","code":7216,"fclass":"vineyard","name":null},"geometry":{"type":"MultiPolygon","coordinates":[[[[11.7449856,51.4907261],[11.7446422,51.4906259],[11.7444597,51.490906],[11.7447503,51.4910175],[11.7449856,51.4907261]]]]}},{"type":"Feature","properties":{"osm_id":"215445871","code":7216,"fclass":"vineyard","name":"Weinlage Steiger"},"geometry":{"type":"MultiPolygon","coordinates":[[[[11.7422873,51.4877132],[11.7425134,51.487517],[11.741386,51.486945],[11.7412581,51.4872331],[11.7422873,51.4877132]]]]}},{"type":"Feature","properties":{"osm_id":"215445873","code":7216,"fclass":"vineyard","name":null},"geometry":{"type":"MultiPolygon","coordinates":[[[[11.7467344,51.4905057],[11.7463106,51.4907161],[11.7456132,51.4903453],[11.745699,51.4902852],[11.7466539,51.4902852],[11.7465144,51.4903787],[11.7467344,51.4905057]]]]}},{"type":"Feature","properties":{"osm_id":"215445877","code":7216,"fclass":"vineyard","name":null},"geometry":{"type":"MultiPolygon","coordinates":[[[[11.7469436,51.4892598],[11.7485001,51.4894811],[11.7492717,51.4895838],[11.7490089,51.4897508],[11.7484411,51.4898785],[11.7475283,51.4900247],[11.7470088,51.4901224],[11.746821,51.4900556],[11.7467084,51.4898084],[11.7467141,51.4897925],[11.7467942,51.4895713],[11.7469436,51.4892598]]]]}},{"type":"Feature","properties":{"osm_id":"215445878","code":7216,"fclass":"vineyard","name":null},"geometry":{"type":"MultiPolygon","coordinates":[[[[11.7454845,51.4903654],[11.7449864,51.4901324],[11.7446852,51.4905023],[11.7447066,51.4905558],[11.7451849,51.4907169],[11.7453503,51.4907996],[11.7456508,51.4906326],[11.7458232,51.4907236],[11.7459842,51.4906501],[11.7454845,51.4903654]]]]}},{"type":"Feature","properties":{"osm_id":"216480157","code":7216,"fclass":"vineyard","name":null},"geometry":{"type":"MultiPolygon","coordinates":[[[[11.8344936,51.1695896],[11.8339313,51.1701015],[11.8339015,51.1700871],[11.8333063,51.1698235],[11.833992,51.1692196],[11.8345955,51.169487],[11.8344936,51.1695896]]]]}},{"type":"Feature","properties":{"osm_id":"216807263","code":7216,"fclass":"vineyard","name":null},"geometry":{"type":"MultiPolygon","coordinates":[[[[11.8825934,51.1978757],[11.8837516,51.1954836],[11.8809868,51.194919],[11.8787552,51.1944484],[11.8780578,51.1943139],[11.8776773,51.1942735],[11.8770519,51.1955459],[11.8757663,51.1952987],[11.8755231,51.1952904],[11.8753705,51.1953716],[11.8751926,51.1953474],[11.8746862,51.1954653],[11.8742571,51.1962485],[11.8743912,51.1967494],[11.8742987,51.1969697],[11.875625,51.197257],[11.8800152,51.1981039],[11.8822361,51.1985678],[11.8823037,51.1985277],[11.8825934,51.1978757]]]]}},{"type":"Feature","properties":{"osm_id":"220638648","code":7216,"fclass":"vineyard","name":null},"geometry":{"type":"MultiPolygon","coordinates":[[[[11.7112021,51.2177125],[11.7112719,51.2183543],[11.7113738,51.2190531],[11.7114864,51.2200074],[11.7115669,51.220807],[11.7117493,51.2208876],[11.711878,51.2208608],[11.7120926,51.2202291],[11.7122536,51.2195538],[11.7122965,51.2194362],[11.7122053,51.2192783],[11.7122466,51.2191261],[11.712335,51.2187575],[11.71237,51.2185072],[11.712311,51.2181343],[11.7121983,51.217768],[11.7118711,51.2177048],[11.7112381,51.2176202],[11.7112021,51.2177125]]]]}},{"type":"Feature","properties":{"osm_id":"225551071","code":7216,"fclass":"vineyard","name":null},"geometry":{"type":"MultiPolygon","coordinates":[[[[11.4236707,51.297621],[11.4233446,51.2976587],[11.4233499,51.2975924],[11.4234761,51.2975958],[11.4235539,51.2975538],[11.4236707,51.297621]]]]}},{"type":"Feature","properties":{"osm_id":"232337256","code":7216,"fclass":"vineyard","name":null},"geometry":{"type":"MultiPolygon","coordinates":[[[[11.6093329,51.3156333],[11.6096333,51.3155176],[11.6099847,51.3154405],[11.610489,51.3153265],[11.6107636,51.3152615],[11.610808,51.315251],[11.6111674,51.3152343],[11.6114192,51.3152985],[11.6116395,51.315417],[11.6118299,51.3154908],[11.6120123,51.3155243],[11.6122426,51.3155131],[11.6120897,51.3152197],[11.6117575,51.3146764],[11.6115134,51.3142657],[11.6111658,51.3137094],[11.610862,51.3132261],[11.6105635,51.3127518],[11.6104915,51.3126859],[11.6097326,51.3128352],[11.6085363,51.3130649],[11.6069806,51.3133851],[11.6059293,51.313603],[11.6059051,51.3136081],[11.6058192,51.3137237],[11.6059828,51.3140356],[11.6062296,51.3144413],[11.6067044,51.3152175],[11.6068519,51.3154539],[11.6072564,51.3153639],[11.6077558,51.3160809],[11.6080133,51.3160876],[11.6084714,51.3159657],[11.6090593,51.3158043],[11.6093329,51.3156333]]]]}},{"type":"Feature","properties":{"osm_id":"232422437","code":7216,"fclass":"vineyard","name":null},"geometry":{"type":"MultiPolygon","coordinates":[[[[11.7186812,51.2076902],[11.725013,51.2076495],[11.7270443,51.2079128],[11.7271548,51.2077879],[11.7261151,51.2074104],[11.7244957,51.2069218],[11.7241234,51.2074223],[11.721423,51.2066339],[11.7215187,51.2064479],[11.7201519,51.2058682],[11.7186812,51.2076902]]]]}},{"type":"Feature","properties":{"osm_id":"232695903","code":7216,"fclass":"vineyard","name":null},"geometry":{"type":"MultiPolygon","coordinates":[[[[11.6858965,51.2068633],[11.6870691,51.2069791],[11.6869533,51.2072699],[11.688466,51.2075623],[11.6878974,51.2089335],[11.6871512,51.2087186],[11.6872215,51.208537],[11.6862774,51.2083656],[11.6862076,51.2084933],[11.6852635,51.2081874],[11.6858965,51.2068633]]]]}},{"type":"Feature","properties":{"osm_id":"232698069","code":7216,"fclass":"vineyard","name":null},"geometry":{"type":"MultiPolygon","coordinates":[[[[11.6891634,51.2073608],[11.6899713,51.2079335],[11.6909873,51.2087657],[11.6915345,51.2094378],[11.692543,51.2097268],[11.6930274,51.209022],[11.6934474,51.2084108],[11.6929985,51.2081511],[11.6924711,51.2078461],[11.6921568,51.2076432],[11.6908511,51.2073487],[11.6894102,51.2070046],[11.6893136,51.2072533],[11.6891634,51.2073608]]]]}},{"type":"Feature","properties":{"osm_id":"232698073","code":7216,"fclass":"vineyard","name":null},"geometry":{"type":"MultiPolygon","coordinates":[[[[11.6885948,51.207623],[11.6893136,51.2078448],[11.6908908,51.2090748],[11.6905399,51.2097752],[11.6879511,51.2090076],[11.6884693,51.2076378],[11.6885948,51.207623]]]]}},{"type":"Feature","properties":{"osm_id":"234677784","code":7216,"fclass":"vineyard","name":null},"geometry":{"type":"MultiPolygon","coordinates":[[[[11.7297746,51.4901434],[11.7297049,51.4899162],[11.7302333,51.4898594],[11.7301905,51.4900865],[11.7297746,51.4901434]]]]}},{"type":"Feature","properties":{"osm_id":"234677786","code":7216,"fclass":"vineyard","name":null},"geometry":{"type":"MultiPolygon","coordinates":[[[[11.752163,51.4900983],[11.7521845,51.4902953],[11.7529757,51.4898978],[11.7529033,51.4897542],[11.752163,51.4900983]]]]}},{"type":"Feature","properties":{"osm_id":"234677788","code":7216,"fclass":"vineyard","name":null},"geometry":{"type":"MultiPolygon","coordinates":[[[[11.7514549,51.4908798],[11.7518224,51.490833],[11.7517688,51.4906628],[11.7514952,51.4906928],[11.7513932,51.4907496],[11.7514549,51.4908798]]]]}},{"type":"Feature","properties":{"osm_id":"234677790","code":7216,"fclass":"vineyard","name":null},"geometry":{"type":"MultiPolygon","coordinates":[[[[11.7523588,51.4909984],[11.7523965,51.4916664],[11.7518251,51.491628],[11.751589,51.4914392],[11.7515193,51.4911754],[11.7519432,51.4911286],[11.7519646,51.4910334],[11.7523588,51.4909984]]]]}},{"type":"Feature","properties":{"osm_id":"234677793","code":7216,"fclass":"vineyard","name":null},"geometry":{"type":"MultiPolygon","coordinates":[[[[11.7304827,51.4899847],[11.7302495,51.4898844],[11.7302173,51.4900915],[11.7303617,51.4900628],[11.7304827,51.4899847]]]]}},{"type":"Feature","properties":{"osm_id":"234677797","code":7216,"fclass":"vineyard","name":null},"geometry":{"type":"MultiPolygon","coordinates":[[[[11.73081,51.4903271],[11.730738,51.4903319],[11.7304371,51.4903521],[11.7305176,51.4905525],[11.730617,51.4905374],[11.7306358,51.4906126],[11.730558,51.4906393],[11.7305686,51.4907095],[11.7306544,51.4908998],[11.730845,51.4907963],[11.73081,51.4903271]]]]}},{"type":"Feature","properties":{"osm_id":"234677799","code":7216,"fclass":"vineyard","name":null},"geometry":{"type":"MultiPolygon","coordinates":[[[[11.7522274,51.4906076],[11.7522839,51.4908998],[11.7519431,51.4909299],[11.7518707,51.4906594],[11.7522274,51.4906076]]]]}},{"type":"Feature","properties":{"osm_id":"234677801","code":7216,"fclass":"vineyard","name":null},"geometry":{"type":"MultiPolygon","coordinates":[[[[11.7580183,51.4881092],[11.7584045,51.4882027],[11.7580639,51.488687],[11.7576374,51.4885801],[11.7580183,51.4881092]]]]}},{"type":"Feature","properties":{"osm_id":"234677802","code":7216,"fclass":"vineyard","name":null},"geometry":{"type":"MultiPolygon","coordinates":[[[[11.7529843,51.4899802],[11.7529893,51.4902969],[11.7523429,51.4905975],[11.7523159,51.4903421],[11.7529843,51.4899802]]]]}},{"type":"Feature","properties":{"osm_id":"234677803","code":7216,"fclass":"vineyard","name":null},"geometry":{"type":"MultiPolygon","coordinates":[[[[11.7413484,51.4869334],[11.7412545,51.4871504],[11.7410346,51.4870702],[11.7406698,51.48693],[11.7406238,51.486836],[11.7406109,51.4868097],[11.7407556,51.4867112],[11.740855,51.4867178],[11.7413484,51.4869334]]]]}},{"type":"Feature","properties":{"osm_id":"234677804","code":7216,"fclass":"vineyard","name":null},"geometry":{"type":"MultiPolygon","coordinates":[[[[11.7520799,51.4897508],[11.7523777,51.4899746],[11.7529303,51.4897274],[11.7528336,51.4893917],[11.7520799,51.4897508]]]]}},{"type":"Feature","properties":{"osm_id":"234677808","code":7216,"fclass":"vineyard","name":null},"geometry":{"type":"MultiPolygon","coordinates":[[[[11.7383309,51.4865709],[11.7389211,51.4864372],[11.7388834,51.4863704],[11.7386742,51.4862452],[11.7384784,51.4861784],[11.7382826,51.4861717],[11.738264,51.4862268],[11.7382048,51.4862335],[11.7383309,51.4865709]]]]}},{"type":"Feature","properties":{"osm_id":"234677811","code":7216,"fclass":"vineyard","name":null},"geometry":{"type":"MultiPolygon","coordinates":[[[[11.7315315,51.4898961],[11.7317702,51.4898243],[11.7317729,51.4898009],[11.7314859,51.4897959],[11.7315315,51.4898961]]]]}},{"type":"Feature","properties":{"osm_id":"234677821","code":7216,"fclass":"vineyard","name":null},"geometry":{"type":"MultiPolygon","coordinates":[[[[11.7514201,51.4904306],[11.7515087,51.4905758],[11.7515945,51.4905241],[11.7518465,51.4904557],[11.7520827,51.4903854],[11.7520289,51.4903137],[11.751817,51.4903755],[11.7517635,51.490322],[11.7514201,51.4904306]]]]}},{"type":"Feature","properties":{"osm_id":"234677825","code":7216,"fclass":"vineyard","name":null},"geometry":{"type":"MultiPolygon","coordinates":[[[[11.7274116,51.4879989],[11.7272481,51.4878719],[11.7276637,51.487724],[11.7277791,51.487877],[11.7278864,51.4880006],[11.7277067,51.4880557],[11.7276369,51.4881175],[11.7274116,51.4879989]]]]}},{"type":"Feature","properties":{"osm_id":"234677828","code":7216,"fclass":"vineyard","name":null},"geometry":{"type":"MultiPolygon","coordinates":[[[[11.7665316,51.4892999],[11.7662528,51.4895871],[11.7666952,51.4897375],[11.7669179,51.489527],[11.7668186,51.4895187],[11.7668696,51.4894469],[11.7665316,51.4892999]]]]}},{"type":"Feature","properties":{"osm_id":"234677831","code":7216,"fclass":"vineyard","name":null},"geometry":{"type":"MultiPolygon","coordinates":[[[[11.7314349,51.489831],[11.7307858,51.4901885],[11.7306517,51.4900849],[11.7311318,51.4897809],[11.7314377,51.4897775],[11.7314349,51.489831]]]]}},{"type":"Feature","properties":{"osm_id":"234677836","code":7216,"fclass":"vineyard","name":null},"geometry":{"type":"MultiPolygon","coordinates":[[[[11.7532413,51.4901818],[11.753971,51.4901299],[11.7540513,51.4900131],[11.7545342,51.4898811],[11.7543222,51.4894469],[11.7538341,51.4894769],[11.7533164,51.4892381],[11.7528981,51.4893049],[11.7532413,51.4901818]]]]}},{"type":"Feature","properties":{"osm_id":"234677842","code":7216,"fclass":"vineyard","name":null},"geometry":{"type":"MultiPolygon","coordinates":[[[[11.7605852,51.4908163],[11.7603062,51.4907329],[11.7602473,51.490823],[11.7605129,51.4908998],[11.7605852,51.4908163]]]]}},{"type":"Feature","properties":{"osm_id":"234677845","code":7216,"fclass":"vineyard","name":null},"geometry":{"type":"MultiPolygon","coordinates":[[[[11.7287071,51.4941646],[11.7291874,51.4942398],[11.7293401,51.4942181],[11.7294288,51.493981],[11.7293911,51.4939476],[11.7288117,51.4938524],[11.7286803,51.4941246],[11.7287071,51.4941646]]]]}},{"type":"Feature","properties":{"osm_id":"234677848","code":7216,"fclass":"vineyard","name":null},"geometry":{"type":"MultiPolygon","coordinates":[[[[11.7485422,51.4914843],[11.748451,51.4913707],[11.748805,51.4911269],[11.7489767,51.49102],[11.7492618,51.4909107],[11.7495695,51.4908146],[11.7496105,51.4908438],[11.7497009,51.4909532],[11.7485422,51.4914843]]]]}},{"type":"Feature","properties":{"osm_id":"234677850","code":7216,"fclass":"vineyard","name":null},"geometry":{"type":"MultiPolygon","coordinates":[[[[11.7529141,51.4916647],[11.7537348,51.4917181],[11.7540595,51.4917198],[11.7542605,51.4917014],[11.7548266,51.4914827],[11.7547701,51.4909499],[11.7546468,51.490287],[11.7545958,51.4899178],[11.7541076,51.4900582],[11.7540647,51.4901684],[11.7531581,51.4902369],[11.7530616,51.4903688],[11.7530081,51.4908982],[11.7529141,51.4916647]]]]}},{"type":"Feature","properties":{"osm_id":"234677852","code":7216,"fclass":"vineyard","name":null},"geometry":{"type":"MultiPolygon","coordinates":[[[[11.7320652,51.4895688],[11.7309897,51.4894118],[11.7307724,51.4894519],[11.7307402,51.4895471],[11.7313062,51.4896489],[11.7314269,51.4897041],[11.7319499,51.4897692],[11.7320652,51.4895688]]]]}},{"type":"Feature","properties":{"osm_id":"234677854","code":7216,"fclass":"vineyard","name":null},"geometry":{"type":"MultiPolygon","coordinates":[[[[11.7598905,51.4914092],[11.7606845,51.4915361],[11.7607381,51.4914075],[11.7607434,51.491304],[11.7607006,51.4912405],[11.7606227,51.4912071],[11.7605154,51.4912021],[11.7604645,51.4912388],[11.7599495,51.491147],[11.7598905,51.4914092]]]]}},{"type":"Feature","properties":{"osm_id":"234677858","code":7216,"fclass":"vineyard","name":null},"geometry":{"type":"MultiPolygon","coordinates":[[[[11.7483973,51.491354],[11.7482158,51.4911344],[11.7485708,51.4909676],[11.7494496,51.4906501],[11.7496266,51.4907002],[11.7495569,51.4907904],[11.7490687,51.4909207],[11.7487468,51.4910777],[11.7483973,51.491354]]]]}},{"type":"Feature","properties":{"osm_id":"234677860","code":7216,"fclass":"vineyard","name":null},"geometry":{"type":"MultiPolygon","coordinates":[[[[11.7516212,51.4898711],[11.751667,51.4899896],[11.7517743,51.4901232],[11.7518976,51.4902435],[11.751412,51.4904106],[11.7512484,51.4901701],[11.751463,51.4900966],[11.7513371,51.4900397],[11.7511948,51.4900883],[11.7511706,51.4900582],[11.7516212,51.4898711]]]]}},{"type":"Feature","properties":{"osm_id":"234677862","code":7216,"fclass":"vineyard","name":null},"geometry":{"type":"MultiPolygon","coordinates":[[[[11.7601667,51.4908815],[11.7600086,51.4911269],[11.7604673,51.4912004],[11.7604913,51.4911186],[11.7603599,51.4910952],[11.760411,51.4910251],[11.760537,51.4910501],[11.7605128,51.490985],[11.7601667,51.4908815]]]]}},{"type":"Feature","properties":{"osm_id":"234677866","code":7216,"fclass":"vineyard","name":null},"geometry":{"type":"MultiPolygon","coordinates":[[[[11.7304288,51.4903567],[11.7302438,51.4903718],[11.7300348,51.4903889],[11.7301877,51.4909149],[11.7303354,51.4908931],[11.7304084,51.4909491],[11.7306353,51.4909016],[11.7304288,51.4903567]]]]}},{"type":"Feature","properties":{"osm_id":"234677870","code":7216,"fclass":"vineyard","name":null},"geometry":{"type":"MultiPolygon","coordinates":[[[[11.7310836,51.4897809],[11.7308261,51.4897775],[11.7303755,51.4900983],[11.7303835,51.4901166],[11.730617,51.4900832],[11.7310836,51.4897809]]]]}},{"type":"Feature","properties":{"osm_id":"234677871","code":7216,"fclass":"vineyard","name":null},"geometry":{"type":"MultiPolygon","coordinates":[[[[11.7306464,51.4898711],[11.7305471,51.4899446],[11.7303755,51.4898427],[11.7304319,51.4898159],[11.7305553,51.4898143],[11.7306464,51.4898711]]]]}},{"type":"Feature","properties":{"osm_id":"234677873","code":7216,"fclass":"vineyard","name":null},"geometry":{"type":"MultiPolygon","coordinates":[[[[11.7653595,51.4893533],[11.7654616,51.4894135],[11.7657217,51.4892798],[11.7659576,51.4891078],[11.7657968,51.4890494],[11.7657351,51.4891512],[11.7653595,51.4893533]]]]}},{"type":"Feature","properties":{"osm_id":"234677877","code":7216,"fclass":"vineyard","name":null},"geometry":{"type":"MultiPolygon","coordinates":[[[[11.7617814,51.4908414],[11.7621623,51.4907847],[11.7621623,51.4907429],[11.7622912,51.4907211],[11.7623073,51.490828],[11.7622616,51.4909015],[11.7619316,51.4909483],[11.7617814,51.4908414]]]]}},{"type":"Feature","properties":{"osm_id":"234677878","code":7216,"fclass":"vineyard","name":null},"geometry":{"type":"MultiPolygon","coordinates":[[[[11.7620899,51.4903538],[11.762141,51.4907428],[11.7617037,51.4908113],[11.761677,51.4907796],[11.7616554,51.4906193],[11.7617735,51.4906042],[11.7618029,51.4904857],[11.7619264,51.4904606],[11.7619129,51.4903705],[11.7620899,51.4903538]]]]}},{"type":"Feature","properties":{"osm_id":"234677882","code":7216,"fclass":"vineyard","name":null},"geometry":{"type":"MultiPolygon","coordinates":[[[[11.7524286,51.491658],[11.752874,51.491663],[11.7528711,51.4909917],[11.7529114,51.4905893],[11.7523642,51.4906577],[11.7524286,51.491658]]]]}},{"type":"Feature","properties":{"osm_id":"234677884","code":7216,"fclass":"vineyard","name":null},"geometry":{"type":"MultiPolygon","coordinates":[[[[11.7606335,51.4902653],[11.7603359,51.4906894],[11.7606764,51.490788],[11.7607193,51.4907279],[11.761044,51.4909132],[11.761288,51.4906493],[11.7610465,51.4904406],[11.7610171,51.4903537],[11.7606335,51.4902653]]]]}},{"type":"Feature","properties":{"osm_id":"234677886","code":7216,"fclass":"vineyard","name":null},"geometry":{"type":"MultiPolygon","coordinates":[[[[11.7375182,51.4867714],[11.7368907,51.486783],[11.7368934,51.4869249],[11.7375209,51.4868799],[11.7375182,51.4867714]]]]}},{"type":"Feature","properties":{"osm_id":"234677888","code":7216,"fclass":"vineyard","name":null},"geometry":{"type":"MultiPolygon","coordinates":[[[[11.7597,51.4902352],[11.7592387,51.4906471],[11.7598092,51.4908652],[11.7601963,51.4904173],[11.7597,51.4902352]]]]}},{"type":"Feature","properties":{"osm_id":"234677889","code":7216,"fclass":"vineyard","name":null},"geometry":{"type":"MultiPolygon","coordinates":[[[[11.7501407,51.491309],[11.7499799,51.4913674],[11.749859,51.4913557],[11.7495561,51.4914609],[11.7495908,51.4915779],[11.7492609,51.4917649],[11.7493467,51.4918334],[11.7495748,51.4919219],[11.7497121,51.491861],[11.7497894,51.4918267],[11.7497303,51.4916797],[11.7497678,51.4916263],[11.7499718,51.491496],[11.7501515,51.4913858],[11.7501407,51.491309]]]]}},{"type":"Feature","properties":{"osm_id":"234677890","code":7216,"fclass":"vineyard","name":null},"geometry":{"type":"MultiPolygon","coordinates":[[[[11.7563285,51.488393],[11.7575061,51.4885767],[11.7572968,51.4888173],[11.7571816,51.4890343],[11.7571707,51.4893483],[11.7568784,51.4894118],[11.7565994,51.4896139],[11.756409,51.4891345],[11.7562401,51.4885133],[11.7563285,51.488393]]]]}},{"type":"Feature","properties":{"osm_id":"234677892","code":7216,"fclass":"vineyard","name":null},"geometry":{"type":"MultiPolygon","coordinates":[[[[11.7302655,51.4892882],[11.7301556,51.4895487],[11.73044,51.4895855],[11.7307161,51.4895354],[11.7307563,51.4894452],[11.7306826,51.4894285],[11.7307,51.4893531],[11.7302655,51.4892882]]]]}},{"type":"Feature","properties":{"osm_id":"234677893","code":7216,"fclass":"vineyard","name":null},"geometry":{"type":"MultiPolygon","coordinates":[[[[11.7382129,51.4867597],[11.73817,51.4866661],[11.737572,51.4867796],[11.7375852,51.4868766],[11.7382129,51.4867597]]]]}},{"type":"Feature","properties":{"osm_id":"234677895","code":7216,"fclass":"vineyard","name":null},"geometry":{"type":"MultiPolygon","coordinates":[[[[11.7511411,51.4911837],[11.751211,51.491334],[11.7515007,51.4913591],[11.7514041,51.4911236],[11.7511411,51.4911837]]]]}},{"type":"Feature","properties":{"osm_id":"234677897","code":7216,"fclass":"vineyard","name":null},"geometry":{"type":"MultiPolygon","coordinates":[[[[11.7534129,51.4891479],[11.7534721,51.4892164],[11.7537375,51.4893032],[11.7539442,51.4893032],[11.7541237,51.4892214],[11.7542739,51.4890094],[11.7543195,51.488844],[11.7542498,51.4886637],[11.7534183,51.4890478],[11.7534693,51.4891062],[11.7534129,51.4891479]]]]}},{"type":"Feature","properties":{"osm_id":"236011872","code":7216,"fclass":"vineyard","name":null},"geometry":{"type":"MultiPolygon","coordinates":[[[[11.7521821,51.1529487],[11.7528975,51.1526053],[11.7520936,51.1519544],[11.751584,51.1516785],[11.7512192,51.151914],[11.7511066,51.1520469],[11.7521821,51.1529487]]]]}},{"type":"Feature","properties":{"osm_id":"236011876","code":7216,"fclass":"vineyard","name":null},"geometry":{"type":"MultiPolygon","coordinates":[[[[11.761611,51.1582415],[11.7612079,51.1580148],[11.7606248,51.1584226],[11.7610279,51.1586493],[11.761611,51.1582415]]]]}},{"type":"Feature","properties":{"osm_id":"242402879","code":7216,"fclass":"vineyard","name":null},"geometry":{"type":"MultiPolygon","coordinates":[[[[11.7775851,51.2025023],[11.7776442,51.202383],[11.7789397,51.2025662],[11.7789048,51.2026737],[11.7788136,51.2026737],[11.7778426,51.2025578],[11.7775851,51.2025023]]]]}},{"type":"Feature","properties":{"osm_id":"253481618","code":7216,"fclass":"vineyard","name":null},"geometry":{"type":"MultiPolygon","coordinates":[[[[11.6172107,51.3143792],[11.6172968,51.3143611],[11.617227,51.3142907],[11.6171088,51.3139869],[11.6170337,51.3138897],[11.6167547,51.3138461],[11.6161593,51.31394],[11.6157837,51.3140305],[11.6154029,51.3141512],[11.6152366,51.3142921],[11.6151829,51.3144865],[11.6152044,51.3146207],[11.6154512,51.3147078],[11.6158213,51.3147715],[11.6161646,51.3147682],[11.6164221,51.3146709],[11.6166367,51.3144865],[11.6172107,51.3143792]]]]}},{"type":"Feature","properties":{"osm_id":"255442379","code":7216,"fclass":"vineyard","name":null},"geometry":{"type":"MultiPolygon","coordinates":[[[[11.8902004,51.1904526],[11.8907583,51.1906392],[11.8908951,51.1904694],[11.8911043,51.1905239],[11.8912706,51.1903131],[11.8915997,51.1899627],[11.8910231,51.1897384],[11.8907323,51.1901014],[11.8908334,51.1901491],[11.8907395,51.1902348],[11.8904525,51.1901584],[11.8902004,51.1904526]]]]}},{"type":"Feature","properties":{"osm_id":"255470590","code":7216,"fclass":"vineyard","name":null},"geometry":{"type":"MultiPolygon","coordinates":[[[[11.8564554,51.1846039],[11.8562476,51.1847149],[11.8560477,51.1845669],[11.8560894,51.1845572],[11.8560424,51.1845131],[11.8559887,51.1845013],[11.8559539,51.1844559],[11.8559767,51.1844399],[11.8558238,51.1843105],[11.855581,51.1843836],[11.8555274,51.1843164],[11.8558546,51.1841533],[11.8560363,51.1843172],[11.8561309,51.184392],[11.8562355,51.1844677],[11.8564554,51.1846039]]]]}},{"type":"Feature","properties":{"osm_id":"255470600","code":7216,"fclass":"vineyard","name":"Naumburger Weinbaugesellschaft 1835 Nr. 1"},"geometry":{"type":"MultiPolygon","coordinates":[[[[11.8558332,51.1836406],[11.8559755,51.1835991],[11.8561946,51.1837127],[11.8563662,51.1838357],[11.8566534,51.1840417],[11.8569801,51.1844133],[11.85667,51.1844828],[11.8564554,51.1842844],[11.856273,51.1841129],[11.8560558,51.1839297],[11.8559592,51.1838406],[11.8559956,51.1838242],[11.8559485,51.183775],[11.8558949,51.1837716],[11.8558332,51.1836406]]]]}},{"type":"Feature","properties":{"osm_id":"255470607","code":7216,"fclass":"vineyard","name":null},"geometry":{"type":"MultiPolygon","coordinates":[[[[11.8569785,51.1846997],[11.8571528,51.1846404],[11.857203,51.1847196],[11.8570348,51.1847619],[11.8569785,51.1846997]]]]}},{"type":"Feature","properties":{"osm_id":"258448908","code":7216,"fclass":"vineyard","name":null},"geometry":{"type":"MultiPolygon","coordinates":[[[[11.7025724,51.5025784],[11.7029473,51.5027456],[11.7029505,51.502744],[11.7037654,51.5023365],[11.7034274,51.5019959],[11.7026291,51.502285],[11.7025724,51.5025784]]]]}},{"type":"Feature","properties":{"osm_id":"258448909","code":7216,"fclass":"vineyard","name":null},"geometry":{"type":"MultiPolygon","coordinates":[[[[11.7078628,51.4988318],[11.7077618,51.4989087],[11.7076606,51.4990587],[11.7078772,51.4992226],[11.7081216,51.4990783],[11.7078628,51.4988318]]]]}},{"type":"Feature","properties":{"osm_id":"258448912","code":7216,"fclass":"vineyard","name":null},"geometry":{"type":"MultiPolygon","coordinates":[[[[11.7029505,51.502744],[11.7032504,51.5028124],[11.7038197,51.5028555],[11.7038405,51.5027272],[11.703699,51.5026635],[11.7039585,51.5026053],[11.7039692,51.5023883],[11.7037654,51.5023365],[11.7036715,51.5024718],[11.7034515,51.5025803],[11.7031645,51.5027673],[11.7029505,51.502744]]]]}},{"type":"Feature","properties":{"osm_id":"258448913","code":7216,"fclass":"vineyard","name":null},"geometry":{"type":"MultiPolygon","coordinates":[[[[11.7107874,51.5010559],[11.7109885,51.5009056],[11.7111683,51.5007637],[11.7107499,51.5005884],[11.7104449,51.5004657],[11.7103475,51.5004548],[11.7100686,51.500752],[11.7099706,51.5008833],[11.7100257,51.5010258],[11.7101705,51.5011527],[11.7103797,51.5011828],[11.7106533,51.501116],[11.7107874,51.5010559]]]]}},{"type":"Feature","properties":{"osm_id":"258448915","code":7216,"fclass":"vineyard","name":null},"geometry":{"type":"MultiPolygon","coordinates":[[[[11.70744,51.4994163],[11.70732,51.499568],[11.7077008,51.4997199],[11.7076096,51.4998718],[11.7077464,51.4999119],[11.7077116,51.4999987],[11.7079121,51.5000725],[11.7077464,51.5002459],[11.7079422,51.5003644],[11.7081615,51.5002161],[11.7083573,51.5003647],[11.7085806,51.5002442],[11.7084438,51.500129],[11.708199,51.5002077],[11.7082017,51.5001326],[11.7083493,51.5000591],[11.7082956,51.5000073],[11.708537,51.4998771],[11.7087362,51.5000271],[11.7088894,51.4999498],[11.7087949,51.499829],[11.7087092,51.4997456],[11.7086997,51.4997044],[11.7086809,51.4996733],[11.7086395,51.4996261],[11.7085551,51.4995385],[11.70825,51.4992318],[11.7081648,51.4993375],[11.7081917,51.4994026],[11.7080629,51.4995613],[11.7079851,51.4995329],[11.7079416,51.4995682],[11.70744,51.4994163]]]]}},{"type":"Feature","properties":{"osm_id":"258893183","code":7216,"fclass":"vineyard","name":null},"geometry":{"type":"MultiPolygon","coordinates":[[[[11.8343886,51.1798745],[11.8346139,51.1799804],[11.8351236,51.1796475],[11.8348956,51.1795231],[11.8343886,51.1798745]]]]}},{"type":"Feature","properties":{"osm_id":"258893186","code":7216,"fclass":"vineyard","name":null},"geometry":{"type":"MultiPolygon","coordinates":[[[[11.8352657,51.1800763],[11.8349707,51.1799149],[11.8354535,51.1796273],[11.8357083,51.1797803],[11.8352657,51.1800763]]]]}},{"type":"Feature","properties":{"osm_id":"260680967","code":7216,"fclass":"vineyard","name":"Klosterweinberg Memleben"},"geometry":{"type":"MultiPolygon","coordinates":[[[[11.496055,51.2820952],[11.4956956,51.2816842],[11.4961998,51.2813771],[11.4967021,51.2810909],[11.4970508,51.2814869],[11.4963614,51.2818627],[11.4961757,51.2819845],[11.496055,51.2820952]]]]}},{"type":"Feature","properties":{"osm_id":"261134147","code":7216,"fclass":"vineyard","name":"Schauweinberg"},"geometry":{"type":"MultiPolygon","coordinates":[[[[11.6342693,51.0850494],[11.6342089,51.0851383],[11.6339226,51.0850506],[11.6341539,51.084741],[11.6342472,51.0846619],[11.6344619,51.0847125],[11.6343417,51.0848607],[11.6344002,51.084886],[11.6342693,51.0850494]]]]}},{"type":"Feature","properties":{"osm_id":"261144954","code":7216,"fclass":"vineyard","name":null},"geometry":{"type":"MultiPolygon","coordinates":[[[[11.6146265,51.0875544],[11.614863,51.0876059],[11.6150613,51.0872504],[11.614842,51.0872033],[11.6146265,51.0875544]]]]}},{"type":"Feature","properties":{"osm_id":"261289529","code":7216,"fclass":"vineyard","name":null},"geometry":{"type":"MultiPolygon","coordinates":[[[[11.6220305,51.0887542],[11.6218427,51.0886296],[11.6217032,51.0887239],[11.6219044,51.088852],[11.6220305,51.0887542]]]]}},{"type":"Feature","properties":{"osm_id":"261289533","code":7216,"fclass":"vineyard","name":null},"geometry":{"type":"MultiPolygon","coordinates":[[[[11.624276,51.0898151],[11.6236943,51.0895112],[11.6231455,51.0899257],[11.6237272,51.0902296],[11.624276,51.0898151]]]]}},{"type":"Feature","properties":{"osm_id":"261289534","code":7216,"fclass":"vineyard","name":null},"geometry":{"type":"MultiPolygon","coordinates":[[[[11.6215919,51.089062],[11.6213703,51.0889358],[11.6215569,51.0888066],[11.6217784,51.0889327],[11.6215919,51.089062]]]]}},{"type":"Feature","properties":{"osm_id":"261289537","code":7216,"fclass":"vineyard","name":null},"geometry":{"type":"MultiPolygon","coordinates":[[[[11.6226049,51.0895349],[11.6224462,51.0894669],[11.6228027,51.089201],[11.6230309,51.0893203],[11.6232023,51.0891994],[11.6236798,51.0894959],[11.6232969,51.0897905],[11.623146,51.0897098],[11.6227681,51.0899639],[11.6223282,51.0897597],[11.6226049,51.0895349]]]]}},{"type":"Feature","properties":{"osm_id":"262606063","code":7216,"fclass":"vineyard","name":null},"geometry":{"type":"MultiPolygon","coordinates":[[[[11.6504404,51.1092883],[11.6511928,51.1095906],[11.6515616,51.1097547],[11.6518405,51.1094281],[11.6526004,51.1085782],[11.6525341,51.1084815],[11.6517036,51.1082571],[11.6512504,51.1088723],[11.6510279,51.1090524],[11.6507452,51.1089311],[11.6507059,51.1089262],[11.6504404,51.1092883]]]]}},{"type":"Feature","properties":{"osm_id":"263373231","code":7216,"fclass":"vineyard","name":null},"geometry":{"type":"MultiPolygon","coordinates":[[[[11.7049289,51.2272412],[11.7051548,51.2270079],[11.7049402,51.2269166],[11.7045647,51.2267385],[11.7053533,51.2260572],[11.7060346,51.2263824],[11.7062492,51.2261506],[11.7067427,51.2259121],[11.7066622,51.2258355],[11.7071826,51.22564],[11.7078048,51.2256299],[11.7078048,51.2255761],[11.7080301,51.2255735],[11.7080462,51.22564],[11.7085612,51.2257273],[11.7087704,51.2258617],[11.7093981,51.2259759],[11.7095689,51.225969],[11.7094303,51.2258785],[11.7089153,51.2256474],[11.709103,51.2256669],[11.7095215,51.2258516],[11.7096862,51.2259642],[11.7097018,51.2258464],[11.7094678,51.2242726],[11.7084647,51.224323],[11.7084003,51.2242659],[11.7081321,51.2242794],[11.7081911,51.224827],[11.7075634,51.2248841],[11.7076117,51.2250789],[11.7069358,51.2252839],[11.706689,51.2253578],[11.7060078,51.2246456],[11.7053318,51.2249278],[11.7045486,51.2255896],[11.704951,51.2258086],[11.7038824,51.2268671],[11.7049289,51.2272412]]]]}},{"type":"Feature","properties":{"osm_id":"263373232","code":7216,"fclass":"vineyard","name":"Weinlage Weischützer Nüssenberg"},"geometry":{"type":"MultiPolygon","coordinates":[[[[11.6978214,51.2277342],[11.6979826,51.2280184],[11.6984989,51.2283243],[11.6994672,51.2287093],[11.699976,51.2289669],[11.7007577,51.2290623],[11.7010542,51.2290717],[11.7013277,51.2290505],[11.7017852,51.2290918],[11.7021507,51.2291673],[11.70236,51.2291472],[11.7024458,51.2288213],[11.7023546,51.2285633],[11.7026014,51.2283342],[11.7034328,51.2287111],[11.7038405,51.2283443],[11.7028535,51.227968],[11.7033685,51.2274272],[11.7041892,51.2277201],[11.7043341,51.2275824],[11.7035562,51.2272659],[11.7036206,51.2272129],[11.7055235,51.2278334],[11.7060131,51.227663],[11.7049736,51.2273454],[11.7042102,51.2270813],[11.7038352,51.2269139],[11.7028481,51.2265168],[11.701904,51.227313],[11.7014291,51.2279141],[11.7013568,51.2280057],[11.6994095,51.2270886],[11.6992003,51.2270677],[11.6989536,51.2271081],[11.6983527,51.2274037],[11.6978214,51.2277342]]]]}},{"type":"Feature","properties":{"osm_id":"264393045","code":7216,"fclass":"vineyard","name":null},"geometry":{"type":"MultiPolygon","coordinates":[[[[11.3896045,51.0149],[11.390198,51.0129307],[11.3903924,51.0122858],[11.3904093,51.0122435],[11.3904763,51.0122365],[11.3956663,51.0132055],[11.395357,51.0144718],[11.3948765,51.0161352],[11.3915135,51.015219],[11.3896045,51.0149]]]]}},{"type":"Feature","properties":{"osm_id":"264816340","code":7216,"fclass":"vineyard","name":null},"geometry":{"type":"MultiPolygon","coordinates":[[[[11.8478215,51.1187075],[11.8475586,51.1181772],[11.8480146,51.1180459],[11.8482122,51.1184531],[11.8478215,51.1187075]]]]}},{"type":"Feature","properties":{"osm_id":"267944882","code":7216,"fclass":"vineyard","name":null},"geometry":{"type":"MultiPolygon","coordinates":[[[[11.8716662,51.1605441],[11.8716609,51.1605912],[11.8717951,51.1606035],[11.8718835,51.1603324],[11.8717628,51.1603271],[11.8716662,51.1603473],[11.8714597,51.1603187],[11.8714061,51.1603288],[11.8711164,51.1605239],[11.8713819,51.160497],[11.8714463,51.1604802],[11.8715584,51.1604769],[11.8715611,51.1605341],[11.8716662,51.1605441]]]]}},{"type":"Feature","properties":{"osm_id":"268852847","code":7216,"fclass":"vineyard","name":null},"geometry":{"type":"MultiPolygon","coordinates":[[[[11.6297525,51.1079428],[11.6289934,51.1080893],[11.6289642,51.108085],[11.6287116,51.1083184],[11.6285024,51.1085475],[11.6285931,51.1084855],[11.6287278,51.1084596],[11.6298823,51.108413],[11.6299701,51.1083187],[11.6297525,51.1079428]]]]}},{"type":"Feature","properties":{"osm_id":"269633091","code":7216,"fclass":"vineyard","name":null},"geometry":{"type":"MultiPolygon","coordinates":[[[[11.9918256,51.2246178],[11.991933,51.2245342],[11.9922145,51.2246033],[11.9922523,51.2245669],[11.9932913,51.2248432],[11.9933348,51.2248123],[11.9941591,51.2250486],[11.9937499,51.2253322],[11.9930098,51.2250086],[11.9930649,51.2249395],[11.9925106,51.2247578],[11.992261,51.2247033],[11.9922058,51.2247196],[11.9918256,51.2246178]]]]}},{"type":"Feature","properties":{"osm_id":"269634282","code":7216,"fclass":"vineyard","name":null},"geometry":{"type":"MultiPolygon","coordinates":[[[[11.9943248,51.225638],[11.9947956,51.2253207],[11.9952844,51.2255484],[11.995195,51.2256118],[11.9954931,51.2257537],[11.9955586,51.2257275],[11.996411,51.2261718],[11.9958745,51.2265338],[11.9952546,51.2261606],[11.9953142,51.2261195],[11.9948374,51.2258694],[11.9947658,51.225903],[11.9943248,51.225638]]]]}},{"type":"Feature","properties":{"osm_id":"269634283","code":7216,"fclass":"vineyard","name":null},"geometry":{"type":"MultiPolygon","coordinates":[[[[11.9982855,51.2276782],[11.9980893,51.2277064],[11.9980787,51.2275793],[11.9981526,51.2274985],[11.9982667,51.2274259],[11.9985052,51.2271982],[11.9986363,51.2271665],[11.9988526,51.2271433],[11.9989143,51.2271962],[11.9994293,51.2274213],[12.0000181,51.227643],[12.0007164,51.2279663],[12.0009059,51.2281385],[12.0017057,51.2285507],[12.0016402,51.2286],[12.0017776,51.2286614],[12.0018001,51.2286326],[12.0020659,51.2287742],[12.0027982,51.2292605],[12.003393,51.2297234],[12.0029191,51.2299996],[12.000809,51.2287921],[12.0008567,51.2287473],[12.0001086,51.2284132],[11.9989165,51.2278869],[11.9989373,51.2278608],[11.9984545,51.2276517],[11.9983889,51.227704],[11.9982855,51.2276782]]]]}},{"type":"Feature","properties":{"osm_id":"269634284","code":7216,"fclass":"vineyard","name":null},"geometry":{"type":"MultiPolygon","coordinates":[[[[11.9970869,51.2264764],[11.9982207,51.2271073],[11.9976221,51.2274583],[11.9970489,51.2272155],[11.9964293,51.2269014],[11.9970869,51.2264764]]]]}},{"type":"Feature","properties":{"osm_id":"283189663","code":7216,"fclass":"vineyard","name":null},"geometry":{"type":"MultiPolygon","coordinates":[[[[11.3679084,51.0129015],[11.3664846,51.0127421],[11.3665567,51.0126334],[11.3674055,51.0100134],[11.3712687,51.010413],[11.3711093,51.010724],[11.3709316,51.0110599],[11.370832,51.0112952],[11.3708609,51.01143],[11.3707688,51.0119029],[11.3706934,51.012085],[11.3703301,51.0125716],[11.3703044,51.0126525],[11.370338,51.0128694],[11.3703115,51.0131103],[11.3679084,51.0129015]]]]}},{"type":"Feature","properties":{"osm_id":"293434398","code":7216,"fclass":"vineyard","name":null},"geometry":{"type":"MultiPolygon","coordinates":[[[[11.7073809,51.5007103],[11.7067935,51.5002695],[11.707102,51.5001126],[11.707605,51.5004474],[11.7078369,51.5003179],[11.7081534,51.500535],[11.7079201,51.5006903],[11.707684,51.5008756],[11.7073809,51.5007103]]]]}},{"type":"Feature","properties":{"osm_id":"293434400","code":7216,"fclass":"vineyard","name":null},"geometry":{"type":"MultiPolygon","coordinates":[[[[11.7072066,51.501076],[11.706764,51.5007103],[11.7064797,51.5008606],[11.7068713,51.5012363],[11.7072066,51.501076]]]]}},{"type":"Feature","properties":{"osm_id":"296561690","code":7216,"fclass":"vineyard","name":null},"geometry":{"type":"MultiPolygon","coordinates":[[[[11.676232,51.2524276],[11.676055,51.2523487],[11.6761837,51.2522413],[11.6762186,51.252253],[11.6762803,51.2522245],[11.6763607,51.2522564],[11.6763098,51.2522933],[11.6763661,51.2523252],[11.676232,51.2524276]]]]}},{"type":"Feature","properties":{"osm_id":"296561693","code":7216,"fclass":"vineyard","name":null},"geometry":{"type":"MultiPolygon","coordinates":[[[[11.6817064,51.247653],[11.6815401,51.2476093],[11.6816206,51.2474784],[11.6817842,51.2475186],[11.6817064,51.247653]]]]}},{"type":"Feature","properties":{"osm_id":"299351721","code":7216,"fclass":"vineyard","name":null},"geometry":{"type":"MultiPolygon","coordinates":[[[[11.84007,51.6275133],[11.8411171,51.6268643],[11.8434083,51.6247407],[11.8456109,51.6256767],[11.8457927,51.6258611],[11.8424786,51.6270621],[11.8423773,51.627112],[11.8412286,51.6275232],[11.8403435,51.6277547],[11.84007,51.6275133]]]]}},{"type":"Feature","properties":{"osm_id":"306430138","code":7216,"fclass":"vineyard","name":null},"geometry":{"type":"MultiPolygon","coordinates":[[[[11.7261003,51.4951516],[11.7261147,51.4947989],[11.7261539,51.4947425],[11.726465,51.4947475],[11.7263443,51.4951683],[11.7261003,51.4951516]]]]}},{"type":"Feature","properties":{"osm_id":"306430140","code":7216,"fclass":"vineyard","name":null},"geometry":{"type":"MultiPolygon","coordinates":[[[[11.7254056,51.4948477],[11.7258117,51.4948623],[11.7259152,51.4948661],[11.7259635,51.4950564],[11.7260305,51.4950698],[11.7261174,51.4952781],[11.7257382,51.4953169],[11.7252752,51.4953015],[11.7253653,51.4950331],[11.7254056,51.4948477]]]]}},{"type":"Feature","properties":{"osm_id":"306430147","code":7216,"fclass":"vineyard","name":null},"geometry":{"type":"MultiPolygon","coordinates":[[[[11.7254056,51.4948477],[11.725478,51.4945905],[11.7257569,51.4946056],[11.7258059,51.4948354],[11.7258117,51.4948623],[11.7254056,51.4948477]]]]}},{"type":"Feature","properties":{"osm_id":"307194503","code":7216,"fclass":"vineyard","name":null},"geometry":{"type":"MultiPolygon","coordinates":[[[[12.0133782,51.0147604],[12.014388,51.0140937],[12.0153804,51.0132229],[12.0161958,51.0122948],[12.0156151,51.0120165],[12.0152235,51.0116487],[12.014114,51.0124498],[12.0139522,51.0125667],[12.0135136,51.0132769],[12.012654,51.014001],[12.0133782,51.0147604]]]]}},{"type":"Feature","properties":{"osm_id":"308845056","code":7216,"fclass":"vineyard","name":null},"geometry":{"type":"MultiPolygon","coordinates":[[[[11.7272641,51.1505747],[11.7272269,51.1506201],[11.7269533,51.150716],[11.726658,51.1506387],[11.7267787,51.1504687],[11.7272027,51.1505444],[11.7273261,51.1503559],[11.7274028,51.150368],[11.7272966,51.1505769],[11.7272641,51.1505747]]]]}},{"type":"Feature","properties":{"osm_id":"312413638","code":7216,"fclass":"vineyard","name":null},"geometry":{"type":"MultiPolygon","coordinates":[[[[12.0682342,51.0347016],[12.0706868,51.0348503],[12.0722103,51.0348166],[12.0739025,51.0346681],[12.0746865,51.0331802],[12.0735077,51.033488],[12.0727541,51.0336784],[12.0711696,51.0336095],[12.0710279,51.0335245],[12.071131,51.0333989],[12.0713628,51.0334192],[12.0714852,51.0335083],[12.072767,51.0335771],[12.0728636,51.033488],[12.0733532,51.0332855],[12.0734111,51.0331356],[12.0729925,51.0329412],[12.0718975,51.0326901],[12.0708411,51.032524],[12.0700875,51.0322445],[12.0697865,51.0324927],[12.06961,51.0328118],[12.0690713,51.0336895],[12.0682342,51.0347016]]]]}},{"type":"Feature","properties":{"osm_id":"313085125","code":7216,"fclass":"vineyard","name":null},"geometry":{"type":"MultiPolygon","coordinates":[[[[11.7426923,51.1509163],[11.7426172,51.1508187],[11.7431579,51.1507215],[11.7434889,51.1506757],[11.7435104,51.1507682],[11.7432153,51.1508036],[11.7426923,51.1509163]]]]}},{"type":"Feature","properties":{"osm_id":"318056983","code":7216,"fclass":"vineyard","name":"MONS OMNIUM SANCTORUM"},"geometry":{"type":"MultiPolygon","coordinates":[[[[11.7469233,51.1495014],[11.7473164,51.1494996],[11.7473459,51.1494697],[11.7476517,51.1494747],[11.7477134,51.1493956],[11.7478851,51.149404],[11.7479038,51.1494676],[11.747995,51.149473],[11.748046,51.1495551],[11.7481533,51.1495942],[11.7481962,51.1495084],[11.7482284,51.1494781],[11.7487222,51.1496313],[11.7485968,51.1497946],[11.7480266,51.149645],[11.7479647,51.1495803],[11.7472633,51.1495544],[11.7469313,51.1495512],[11.7469233,51.1495014]]]]}},{"type":"Feature","properties":{"osm_id":"325092171","code":7216,"fclass":"vineyard","name":null},"geometry":{"type":"MultiPolygon","coordinates":[[[[11.6359687,51.2682039],[11.6364247,51.2682794],[11.6364756,51.2682089],[11.6359928,51.2681334],[11.6359687,51.2682039]]]]}},{"type":"Feature","properties":{"osm_id":"325092173","code":7216,"fclass":"vineyard","name":null},"geometry":{"type":"MultiPolygon","coordinates":[[[[11.6346383,51.2679471],[11.6340724,51.267833],[11.6341314,51.2677659],[11.6346705,51.2679068],[11.6346383,51.2679471]]]]}},{"type":"Feature","properties":{"osm_id":"333464787","code":7216,"fclass":"vineyard","name":null},"geometry":{"type":"MultiPolygon","coordinates":[[[[11.6682397,51.0058159],[11.6681891,51.005853],[11.6681436,51.0058568],[11.6681189,51.0058593],[11.6680765,51.0058297],[11.66806,51.0058377],[11.6679271,51.0057403],[11.6679217,51.0056854],[11.6679518,51.0056684],[11.6679436,51.0056557],[11.6678874,51.0056221],[11.6679463,51.0055912],[11.6679992,51.0056362],[11.6681225,51.0057331],[11.6682397,51.0058159]]]]}},{"type":"Feature","properties":{"osm_id":"333464793","code":7216,"fclass":"vineyard","name":null},"geometry":{"type":"MultiPolygon","coordinates":[[[[11.6667425,51.0049444],[11.6667981,51.0048908],[11.6668538,51.0048846],[11.6669007,51.0048881],[11.6671887,51.0049883],[11.6672215,51.0050104],[11.667252,51.0050279],[11.6672951,51.0050543],[11.6674028,51.0051556],[11.6675069,51.0052412],[11.6675953,51.0053126],[11.6675199,51.0053522],[11.667641,51.0054476],[11.6678101,51.0055403],[11.6676535,51.0055921],[11.6673452,51.0053508],[11.6672972,51.0053185],[11.6670999,51.0051393],[11.6671328,51.0051158],[11.6670001,51.005043],[11.6668204,51.0049799],[11.6667425,51.0049444]]]]}},{"type":"Feature","properties":{"osm_id":"333464800","code":7216,"fclass":"vineyard","name":null},"geometry":{"type":"MultiPolygon","coordinates":[[[[11.6690023,51.0065614],[11.6691408,51.0066252],[11.6693105,51.0067159],[11.6692123,51.0067808],[11.6689256,51.0066058],[11.6690023,51.0065614]]]]}},{"type":"Feature","properties":{"osm_id":"333464803","code":7216,"fclass":"vineyard","name":null},"geometry":{"type":"MultiPolygon","coordinates":[[[[11.6682062,51.0064977],[11.6681241,51.0064406],[11.6683636,51.0063463],[11.6683852,51.0063717],[11.6684299,51.0063524],[11.6684697,51.0063937],[11.6682062,51.0064977]]]]}},{"type":"Feature","properties":{"osm_id":"333464804","code":7216,"fclass":"vineyard","name":null},"geometry":{"type":"MultiPolygon","coordinates":[[[[11.6685145,51.0061461],[11.6685747,51.0061208],[11.6683749,51.0059276],[11.6683402,51.0059359],[11.6683664,51.0060024],[11.6684582,51.0061116],[11.6685145,51.0061461]]]]}},{"type":"Feature","properties":{"osm_id":"350753827","code":7216,"fclass":"vineyard","name":null},"geometry":{"type":"MultiPolygon","coordinates":[[[[11.7407003,51.5000768],[11.7411232,51.4997219],[11.7410129,51.4996635],[11.7406511,51.4995199],[11.740804,51.4993195],[11.7409462,51.4993479],[11.7410964,51.4991825],[11.7412581,51.4992434],[11.7416489,51.499099],[11.7419555,51.4989763],[11.742326,51.4990736],[11.7410815,51.5001857],[11.7407003,51.5000768]]]]}},{"type":"Feature","properties":{"osm_id":"353193338","code":7216,"fclass":"vineyard","name":null},"geometry":{"type":"MultiPolygon","coordinates":[[[[11.7456233,51.4955401],[11.7451733,51.4953619],[11.7449105,51.4953987],[11.7447013,51.4954855],[11.7446315,51.4955356],[11.7446154,51.4956692],[11.7446691,51.4957894],[11.7446315,51.4958996],[11.7443909,51.4961075],[11.7443802,51.4962044],[11.7442399,51.4964474],[11.7440422,51.4964048],[11.743951,51.4964449],[11.7439189,51.4966085],[11.7439618,51.4966553],[11.7441809,51.4967713],[11.7441442,51.4969658],[11.7440951,51.4971153],[11.7438759,51.4971395],[11.7436506,51.4971195],[11.743538,51.4972096],[11.7434138,51.4973056],[11.743305,51.4972652],[11.7430475,51.497489],[11.7430758,51.4974944],[11.7431858,51.4974577],[11.7433843,51.4975579],[11.7429793,51.4978134],[11.7426735,51.4977532],[11.7425394,51.4978467],[11.7428728,51.4979744],[11.7433038,51.4981724],[11.7443606,51.4970987],[11.7448005,51.4966662],[11.7452216,51.4961268],[11.7456233,51.4955401]]]]}},{"type":"Feature","properties":{"osm_id":"353193343","code":7216,"fclass":"vineyard","name":null},"geometry":{"type":"MultiPolygon","coordinates":[[[[11.7468148,51.4938107],[11.7471044,51.4934036],[11.7468397,51.4932408],[11.7467539,51.4933246],[11.7465206,51.4935292],[11.7464661,51.4937054],[11.7467736,51.4938483],[11.7468148,51.4938107]]]]}},{"type":"Feature","properties":{"osm_id":"353193346","code":7216,"fclass":"vineyard","name":null},"geometry":{"type":"MultiPolygon","coordinates":[[[[11.7473271,51.4931828],[11.7469527,51.4929102],[11.7468202,51.4928137],[11.7463113,51.4923651],[11.7467686,51.4921769],[11.7475141,51.4928538],[11.7475724,51.4929068],[11.7473271,51.4931828]]]]}},{"type":"Feature","properties":{"osm_id":"353194682","code":7216,"fclass":"vineyard","name":null},"geometry":{"type":"MultiPolygon","coordinates":[[[[11.7563447,51.4899964],[11.7559424,51.4900198],[11.7556351,51.4897104],[11.7560485,51.4894178],[11.7563259,51.4892215],[11.7564908,51.4895835],[11.7565256,51.4897772],[11.7564398,51.4899843],[11.7563447,51.4899964]]]]}},{"type":"Feature","properties":{"osm_id":"353286246","code":7216,"fclass":"vineyard","name":null},"geometry":{"type":"MultiPolygon","coordinates":[[[[11.7117156,51.4973691],[11.7118068,51.4976095],[11.7116418,51.4980348],[11.7108921,51.4980487],[11.7106373,51.4978516],[11.7104362,51.4976496],[11.7117156,51.4973691]]]]}},{"type":"Feature","properties":{"osm_id":"357420115","code":7216,"fclass":"vineyard","name":null},"geometry":{"type":"MultiPolygon","coordinates":[[[[12.033436,51.0297024],[12.0349825,51.0299738],[12.0349329,51.0301197],[12.0344349,51.0314813],[12.0333887,51.0312665],[12.0334055,51.0310356],[12.0336615,51.0310292],[12.0336884,51.0306479],[12.0332371,51.0306246],[12.0331899,51.0309466],[12.032715,51.030936],[12.0322891,51.0309078],[12.0323143,51.0308017],[12.0323089,51.0306836],[12.0322462,51.0305536],[12.0320514,51.0304272],[12.0320308,51.030294],[12.03262,51.0299738],[12.0331726,51.0297963],[12.033436,51.0297024]]]]}},{"type":"Feature","properties":{"osm_id":"370400484","code":7216,"fclass":"vineyard","name":"MONS OMNIUM SANCTORIUM"},"geometry":{"type":"MultiPolygon","coordinates":[[[[11.7492127,51.1503123],[11.7492674,51.1502425],[11.7494192,51.1502147],[11.7495023,51.1502181],[11.7496986,51.150417],[11.7499637,51.1505109],[11.7502721,51.1505092],[11.7501085,51.1506303],[11.7496552,51.1504688],[11.7492127,51.1503123]]]]}},{"type":"Feature","properties":{"osm_id":"386201665","code":7216,"fclass":"vineyard","name":null},"geometry":{"type":"MultiPolygon","coordinates":[[[[11.6777654,51.2514423],[11.6782751,51.2517126],[11.6782241,51.2519409],[11.677703,51.2516898],[11.677583,51.251632],[11.6777654,51.2514423]]]]}},{"type":"Feature","properties":{"osm_id":"387671649","code":7216,"fclass":"vineyard","name":"Pappelgrund Ehring"},"geometry":{"type":"MultiPolygon","coordinates":[[[[11.6163109,51.5391208],[11.616175,51.5391288],[11.6158981,51.5391352],[11.6155742,51.5392289],[11.6152309,51.5393824],[11.6152731,51.5395073],[11.6155556,51.5394706],[11.6157828,51.5394623],[11.6159941,51.5394898],[11.6162073,51.5394823],[11.6162395,51.5393388],[11.6163109,51.5391208]]]]}},{"type":"Feature","properties":{"osm_id":"390599634","code":7216,"fclass":"vineyard","name":null},"geometry":{"type":"MultiPolygon","coordinates":[[[[11.7425886,51.4888998],[11.7432407,51.4890185],[11.7431857,51.4891129],[11.7429027,51.4890436],[11.7425591,51.4890221],[11.7425886,51.4888998]]]]}},{"type":"Feature","properties":{"osm_id":"390599636","code":7216,"fclass":"vineyard","name":null},"geometry":{"type":"MultiPolygon","coordinates":[[[[11.7454884,51.4896716],[11.7455501,51.4894661],[11.7458102,51.4895096],[11.7460195,51.4895563],[11.746049,51.4896582],[11.7457915,51.4897083],[11.7454884,51.4896716]]]]}},{"type":"Feature","properties":{"osm_id":"390599637","code":7216,"fclass":"vineyard","name":null},"geometry":{"type":"MultiPolygon","coordinates":[[[[11.7301779,51.4940603],[11.7300841,51.4943605],[11.7300482,51.4944753],[11.7305981,51.4945338],[11.7307197,51.4941922],[11.7305641,51.494127],[11.7302642,51.4940787],[11.7301779,51.4940603]]]]}},{"type":"Feature","properties":{"osm_id":"390599638","code":7216,"fclass":"vineyard","name":null},"geometry":{"type":"MultiPolygon","coordinates":[[[[11.7310085,51.494477],[11.730991,51.4945177],[11.7316816,51.4945306],[11.7317492,51.4942801],[11.7317864,51.4940845],[11.7316469,51.4941613],[11.7314975,51.4942022],[11.7312473,51.4942264],[11.731022,51.4942732],[11.7310085,51.494477]]]]}},{"type":"Feature","properties":{"osm_id":"390599639","code":7216,"fclass":"vineyard","name":null},"geometry":{"type":"MultiPolygon","coordinates":[[[[11.729965,51.4924007],[11.7298672,51.4922969],[11.730067,51.4922092],[11.7299383,51.4921207],[11.7297988,51.4921775],[11.7297156,51.4921223],[11.7294127,51.4922876],[11.7296904,51.492515],[11.729965,51.4924007]]]]}},{"type":"Feature","properties":{"osm_id":"390599640","code":7216,"fclass":"vineyard","name":null},"geometry":{"type":"MultiPolygon","coordinates":[[[[11.7449356,51.4895637],[11.7448862,51.489669],[11.745306,51.4897751],[11.7453972,51.4896398],[11.7452645,51.4895871],[11.7450513,51.489545],[11.7449356,51.4895637]]]]}},{"type":"Feature","properties":{"osm_id":"390599644","code":7216,"fclass":"vineyard","name":null},"geometry":{"type":"MultiPolygon","coordinates":[[[[11.7313867,51.4914877],[11.7312552,51.4917666],[11.7310889,51.4917332],[11.7311721,51.4915061],[11.7308368,51.4914777],[11.7308717,51.4914059],[11.7313867,51.4914877]]]]}},{"type":"Feature","properties":{"osm_id":"390599645","code":7216,"fclass":"vineyard","name":null},"geometry":{"type":"MultiPolygon","coordinates":[[[[11.7317327,51.4911704],[11.7314966,51.4911337],[11.7314403,51.4912155],[11.7313303,51.4912122],[11.7312794,51.4913191],[11.7311372,51.4912773],[11.7311023,51.4913441],[11.7313665,51.4913884],[11.7315047,51.4912456],[11.7317032,51.4912673],[11.7317327,51.4911704]]]]}},{"type":"Feature","properties":{"osm_id":"390599646","code":7216,"fclass":"vineyard","name":null},"geometry":{"type":"MultiPolygon","coordinates":[[[[11.7428395,51.4898074],[11.7433386,51.4897242],[11.7435357,51.4894544],[11.7431642,51.4893567],[11.7430219,51.4895201],[11.7428395,51.4898074]]]]}},{"type":"Feature","properties":{"osm_id":"390600829","code":7216,"fclass":"vineyard","name":null},"geometry":{"type":"MultiPolygon","coordinates":[[[[11.7412626,51.4964291],[11.7425554,51.4966679],[11.7424803,51.4968265],[11.7411861,51.4966103],[11.7412626,51.4964291]]]]}},{"type":"Feature","properties":{"osm_id":"390600834","code":7216,"fclass":"vineyard","name":null},"geometry":{"type":"MultiPolygon","coordinates":[[[[11.7444571,51.4899763],[11.7443444,51.4899312],[11.7445161,51.4897776],[11.7446421,51.4898277],[11.7444571,51.4899763]]]]}},{"type":"Feature","properties":{"osm_id":"390601513","code":7216,"fclass":"vineyard","name":null},"geometry":{"type":"MultiPolygon","coordinates":[[[[11.7495238,51.4919537],[11.7491858,51.4921841],[11.7486306,51.4923127],[11.74796,51.4925465],[11.7475141,51.4928538],[11.7471528,51.4924897],[11.747641,51.4922993],[11.7471528,51.4917949],[11.7478393,51.4913508],[11.7482158,51.4911344],[11.7483973,51.491354],[11.748451,51.4913707],[11.7485422,51.4914843],[11.7487307,51.4916521],[11.748779,51.4916922],[11.7490142,51.4917615],[11.7492449,51.4917649],[11.7492609,51.4917649],[11.7493467,51.4918334],[11.7495761,51.4919295],[11.7495238,51.4919537]]]]}},{"type":"Feature","properties":{"osm_id":"390601516","code":7216,"fclass":"vineyard","name":null},"geometry":{"type":"MultiPolygon","coordinates":[[[[11.7497947,51.4922426],[11.7498296,51.4921857],[11.7498726,51.4920321],[11.7498143,51.491823],[11.7497894,51.4918267],[11.7493467,51.4922192],[11.7497947,51.4922426]]]]}},{"type":"Feature","properties":{"osm_id":"390601518","code":7216,"fclass":"vineyard","name":null},"geometry":{"type":"MultiPolygon","coordinates":[[[[11.7408938,51.5003956],[11.7406363,51.5003789],[11.7405263,51.5006661],[11.7406068,51.5006878],[11.7408938,51.5003956]]]]}},{"type":"Feature","properties":{"osm_id":"390601519","code":7216,"fclass":"vineyard","name":null},"geometry":{"type":"MultiPolygon","coordinates":[[[[11.7459673,51.4950981],[11.7462781,51.494606],[11.7456086,51.494461],[11.7453887,51.4944544],[11.7452699,51.4946773],[11.7454316,51.4948084],[11.7459673,51.4950981]]]]}},{"type":"Feature","properties":{"osm_id":"390604246","code":7216,"fclass":"vineyard","name":null},"geometry":{"type":"MultiPolygon","coordinates":[[[[11.7646863,51.4902853],[11.7644449,51.490297],[11.7642518,51.4903788],[11.7645575,51.4906611],[11.7647583,51.4908854],[11.765036,51.4908958],[11.7650366,51.4907915],[11.7648731,51.4908085],[11.7647856,51.4906176],[11.7649786,51.4905809],[11.7646863,51.4902853]]]]}},{"type":"Feature","properties":{"osm_id":"390604252","code":7216,"fclass":"vineyard","name":null},"geometry":{"type":"MultiPolygon","coordinates":[[[[11.7609205,51.4914677],[11.7615535,51.4912606],[11.7616903,51.4913525],[11.7615535,51.4915479],[11.761363,51.4919386],[11.7610586,51.4917474],[11.7608159,51.4916364],[11.7609205,51.4914677]]]]}},{"type":"Feature","properties":{"osm_id":"390604254","code":7216,"fclass":"vineyard","name":null},"geometry":{"type":"MultiPolygon","coordinates":[[[[11.758663,51.4894933],[11.7591676,51.4893025],[11.7592857,51.489401],[11.7595686,51.4892565],[11.759338,51.4890645],[11.7591114,51.4891729],[11.7590242,51.4890959],[11.758445,51.4893252],[11.758663,51.4894933]]]]}},{"type":"Feature","properties":{"osm_id":"390604255","code":7216,"fclass":"vineyard","name":null},"geometry":{"type":"MultiPolygon","coordinates":[[[[11.7665156,51.4899763],[11.7662742,51.4901083],[11.7659147,51.489963],[11.7660033,51.4897609],[11.7662528,51.4895871],[11.7666952,51.4897375],[11.7665156,51.4899763]]]]}},{"type":"Feature","properties":{"osm_id":"390607652","code":7216,"fclass":"vineyard","name":null},"geometry":{"type":"MultiPolygon","coordinates":[[[[11.7644851,51.4910318],[11.7638749,51.4908172],[11.7638132,51.4909625],[11.7634015,51.4908982],[11.7633385,51.491183],[11.7632406,51.4913875],[11.7641445,51.491456],[11.7644851,51.4910318]]]]}},{"type":"Feature","properties":{"osm_id":"390663620","code":7216,"fclass":"vineyard","name":null},"geometry":{"type":"MultiPolygon","coordinates":[[[[11.7282648,51.4916113],[11.7281495,51.4914777],[11.7276801,51.4916681],[11.7278033,51.4917741],[11.7282648,51.4916113]]]]}},{"type":"Feature","properties":{"osm_id":"390663634","code":7216,"fclass":"vineyard","name":null},"geometry":{"type":"MultiPolygon","coordinates":[[[[11.7296096,51.4914464],[11.7294958,51.4912698],[11.7292357,51.4913625],[11.7290249,51.4915349],[11.7291579,51.4915962],[11.7293242,51.4915394],[11.7296096,51.4914464]]]]}},{"type":"Feature","properties":{"osm_id":"390663653","code":7216,"fclass":"vineyard","name":null},"geometry":{"type":"MultiPolygon","coordinates":[[[[11.7296381,51.4888824],[11.7295549,51.4887839],[11.7308544,51.4882232],[11.73092,51.4882294],[11.7307804,51.4884317],[11.7296381,51.4888824]]]]}},{"type":"Feature","properties":{"osm_id":"390663655","code":7216,"fclass":"vineyard","name":null},"geometry":{"type":"MultiPolygon","coordinates":[[[[11.7304051,51.502269],[11.730287,51.5026914],[11.7305231,51.5026263],[11.7307913,51.5026079],[11.7312191,51.5026769],[11.7312333,51.5025468],[11.7308768,51.5024814],[11.7309039,51.5023374],[11.7304051,51.502269]]]]}},{"type":"Feature","properties":{"osm_id":"391073924","code":7216,"fclass":"vineyard","name":null},"geometry":{"type":"MultiPolygon","coordinates":[[[[11.7309065,51.4902335],[11.7308585,51.4901857],[11.7311694,51.4900031],[11.7314832,51.4898661],[11.7315181,51.4899145],[11.7311962,51.4900615],[11.7309065,51.4902335]]]]}},{"type":"Feature","properties":{"osm_id":"391073925","code":7216,"fclass":"vineyard","name":null},"geometry":{"type":"MultiPolygon","coordinates":[[[[11.7302226,51.4903521],[11.730118,51.490135],[11.7302682,51.4901016],[11.7303755,51.4900983],[11.7303835,51.4901166],[11.730617,51.4900832],[11.7306517,51.4900849],[11.7307858,51.4901885],[11.730738,51.4903319],[11.7304288,51.4903567],[11.7302438,51.4903718],[11.7302226,51.4903521]]]]}},{"type":"Feature","properties":{"osm_id":"391073929","code":7216,"fclass":"vineyard","name":null},"geometry":{"type":"MultiPolygon","coordinates":[[[[11.7287661,51.4889141],[11.7285757,51.4888657],[11.7285357,51.4889448],[11.7287366,51.4889843],[11.7287661,51.4889141]]]]}},{"type":"Feature","properties":{"osm_id":"391075571","code":7216,"fclass":"vineyard","name":null},"geometry":{"type":"MultiPolygon","coordinates":[[[[11.7197326,51.4905174],[11.7187081,51.4907969],[11.7189333,51.4910819],[11.7190245,51.4910736],[11.7193123,51.4914307],[11.7193304,51.4914532],[11.7200491,51.4912823],[11.7199259,51.4910658],[11.7206955,51.490955],[11.7206124,51.4907963],[11.7200089,51.4908815],[11.7197326,51.4905174]]]]}},{"type":"Feature","properties":{"osm_id":"391266782","code":7216,"fclass":"vineyard","name":null},"geometry":{"type":"MultiPolygon","coordinates":[[[[11.77196,51.4866572],[11.7721973,51.4866693],[11.7721831,51.4867779],[11.7719458,51.4867658],[11.77196,51.4866572]]]]}},{"type":"Feature","properties":{"osm_id":"391272553","code":7216,"fclass":"vineyard","name":null},"geometry":{"type":"MultiPolygon","coordinates":[[[[11.7339311,51.5048989],[11.734186,51.5049223],[11.7342959,51.5045032],[11.734186,51.5044815],[11.7340733,51.5044949],[11.7339829,51.5046785],[11.7339311,51.5048989]]]]}},{"type":"Feature","properties":{"osm_id":"391414519","code":7216,"fclass":"vineyard","name":null},"geometry":{"type":"MultiPolygon","coordinates":[[[[11.7670735,51.488535],[11.7672344,51.4885684],[11.7671754,51.488667],[11.7670145,51.4886336],[11.7670735,51.488535]]]]}},{"type":"Feature","properties":{"osm_id":"391415225","code":7216,"fclass":"vineyard","name":null},"geometry":{"type":"MultiPolygon","coordinates":[[[[11.7617468,51.4900698],[11.7617763,51.4899796],[11.7619169,51.4899985],[11.7618928,51.490087],[11.7617468,51.4900698]]]]}},{"type":"Feature","properties":{"osm_id":"393024804","code":7216,"fclass":"vineyard","name":null},"geometry":{"type":"MultiPolygon","coordinates":[[[[11.7432984,51.4888941],[11.7433574,51.4887354],[11.7431696,51.4886937],[11.7430811,51.4888423],[11.7432984,51.4888941]]]]}},{"type":"Feature","properties":{"osm_id":"395618984","code":7216,"fclass":"vineyard","name":null},"geometry":{"type":"MultiPolygon","coordinates":[[[[11.7705867,51.2302142],[11.7707879,51.2305736],[11.7711715,51.230582],[11.7711071,51.2301991],[11.7705867,51.2302142]]]]}},{"type":"Feature","properties":{"osm_id":"398503814","code":7216,"fclass":"vineyard","name":null},"geometry":{"type":"MultiPolygon","coordinates":[[[[11.7785657,51.1727562],[11.778849,51.1726557],[11.778733,51.172494],[11.7787599,51.1723645],[11.7783499,51.1725158],[11.7785657,51.1727562]]]]}},{"type":"Feature","properties":{"osm_id":"417183129","code":7216,"fclass":"vineyard","name":null},"geometry":{"type":"MultiPolygon","coordinates":[[[[12.1552454,51.0298909],[12.1572413,51.0300928],[12.1573337,51.0292884],[12.1558058,51.0289446],[12.1553002,51.029794],[12.1552454,51.0298909]]]]}},{"type":"Feature","properties":{"osm_id":"422239756","code":7216,"fclass":"vineyard","name":null},"geometry":{"type":"MultiPolygon","coordinates":[[[[11.6433486,51.3020705],[11.6432493,51.3019548],[11.6431206,51.3017251],[11.6430079,51.3014182],[11.6429516,51.3012371],[11.6429918,51.301165],[11.6430938,51.3011532],[11.6432091,51.3012404],[11.643244,51.3012941],[11.6434934,51.3017368],[11.64359,51.3019833],[11.6435792,51.3020269],[11.6434237,51.3020756],[11.6433486,51.3020705]]]]}},{"type":"Feature","properties":{"osm_id":"422239757","code":7216,"fclass":"vineyard","name":null},"geometry":{"type":"MultiPolygon","coordinates":[[[[11.6423489,51.3014637],[11.6422168,51.3012009],[11.6421174,51.301056],[11.6420343,51.3010208],[11.6418492,51.3010291],[11.6417848,51.3010979],[11.6417124,51.3012589],[11.6417285,51.3014132],[11.641817,51.3015758],[11.6418573,51.3016765],[11.6420665,51.3017854],[11.6422193,51.301777],[11.6423455,51.3017586],[11.6423696,51.301653],[11.6423489,51.3014637]]]]}},{"type":"Feature","properties":{"osm_id":"422239758","code":7216,"fclass":"vineyard","name":null},"geometry":{"type":"MultiPolygon","coordinates":[[[[11.6385367,51.3032763],[11.6382738,51.3032343],[11.6381961,51.3032712],[11.638078,51.3032981],[11.6380754,51.3033467],[11.6381424,51.3034406],[11.6382765,51.3036251],[11.6384375,51.3037542],[11.6385447,51.3038112],[11.6386413,51.3038112],[11.6387593,51.303776],[11.6388103,51.3037491],[11.6387325,51.3036435],[11.6385769,51.3033635],[11.6385367,51.3032763]]]]}},{"type":"Feature","properties":{"osm_id":"440468859","code":7216,"fclass":"vineyard","name":null},"geometry":{"type":"MultiPolygon","coordinates":[[[[12.1322131,51.0493099],[12.1322547,51.0492581],[12.1321632,51.0492075],[12.1321924,51.049184],[12.1321013,51.0491233],[12.1320458,51.0490834],[12.1319684,51.0490322],[12.131871,51.0489661],[12.1317249,51.0488662],[12.1316524,51.0487751],[12.1315947,51.0488],[12.1315881,51.0488025],[12.131508,51.0488327],[12.1316087,51.0489261],[12.1316893,51.0489908],[12.1317826,51.0490603],[12.131888,51.0491303],[12.1320368,51.0492197],[12.1321286,51.0492686],[12.1322131,51.0493099]]]]}},{"type":"Feature","properties":{"osm_id":"442682751","code":7216,"fclass":"vineyard","name":"Wiegandts Weinberg"},"geometry":{"type":"MultiPolygon","coordinates":[[[[11.7485413,51.2147306],[11.7484924,51.2142421],[11.748445,51.2137836],[11.7482117,51.2137823],[11.7481793,51.2137661],[11.7481457,51.2137553],[11.7480924,51.2137521],[11.7480498,51.2137606],[11.7480126,51.2137798],[11.747821,51.213777],[11.7478604,51.2140843],[11.7478648,51.2141186],[11.7479366,51.2144561],[11.748013,51.2147128],[11.7485413,51.2147306]]]]}},{"type":"Feature","properties":{"osm_id":"444945531","code":7216,"fclass":"vineyard","name":null},"geometry":{"type":"MultiPolygon","coordinates":[[[[11.6349358,51.3071153],[11.6349654,51.3070373],[11.6348876,51.3070222],[11.6350103,51.3066111],[11.635066,51.3066005],[11.6351612,51.3066852],[11.6354348,51.3068454],[11.6355125,51.306925],[11.635129,51.3070591],[11.6349358,51.3071153]]]]}},{"type":"Feature","properties":{"osm_id":"446734563","code":7216,"fclass":"vineyard","name":null},"geometry":{"type":"MultiPolygon","coordinates":[[[[11.7526012,51.2155179],[11.7526007,51.2154872],[11.7525921,51.2149507],[11.7526,51.2149251],[11.7523157,51.2149201],[11.752126,51.2149076],[11.7521494,51.2144336],[11.752714,51.2144219],[11.752715,51.2144036],[11.7522899,51.214409],[11.7522916,51.2143656],[11.7514842,51.2143605],[11.7514444,51.2143389],[11.7514465,51.2139203],[11.7517729,51.2139226],[11.7524814,51.2139055],[11.7527963,51.2138904],[11.7528229,51.2138892],[11.7533782,51.2138483],[11.7534225,51.2138462],[11.7538325,51.2138249],[11.7555461,51.2137012],[11.7555816,51.2136987],[11.7557211,51.2136832],[11.7557728,51.2136794],[11.7563575,51.2136206],[11.7564064,51.2136172],[11.7566691,51.2135854],[11.7567203,51.2137555],[11.7570032,51.2137155],[11.7570468,51.213708],[11.7572065,51.2136819],[11.7571581,51.2135425],[11.7572516,51.2135262],[11.7575076,51.2134836],[11.7576359,51.2134401],[11.7579343,51.2133992],[11.7582349,51.2133596],[11.7582515,51.2133568],[11.7582689,51.213353],[11.7583752,51.2136652],[11.7582861,51.2136778],[11.758308,51.2137713],[11.7582142,51.2137764],[11.7580205,51.2137937],[11.7579419,51.2138267],[11.7578066,51.2139272],[11.757785,51.2139813],[11.7574725,51.2139602],[11.7574569,51.2139805],[11.7574176,51.2139642],[11.7572433,51.2140852],[11.7572151,51.2141314],[11.7569671,51.2141609],[11.7564113,51.2141399],[11.7562306,51.2141482],[11.7560359,51.2142498],[11.7561133,51.2144452],[11.7565618,51.2143258],[11.7567457,51.2143641],[11.7569485,51.2143806],[11.7571989,51.2143571],[11.75721,51.2144883],[11.757142,51.2145095],[11.7567168,51.214503],[11.756733,51.2145761],[11.7564963,51.2146447],[11.7562174,51.214693],[11.7562049,51.214663],[11.7556416,51.2147117],[11.7549926,51.2147957],[11.7547002,51.2148562],[11.7546573,51.2148932],[11.7546707,51.2149436],[11.7547377,51.2149503],[11.7547887,51.2149234],[11.7548236,51.2148713],[11.7549309,51.2148562],[11.7549926,51.2148696],[11.7553842,51.2148075],[11.7555987,51.2147873],[11.7559313,51.2147604],[11.7561995,51.2147285],[11.7562279,51.2147316],[11.7565597,51.2153521],[11.755558,51.2155052],[11.7550001,51.215546],[11.7544833,51.2155876],[11.7544786,51.2155658],[11.7540278,51.2155565],[11.7539007,51.2155505],[11.7531588,51.2155154],[11.7527982,51.2155292],[11.7526012,51.2155179]]]]}},{"type":"Feature","properties":{"osm_id":"449230355","code":7216,"fclass":"vineyard","name":null},"geometry":{"type":"MultiPolygon","coordinates":[[[[11.6795535,51.1009238],[11.6802263,51.1006115],[11.680237,51.1005598],[11.6804838,51.1003757],[11.6808177,51.1001635],[11.6809819,51.1002732],[11.6806232,51.1004431],[11.6805374,51.1006452],[11.68024,51.1008503],[11.6796604,51.1009254],[11.6795535,51.1009238]]]]}},{"type":"Feature","properties":{"osm_id":"449230357","code":7216,"fclass":"vineyard","name":null},"geometry":{"type":"MultiPolygon","coordinates":[[[[11.6845419,51.0985533],[11.6839652,51.0981372],[11.6838767,51.0980901],[11.6842576,51.0980075],[11.6845634,51.0979671],[11.6848074,51.0979536],[11.6849845,51.0979334],[11.6850354,51.0979183],[11.6852628,51.0981022],[11.6854345,51.0982461],[11.6853021,51.098306],[11.6849929,51.0984485],[11.6849577,51.0984286],[11.6845901,51.0985842],[11.6845419,51.0985533]]]]}},{"type":"Feature","properties":{"osm_id":"449230358","code":7216,"fclass":"vineyard","name":null},"geometry":{"type":"MultiPolygon","coordinates":[[[[11.6794005,51.1009205],[11.6791836,51.100778],[11.6802227,51.1001547],[11.680394,51.1002709],[11.6801737,51.1005107],[11.6794005,51.1009205]]]]}},{"type":"Feature","properties":{"osm_id":"454692104","code":7216,"fclass":"vineyard","name":null},"geometry":{"type":"MultiPolygon","coordinates":[[[[11.6129799,51.5174962],[11.6134359,51.5170906],[11.6139938,51.5173943],[11.6136022,51.5177148],[11.6129799,51.5174962]]]]}},{"type":"Feature","properties":{"osm_id":"464182277","code":7216,"fclass":"vineyard","name":null},"geometry":{"type":"MultiPolygon","coordinates":[[[[11.6259759,51.0983485],[11.6266787,51.0983569],[11.6266599,51.0986904],[11.6263246,51.0986297],[11.6260778,51.0985186],[11.6259759,51.0983485]]]]}},{"type":"Feature","properties":{"osm_id":"464412316","code":7216,"fclass":"vineyard","name":null},"geometry":{"type":"MultiPolygon","coordinates":[[[[11.6245169,51.0862834],[11.6241602,51.0863686],[11.6241877,51.0864229],[11.6245438,51.0863547],[11.6245169,51.0862834]]]]}},{"type":"Feature","properties":{"osm_id":"464415995","code":7216,"fclass":"vineyard","name":null},"geometry":{"type":"MultiPolygon","coordinates":[[[[11.6313716,51.0931893],[11.6314609,51.0931053],[11.6311422,51.0930662],[11.631092,51.0931497],[11.6311546,51.093192],[11.6312327,51.0931775],[11.6313716,51.0931893]]]]}},{"type":"Feature","properties":{"osm_id":"478466812","code":7216,"fclass":"vineyard","name":null},"geometry":{"type":"MultiPolygon","coordinates":[[[[11.748869,51.2147751],[11.7488544,51.2142424],[11.7484924,51.2142421],[11.748445,51.2137836],[11.7486253,51.2137869],[11.749481,51.2138525],[11.7496494,51.2138685],[11.7496667,51.2138701],[11.7496566,51.214241],[11.7497107,51.2142464],[11.7496784,51.2148785],[11.748869,51.2147751]]]]}},{"type":"Feature","properties":{"osm_id":"478466813","code":7216,"fclass":"vineyard","name":null},"geometry":{"type":"MultiPolygon","coordinates":[[[[11.7497107,51.2142464],[11.7496566,51.214241],[11.7496667,51.2138701],[11.7504005,51.213896],[11.7514465,51.2139203],[11.7514444,51.2143389],[11.7514842,51.2143605],[11.7514815,51.2144076],[11.752026,51.2144278],[11.7520207,51.2147722],[11.7512414,51.2147571],[11.7512311,51.2148496],[11.7510581,51.2148589],[11.7510618,51.2149604],[11.7518027,51.2150103],[11.751797,51.2150773],[11.7520117,51.215091],[11.7519349,51.2154128],[11.7517662,51.2154217],[11.7517313,51.215394],[11.7516045,51.2153847],[11.7507341,51.2152981],[11.750754,51.2151997],[11.7507502,51.2150664],[11.7505378,51.2150311],[11.7505049,51.2149954],[11.7504459,51.2150042],[11.7503459,51.2149936],[11.7503889,51.2145018],[11.75035,51.2145052],[11.7503478,51.2142681],[11.7502642,51.2142675],[11.7502306,51.21427],[11.750173,51.2142708],[11.7501287,51.2142599],[11.7497107,51.2142464]]]]}},{"type":"Feature","properties":{"osm_id":"478467268","code":7216,"fclass":"vineyard","name":null},"geometry":{"type":"MultiPolygon","coordinates":[[[[11.7604332,51.2146152],[11.7604048,51.2142431],[11.760201,51.2142263],[11.7601044,51.2136483],[11.7609445,51.2136518],[11.7609552,51.2137232],[11.7606883,51.2137501],[11.7606993,51.2138063],[11.7605156,51.2138088],[11.7605751,51.2142254],[11.7609823,51.2142229],[11.7616244,51.2142189],[11.7617668,51.2142557],[11.7618929,51.2142969],[11.7619653,51.2143279],[11.7619774,51.2143615],[11.761972,51.2144019],[11.7619291,51.2144976],[11.7618003,51.2144892],[11.7618077,51.2143208],[11.7615992,51.2143179],[11.7609957,51.2143078],[11.7610391,51.2146328],[11.7612234,51.2146112],[11.7615737,51.2145758],[11.762147,51.214593],[11.7622118,51.2145502],[11.7625366,51.2145615],[11.7625413,51.2145812],[11.7626437,51.2145841],[11.7627568,51.2143507],[11.7632436,51.2143791],[11.7632982,51.2142678],[11.7636777,51.2143398],[11.7637884,51.2141708],[11.7643643,51.2142835],[11.7646325,51.2138425],[11.7642436,51.213766],[11.7643615,51.2135675],[11.7633728,51.2133927],[11.7634601,51.2131117],[11.7627783,51.2130936],[11.7627951,51.2130426],[11.7625776,51.2130392],[11.7621814,51.213034],[11.762145,51.2132341],[11.7614785,51.2132308],[11.761421,51.2129921],[11.7610359,51.213032],[11.7610768,51.2132917],[11.7608173,51.2133018],[11.760764,51.2130601],[11.7603726,51.2131063],[11.7602654,51.2131172],[11.760038,51.213136],[11.7599696,51.213139],[11.7600482,51.2135341],[11.7598591,51.2135479],[11.7598269,51.213524],[11.7598014,51.2135101],[11.7597518,51.213495],[11.7596888,51.2135009],[11.7595852,51.2131756],[11.7594239,51.2131959],[11.7590669,51.2132418],[11.7588873,51.2132647],[11.75898,51.2135727],[11.7583752,51.2136652],[11.7582861,51.2136778],[11.758308,51.2137713],[11.7582142,51.2137764],[11.7580205,51.2137937],[11.7579419,51.2138267],[11.7578066,51.2139272],[11.757785,51.2139813],[11.7574725,51.2139602],[11.7574569,51.2139805],[11.7574592,51.2140129],[11.7574283,51.2140633],[11.7574042,51.2141498],[11.7574646,51.2142087],[11.7575102,51.214325],[11.75761,51.2144618],[11.7576652,51.2145023],[11.7580417,51.2144462],[11.7580594,51.2144795],[11.75784,51.214522],[11.7575822,51.2145672],[11.7575938,51.2146047],[11.7575059,51.214625],[11.7577828,51.2151547],[11.7580007,51.2151045],[11.7586667,51.2149924],[11.7587615,51.2149741],[11.7588033,51.2149678],[11.7587581,51.2148866],[11.7591711,51.2147765],[11.7591946,51.2148177],[11.7596318,51.2147261],[11.7595822,51.2146119],[11.7600804,51.2146081],[11.7603426,51.2146123],[11.7604332,51.2146152]]]]}},{"type":"Feature","properties":{"osm_id":"490560439","code":7216,"fclass":"vineyard","name":null},"geometry":{"type":"MultiPolygon","coordinates":[[[[11.7479366,51.2144561],[11.7475002,51.2144792],[11.7471944,51.2145145],[11.7471448,51.2145909],[11.7468283,51.2145296],[11.7466499,51.2144607],[11.7465457,51.2143873],[11.7466003,51.2143263],[11.7466287,51.2142953],[11.7468001,51.2142406],[11.74724,51.2141692],[11.7478648,51.2141186],[11.7479366,51.2144561]]]]}},{"type":"Feature","properties":{"osm_id":"504781230","code":7216,"fclass":"vineyard","name":null},"geometry":{"type":"MultiPolygon","coordinates":[[[[11.7090988,51.500164],[11.7091993,51.5002309],[11.709302,51.5002367],[11.7095098,51.5002062],[11.709638,51.5002433],[11.7096605,51.500215],[11.7096328,51.5001564],[11.7095731,51.5001439],[11.7094497,51.5001279],[11.7093763,51.5001228],[11.7093123,51.5001231],[11.7090988,51.500164]]]]}},{"type":"Feature","properties":{"osm_id":"504781231","code":7216,"fclass":"vineyard","name":null},"geometry":{"type":"MultiPolygon","coordinates":[[[[11.7097543,51.5003076],[11.7099799,51.500295],[11.7099472,51.5001556],[11.7098366,51.5001622],[11.7097295,51.5002234],[11.7097543,51.5003076]]]]}},{"type":"Feature","properties":{"osm_id":"515330084","code":7216,"fclass":"vineyard","name":"Historischer Terrassenweinberg"},"geometry":{"type":"MultiPolygon","coordinates":[[[[11.6326058,51.1000055],[11.6328896,51.1001412],[11.6326248,51.1003538],[11.6324671,51.1002714],[11.6322129,51.1001777],[11.6323212,51.1000746],[11.6324428,51.1001001],[11.6325575,51.100051],[11.6326058,51.1000055]]]]}},{"type":"Feature","properties":{"osm_id":"551839720","code":7216,"fclass":"vineyard","name":null},"geometry":{"type":"MultiPolygon","coordinates":[[[[12.1313732,51.0494118],[12.1314072,51.049373],[12.1314765,51.049291],[12.1315007,51.0492532],[12.1315081,51.0492326],[12.1315137,51.0491995],[12.1315225,51.0491804],[12.1315402,51.04917],[12.1315921,51.0491383],[12.1316026,51.0491445],[12.1316811,51.0491902],[12.1317281,51.0491606],[12.131771,51.0491882],[12.1316882,51.0492596],[12.1316763,51.0492767],[12.1316651,51.0492885],[12.1316319,51.0493589],[12.1316265,51.0493731],[12.1315605,51.049475],[12.1314595,51.0494429],[12.1313732,51.0494118]]]]}},{"type":"Feature","properties":{"osm_id":"651704917","code":7216,"fclass":"vineyard","name":"Gröster Steinberg"},"geometry":{"type":"MultiPolygon","coordinates":[[[[11.8336626,51.2510112],[11.8333778,51.2518219],[11.8337587,51.2522886],[11.8339196,51.2524766],[11.8348871,51.2526661],[11.8351515,51.2521752],[11.8355415,51.2513731],[11.8336626,51.2510112]]]]}},{"type":"Feature","properties":{"osm_id":"658571715","code":7216,"fclass":"vineyard","name":"Naumburger Paradies"},"geometry":{"type":"MultiPolygon","coordinates":[[[[11.8208143,51.1419646],[11.8216275,51.1422165],[11.8219355,51.1418781],[11.8221349,51.1416354],[11.8209998,51.1413287],[11.8207717,51.1419483],[11.8208143,51.1419646]]]]}},{"type":"Feature","properties":{"osm_id":"683234309","code":7216,"fclass":"vineyard","name":null},"geometry":{"type":"MultiPolygon","coordinates":[[[[11.776093,51.2167973],[11.7766321,51.2171014],[11.7769245,51.216878],[11.7771551,51.2166646],[11.7772651,51.2164378],[11.7772007,51.216379],[11.7762754,51.2165739],[11.7761896,51.216715],[11.776093,51.2167973]]]]}},{"type":"Feature","properties":{"osm_id":"684237922","code":7216,"fclass":"vineyard","name":null},"geometry":{"type":"MultiPolygon","coordinates":[[[[11.6573188,51.2840499],[11.657654,51.284164],[11.6579196,51.2841825],[11.658287,51.2840936],[11.6589075,51.283708],[11.6588082,51.2836727],[11.6586124,51.2835268],[11.6583335,51.2834228],[11.6582315,51.2833624],[11.6581672,51.2833691],[11.6581162,51.283505],[11.6579446,51.2836828],[11.657738,51.2838422],[11.6575261,51.2839529],[11.6573276,51.2840099],[11.6573188,51.2840499]]]]}},{"type":"Feature","properties":{"osm_id":"684238283","code":7216,"fclass":"vineyard","name":null},"geometry":{"type":"MultiPolygon","coordinates":[[[[11.6573149,51.2854117],[11.6575482,51.2851332],[11.6587767,51.2854134],[11.6587931,51.2854203],[11.6584412,51.2859241],[11.6582078,51.2858687],[11.6581971,51.2857647],[11.6573163,51.2854538],[11.6573149,51.2854117]]]]}},{"type":"Feature","properties":{"osm_id":"687742533","code":7216,"fclass":"vineyard","name":null},"geometry":{"type":"MultiPolygon","coordinates":[[[[11.710884,51.4299993],[11.7135501,51.4290996],[11.712901,51.4283404],[11.7113131,51.4287752],[11.7102027,51.42921],[11.710884,51.4299993]]]]}},{"type":"Feature","properties":{"osm_id":"756928118","code":7216,"fclass":"vineyard","name":null},"geometry":{"type":"MultiPolygon","coordinates":[[[[11.3777751,51.0104522],[11.3779038,51.010032],[11.3780352,51.0096404],[11.3781345,51.009378],[11.378282,51.0092151],[11.3784634,51.0091312],[11.3832679,51.0099887],[11.3832146,51.0101016],[11.3831491,51.0101829],[11.3823444,51.012262],[11.3819989,51.0134079],[11.381804,51.0134601],[11.38159,51.0134458],[11.3812615,51.013314],[11.3794184,51.0123695],[11.3790241,51.0121124],[11.3783891,51.0117165],[11.3775552,51.011204],[11.3777751,51.0104522]]]]}},{"type":"Feature","properties":{"osm_id":"847485684","code":7216,"fclass":"vineyard","name":"Goldener Steiger"},"geometry":{"type":"MultiPolygon","coordinates":[[[[11.8306253,51.3400478],[11.8311881,51.3387745],[11.8291514,51.3384233],[11.8281296,51.3382471],[11.8275859,51.3395137],[11.8306253,51.3400478]]]]}},{"type":"Feature","properties":{"osm_id":"847485685","code":7216,"fclass":"vineyard","name":"Lars Reifert"},"geometry":{"type":"MultiPolygon","coordinates":[[[[11.8275859,51.3395137],[11.8306253,51.3400478],[11.8305458,51.3402317],[11.8302331,51.3403146],[11.8299137,51.3408573],[11.8275859,51.3395137]]]]}},{"type":"Feature","properties":{"osm_id":"861162124","code":7216,"fclass":"vineyard","name":null},"geometry":{"type":"MultiPolygon","coordinates":[[[[11.7261622,51.4953699],[11.7266703,51.4953602],[11.728138,51.4954171],[11.7280543,51.4962038],[11.726074,51.4961175],[11.7261622,51.4953699]]]]}},{"type":"Feature","properties":{"osm_id":"861164364","code":7216,"fclass":"vineyard","name":null},"geometry":{"type":"MultiPolygon","coordinates":[[[[11.7182268,51.4986588],[11.7182394,51.4982249],[11.7185499,51.4982592],[11.7185089,51.4985113],[11.7183994,51.4987047],[11.7183018,51.4987184],[11.7182268,51.4986588]]]]}},{"type":"Feature","properties":{"osm_id":"861192980","code":7216,"fclass":"vineyard","name":null},"geometry":{"type":"MultiPolygon","coordinates":[[[[11.7691301,51.4866881],[11.7691503,51.4870526],[11.7698288,51.487038],[11.7698086,51.4866735],[11.7691301,51.4866881]]]]}},{"type":"Feature","properties":{"osm_id":"861192981","code":7216,"fclass":"vineyard","name":null},"geometry":{"type":"MultiPolygon","coordinates":[[[[11.7471196,51.4933635],[11.7467105,51.4930543],[11.7469527,51.4929102],[11.7473271,51.4931828],[11.7471196,51.4933635]]]]}},{"type":"Feature","properties":{"osm_id":"864158507","code":7216,"fclass":"vineyard","name":null},"geometry":{"type":"MultiPolygon","coordinates":[[[[11.7322484,51.4919542],[11.7323599,51.4917951],[11.7326818,51.491425],[11.7328877,51.4910798],[11.7327882,51.4910335],[11.7312458,51.4906672],[11.7310643,51.490606],[11.7310163,51.4905026],[11.7309575,51.490362],[11.731015,51.4902621],[11.7313578,51.4900711],[11.7320638,51.4898013],[11.7321591,51.4896523],[11.7322797,51.4895989],[11.7334824,51.4898496],[11.7356502,51.4903745],[11.7347359,51.4920689],[11.7342246,51.4930656],[11.7318783,51.4925016],[11.7319852,51.492347],[11.7322484,51.4919542]]]]}},{"type":"Feature","properties":{"osm_id":"864158508","code":7216,"fclass":"vineyard","name":null},"geometry":{"type":"MultiPolygon","coordinates":[[[[11.7318631,51.4923214],[11.7313363,51.4921774],[11.7316966,51.4916629],[11.7322515,51.4917735],[11.7318631,51.4923214]]]]}},{"type":"Feature","properties":{"osm_id":"871886475","code":7216,"fclass":"vineyard","name":null},"geometry":{"type":"MultiPolygon","coordinates":[[[[11.7211806,51.4952737],[11.720976,51.495034],[11.7212014,51.4949594],[11.7213113,51.4950882],[11.7212584,51.4951057],[11.7213531,51.4952167],[11.7211806,51.4952737]]]]}},{"type":"Feature","properties":{"osm_id":"871890807","code":7216,"fclass":"vineyard","name":null},"geometry":{"type":"MultiPolygon","coordinates":[[[[11.7624007,51.4909013],[11.7634047,51.4906908],[11.763541,51.4906964],[11.763756,51.490673],[11.763736,51.490592],[11.7634985,51.4905126],[11.7632374,51.4901025],[11.7628686,51.4901512],[11.7626756,51.4901783],[11.7626153,51.4901144],[11.7622182,51.4901748],[11.7622272,51.4904504],[11.7621924,51.490574],[11.7623157,51.4907047],[11.7624007,51.4909013]]]]}},{"type":"Feature","properties":{"osm_id":"913925982","code":7216,"fclass":"vineyard","name":null},"geometry":{"type":"MultiPolygon","coordinates":[[[[11.8566488,51.1846189],[11.8570256,51.1845029],[11.8570967,51.1845928],[11.8567614,51.1847021],[11.8566488,51.1846189]]]]}},{"type":"Feature","properties":{"osm_id":"913925983","code":7216,"fclass":"vineyard","name":null},"geometry":{"type":"MultiPolygon","coordinates":[[[[11.8564691,51.1846315],[11.8562719,51.1847374],[11.8565147,51.1849089],[11.8565858,51.1849266],[11.8567561,51.1849442],[11.8569774,51.1849451],[11.8564691,51.1846315]]]]}},{"type":"Feature","properties":{"osm_id":"916474878","code":7216,"fclass":"vineyard","name":null},"geometry":{"type":"MultiPolygon","coordinates":[[[[11.70128,51.2305619],[11.7001426,51.2312121],[11.6993372,51.231748],[11.7005358,51.2322754],[11.7011599,51.2323913],[11.701917,51.2326548],[11.7021888,51.2328132],[11.7026521,51.2329941],[11.7029297,51.2330434],[11.7036017,51.233288],[11.7041668,51.2321761],[11.7040734,51.2320798],[11.7036501,51.2319233],[11.7035113,51.2317669],[11.7031441,51.2315546],[11.7027988,51.2314816],[11.7024732,51.2313185],[11.7020019,51.2309757],[11.70128,51.2305619]]]]}},{"type":"Feature","properties":{"osm_id":"945221532","code":7216,"fclass":"vineyard","name":null},"geometry":{"type":"MultiPolygon","coordinates":[[[[11.7172972,51.4896016],[11.7176694,51.4896959],[11.7173797,51.4921575],[11.7169245,51.4920979],[11.7171712,51.4903488],[11.7172972,51.4896016]]]]}},{"type":"Feature","properties":{"osm_id":"951306037","code":7216,"fclass":"vineyard","name":null},"geometry":{"type":"MultiPolygon","coordinates":[[[[11.6293241,51.1005516],[11.6295961,51.1006204],[11.6296354,51.1006262],[11.6296108,51.1008353],[11.6296046,51.1011024],[11.6296202,51.1012298],[11.6297156,51.1014624],[11.629432,51.1013581],[11.6293664,51.1011261],[11.6292653,51.1008005],[11.6291329,51.1007425],[11.6293241,51.1005516]]]]}},{"type":"Feature","properties":{"osm_id":"952057059","code":7216,"fclass":"vineyard","name":null},"geometry":{"type":"MultiPolygon","coordinates":[[[[11.7690234,51.217742],[11.7690369,51.2177397],[11.769243,51.2177037],[11.7692849,51.2176965],[11.7694339,51.2176705],[11.7695767,51.2180027],[11.7695392,51.2180296],[11.7691822,51.2180807],[11.7691007,51.2179103],[11.7690234,51.217742]]]]}},{"type":"Feature","properties":{"osm_id":"953061990","code":7216,"fclass":"vineyard","name":null},"geometry":{"type":"MultiPolygon","coordinates":[[[[11.7591946,51.2148177],[11.7591711,51.2147765],[11.7587581,51.2148866],[11.7588033,51.2149678],[11.7592225,51.2148623],[11.7591946,51.2148177]]]]}},{"type":"Feature","properties":{"osm_id":"953061991","code":7216,"fclass":"vineyard","name":null},"geometry":{"type":"MultiPolygon","coordinates":[[[[11.7592225,51.2148623],[11.7594097,51.2148219],[11.7596529,51.2147892],[11.7599282,51.2147522],[11.7604397,51.2147009],[11.7604332,51.2146152],[11.7603426,51.2146123],[11.7600804,51.2146081],[11.7595822,51.2146119],[11.7596318,51.2147261],[11.7591946,51.2148177],[11.7592225,51.2148623]]]]}},{"type":"Feature","properties":{"osm_id":"953062000","code":7216,"fclass":"vineyard","name":null},"geometry":{"type":"MultiPolygon","coordinates":[[[[11.7575059,51.214625],[11.7572967,51.2146733],[11.7574609,51.2151954],[11.7574665,51.2152108],[11.7577828,51.2151547],[11.7575059,51.214625]]]]}},{"type":"Feature","properties":{"osm_id":"979712282","code":7216,"fclass":"vineyard","name":"Händel Weinberg"},"geometry":{"type":"MultiPolygon","coordinates":[[[[11.7881464,51.4969115],[11.7881006,51.4969584],[11.7880988,51.4970131],[11.7880498,51.4970704],[11.7879779,51.4970971],[11.787908,51.4971072],[11.7879251,51.4971404],[11.7879916,51.4971404],[11.7882116,51.4972316],[11.7882866,51.4971823],[11.7884634,51.497032],[11.7881464,51.4969115]]]]}},{"type":"Feature","properties":{"osm_id":"1016395153","code":7216,"fclass":"vineyard","name":null},"geometry":{"type":"MultiPolygon","coordinates":[[[[11.7723501,51.1659425],[11.7725887,51.1658885],[11.7728654,51.1655956],[11.7730877,51.1655288],[11.7732738,51.1654771],[11.7733338,51.1657457],[11.7735222,51.1663054],[11.7734881,51.1663293],[11.7735531,51.1665496],[11.7730777,51.1666321],[11.7730576,51.1665871],[11.7722006,51.1667372],[11.7720982,51.1666788],[11.7718043,51.166511],[11.7716183,51.1664032],[11.7724688,51.1662268],[11.7722082,51.1661042],[11.7723515,51.1659787],[11.7723501,51.1659425]]]]}},{"type":"Feature","properties":{"osm_id":"1109072295","code":7216,"fclass":"vineyard","name":"Naumburger Paradies"},"geometry":{"type":"MultiPolygon","coordinates":[[[[11.8226258,51.1425008],[11.822831,51.1421728],[11.8236373,51.1411766],[11.8241998,51.1413282],[11.823742,51.1427833],[11.8235175,51.1428367],[11.8226258,51.1425008]]]]}},{"type":"Feature","properties":{"osm_id":"1123628652","code":7216,"fclass":"vineyard","name":null},"geometry":{"type":"MultiPolygon","coordinates":[[[[11.6143954,51.0874615],[11.6146372,51.0875163],[11.6150868,51.0867637],[11.614894,51.0867182],[11.6143954,51.0874615]]]]}},{"type":"Feature","properties":{"osm_id":"1123628653","code":7216,"fclass":"vineyard","name":null},"geometry":{"type":"MultiPolygon","coordinates":[[[[11.6145316,51.0871358],[11.6145922,51.087154],[11.6148686,51.0867405],[11.6148001,51.086724],[11.6145316,51.0871358]]]]}},{"type":"Feature","properties":{"osm_id":"1131154771","code":7216,"fclass":"vineyard","name":null},"geometry":{"type":"MultiPolygon","coordinates":[[[[11.8034318,51.1543946],[11.803423,51.1543142],[11.8031891,51.1543684],[11.8032333,51.15444],[11.8034318,51.1543946]]]]}},{"type":"Feature","properties":{"osm_id":"1305894970","code":7216,"fclass":"vineyard","name":null},"geometry":{"type":"MultiPolygon","coordinates":[[[[11.7089242,51.4995492],[11.7091035,51.499677],[11.7093406,51.4995382],[11.7091436,51.4994068],[11.7089242,51.4995492]]]]}},{"type":"Feature","properties":{"osm_id":"1305894971","code":7216,"fclass":"vineyard","name":null},"geometry":{"type":"MultiPolygon","coordinates":[[[[11.7091235,51.499688],[11.7093984,51.4998775],[11.7095954,51.4997079],[11.7093607,51.4995478],[11.7091235,51.499688]]]]}},{"type":"Feature","properties":{"osm_id":"1305894972","code":7216,"fclass":"vineyard","name":null},"geometry":{"type":"MultiPolygon","coordinates":[[[[11.7092568,51.500045],[11.7093418,51.5000773],[11.7095518,51.5001066],[11.7096108,51.5000589],[11.709606,51.5000237],[11.7094008,51.4999157],[11.7092568,51.500045]]]]}},{"type":"Feature","properties":{"osm_id":"1305894973","code":7216,"fclass":"vineyard","name":null},"geometry":{"type":"MultiPolygon","coordinates":[[[[11.7097252,51.5001984],[11.7098113,51.5001617],[11.7097535,51.5001162],[11.709665,51.5000721],[11.7096379,51.5000633],[11.7095824,51.5001133],[11.7096804,51.5001441],[11.7097252,51.5001984]]]]}},{"type":"Feature","properties":{"osm_id":"1305894974","code":7216,"fclass":"vineyard","name":null},"geometry":{"type":"MultiPolygon","coordinates":[[[[11.7087295,51.4996814],[11.708877,51.4998026],[11.7090669,51.4996836],[11.7088994,51.4995654],[11.7087295,51.4996814]]]]}},{"type":"Feature","properties":{"osm_id":"1305894975","code":7216,"fclass":"vineyard","name":null},"geometry":{"type":"MultiPolygon","coordinates":[[[[11.7088923,51.4998121],[11.7091047,51.4999319],[11.7092439,51.5000193],[11.7093862,51.4998997],[11.7092378,51.4998073],[11.7090779,51.4996951],[11.7088923,51.4998121]]]]}},{"type":"Feature","properties":{"osm_id":"1305894978","code":7216,"fclass":"vineyard","name":null},"geometry":{"type":"MultiPolygon","coordinates":[[[[11.7096342,51.4993974],[11.7095252,51.4993301],[11.7094731,51.4992981],[11.7094209,51.4992734],[11.7094388,51.4992569],[11.7095058,51.4992966],[11.7095587,51.4993271],[11.7096529,51.4993867],[11.7096342,51.4993974]]]]}},{"type":"Feature","properties":{"osm_id":"1305894979","code":7216,"fclass":"vineyard","name":null},"geometry":{"type":"MultiPolygon","coordinates":[[[[11.7093952,51.4995321],[11.7093758,51.4995069],[11.7093766,51.4994919],[11.7094754,51.4994347],[11.7095042,51.4994681],[11.7093952,51.4995321]]]]}},{"type":"Feature","properties":{"osm_id":"1305896010","code":7216,"fclass":"vineyard","name":null},"geometry":{"type":"MultiPolygon","coordinates":[[[[11.7091899,51.5007875],[11.7092721,51.5007856],[11.7093357,51.5007798],[11.7093737,51.5007421],[11.7093934,51.5006699],[11.7093994,51.5005893],[11.7093963,51.5005816],[11.7091858,51.5005804],[11.7091724,51.5007536],[11.7091899,51.5007875]]]]}},{"type":"Feature","properties":{"osm_id":"1305896011","code":7216,"fclass":"vineyard","name":null},"geometry":{"type":"MultiPolygon","coordinates":[[[[11.7091845,51.5005722],[11.7093945,51.5005747],[11.7093986,51.500505],[11.7094027,51.5003816],[11.709395,51.5003338],[11.7093797,51.5003004],[11.709365,51.5002887],[11.7092092,51.5002773],[11.7091845,51.5005722]]]]}},{"type":"Feature","properties":{"osm_id":"1305896012","code":7216,"fclass":"vineyard","name":null},"geometry":{"type":"MultiPolygon","coordinates":[[[[11.7094458,51.5005274],[11.7096906,51.5005281],[11.7096912,51.5003151],[11.7095466,51.5003177],[11.7095443,51.5003342],[11.7095272,51.5003427],[11.709447,51.5003383],[11.7094458,51.5005274]]]]}},{"type":"Feature","properties":{"osm_id":"1312665950","code":7216,"fclass":"vineyard","name":null},"geometry":{"type":"MultiPolygon","coordinates":[[[[12.252945,51.1655792],[12.2529303,51.1656322],[12.2534456,51.1656916],[12.2534613,51.1656364],[12.252945,51.1655792]]]]}},{"type":"Feature","properties":{"osm_id":"1319697766","code":7216,"fclass":"vineyard","name":"Klosterberg"},"geometry":{"type":"MultiPolygon","coordinates":[[[[12.1570736,51.0523134],[12.1554562,51.0521111],[12.1554857,51.051698],[12.1557218,51.0516997],[12.1557244,51.0514468],[12.1563279,51.0514856],[12.1564513,51.0515345],[12.157838,51.0516643],[12.1577656,51.0519307],[12.1575832,51.0519172],[12.1575698,51.0519324],[12.1572452,51.0519003],[12.1572211,51.0519678],[12.1570521,51.0519577],[12.1571004,51.0518194],[12.1567705,51.0517958],[12.1567437,51.0518801],[12.1564003,51.0518514],[12.1563708,51.052047],[12.1571085,51.0521701],[12.1570736,51.0523134]]]]}},{"type":"Feature","properties":{"osm_id":"1347523349","code":7216,"fclass":"vineyard","name":"Weinberg Wethau"},"geometry":{"type":"MultiPolygon","coordinates":[[[[11.8610158,51.1411064],[11.8619527,51.1410907],[11.8619778,51.141296],[11.8617543,51.1413083],[11.8616917,51.1413442],[11.861647,51.1413622],[11.8615576,51.1413644],[11.8614324,51.1413353],[11.8614091,51.1412915],[11.8610122,51.1412937],[11.8610086,51.1411928],[11.8610158,51.1411064]]]]}},{"type":"Feature","properties":{"osm_id":"1348761607","code":7216,"fclass":"vineyard","name":null},"geometry":{"type":"MultiPolygon","coordinates":[[[[11.6878931,51.0415367],[11.6871726,51.0416727],[11.687409,51.0421241],[11.687694,51.0420797],[11.6876454,51.0419172],[11.6879151,51.041853],[11.6878931,51.0415367]]]]}},{"type":"Feature","properties":{"osm_id":"1354650620","code":7216,"fclass":"vineyard","name":null},"geometry":{"type":"MultiPolygon","coordinates":[[[[12.1318472,51.0492362],[12.131771,51.0491882],[12.1316882,51.0492596],[12.1316763,51.0492767],[12.1316651,51.0492885],[12.13176,51.0493173],[12.1318472,51.0492362]]]]}},{"type":"Feature","properties":{"osm_id":"1374823577","code":7216,"fclass":"vineyard","name":null},"geometry":{"type":"MultiPolygon","coordinates":[[[[12.0638237,51.289782],[12.0636197,51.289566],[12.0632811,51.2898262],[12.0631648,51.2899046],[12.0635171,51.2900151],[12.0636755,51.2898419],[12.0638237,51.289782]]]]}},{"type":"Feature","properties":{"osm_id":"1374823578","code":7216,"fclass":"vineyard","name":null},"geometry":{"type":"MultiPolygon","coordinates":[[[[12.0638682,51.2897635],[12.0636596,51.2895411],[12.0638419,51.2894954],[12.0640608,51.2894705],[12.06425,51.2894969],[12.0643732,51.2895389],[12.0646068,51.2896387],[12.06473,51.2897606],[12.0644655,51.2898925],[12.0642883,51.2897908],[12.0641019,51.2897093],[12.0638682,51.2897635]]]]}},{"type":"Feature","properties":{"osm_id":"1378404955","code":7216,"fclass":"vineyard","name":"Klosterhäseler Hasseltal"},"geometry":{"type":"MultiPolygon","coordinates":[[[[11.6359497,51.1654991],[11.6375183,51.1651903],[11.6392145,51.1680152],[11.6379651,51.1683297],[11.6374544,51.1671947],[11.6370304,51.167086],[11.6359224,51.1669859],[11.6354937,51.1670345],[11.6348645,51.1671432],[11.6347551,51.1664913],[11.6345043,51.1658308],[11.6359497,51.1654991]]]]}},{"type":"Feature","properties":{"osm_id":"1378405596","code":7216,"fclass":"vineyard","name":null},"geometry":{"type":"MultiPolygon","coordinates":[[[[11.643399,51.1624759],[11.6430251,51.1626074],[11.6428427,51.1628133],[11.6421509,51.1632331],[11.6425917,51.1636845],[11.6437322,51.164494],[11.6439914,51.1643802],[11.6436389,51.1633626],[11.6437011,51.1632879],[11.644147,51.1631936],[11.6447743,51.1630538],[11.6452594,51.1628762],[11.6438732,51.1614579],[11.6429339,51.1619154],[11.643399,51.1624759]]]]}},{"type":"Feature","properties":{"osm_id":"1460594869","code":7216,"fclass":"vineyard","name":null},"geometry":{"type":"MultiPolygon","coordinates":[[[[11.7540702,51.1539614],[11.7535955,51.1538285],[11.7537028,51.1537125],[11.7538154,51.153736],[11.7540622,51.1537697],[11.7542204,51.1538285],[11.7540702,51.1539614]]]]}},{"type":"Feature","properties":{"osm_id":"1460594870","code":7216,"fclass":"vineyard","name":null},"geometry":{"type":"MultiPolygon","coordinates":[[[[11.752359,51.1547707],[11.7523482,51.1546487],[11.7525923,51.1546243],[11.7526674,51.1546243],[11.7527278,51.1547286],[11.7527197,51.1549019],[11.752356,51.1549053],[11.752359,51.1547707]]]]}},{"type":"Feature","properties":{"osm_id":"1460594871","code":7216,"fclass":"vineyard","name":null},"geometry":{"type":"MultiPolygon","coordinates":[[[[11.7530295,51.1543358],[11.7525507,51.1543593],[11.7525454,51.1543063],[11.7524555,51.1542903],[11.7524555,51.1542071],[11.7525494,51.1541583],[11.7526124,51.1541558],[11.7526741,51.1542155],[11.7526902,51.1542777],[11.7529885,51.1542699],[11.7530295,51.1543358]]]]}},{"type":"Feature","properties":{"osm_id":"1460594872","code":7216,"fclass":"vineyard","name":null},"geometry":{"type":"MultiPolygon","coordinates":[[[[11.7530295,51.1543358],[11.7532347,51.154324],[11.7533246,51.1541978],[11.7533125,51.154096],[11.7533071,51.1540355],[11.7532857,51.15398],[11.7531261,51.1539858],[11.753055,51.1540447],[11.752992,51.1540918],[11.7529383,51.154107],[11.7528914,51.1541137],[11.7529885,51.1542699],[11.7530295,51.1543358]]]]}},{"type":"Feature","properties":{"osm_id":"1482231447","code":7216,"fclass":"vineyard","name":"Stocksdorfer Berg"},"geometry":{"type":"MultiPolygon","coordinates":[[[[12.1800655,51.0480534],[12.179876,51.0479797],[12.1802315,51.0476739],[12.180296,51.047707],[12.1803273,51.04775],[12.1803331,51.0477906],[12.1803312,51.0478311],[12.1803175,51.0478618],[12.1802863,51.0478876],[12.1800655,51.0480534]]]]}},{"type":"Feature","properties":{"osm_id":"1484235472","code":7216,"fclass":"vineyard","name":null},"geometry":{"type":"MultiPolygon","coordinates":[[[[11.6477394,51.2997544],[11.6479244,51.2997412],[11.6479556,51.2990747],[11.6477447,51.299066],[11.6477394,51.2997544]]]]}},{"type":"Feature","properties":{"osm_id":"1484235479","code":7216,"fclass":"vineyard","name":null},"geometry":{"type":"MultiPolygon","coordinates":[[[[11.6516407,51.2983549],[11.6515616,51.2985184],[11.6514932,51.2985478],[11.6506361,51.298532],[11.6501739,51.2985174],[11.6501641,51.2983216],[11.6512236,51.2983306],[11.6516407,51.2983549]]]]}},{"type":"Feature","properties":{"osm_id":"2337328","code":7216,"fclass":"vineyard","name":"Memlebener Steinklöbe"},"geometry":{"type":"MultiPolygon","coordinates":[[[[11.5009268,51.2795389],[11.4999485,51.2783127],[11.4987919,51.2786798],[11.4982258,51.2788744],[11.4979367,51.2789714],[11.4976691,51.2790533],[11.4972277,51.2791699],[11.4969534,51.2792369],[11.4966422,51.2792908],[11.4964422,51.2793201],[11.4962172,51.2793423],[11.4960494,51.2793529],[11.495895,51.2793554],[11.4957055,51.2793435],[11.4956885,51.2793678],[11.4956661,51.2793999],[11.495704,51.2794623],[11.496384,51.2803016],[11.4972291,51.2813504],[11.4972691,51.2813824],[11.4974491,51.281301],[11.497829,51.2811246],[11.4991373,51.2805165],[11.4996123,51.280253],[11.5000245,51.2799952],[11.5002351,51.2798466],[11.5004719,51.2797016],[11.5006772,51.2796145],[11.5009268,51.2795389]]]]}},{"type":"Feature","properties":{"osm_id":"2573135","code":7216,"fclass":"vineyard","name":"Frölich-Hake"},"geometry":{"type":"MultiPolygon","coordinates":[[[[11.8713461,51.1631447],[11.8708507,51.1630638],[11.8704181,51.1630304],[11.8700407,51.1630773],[11.8696992,51.1632255],[11.8695168,51.1634105],[11.869481,51.1635541],[11.870505,51.163781],[11.8716495,51.1640347],[11.8731436,51.1643658],[11.8738017,51.1645117],[11.8740047,51.1642707],[11.8741501,51.1639778],[11.8737464,51.1641125],[11.8734818,51.1640574],[11.8733827,51.1639451],[11.8733359,51.1637854],[11.8731551,51.1635004],[11.8726842,51.1633704],[11.8713461,51.1631447]]]]}},{"type":"Feature","properties":{"osm_id":"2574066","code":7216,"fclass":"vineyard","name":"Gröster Steinberg"},"geometry":{"type":"MultiPolygon","coordinates":[[[[11.8348041,51.267384],[11.8342444,51.2673335],[11.8338821,51.267245],[11.8337192,51.2671431],[11.8336039,51.2670581],[11.8334779,51.2669974],[11.8333378,51.2670064],[11.8331845,51.2670334],[11.8329294,51.2670033],[11.8330676,51.2664397],[11.8332084,51.2655399],[11.8369119,51.2657116],[11.8398281,51.2658487],[11.8397637,51.2664327],[11.839753,51.2667952],[11.8397852,51.2676075],[11.8382295,51.2675001],[11.8368148,51.267465],[11.8358477,51.2673927],[11.8353056,51.2673984],[11.8348041,51.267384]],[[11.8366994,51.2673566],[11.836753,51.2671552],[11.8368067,51.2667357],[11.8367745,51.2663598],[11.8366618,51.2667357],[11.8366243,51.2669572],[11.8366886,51.2671217],[11.8366082,51.2672996],[11.8366994,51.2673566]],[[11.8386359,51.2665142],[11.8384777,51.2665242],[11.8384026,51.2665729],[11.8383087,51.2667307],[11.8383757,51.2668129],[11.8384133,51.2669035],[11.8385313,51.2669388],[11.8386466,51.2668884],[11.8388237,51.2668649],[11.8389605,51.2669085],[11.839116,51.2669102],[11.8391911,51.2668112],[11.839159,51.2667055],[11.8390865,51.2666551],[11.8389229,51.2666535],[11.8388183,51.2666434],[11.8388344,51.2665393],[11.8387781,51.2665142],[11.8386359,51.2665142]]]]}},{"type":"Feature","properties":{"osm_id":"14772900","code":7216,"fclass":"vineyard","name":"Sonneck"},"geometry":{"type":"MultiPolygon","coordinates":[[[[11.8023277,51.1776009],[11.8018235,51.177722],[11.8009526,51.1778029],[11.8008667,51.1776078],[11.8003536,51.1776716],[11.8003611,51.1777253],[11.8003858,51.1779036],[11.8004376,51.1780551],[11.8019557,51.1778802],[11.8023814,51.1778363],[11.8023975,51.1778767],[11.8034417,51.1778096],[11.8034297,51.1777028],[11.8034285,51.1775496],[11.8036737,51.1775275],[11.8041476,51.1774857],[11.804076,51.1773276],[11.8034426,51.1774159],[11.8033397,51.1772883],[11.802755,51.1772883],[11.802258,51.1773319],[11.8021864,51.1772682],[11.8020756,51.177268],[11.8020201,51.1773522],[11.8020702,51.1775135],[11.8023098,51.1775137],[11.8023277,51.1776009]]]]}},{"type":"Feature","properties":{"osm_id":"14772902","code":7216,"fclass":"vineyard","name":"Sonneck"},"geometry":{"type":"MultiPolygon","coordinates":[[[[11.8043369,51.1769565],[11.8042679,51.1769548],[11.8042667,51.1770515],[11.8042591,51.1771324],[11.8036737,51.1770959],[11.8036749,51.1769802],[11.8033209,51.1769881],[11.8032209,51.1769536],[11.8031023,51.176983],[11.8030957,51.1770368],[11.8026853,51.1770747],[11.802649,51.177036],[11.8024693,51.1770377],[11.802236,51.1769998],[11.8022199,51.1769628],[11.8032598,51.1768922],[11.8032539,51.1768561],[11.803477,51.1768174],[11.8038995,51.1767787],[11.8042194,51.1767754],[11.8046136,51.1768073],[11.8046512,51.1769906],[11.8043369,51.1769565]]]]}},{"type":"Feature","properties":{"osm_id":"15477862","code":7216,"fclass":"vineyard","name":"Städtischer Weinberg St. Bruno"},"geometry":{"type":"MultiPolygon","coordinates":[[[[11.5747411,51.373897],[11.574795,51.3738586],[11.574821,51.37384],[11.5748746,51.3737998],[11.5754779,51.3740193],[11.5756203,51.374071],[11.5743435,51.3753536],[11.5732625,51.3749997],[11.5747411,51.373897]]]]}},{"type":"Feature","properties":{"osm_id":"19375716","code":7216,"fclass":"vineyard","name":"Himmelreich"},"geometry":{"type":"MultiPolygon","coordinates":[[[[11.72444,51.2264991],[11.724364,51.2265579],[11.7233795,51.2269074],[11.7232719,51.226835],[11.7231443,51.2267801],[11.7229486,51.2266041],[11.7229486,51.226537],[11.7233402,51.2264698],[11.723587,51.2263455],[11.7239303,51.2261607],[11.7241931,51.2259934],[11.7246679,51.2258036],[11.7252338,51.2256524],[11.7257848,51.2254801],[11.7260595,51.2255341],[11.7263247,51.2255862],[11.7265508,51.2256709],[11.7267546,51.2257844],[11.7268351,51.2259071],[11.7259071,51.2260683],[11.7251492,51.2262758],[11.724635,51.2263482],[11.72444,51.2264991]]]]}}]}