{
"type": "FeatureCollection",
"name": "Coteaux-du-Giennois",
"crs": { "type": "name", "properties": { "name": "urn:ogc:def:crs:OGC:1.3:CRS84" } },
"features": [
{ "type": "Feature", "properties": { "Name": null, "id": "" }, "geometry": { "type": "MultiPolygon", "coordinates": [ [ [ [ 2.82639349155787, 47.525016214140003 ], [ 2.82628399025326, 47.524687765894697 ], [ 2.82619805702022, 47.524631828432703 ], [ 2.82515203954652, 47.524392084197999 ], [ 2.82505753487207, 47.524356926525698 ], [ 2.82485180097384, 47.524280644822802 ], [ 2.8245831626231, 47.524178163721103 ], [ 2.82408424716772, 47.5239876599612 ], [ 2.82403699685583, 47.523969675632202 ], [ 2.82356478458793, 47.523823047314799 ], [ 2.82349017218697, 47.523801060678998 ], [ 2.82336564826871, 47.5237622555576 ], [ 2.82322732177185, 47.523718028462397 ], [ 2.82278367611213, 47.523654434265303 ], [ 2.82223232557177, 47.523610207476203 ], [ 2.8219328937095, 47.523618842008403 ], [ 2.82117644644534, 47.523747756005903 ], [ 2.82027694023817, 47.523777067872103 ], [ 2.82021220871864, 47.523860142078803 ], [ 2.81927406408748, 47.524901516988002 ], [ 2.82154397445057, 47.525594619641701 ], [ 2.82181374413105, 47.5256770360389 ], [ 2.82505992213207, 47.526755562138398 ], [ 2.82509808992418, 47.526707011287101 ], [ 2.82573343630985, 47.525944815135801 ], [ 2.82625856333406, 47.525315043292302 ], [ 2.82635993490988, 47.525159738253898 ], [ 2.82639349155787, 47.525016214140003 ] ] ], [ [ [ 2.83136096752528, 47.526822636818601 ], [ 2.83096566443223, 47.526421767503301 ], [ 2.83035017211005, 47.525974308803299 ], [ 2.82969722802653, 47.525647502250997 ], [ 2.82960773862578, 47.525621627175497 ], [ 2.82925517527585, 47.525493830011101 ], [ 2.8288407282355, 47.5253523486506 ], [ 2.82831251818345, 47.525171721779898 ], [ 2.82808936769703, 47.525095330165698 ], [ 2.82790683814087, 47.525033040449401 ], [ 2.82727301595692, 47.524883578134698 ], [ 2.82651530216357, 47.524704943183501 ], [ 2.8264673643326, 47.524734576823597 ], [ 2.82655935836526, 47.525011690231302 ], [ 2.82650571505483, 47.525202352412897 ], [ 2.82640725464661, 47.525361622573499 ], [ 2.82622687052331, 47.5255800904918 ], [ 2.82609345122054, 47.525741108546498 ], [ 2.82655326943898, 47.525946757894403 ], [ 2.82741479094652, 47.526332130734403 ], [ 2.82628527168973, 47.527116464384001 ], [ 2.8252848284117, 47.527800523625402 ], [ 2.82581554207593, 47.528237440333001 ], [ 2.82575839087748, 47.528279211890997 ], [ 2.82623729553137, 47.528670681588203 ], [ 2.82667908457892, 47.529034189433197 ], [ 2.8267204394091, 47.529068546594303 ], [ 2.82673846620421, 47.529083425849301 ], [ 2.82678313466997, 47.529120578374503 ], [ 2.8269861994739, 47.529289027777402 ], [ 2.82708986290246, 47.529371995292202 ], [ 2.82716488206634, 47.529435477029303 ], [ 2.82741696909905, 47.529281384871403 ], [ 2.82758791594001, 47.5293954166536 ], [ 2.82778537549668, 47.5295309108918 ], [ 2.82801563271524, 47.5293867768561 ], [ 2.82839452981827, 47.529143124706799 ], [ 2.82820532896962, 47.529001792674599 ], [ 2.82806865694859, 47.528892223058797 ], [ 2.82800542243368, 47.528842261513702 ], [ 2.82790119919193, 47.528767935400303 ], [ 2.82762152933714, 47.5285743501532 ], [ 2.82754382144302, 47.528520586320099 ], [ 2.82749608284085, 47.528487570220797 ], [ 2.82755974656491, 47.528445357374999 ], [ 2.82768915432705, 47.528540154426103 ], [ 2.82811372524361, 47.5288465619265 ], [ 2.82820508274877, 47.528912947574703 ], [ 2.82843958678492, 47.529100974019499 ], [ 2.82916612053918, 47.528618930733401 ], [ 2.82899112530022, 47.5285237984247 ], [ 2.82994302278723, 47.527840627029903 ], [ 2.83136096752528, 47.526822636818601 ] ] ], [ [ [ 2.83724052598441, 47.532549188681301 ], [ 2.83698025554512, 47.532383557970903 ], [ 2.8368637940991, 47.532306252425698 ], [ 2.83680318441358, 47.5322632305623 ], [ 2.83662406147036, 47.532118686027701 ], [ 2.83660209774322, 47.532086069900799 ], [ 2.83656163046066, 47.532019402247002 ], [ 2.83651917869515, 47.531949761306599 ], [ 2.83638701219166, 47.531793130218198 ], [ 2.83609733760512, 47.5315095368152 ], [ 2.83602343462456, 47.531554440299502 ], [ 2.83602255657035, 47.531580723385702 ], [ 2.83591686332043, 47.531633593402901 ], [ 2.8356681999886, 47.531369949889303 ], [ 2.83559496269172, 47.531371196862203 ], [ 2.83544666059147, 47.5313628863139 ], [ 2.83494703483347, 47.531454445261502 ], [ 2.83487950335078, 47.5314586703511 ], [ 2.83472433481468, 47.531478793838403 ], [ 2.83463617971925, 47.531490280749097 ], [ 2.83503499366062, 47.531937409108203 ], [ 2.83515115087535, 47.532026057930999 ], [ 2.83422154532402, 47.532504428583003 ], [ 2.8344709775204, 47.532733780511101 ], [ 2.83465931268704, 47.532906786038602 ], [ 2.83473222724647, 47.532967649365403 ], [ 2.83480172264855, 47.532973688824498 ], [ 2.83555507762857, 47.532585349999302 ], [ 2.83566410643893, 47.532529064472101 ], [ 2.83587191228543, 47.532421969577598 ], [ 2.83597281982089, 47.532369903019401 ], [ 2.83600932342107, 47.532385346892703 ], [ 2.83604662313498, 47.532401241947703 ], [ 2.83520264042075, 47.532828432299198 ], [ 2.8350290303878, 47.532922612250303 ], [ 2.83474917749461, 47.533073980795699 ], [ 2.83516134865903, 47.533417700381001 ], [ 2.8354642868866, 47.533280135703301 ], [ 2.83559138882591, 47.533225406014203 ], [ 2.83646099604661, 47.532851807642999 ], [ 2.83684046960718, 47.5327195675426 ], [ 2.83724052598441, 47.532549188681301 ] ] ], [ [ [ 2.83474917749461, 47.533073980795699 ], [ 2.83454904363269, 47.532890787020499 ], [ 2.83331990079204, 47.5335160789786 ], [ 2.83308413941283, 47.5336340210443 ], [ 2.83288684975108, 47.533732754626598 ], [ 2.83286289572288, 47.5337420818216 ], [ 2.83278185144278, 47.533773560782002 ], [ 2.83246565677628, 47.533896787086 ], [ 2.83236744528231, 47.533934812161696 ], [ 2.8322573885969, 47.533977770922199 ], [ 2.83313281655694, 47.534774486824197 ], [ 2.83322646030013, 47.534709720228498 ], [ 2.83330425182148, 47.534656092712801 ], [ 2.83356662298878, 47.534488320111002 ], [ 2.83363375499243, 47.534442868490302 ], [ 2.83403521210066, 47.534171236212799 ], [ 2.8349234152177, 47.533724043883701 ], [ 2.83532255952497, 47.5335521401257 ], [ 2.83474917749461, 47.533073980795699 ] ] ], [ [ [ 2.80456996748009, 47.563533725281097 ], [ 2.80345228310831, 47.562783745511297 ], [ 2.80280811078586, 47.562344922714402 ], [ 2.80274252798253, 47.562386398089501 ], [ 2.80229577896429, 47.5625781807613 ], [ 2.80211701613274, 47.562657359610498 ], [ 2.80202484028474, 47.5626973492502 ], [ 2.80186965481457, 47.562765946131499 ], [ 2.80166614737873, 47.562882977943502 ], [ 2.80155168195261, 47.562944442537301 ], [ 2.80150557687162, 47.562968937786799 ], [ 2.80143760787019, 47.563007887980397 ], [ 2.80134057842649, 47.563065331432199 ], [ 2.80125674441133, 47.563114786081002 ], [ 2.8011100184316, 47.563196718349602 ], [ 2.80104657750231, 47.563233785748203 ], [ 2.80097700224421, 47.563275343321401 ], [ 2.800911047754, 47.563308805817499 ], [ 2.80075048827638, 47.563426809427099 ], [ 2.8006096108565, 47.563544756437203 ], [ 2.80056945542725, 47.563578352840899 ], [ 2.80051142189293, 47.563627310965401 ], [ 2.80042031570786, 47.563700606137303 ], [ 2.80038601395009, 47.5637335823954 ], [ 2.80034361926651, 47.563761324011701 ], [ 2.800240784596, 47.563841259963297 ], [ 2.80003619947384, 47.563995462597198 ], [ 2.79982764823326, 47.5641075317603 ], [ 2.79960617843343, 47.564224259055798 ], [ 2.80078674248815, 47.564939277333103 ], [ 2.80098485570662, 47.565059153267001 ], [ 2.80195964945908, 47.565647519355501 ], [ 2.80204406611948, 47.565585283346202 ], [ 2.80213075715076, 47.565519360582599 ], [ 2.80231119890687, 47.565384376350899 ], [ 2.802364945607, 47.565343871370601 ], [ 2.80240841243435, 47.565313970535499 ], [ 2.80245269447706, 47.5652793903676 ], [ 2.80248444079572, 47.565254060340202 ], [ 2.80263047607178, 47.565144041070802 ], [ 2.80269889175879, 47.565092669125903 ], [ 2.80281705323745, 47.565003575597302 ], [ 2.80286266302792, 47.564969447580502 ], [ 2.80291788054868, 47.564998705216198 ], [ 2.80307331825475, 47.564863047441499 ], [ 2.80311161051555, 47.564829627080897 ], [ 2.80315779404414, 47.564784068210699 ], [ 2.80335253489442, 47.564592848063299 ], [ 2.8034129793809, 47.564502666464399 ], [ 2.8037440114639, 47.564173054523401 ], [ 2.80376296591972, 47.564154093571197 ], [ 2.80406304658525, 47.564176381194599 ], [ 2.80408854058222, 47.5641511302317 ], [ 2.80413236151592, 47.564096655664301 ], [ 2.80418441920589, 47.564044535254098 ], [ 2.80423864288873, 47.563981976893899 ], [ 2.80434561841385, 47.563859197974303 ], [ 2.80453425520598, 47.563589473801201 ], [ 2.80456996748009, 47.563533725281097 ] ] ], [ [ [ 2.8108067703774, 47.5559932138679 ], [ 2.81044551165284, 47.555761291918699 ], [ 2.81025621449701, 47.555858649116701 ], [ 2.81018454637251, 47.555895168128202 ], [ 2.81013778679553, 47.555919575779299 ], [ 2.81008130177793, 47.555949188376999 ], [ 2.80996927002997, 47.556006254686999 ], [ 2.80986642391572, 47.556060275392497 ], [ 2.80976716844991, 47.556114121834497 ], [ 2.80961517159602, 47.556191645759 ], [ 2.80936978933105, 47.556317264289497 ], [ 2.80915956155685, 47.5564286276282 ], [ 2.80904592315371, 47.5564882107982 ], [ 2.80892828986652, 47.556549317546398 ], [ 2.80885528568115, 47.556587093735999 ], [ 2.80840020305177, 47.556823443371997 ], [ 2.80836250594105, 47.556841744252701 ], [ 2.80828643547834, 47.556881495347199 ], [ 2.80824180399885, 47.556905275630399 ], [ 2.80814981942942, 47.556970114309102 ], [ 2.80806263815763, 47.557030370116003 ], [ 2.80795238146933, 47.557110300877802 ], [ 2.80789252273627, 47.557152958840597 ], [ 2.80777720477026, 47.557235041427198 ], [ 2.80771775212675, 47.557275629651301 ], [ 2.80765055580868, 47.557324846394401 ], [ 2.80761213684435, 47.557358808228699 ], [ 2.80761026937605, 47.557360425395899 ], [ 2.80756891488402, 47.557397172799597 ], [ 2.80751475461522, 47.557445060760401 ], [ 2.80743765034351, 47.557512983883299 ], [ 2.80738669063528, 47.557558266667499 ], [ 2.80736133463994, 47.557583428639802 ], [ 2.80733691268782, 47.5576076920118 ], [ 2.80725240864783, 47.557699366408002 ], [ 2.80719740026235, 47.557761024912701 ], [ 2.8071714975685, 47.557790236555199 ], [ 2.80717109701953, 47.557790685961699 ], [ 2.80711702317097, 47.557851265806299 ], [ 2.80710459864988, 47.557867267702598 ], [ 2.8070838675987, 47.557900448479401 ], [ 2.80705085176452, 47.5579477410853 ], [ 2.80701730104454, 47.557995842919198 ], [ 2.80698576797836, 47.558037557107802 ], [ 2.80695928111749, 47.558081169925799 ], [ 2.80692828311084, 47.558121984845599 ], [ 2.80687320496688, 47.558202725974901 ], [ 2.8068224043463, 47.558277263214002 ], [ 2.80673216558568, 47.558409793925101 ], [ 2.80670449228479, 47.558450434260401 ], [ 2.80667000065772, 47.558501144821399 ], [ 2.80666906526148, 47.558502403462697 ], [ 2.80662316750545, 47.558544813845302 ], [ 2.80662089908087, 47.558546970413197 ], [ 2.80652136296998, 47.558639429444597 ], [ 2.80643050919043, 47.558684375572902 ], [ 2.80632446843228, 47.558736857564803 ], [ 2.80629583587124, 47.558748511801099 ], [ 2.80615512719536, 47.558790044410898 ], [ 2.80606939948769, 47.5588147456969 ], [ 2.80594997670608, 47.558853613033499 ], [ 2.80584267729586, 47.558886289482999 ], [ 2.8056991675154, 47.5589299772071 ], [ 2.80559572781992, 47.558998215256501 ], [ 2.80565282592768, 47.559020993841997 ], [ 2.80576344168899, 47.559063844556398 ], [ 2.8057958432536, 47.559076320388897 ], [ 2.80618864767319, 47.559227386495202 ], [ 2.8062971392403, 47.559269513059299 ], [ 2.80659606442117, 47.559383336228002 ], [ 2.8065598730047, 47.559425852674302 ], [ 2.80650612050165, 47.559543951440901 ], [ 2.80648302707323, 47.559604942381 ], [ 2.80647164819693, 47.559662532231698 ], [ 2.80646417884037, 47.5597054563436 ], [ 2.80644344210035, 47.559776622721401 ], [ 2.80643367944416, 47.559828544386598 ], [ 2.80642255958165, 47.559888024942197 ], [ 2.80642175906201, 47.559925469281801 ], [ 2.80596997168237, 47.559866029820199 ], [ 2.80596116582383, 47.5600205685666 ], [ 2.80595164468224, 47.5601889682072 ], [ 2.80641916244793, 47.560201806779901 ], [ 2.80640183360651, 47.560396747496398 ], [ 2.80669466964458, 47.560431078224802 ], [ 2.80680499075125, 47.560446113225098 ], [ 2.80687835730356, 47.560457126350798 ], [ 2.80706522273319, 47.560487050027298 ], [ 2.80759608777931, 47.560118060907598 ], [ 2.8076206703086, 47.560086416658301 ], [ 2.80763817210968, 47.560063852102601 ], [ 2.80765179931506, 47.560046321917902 ], [ 2.8077439817835, 47.559928105970798 ], [ 2.80777177055792, 47.559892326344503 ], [ 2.80790657079097, 47.559719182153799 ], [ 2.80795680345177, 47.559654635074097 ], [ 2.80797390409014, 47.559632609885099 ], [ 2.8079910040677, 47.559610764719601 ], [ 2.80804123652464, 47.559546217600001 ], [ 2.80815866276626, 47.5593967180885 ], [ 2.80824923626813, 47.5592815595258 ], [ 2.80825369263201, 47.559114321486803 ], [ 2.80829035273845, 47.559088997889702 ], [ 2.80838486833746, 47.559023893278898 ], [ 2.8084920482244, 47.558949988042599 ], [ 2.80853777317531, 47.558918378291096 ], [ 2.80858046311431, 47.558880192543398 ], [ 2.80862635477099, 47.558839131594901 ], [ 2.80865436999748, 47.558814063738801 ], [ 2.80866334781213, 47.558794995567403 ], [ 2.80868867517819, 47.5587406688512 ], [ 2.80870542461308, 47.558705140919201 ], [ 2.8087375849473, 47.558636513220897 ], [ 2.80889208610334, 47.558418753307599 ], [ 2.80891814784675, 47.5583820704178 ], [ 2.80896115429853, 47.558366748516796 ], [ 2.80899697034426, 47.5583541152373 ], [ 2.80916127194544, 47.558295965263703 ], [ 2.80918310770648, 47.558288259807199 ], [ 2.80919486623117, 47.558235170963897 ], [ 2.80919581216692, 47.558230941867599 ], [ 2.80924693871715, 47.558026874420698 ], [ 2.80944243205862, 47.558059148801597 ], [ 2.80949613936611, 47.557951490124303 ], [ 2.80955024891097, 47.557842841922799 ], [ 2.80939506951091, 47.557767246989002 ], [ 2.80943604485247, 47.557687381757702 ], [ 2.80946925395771, 47.557622536115197 ], [ 2.80951513711542, 47.557583365068602 ], [ 2.80958249515887, 47.557525686234101 ], [ 2.8097517562058, 47.557380860287701 ], [ 2.80994826797923, 47.557088726001098 ], [ 2.81000842434573, 47.556999260323202 ], [ 2.81006590633917, 47.556913930888399 ], [ 2.81016942934402, 47.556744603512101 ], [ 2.81028284913511, 47.5565590896502 ], [ 2.81034116349979, 47.556463769888502 ], [ 2.81042821311485, 47.556477143415698 ], [ 2.81050095392427, 47.556438285648603 ], [ 2.81059114676875, 47.5563901847569 ], [ 2.81066908279647, 47.5563486349063 ], [ 2.81072397097804, 47.556319379493701 ], [ 2.81077646147205, 47.556291290344397 ], [ 2.81061501831164, 47.556182921794701 ], [ 2.81066532506047, 47.556133135827103 ], [ 2.8108067703774, 47.5559932138679 ] ] ], [ [ [ 2.81261012484521, 47.552921971872401 ], [ 2.81186342347326, 47.552688713946999 ], [ 2.81182900814806, 47.5527579691556 ], [ 2.81179472696414, 47.552826864512603 ], [ 2.81166814758026, 47.552788584308097 ], [ 2.81165008090384, 47.552821680259797 ], [ 2.81162251198791, 47.552872313577097 ], [ 2.81158918880768, 47.5529333792065 ], [ 2.81144269249969, 47.552887235374001 ], [ 2.81140526217509, 47.552944063656902 ], [ 2.81136139000703, 47.553055429941701 ], [ 2.81104713088761, 47.553337114880499 ], [ 2.81080434600622, 47.553484884205503 ], [ 2.81055642035174, 47.5536571284456 ], [ 2.80993734988693, 47.553914011116198 ], [ 2.80984401973014, 47.553947974261497 ], [ 2.80973870652754, 47.553986418480001 ], [ 2.80969199207788, 47.553886516877597 ], [ 2.80951751180698, 47.553931869109 ], [ 2.80927595457752, 47.553994484097203 ], [ 2.80934373795916, 47.554077317665701 ], [ 2.80907862551264, 47.554257001783903 ], [ 2.80886241628464, 47.554072389290397 ], [ 2.80869596098294, 47.554104251359497 ], [ 2.80859471233796, 47.554121277907903 ], [ 2.80851051564101, 47.554166416692397 ], [ 2.80848613543839, 47.554179608704601 ], [ 2.80840808215013, 47.5542542820506 ], [ 2.80836887809634, 47.554322538175398 ], [ 2.80832993117097, 47.554356139369197 ], [ 2.80829071826332, 47.554389740112398 ], [ 2.80819702307863, 47.554450795507798 ], [ 2.80810731571919, 47.554512127428502 ], [ 2.80848064038416, 47.554859744396602 ], [ 2.80893639276098, 47.5550636530483 ], [ 2.80905906032909, 47.5551184923102 ], [ 2.80914203995711, 47.555153823521998 ], [ 2.80975068266746, 47.5554408817436 ], [ 2.81024215879258, 47.555697771595199 ], [ 2.81034574267604, 47.555697850045298 ], [ 2.81049041032811, 47.555624093826403 ], [ 2.81051361949466, 47.555603698397697 ], [ 2.81064900812546, 47.5554841098769 ], [ 2.81067928718085, 47.555457334910002 ], [ 2.81075371638074, 47.55539183562 ], [ 2.81076932284508, 47.555377998811899 ], [ 2.81081388076056, 47.555336754747998 ], [ 2.81083163540281, 47.555317070517297 ], [ 2.81091396701294, 47.555235291435302 ], [ 2.81094960815687, 47.5551961931939 ], [ 2.81107652870717, 47.555064168523103 ], [ 2.81115793863412, 47.554979597338402 ], [ 2.81125029235704, 47.554883522032398 ], [ 2.8113376371368, 47.554774926624198 ], [ 2.81137263982537, 47.554728176036498 ], [ 2.81141283866073, 47.554678463381798 ], [ 2.81152008152197, 47.554545326215802 ], [ 2.8115374516561, 47.554521410598603 ], [ 2.81163267011401, 47.554404366371102 ], [ 2.81172923462184, 47.554282553497899 ], [ 2.81187454799832, 47.5540992496882 ], [ 2.81194106018076, 47.554015464017198 ], [ 2.81205005521528, 47.553874857997997 ], [ 2.81215932624429, 47.553693386009201 ], [ 2.81235914083923, 47.553361826404704 ], [ 2.81241838886854, 47.553263626522998 ], [ 2.81245356237779, 47.553205534101899 ], [ 2.81248968455318, 47.553142312401 ], [ 2.81251871570053, 47.553091591223101 ], [ 2.81253878269401, 47.553056698078599 ], [ 2.81257916106833, 47.5529930331165 ], [ 2.81261012484521, 47.552921971872401 ] ] ], [ [ [ 2.8126245476422, 47.5535489418845 ], [ 2.81242571381858, 47.553487592882 ], [ 2.81216891532555, 47.5539160057766 ], [ 2.81203188564452, 47.554088431638597 ], [ 2.81192542376999, 47.554226971392502 ], [ 2.81177076831835, 47.554419981675302 ], [ 2.81160596150975, 47.554625667293202 ], [ 2.81144341737752, 47.554830366165099 ], [ 2.8113678218734, 47.554925388561799 ], [ 2.81113200552622, 47.555168944441697 ], [ 2.8109966667643, 47.555312567308597 ], [ 2.81092687374349, 47.5553832050579 ], [ 2.81128120383543, 47.5555060176195 ], [ 2.81135112792924, 47.555435829944003 ], [ 2.81147982681162, 47.555289585543797 ], [ 2.81163880971533, 47.555114765504399 ], [ 2.81162938241686, 47.554997732306603 ], [ 2.81171594065689, 47.554923520636002 ], [ 2.81185193703338, 47.5549700071888 ], [ 2.81202366397008, 47.5547627121612 ], [ 2.81216689104282, 47.554492091235801 ], [ 2.8123214063249, 47.554149297146303 ], [ 2.8126245476422, 47.5535489418845 ] ] ], [ [ [ 2.81019851845998, 47.555742527465803 ], [ 2.8099799168131, 47.555629654306003 ], [ 2.80969866858688, 47.555484633623202 ], [ 2.8094225601818, 47.555352942692302 ], [ 2.80921813866504, 47.555254313429302 ], [ 2.80909627968561, 47.555196325178599 ], [ 2.80867940276047, 47.555015524480503 ], [ 2.8084233167904, 47.554900786587602 ], [ 2.80817878462019, 47.554679220685401 ], [ 2.80765396880289, 47.555083058681802 ], [ 2.80751727631617, 47.555230815936497 ], [ 2.80735428564663, 47.5554069739593 ], [ 2.80716431259177, 47.5556167523036 ], [ 2.80689634669281, 47.555735577298897 ], [ 2.80681283843548, 47.5558098804417 ], [ 2.80671692399312, 47.555895144649703 ], [ 2.80633405031885, 47.556202446793399 ], [ 2.80617295179991, 47.556331619039 ], [ 2.80596082625701, 47.556524345925197 ], [ 2.80580797178208, 47.556653081293902 ], [ 2.80569894157487, 47.556797281816102 ], [ 2.80554949897667, 47.556755356418499 ], [ 2.80557883585808, 47.556805723014399 ], [ 2.8055020411681, 47.557007405844203 ], [ 2.80547585097692, 47.557078923107099 ], [ 2.80544026733463, 47.557210373851198 ], [ 2.80538986728045, 47.557393737786803 ], [ 2.80527039552435, 47.557702285510203 ], [ 2.80525216050345, 47.557926029179001 ], [ 2.80524418357942, 47.557998566915202 ], [ 2.80523789319586, 47.558046173666398 ], [ 2.80522266455364, 47.558101686698301 ], [ 2.80558543659567, 47.558171602426803 ], [ 2.80660798028058, 47.558368721892599 ], [ 2.80674513801909, 47.558168758739498 ], [ 2.80683096049102, 47.558043871855197 ], [ 2.80691223896088, 47.557925188325299 ], [ 2.80697921169134, 47.557827814312397 ], [ 2.80699483187001, 47.557810647538297 ], [ 2.80709709983362, 47.557697489431 ], [ 2.80718908675893, 47.557595835992103 ], [ 2.80725901863533, 47.557525740855198 ], [ 2.80731628791961, 47.557463906021901 ], [ 2.80739230869604, 47.5574014720262 ], [ 2.80741124648346, 47.557386110945799 ], [ 2.80755144075681, 47.557264553738399 ], [ 2.80759890546881, 47.557229616691899 ], [ 2.80767755428513, 47.557175738144501 ], [ 2.80773754683628, 47.5571329004852 ], [ 2.80785299826326, 47.557050638126299 ], [ 2.80791392393334, 47.557007081801302 ], [ 2.80796938241, 47.556967747089701 ], [ 2.8080272391677, 47.556927066091802 ], [ 2.80808216235458, 47.556888630582002 ], [ 2.80814828360637, 47.556842292253201 ], [ 2.80827777365468, 47.556775444905703 ], [ 2.8084087289795, 47.5567077896957 ], [ 2.80845668839955, 47.556682934646197 ], [ 2.80859097273336, 47.5566138444754 ], [ 2.80877669211651, 47.556514593852498 ], [ 2.8088499560861, 47.556478528398202 ], [ 2.80897918132739, 47.556410869704997 ], [ 2.80902074696488, 47.556388974404797 ], [ 2.80911653325483, 47.556338813491003 ], [ 2.80912200147978, 47.556334231736599 ], [ 2.80913341067206, 47.556341631535503 ], [ 2.80915433540673, 47.556328163705899 ], [ 2.80914504957962, 47.556321937562402 ], [ 2.80922564220397, 47.556281473185201 ], [ 2.80940455397592, 47.556188871436099 ], [ 2.80949341029742, 47.556142839519502 ], [ 2.81019786096892, 47.5557779018188 ], [ 2.81019851845998, 47.555742527465803 ] ] ] ] } },
{ "type": "Feature", "properties": { "Name": null, "id": "" }, "geometry": { "type": "MultiPolygon", "coordinates": [ [ [ [ 2.86362703601013, 47.557998978477201 ], [ 2.86354107514446, 47.557344659191997 ], [ 2.86151131222182, 47.556948997577202 ], [ 2.86150981313447, 47.556963037922699 ], [ 2.86150654108115, 47.556994178751502 ], [ 2.86043109719917, 47.556874078958202 ], [ 2.86012440947957, 47.556842746914903 ], [ 2.85953471093243, 47.556828176201002 ], [ 2.85871964511838, 47.556805228537797 ], [ 2.85780073496714, 47.5567796282511 ], [ 2.85775200824296, 47.556801622182299 ], [ 2.85748492380991, 47.558026381433002 ], [ 2.85751876235447, 47.5580527967496 ], [ 2.85845475502852, 47.558013160097602 ], [ 2.85927637697967, 47.557977248602697 ], [ 2.86019681217062, 47.5579363190149 ], [ 2.86047675718535, 47.557924682381497 ], [ 2.8627406328513, 47.557837264600202 ], [ 2.86360112961312, 47.557989586776102 ], [ 2.86362703601013, 47.557998978477201 ] ] ], [ [ [ 2.85767516193161, 47.556797027763501 ], [ 2.85765356958347, 47.556766126737699 ], [ 2.85761155499314, 47.556764275186502 ], [ 2.85708530667148, 47.556742028348999 ], [ 2.85670172658731, 47.556724365156398 ], [ 2.85640549814054, 47.556711128920497 ], [ 2.85581583896646, 47.556682857376501 ], [ 2.8552743018221, 47.556660043385101 ], [ 2.85509973093157, 47.556651725433902 ], [ 2.85336344505405, 47.556576194554196 ], [ 2.85300011658521, 47.556593289913501 ], [ 2.85297259231028, 47.556592895169302 ], [ 2.85268910530169, 47.556588936958804 ], [ 2.85220449002327, 47.556563480173303 ], [ 2.852004964019, 47.556539643617803 ], [ 2.85185422947324, 47.556519289216702 ], [ 2.85181321616928, 47.556540120290997 ], [ 2.85187971159863, 47.556776760637902 ], [ 2.85195041297457, 47.556935364428199 ], [ 2.85213383277026, 47.557350199883501 ], [ 2.85217440316719, 47.557441615132298 ], [ 2.85226360309981, 47.557643538667797 ], [ 2.85229056133036, 47.5577046020355 ], [ 2.85233271702599, 47.557799979818597 ], [ 2.85239799942148, 47.557947594735197 ], [ 2.85243963850673, 47.558037570998302 ], [ 2.85267036542879, 47.558660036502197 ], [ 2.85271698718196, 47.558679448292203 ], [ 2.85299029574465, 47.558616963578103 ], [ 2.85327219776516, 47.558572491745899 ], [ 2.8536121091389, 47.558516480292703 ], [ 2.85394151019417, 47.558462074933203 ], [ 2.85398448215805, 47.558454657603697 ], [ 2.85454325276435, 47.558357060870001 ], [ 2.85470421866614, 47.558333677916401 ], [ 2.85491227621496, 47.558303692316798 ], [ 2.85504770005421, 47.558284057687899 ], [ 2.85515171329719, 47.558274735464202 ], [ 2.85535268997424, 47.558256802105703 ], [ 2.85549036293698, 47.558241310376303 ], [ 2.85560688601231, 47.5582282226732 ], [ 2.85576955667824, 47.558213391649403 ], [ 2.85608771532462, 47.558184350155301 ], [ 2.8563708955653, 47.558157245029399 ], [ 2.85661630160492, 47.558133333280203 ], [ 2.85680012382497, 47.5581151963137 ], [ 2.85727111981142, 47.558067976343402 ], [ 2.85736209988186, 47.558058906242003 ], [ 2.85740513948557, 47.558025833863098 ], [ 2.85747782442561, 47.557696652971899 ], [ 2.85755818275243, 47.557331925975703 ], [ 2.85767516193161, 47.556797027763501 ] ] ], [ [ [ 2.85256093904207, 47.5587030147449 ], [ 2.85252211833262, 47.558603410666798 ], [ 2.85238704236161, 47.558255697395502 ], [ 2.8523338204049, 47.558122589951701 ], [ 2.85227769090907, 47.557983087827097 ], [ 2.85223870766806, 47.557894555085099 ], [ 2.85222404020895, 47.557860961431302 ], [ 2.85215479728156, 47.557703169852701 ], [ 2.85213391621064, 47.557656516335001 ], [ 2.8520308299331, 47.557427300959603 ], [ 2.8520106094635, 47.557382268496397 ], [ 2.85175398195076, 47.556801984767198 ], [ 2.85173872813016, 47.556740306028402 ], [ 2.85168228155163, 47.556524471530103 ], [ 2.85164061399954, 47.556493543855098 ], [ 2.8513849628184, 47.556473775469101 ], [ 2.85082008465506, 47.556430117893697 ], [ 2.85037630111018, 47.556402185337802 ], [ 2.85029001627007, 47.556397123875797 ], [ 2.85004475350253, 47.556371785034997 ], [ 2.84983392279139, 47.556349280433302 ], [ 2.84967440411536, 47.556332242409098 ], [ 2.84941383939536, 47.556357920274003 ], [ 2.84939208182038, 47.556387416669303 ], [ 2.84957214905684, 47.5566155636334 ], [ 2.84959732338152, 47.556647730973097 ], [ 2.85011936142405, 47.557316484194601 ], [ 2.8503073690067, 47.557560482510503 ], [ 2.85047910070465, 47.557871519768398 ], [ 2.85053003624066, 47.557964569098999 ], [ 2.85059208355893, 47.5580785157901 ], [ 2.8507806342539, 47.558415497972597 ], [ 2.85083342648306, 47.558510709845301 ], [ 2.85102740447039, 47.558857689998298 ], [ 2.85125180225993, 47.559265017633898 ], [ 2.85130243443034, 47.559276873959597 ], [ 2.85145181845326, 47.559211714451003 ], [ 2.85158868662342, 47.559152119666898 ], [ 2.85177108306449, 47.559074579871798 ], [ 2.85185948679446, 47.559036436412498 ], [ 2.85210805529071, 47.558929095601897 ], [ 2.85226435868128, 47.558861603463697 ], [ 2.85232932950508, 47.5588336014983 ], [ 2.85253369937247, 47.558743666443803 ], [ 2.85256093904207, 47.5587030147449 ] ] ], [ [ [ 2.83208967861707, 47.566096773106999 ], [ 2.8320460531827, 47.566139916687703 ], [ 2.83201323403072, 47.5661723642311 ], [ 2.83198600548754, 47.566203289590298 ], [ 2.83195450603296, 47.566238979494699 ], [ 2.83192621062057, 47.566270803435103 ], [ 2.83187148929101, 47.566332023629499 ], [ 2.83181384729295, 47.566391529334297 ], [ 2.83199587522042, 47.566490536151001 ], [ 2.83201501400314, 47.566410001835997 ], [ 2.83203495608205, 47.5663277584189 ], [ 2.83204386595662, 47.566285735047501 ], [ 2.83205385138482, 47.566240022678599 ], [ 2.83206448537101, 47.566199532011403 ], [ 2.83207593089328, 47.566154721873097 ], [ 2.83208967861707, 47.566096773106999 ] ] ], [ [ [ 2.85118589322878, 47.559295268136303 ], [ 2.85099085582574, 47.558945766592203 ], [ 2.85092946677005, 47.558833531263403 ], [ 2.85088368771264, 47.558750570260202 ], [ 2.85083724767808, 47.558666258186697 ], [ 2.8507553435643, 47.558519701342902 ], [ 2.85073179128778, 47.558477544853197 ], [ 2.8506109891114, 47.558260637501199 ], [ 2.85058174776614, 47.5582082121403 ], [ 2.85046505067304, 47.557997880857698 ], [ 2.85036238158523, 47.557811961119498 ], [ 2.85023867890861, 47.557587218401103 ], [ 2.85007146870296, 47.557371691017202 ], [ 2.85000270338541, 47.557283119213302 ], [ 2.84964006237876, 47.556817371805003 ], [ 2.84931094797725, 47.556394783020501 ], [ 2.84925368993741, 47.5563759861938 ], [ 2.84912201666004, 47.556386887636002 ], [ 2.84906735204567, 47.5563914976278 ], [ 2.84897970304204, 47.5563986752909 ], [ 2.84873098642543, 47.556419326203603 ], [ 2.84865239088705, 47.5564224647458 ], [ 2.84855424617999, 47.556426387978497 ], [ 2.84849719487094, 47.556428564235198 ], [ 2.84827445012304, 47.556434215620598 ], [ 2.84821004188607, 47.556451684492004 ], [ 2.84800204883325, 47.556506952086501 ], [ 2.84796953350029, 47.556531573458599 ], [ 2.8479390178416, 47.556554397154798 ], [ 2.84789011228412, 47.556591148982299 ], [ 2.84781355704545, 47.556718238438101 ], [ 2.84777881960141, 47.556775981883099 ], [ 2.84771161682644, 47.5568873310756 ], [ 2.84760860755569, 47.5570580424599 ], [ 2.84751668581417, 47.557210765505502 ], [ 2.84734592444941, 47.557497955700903 ], [ 2.8473483512925, 47.557579421210001 ], [ 2.84746281632986, 47.557728543492203 ], [ 2.84765688060309, 47.557989926590302 ], [ 2.84777967321604, 47.558250586252001 ], [ 2.84778702094969, 47.558285341087398 ], [ 2.84779993986819, 47.558324963924903 ], [ 2.84781997906506, 47.558385839256502 ], [ 2.84787703999121, 47.5585679211515 ], [ 2.84793983822207, 47.558696632431399 ], [ 2.8479767085332, 47.558777692703302 ], [ 2.84801220808787, 47.5588264363032 ], [ 2.84809949206808, 47.558949148471299 ], [ 2.84811750010534, 47.5589762660017 ], [ 2.84822481653033, 47.559115836681897 ], [ 2.84830577136713, 47.559219907637001 ], [ 2.84831544969954, 47.5592301817669 ], [ 2.84848727919456, 47.559410702203998 ], [ 2.84891669335201, 47.559873208588897 ], [ 2.84897674633839, 47.5598924592299 ], [ 2.84941319887419, 47.559842075800802 ], [ 2.84944698678999, 47.559838248830502 ], [ 2.84949394507826, 47.559832548559598 ], [ 2.84962031920525, 47.559817499252198 ], [ 2.84969814305964, 47.559806797926697 ], [ 2.84981627861625, 47.559789487453799 ], [ 2.8498330409544, 47.559787078667703 ], [ 2.84993281757582, 47.559772444847901 ], [ 2.84993414788323, 47.5597722665322 ], [ 2.85003991082941, 47.559756830199703 ], [ 2.85032735466265, 47.559683388266997 ], [ 2.85041788004684, 47.559648129064101 ], [ 2.85052731311238, 47.559604072693297 ], [ 2.85064606815675, 47.559555167423902 ], [ 2.85078918311605, 47.559497381854001 ], [ 2.85079717093264, 47.559494151583699 ], [ 2.85083178479337, 47.559480153739202 ], [ 2.8510598445069, 47.559385030794601 ], [ 2.85116795749111, 47.559337101550703 ], [ 2.85118589322878, 47.559295268136303 ] ] ], [ [ [ 2.84884809412881, 47.559913535794003 ], [ 2.84859898835794, 47.559643262193198 ], [ 2.84852169885017, 47.559559269243103 ], [ 2.84843962283553, 47.559475089992198 ], [ 2.84835886997668, 47.559393342765297 ], [ 2.84827164201984, 47.559297274903102 ], [ 2.84826819606441, 47.559293219811302 ], [ 2.84808385752723, 47.559069476242399 ], [ 2.84797002512477, 47.558930076963897 ], [ 2.84788690553982, 47.558792697915798 ], [ 2.84780946878531, 47.5586678381 ], [ 2.84775847612546, 47.5585495837312 ], [ 2.84771249128773, 47.5584006412371 ], [ 2.84769017943878, 47.558297366517998 ], [ 2.84757034548125, 47.558025188892302 ], [ 2.84738065169332, 47.557770112325898 ], [ 2.84737455565297, 47.557762813246903 ], [ 2.8471074151466, 47.5574347238013 ], [ 2.84703334476272, 47.557389439848897 ], [ 2.84681913005856, 47.557525979465296 ], [ 2.84662223277164, 47.557651469775998 ], [ 2.84654229948962, 47.557703032467501 ], [ 2.84652871070779, 47.557711835925097 ], [ 2.84645690450449, 47.557757918418197 ], [ 2.84644531471861, 47.5577651942655 ], [ 2.84640548322968, 47.557790165611799 ], [ 2.84634114051409, 47.557830316960299 ], [ 2.84628598491557, 47.557866339752998 ], [ 2.84628038933337, 47.5578700229376 ], [ 2.84625587550543, 47.557886103068299 ], [ 2.84618047149744, 47.557934611013401 ], [ 2.8459862327992, 47.558059383626002 ], [ 2.84607115671067, 47.558122235203697 ], [ 2.84616629848968, 47.558192571321598 ], [ 2.84618846148957, 47.558207902859301 ], [ 2.8464473784699, 47.558389171298501 ], [ 2.84651267146089, 47.558435074145798 ], [ 2.84672381689785, 47.558582073920697 ], [ 2.84691306241189, 47.558715002445297 ], [ 2.84703703341268, 47.558795547193398 ], [ 2.84704194457395, 47.558798704108199 ], [ 2.8471396352373, 47.558862111702801 ], [ 2.84709707262595, 47.558911923438302 ], [ 2.84704757111527, 47.558970097320703 ], [ 2.84695990960104, 47.559072957863698 ], [ 2.84696279156303, 47.559134620932603 ], [ 2.84696409506117, 47.559143804025503 ], [ 2.8470118810891, 47.559220468241598 ], [ 2.84704179880663, 47.559267854602901 ], [ 2.84712595645833, 47.559367249866803 ], [ 2.84722655550254, 47.559483589143902 ], [ 2.8474822579037, 47.559769536685501 ], [ 2.84756008288139, 47.559851820760102 ], [ 2.84763843796833, 47.559934825579703 ], [ 2.84771772185609, 47.560018641676997 ], [ 2.84793768141932, 47.560249363195197 ], [ 2.84796896839994, 47.560236622056301 ], [ 2.84816987044664, 47.5601547913895 ], [ 2.84828609584469, 47.560108135576797 ], [ 2.84851482282493, 47.560014728752499 ], [ 2.84856594610691, 47.559994092020197 ], [ 2.8486230598539, 47.559971212701001 ], [ 2.84867152012669, 47.559951742642099 ], [ 2.84884809412881, 47.559913535794003 ] ] ], [ [ [ 2.82340818014323, 47.572864556375997 ], [ 2.82336891460924, 47.572832362302499 ], [ 2.82259077882729, 47.572193799612002 ], [ 2.82216906116128, 47.572334928173099 ], [ 2.82200354274289, 47.572390303846397 ], [ 2.82199956349203, 47.572386967294101 ], [ 2.82194320815148, 47.572414335282602 ], [ 2.821892031806, 47.5724442315136 ], [ 2.82186312477158, 47.572457239273902 ], [ 2.82185579802695, 47.572460558569901 ], [ 2.82156607714203, 47.572586044097598 ], [ 2.8214981403004, 47.572616094548302 ], [ 2.82145298244332, 47.572636008346699 ], [ 2.82143760357126, 47.572620862626401 ], [ 2.82129537057943, 47.572673302492099 ], [ 2.82106993145128, 47.572787183518997 ], [ 2.82112604597848, 47.572832006020697 ], [ 2.82085711651078, 47.573023411158601 ], [ 2.82059738541444, 47.573208168842903 ], [ 2.82057553825112, 47.573217946667 ], [ 2.82034361635041, 47.573320294634499 ], [ 2.82002496861821, 47.573461934090098 ], [ 2.82044300984155, 47.573746299025899 ], [ 2.82087127146149, 47.574038509234001 ], [ 2.82111280899372, 47.574203423448601 ], [ 2.82117106157061, 47.574206033100999 ], [ 2.82135299467604, 47.574096766024198 ], [ 2.82146720239839, 47.574033121637598 ], [ 2.82156248528709, 47.573980339766798 ], [ 2.82163111594623, 47.573942189191001 ], [ 2.82177437316119, 47.573862746621202 ], [ 2.82204569355189, 47.573712569032999 ], [ 2.82213497975046, 47.573662747970502 ], [ 2.82216749584117, 47.573644614910997 ], [ 2.82235579203075, 47.573540666708901 ], [ 2.82280727519907, 47.573250791289901 ], [ 2.82293897274815, 47.5731664690123 ], [ 2.82307360362341, 47.573079900706198 ], [ 2.82323475962976, 47.572976449984601 ], [ 2.82340818014323, 47.572864556375997 ] ] ], [ [ [ 2.82120328835065, 47.574354063763899 ], [ 2.82113390247187, 47.574299679621603 ], [ 2.82100439371054, 47.574205417502199 ], [ 2.82085204139744, 47.574100768675301 ], [ 2.82074666876124, 47.574028506473802 ], [ 2.81993646749149, 47.573475659551598 ], [ 2.81973677828116, 47.573525128407297 ], [ 2.81972584711688, 47.573532222545097 ], [ 2.81967305922538, 47.573565985858103 ], [ 2.81963933305297, 47.573587716873099 ], [ 2.81956868067744, 47.5736334242495 ], [ 2.81945750412375, 47.5737049926244 ], [ 2.81943710845728, 47.573718102959297 ], [ 2.81939445214815, 47.573745130848401 ], [ 2.81934183519685, 47.573767552638998 ], [ 2.81930600030807, 47.573783429448 ], [ 2.81919370118435, 47.573832762625798 ], [ 2.81904423482892, 47.573898510434603 ], [ 2.81890675718552, 47.573959055905298 ], [ 2.81883535412292, 47.573990449604999 ], [ 2.81885937438757, 47.574006869254902 ], [ 2.81874452052092, 47.574064029157803 ], [ 2.81953264272047, 47.574615319834301 ], [ 2.81958316102767, 47.574584343492603 ], [ 2.81971981620347, 47.574688969702002 ], [ 2.81975669964806, 47.574717290739599 ], [ 2.81976412948786, 47.574722973030298 ], [ 2.81993037366631, 47.574849787862703 ], [ 2.81993753841773, 47.574855199694099 ], [ 2.82015565467858, 47.575023320142598 ], [ 2.82032335247701, 47.5749161930773 ], [ 2.82120328835065, 47.574354063763899 ] ] ], [ [ [ 2.8092383364289, 47.5825692164291 ], [ 2.80923462457635, 47.582565519845097 ], [ 2.80907814375421, 47.5823873990484 ], [ 2.80906051940783, 47.5823679274908 ], [ 2.8090557487603, 47.5823626989541 ], [ 2.80900632155475, 47.582307980418399 ], [ 2.80864631344892, 47.582013679505899 ], [ 2.80846782872834, 47.581888449184603 ], [ 2.80839603751899, 47.5818379242641 ], [ 2.80828699576087, 47.581750522941199 ], [ 2.80814585277125, 47.5816372351143 ], [ 2.80794754640279, 47.581475516257399 ], [ 2.80788475108419, 47.581439317826401 ], [ 2.80748090895627, 47.5812035392509 ], [ 2.8071789135802, 47.5810213950964 ], [ 2.80675028142237, 47.580763249823796 ], [ 2.80674324601413, 47.580759007576901 ], [ 2.80665773232192, 47.580751664920101 ], [ 2.80647373959875, 47.580827330659197 ], [ 2.80629254428221, 47.580901830584601 ], [ 2.80614343843544, 47.580968372407099 ], [ 2.80592636606613, 47.581067655657897 ], [ 2.80590344612382, 47.581078149023497 ], [ 2.80583068870599, 47.5811114226955 ], [ 2.8057887138984, 47.581130435537503 ], [ 2.80577298980338, 47.581137610383102 ], [ 2.80557124012843, 47.581229987491902 ], [ 2.80517120019284, 47.581414026327899 ], [ 2.80496810297736, 47.581510540717503 ], [ 2.80477659875336, 47.581601673384299 ], [ 2.80460148577126, 47.581685002078103 ], [ 2.80430456480894, 47.581826454512701 ], [ 2.80401025708163, 47.581980422330503 ], [ 2.80395387448089, 47.582009941788698 ], [ 2.80390695616621, 47.582034346401699 ], [ 2.80386310291231, 47.582057315944603 ], [ 2.80383337882064, 47.582072838172103 ], [ 2.80380485401514, 47.582087822332397 ], [ 2.80377086448497, 47.582105587688901 ], [ 2.80374180650987, 47.582120840975001 ], [ 2.80367676041379, 47.582154666334802 ], [ 2.80363917188506, 47.582174315863497 ], [ 2.80361224637863, 47.5821884925533 ], [ 2.80356092863112, 47.582215319963197 ], [ 2.80348121954355, 47.582256951629901 ], [ 2.80335232459567, 47.582324424010899 ], [ 2.80320852892241, 47.5823919611354 ], [ 2.80307432777032, 47.582455103652499 ], [ 2.80285522485548, 47.582560678593701 ], [ 2.80230462272562, 47.582801431062798 ], [ 2.80199367021644, 47.582920530663699 ], [ 2.80176691586098, 47.583007547965998 ], [ 2.80162329617526, 47.583062481655503 ], [ 2.8015147147139, 47.583104152898201 ], [ 2.80136749712244, 47.583160520353601 ], [ 2.80079514395393, 47.583379715620403 ], [ 2.80059132047923, 47.583452817812301 ], [ 2.80061240049559, 47.583721991442196 ], [ 2.80052189262251, 47.5839109531898 ], [ 2.80050043948782, 47.583955562752102 ], [ 2.80049743798168, 47.5839755404104 ], [ 2.80048581383586, 47.584095687307098 ], [ 2.80048963260891, 47.584141870276603 ], [ 2.80050019129363, 47.584271416388603 ], [ 2.80056502553344, 47.584366850484002 ], [ 2.80075678469213, 47.584497336142498 ], [ 2.80134288303444, 47.585021488034698 ], [ 2.80130513080061, 47.585048607548202 ], [ 2.80183780671162, 47.585523338986597 ], [ 2.80205733826107, 47.585413626240701 ], [ 2.80225154398418, 47.585316471919299 ], [ 2.8024906668112, 47.5851971602048 ], [ 2.80288653775178, 47.584999351888101 ], [ 2.80302502478629, 47.5849302760641 ], [ 2.80312659136081, 47.584879410340903 ], [ 2.80325908026088, 47.584813204518397 ], [ 2.80347020875917, 47.584707705508698 ], [ 2.80376064212451, 47.584562643961299 ], [ 2.80429138936438, 47.584297368113397 ], [ 2.80450851182086, 47.584188816829503 ], [ 2.80463979729673, 47.5841233275071 ], [ 2.80491209796158, 47.583987233963299 ], [ 2.80499380116168, 47.5839464147979 ], [ 2.80522878060357, 47.583828980752401 ], [ 2.80542324055021, 47.583731911532297 ], [ 2.80574565165406, 47.583570696039402 ], [ 2.80582829368745, 47.583527447506697 ], [ 2.80601853701623, 47.583418578621199 ], [ 2.80623464684625, 47.583293820143098 ], [ 2.80658163787367, 47.583140114165197 ], [ 2.80684307668703, 47.583024970996597 ], [ 2.80698712026073, 47.582961660421901 ], [ 2.80719099320661, 47.582871894811902 ], [ 2.80720698337184, 47.582864810233097 ], [ 2.80724949021298, 47.582846067812604 ], [ 2.80730438865963, 47.582822035093997 ], [ 2.80732331016233, 47.582813695162699 ], [ 2.80734596254808, 47.582803741160497 ], [ 2.80766562762628, 47.582663038647603 ], [ 2.80784147815785, 47.582855055153601 ], [ 2.80804131076456, 47.583148735026199 ], [ 2.8092383364289, 47.5825692164291 ] ] ], [ [ [ 2.81668036554787, 47.578020830975198 ], [ 2.81561907019891, 47.577137753504097 ], [ 2.81550147822048, 47.577214438598602 ], [ 2.8151315264537, 47.577448426511502 ], [ 2.81502699128181, 47.577518830905298 ], [ 2.81501339133399, 47.577527900641201 ], [ 2.81496232365157, 47.577562294583302 ], [ 2.81477402605405, 47.577658399574297 ], [ 2.81455547709709, 47.577770028403002 ], [ 2.81438743381093, 47.5778558134758 ], [ 2.8143785083098, 47.577859489803501 ], [ 2.81427672727562, 47.5779024439911 ], [ 2.81426273772724, 47.577908722621402 ], [ 2.81423222769857, 47.577922265988597 ], [ 2.8142105110942, 47.577931862785 ], [ 2.81416108170459, 47.577953927226297 ], [ 2.81409939734124, 47.577980742802502 ], [ 2.81404010988036, 47.578006842062997 ], [ 2.81400040907367, 47.578023791208999 ], [ 2.81381877634343, 47.578115044573899 ], [ 2.81365674513023, 47.578230902445497 ], [ 2.81359753493266, 47.578272843851998 ], [ 2.81349525034672, 47.578345320739302 ], [ 2.81366407956142, 47.578492761331702 ], [ 2.81402176745249, 47.5788050461314 ], [ 2.81449081631646, 47.579228942630799 ], [ 2.81454534050266, 47.579234070005903 ], [ 2.81469649952041, 47.579146457694499 ], [ 2.8148786978694, 47.579046112617299 ], [ 2.81505516443381, 47.578948908614102 ], [ 2.81509261782803, 47.578927994994601 ], [ 2.81514526500124, 47.578898824258602 ], [ 2.8152023104337, 47.578867230119201 ], [ 2.81525122586908, 47.578840033705802 ], [ 2.81529174403221, 47.578817594656599 ], [ 2.81541356437202, 47.578750277844001 ], [ 2.81583530171926, 47.578507549662802 ], [ 2.81617252883503, 47.578313473762599 ], [ 2.81668036554787, 47.578020830975198 ] ] ], [ [ [ 2.81465864902342, 47.579511849281502 ], [ 2.81461288169066, 47.579474961379802 ], [ 2.81445116090961, 47.579347516370902 ], [ 2.81421159325807, 47.579150907446703 ], [ 2.81392494262362, 47.578913987243197 ], [ 2.81373606063027, 47.578756073577097 ], [ 2.8134524697518, 47.578520327209297 ], [ 2.81335643041004, 47.578480387997899 ], [ 2.81323861941244, 47.578503782858803 ], [ 2.81309812275595, 47.578585469545501 ], [ 2.81301174492428, 47.578635738321204 ], [ 2.81293229820781, 47.578682057581197 ], [ 2.81284325447412, 47.578733762161001 ], [ 2.81258318596507, 47.578885106293399 ], [ 2.81244801884409, 47.578963830323303 ], [ 2.81236777171899, 47.579010507957499 ], [ 2.81235430997447, 47.579017867357997 ], [ 2.81234671252217, 47.579022085740696 ], [ 2.81234018150558, 47.579025675748603 ], [ 2.81229513045377, 47.579050536826202 ], [ 2.81225940903933, 47.579070372181903 ], [ 2.8121622426405, 47.5791239534339 ], [ 2.8121306522837, 47.5791417251057 ], [ 2.81207480263016, 47.579173139642698 ], [ 2.81201957751648, 47.579216076790097 ], [ 2.81200223694294, 47.579229370742297 ], [ 2.81173572216357, 47.579321114137599 ], [ 2.81167232339799, 47.579342884937702 ], [ 2.81126401260874, 47.579543403757903 ], [ 2.81121870378424, 47.579565653628897 ], [ 2.81115658263525, 47.5796021883016 ], [ 2.81112005620655, 47.579623732243498 ], [ 2.81107579780389, 47.579649854305799 ], [ 2.81106980224456, 47.579652454968503 ], [ 2.81098052979295, 47.579692636108099 ], [ 2.8109720018841, 47.579696582855 ], [ 2.81093920651829, 47.579716332528399 ], [ 2.81079909045363, 47.579801347495803 ], [ 2.8111562794079, 47.580214904370798 ], [ 2.81181827905965, 47.580885128043398 ], [ 2.81185764900721, 47.580925157146197 ], [ 2.8119104487321, 47.580929292826099 ], [ 2.81246457539016, 47.580651955431101 ], [ 2.81276349776302, 47.5805007640394 ], [ 2.81289796595425, 47.5804326600758 ], [ 2.81303336596686, 47.580364287410298 ], [ 2.81325712133094, 47.580251409708602 ], [ 2.81354870808417, 47.580104345128099 ], [ 2.81394224635564, 47.579904334902203 ], [ 2.81408124396007, 47.579833536399597 ], [ 2.81432578161978, 47.579710878347399 ], [ 2.81464761103854, 47.5795491870308 ], [ 2.81465294157796, 47.579546495115501 ], [ 2.81465864902342, 47.579511849281502 ] ] ], [ [ [ 2.8327282780829, 47.5641155070157 ], [ 2.8327250096553, 47.564097499655603 ], [ 2.83260893550991, 47.564173664504899 ], [ 2.8324911290437, 47.564250816895999 ], [ 2.83236305958917, 47.564335065474602 ], [ 2.83187964697847, 47.564668949486197 ], [ 2.83177022086259, 47.564744853022901 ], [ 2.83175489243692, 47.5647557225331 ], [ 2.83171117338232, 47.564786624066599 ], [ 2.8316531965564, 47.564826236304498 ], [ 2.83153364020491, 47.5649091460363 ], [ 2.83147526243242, 47.564949297684699 ], [ 2.83141541966037, 47.564990077279703 ], [ 2.83130331815511, 47.565070477168703 ], [ 2.83129078893673, 47.565079280357402 ], [ 2.8309894217728, 47.565290465493703 ], [ 2.83079023590386, 47.5654458998102 ], [ 2.83075757705988, 47.565469615953198 ], [ 2.83043418861359, 47.5657037210661 ], [ 2.83027386244362, 47.565808443446102 ], [ 2.83021373950567, 47.565853092574201 ], [ 2.83018267810298, 47.565876180783903 ], [ 2.82993187457286, 47.5660767251237 ], [ 2.82981668844134, 47.566122013869602 ], [ 2.82975778094447, 47.566160633639797 ], [ 2.82985039809129, 47.566228008671899 ], [ 2.8298645957294, 47.566238380904203 ], [ 2.82962396751785, 47.566375119976797 ], [ 2.82957812542334, 47.566403677244502 ], [ 2.82898952654728, 47.566804635200498 ], [ 2.82833242078403, 47.567248065603501 ], [ 2.82820255825535, 47.567347969174399 ], [ 2.82816015980671, 47.5673804915264 ], [ 2.82793743090516, 47.5675728815932 ], [ 2.82758375838919, 47.567869223077103 ], [ 2.8275575950408, 47.567939934795398 ], [ 2.82749212015704, 47.568116623943403 ], [ 2.82759873200771, 47.568381150285603 ], [ 2.8278366259313, 47.568519581793097 ], [ 2.82780702990376, 47.568541141281699 ], [ 2.82793557000927, 47.568605240275303 ], [ 2.82825768405578, 47.568776559873299 ], [ 2.82827003217495, 47.568783149010301 ], [ 2.82841531760472, 47.568644562447197 ], [ 2.82844465792149, 47.568661168016803 ], [ 2.82832537598063, 47.568778639784497 ], [ 2.82831777112367, 47.568786009674497 ], [ 2.82868783923236, 47.568976841461598 ], [ 2.82919208873658, 47.569216295641198 ], [ 2.82920935245374, 47.569224692136203 ], [ 2.82932940204038, 47.569283016297398 ], [ 2.83022465544241, 47.5697014432861 ], [ 2.83023839779366, 47.569646105208903 ], [ 2.83023885371117, 47.569628193259803 ], [ 2.83023625648992, 47.569566530486803 ], [ 2.8302097842544, 47.569442273841602 ], [ 2.83021398053729, 47.569293668253501 ], [ 2.83020482243576, 47.5692876240457 ], [ 2.83021269025154, 47.569281154548896 ], [ 2.83021062993643, 47.569176106208701 ], [ 2.83020947657959, 47.568953051934997 ], [ 2.83020245853089, 47.568692093557303 ], [ 2.83020152721842, 47.568650326090399 ], [ 2.83019975241076, 47.568581013363499 ], [ 2.83020466775389, 47.568540964653401 ], [ 2.83021397411262, 47.568416579981701 ], [ 2.83021549890223, 47.568397139353003 ], [ 2.83027042023337, 47.5681904589688 ], [ 2.83030924292487, 47.568111033788703 ], [ 2.83036504030505, 47.568005259406299 ], [ 2.83055915011075, 47.567776277834 ], [ 2.83071250962401, 47.567647241480202 ], [ 2.83074662454778, 47.567626137869098 ], [ 2.83096531575447, 47.567487744543499 ], [ 2.83146050078113, 47.567268558608703 ], [ 2.83164040758247, 47.567197257838203 ], [ 2.83175080398965, 47.567152770526803 ], [ 2.83182950637455, 47.5671210193102 ], [ 2.83183784886145, 47.567090336820797 ], [ 2.83198832297591, 47.566523740169899 ], [ 2.8317445501109, 47.566393319695997 ], [ 2.83174815348837, 47.566389364308698 ], [ 2.83195313905859, 47.566166156784199 ], [ 2.83201852610866, 47.566096580668699 ], [ 2.83211335254322, 47.5660119246497 ], [ 2.83213108807602, 47.565954611706204 ], [ 2.83215594610982, 47.5658738155363 ], [ 2.83217100610066, 47.565821449464899 ], [ 2.83223856621639, 47.565567799140403 ], [ 2.83225497463121, 47.565509494111097 ], [ 2.83227501199222, 47.565439042498099 ], [ 2.83231400057526, 47.565305158732102 ], [ 2.83233390224657, 47.565235517026899 ], [ 2.83235285738119, 47.5651708246886 ], [ 2.8323876903184, 47.565047286441903 ], [ 2.83245375990979, 47.564844221252898 ], [ 2.83256538431491, 47.5644908991015 ], [ 2.83262633566219, 47.564350475713603 ], [ 2.83268058894153, 47.564225434963703 ], [ 2.8327282780829, 47.5641155070157 ] ] ], [ [ [ 2.82919667470028, 47.569321167671298 ], [ 2.82919601658569, 47.569319006392398 ], [ 2.82918283963113, 47.569280371462 ], [ 2.82863675734989, 47.569020962909498 ], [ 2.82826775198231, 47.568830492581696 ], [ 2.82820335218012, 47.568797272927902 ], [ 2.82772081236483, 47.569128619981598 ], [ 2.82740952439502, 47.569352652731197 ], [ 2.82717302721641, 47.569521797409003 ], [ 2.82707597516618, 47.569591143753698 ], [ 2.82692724298446, 47.569683276703302 ], [ 2.82677411266291, 47.569778013311002 ], [ 2.82662897145831, 47.569869881165303 ], [ 2.82650875759388, 47.569944593397103 ], [ 2.82645777705118, 47.569915713381398 ], [ 2.82641747522905, 47.569956969454601 ], [ 2.82628766870001, 47.570118349817498 ], [ 2.82618014976879, 47.570215403854803 ], [ 2.82602012957413, 47.570301127876903 ], [ 2.82524825820225, 47.570717635167902 ], [ 2.82480269871326, 47.570955771718097 ], [ 2.82550867479616, 47.5712511723777 ], [ 2.82622315255265, 47.5715523422082 ], [ 2.82647420966196, 47.571285917143697 ], [ 2.82670857987471, 47.571037469340297 ], [ 2.82714938202248, 47.571239662443503 ], [ 2.8274451548306, 47.570963670092198 ], [ 2.82795038127468, 47.5704906773015 ], [ 2.82805857705857, 47.570389121992697 ], [ 2.82824695164822, 47.570212253649402 ], [ 2.82830111553089, 47.570161475961399 ], [ 2.82836435059523, 47.570102340372102 ], [ 2.82838996547219, 47.570078164522201 ], [ 2.82839209992378, 47.570076187373097 ], [ 2.82858528504041, 47.569891674419203 ], [ 2.82919667470028, 47.569321167671298 ] ] ] ] } },
{ "type": "Feature", "properties": { "Name": null, "id": "" }, "geometry": { "type": "MultiPolygon", "coordinates": [ [ [ [ 2.71654197954659, 47.659976526177601 ], [ 2.71680464273784, 47.6597384581112 ], [ 2.7165322721251, 47.659672181022898 ], [ 2.71527632237124, 47.659520072682497 ], [ 2.71465803192778, 47.659514514423499 ], [ 2.71397145498072, 47.659547399821498 ], [ 2.70980400716845, 47.662045362832004 ], [ 2.70972722587519, 47.662091373935297 ], [ 2.7031910098221, 47.666008370246402 ], [ 2.70119954574965, 47.665283943601302 ], [ 2.70107412608656, 47.665347547434003 ], [ 2.70037135238803, 47.665687062807201 ], [ 2.69945010776843, 47.666110170930303 ], [ 2.69847323937964, 47.666517646701699 ], [ 2.69660926924239, 47.6672386571232 ], [ 2.69695672506446, 47.667694554246701 ], [ 2.69702383545752, 47.667867185554996 ], [ 2.6970385435923, 47.667905207494201 ], [ 2.6968746160987, 47.667722694211498 ], [ 2.69672589773847, 47.6675136674626 ], [ 2.69652674312905, 47.667269946084303 ], [ 2.69510546090569, 47.667743835802497 ], [ 2.69397608300539, 47.668082739073498 ], [ 2.69335913311324, 47.668244218744398 ], [ 2.69280223386132, 47.668389921377702 ], [ 2.69317186848103, 47.668993412601502 ], [ 2.69341596311613, 47.669392072843202 ], [ 2.6935378155424, 47.669590772164099 ], [ 2.69445176935662, 47.6694123365263 ], [ 2.69491238199517, 47.669304448650401 ], [ 2.695432889089, 47.669231818528601 ], [ 2.69580296363287, 47.6691803068802 ], [ 2.69665154173706, 47.668990162751797 ], [ 2.69675961535644, 47.668965870691103 ], [ 2.69680105071172, 47.6689904606163 ], [ 2.69686161913628, 47.668977926426599 ], [ 2.69695994174001, 47.668957749308497 ], [ 2.69704038861331, 47.6689410361328 ], [ 2.69705613070974, 47.668937836605501 ], [ 2.69751639346403, 47.668842988865201 ], [ 2.69751844989123, 47.668809330819002 ], [ 2.69811850709952, 47.6686884697096 ], [ 2.69869508353258, 47.668572135459698 ], [ 2.69923995321633, 47.668430424260201 ], [ 2.69960839525673, 47.668359544428199 ], [ 2.70021104433991, 47.668178823235202 ], [ 2.70083126663488, 47.668000214111899 ], [ 2.70198769748252, 47.667604878015901 ], [ 2.70261202804308, 47.667404127669997 ], [ 2.70304270239595, 47.667234565370201 ], [ 2.70365234953776, 47.666989037643198 ], [ 2.70374463054159, 47.666951917792403 ], [ 2.70477085156032, 47.666408969120802 ], [ 2.70538670554331, 47.666194501099604 ], [ 2.70557840967844, 47.666104794992897 ], [ 2.70603235197053, 47.665892345872898 ], [ 2.70607966767553, 47.665865732150898 ], [ 2.7064422781806, 47.665663222766199 ], [ 2.7091769081589, 47.664336933123302 ], [ 2.70985441459076, 47.664023854744698 ], [ 2.70993058191643, 47.6640079321432 ], [ 2.71000962208964, 47.663978245214899 ], [ 2.71000518087054, 47.663937370028201 ], [ 2.71108900418542, 47.663363995106302 ], [ 2.71120474976575, 47.663248259271697 ], [ 2.71167807623754, 47.662965898751402 ], [ 2.71193578266107, 47.662838271008198 ], [ 2.712231123955, 47.662748359211797 ], [ 2.71281608802977, 47.662516493985898 ], [ 2.71378676734355, 47.661912212566399 ], [ 2.71518246509682, 47.660954322786303 ], [ 2.71564100772027, 47.6606382464688 ], [ 2.7161069175983, 47.6603137253311 ], [ 2.71654197954659, 47.659976526177601 ] ] ], [ [ [ 2.72324586891542, 47.654229917285299 ], [ 2.72370690016462, 47.653850177566099 ], [ 2.72299316109788, 47.653485029141599 ], [ 2.72117772305845, 47.6550373377735 ], [ 2.72092641098654, 47.655252850862297 ], [ 2.72036807387818, 47.655586171736999 ], [ 2.71890284742442, 47.656307773437099 ], [ 2.71984921026568, 47.657026791324697 ], [ 2.72003394369413, 47.656832813536496 ], [ 2.72006109298756, 47.656812806455903 ], [ 2.72024321984168, 47.656683718913698 ], [ 2.72043671580866, 47.656545837347302 ], [ 2.72074333838385, 47.6563273972899 ], [ 2.72075911867901, 47.656315913779203 ], [ 2.72128447809072, 47.655895383300198 ], [ 2.72152381594727, 47.655702703397999 ], [ 2.72153264643696, 47.655695433667503 ], [ 2.72171757160153, 47.655539257568599 ], [ 2.72222952647488, 47.655106089450399 ], [ 2.72241645564382, 47.654948026769603 ], [ 2.72278218822138, 47.654631161128499 ], [ 2.7229505349482, 47.654485024754997 ], [ 2.72317722136224, 47.654289161025403 ], [ 2.72324586891542, 47.654229917285299 ] ] ], [ [ [ 2.71978992949086, 47.657102167152502 ], [ 2.71976604831037, 47.657083297915001 ], [ 2.7195654382608, 47.656926470274897 ], [ 2.71882855213345, 47.656350259224403 ], [ 2.71802082047341, 47.656754796063197 ], [ 2.71767364847129, 47.656929656434798 ], [ 2.71652733474216, 47.657507406778301 ], [ 2.7169771091075, 47.657895312428799 ], [ 2.715080600156, 47.659079935904401 ], [ 2.71528003355192, 47.6590743552742 ], [ 2.71597275745848, 47.659111774467497 ], [ 2.71670498605457, 47.659211661812897 ], [ 2.71729689556181, 47.659292303271997 ], [ 2.71815998919925, 47.658579803225699 ], [ 2.71853444700225, 47.658234799453403 ], [ 2.71855399330135, 47.658216754631503 ], [ 2.71878282547756, 47.657973739959601 ], [ 2.71887905016104, 47.6578911627753 ], [ 2.7189760776835, 47.6578078673638 ], [ 2.71931126687211, 47.657581218992703 ], [ 2.71952551767198, 47.6573991041802 ], [ 2.71978992949086, 47.657102167152502 ] ] ] ] } },
{ "type": "Feature", "properties": { "Name": null, "id": "" }, "geometry": { "type": "MultiPolygon", "coordinates": [ [ [ [ 2.66692638154967, 47.6764957430861 ], [ 2.66701992373589, 47.676476837664197 ], [ 2.66642819740116, 47.675304316316002 ], [ 2.66625680632397, 47.674964583842197 ], [ 2.66615967985939, 47.674960346151401 ], [ 2.66604357271153, 47.6749225708691 ], [ 2.66565303493729, 47.6748896815322 ], [ 2.66549138018157, 47.674932153346099 ], [ 2.66534641115478, 47.6749702622649 ], [ 2.66526097880775, 47.674992609913701 ], [ 2.66525844278897, 47.674993232714598 ], [ 2.66525817569094, 47.674993321958702 ], [ 2.66519783920294, 47.675009080757 ], [ 2.66505128355926, 47.675045114562302 ], [ 2.66477129915553, 47.6751065082073 ], [ 2.66475291882184, 47.675125987424799 ], [ 2.66474084219334, 47.675139094087299 ], [ 2.6646488030498, 47.675237119786402 ], [ 2.66462784073999, 47.675264512355703 ], [ 2.66458967244915, 47.675315347869301 ], [ 2.66456793425095, 47.675338957829503 ], [ 2.66449206736455, 47.675365922809199 ], [ 2.66440952229896, 47.675395208800502 ], [ 2.66433071826656, 47.675422975323897 ], [ 2.66427782474139, 47.6754418153157 ], [ 2.66417243908254, 47.675479226353801 ], [ 2.66413801179132, 47.675486148148103 ], [ 2.66411146939874, 47.675489582240701 ], [ 2.66407482756669, 47.675488396858398 ], [ 2.66398125432, 47.675470036182503 ], [ 2.66381021411064, 47.675436421221001 ], [ 2.66371446790032, 47.675424534718999 ], [ 2.66368462220163, 47.675423458771 ], [ 2.66366050530774, 47.675422669322799 ], [ 2.66361585271518, 47.675423800980703 ], [ 2.66357730487954, 47.675429000586398 ], [ 2.66346198104389, 47.675457291494503 ], [ 2.66331996205504, 47.675492076062703 ], [ 2.66317593988383, 47.675527484749097 ], [ 2.66314708353067, 47.675538562708098 ], [ 2.66278490873928, 47.675677572404197 ], [ 2.66265166624919, 47.6757363238236 ], [ 2.66252831267519, 47.675790783210701 ], [ 2.66225494327297, 47.6758587605636 ], [ 2.66197559193768, 47.675882165610901 ], [ 2.66197505715124, 47.6758824340912 ], [ 2.66174973264223, 47.676002664272403 ], [ 2.66147416843528, 47.676101146439699 ], [ 2.6612555429105, 47.676152538309204 ], [ 2.66100101425109, 47.676212196493502 ], [ 2.6609226340157, 47.6762147594754 ], [ 2.66061004703148, 47.676224833571403 ], [ 2.66024427274315, 47.676236732476099 ], [ 2.66023869606353, 47.6762334759525 ], [ 2.66008589366632, 47.676140322711198 ], [ 2.66006928605736, 47.67613226364 ], [ 2.65981604235634, 47.676199213699903 ], [ 2.65966438913854, 47.676239366323401 ], [ 2.65946650942552, 47.676297385882798 ], [ 2.65927110447769, 47.676364323192402 ], [ 2.65908023885309, 47.676429923278697 ], [ 2.65898591995551, 47.676465651740202 ], [ 2.65889387113161, 47.676500666677903 ], [ 2.65866984040318, 47.676812883474199 ], [ 2.65859395616889, 47.676966666968298 ], [ 2.65853711006221, 47.677081892234 ], [ 2.65852806270933, 47.677100317612599 ], [ 2.65852765828339, 47.677101036501703 ], [ 2.65849168665104, 47.677328023601703 ], [ 2.65847585262122, 47.6774280671113 ], [ 2.65847060980038, 47.677497538569803 ], [ 2.65846988694578, 47.677506357317903 ], [ 2.65867085042657, 47.678091821078802 ], [ 2.65867473228159, 47.678110014177101 ], [ 2.65876734721693, 47.6785493471005 ], [ 2.65882792205576, 47.678622250916398 ], [ 2.65885923946751, 47.678664376365603 ], [ 2.65888379268247, 47.678701351574396 ], [ 2.65897689879592, 47.678855898099499 ], [ 2.65902428739511, 47.678927593226 ], [ 2.65909542156351, 47.679016729245298 ], [ 2.65917364782648, 47.679101475464101 ], [ 2.65923789249477, 47.679163408680303 ], [ 2.65929592964622, 47.679216502919402 ], [ 2.6593355747845, 47.6792486615279 ], [ 2.65940565584952, 47.679315022076104 ], [ 2.65947548253699, 47.679400373669402 ], [ 2.65957287136007, 47.679594355922902 ], [ 2.65975173715312, 47.6795102684151 ], [ 2.65984504694767, 47.679466345654603 ], [ 2.65997003806915, 47.679407663526703 ], [ 2.66027563197294, 47.6792639079029 ], [ 2.66036653389222, 47.679221237848203 ], [ 2.66045462882641, 47.679179819692401 ], [ 2.66063790314577, 47.6790936734212 ], [ 2.66100445058025, 47.6789212899982 ], [ 2.66114681824082, 47.678854286173497 ], [ 2.66128009361941, 47.678791846277697 ], [ 2.66137540232255, 47.678747568042503 ], [ 2.66147752735883, 47.678700249168699 ], [ 2.661680173013, 47.678606326578802 ], [ 2.66209766834577, 47.678406184414499 ], [ 2.66232907416099, 47.6782952421499 ], [ 2.66279362115917, 47.678072461153299 ], [ 2.66302970288481, 47.677959280758202 ], [ 2.66326311017844, 47.677847352302202 ], [ 2.66350761169064, 47.677730144790701 ], [ 2.66362926061104, 47.677671809136399 ], [ 2.66413600387547, 47.677434382719198 ], [ 2.66426805235383, 47.6773751761813 ], [ 2.66439569122335, 47.677317757010897 ], [ 2.66469009777778, 47.677190159221702 ], [ 2.66482119742457, 47.677133289561397 ], [ 2.66496993615993, 47.677068909563999 ], [ 2.66512375411587, 47.677002113687699 ], [ 2.66520084166636, 47.6769720915131 ], [ 2.66528393990159, 47.676939926285002 ], [ 2.66535938960949, 47.676916019912703 ], [ 2.6654443246617, 47.676888450274603 ], [ 2.66559402766648, 47.6768400937991 ], [ 2.6659058535587, 47.6767391853503 ], [ 2.6660489910758, 47.676696300064599 ], [ 2.66619903477642, 47.676657214689499 ], [ 2.66633465067969, 47.676623578482598 ], [ 2.66655688111087, 47.676570657268996 ], [ 2.66683724227933, 47.676513850900697 ], [ 2.66692638154967, 47.6764957430861 ] ] ] ] } },
{ "type": "Feature", "properties": { "Name": null, "id": "" }, "geometry": { "type": "MultiPolygon", "coordinates": [ [ [ [ 2.80057064453389, 47.583716969405899 ], [ 2.80055082824731, 47.583465710431803 ], [ 2.80017954427096, 47.583599914178997 ], [ 2.79981957995334, 47.583730625664998 ], [ 2.7992412664166, 47.583939451601303 ], [ 2.7991863790969, 47.583959249950098 ], [ 2.79906078946655, 47.583994318713799 ], [ 2.7988570246478, 47.584050585614001 ], [ 2.79876043402987, 47.584086604154201 ], [ 2.79873099171974, 47.584097264878402 ], [ 2.79859376992106, 47.584147435187703 ], [ 2.79848930408154, 47.584190190853803 ], [ 2.79837511182214, 47.5842367101503 ], [ 2.79822214663457, 47.584298464440799 ], [ 2.79799922725304, 47.5843884514276 ], [ 2.79751627032661, 47.584567639623401 ], [ 2.79736947092189, 47.584616801730597 ], [ 2.7971826971486, 47.584682096449598 ], [ 2.79693754712634, 47.584774473101298 ], [ 2.79729805827098, 47.585134519815803 ], [ 2.79717889080456, 47.585194081099303 ], [ 2.79731706858719, 47.5853488726287 ], [ 2.79775490233757, 47.585845060941303 ], [ 2.79784180987908, 47.585942965063602 ], [ 2.79797534820144, 47.586094237226298 ], [ 2.79811605831932, 47.586108252611901 ], [ 2.79822255584814, 47.586057039654001 ], [ 2.79830599929302, 47.5860155981199 ], [ 2.79855735180246, 47.585902256442999 ], [ 2.79859333267307, 47.585886746379998 ], [ 2.79888576759414, 47.585710016074103 ], [ 2.79892257157814, 47.5856878464026 ], [ 2.79927271488222, 47.585483940735301 ], [ 2.79942211270863, 47.585416148132602 ], [ 2.79953325906912, 47.585366292142197 ], [ 2.79966733023739, 47.585305403859103 ], [ 2.79974752931482, 47.585241542599498 ], [ 2.79980611178107, 47.585194566558201 ], [ 2.79988985947017, 47.585071213013201 ], [ 2.79994404726582, 47.584989754569698 ], [ 2.80004171664375, 47.584843471573102 ], [ 2.80005910985222, 47.584817397739002 ], [ 2.80033722596595, 47.584446482145196 ], [ 2.80039892584487, 47.584383758927899 ], [ 2.80042043729023, 47.5843592222908 ], [ 2.80044152044629, 47.584306871040098 ], [ 2.80045776903574, 47.584266573200203 ], [ 2.80044418525494, 47.584092105645603 ], [ 2.80045208225057, 47.584008137430096 ], [ 2.80045895447744, 47.5839491909515 ], [ 2.80057064453389, 47.583716969405899 ] ] ], [ [ [ 2.80183607947533, 47.585522705966497 ], [ 2.80130459963323, 47.585048336606299 ], [ 2.80133783276119, 47.585020039238202 ], [ 2.80075438725848, 47.584498052150003 ], [ 2.80056356712027, 47.584365497803603 ], [ 2.80052707243665, 47.584412151945003 ], [ 2.80040712303021, 47.584468744787003 ], [ 2.80019961320877, 47.584743648058499 ], [ 2.80013156034824, 47.584832913976001 ], [ 2.80008298200722, 47.584908711331998 ], [ 2.80002088736434, 47.585005548435497 ], [ 2.80001138639991, 47.585020204195899 ], [ 2.799876782911, 47.585223491761198 ], [ 2.7998723796667, 47.585226904686301 ], [ 2.79971972822964, 47.585346629501601 ], [ 2.79942227054093, 47.585480417328299 ], [ 2.79932645062471, 47.585523188576701 ], [ 2.79917591392029, 47.585610691830396 ], [ 2.79893003407103, 47.585755368625399 ], [ 2.79885348984952, 47.585802133236598 ], [ 2.79875161609738, 47.585862355996099 ], [ 2.79864026978953, 47.585929493283999 ], [ 2.79833280497746, 47.586069291875702 ], [ 2.79811993714126, 47.5861732483258 ], [ 2.7980848610869, 47.586230885642003 ], [ 2.79814728357444, 47.586506341735898 ], [ 2.79833541769014, 47.5868574454597 ], [ 2.79844045213744, 47.586876979569098 ], [ 2.79896351622799, 47.586580570597903 ], [ 2.79850778540062, 47.586838840543798 ], [ 2.79900447482863, 47.587187054918999 ], [ 2.79944050088842, 47.5869679946397 ], [ 2.79985838545612, 47.586760513210599 ], [ 2.79996357708602, 47.586702635521398 ], [ 2.80004316991334, 47.586659025861202 ], [ 2.80011476397165, 47.586619633032399 ], [ 2.80014152212156, 47.586508783520998 ], [ 2.8002186176011, 47.586456888315702 ], [ 2.80044083348149, 47.586307217713703 ], [ 2.80056274472178, 47.586225154708401 ], [ 2.80071242888667, 47.586152050232499 ], [ 2.80091889367303, 47.586051228576402 ], [ 2.80100832756755, 47.586115469968 ], [ 2.80119018256286, 47.585977700757397 ], [ 2.80131245153207, 47.585906259040001 ], [ 2.80149832071842, 47.585797750226298 ], [ 2.80166325604445, 47.5857013572247 ], [ 2.80159615646564, 47.585641744927599 ], [ 2.80183607947533, 47.585522705966497 ] ] ], [ [ [ 2.79758425382484, 47.592889939947597 ], [ 2.79740875870048, 47.592780630755897 ], [ 2.79721720139321, 47.5926613920508 ], [ 2.79749088270175, 47.592247811113502 ], [ 2.79738901911429, 47.592266626920001 ], [ 2.79726899477809, 47.592197199143598 ], [ 2.7967943084433, 47.593016294716598 ], [ 2.79681084836494, 47.593075731535997 ], [ 2.79711382548284, 47.5932883271714 ], [ 2.79728407650496, 47.593412299649401 ], [ 2.79758425382484, 47.592889939947597 ] ] ], [ [ [ 2.79720446874663, 47.592159822006003 ], [ 2.79694134139885, 47.592001843204201 ], [ 2.79685636544559, 47.5920236583273 ], [ 2.79666299778673, 47.591961573265401 ], [ 2.79660596343092, 47.5918439179448 ], [ 2.79629945195311, 47.591723397158198 ], [ 2.79624442578245, 47.5918469779105 ], [ 2.79587606334186, 47.591755692013301 ], [ 2.79584254515652, 47.591856717118802 ], [ 2.79431131066773, 47.591538265994302 ], [ 2.79421684334246, 47.591744137493599 ], [ 2.79300954210224, 47.591514991960899 ], [ 2.79291613371471, 47.591652364985002 ], [ 2.7922801734345, 47.591395420190203 ], [ 2.79211281916155, 47.591420685731897 ], [ 2.79203686945634, 47.5913453001981 ], [ 2.79189660741853, 47.591178977599498 ], [ 2.79174548605241, 47.590999673675697 ], [ 2.79144247592529, 47.591213271846797 ], [ 2.79120851582099, 47.591360203653103 ], [ 2.79082246907455, 47.591574551745502 ], [ 2.7906658307465, 47.5916492511383 ], [ 2.79052015475049, 47.5917107381931 ], [ 2.79064506996981, 47.5918538117254 ], [ 2.79065844939622, 47.591869047788997 ], [ 2.79072137176843, 47.591940900369003 ], [ 2.7907645568343, 47.5919901244649 ], [ 2.79090735796044, 47.592153302478799 ], [ 2.79094577361635, 47.592197297249598 ], [ 2.79097624196711, 47.5922320065173 ], [ 2.79109601814756, 47.592192705576302 ], [ 2.79133709427161, 47.592132648565602 ], [ 2.79136702075332, 47.592169877105597 ], [ 2.79154538964313, 47.592391535810599 ], [ 2.79172217029204, 47.592611391137901 ], [ 2.79222137684692, 47.592349175139702 ], [ 2.79234374308681, 47.592396469275798 ], [ 2.79241097270425, 47.592422152323003 ], [ 2.79241561270782, 47.592426571172702 ], [ 2.7924220619122, 47.592410560469297 ], [ 2.79303379046517, 47.592537123718003 ], [ 2.7930189336054, 47.592662574373499 ], [ 2.79332623617575, 47.592715685993802 ], [ 2.79339390728444, 47.592730657800701 ], [ 2.79364637788001, 47.592786551900701 ], [ 2.79359757158562, 47.5928482139674 ], [ 2.79347535471851, 47.593002638717898 ], [ 2.79373269555612, 47.593382765051899 ], [ 2.79353126234484, 47.593479172001601 ], [ 2.79389938372718, 47.593979839983703 ], [ 2.79397221993442, 47.594070610772299 ], [ 2.79402413997473, 47.594133350836003 ], [ 2.79451390038109, 47.594736214972599 ], [ 2.7946944002605, 47.594963002980201 ], [ 2.79471823757553, 47.594992928912802 ], [ 2.7947709003813, 47.594932083332203 ], [ 2.79485705663377, 47.594881557969003 ], [ 2.79623585317363, 47.594059372036803 ], [ 2.7965689528107, 47.593840593473402 ], [ 2.79694953727903, 47.593591202410302 ], [ 2.79716083838135, 47.593452681042599 ], [ 2.79716369688321, 47.593400749002498 ], [ 2.79668488781554, 47.593062370433799 ], [ 2.79668409183662, 47.593061738962298 ], [ 2.79720446874663, 47.592159822006003 ] ] ], [ [ [ 2.78644725930566, 47.596349244861301 ], [ 2.78644610970957, 47.596270662242603 ], [ 2.78644586624107, 47.596264991038197 ], [ 2.78644503524487, 47.596206571698303 ], [ 2.78642747571814, 47.596071971554203 ], [ 2.78641660581166, 47.596028205806903 ], [ 2.78640844292682, 47.596006317941203 ], [ 2.78634128755462, 47.595828601245699 ], [ 2.78626315667678, 47.595633672093101 ], [ 2.78617884060194, 47.595421629242203 ], [ 2.78606679953316, 47.595321060483997 ], [ 2.78567740203126, 47.595595423139201 ], [ 2.78551272735499, 47.595711506300297 ], [ 2.78535405710112, 47.595823369697101 ], [ 2.78530694999022, 47.595856497523599 ], [ 2.78512345759268, 47.5959857772867 ], [ 2.78490566733666, 47.596139296818997 ], [ 2.78474272430502, 47.596254121890098 ], [ 2.78472684317209, 47.596265434123502 ], [ 2.78463155986277, 47.596332407362901 ], [ 2.78439308185782, 47.5965004696994 ], [ 2.78434610662518, 47.596533597372598 ], [ 2.78431714760736, 47.596553976604902 ], [ 2.78380255261775, 47.596916493298899 ], [ 2.78396600505703, 47.597005727777002 ], [ 2.78390501824065, 47.5970482805971 ], [ 2.78371124329787, 47.597184559978899 ], [ 2.78337293558363, 47.597422464508497 ], [ 2.78362559608635, 47.597565782131198 ], [ 2.78386419637905, 47.5977638904644 ], [ 2.78396116875256, 47.597773701245004 ], [ 2.78440528667666, 47.597564794351698 ], [ 2.78462674586686, 47.597460249146998 ], [ 2.78463942707336, 47.597450551246297 ], [ 2.78469643062579, 47.597405740405001 ], [ 2.78498102236831, 47.597187985824696 ], [ 2.78516198598591, 47.5970929962795 ], [ 2.7852509781834, 47.597068406718101 ], [ 2.78536768089804, 47.597036036994702 ], [ 2.78544481642218, 47.597014665917598 ], [ 2.78580155457596, 47.596856809865201 ], [ 2.78582155079028, 47.596848025375799 ], [ 2.7858315492559, 47.596843543118403 ], [ 2.78612849787006, 47.5966285987354 ], [ 2.7863283788715, 47.596460822281003 ], [ 2.78644725930566, 47.596349244861301 ] ] ], [ [ [ 2.78798460609949, 47.597464055515701 ], [ 2.78713928754493, 47.596869968202803 ], [ 2.78685148579372, 47.596694279669798 ], [ 2.78657235896851, 47.596479451032899 ], [ 2.78641605042948, 47.596499867920301 ], [ 2.78620454655194, 47.596679054763101 ], [ 2.7860840329964, 47.596766145655899 ], [ 2.78604773211321, 47.5967923626418 ], [ 2.78596898799601, 47.596850006014698 ], [ 2.78590158841873, 47.596899299021899 ], [ 2.78589119037054, 47.596903870564297 ], [ 2.78580973802899, 47.596939905975503 ], [ 2.78561284059539, 47.597026586162599 ], [ 2.78549379519803, 47.597079024505298 ], [ 2.78526411708356, 47.597143410894198 ], [ 2.78521615651249, 47.597156824464001 ], [ 2.78505572698977, 47.597241680543704 ], [ 2.78498551196755, 47.597295828478998 ], [ 2.78486070078351, 47.597391821360397 ], [ 2.78469837892774, 47.597516638780398 ], [ 2.78441359496355, 47.597649420968402 ], [ 2.78398241556486, 47.597850700809502 ], [ 2.78395352923363, 47.597918696412101 ], [ 2.78404091415484, 47.598061707106297 ], [ 2.78411596299538, 47.598260772366203 ], [ 2.7841890558873, 47.5987464319835 ], [ 2.78422850511734, 47.598929679195599 ], [ 2.78438305760244, 47.5994451029716 ], [ 2.7844557968087, 47.599458829091702 ], [ 2.78584368226846, 47.598696281978903 ], [ 2.78587755849003, 47.598677711646801 ], [ 2.78633528674463, 47.598426426841797 ], [ 2.7864807934919, 47.598346492416297 ], [ 2.78675780219525, 47.598194248449602 ], [ 2.78704734530818, 47.598035275784802 ], [ 2.78722779267509, 47.597936051575303 ], [ 2.78730221196704, 47.597895141731399 ], [ 2.78731248095545, 47.597889579698702 ], [ 2.78738983385367, 47.597847144939401 ], [ 2.7874787902689, 47.597798160378503 ], [ 2.78752053394105, 47.597775283310703 ], [ 2.78765776756281, 47.597700102974898 ], [ 2.78798460609949, 47.597464055515701 ] ] ], [ [ [ 2.78406779676092, 47.598489313659499 ], [ 2.78403474892516, 47.598269983396001 ], [ 2.78396628641976, 47.598087672499702 ], [ 2.78396417833137, 47.598082447904098 ], [ 2.78387839084551, 47.597939350098997 ], [ 2.78385962059906, 47.597908081190901 ], [ 2.78374911971323, 47.597755576271403 ], [ 2.78356117980116, 47.597600587373101 ], [ 2.78295276356165, 47.598058248858301 ], [ 2.78282301692704, 47.598155760561397 ], [ 2.78247163235297, 47.598367174535603 ], [ 2.78179270139821, 47.598783742981801 ], [ 2.781589797777, 47.598936563878397 ], [ 2.78148207062726, 47.599017913101399 ], [ 2.78147806614472, 47.599020875999699 ], [ 2.781409852375, 47.5990723251346 ], [ 2.7813637979424, 47.599107073511199 ], [ 2.78133549809559, 47.5991283533358 ], [ 2.78125433566574, 47.599189499411899 ], [ 2.78113937279188, 47.599347614924397 ], [ 2.78106608800895, 47.599402294773697 ], [ 2.78105487509001, 47.599410644853698 ], [ 2.78100147976796, 47.599450509994199 ], [ 2.78098359074481, 47.5994642482584 ], [ 2.78093032617957, 47.599504653682303 ], [ 2.78090389717761, 47.599523956647197 ], [ 2.78066958630221, 47.5997079510826 ], [ 2.78070078159656, 47.5997270922106 ], [ 2.78101278949921, 47.5999378556808 ], [ 2.78119686321054, 47.600062237208 ], [ 2.78148849351612, 47.6002128332334 ], [ 2.78156702396623, 47.600209829776503 ], [ 2.78178841409267, 47.600061094099303 ], [ 2.78189143802679, 47.599991257368998 ], [ 2.78194988879402, 47.5999517613226 ], [ 2.78203809600003, 47.599892788224302 ], [ 2.7822161108195, 47.599773854677998 ], [ 2.78245444604751, 47.5996134477734 ], [ 2.78257321187243, 47.599533738451797 ], [ 2.78278872556228, 47.599388770392899 ], [ 2.78376792884755, 47.598730440701402 ], [ 2.78390657381053, 47.598637265021999 ], [ 2.78403587745892, 47.5985503727306 ], [ 2.78406779676092, 47.598489313659499 ] ] ], [ [ [ 2.78438314419585, 47.599621436453504 ], [ 2.78436928354241, 47.599593507163497 ], [ 2.78431542675071, 47.599484583281999 ], [ 2.7843020930303, 47.599458005134103 ], [ 2.78427281676493, 47.599358847924798 ], [ 2.78426651262128, 47.599338133535099 ], [ 2.78425824030361, 47.599310484590198 ], [ 2.78416042391737, 47.598981940287402 ], [ 2.78414768855419, 47.598939071061203 ], [ 2.78410678375219, 47.598753840867602 ], [ 2.78408732799995, 47.598628688283398 ], [ 2.78404597900243, 47.598619250558698 ], [ 2.78162996653141, 47.600243611970797 ], [ 2.78163270072301, 47.600290963333997 ], [ 2.78228111980884, 47.600639170132197 ], [ 2.78232945625381, 47.600665093668603 ], [ 2.78266183607121, 47.600843576336203 ], [ 2.78438314419585, 47.599621436453504 ] ] ] ] } },
{ "type": "Feature", "properties": { "Name": null, "id": "" }, "geometry": { "type": "MultiPolygon", "coordinates": [ [ [ [ 2.89723550488685, 47.558585120484302 ], [ 2.89751115976077, 47.558311721971997 ], [ 2.89733701626577, 47.557659330904599 ], [ 2.89712948855281, 47.557358682887802 ], [ 2.89644319694117, 47.556952024498997 ], [ 2.89566094488148, 47.556595413750699 ], [ 2.89532267568918, 47.556520759465201 ], [ 2.89501925651899, 47.556373134543797 ], [ 2.89496970523896, 47.556349056308797 ], [ 2.89491557198698, 47.556423628820497 ], [ 2.89494352144497, 47.556546072473303 ], [ 2.89517898247248, 47.557580180051403 ], [ 2.89516705078822, 47.557629586760299 ], [ 2.89503636841722, 47.5581548781796 ], [ 2.89509511514291, 47.558169603228102 ], [ 2.89711723264884, 47.5586828608931 ], [ 2.89723550488685, 47.558585120484302 ] ] ], [ [ [ 2.9079723012852, 47.560871154527902 ], [ 2.90843710824598, 47.5606825912012 ], [ 2.90820460270493, 47.560418417217299 ], [ 2.90783932493332, 47.560003374458702 ], [ 2.90774034176445, 47.5598909054684 ], [ 2.90686666305682, 47.5588957427398 ], [ 2.90680154605627, 47.5590239599127 ], [ 2.90609133218426, 47.558555500327699 ], [ 2.90509622936079, 47.557974468018898 ], [ 2.90497667654567, 47.557754197646098 ], [ 2.90439140794922, 47.557555419630901 ], [ 2.90336268031691, 47.557205859494701 ], [ 2.90338881219388, 47.557167715398499 ], [ 2.90351760273039, 47.5569806838296 ], [ 2.90244233516322, 47.556567167325198 ], [ 2.90167124117598, 47.556270465211803 ], [ 2.90155435678566, 47.556199435917101 ], [ 2.90014047025663, 47.555700638882598 ], [ 2.89950337021011, 47.555296920706098 ], [ 2.89892617643447, 47.555212619294501 ], [ 2.89644115418422, 47.554849214746298 ], [ 2.89623463500611, 47.555064703920998 ], [ 2.89577589124399, 47.5552017457603 ], [ 2.89544707042848, 47.555399571505397 ], [ 2.89509524633208, 47.555663625648002 ], [ 2.8950063438543, 47.555974272660798 ], [ 2.89495155520467, 47.556247234589499 ], [ 2.89514744210001, 47.556372889784498 ], [ 2.89559598109208, 47.556496700737299 ], [ 2.89646860936717, 47.556875895580802 ], [ 2.89672215103266, 47.5570334640447 ], [ 2.89684155089767, 47.557107830882401 ], [ 2.89710304316223, 47.557211937480901 ], [ 2.89714197473752, 47.557227454146997 ], [ 2.89715858384384, 47.557234039780496 ], [ 2.89725690934568, 47.557273282319699 ], [ 2.89737968113564, 47.557600589609898 ], [ 2.89749548871046, 47.5578851341755 ], [ 2.89756999006041, 47.557936327297398 ], [ 2.89807335440022, 47.5579797046599 ], [ 2.89831506530933, 47.558000528706103 ], [ 2.89848803894235, 47.558015441576202 ], [ 2.89866247523714, 47.558030445473797 ], [ 2.89888224913385, 47.558049359000798 ], [ 2.89893503245228, 47.558053725392199 ], [ 2.89900709407687, 47.5580598187086 ], [ 2.90226345110731, 47.558332182952803 ], [ 2.90303592993766, 47.5583968272107 ], [ 2.90305559092968, 47.558407645170497 ], [ 2.90335637127663, 47.558562447903299 ], [ 2.90382479485399, 47.558741511794203 ], [ 2.90402752417858, 47.558850144992299 ], [ 2.90432514068657, 47.559141042933803 ], [ 2.90435859286849, 47.559173745249097 ], [ 2.90494708626255, 47.559887132673801 ], [ 2.90508697675648, 47.5599650181695 ], [ 2.90581995500017, 47.560349789456403 ], [ 2.90595517666101, 47.560437301555098 ], [ 2.90626050270592, 47.560665371188897 ], [ 2.90702436949985, 47.5610396280129 ], [ 2.90718556187262, 47.5611069063416 ], [ 2.9079723012852, 47.560871154527902 ] ] ] ] } },
{ "type": "Feature", "properties": { "Name": null, "id": "" }, "geometry": { "type": "MultiPolygon", "coordinates": [ [ [ [ 3.02553750284908, 47.430054530085798 ], [ 3.02610893909627, 47.430020124076599 ], [ 3.02608556813614, 47.4299454676379 ], [ 3.02600882314795, 47.429667632440903 ], [ 3.02597011053673, 47.4293874481844 ], [ 3.02591487965025, 47.429210798341103 ], [ 3.02593123528819, 47.4290444757033 ], [ 3.02594076966653, 47.429009663252401 ], [ 3.0259620771996, 47.428961084276999 ], [ 3.02593966574313, 47.428921507943699 ], [ 3.02524447934194, 47.428799874200202 ], [ 3.02483670282644, 47.4286986816251 ], [ 3.02464276013359, 47.428639085299302 ], [ 3.02451840401486, 47.428598450004102 ], [ 3.0244204237933, 47.4285664508633 ], [ 3.02433240977414, 47.4285426322798 ], [ 3.02418446476342, 47.428523957181902 ], [ 3.0241185846734, 47.428515599092002 ], [ 3.02404035682869, 47.4284829654014 ], [ 3.02389584248784, 47.428422547432 ], [ 3.02377653746236, 47.4283726563527 ], [ 3.02366675901564, 47.4283268050646 ], [ 3.02359304267548, 47.428295790494502 ], [ 3.02351919376265, 47.428264766902203 ], [ 3.02345211151348, 47.428236541489198 ], [ 3.02337150942359, 47.428202638556002 ], [ 3.02332470024044, 47.4281822316443 ], [ 3.02317210027297, 47.428101848178699 ], [ 3.0228615910533, 47.427930468443101 ], [ 3.02265842113075, 47.427715074730202 ], [ 3.02254796577021, 47.4275997818485 ], [ 3.02212361044039, 47.4271493901729 ], [ 3.02182829334381, 47.426834802445697 ], [ 3.02173591848281, 47.426842111279903 ], [ 3.02165300445498, 47.4269878405415 ], [ 3.02143497502086, 47.427374755644998 ], [ 3.02122212638566, 47.427754656847 ], [ 3.02100763703357, 47.428051434362899 ], [ 3.02079552963062, 47.428339317143198 ], [ 3.02073275278769, 47.428463914597501 ], [ 3.02056798536845, 47.428816818155397 ], [ 3.02137180635537, 47.429137878896199 ], [ 3.02185808310603, 47.429330105019901 ], [ 3.02212986079594, 47.429435915910801 ], [ 3.02229837564649, 47.429501372508902 ], [ 3.02267860322854, 47.429640270236398 ], [ 3.022822851827, 47.429695198582699 ], [ 3.02295582296669, 47.429745817068302 ], [ 3.02308283705082, 47.429794186109902 ], [ 3.02317810902781, 47.429695497440299 ], [ 3.0234297184528, 47.4294476249609 ], [ 3.02349798131851, 47.429472348396999 ], [ 3.02359569717684, 47.429503997281401 ], [ 3.02370400078015, 47.429539226680099 ], [ 3.02413209901157, 47.429686751711202 ], [ 3.02483211167129, 47.429926765889697 ], [ 3.02499636783106, 47.4299810661335 ], [ 3.02505275617664, 47.430084494728497 ], [ 3.02553750284908, 47.430054530085798 ] ] ], [ [ [ 3.03012852294377, 47.426612285636303 ], [ 3.03016439523735, 47.426524669806298 ], [ 3.02995898067696, 47.426109870053899 ], [ 3.02978646282702, 47.4257610814388 ], [ 3.02979607395245, 47.425631289465699 ], [ 3.02982171106364, 47.425505535234898 ], [ 3.02991170696918, 47.425258499738 ], [ 3.02994478700482, 47.425159911310899 ], [ 3.02997999015815, 47.425062933664897 ], [ 3.03012623002969, 47.424680971790501 ], [ 3.0291542448509, 47.424849870218502 ], [ 3.02889011909067, 47.424895719821798 ], [ 3.02880596447937, 47.424912655278099 ], [ 3.02861220083688, 47.424947423459102 ], [ 3.02799843879961, 47.4250558747596 ], [ 3.0270717774742, 47.425222323330402 ], [ 3.02679438460335, 47.425270511750199 ], [ 3.02700540189959, 47.425802880856999 ], [ 3.02788530113864, 47.426909421574798 ], [ 3.0279656163434, 47.426900220358199 ], [ 3.02813659423214, 47.426883363584302 ], [ 3.02935743420282, 47.426743541463097 ], [ 3.03012852294377, 47.426612285636303 ] ] ], [ [ [ 3.03083496515422, 47.428136302515902 ], [ 3.03077987211694, 47.427994375165603 ], [ 3.03072079948297, 47.427828791838998 ], [ 3.03059932198087, 47.427514270449798 ], [ 3.03048743800535, 47.427272157675397 ], [ 3.03035830289454, 47.4269699525655 ], [ 3.03023500593281, 47.426691411760501 ], [ 3.03016699432563, 47.426664540725298 ], [ 3.02928482887661, 47.4268057179046 ], [ 3.02910363804762, 47.426823569130903 ], [ 3.02875757514453, 47.426865036924397 ], [ 3.02840953454241, 47.426905243904301 ], [ 3.02829328755193, 47.426920557460299 ], [ 3.02824186133337, 47.426925250943199 ], [ 3.02816935987866, 47.426935611704501 ], [ 3.02805524565554, 47.426945622385198 ], [ 3.02802846510983, 47.426948779505302 ], [ 3.02787113726437, 47.426966623060302 ], [ 3.02779611457314, 47.426975552890099 ], [ 3.02757213384151, 47.427001864730599 ], [ 3.02744502229281, 47.427017189014101 ], [ 3.02698510751824, 47.427068751458997 ], [ 3.02691128313429, 47.427087114433697 ], [ 3.02683269742834, 47.4271072878418 ], [ 3.02667730777844, 47.427316365736999 ], [ 3.02660392189987, 47.427417302853797 ], [ 3.02654777536687, 47.427507811786697 ], [ 3.02652355254819, 47.427560343400501 ], [ 3.02648340906436, 47.427635014305203 ], [ 3.02645031335309, 47.427690968641798 ], [ 3.02642900166746, 47.427756102229203 ], [ 3.0269878611825, 47.428585489849603 ], [ 3.02686433559678, 47.4286171781024 ], [ 3.02725767282671, 47.4289602478853 ], [ 3.02739944710868, 47.4290998159683 ], [ 3.02882286404265, 47.428711427406299 ], [ 3.03083496515422, 47.428136302515902 ] ] ] ] } },
{ "type": "Feature", "properties": { "Name": null, "id": "" }, "geometry": { "type": "MultiPolygon", "coordinates": [ [ [ [ 2.92570936817176, 47.491591628996197 ], [ 2.92592038483738, 47.491116836951001 ], [ 2.92527421517746, 47.490838381635697 ], [ 2.92450205448178, 47.4905050751277 ], [ 2.92444222509401, 47.490485700813402 ], [ 2.92438251375671, 47.490486202169699 ], [ 2.92377113309437, 47.490670913484799 ], [ 2.92296536256482, 47.490638355622799 ], [ 2.92288679966743, 47.490642894484303 ], [ 2.92298721693446, 47.4910393571448 ], [ 2.92315598297003, 47.491711296842503 ], [ 2.92329072886942, 47.49223335448 ], [ 2.92331219647189, 47.492341037159399 ], [ 2.92334704015454, 47.4923826206334 ], [ 2.9234009063495, 47.492486633931001 ], [ 2.92347800881113, 47.492771550267697 ], [ 2.92357558663153, 47.493116115751199 ], [ 2.92359112857001, 47.493188715093403 ], [ 2.92353171495844, 47.493443494248197 ], [ 2.92354343280671, 47.493506117270599 ], [ 2.92357385007893, 47.493578807377197 ], [ 2.9236628228314, 47.4937282747347 ], [ 2.92376751746918, 47.494020491101701 ], [ 2.92380383912949, 47.494041830713797 ], [ 2.92387790945285, 47.494313890268899 ], [ 2.92407511566191, 47.493949993184103 ], [ 2.92412621132, 47.493958668032597 ], [ 2.92453790180025, 47.494035611269801 ], [ 2.92458754850359, 47.493941603420403 ], [ 2.9247380406947, 47.493669608537097 ], [ 2.92513841690039, 47.492937331869399 ], [ 2.92570235313646, 47.491966614679001 ], [ 2.92569371105712, 47.491877655005503 ], [ 2.92569959548606, 47.491848331429203 ], [ 2.92571145063064, 47.491813619679803 ], [ 2.9257714332923, 47.491723884595601 ], [ 2.92581277630933, 47.4916672456282 ], [ 2.92578919666217, 47.4916425841296 ], [ 2.92570576055784, 47.491607271540502 ], [ 2.92570936817176, 47.491591628996197 ] ] ] ] } },
{ "type": "Feature", "properties": { "Name": null, "id": "" }, "geometry": { "type": "MultiPolygon", "coordinates": [ [ [ [ 2.96508988951423, 47.367533603227898 ], [ 2.96536743519725, 47.367282625542202 ], [ 2.9653572609085, 47.367238548023302 ], [ 2.96503806095262, 47.367217945563098 ], [ 2.96500323955125, 47.367217304933199 ], [ 2.96457163877968, 47.367174711067399 ], [ 2.96415183138353, 47.3671322182594 ], [ 2.96398116602378, 47.3671148903831 ], [ 2.9639525726376, 47.367113801261297 ], [ 2.96384625872811, 47.367104324991601 ], [ 2.96364780028955, 47.367097961588598 ], [ 2.96356253467431, 47.367098033912001 ], [ 2.9634212771897, 47.367092498233902 ], [ 2.96316927254238, 47.367146836600703 ], [ 2.96279941030419, 47.367252142894202 ], [ 2.96263070017726, 47.367300304244601 ], [ 2.96219288768824, 47.367424833312597 ], [ 2.96172806353979, 47.367556823610798 ], [ 2.96133488745245, 47.367663098780902 ], [ 2.96125722418509, 47.367941833185398 ], [ 2.96124302275888, 47.367992564508 ], [ 2.96121582005294, 47.368083405021302 ], [ 2.96103875299195, 47.368503421571603 ], [ 2.96098251313284, 47.368636706350301 ], [ 2.96097919562245, 47.3686433668177 ], [ 2.96093437753033, 47.368740313775 ], [ 2.96088571289494, 47.368842300612599 ], [ 2.96091152108006, 47.368848070661898 ], [ 2.96090124276902, 47.368951330703503 ], [ 2.96088046731972, 47.369130691255897 ], [ 2.96087177971384, 47.369232961582803 ], [ 2.96088908216391, 47.369473495422803 ], [ 2.96089091734681, 47.369500844521603 ], [ 2.96089144200671, 47.3695082174454 ], [ 2.96089837841164, 47.369608791610297 ], [ 2.96090363997496, 47.369680207299702 ], [ 2.96090533281713, 47.3697028842411 ], [ 2.96090572608703, 47.369708726757402 ], [ 2.96091096156207, 47.369797786613702 ], [ 2.96091382773895, 47.369846894208102 ], [ 2.96091631441772, 47.369889448121903 ], [ 2.96091907301281, 47.369922540885803 ], [ 2.96092380417676, 47.369976339214901 ], [ 2.9609274816957, 47.370021315099599 ], [ 2.96092957039077, 47.370046323722399 ], [ 2.96092996340356, 47.370052526322901 ], [ 2.96093007979127, 47.370074662602498 ], [ 2.9609302027556, 47.370105963053398 ], [ 2.96094070550446, 47.370222454155197 ], [ 2.96094293500041, 47.3702542954398 ], [ 2.96094726403887, 47.370314476135299 ], [ 2.96095590954903, 47.370433937303901 ], [ 2.96095774559163, 47.370460197132701 ], [ 2.96096848665667, 47.370613570016801 ], [ 2.96097283092567, 47.370835032839899 ], [ 2.96097334605442, 47.370855539860599 ], [ 2.96126734790717, 47.370602426332297 ], [ 2.96132643164491, 47.370551628987201 ], [ 2.96174570811591, 47.370276698658998 ], [ 2.96185062463898, 47.370209802302398 ], [ 2.96202656072494, 47.370057390825004 ], [ 2.96204683539151, 47.370037790805497 ], [ 2.96208936991839, 47.370002003210502 ], [ 2.96212660208671, 47.369968914511297 ], [ 2.96218026308358, 47.369920356482197 ], [ 2.96224478183895, 47.369864249166298 ], [ 2.96233606845977, 47.369787733654498 ], [ 2.96239780167966, 47.369735217198603 ], [ 2.96241065021485, 47.369723257520597 ], [ 2.96251584391596, 47.369636222866802 ], [ 2.96255968877078, 47.3696016958149 ], [ 2.96263746484034, 47.369535240090002 ], [ 2.96289792404169, 47.369324754618198 ], [ 2.96297104719899, 47.3692598275398 ], [ 2.96307426570559, 47.369171351392801 ], [ 2.96315812743566, 47.369097884577698 ], [ 2.96322595686895, 47.369041777746901 ], [ 2.9633980520113, 47.368894854205998 ], [ 2.9636215200461, 47.368746587169099 ], [ 2.96376219952099, 47.368653089916599 ], [ 2.96398168950191, 47.368506090233303 ], [ 2.96408396018687, 47.368423455254998 ], [ 2.96431447139925, 47.368238757380198 ], [ 2.96434812200582, 47.368207647315401 ], [ 2.96443728672041, 47.3681250980163 ], [ 2.96471735728452, 47.367872331292403 ], [ 2.96508988951423, 47.367533603227898 ] ] ], [ [ [ 2.96789427120373, 47.366443748113099 ], [ 2.96786327395195, 47.3664524626247 ], [ 2.96751009141408, 47.366584596933798 ], [ 2.96732020207327, 47.366652095786797 ], [ 2.96703931420306, 47.366755820189802 ], [ 2.96665194920724, 47.366897745509903 ], [ 2.96583989209305, 47.3671943463251 ], [ 2.96580228039245, 47.367205849004201 ], [ 2.96570455285464, 47.3672367605703 ], [ 2.96544445872378, 47.367324742482602 ], [ 2.96537994369678, 47.367384992620899 ], [ 2.9653085358899, 47.367449021563999 ], [ 2.9650096576407, 47.367717609859298 ], [ 2.96472840902053, 47.367971817288598 ], [ 2.96457577808293, 47.368109935696701 ], [ 2.96438672376608, 47.368283133075501 ], [ 2.96435282322792, 47.368311452411 ], [ 2.96406613411451, 47.368548120342602 ], [ 2.96392810992903, 47.368635146254903 ], [ 2.96365285360377, 47.368811637404796 ], [ 2.96351601996154, 47.368899653425402 ], [ 2.96348091532532, 47.368924200226502 ], [ 2.96346250142157, 47.368936878448302 ], [ 2.9632612611659, 47.369112941785701 ], [ 2.96309551357518, 47.369257706613901 ], [ 2.96297761452751, 47.369363183132101 ], [ 2.96282882927917, 47.369484844490302 ], [ 2.96259076237776, 47.369677350741398 ], [ 2.96248623365037, 47.369760973867898 ], [ 2.96247389932774, 47.369776624594301 ], [ 2.9622497244096, 47.369996113995199 ], [ 2.96216584220886, 47.3700760616547 ], [ 2.96215140037006, 47.370092332805697 ], [ 2.96212199188827, 47.370117421166697 ], [ 2.96194407281532, 47.370263350601398 ], [ 2.96151936417307, 47.370538738956597 ], [ 2.96140834680515, 47.370611556380503 ], [ 2.96125254024736, 47.370739325770899 ], [ 2.96106294920858, 47.370894162033899 ], [ 2.96074188872013, 47.371215538007299 ], [ 2.96063375988707, 47.3713214654667 ], [ 2.96052867856961, 47.371427213813199 ], [ 2.96033435789394, 47.371538593977803 ], [ 2.96028742917352, 47.371599837416198 ], [ 2.96029466777039, 47.371666941729003 ], [ 2.9603092827217, 47.3717941377394 ], [ 2.96031293455014, 47.371855398442001 ], [ 2.96028022706732, 47.372020360191101 ], [ 2.9605922120451, 47.3720496962776 ], [ 2.96055493439632, 47.372285548255498 ], [ 2.96088692487675, 47.372305024008099 ], [ 2.96088702658219, 47.372329104719498 ], [ 2.96088990176096, 47.373020324537698 ], [ 2.96117606590621, 47.373048714131201 ], [ 2.96131109983442, 47.3730506946101 ], [ 2.96131060132553, 47.373062055118901 ], [ 2.96129556165823, 47.373060564762298 ], [ 2.96128180558758, 47.3736490916626 ], [ 2.96128477373126, 47.373649382389097 ], [ 2.96128395195008, 47.373668068840097 ], [ 2.96140450953728, 47.373661114287003 ], [ 2.96132033729264, 47.373652865795698 ], [ 2.96151622848904, 47.373672052891401 ], [ 2.96150839762398, 47.373947650091999 ], [ 2.96174854618427, 47.3739714499415 ], [ 2.96174289763168, 47.3739945295072 ], [ 2.96168352136045, 47.3744500889742 ], [ 2.96185091330096, 47.374480769221897 ], [ 2.9622387656455, 47.3745518685269 ], [ 2.96221460494501, 47.3750063143234 ], [ 2.96276627174216, 47.3750596678099 ], [ 2.9642292945082, 47.375197301392497 ], [ 2.96417736270597, 47.374814452602401 ], [ 2.9641238796544, 47.374810295136399 ], [ 2.96412382438275, 47.374694798015398 ], [ 2.96412463080119, 47.374658105652301 ], [ 2.96416714495172, 47.374656228321797 ], [ 2.96416529964855, 47.374462736329498 ], [ 2.96378765310792, 47.374425557593398 ], [ 2.96370080877611, 47.374410956084198 ], [ 2.96374153713636, 47.374286388537698 ], [ 2.96377431976192, 47.374192668741699 ], [ 2.96378108016955, 47.374170273586699 ], [ 2.96387355603928, 47.373909718130598 ], [ 2.96387660974383, 47.373901176071598 ], [ 2.9639376381578, 47.373719127219601 ], [ 2.96396829821912, 47.373627747237798 ], [ 2.96398393830609, 47.373584028802298 ], [ 2.96400768189302, 47.373530428548399 ], [ 2.96406776547381, 47.373392552699201 ], [ 2.96409162882151, 47.373337962227801 ], [ 2.96415196116794, 47.373203957311603 ], [ 2.96416948093002, 47.3731629400584 ], [ 2.96426006599739, 47.372950319885902 ], [ 2.96428605198356, 47.3728915890416 ], [ 2.9645577002722, 47.372989723274998 ], [ 2.96466727301309, 47.372696872658203 ], [ 2.96474886302028, 47.372455649587799 ], [ 2.96477499073206, 47.372381714081001 ], [ 2.96483048494543, 47.372386952115697 ], [ 2.96492727311139, 47.372186477092498 ], [ 2.96468961718004, 47.372150513676999 ], [ 2.9642385296731, 47.372079132969198 ], [ 2.96414306186556, 47.372065159269503 ], [ 2.96420802195293, 47.371964076443597 ], [ 2.9645902553145, 47.3720128589935 ], [ 2.96460604393781, 47.3719835438865 ], [ 2.96462434069482, 47.371948738244903 ], [ 2.96468173588122, 47.371843511869898 ], [ 2.96474860526927, 47.371637986663501 ], [ 2.96447296324111, 47.3715973391663 ], [ 2.96442291578271, 47.3715927327749 ], [ 2.96453232945734, 47.371316797053602 ], [ 2.96453949516258, 47.3713016846703 ], [ 2.96457211098132, 47.371234952852298 ], [ 2.96461467372777, 47.371155269991498 ], [ 2.96471157902618, 47.370976022092798 ], [ 2.96475254831548, 47.370900749731497 ], [ 2.96480159745334, 47.370810266204103 ], [ 2.96481830123815, 47.370778970861899 ], [ 2.96483142282311, 47.370754327005898 ], [ 2.96485383188606, 47.370711879746899 ], [ 2.96489493499398, 47.370633996750001 ], [ 2.96493045102773, 47.370568697026698 ], [ 2.96494822923886, 47.3705355115397 ], [ 2.96496465422626, 47.370504756216498 ], [ 2.96500177534682, 47.370436585272202 ], [ 2.96507270290197, 47.3703027539404 ], [ 2.96512229675696, 47.370208408504197 ], [ 2.96516802884218, 47.370122604907799 ], [ 2.96518116294209, 47.370098600160397 ], [ 2.96523590398268, 47.369994722952299 ], [ 2.96526942509439, 47.369959831710503 ], [ 2.96527935684208, 47.369949392205399 ], [ 2.96530507941325, 47.369904695301699 ], [ 2.96533131942138, 47.369858927292 ], [ 2.96534259541168, 47.369839315009699 ], [ 2.96540013379567, 47.369732377821798 ], [ 2.96542252826657, 47.369690650600802 ], [ 2.96543843414562, 47.369662676704003 ], [ 2.96547515394733, 47.3695985564243 ], [ 2.96548470998873, 47.369574631593501 ], [ 2.96547071098956, 47.369522280032697 ], [ 2.96550640321016, 47.369386817526603 ], [ 2.96549388810199, 47.369293623723401 ], [ 2.96553032777217, 47.369252530791996 ], [ 2.96563367939776, 47.369135803714599 ], [ 2.96583616312258, 47.368867716811202 ], [ 2.96595794629286, 47.3687072714675 ], [ 2.96599546689013, 47.368652963560301 ], [ 2.96604091996794, 47.368584965707903 ], [ 2.96608743422723, 47.368514996677398 ], [ 2.96648480048973, 47.368059504743002 ], [ 2.96789427120373, 47.366443748113099 ] ] ], [ [ [ 2.93895407476321, 47.4291087864923 ], [ 2.93906321149151, 47.428840074061704 ], [ 2.93889785987203, 47.428662514937798 ], [ 2.93882000997773, 47.428576478897703 ], [ 2.93884042719415, 47.428575049327002 ], [ 2.93850762082339, 47.428195191819199 ], [ 2.93845506666699, 47.428134545238301 ], [ 2.93831873012738, 47.427980378512402 ], [ 2.93818395996766, 47.427825960394401 ], [ 2.93799598758896, 47.427610786938097 ], [ 2.93789946110683, 47.427641044867897 ], [ 2.93779006241095, 47.427675436711198 ], [ 2.93769577950383, 47.427703994311301 ], [ 2.93765468222677, 47.427716655978799 ], [ 2.9375867796602, 47.427737395966901 ], [ 2.93753866185364, 47.427752754398 ], [ 2.93742395722594, 47.427786593931302 ], [ 2.93734121925721, 47.427811286633101 ], [ 2.93725702128133, 47.427836617623697 ], [ 2.937231292291, 47.427843076114698 ], [ 2.93705654052367, 47.427894967697597 ], [ 2.93697724121735, 47.427916871410297 ], [ 2.93686957125683, 47.427946681353099 ], [ 2.93686797888778, 47.427947130584201 ], [ 2.93676203724003, 47.427973601659403 ], [ 2.93672929128486, 47.427979615132202 ], [ 2.93665862694691, 47.427990730042701 ], [ 2.93662946420711, 47.427995395152699 ], [ 2.93656767678959, 47.4280044444046 ], [ 2.93643219633221, 47.428016874110902 ], [ 2.93638037465586, 47.4280229580799 ], [ 2.9362794890551, 47.4280251533525 ], [ 2.93617623216634, 47.428024646666799 ], [ 2.93611075915972, 47.428020649899899 ], [ 2.93607099589581, 47.428015406958004 ], [ 2.93599028736763, 47.4280060996321 ], [ 2.9358387941579, 47.427986410056498 ], [ 2.93581600701196, 47.427984147014101 ], [ 2.93570520861479, 47.427967261291897 ], [ 2.93568771563396, 47.427963929923301 ], [ 2.93549953007753, 47.427933777414196 ], [ 2.93546838798548, 47.427929709291803 ], [ 2.93546745952159, 47.427929618757901 ], [ 2.93536912953735, 47.427913738840402 ], [ 2.93511294846576, 47.427870864238599 ], [ 2.93494520041127, 47.427833889782796 ], [ 2.9349807014246, 47.428060946581098 ], [ 2.93501266358167, 47.4282638942802 ], [ 2.93508250002361, 47.428717728002901 ], [ 2.93502615985896, 47.428718956823197 ], [ 2.93488806182346, 47.427827025380097 ], [ 2.93479410449754, 47.427815459333502 ], [ 2.93469656384026, 47.4278053225025 ], [ 2.93460299006751, 47.427794755727803 ], [ 2.93455951152006, 47.427790590408698 ], [ 2.93453314321482, 47.427788055043699 ], [ 2.93447243329658, 47.427783699957999 ], [ 2.93442631529674, 47.427779272047502 ], [ 2.93432200904142, 47.4277694911654 ], [ 2.93427416801554, 47.427763891974799 ], [ 2.93424513638781, 47.427758933528303 ], [ 2.93405192405074, 47.4277294059669 ], [ 2.93390494497922, 47.427707727008098 ], [ 2.93384570148348, 47.427697620212399 ], [ 2.93376328582908, 47.427685699817701 ], [ 2.93376961465311, 47.427706119735198 ], [ 2.93383163423583, 47.427938863188899 ], [ 2.93385972389348, 47.428040699664997 ], [ 2.93390023767376, 47.428190127234501 ], [ 2.9339423261478, 47.428342895378499 ], [ 2.9339614696689, 47.428417018885199 ], [ 2.9339823179434, 47.4284964544741 ], [ 2.93400130659115, 47.4285671661615 ], [ 2.93405779119434, 47.428771838345 ], [ 2.93403471757803, 47.428775777100199 ], [ 2.93357637605425, 47.428864572141897 ], [ 2.93315952512185, 47.428944837413198 ], [ 2.93316476748978, 47.428985402974298 ], [ 2.93318380192568, 47.429029307156597 ], [ 2.93325160435268, 47.429187482391299 ], [ 2.93331483948277, 47.429402411910303 ], [ 2.93332577712861, 47.429439659019799 ], [ 2.93334321678877, 47.429496786037198 ], [ 2.93335971338846, 47.429554902718799 ], [ 2.9334374860414, 47.429793317399103 ], [ 2.93350931231236, 47.4300135537814 ], [ 2.93351724602318, 47.430034343685598 ], [ 2.93351751034591, 47.4300351450051 ], [ 2.93353599573752, 47.430083729779 ], [ 2.93353653796254, 47.430085080372699 ], [ 2.93354050165121, 47.430098036360299 ], [ 2.93356106188472, 47.430185123408002 ], [ 2.9335792690031, 47.430254934474597 ], [ 2.93359298460252, 47.430309538777699 ], [ 2.93360379119766, 47.430356498811904 ], [ 2.93369968828118, 47.430744327944097 ], [ 2.93370655010013, 47.430773840049 ], [ 2.93371246637458, 47.430806313236303 ], [ 2.93371746192876, 47.430832403558497 ], [ 2.93372748037432, 47.430883945082797 ], [ 2.93374077705317, 47.430955733720701 ], [ 2.93377292819826, 47.4311214407902 ], [ 2.93379781490592, 47.431250713065097 ], [ 2.9338405174508, 47.431240934294898 ], [ 2.93468131206464, 47.431045501184997 ], [ 2.93472969634566, 47.431043187842697 ], [ 2.93475068414481, 47.431118761466102 ], [ 2.93499533636346, 47.431054399858297 ], [ 2.93604845287609, 47.430776239883102 ], [ 2.93612721161017, 47.430755407757502 ], [ 2.93614550898957, 47.430752447175699 ], [ 2.93649941590325, 47.4306663847292 ], [ 2.93676647092963, 47.430601410479298 ], [ 2.93682880096843, 47.430584709818497 ], [ 2.93699188941926, 47.430542615380404 ], [ 2.93712806697876, 47.430506708479001 ], [ 2.9373670067722, 47.430444409218502 ], [ 2.93771904921681, 47.430361132635603 ], [ 2.93809748812604, 47.430256273491999 ], [ 2.93821669341187, 47.430223596963899 ], [ 2.93828939988332, 47.430169390143398 ], [ 2.93833361879633, 47.430108515784603 ], [ 2.93872343396463, 47.429565340421199 ], [ 2.93866490792354, 47.429516915401798 ], [ 2.93764765813205, 47.4295236572977 ], [ 2.93724269253375, 47.429526140164697 ], [ 2.9368485864508, 47.429544182790501 ], [ 2.93659672348154, 47.429555289196699 ], [ 2.93642968689352, 47.4295618504635 ], [ 2.93624475276727, 47.429570112046001 ], [ 2.93615740630121, 47.429574205027997 ], [ 2.93615508684864, 47.429516816676198 ], [ 2.93643359008292, 47.429514538636802 ], [ 2.93653234142267, 47.429513422293802 ], [ 2.9366264620671, 47.429513113515704 ], [ 2.93681006214806, 47.429510971890601 ], [ 2.93704388673098, 47.4295083980629 ], [ 2.93779720950291, 47.429494868260697 ], [ 2.93798664785412, 47.429491458632803 ], [ 2.93807201506266, 47.429489433660102 ], [ 2.9382118523898, 47.429486447352403 ], [ 2.93826262169261, 47.429485214034102 ], [ 2.93850257013716, 47.429475186955401 ], [ 2.93864426728128, 47.429469860618198 ], [ 2.93875217644569, 47.429464705369 ], [ 2.93880311238227, 47.429433693634202 ], [ 2.93880021539806, 47.429414896153702 ], [ 2.9387489389667, 47.429175148695201 ], [ 2.93892642481321, 47.429170840057601 ], [ 2.93895407476321, 47.4291087864923 ] ] ], [ [ [ 2.96934825206747, 47.421209739412603 ], [ 2.96976734953009, 47.4204709978289 ], [ 2.96971833900916, 47.420404064738101 ], [ 2.96908224785544, 47.420292714601203 ], [ 2.96843225413628, 47.420167602258601 ], [ 2.96828900018269, 47.420138325029399 ], [ 2.96799812860424, 47.420080588016198 ], [ 2.9672433182545, 47.419936185007103 ], [ 2.96706759780183, 47.419905465817799 ], [ 2.96694725123474, 47.419897419970297 ], [ 2.96663848419477, 47.419870614106003 ], [ 2.96616682207372, 47.419836297562902 ], [ 2.96601468567682, 47.419825009807703 ], [ 2.96579987135044, 47.419806771957496 ], [ 2.96551439234606, 47.419785290093998 ], [ 2.96522443326778, 47.419759656299803 ], [ 2.96510967677335, 47.419742977368102 ], [ 2.96496590544176, 47.4197183768906 ], [ 2.9648573744904, 47.419694236981897 ], [ 2.96472631815085, 47.419656686266201 ], [ 2.96460839363759, 47.419617609069 ], [ 2.96434196385564, 47.419473973881601 ], [ 2.96406280489013, 47.419347050735098 ], [ 2.96399113773402, 47.419316629043003 ], [ 2.96370623553247, 47.419251321497597 ], [ 2.96375485533438, 47.419098870881498 ], [ 2.96373524195236, 47.419094732881099 ], [ 2.96362789582075, 47.419086327570596 ], [ 2.96356573066083, 47.419087568389898 ], [ 2.96352689149614, 47.419094478708502 ], [ 2.96346222230525, 47.419111193014302 ], [ 2.96330023303842, 47.419159446411697 ], [ 2.96318158292555, 47.419214365736202 ], [ 2.96309192297448, 47.419312026322302 ], [ 2.96307853267138, 47.419323265489702 ], [ 2.96282640426702, 47.4194117822395 ], [ 2.96273453474518, 47.4194430615755 ], [ 2.96230661355283, 47.419588998098902 ], [ 2.96223013299814, 47.419614340743202 ], [ 2.96208854052793, 47.419661878908599 ], [ 2.96190164357748, 47.4197236161259 ], [ 2.96187605274144, 47.419731970538599 ], [ 2.96188005301776, 47.419869863452703 ], [ 2.961931986189, 47.421409471402001 ], [ 2.96290738997519, 47.421461511529102 ], [ 2.96298068125913, 47.421467377122099 ], [ 2.96343433850957, 47.421489647317202 ], [ 2.96339858245672, 47.4216406703774 ], [ 2.96334035928365, 47.421885765449503 ], [ 2.96331883925053, 47.421972195139702 ], [ 2.96318205982339, 47.422535870330002 ], [ 2.96314828516195, 47.422696786980303 ], [ 2.96312283677035, 47.422901140512501 ], [ 2.96311019516309, 47.422979579233697 ], [ 2.96310750654055, 47.423012318362602 ], [ 2.96307900528939, 47.423219281444503 ], [ 2.96305970082626, 47.423342151502901 ], [ 2.96303600066032, 47.423491728844297 ], [ 2.96301522427094, 47.423632944319401 ], [ 2.96306874598113, 47.423670832384403 ], [ 2.96309511305709, 47.423674162457999 ], [ 2.96438243612164, 47.423775403126598 ], [ 2.96439278711179, 47.423748157494103 ], [ 2.96443049917355, 47.423485826163798 ], [ 2.96450932722084, 47.423487695628801 ], [ 2.96470031312842, 47.423496296548699 ], [ 2.9658194632958, 47.423526048972498 ], [ 2.9659777149642, 47.423532207656599 ], [ 2.96598270569608, 47.423401510276101 ], [ 2.96598461515534, 47.423318846222301 ], [ 2.96599577074444, 47.423067353881798 ], [ 2.96600062789146, 47.422938006721999 ], [ 2.9660138045652, 47.422657546746301 ], [ 2.96601369802441, 47.422595478470697 ], [ 2.9660135681818, 47.422591067491503 ], [ 2.96601648569102, 47.422591968535798 ], [ 2.96661042236068, 47.422760440407899 ], [ 2.9666384218203, 47.422698029123502 ], [ 2.9666904386849, 47.422598824856401 ], [ 2.96688908399517, 47.422657439052401 ], [ 2.96738243108686, 47.422801501108502 ], [ 2.96740549606963, 47.422803487994798 ], [ 2.96783871032792, 47.422896976464003 ], [ 2.96813038986886, 47.422959755094503 ], [ 2.96846342118034, 47.423033418525797 ], [ 2.96860370283827, 47.422715760712698 ], [ 2.9688222664174, 47.422238987711602 ], [ 2.96895019930769, 47.421960088340903 ], [ 2.96898257419873, 47.4218950670803 ], [ 2.96899823671219, 47.421852789218697 ], [ 2.96904017488147, 47.421764464505102 ], [ 2.96908383175033, 47.421685592250398 ], [ 2.96934825206747, 47.421209739412603 ] ] ], [ [ [ 2.96436355458697, 47.4238449281454 ], [ 2.96437086885265, 47.423816511336398 ], [ 2.96303679513338, 47.423705263571797 ], [ 2.96300338341058, 47.423703821647798 ], [ 2.96299577992013, 47.423765878442403 ], [ 2.96298686255559, 47.423828934029501 ], [ 2.96298060891085, 47.423876246110702 ], [ 2.96295196152799, 47.424062972729203 ], [ 2.96323386974291, 47.424081408054398 ], [ 2.96295086845547, 47.424876574328799 ], [ 2.96281117125226, 47.425270417384198 ], [ 2.96280358810575, 47.425302524773997 ], [ 2.96301944246696, 47.425381846394103 ], [ 2.96362793437686, 47.4256154577063 ], [ 2.96366835715879, 47.425627523891201 ], [ 2.96374379751789, 47.425602450101003 ], [ 2.96392160792581, 47.425095463793497 ], [ 2.96399199099712, 47.424896597367002 ], [ 2.96404406279338, 47.424745777431703 ], [ 2.96425122308666, 47.424157116118998 ], [ 2.96430379180155, 47.424014820983899 ], [ 2.96431376420059, 47.4239785823316 ], [ 2.96433155557053, 47.423932894063697 ], [ 2.96435015060842, 47.4238754225305 ], [ 2.96436355458697, 47.4238449281454 ] ] ], [ [ [ 2.95035488830284, 47.444518711492101 ], [ 2.95053348611435, 47.444111490596498 ], [ 2.95046295452665, 47.444102638803301 ], [ 2.95047747067455, 47.444031413468103 ], [ 2.95037840291791, 47.443901483807601 ], [ 2.95023851553716, 47.443761463557102 ], [ 2.94970085004342, 47.443219817001598 ], [ 2.94879181947873, 47.4430846721081 ], [ 2.94876982550595, 47.443605472715099 ], [ 2.94876894650851, 47.443692096994297 ], [ 2.94876857621179, 47.443940538478898 ], [ 2.94877529242308, 47.444132766602699 ], [ 2.94921392986621, 47.444238199251998 ], [ 2.95010343156326, 47.444448524706097 ], [ 2.95034878871569, 47.444528331848801 ], [ 2.95035488830284, 47.444518711492101 ] ] ], [ [ [ 2.96488673898164, 47.443663040102798 ], [ 2.96494126577466, 47.443596767027103 ], [ 2.96394316390498, 47.443348821617697 ], [ 2.96174547039964, 47.444117641899098 ], [ 2.96151429689333, 47.444203281145199 ], [ 2.96036361200083, 47.444624216731299 ], [ 2.96047571472694, 47.444710969487801 ], [ 2.96061671261566, 47.444824170288499 ], [ 2.96076126425817, 47.444959687646097 ], [ 2.96085480486796, 47.445063699273199 ], [ 2.96090010297902, 47.445123981743897 ], [ 2.9610729741614, 47.445368160270398 ], [ 2.9611129820874, 47.445404784077098 ], [ 2.96113842368061, 47.445418016258898 ], [ 2.96116534180756, 47.445426297922403 ], [ 2.96123163042051, 47.445435411865603 ], [ 2.96128956308061, 47.445439112894 ], [ 2.96134553475592, 47.445438771421699 ], [ 2.96173311371891, 47.445421994053497 ], [ 2.96213289079283, 47.445418974156297 ], [ 2.96226680666862, 47.445421088065302 ], [ 2.96241160070212, 47.445427436192602 ], [ 2.96248001595866, 47.445431860159303 ], [ 2.96254140899077, 47.445439981577302 ], [ 2.9629623440663, 47.445524130332501 ], [ 2.96323676237325, 47.445580253700797 ], [ 2.96327443133381, 47.445585657686301 ], [ 2.96331194488204, 47.445585489479697 ], [ 2.96335399625436, 47.445566526875197 ], [ 2.96342764436161, 47.4454868568629 ], [ 2.96350476319876, 47.445376599678902 ], [ 2.96356012932909, 47.445271466672502 ], [ 2.96359451039753, 47.445194124719897 ], [ 2.9636431385402, 47.445044997619298 ], [ 2.96368564660392, 47.444938789302803 ], [ 2.96370982898437, 47.444872228314303 ], [ 2.96381666236667, 47.4447340114667 ], [ 2.96436669671003, 47.444074400896604 ], [ 2.96455375284678, 47.443936297873002 ], [ 2.96488673898164, 47.443663040102798 ] ] ], [ [ [ 2.96658509232386, 47.443876910535799 ], [ 2.96500237692377, 47.443607182537498 ], [ 2.96499058209255, 47.443625200664002 ], [ 2.9649605812369, 47.443664502649099 ], [ 2.96484674879278, 47.443779421752197 ], [ 2.96481464756529, 47.4438040590749 ], [ 2.96471381983161, 47.443896675427197 ], [ 2.9646351413894, 47.443964381345197 ], [ 2.96445155169933, 47.4440979036236 ], [ 2.96437962289435, 47.444171372596898 ], [ 2.96433929287951, 47.4442179537333 ], [ 2.96426405440671, 47.444299334227701 ], [ 2.96413003807818, 47.444451306939499 ], [ 2.96402347961298, 47.444577380707202 ], [ 2.96396019223661, 47.4446445507946 ], [ 2.96385361449383, 47.444778365963799 ], [ 2.96381021796761, 47.444845092047402 ], [ 2.96375193596454, 47.444966148521303 ], [ 2.96362338128348, 47.445238746807703 ], [ 2.96355048455669, 47.445404681703899 ], [ 2.96344149801005, 47.445583909912799 ], [ 2.96346492405448, 47.445654356562301 ], [ 2.96362505379215, 47.445706941372499 ], [ 2.9642461296741, 47.445926247246 ], [ 2.9644046817068, 47.445979100546701 ], [ 2.96450197103065, 47.446006378781902 ], [ 2.96465245149864, 47.446045195436199 ], [ 2.96480492534517, 47.446059725574599 ], [ 2.96505672560262, 47.446071584825702 ], [ 2.96562756227807, 47.4460576309272 ], [ 2.96577407587291, 47.446055153588702 ], [ 2.96592590480722, 47.446061859483201 ], [ 2.96610198701727, 47.446074864520597 ], [ 2.96625752116271, 47.446077070149101 ], [ 2.96649156237951, 47.446053570981 ], [ 2.96651253112543, 47.445603917816598 ], [ 2.96652610777645, 47.445325072119502 ], [ 2.96655961518879, 47.444536053396803 ], [ 2.96658509232386, 47.443876910535799 ] ] ], [ [ [ 2.96629685943382, 47.446762669410099 ], [ 2.96634394683106, 47.446120357939499 ], [ 2.96622129274458, 47.446122032757302 ], [ 2.96610711972197, 47.446121099386602 ], [ 2.9658838384881, 47.446105109930997 ], [ 2.96579659290902, 47.446099593214299 ], [ 2.96559769114434, 47.446100173728198 ], [ 2.96513465824808, 47.446113880763697 ], [ 2.96497712868324, 47.446119144549002 ], [ 2.96494199059566, 47.4461185038436 ], [ 2.96475862546388, 47.446102344208199 ], [ 2.96464446129635, 47.446088095706699 ], [ 2.96434140641133, 47.446006419722899 ], [ 2.96426743027735, 47.445982020094696 ], [ 2.96414865399973, 47.445939891037 ], [ 2.96377587563849, 47.4458078178615 ], [ 2.96346395491394, 47.445693928287497 ], [ 2.96333390930778, 47.445658537222897 ], [ 2.96325728948989, 47.445639897284799 ], [ 2.96312125413173, 47.445612326678201 ], [ 2.96295195601882, 47.445578633089497 ], [ 2.9628431036901, 47.4455609728154 ], [ 2.96253075054128, 47.445501055545797 ], [ 2.96240255253906, 47.445481669281001 ], [ 2.96221612055282, 47.445471895941601 ], [ 2.96207173631591, 47.4454676181252 ], [ 2.96192189635061, 47.445466038893201 ], [ 2.96177682827017, 47.445471752515701 ], [ 2.9615909257851, 47.4454824845117 ], [ 2.96147821879522, 47.445493150439198 ], [ 2.96136828233713, 47.445507678961 ], [ 2.96127903265544, 47.4455230334286 ], [ 2.96121723756901, 47.445538847069798 ], [ 2.96113470728292, 47.4456021383942 ], [ 2.96111586191186, 47.445623718481201 ], [ 2.96109900116365, 47.445653310854098 ], [ 2.96107854725163, 47.445697106905001 ], [ 2.96107429531863, 47.445723102758102 ], [ 2.96106879661379, 47.445803064141998 ], [ 2.96106849669568, 47.445868822380497 ], [ 2.9609255439768, 47.4458836094894 ], [ 2.96083756337345, 47.445977126893602 ], [ 2.96080624352108, 47.446017687578703 ], [ 2.96072579177988, 47.446140175299803 ], [ 2.96064610559891, 47.4463038555648 ], [ 2.96060586473497, 47.4464030510537 ], [ 2.96057262831869, 47.446504859425801 ], [ 2.9605645121632, 47.446552089242502 ], [ 2.96055478683, 47.446604071474802 ], [ 2.96057615998456, 47.446754742219198 ], [ 2.96057957820246, 47.446798195172299 ], [ 2.96060026325876, 47.4469825054721 ], [ 2.96061947388296, 47.447168984692503 ], [ 2.96062566692569, 47.447228704863903 ], [ 2.96064599457676, 47.447538680394601 ], [ 2.96065611252768, 47.447656877694598 ], [ 2.96066378256015, 47.447693220627698 ], [ 2.9607064174906, 47.447786781921501 ], [ 2.96077761304837, 47.447785815732601 ], [ 2.96078410492715, 47.447800211826703 ], [ 2.96088555654043, 47.4479629628146 ], [ 2.96100941049205, 47.4481420054938 ], [ 2.96101524386701, 47.448149658991497 ], [ 2.96102714917353, 47.448165398153101 ], [ 2.96103258431911, 47.448173222551098 ], [ 2.96116174243943, 47.4483591082058 ], [ 2.96118187446404, 47.448394555068603 ], [ 2.96121494068034, 47.448491164569397 ], [ 2.96122406476709, 47.44853605966 ], [ 2.96122564673713, 47.448733857054698 ], [ 2.96120816833809, 47.449248547889098 ], [ 2.96130259521851, 47.449221141795 ], [ 2.9613722267732, 47.449201730009698 ], [ 2.96144757187266, 47.449172256049003 ], [ 2.96156813813519, 47.449131094621698 ], [ 2.96165037283546, 47.449116826864397 ], [ 2.96169345986121, 47.449120351757998 ], [ 2.96173919625481, 47.449130529845696 ], [ 2.96177671169842, 47.449149788044899 ], [ 2.96181103972636, 47.449172555893 ], [ 2.96188353614879, 47.449229606132903 ], [ 2.96193111182253, 47.449266142051897 ], [ 2.96204612403463, 47.449384373392498 ], [ 2.96375830850333, 47.449413616818603 ], [ 2.96503939332165, 47.449429212672399 ], [ 2.96505667832137, 47.448971556745803 ], [ 2.9650826706985, 47.448367911897002 ], [ 2.96510269785775, 47.447753561925502 ], [ 2.96591485578389, 47.447785290930703 ], [ 2.96620935419969, 47.4477980603532 ], [ 2.96626882131436, 47.447076590802197 ], [ 2.96629685943382, 47.446762669410099 ] ] ], [ [ [ 2.95036937933651, 47.444761308031801 ], [ 2.95039893827612, 47.444638265597 ], [ 2.95028627482594, 47.444587222155803 ], [ 2.95023338961011, 47.444565604161603 ], [ 2.95013902036607, 47.444533814313502 ], [ 2.95009408760944, 47.444522191695498 ], [ 2.94996932885903, 47.444493269261798 ], [ 2.94922352419799, 47.444321578416698 ], [ 2.94876393426085, 47.444215596476802 ], [ 2.94876220647186, 47.444634676033601 ], [ 2.94876206121469, 47.444647809642099 ], [ 2.94876033260995, 47.444928990077798 ], [ 2.94875930901406, 47.445028018762599 ], [ 2.94875934997731, 47.445123915274898 ], [ 2.94875875278524, 47.445332055309002 ], [ 2.94875327608426, 47.445772080252297 ], [ 2.94943958164989, 47.445792085384099 ], [ 2.94988191677953, 47.445804870235698 ], [ 2.94995058250585, 47.445810480913302 ], [ 2.9500746985124, 47.445820427221904 ], [ 2.95025249663043, 47.445838317960799 ], [ 2.95026791444946, 47.4456542821952 ], [ 2.95029819009408, 47.4453173476982 ], [ 2.95031297984116, 47.4451091146965 ], [ 2.95032074943268, 47.445015841051799 ], [ 2.95033025103893, 47.444915015605901 ], [ 2.95036937933651, 47.444761308031801 ] ] ], [ [ [ 2.94993317170036, 47.445868220144 ], [ 2.94964504365732, 47.445855772355102 ], [ 2.94929288874692, 47.445843746069897 ], [ 2.94875309701778, 47.445834417824898 ], [ 2.94876077421756, 47.445993276436198 ], [ 2.94879040855493, 47.446351157046003 ], [ 2.94972832716006, 47.446404586641798 ], [ 2.94993317170036, 47.445868220144 ] ] ], [ [ [ 2.93811571603277, 47.430428084283598 ], [ 2.9381236755814, 47.4303132243842 ], [ 2.93789335330686, 47.430369948628403 ], [ 2.93718423476722, 47.430540918991603 ], [ 2.93678815307096, 47.430641714720501 ], [ 2.93660278042497, 47.430692348528602 ], [ 2.935957155971, 47.430853993005201 ], [ 2.934934547215, 47.4311122120208 ], [ 2.93498546170335, 47.431320652190202 ], [ 2.93503085076988, 47.431502101576001 ], [ 2.93516147326684, 47.431773383261103 ], [ 2.93520814985197, 47.4318782812257 ], [ 2.93524767789001, 47.431959716276701 ], [ 2.93534462094751, 47.432152617552703 ], [ 2.93543400583168, 47.4323320297161 ], [ 2.93548069804916, 47.432424793014398 ], [ 2.9355294947037, 47.4325217883408 ], [ 2.93614042440013, 47.432347263622503 ], [ 2.93673636696495, 47.432177318499399 ], [ 2.93707542171484, 47.432093217689598 ], [ 2.9371226694475, 47.432042688645701 ], [ 2.93724099626366, 47.431857817798303 ], [ 2.93735615110435, 47.431673395202203 ], [ 2.93745429343839, 47.431515500896403 ], [ 2.93752044668773, 47.431406334544597 ], [ 2.93758711316773, 47.431300499123701 ], [ 2.93758871505685, 47.431291957191597 ], [ 2.93755894416671, 47.431236435581702 ], [ 2.93763492627149, 47.431219120688098 ], [ 2.93770904296493, 47.431094664274298 ], [ 2.93780467413669, 47.430938298609398 ], [ 2.93800310339989, 47.430609817522097 ], [ 2.93811571603277, 47.430428084283598 ] ] ], [ [ [ 2.93550415458822, 47.432544801115 ], [ 2.93544529453322, 47.432431974886597 ], [ 2.93541781023049, 47.432351806868802 ], [ 2.93534442717039, 47.432203262045 ], [ 2.93523585533307, 47.431983537687003 ], [ 2.93512041650282, 47.431749514382197 ], [ 2.93507639462989, 47.4316545919473 ], [ 2.93503685979206, 47.431568223788901 ], [ 2.93499137849768, 47.431473660574497 ], [ 2.93488851558877, 47.431143485839598 ], [ 2.93472806076425, 47.431187919288597 ], [ 2.93471960464069, 47.431159846657501 ], [ 2.93469558977232, 47.431075377465199 ], [ 2.93433877517913, 47.431158822224603 ], [ 2.93380187202563, 47.4312848055229 ], [ 2.93381622290361, 47.431373239228698 ], [ 2.93382437012397, 47.431425499818602 ], [ 2.9338340974094, 47.431487393324304 ], [ 2.93386133365282, 47.431658768722698 ], [ 2.93388251498975, 47.4317917206129 ], [ 2.93389724465107, 47.431885186557501 ], [ 2.93390560919483, 47.431976488428703 ], [ 2.93391304011557, 47.432071849615198 ], [ 2.93391816714228, 47.432324967504996 ], [ 2.9339144014915, 47.432473919529897 ], [ 2.93391110137958, 47.432568095353801 ], [ 2.9338948591312, 47.432732694548001 ], [ 2.93389715166902, 47.432810049020503 ], [ 2.93390528426066, 47.432981953564799 ], [ 2.93391390808584, 47.432981508368499 ], [ 2.93515749682401, 47.432647508988602 ], [ 2.93550415458822, 47.432544801115 ] ] ], [ [ [ 2.93661473070628, 47.432342850960303 ], [ 2.93679760423975, 47.4322900643607 ], [ 2.9367695539955, 47.432238144261902 ], [ 2.936659897064, 47.432269204138997 ], [ 2.93636803089318, 47.432351889243598 ], [ 2.934985449754, 47.432740870534701 ], [ 2.93452966977164, 47.432867442514997 ], [ 2.93455930052299, 47.432916393407901 ], [ 2.93530562192797, 47.432720542682503 ], [ 2.93562136690211, 47.432630590944399 ], [ 2.93590394889687, 47.432548172664703 ], [ 2.93661473070628, 47.432342850960303 ] ] ] ] } },
{ "type": "Feature", "properties": { "Name": null, "id": "" }, "geometry": { "type": "MultiPolygon", "coordinates": [ [ [ [ 2.93691316859654, 47.432424687218401 ], [ 2.93701371419428, 47.432267334752503 ], [ 2.93696033008866, 47.432222323432903 ], [ 2.93678609580172, 47.432273053551697 ], [ 2.93675759226631, 47.432279240362398 ], [ 2.9367594274872, 47.4322867039212 ], [ 2.93659605841661, 47.432337079583 ], [ 2.93639091545112, 47.432396605106703 ], [ 2.93558568933726, 47.4326338928959 ], [ 2.93552323322897, 47.432653833484501 ], [ 2.93524913467913, 47.432730224296201 ], [ 2.93470755775266, 47.432880946259999 ], [ 2.93455772015391, 47.432917742801401 ], [ 2.93454225082198, 47.432874732114399 ], [ 2.93394697900376, 47.4330374738336 ], [ 2.93391827975069, 47.433083430144499 ], [ 2.93393841554567, 47.433204147789397 ], [ 2.93397027064818, 47.4333855987527 ], [ 2.9339752570057, 47.433430214894997 ], [ 2.93395895641085, 47.433631334620898 ], [ 2.93395195676824, 47.4337239779776 ], [ 2.93391369657863, 47.433895135959901 ], [ 2.93390436943302, 47.433927870489903 ], [ 2.93391324875087, 47.434139887730801 ], [ 2.93391967647153, 47.4345218139485 ], [ 2.93392685704109, 47.434616085654604 ], [ 2.93393416957096, 47.434700194315397 ], [ 2.93393963302507, 47.434788343764197 ], [ 2.93394182176982, 47.435154451172302 ], [ 2.93394721346229, 47.435290094436098 ], [ 2.93395433818829, 47.435429789516597 ], [ 2.93396253700247, 47.435548438824398 ], [ 2.93396761532079, 47.435626244870498 ], [ 2.93397605001979, 47.435779614511297 ], [ 2.93398244870661, 47.435851849140498 ], [ 2.93398467252255, 47.435888280966203 ], [ 2.93510328619517, 47.435783129159603 ], [ 2.93516898377708, 47.435729919718902 ], [ 2.93521471656079, 47.435619753298703 ], [ 2.93529062943192, 47.435445843390902 ], [ 2.93541268028533, 47.435154736662597 ], [ 2.93544273684797, 47.435083242468302 ], [ 2.93554213402086, 47.434884689249898 ], [ 2.93559795483573, 47.434769046083701 ], [ 2.93562200835926, 47.434724536125898 ], [ 2.93593798190702, 47.4341199825434 ], [ 2.936129412668, 47.433783399571404 ], [ 2.93618241163153, 47.433695813372701 ], [ 2.93612089422132, 47.433595219641802 ], [ 2.93610804705679, 47.433577136817497 ], [ 2.93618204970873, 47.433554141616902 ], [ 2.9362565332937, 47.433572897344398 ], [ 2.93633040276065, 47.433438638756897 ], [ 2.93647001775193, 47.433195583300702 ], [ 2.93651799109938, 47.433093789215597 ], [ 2.93662653632516, 47.432893709565597 ], [ 2.93670610331915, 47.432763864723697 ], [ 2.93686892889059, 47.432500216028899 ], [ 2.93691316859654, 47.432424687218401 ] ] ], [ [ [ 2.94734690889496, 47.4420864885086 ], [ 2.94846858242413, 47.441818042466402 ], [ 2.94831418163126, 47.4416311497381 ], [ 2.94810401211577, 47.441377393235904 ], [ 2.94787412298881, 47.441100960844899 ], [ 2.94737407604954, 47.440500231565302 ], [ 2.9466406106352, 47.440646150646401 ], [ 2.94659790649634, 47.440785461664902 ], [ 2.946575526321, 47.440888090460199 ], [ 2.94652696368173, 47.441193626844701 ], [ 2.94649032175769, 47.4415064511401 ], [ 2.946481814135, 47.441920577060301 ], [ 2.94659890599583, 47.442298510179 ], [ 2.94718060058305, 47.442137048518298 ], [ 2.94734690889496, 47.4420864885086 ] ] ], [ [ [ 2.94890337562731, 47.447435674238598 ], [ 2.94885161641297, 47.4472052949166 ], [ 2.94879958898201, 47.446978327119602 ], [ 2.94876482265639, 47.446602503722303 ], [ 2.94873134264446, 47.446255819723902 ], [ 2.94869226130784, 47.445800301106701 ], [ 2.94869169087381, 47.445703153136797 ], [ 2.94868926413078, 47.445341287579801 ], [ 2.94868198130846, 47.444771090452498 ], [ 2.94868052891347, 47.444625017092498 ], [ 2.94868000058813, 47.444345446951601 ], [ 2.94867955962078, 47.4441270532771 ], [ 2.94867818531583, 47.444037997526998 ], [ 2.94867669075174, 47.442841850812897 ], [ 2.94867911379036, 47.442390211560699 ], [ 2.94865985040735, 47.442303938421098 ], [ 2.94864703977526, 47.4422411539271 ], [ 2.94861397975053, 47.442151904078102 ], [ 2.94856175152231, 47.4420020273391 ], [ 2.94852894350589, 47.441926991477501 ], [ 2.94847142786826, 47.441908440235601 ], [ 2.94723367580939, 47.4422180261572 ], [ 2.94671452730769, 47.442555727763001 ], [ 2.94634889841724, 47.442903219855602 ], [ 2.94618087190504, 47.443062438821897 ], [ 2.94610336856325, 47.4431270721659 ], [ 2.94591939587268, 47.443202728296498 ], [ 2.94597754192477, 47.443267703557801 ], [ 2.94601250434383, 47.443308912188201 ], [ 2.94626771359564, 47.443609196530502 ], [ 2.94641867203032, 47.4437870073683 ], [ 2.94645204487747, 47.443826153704599 ], [ 2.94655283291861, 47.443951136496501 ], [ 2.94658580628044, 47.443991893936399 ], [ 2.94684456899997, 47.4443014414339 ], [ 2.9468671003463, 47.444328259180502 ], [ 2.94696972369839, 47.444451000963298 ], [ 2.94727367350864, 47.444814443977798 ], [ 2.94729723872186, 47.444842873430801 ], [ 2.9473283718162, 47.444880497172697 ], [ 2.94740398769013, 47.444968857327702 ], [ 2.9474409408062, 47.445012046798098 ], [ 2.94747681896206, 47.445055424809198 ], [ 2.94762727755324, 47.445237005498903 ], [ 2.94763998094065, 47.445259686821998 ], [ 2.94766487148132, 47.445303770971499 ], [ 2.94790445341128, 47.445727990578 ], [ 2.94797260542515, 47.445852327289501 ], [ 2.948050970875, 47.445995113254398 ], [ 2.9480656612601, 47.446021747211397 ], [ 2.94809648548034, 47.446105504946502 ], [ 2.94811062053666, 47.446143823018403 ], [ 2.94831295695557, 47.446696030938703 ], [ 2.9483711472136, 47.446859763914503 ], [ 2.94838198388739, 47.446892418330798 ], [ 2.94841194800888, 47.447043554204299 ], [ 2.94861955900916, 47.447208604407699 ], [ 2.94868449578348, 47.447257566951798 ], [ 2.94884149567143, 47.447395264893601 ], [ 2.94890337562731, 47.447435674238598 ] ] ] ] } },
{ "type": "Feature", "properties": { "Name": null, "id": "" }, "geometry": { "type": "MultiPolygon", "coordinates": [ [ [ [ 2.87023686970657, 47.5375084643238 ], [ 2.87025035689861, 47.537477541360097 ], [ 2.8693249726813, 47.537150799603403 ], [ 2.86860754300151, 47.537814966283896 ], [ 2.86857344927416, 47.537846684961202 ], [ 2.86840996095424, 47.537998949051797 ], [ 2.8682983922985, 47.538102897794403 ], [ 2.86807247467004, 47.5383111338543 ], [ 2.86778197789326, 47.538578939807898 ], [ 2.86773310125869, 47.538626916073298 ], [ 2.86766094595634, 47.538697531530801 ], [ 2.86759715862565, 47.538759965131398 ], [ 2.8675729246732, 47.538781883126703 ], [ 2.86751967386059, 47.538830043360797 ], [ 2.86869083130038, 47.539256101008398 ], [ 2.86925194602869, 47.539460380059602 ], [ 2.86927726295284, 47.539424879766699 ], [ 2.8692861851911, 47.539412926856997 ], [ 2.86934803037169, 47.539328805711797 ], [ 2.86941266281115, 47.539240907047699 ], [ 2.86941946481999, 47.5392316521841 ], [ 2.86955988601128, 47.538956032237301 ], [ 2.86960695809457, 47.538878906533 ], [ 2.86972419062412, 47.5386868207936 ], [ 2.86981821950722, 47.538530336724897 ], [ 2.86983689202312, 47.538499149569603 ], [ 2.86991453453521, 47.538362783344901 ], [ 2.86994360965143, 47.538311993630302 ], [ 2.8701316322203, 47.537793296935902 ], [ 2.87023686970657, 47.5375084643238 ] ] ], [ [ [ 2.86153135711444, 47.544268051449997 ], [ 2.86167410398791, 47.5441368991549 ], [ 2.86133628800308, 47.543987362453699 ], [ 2.85973998843004, 47.543310571892398 ], [ 2.85960313271892, 47.543252708087799 ], [ 2.85945181576908, 47.543411436940403 ], [ 2.85937207108482, 47.543495081038401 ], [ 2.8587095619644, 47.5441899910712 ], [ 2.85779465603681, 47.545149582315297 ], [ 2.85761754223802, 47.545311364680003 ], [ 2.85877950171281, 47.545821078324998 ], [ 2.85908774471442, 47.545959343801499 ], [ 2.85916240709825, 47.545908972075999 ], [ 2.85927353425015, 47.545834178470599 ], [ 2.86017331619433, 47.545222822591803 ], [ 2.86052519319075, 47.544983455257601 ], [ 2.86080891960958, 47.544790317804797 ], [ 2.86132367691677, 47.544441577053497 ], [ 2.86140713022169, 47.544383122036898 ], [ 2.86142789245799, 47.5443639016774 ], [ 2.86151324676464, 47.544284853596402 ], [ 2.86153135711444, 47.544268051449997 ] ] ], [ [ [ 2.86408559584667, 47.544813463633702 ], [ 2.86372737566277, 47.544684685408399 ], [ 2.86323057937746, 47.544513653010497 ], [ 2.86317338439595, 47.544494061845697 ], [ 2.86196522693062, 47.544000269503897 ], [ 2.86194702379564, 47.5440170536069 ], [ 2.86152715819551, 47.544405849175803 ], [ 2.86149891999743, 47.5444319827645 ], [ 2.86145420018714, 47.544461976377903 ], [ 2.86088863268439, 47.5448413249281 ], [ 2.86077551033865, 47.5449181790461 ], [ 2.86043082699748, 47.5451525239598 ], [ 2.86039622688269, 47.545175958236101 ], [ 2.86036961722301, 47.545194100235904 ], [ 2.86011528064581, 47.545367117676399 ], [ 2.86008560767904, 47.545387317259298 ], [ 2.85998393648883, 47.545456461116402 ], [ 2.85978737230474, 47.545590147984598 ], [ 2.85976714186664, 47.5456038868208 ], [ 2.85937426078935, 47.545872078897503 ], [ 2.85933619628929, 47.5458981190841 ], [ 2.85925129043026, 47.545956120757403 ], [ 2.8592007087674, 47.545989787990003 ], [ 2.85912313051851, 47.546041776469899 ], [ 2.8587851016593, 47.546267933162902 ], [ 2.85876726895476, 47.546279703416197 ], [ 2.85844907530182, 47.546489878625501 ], [ 2.85840273984512, 47.546521210291701 ], [ 2.85977742061766, 47.547189659486797 ], [ 2.86002376955671, 47.546867047957299 ], [ 2.86004621304802, 47.5468765263699 ], [ 2.86046276488413, 47.547050716646197 ], [ 2.86051234497961, 47.546988261187003 ], [ 2.86083773502526, 47.546570309491102 ], [ 2.86084620910241, 47.546527409887702 ], [ 2.8612863734541, 47.546260529387503 ], [ 2.8613101954097, 47.546245984436602 ], [ 2.86152095595269, 47.546117793762903 ], [ 2.86161063681251, 47.5460632166468 ], [ 2.86162911860066, 47.546052085828698 ], [ 2.86165706773096, 47.546035214337003 ], [ 2.86193874106876, 47.5458654574647 ], [ 2.86201620485642, 47.545815447286003 ], [ 2.86229854479465, 47.545644070063602 ], [ 2.86235535375447, 47.545664201274498 ], [ 2.86241269456101, 47.545684324083403 ], [ 2.86257395787567, 47.545741097099899 ], [ 2.86262583941748, 47.545759413087502 ], [ 2.86269194671192, 47.545782705579498 ], [ 2.86276096305173, 47.545806982610799 ], [ 2.86281272530153, 47.5458252083601 ], [ 2.86303649745958, 47.545753514091601 ], [ 2.86313235004224, 47.545722868798798 ], [ 2.86313314978791, 47.545722059610398 ], [ 2.86329852373449, 47.545575377532401 ], [ 2.8634536504329, 47.545432445803698 ], [ 2.86362916491363, 47.545270661737199 ], [ 2.86363076414678, 47.545269133366901 ], [ 2.86371466641905, 47.545185311264603 ], [ 2.86380363265016, 47.545096643250403 ], [ 2.86391417710672, 47.5449864059524 ], [ 2.86396066542098, 47.544940228923203 ], [ 2.86408559584667, 47.544813463633702 ] ] ], [ [ [ 2.86743193243667, 47.541251581957901 ], [ 2.86795982988709, 47.540820526242499 ], [ 2.86748132235897, 47.5406274968025 ], [ 2.86616615105743, 47.540090526457398 ], [ 2.86586005607122, 47.540373954003201 ], [ 2.86543330787892, 47.540773540061302 ], [ 2.86545397063081, 47.5408508322042 ], [ 2.86604580215356, 47.541090411562003 ], [ 2.86699674879684, 47.541474330891099 ], [ 2.86701160429029, 47.541482350104602 ], [ 2.86715411604032, 47.541485573027003 ], [ 2.86743193243667, 47.541251581957901 ] ] ], [ [ [ 2.86518194445679, 47.540894679054297 ], [ 2.86536250930185, 47.5407253366782 ], [ 2.86346234967658, 47.5399906715162 ], [ 2.8624596477293, 47.539603133428699 ], [ 2.86224888839155, 47.5398242570229 ], [ 2.86192161611037, 47.540167634844998 ], [ 2.8618499310631, 47.540242828952799 ], [ 2.86180366487541, 47.540291372884901 ], [ 2.86169569683306, 47.5404046359671 ], [ 2.86157687809179, 47.540529299883403 ], [ 2.86099770550863, 47.541136927832497 ], [ 2.86102901678555, 47.541150251265499 ], [ 2.86367919791499, 47.542291142115701 ], [ 2.86386801084982, 47.5421179411859 ], [ 2.86428356100318, 47.541739582432101 ], [ 2.86432377745462, 47.541701580188203 ], [ 2.86445373982262, 47.541579221866797 ], [ 2.8645659924176, 47.541473486471901 ], [ 2.86461977355508, 47.5414227268449 ], [ 2.86469967186354, 47.541347450595801 ], [ 2.86472630894586, 47.541322385509403 ], [ 2.86508833687428, 47.540982532792903 ], [ 2.86518194445679, 47.540894679054297 ] ] ], [ [ [ 2.86701872926231, 47.541551975285998 ], [ 2.86696832972501, 47.54152142996 ], [ 2.86575385106348, 47.541032601686901 ], [ 2.86541161081296, 47.540895934508498 ], [ 2.86528178694442, 47.540917370034798 ], [ 2.86500110971737, 47.541175728593103 ], [ 2.86495610998716, 47.541218406284301 ], [ 2.86484345693811, 47.541325311788299 ], [ 2.86478273317393, 47.541382805542 ], [ 2.86466954632579, 47.541490250337098 ], [ 2.86463439547737, 47.541522857725901 ], [ 2.86436065041936, 47.5417762809357 ], [ 2.86407209653828, 47.542044250524398 ], [ 2.86363281040982, 47.542454967850297 ], [ 2.86359286038264, 47.542492340054899 ], [ 2.86318900906219, 47.542866407265301 ], [ 2.86308608301912, 47.542961800582098 ], [ 2.86394838203932, 47.543252538583502 ], [ 2.86503454185618, 47.543661781116498 ], [ 2.86521544294959, 47.5434473244513 ], [ 2.86530938557551, 47.543333646019498 ], [ 2.86553973269107, 47.543179384422999 ], [ 2.86599619646489, 47.542637087984097 ], [ 2.86596302942092, 47.542520031340899 ], [ 2.86632878186097, 47.542184679966297 ], [ 2.86635646924453, 47.542159435693499 ], [ 2.86654420753126, 47.541987039326997 ], [ 2.86666403119587, 47.541877178946102 ], [ 2.86701872926231, 47.541551975285998 ] ] ] ] } },
{ "type": "Feature", "properties": { "Name": null, "id": "" }, "geometry": { "type": "MultiPolygon", "coordinates": [ [ [ [ 2.99750350989422, 47.385991133319997 ], [ 2.99751065611942, 47.385952190530098 ], [ 2.99726271942199, 47.385752402067098 ], [ 2.99702896661845, 47.385564037046599 ], [ 2.99696712237839, 47.385513479830202 ], [ 2.99689825353859, 47.385457089051599 ], [ 2.99590020170596, 47.384640930387903 ], [ 2.99562235039764, 47.384414959222802 ], [ 2.99521472273932, 47.384083558806601 ], [ 2.99456924309313, 47.3835584843739 ], [ 2.99449244055038, 47.383496141377698 ], [ 2.99441522473473, 47.383458454999001 ], [ 2.99436292585227, 47.383432994600398 ], [ 2.99405871552647, 47.3832885141099 ], [ 2.99379014554662, 47.383160949628802 ], [ 2.99371611146207, 47.383125504467699 ], [ 2.9933423904931, 47.382947386537303 ], [ 2.99324028638695, 47.382897995237798 ], [ 2.99279956020394, 47.382685951790798 ], [ 2.99258541419047, 47.3825828555062 ], [ 2.99239617170962, 47.382491814240502 ], [ 2.99223090481501, 47.382412188906997 ], [ 2.99196961976564, 47.382286421073701 ], [ 2.99180051110367, 47.382202671902 ], [ 2.99175509306106, 47.382180172486201 ], [ 2.99082956156481, 47.381739523206299 ], [ 2.99070481311455, 47.3816789742827 ], [ 2.99059383453085, 47.381625177901903 ], [ 2.99021855724841, 47.381446680599502 ], [ 2.99015153759119, 47.381419776710402 ], [ 2.98901972067749, 47.380871421247697 ], [ 2.98889308205577, 47.381061839370503 ], [ 2.98851565701244, 47.381612127207099 ], [ 2.98800838532083, 47.382352281283403 ], [ 2.98925701777308, 47.382973069812799 ], [ 2.98938388813123, 47.383034340615502 ], [ 2.98962172609994, 47.383149228615302 ], [ 2.99029552638719, 47.383474549889897 ], [ 2.99035299222901, 47.383501902982999 ], [ 2.99051535743749, 47.383579001127501 ], [ 2.9907816686306, 47.383705672763703 ], [ 2.990949999066, 47.383785660433396 ], [ 2.99102587450811, 47.383821638610399 ], [ 2.99114532730679, 47.383877505649501 ], [ 2.99136224620495, 47.383978723300203 ], [ 2.9914488575762, 47.384019302055499 ], [ 2.99163652244622, 47.384136693760802 ], [ 2.99171199899853, 47.384186984754102 ], [ 2.99177476588097, 47.3842290018925 ], [ 2.99200691892752, 47.384405233681399 ], [ 2.99223390479229, 47.384577413715199 ], [ 2.99244180747143, 47.384735107719401 ], [ 2.99248538412231, 47.384767941101401 ], [ 2.99262894358026, 47.384876164197799 ], [ 2.99271144545041, 47.384938499742503 ], [ 2.99309747657371, 47.385235276566902 ], [ 2.99315376411591, 47.3852778326806 ], [ 2.99347133262686, 47.385516846892799 ], [ 2.99354193468128, 47.385570278115502 ], [ 2.99417060009191, 47.386045440482903 ], [ 2.99441031082331, 47.386223108040198 ], [ 2.99461955012682, 47.386397343896299 ], [ 2.99468855021089, 47.386454924279903 ], [ 2.99493409417032, 47.386659750220403 ], [ 2.99497779279407, 47.386696993657097 ], [ 2.99521883215131, 47.386902448924097 ], [ 2.9952772471014, 47.386909292879899 ], [ 2.99595898312481, 47.386613015630502 ], [ 2.99628176714795, 47.386482955563601 ], [ 2.99750350989422, 47.385991133319997 ] ] ], [ [ [ 2.9985359330686, 47.390536569151998 ], [ 2.9983687951225, 47.389406242345899 ], [ 2.99833159349143, 47.389169037691701 ], [ 2.99827002105216, 47.388744283807704 ], [ 2.99824207117497, 47.388553772863098 ], [ 2.9981979799846, 47.388252257269301 ], [ 2.99813998694896, 47.387875538191203 ], [ 2.99812383358031, 47.387733143346203 ], [ 2.99804702468929, 47.387203505801303 ], [ 2.99787127961684, 47.386711656979202 ], [ 2.99785088234835, 47.38665246803 ], [ 2.99766388902404, 47.386123187973297 ], [ 2.99761528387844, 47.386103580485198 ], [ 2.99639713144343, 47.386599625958702 ], [ 2.99555698147875, 47.386943754803099 ], [ 2.99537975311516, 47.387019752316 ], [ 2.99567045154072, 47.387365901808103 ], [ 2.99571270566958, 47.3874125790637 ], [ 2.99587427124674, 47.387627482112997 ], [ 2.99595637910588, 47.387747572484599 ], [ 2.99618365002323, 47.388202733289503 ], [ 2.99640189527302, 47.388694504643702 ], [ 2.99651617971285, 47.3889830690267 ], [ 2.99659008219214, 47.389159826567401 ], [ 2.99670158547633, 47.3894393075552 ], [ 2.99679031989108, 47.389659419238797 ], [ 2.99713943331422, 47.390518278024501 ], [ 2.99720380364963, 47.390539965526798 ], [ 2.9985016256063, 47.390563286796699 ], [ 2.9985359330686, 47.390536569151998 ] ] ], [ [ [ 2.99427460835262, 47.3942716545954 ], [ 2.99451715707813, 47.394154459794798 ], [ 2.99442603789757, 47.394065857434903 ], [ 2.9943951791152, 47.394033466628997 ], [ 2.99436484982418, 47.394008907610903 ], [ 2.9942701394717, 47.393911401935597 ], [ 2.99416458527579, 47.393814426755497 ], [ 2.99412245986153, 47.3937691803999 ], [ 2.99409251744423, 47.393725104912399 ], [ 2.99406603432794, 47.393688132199799 ], [ 2.99400233254427, 47.393592959398298 ], [ 2.99398590960503, 47.393572712968798 ], [ 2.99396392061537, 47.393536469627797 ], [ 2.99384710741856, 47.3933699618186 ], [ 2.99380340732216, 47.393305198836501 ], [ 2.99377611682872, 47.393260664295802 ], [ 2.99362632868851, 47.393039016985199 ], [ 2.99355348257768, 47.392933680106097 ], [ 2.99348554211309, 47.392825021698599 ], [ 2.99345508343154, 47.392783457568797 ], [ 2.993442504838, 47.392767541252901 ], [ 2.99338911441049, 47.3927087008936 ], [ 2.99335933090723, 47.392675607695203 ], [ 2.9932905777079, 47.392605342819898 ], [ 2.99324912942023, 47.392565227326102 ], [ 2.99321283768011, 47.3925276236874 ], [ 2.99294701351612, 47.392252082373901 ], [ 2.99277682376483, 47.392076397062802 ], [ 2.99263366121589, 47.391927881372197 ], [ 2.99240241000034, 47.391691562833998 ], [ 2.99202700701116, 47.391755047123397 ], [ 2.9913797873727, 47.391860513903602 ], [ 2.99125734567186, 47.392138721915302 ], [ 2.99105009704084, 47.392597279166303 ], [ 2.99101219561689, 47.392681472330999 ], [ 2.99093786393141, 47.392849669685802 ], [ 2.99102936712575, 47.392973274786797 ], [ 2.99105055977546, 47.393001875899103 ], [ 2.99078917145605, 47.393115830306201 ], [ 2.99033677840445, 47.393306303734299 ], [ 2.98956483901635, 47.393638700274003 ], [ 2.98989525089208, 47.394139575725603 ], [ 2.98992675853664, 47.394161705460903 ], [ 2.99000054978174, 47.3942169393125 ], [ 2.99147395029606, 47.3935108559577 ], [ 2.99149383284008, 47.393527673219602 ], [ 2.9915746220841, 47.393597840978899 ], [ 2.99161091411658, 47.3936308630743 ], [ 2.99163078301348, 47.393650741003398 ], [ 2.99168335306552, 47.393693198380298 ], [ 2.99172944049743, 47.393736285414199 ], [ 2.99174786453271, 47.393755812140199 ], [ 2.99177634860418, 47.393788014442002 ], [ 2.9918185908847, 47.393836412368103 ], [ 2.99189130442135, 47.393927356027802 ], [ 2.99191235393933, 47.393943642176197 ], [ 2.99196441780731, 47.393917197804797 ], [ 2.99209873155481, 47.394042776401697 ], [ 2.99214891381859, 47.394100887937299 ], [ 2.99217408253659, 47.394143622293697 ], [ 2.9922155261731, 47.394218639030498 ], [ 2.99227274307298, 47.394312282008002 ], [ 2.99232558792876, 47.394387929599297 ], [ 2.99235088996781, 47.394427333168302 ], [ 2.99236545643901, 47.394448470900599 ], [ 2.99243182010116, 47.394550036179602 ], [ 2.99251935307784, 47.394669588841403 ], [ 2.99257643829376, 47.394764131845498 ], [ 2.99260729029758, 47.394840768111102 ], [ 2.99263364855891, 47.3949148925144 ], [ 2.99265293812331, 47.395008694903701 ], [ 2.99370342594946, 47.394650610682604 ], [ 2.99364429633255, 47.394564052918902 ], [ 2.99427460835262, 47.3942716545954 ] ] ], [ [ [ 3.01807828664916, 47.404414499063698 ], [ 3.01807455357697, 47.404353961234101 ], [ 3.01807282353707, 47.404335255359001 ], [ 3.01807096159849, 47.4043186109609 ], [ 3.01806018792103, 47.404179819881897 ], [ 3.01803836927749, 47.403923014343903 ], [ 3.01800097425195, 47.403438541668798 ], [ 3.01799326410464, 47.403379624785302 ], [ 3.01795875721903, 47.4031628529927 ], [ 3.0179441537205, 47.403068316251897 ], [ 3.01785934328415, 47.403014182279499 ], [ 3.01747326301458, 47.4030138718418 ], [ 3.01715567895742, 47.403011677623098 ], [ 3.01702160201948, 47.403010617083098 ], [ 3.01691507789791, 47.403010452584503 ], [ 3.01686035716027, 47.403009830390097 ], [ 3.01607814518495, 47.403005620194797 ], [ 3.01592154084778, 47.403004120400702 ], [ 3.0158179208162, 47.4030050347395 ], [ 3.01576347872438, 47.403005042131099 ], [ 3.01563205358286, 47.403003709569802 ], [ 3.01544536439487, 47.403002744292102 ], [ 3.01513323035237, 47.403001795104998 ], [ 3.01468568055301, 47.403000772237803 ], [ 3.0144842867472, 47.402998907073297 ], [ 3.01395048555988, 47.402995470548703 ], [ 3.01365226052925, 47.402994875797802 ], [ 3.01344940816188, 47.402992558912501 ], [ 3.01321848665389, 47.402992135286901 ], [ 3.01279928488837, 47.402990471795398 ], [ 3.01273940664427, 47.402990838449597 ], [ 3.01263143767504, 47.403048418011899 ], [ 3.0124434594457, 47.403149629747197 ], [ 3.01231337611001, 47.403218643912197 ], [ 3.01213280765756, 47.403315713433699 ], [ 3.01183500118882, 47.403477302974899 ], [ 3.01174771189703, 47.403521835703799 ], [ 3.01169047768995, 47.403549900696397 ], [ 3.01162820654972, 47.403585617861701 ], [ 3.01148567270906, 47.403664435506101 ], [ 3.0114292342135, 47.403694570748897 ], [ 3.01140498583445, 47.403708337182103 ], [ 3.01130377520822, 47.403760963732303 ], [ 3.01124375693934, 47.403793268712803 ], [ 3.01122522251439, 47.403803523776801 ], [ 3.01119686384001, 47.403818280782097 ], [ 3.0111683856845, 47.403832407652203 ], [ 3.01125743875772, 47.403973973455003 ], [ 3.01141437727985, 47.404224564698801 ], [ 3.01155420769923, 47.4044529314816 ], [ 3.0116098637296, 47.404541172480997 ], [ 3.01177368944371, 47.404801565658701 ], [ 3.01181395787623, 47.404797150599201 ], [ 3.01184947950545, 47.404793366149001 ], [ 3.01187385006792, 47.404790753085798 ], [ 3.01194672286977, 47.404782022692899 ], [ 3.01207310984392, 47.404766535217497 ], [ 3.01210346027569, 47.404763111306004 ], [ 3.0121731506401, 47.4047541110425 ], [ 3.0123546561452, 47.404732415106203 ], [ 3.01242978283464, 47.4047233240913 ], [ 3.01250131613193, 47.404714143394202 ], [ 3.01258015538877, 47.404704781823199 ], [ 3.01275610492849, 47.404683616978303 ], [ 3.01288038316784, 47.404668137858202 ], [ 3.01299432009609, 47.404657691875002 ], [ 3.01305804431169, 47.404652553602197 ], [ 3.01319967990608, 47.404640123866201 ], [ 3.01328778763056, 47.4046318410021 ], [ 3.01335389911293, 47.404629132832497 ], [ 3.01343484819018, 47.404627053051797 ], [ 3.01363649826733, 47.404622078488103 ], [ 3.01384492292091, 47.404613159895703 ], [ 3.01400298878413, 47.4046082798965 ], [ 3.01413627266069, 47.404603942816699 ], [ 3.01419243964147, 47.404602135577903 ], [ 3.01436945338701, 47.404597441808797 ], [ 3.01441462794511, 47.404594735620996 ], [ 3.01459839999811, 47.404575286398803 ], [ 3.01470611722243, 47.404563210158003 ], [ 3.01490206109038, 47.404542948736697 ], [ 3.01518055599995, 47.4045133231687 ], [ 3.01534935777478, 47.404494855929499 ], [ 3.01553722628544, 47.404475224642503 ], [ 3.01562612871256, 47.404466129720703 ], [ 3.01574044870008, 47.404453970616103 ], [ 3.0158853968784, 47.404437666302599 ], [ 3.01591813490181, 47.404438652045997 ], [ 3.01597310909813, 47.404439544708502 ], [ 3.01607499525496, 47.404439800731197 ], [ 3.01623332720243, 47.404440228839903 ], [ 3.01660723235318, 47.404440887209802 ], [ 3.0170074836523, 47.404439938173098 ], [ 3.01710076473724, 47.4044412747945 ], [ 3.01732439984232, 47.404441862836002 ], [ 3.01762279169241, 47.404441277887301 ], [ 3.01792394172784, 47.404441330889597 ], [ 3.01803960455609, 47.404441664085297 ], [ 3.01807828664916, 47.404414499063698 ] ] ], [ [ [ 3.0161547854563, 47.4084694835474 ], [ 3.01776258420767, 47.408315423336397 ], [ 3.01692071155894, 47.407374679896797 ], [ 3.01650281528944, 47.406987321607403 ], [ 3.01615251797671, 47.4066654328211 ], [ 3.01542437030549, 47.405981371709402 ], [ 3.01538581494654, 47.4059505270044 ], [ 3.01549018877611, 47.405877020922297 ], [ 3.0149236310926, 47.405388575060101 ], [ 3.01452140785313, 47.405038088458703 ], [ 3.01408488036533, 47.404660976676901 ], [ 3.01361784305062, 47.404678127081397 ], [ 3.01352575670287, 47.404683530020399 ], [ 3.01329270894596, 47.404693459080498 ], [ 3.01289801982748, 47.404729214423902 ], [ 3.0120903467337, 47.404822759870697 ], [ 3.01388230449694, 47.406262842068799 ], [ 3.01401974829252, 47.4063806615818 ], [ 3.01419839864939, 47.406525193796199 ], [ 3.01423881059745, 47.4065577490367 ], [ 3.01453276076499, 47.406759744225397 ], [ 3.01466634089194, 47.406849495245197 ], [ 3.01482112729204, 47.406997621271103 ], [ 3.01508423202922, 47.407269600365296 ], [ 3.01516161728401, 47.4073586469136 ], [ 3.01552586039191, 47.407763012869303 ], [ 3.01561148551636, 47.407864912826099 ], [ 3.0161547854563, 47.4084694835474 ] ] ], [ [ [ 3.02076505986249, 47.402565463179002 ], [ 3.02172917582019, 47.402232384008201 ], [ 3.02078819876638, 47.401441891961902 ], [ 3.02073505459703, 47.401399799066901 ], [ 3.02062306155331, 47.401306000070598 ], [ 3.0206963165097, 47.401272796659597 ], [ 3.02070294469114, 47.401269734797602 ], [ 3.02096681463848, 47.401154641878797 ], [ 3.02098323956094, 47.401147986433301 ], [ 3.02112681829785, 47.401081480616398 ], [ 3.0211886831523, 47.401047558799704 ], [ 3.02122801436132, 47.401029196533997 ], [ 3.02125955116722, 47.401015165645497 ], [ 3.02128842292673, 47.401001036214097 ], [ 3.02147015227956, 47.400917077087698 ], [ 3.0201387897697, 47.399797699227697 ], [ 3.01995308237011, 47.399875634652197 ], [ 3.01991837677412, 47.399888684517101 ], [ 3.01987665920627, 47.399906407614303 ], [ 3.0198387719907, 47.399920628260503 ], [ 3.01978829236563, 47.399943213906603 ], [ 3.01964021764408, 47.400002157174498 ], [ 3.01934998104154, 47.4001215724983 ], [ 3.01874092362622, 47.400374700754902 ], [ 3.01829981003778, 47.4005597983098 ], [ 3.01821781748713, 47.400593901791801 ], [ 3.01732831997552, 47.400981637203898 ], [ 3.01784048832805, 47.401339470559797 ], [ 3.01784724924128, 47.4013363278223 ], [ 3.01798069427776, 47.401442359900898 ], [ 3.01828648150108, 47.401481885040198 ], [ 3.01828939920012, 47.401484135082903 ], [ 3.01836691839843, 47.401547271935399 ], [ 3.0183503737613, 47.401554107069202 ], [ 3.01833013132313, 47.401642617976698 ], [ 3.0182946351683, 47.4016747427195 ], [ 3.0182694643817, 47.401697413724499 ], [ 3.01873333625131, 47.401806534247399 ], [ 3.01891777152619, 47.401856969629399 ], [ 3.01903398635911, 47.401896622499898 ], [ 3.0191452845304, 47.4019424784438 ], [ 3.01918172617662, 47.401959828302601 ], [ 3.01928974087425, 47.402054979619699 ], [ 3.019348989573, 47.402113437789197 ], [ 3.01970522559839, 47.402424343154401 ], [ 3.02008638861193, 47.402759341439499 ], [ 3.02017609048154, 47.402770209331599 ], [ 3.02076505986249, 47.402565463179002 ] ] ], [ [ [ 3.01791799298974, 47.402908480779701 ], [ 3.01788970099309, 47.402718776979803 ], [ 3.01787690034537, 47.402463320157302 ], [ 3.01786410071652, 47.402210554902901 ], [ 3.01785477911067, 47.402049636527302 ], [ 3.01783911646733, 47.401998192480697 ], [ 3.01780477749576, 47.4018832331518 ], [ 3.01778500240136, 47.401824858180397 ], [ 3.01771737322526, 47.401597117782302 ], [ 3.01769547083657, 47.401520298003099 ], [ 3.01762749058679, 47.401472552686798 ], [ 3.01736337974094, 47.401280183539299 ], [ 3.01728613015845, 47.401225957957202 ], [ 3.01713776305809, 47.401260961712502 ], [ 3.01709312440455, 47.401271851707598 ], [ 3.01705059055548, 47.401272317053497 ], [ 3.01693519991333, 47.401272513953501 ], [ 3.01689319609659, 47.401271979941903 ], [ 3.01654303367737, 47.401273821676597 ], [ 3.01636178737167, 47.4012754676776 ], [ 3.01596275393947, 47.401279664054101 ], [ 3.01586922718755, 47.401280757094099 ], [ 3.01571248383747, 47.401285360397402 ], [ 3.01546434818486, 47.401290524799897 ], [ 3.01512360084666, 47.401297861234497 ], [ 3.01496977390444, 47.4013010318384 ], [ 3.0149346782589, 47.401301837528997 ], [ 3.01479371229182, 47.401305096267897 ], [ 3.01475873562513, 47.401304650611401 ], [ 3.0146898440529, 47.4013076299955 ], [ 3.01443203084508, 47.401318455679302 ], [ 3.01438009745147, 47.401322504013102 ], [ 3.01431225387652, 47.401327733545401 ], [ 3.01391614473255, 47.4013624123345 ], [ 3.01379134262781, 47.401372149367397 ], [ 3.01360162755503, 47.401389527577201 ], [ 3.01330738668024, 47.401432645217 ], [ 3.01309118412512, 47.401466049191399 ], [ 3.01296055004803, 47.4014852200905 ], [ 3.01286941258794, 47.401499354357703 ], [ 3.01279999260461, 47.401511946822403 ], [ 3.01276011176135, 47.401518612688797 ], [ 3.0126962607202, 47.401532473762998 ], [ 3.01243818874115, 47.401577295627803 ], [ 3.01237405877951, 47.401589716233701 ], [ 3.01225469631445, 47.401618427264403 ], [ 3.01222224040172, 47.401625713301698 ], [ 3.01219230338909, 47.401631828805399 ], [ 3.01206274439428, 47.4016591904062 ], [ 3.01201068413321, 47.401691044887102 ], [ 3.01219332000983, 47.402020958333097 ], [ 3.01239293607217, 47.402378667818198 ], [ 3.01243693345592, 47.402453145684703 ], [ 3.01256882366174, 47.4026910543976 ], [ 3.01268902788363, 47.402904226715897 ], [ 3.01275290468947, 47.402936059802599 ], [ 3.01278231367301, 47.402936956774099 ], [ 3.01292262200557, 47.402937472387102 ], [ 3.01295693665657, 47.402937468569299 ], [ 3.01299111867472, 47.402937293718203 ], [ 3.01319899582525, 47.402938791650698 ], [ 3.01349047181825, 47.402940108506897 ], [ 3.01356665915188, 47.402941359924696 ], [ 3.01360599906494, 47.402941535369102 ], [ 3.01368231876494, 47.402941886495803 ], [ 3.01378128477601, 47.402941064631101 ], [ 3.0139213151101, 47.402943208434202 ], [ 3.01438477547933, 47.402944592355901 ], [ 3.01451301820238, 47.402945746683898 ], [ 3.01479378063105, 47.402946161410199 ], [ 3.0148669048675, 47.402946422145902 ], [ 3.01517031419287, 47.402947814284097 ], [ 3.01520913734139, 47.402949159513597 ], [ 3.01535301215984, 47.402948699512201 ], [ 3.01539076090703, 47.402948595501002 ], [ 3.0155400855139, 47.402949115764699 ], [ 3.01579870504248, 47.402948990901699 ], [ 3.01601002966935, 47.402950402323498 ], [ 3.016497860901, 47.402953214787502 ], [ 3.01698780021358, 47.4029554757754 ], [ 3.01716572529095, 47.402957439093001 ], [ 3.0172176749882, 47.402958592672 ], [ 3.01772404192735, 47.402959236767401 ], [ 3.01785732344192, 47.402961016779798 ], [ 3.01791799298974, 47.402908480779701 ] ] ], [ [ [ 3.02179522463721, 47.4043668085069 ], [ 3.02181190648141, 47.404337665924203 ], [ 3.02132072929399, 47.403922359934398 ], [ 3.02062995602536, 47.4033387049978 ], [ 3.02038405642938, 47.403355122989701 ], [ 3.02012345285499, 47.403373343406201 ], [ 3.01984853837234, 47.403380763284098 ], [ 3.019244519557, 47.403398229650797 ], [ 3.01922383760723, 47.403368184401501 ], [ 3.01948815823832, 47.403361487935697 ], [ 3.01983302786073, 47.403352517659798 ], [ 3.02010621829699, 47.403344557996697 ], [ 3.0202567202809, 47.4033348997432 ], [ 3.02050049876242, 47.403319571636104 ], [ 3.02059800346407, 47.403309931272297 ], [ 3.01975669134965, 47.402588674964797 ], [ 3.01975390608626, 47.402586334917501 ], [ 3.01958320872861, 47.402440279303001 ], [ 3.019252029067, 47.402156177386601 ], [ 3.01910186943098, 47.402038726003802 ], [ 3.01897491708859, 47.401968855229399 ], [ 3.0188993831153, 47.401936856402799 ], [ 3.01882479139678, 47.401907089871202 ], [ 3.01876476225782, 47.401889464646203 ], [ 3.01831308618259, 47.401775751310502 ], [ 3.01821993410085, 47.401750308272199 ], [ 3.01818747336706, 47.401741230330302 ], [ 3.01809736972482, 47.401712194916698 ], [ 3.01805882107745, 47.401696726462603 ], [ 3.01794737744388, 47.401647718794898 ], [ 3.01783170230167, 47.401592239226403 ], [ 3.01780520183242, 47.401603936891298 ], [ 3.01779673064895, 47.40160753899 ], [ 3.01793108292476, 47.402045843946702 ], [ 3.01793932646574, 47.402154235795898 ], [ 3.01797105647212, 47.402712012936902 ], [ 3.01797518352742, 47.4027619373947 ], [ 3.01806628862049, 47.403436281042097 ], [ 3.01812213152669, 47.404009528505703 ], [ 3.01816479326898, 47.4044192566422 ], [ 3.0182174234888, 47.404467814167099 ], [ 3.01832594291211, 47.4044781404098 ], [ 3.01847644537514, 47.404498182042403 ], [ 3.0187201240759, 47.404522250415603 ], [ 3.01898776084152, 47.404540283033697 ], [ 3.01928520542604, 47.404558850216802 ], [ 3.02005713930044, 47.404602883438997 ], [ 3.02015239134527, 47.404590723285096 ], [ 3.02132199328899, 47.404433366948403 ], [ 3.02155383733674, 47.404404184760203 ], [ 3.02172089775774, 47.4043812166001 ], [ 3.02179522463721, 47.4043668085069 ] ] ], [ [ [ 3.01260160537867, 47.402995534501699 ], [ 3.01262106909781, 47.402936164203801 ], [ 3.01255333937483, 47.402814194434299 ], [ 3.01235399895624, 47.402456035164199 ], [ 3.01200964410087, 47.4018425217226 ], [ 3.0119447035102, 47.401729544254103 ], [ 3.01187224043104, 47.401773535467598 ], [ 3.01182760520257, 47.401806730405397 ], [ 3.01175052427897, 47.401894984864597 ], [ 3.01157833446538, 47.402094333497402 ], [ 3.01137594619129, 47.402325614917103 ], [ 3.01132904703374, 47.402378335218899 ], [ 3.01117010495929, 47.402538370173602 ], [ 3.01095233069215, 47.4027598491082 ], [ 3.01081987264754, 47.402892803044402 ], [ 3.01079907226763, 47.402908648497302 ], [ 3.01074661452025, 47.402951736926902 ], [ 3.01055519512784, 47.403100890579601 ], [ 3.01049981745685, 47.4031311243047 ], [ 3.01037742161703, 47.403198146168798 ], [ 3.01007722475699, 47.403364574505297 ], [ 3.00998077370229, 47.403418018681499 ], [ 3.00993997936963, 47.403441769445102 ], [ 3.00991415320269, 47.403457336103301 ], [ 3.00987321315588, 47.403482158093198 ], [ 3.00983333360053, 47.403505818721001 ], [ 3.00980102441997, 47.403525967918199 ], [ 3.00976285618304, 47.4035547595156 ], [ 3.00971914643224, 47.403588592681601 ], [ 3.00967675082195, 47.403630869594501 ], [ 3.00958826426409, 47.403738999905002 ], [ 3.009732065971, 47.403981222670801 ], [ 3.01004206193592, 47.404500836448001 ], [ 3.01013033178542, 47.404647453256999 ], [ 3.01049987156642, 47.404693654718102 ], [ 3.01054690442176, 47.404699492755903 ], [ 3.01060705124138, 47.404706508840398 ], [ 3.01066668098722, 47.404713695979098 ], [ 3.01070113005395, 47.404717113571799 ], [ 3.01076062735488, 47.404724930813998 ], [ 3.01090146093112, 47.404742462582398 ], [ 3.01110167264092, 47.404767712237202 ], [ 3.01117295763042, 47.404774546925402 ], [ 3.01132705021339, 47.404788026007203 ], [ 3.01142217618682, 47.404795659395603 ], [ 3.01167047953694, 47.404814520925399 ], [ 3.01175063178696, 47.404805159785397 ], [ 3.01114639055667, 47.403842753055699 ], [ 3.01111458410486, 47.403792110869098 ], [ 3.01128216364494, 47.403703497084997 ], [ 3.01198005135958, 47.4033305735637 ], [ 3.01260160537867, 47.402995534501699 ] ] ] ] } },
{ "type": "Feature", "properties": { "Name": null, "id": "" }, "geometry": { "type": "MultiPolygon", "coordinates": [ [ [ [ 3.00577844802646, 47.431438654427701 ], [ 3.00625462226075, 47.430508455922997 ], [ 3.00608521323619, 47.430484717924799 ], [ 3.00600235218391, 47.4304678166827 ], [ 3.00540782436471, 47.430327074300202 ], [ 3.00489375886759, 47.430204131252196 ], [ 3.00442434886731, 47.430084424917403 ], [ 3.00315696356944, 47.429771623510199 ], [ 3.00241052983354, 47.429590568323597 ], [ 3.00218796872251, 47.429544339005197 ], [ 3.00208895289809, 47.429532296293502 ], [ 3.00123714992984, 47.429626126182697 ], [ 3.00078843692867, 47.4296775758975 ], [ 3.00069471449357, 47.429687559592203 ], [ 3.0006215547426, 47.4297656424094 ], [ 3.0006919446833, 47.429899212065898 ], [ 3.00085791438093, 47.429970451919999 ], [ 3.00106191803358, 47.430058515726301 ], [ 3.00230650239191, 47.430571929436503 ], [ 3.00301518736421, 47.430864609589101 ], [ 3.00367442207596, 47.431129588157802 ], [ 3.00425769886816, 47.4313657687361 ], [ 3.00479870009742, 47.431588292259399 ], [ 3.00540850719113, 47.431834809086503 ], [ 3.00554624370692, 47.431891748511298 ], [ 3.00577844802646, 47.431438654427701 ] ] ], [ [ [ 3.01447059932949, 47.4320149188774 ], [ 3.01447375312192, 47.431952499435297 ], [ 3.01447304422347, 47.431783750234302 ], [ 3.01445937547852, 47.431717993178403 ], [ 3.01444027447024, 47.431677703121103 ], [ 3.01442117000177, 47.431624450348103 ], [ 3.0143685186924, 47.431534420020697 ], [ 3.01434371421473, 47.431497362324599 ], [ 3.01434279848747, 47.431496021156804 ], [ 3.01430579808685, 47.4314427705649 ], [ 3.0139244319292, 47.431023202952403 ], [ 3.01357014059538, 47.430628278024898 ], [ 3.01329552527048, 47.430323469784597 ], [ 3.01323877970023, 47.430240442830602 ], [ 3.01319487350425, 47.430148610542702 ], [ 3.01315973603051, 47.430056147110797 ], [ 3.01313174131394, 47.429986619674899 ], [ 3.01310347371925, 47.429885873704499 ], [ 3.01306816399893, 47.4296841272945 ], [ 3.01287133924818, 47.429736414213103 ], [ 3.0128352704083, 47.429684333254201 ], [ 3.01278727446901, 47.429626951480003 ], [ 3.01277295672162, 47.429610128516998 ], [ 3.01273743304154, 47.4296184141512 ], [ 3.01258712708481, 47.429653141800898 ], [ 3.01254430756344, 47.429663048505503 ], [ 3.01190965351102, 47.429809728993298 ], [ 3.01142506533692, 47.429923930555802 ], [ 3.01134322944524, 47.4297403449999 ], [ 3.01131738922504, 47.429747459009903 ], [ 3.0110687231111, 47.429815573232297 ], [ 3.0109086564878, 47.429416750537101 ], [ 3.0107908131997, 47.429462005035802 ], [ 3.01054785718889, 47.429556475163899 ], [ 3.01044606327025, 47.4295937251729 ], [ 3.01030821430125, 47.429638170803102 ], [ 3.0099576209473, 47.429747493294997 ], [ 3.00964055844654, 47.429836476680897 ], [ 3.00948547599847, 47.4298814628713 ], [ 3.00948456070564, 47.429881733002702 ], [ 3.00940064577655, 47.429907737271797 ], [ 3.00935094146129, 47.429923125507301 ], [ 3.00929740359064, 47.429940215385002 ], [ 3.00915915474249, 47.4299843086051 ], [ 3.00907379479746, 47.430017865336701 ], [ 3.0090213064717, 47.430045208157502 ], [ 3.00897331606243, 47.430077600667502 ], [ 3.00893381571577, 47.430109803466102 ], [ 3.00889008622566, 47.430158381010898 ], [ 3.00884662440848, 47.430221703612197 ], [ 3.00870984778915, 47.430434005471398 ], [ 3.00858249874822, 47.430624701924401 ], [ 3.00850007232404, 47.430761527657999 ], [ 3.00837828008852, 47.430951242247502 ], [ 3.00832659561402, 47.431037502028502 ], [ 3.00831001827169, 47.4310715033359 ], [ 3.00829624170067, 47.431116117663699 ], [ 3.00827862244856, 47.431189970385702 ], [ 3.00827150720586, 47.431417997632899 ], [ 3.00826305213699, 47.431646835120702 ], [ 3.00825038564132, 47.432009422846797 ], [ 3.00823070675506, 47.432495597819397 ], [ 3.00823124442049, 47.432541210305899 ], [ 3.00823880973542, 47.432563516428203 ], [ 3.00825033991706, 47.432574029806602 ], [ 3.00826903401525, 47.432584641695598 ], [ 3.0089765390502, 47.432687048660803 ], [ 3.00903275056325, 47.432695046981699 ], [ 3.00927627645269, 47.432729478014998 ], [ 3.0093127337176, 47.432734606174201 ], [ 3.0095369036318, 47.432766337645198 ], [ 3.00965515116017, 47.432783152405698 ], [ 3.01016779642163, 47.432854169572103 ], [ 3.0102912184142, 47.432871604363001 ], [ 3.01081763678551, 47.4329462181963 ], [ 3.01146986673205, 47.433035292333003 ], [ 3.01239772195394, 47.433164545158697 ], [ 3.01265556678804, 47.4331987875495 ], [ 3.01290016001291, 47.4332389720769 ], [ 3.01353159493136, 47.433328307006697 ], [ 3.01401202651526, 47.4334020925427 ], [ 3.01407220790105, 47.433416308245299 ], [ 3.01414298758485, 47.433373387720799 ], [ 3.01412983081287, 47.433236749834101 ], [ 3.01414330229029, 47.433057844889298 ], [ 3.01415688114768, 47.432783583015897 ], [ 3.01416999381158, 47.432703437692098 ], [ 3.01418707811595, 47.432642177822601 ], [ 3.01419581251135, 47.432611147279303 ], [ 3.01432235051634, 47.432371591749302 ], [ 3.01442410623928, 47.432182863751699 ], [ 3.01445987141822, 47.432080949013603 ], [ 3.01447059932949, 47.4320149188774 ] ] ], [ [ [ 3.00815644692882, 47.431487806363798 ], [ 3.00816556919098, 47.431281644568301 ], [ 3.00680201924951, 47.431059457710397 ], [ 3.00670899015502, 47.431213728420502 ], [ 3.00663636037982, 47.431339569932703 ], [ 3.00654293409357, 47.431508234525403 ], [ 3.00648951082286, 47.431615729009302 ], [ 3.00626354964426, 47.432092021988403 ], [ 3.00812331280768, 47.432394865326302 ], [ 3.00813980564186, 47.431888445339297 ], [ 3.00814602217773, 47.431765929282797 ], [ 3.00815474999049, 47.431582434284699 ], [ 3.00815644692882, 47.431487806363798 ] ] ], [ [ [ 3.01846001416956, 47.433870289637099 ], [ 3.01968812087857, 47.433183137197403 ], [ 3.01929426289488, 47.432782205505603 ], [ 3.01861794939115, 47.4320969035087 ], [ 3.01843601745725, 47.431912438901598 ], [ 3.01787920084974, 47.431346658382701 ], [ 3.01723658892249, 47.430690931937001 ], [ 3.01711529653248, 47.4306868989907 ], [ 3.01691186018897, 47.430806203739103 ], [ 3.01655892420083, 47.431000191139397 ], [ 3.01565395394713, 47.431507086516703 ], [ 3.01538701546655, 47.431660217154999 ], [ 3.01527927077926, 47.431719958847097 ], [ 3.0151193993196, 47.431720879916803 ], [ 3.01455680260627, 47.431716909807697 ], [ 3.01456742789095, 47.431762061923301 ], [ 3.01457366200497, 47.431807034549401 ], [ 3.0145726258269, 47.431899411997897 ], [ 3.01456616838867, 47.432008974713902 ], [ 3.01455623229756, 47.432059251467201 ], [ 3.01453848618686, 47.432123842185902 ], [ 3.014497557075, 47.432213082941097 ], [ 3.01432743221373, 47.432522885722797 ], [ 3.01428992131092, 47.4325975519249 ], [ 3.01427190457775, 47.432644147863698 ], [ 3.01424873745479, 47.432729515522503 ], [ 3.0142340427677, 47.432796797363203 ], [ 3.01423405753504, 47.432852383961503 ], [ 3.0142381673669, 47.4328917846804 ], [ 3.01425039135048, 47.432962303897597 ], [ 3.01422763141659, 47.433082931844403 ], [ 3.01422658173306, 47.433176749538099 ], [ 3.0142328552818, 47.433270746369999 ], [ 3.01423762931246, 47.433313288655 ], [ 3.01425248683123, 47.433358890342603 ], [ 3.01426282853338, 47.433385066531898 ], [ 3.01434583036186, 47.433455216951998 ], [ 3.01485358080833, 47.433530615976501 ], [ 3.01534450560775, 47.433635352114699 ], [ 3.01570736276337, 47.433721289615001 ], [ 3.0162566340512, 47.433899496307198 ], [ 3.01648057717968, 47.433984199448702 ], [ 3.01686069216321, 47.434133729129897 ], [ 3.01751580267653, 47.434396370030903 ], [ 3.01767961998008, 47.434307838849797 ], [ 3.01846001416956, 47.433870289637099 ] ] ], [ [ [ 3.01042916835396, 47.433303079072402 ], [ 3.01044460667684, 47.433010021577402 ], [ 3.01003537460736, 47.432950690202901 ], [ 3.00948694669555, 47.432868260997203 ], [ 3.00948561999318, 47.432867991049001 ], [ 3.00931925342634, 47.432844518590301 ], [ 3.00918098618905, 47.432824923489598 ], [ 3.00908553105986, 47.432810717015101 ], [ 3.00869126678147, 47.432752198910201 ], [ 3.00838902223127, 47.432709039078198 ], [ 3.00825037055638, 47.432773007339797 ], [ 3.00820908057635, 47.433176168361598 ], [ 3.00816777161976, 47.433545950341802 ], [ 3.00814871820752, 47.433791783882199 ], [ 3.0080916632776, 47.434355053082797 ], [ 3.00805845002154, 47.4347550625439 ], [ 3.00801504201455, 47.4352095789408 ], [ 3.0079691173536, 47.435696754172298 ], [ 3.00791696758575, 47.436261012667003 ], [ 3.00791458623439, 47.436306895331299 ], [ 3.00797291170574, 47.436320286124001 ], [ 3.00838863915158, 47.436108965135503 ], [ 3.00848037402267, 47.436053101913899 ], [ 3.00866130820399, 47.4359356142443 ], [ 3.00881520101828, 47.4358067949888 ], [ 3.00901866212863, 47.435614733576401 ], [ 3.00906506424813, 47.435575508836202 ], [ 3.00924784719612, 47.435424740179698 ], [ 3.00932458678901, 47.435361324898402 ], [ 3.0093920679691, 47.435310674961499 ], [ 3.00949174721705, 47.435253541017403 ], [ 3.00962496331036, 47.4351840086442 ], [ 3.00976282447585, 47.435125079928397 ], [ 3.0102365994091, 47.434951438167097 ], [ 3.01032382316234, 47.434914189726499 ], [ 3.01034666333666, 47.434472528908998 ], [ 3.010382896119, 47.4339287765536 ], [ 3.01042916835396, 47.433303079072402 ] ] ] ] } },
{ "type": "Feature", "properties": { "Name": null, "id": "" }, "geometry": { "type": "MultiPolygon", "coordinates": [ [ [ [ 2.98575493260214, 47.385892056906201 ], [ 2.98625811281845, 47.385335681587399 ], [ 2.98559289691393, 47.385130515892598 ], [ 2.9850989213403, 47.384980407110803 ], [ 2.98471644941125, 47.3848674714841 ], [ 2.98257937240936, 47.384295620295099 ], [ 2.98229172842294, 47.384237828532797 ], [ 2.98207599971245, 47.384192812108402 ], [ 2.98197891856757, 47.384168698547299 ], [ 2.98178543438967, 47.384114962017499 ], [ 2.9815920970754, 47.384059253733199 ], [ 2.98143064851541, 47.384583148770901 ], [ 2.98034230288738, 47.384321999735697 ], [ 2.97877230632545, 47.383945247906802 ], [ 2.97841261995899, 47.384868533392797 ], [ 2.97840135500739, 47.3848976710076 ], [ 2.97828242563794, 47.385540261664403 ], [ 2.97708377093015, 47.385245168784401 ], [ 2.97708337340263, 47.385244898643897 ], [ 2.97687327007163, 47.385372596419103 ], [ 2.97677313446473, 47.385393083173298 ], [ 2.97667782467225, 47.385563338241099 ], [ 2.97666946441674, 47.385585643691499 ], [ 2.97658156299867, 47.385817609331497 ], [ 2.97657251461154, 47.385897842942001 ], [ 2.97665501516566, 47.3862284334528 ], [ 2.9767094001817, 47.386320643524797 ], [ 2.97691935571338, 47.386576686140202 ], [ 2.97766863625703, 47.3865212447134 ], [ 2.97779471718999, 47.386556619971898 ], [ 2.97792225616465, 47.386592445473298 ], [ 2.97792303814125, 47.386592625663098 ], [ 2.97792240176688, 47.386592940614499 ], [ 2.97795916150057, 47.386713800310702 ], [ 2.97800473023112, 47.386719651280103 ], [ 2.97805689987532, 47.386725872562302 ], [ 2.97808059887407, 47.386728748691198 ], [ 2.97812683016321, 47.3867351488636 ], [ 2.97809180943783, 47.386866554405401 ], [ 2.97813882125053, 47.3868770056485 ], [ 2.97872246709416, 47.387025080843799 ], [ 2.97870005440105, 47.387087145966703 ], [ 2.97887104265634, 47.387131161245399 ], [ 2.97975323431616, 47.387263639533998 ], [ 2.97976077601723, 47.387265081176999 ], [ 2.97979603483973, 47.387195195295199 ], [ 2.98004638672948, 47.386803225669297 ], [ 2.98011305912639, 47.386698714121501 ], [ 2.98077543554433, 47.386685871558498 ], [ 2.98077674780124, 47.386685871775498 ], [ 2.98086457667472, 47.386684634976497 ], [ 2.98096086244155, 47.386683030411596 ], [ 2.9816834955763, 47.386672082960601 ], [ 2.98213793631073, 47.386665231075597 ], [ 2.98225370412925, 47.386632319249898 ], [ 2.98260757958836, 47.386334368348301 ], [ 2.98273211789021, 47.386229503837001 ], [ 2.98307386188935, 47.385714851878603 ], [ 2.98307571842489, 47.385712151528303 ], [ 2.98309904461565, 47.385677704004898 ], [ 2.98314687712678, 47.385607098720399 ], [ 2.98314779218977, 47.385605577503398 ], [ 2.98345787870461, 47.3851249205049 ], [ 2.98352091175483, 47.3851459762977 ], [ 2.98323682022102, 47.385578602170597 ], [ 2.98323337224686, 47.385584083933502 ], [ 2.98314564851069, 47.385720623631002 ], [ 2.9828472287856, 47.386174293197499 ], [ 2.98280826698513, 47.386232395782898 ], [ 2.98278958383728, 47.386253709912097 ], [ 2.98222480844505, 47.386710938869399 ], [ 2.98030309562194, 47.386740849126802 ], [ 2.98024878900702, 47.386741740120499 ], [ 2.98014214719127, 47.386789027804397 ], [ 2.98009231768929, 47.386869614763803 ], [ 2.98004315129598, 47.386948860505299 ], [ 2.97999040354109, 47.387034299026702 ], [ 2.97996985882588, 47.387067495098599 ], [ 2.9834152516495, 47.388424594097998 ], [ 2.98345062426107, 47.388402553098601 ], [ 2.98355503156339, 47.3883377170866 ], [ 2.9836533266721, 47.388276651982402 ], [ 2.98384157697, 47.3881596605368 ], [ 2.98403274318555, 47.388040859767003 ], [ 2.98499834643868, 47.387438048356799 ], [ 2.98570921357139, 47.386996829792601 ], [ 2.98506405716232, 47.3864712531945 ], [ 2.9851567930628, 47.386410915222697 ], [ 2.98525441917534, 47.3863530803701 ], [ 2.98536157867571, 47.386283390913498 ], [ 2.9854019869096, 47.3862579381506 ], [ 2.98544305878412, 47.386229064671198 ], [ 2.98548849518297, 47.3861866166054 ], [ 2.98575493260214, 47.385892056906201 ] ] ], [ [ [ 2.97637329458937, 47.383246845093197 ], [ 2.97646634591943, 47.3830813607468 ], [ 2.97629522956708, 47.383090949205801 ], [ 2.97591988674779, 47.383112008951699 ], [ 2.97591418702169, 47.383112907978898 ], [ 2.97585749467881, 47.383121718257598 ], [ 2.97520746344685, 47.383158003867401 ], [ 2.97510826606381, 47.383163563960203 ], [ 2.97479398622911, 47.3831812123384 ], [ 2.97448776494781, 47.383198501552499 ], [ 2.97419760661478, 47.383162816292199 ], [ 2.97401140860846, 47.383140197605101 ], [ 2.97384083820397, 47.383116150806302 ], [ 2.97357239219406, 47.383078398389202 ], [ 2.97347307190432, 47.383064431549101 ], [ 2.97344578341654, 47.383060464404601 ], [ 2.9734450014619, 47.383060374205201 ], [ 2.97282376427148, 47.382978734823098 ], [ 2.97299477363936, 47.382682021095199 ], [ 2.97300484248705, 47.382664217317597 ], [ 2.97303691986107, 47.382606746474004 ], [ 2.9731641670885, 47.382379374332601 ], [ 2.97235926527851, 47.382269090285902 ], [ 2.97235131401214, 47.382292565826198 ], [ 2.97157594267988, 47.382186856428703 ], [ 2.97127944694411, 47.382143969653796 ], [ 2.9708622943284, 47.382088277988203 ], [ 2.9708331524416, 47.382081609139099 ], [ 2.9707138710587, 47.382267598194801 ], [ 2.97033967617433, 47.3828316817822 ], [ 2.97033742117846, 47.382834912953697 ], [ 2.96994429178029, 47.383398000068802 ], [ 2.9690706296866, 47.384669503159998 ], [ 2.96896882779198, 47.384817983229297 ], [ 2.9691098388855, 47.384896104756002 ], [ 2.96932512460263, 47.385006347117098 ], [ 2.96963975781, 47.385112393087603 ], [ 2.96988594970487, 47.385162292581398 ], [ 2.97031541970804, 47.385228694276897 ], [ 2.97142827683782, 47.385401686807398 ], [ 2.97144350531151, 47.385404121107598 ], [ 2.97205627875869, 47.385498530672798 ], [ 2.97213785571865, 47.385511054125502 ], [ 2.97240458805291, 47.385552140170802 ], [ 2.97243981664088, 47.3855575497685 ], [ 2.97281685588848, 47.385625640163902 ], [ 2.97285670955989, 47.385632932148901 ], [ 2.97323877568979, 47.385749687530797 ], [ 2.9733200670774, 47.385778044725399 ], [ 2.9736588174053, 47.385896319122899 ], [ 2.97396710128403, 47.386003882250797 ], [ 2.97454089162261, 47.386206303765 ], [ 2.97474919921543, 47.386279662022602 ], [ 2.97486652326461, 47.386327992532102 ], [ 2.97495190753988, 47.3861392916317 ], [ 2.97509468755094, 47.385831154520602 ], [ 2.97514150011262, 47.385724931128401 ], [ 2.97499875655952, 47.385671734302697 ], [ 2.97526809880619, 47.385204773526603 ], [ 2.97528479985052, 47.385175898434802 ], [ 2.97537427601982, 47.385017156893099 ], [ 2.97540873988182, 47.384955815069503 ], [ 2.97547899378219, 47.384831061189701 ], [ 2.9756163170794, 47.384586872840003 ], [ 2.97564454566309, 47.384536692198097 ], [ 2.97580122086753, 47.384259136960999 ], [ 2.97584709146267, 47.3841781818398 ], [ 2.97587226861663, 47.384133482763502 ], [ 2.97589122428337, 47.384100116003502 ], [ 2.97608169485343, 47.383764999060503 ], [ 2.9760835518301, 47.383761947738599 ], [ 2.97633141818162, 47.383320878669899 ], [ 2.97634002676371, 47.383306035995098 ], [ 2.97637329458937, 47.383246845093197 ] ] ], [ [ [ 2.97475311508101, 47.386661863579697 ], [ 2.97491800026002, 47.386424883884303 ], [ 2.97419045969263, 47.386170794367402 ], [ 2.9735352050038, 47.385943875983301 ], [ 2.97317461425339, 47.385818214495004 ], [ 2.97296538985244, 47.385757086998701 ], [ 2.97281058237218, 47.385711896522402 ], [ 2.97249526705402, 47.385650383235998 ], [ 2.9724934115116, 47.385650112735 ], [ 2.97171679127446, 47.3855328184857 ], [ 2.97100615229262, 47.385423979456498 ], [ 2.9701508922416, 47.385293151990801 ], [ 2.96957493478605, 47.385195492265801 ], [ 2.96927037558413, 47.385088098476203 ], [ 2.96887993228556, 47.384880478862101 ], [ 2.96866543600921, 47.384759973519898 ], [ 2.96849913746738, 47.384679513063702 ], [ 2.96841068812621, 47.384636585184403 ], [ 2.9683156063175, 47.384602639499001 ], [ 2.96820741299964, 47.384573470251702 ], [ 2.96819881220717, 47.384571037339597 ], [ 2.96798004876183, 47.3845204216504 ], [ 2.96771440657962, 47.384466020670999 ], [ 2.96754581194609, 47.3844382743493 ], [ 2.96731684627636, 47.384405100580601 ], [ 2.96702098977187, 47.384364453688001 ], [ 2.96682789620557, 47.384345143317802 ], [ 2.96670406031496, 47.384343037442001 ], [ 2.9665631379851, 47.384343087019502 ], [ 2.96623268830378, 47.384365208633902 ], [ 2.96601413514903, 47.3843844003896 ], [ 2.96559056192299, 47.384421778441798 ], [ 2.9651406193269, 47.384467518976102 ], [ 2.96505956435157, 47.3844928624899 ], [ 2.96466615890225, 47.384728597923299 ], [ 2.96421895611809, 47.385053264931997 ], [ 2.96402360153193, 47.385240843825002 ], [ 2.96385723830901, 47.3854414753906 ], [ 2.9636174010257, 47.3858000340392 ], [ 2.9633481197785, 47.386218851700598 ], [ 2.9630383912804, 47.386697834619198 ], [ 2.96270385918204, 47.3872113495771 ], [ 2.96247712045511, 47.3875632572759 ], [ 2.96284013582235, 47.387613929441201 ], [ 2.96284358140213, 47.3876151008104 ], [ 2.96325407211223, 47.387558563286198 ], [ 2.96367055415467, 47.387500855915803 ], [ 2.96378671545422, 47.387493600482799 ], [ 2.96409645239084, 47.387573040714898 ], [ 2.96493481207882, 47.387675749035601 ], [ 2.96494725833607, 47.387676562974001 ], [ 2.96591716480384, 47.387742242304199 ], [ 2.96591630808401, 47.387817985393902 ], [ 2.96609617907152, 47.387825599713203 ], [ 2.96658279936687, 47.387844986995702 ], [ 2.96706464734741, 47.387865541157502 ], [ 2.96779509783922, 47.387891473661703 ], [ 2.96806689604922, 47.387898480213401 ], [ 2.96826754594391, 47.387916521264003 ], [ 2.96868037799151, 47.387953244579002 ], [ 2.96925268837586, 47.387987308092001 ], [ 2.96975903010365, 47.388016049435002 ], [ 2.97036591679608, 47.388041573500303 ], [ 2.97070697272106, 47.388054343827001 ], [ 2.97121332281503, 47.388070124873998 ], [ 2.97121411814275, 47.388070125070897 ], [ 2.9716468386105, 47.388077964165298 ], [ 2.97173982066122, 47.388087528985103 ], [ 2.97174088105583, 47.388087610261401 ], [ 2.97214589251455, 47.388131160932197 ], [ 2.97256837146151, 47.388208255985496 ], [ 2.97320183219009, 47.388326870802601 ], [ 2.97333100135154, 47.388285527040402 ], [ 2.97374429494478, 47.387906841449997 ], [ 2.9738642506743, 47.387755660867199 ], [ 2.97417530373595, 47.387365788073801 ], [ 2.97418961125671, 47.38735526784 ], [ 2.97434556097445, 47.387241786345903 ], [ 2.9745186583415, 47.386997157334299 ], [ 2.9745955369832, 47.3868884202233 ], [ 2.97475311508101, 47.386661863579697 ] ] ], [ [ [ 2.97225566472719, 47.3889440729847 ], [ 2.97225908585171, 47.388941832288999 ], [ 2.9715091139386, 47.388877061186299 ], [ 2.97060231043894, 47.388798751614502 ], [ 2.96897922168674, 47.388847058048597 ], [ 2.96887560368262, 47.388867384007902 ], [ 2.96876832495378, 47.388868525508997 ], [ 2.96866998836617, 47.388856265258902 ], [ 2.9653560631407, 47.388954815820597 ], [ 2.96523448050999, 47.3889980344115 ], [ 2.96474673562155, 47.389061027975302 ], [ 2.96466634106688, 47.389059023120197 ], [ 2.96450686672733, 47.389051331803699 ], [ 2.96417492974698, 47.389052571310899 ], [ 2.96395772937674, 47.389021474099302 ], [ 2.96361471998319, 47.388950575097503 ], [ 2.96362957456153, 47.3889189195123 ], [ 2.963555678477, 47.388912594934503 ], [ 2.96339608555896, 47.388885295577303 ], [ 2.96329503781147, 47.388865648241001 ], [ 2.96315610968092, 47.388839876422999 ], [ 2.96294606313773, 47.3887978060772 ], [ 2.96286925896373, 47.388780065527598 ], [ 2.96277404851633, 47.388754037142803 ], [ 2.96271259323122, 47.388738092811799 ], [ 2.96257725207244, 47.388701798045602 ], [ 2.96238895505519, 47.388627524326203 ], [ 2.96236311174206, 47.388639128618202 ], [ 2.96232099775212, 47.388640456285103 ], [ 2.96221915964025, 47.388614965419798 ], [ 2.96203204463443, 47.3885573453109 ], [ 2.96186809424619, 47.388508896593798 ], [ 2.96159890509918, 47.388927619721997 ], [ 2.96119088637447, 47.3895628043106 ], [ 2.96112869939168, 47.389659573621699 ], [ 2.96102816274324, 47.389829543746998 ], [ 2.96185065543642, 47.390103541921 ], [ 2.96310314704419, 47.390525098063897 ], [ 2.96324763423954, 47.390569586943897 ], [ 2.96327053587947, 47.390576696797702 ], [ 2.96546448945102, 47.391350411020099 ], [ 2.9698086126611, 47.392076410764702 ], [ 2.97037542723019, 47.391173489355701 ], [ 2.97068300110676, 47.390683432790603 ], [ 2.97122051348578, 47.390207367621699 ], [ 2.97138391864527, 47.390061052600302 ], [ 2.97141770107509, 47.390024449564997 ], [ 2.97143932230434, 47.389998096870002 ], [ 2.97179793199515, 47.389399385835802 ], [ 2.97225566472719, 47.3889440729847 ] ] ], [ [ [ 2.9913804389318, 47.391848100133302 ], [ 2.99054697706615, 47.391955528768598 ], [ 2.9904435215664, 47.391968834334598 ], [ 2.99024866078885, 47.391993915853902 ], [ 2.99049697628979, 47.392315687425899 ], [ 2.99045285568701, 47.392332139544799 ], [ 2.99040584543004, 47.392272857227702 ], [ 2.99019117964672, 47.3920007435703 ], [ 2.98978755091602, 47.392053595826098 ], [ 2.98926510229227, 47.392113637405402 ], [ 2.98861882333876, 47.392113125843501 ], [ 2.98845802249165, 47.392112929952802 ], [ 2.98846662171645, 47.392132546257599 ], [ 2.98869662243611, 47.392505055343399 ], [ 2.98897550058788, 47.392956813512903 ], [ 2.98936165014052, 47.393578413224901 ], [ 2.98959722975487, 47.393958293467101 ], [ 2.98962054217788, 47.3939918551388 ], [ 2.98968159750676, 47.394023430710703 ], [ 2.98986571830671, 47.394118787457003 ], [ 2.98986676633624, 47.394114925675296 ], [ 2.98955000967991, 47.393612701059702 ], [ 2.99009342221312, 47.393388318829203 ], [ 2.99104724751233, 47.392990452056097 ], [ 2.99093189883577, 47.392847337692402 ], [ 2.9910083519267, 47.392677151054301 ], [ 2.9910516906835, 47.392580184412999 ], [ 2.9913804389318, 47.391848100133302 ] ] ], [ [ [ 2.97163844369945, 47.392897992728301 ], [ 2.97186410823078, 47.392247884095099 ], [ 2.96997010092968, 47.392103395698399 ], [ 2.96985391040876, 47.392146359393401 ], [ 2.96965883139321, 47.3925389417467 ], [ 2.96942302477664, 47.393024981185199 ], [ 2.96910871648325, 47.393678752186297 ], [ 2.96917808552821, 47.393731927623598 ], [ 2.96953667182324, 47.39375280782 ], [ 2.96979204408004, 47.393790646987199 ], [ 2.97039006759089, 47.393900274569297 ], [ 2.97124531798963, 47.394058988048101 ], [ 2.97163844369945, 47.392897992728301 ] ] ], [ [ [ 2.97441930025714, 47.391437120022601 ], [ 2.97481129915308, 47.3896657102703 ], [ 2.97475249972935, 47.389658144795099 ], [ 2.97412892411437, 47.389589997209903 ], [ 2.97368865564938, 47.389540603172001 ], [ 2.97357952584401, 47.389529604922799 ], [ 2.97358959955191, 47.3895041494035 ], [ 2.97349200394852, 47.389463203858 ], [ 2.97340249283768, 47.389425671858 ], [ 2.97308333386855, 47.389291845889403 ], [ 2.97292455017167, 47.389225238828601 ], [ 2.97238359389697, 47.388998259808297 ], [ 2.97231656810657, 47.389007957087799 ], [ 2.97226038102549, 47.389051837720402 ], [ 2.9721103740789, 47.389189605299599 ], [ 2.97184586095261, 47.3894322279425 ], [ 2.97184533024801, 47.389433128019498 ], [ 2.97173886772819, 47.389619030610298 ], [ 2.97168981570596, 47.389704565189398 ], [ 2.97168901959357, 47.389706005324001 ], [ 2.9715411904024, 47.389955308087899 ], [ 2.97148908769237, 47.390043092336001 ], [ 2.97147530724729, 47.390057213175297 ], [ 2.97108065595036, 47.390416648603498 ], [ 2.97077398411848, 47.390696139581799 ], [ 2.97074788549436, 47.390715559441098 ], [ 2.97025749512446, 47.391492608809202 ], [ 2.96995044140583, 47.3919854638456 ], [ 2.96996272039794, 47.3920264803305 ], [ 2.9699758180729, 47.392049600961698 ], [ 2.97007054295554, 47.392059797690997 ], [ 2.97032935070171, 47.3920800105913 ], [ 2.97057334028912, 47.392095907187503 ], [ 2.9712272813867, 47.392145357026898 ], [ 2.9718258531072, 47.392191477032803 ], [ 2.97212110291958, 47.392214215339798 ], [ 2.97220706778613, 47.392220888428298 ], [ 2.97275066905068, 47.392261949376 ], [ 2.97286856784175, 47.392270879964997 ], [ 2.97319559302871, 47.392296323565198 ], [ 2.97421565638311, 47.392375799209901 ], [ 2.97441930025714, 47.391437120022601 ] ] ], [ [ [ 2.99141132299122, 47.391786222367301 ], [ 2.9915344451186, 47.391386306543403 ], [ 2.98969601288294, 47.389374938189697 ], [ 2.98934709164732, 47.389520722009301 ], [ 2.98905460395244, 47.3896407732299 ], [ 2.98870992201794, 47.3897823245551 ], [ 2.98782926394371, 47.3901471698778 ], [ 2.98799970740333, 47.390333295984298 ], [ 2.98815424858061, 47.3905021452737 ], [ 2.98815847627102, 47.390506646729101 ], [ 2.98832348894914, 47.3906838687518 ], [ 2.98843142168481, 47.390799825924198 ], [ 2.98838635965165, 47.390820238077403 ], [ 2.98776502404773, 47.390153455569497 ], [ 2.98771257837104, 47.390175397038902 ], [ 2.98751757704038, 47.390257321934897 ], [ 2.98746603265361, 47.3902789033069 ], [ 2.9873715875049, 47.390318565123202 ], [ 2.98716546221945, 47.390405070258304 ], [ 2.98696238546726, 47.390490324081703 ], [ 2.98685799648587, 47.390534206322997 ], [ 2.98677427574012, 47.390569277816297 ], [ 2.9872262246408, 47.391086550020901 ], [ 2.98720742559997, 47.391093830610302 ], [ 2.98675029297711, 47.3905794474015 ], [ 2.98659636045524, 47.390644010458601 ], [ 2.98659437183785, 47.390644820413698 ], [ 2.98621352294572, 47.390803986112601 ], [ 2.98609720096951, 47.390852637334902 ], [ 2.98588061146007, 47.390942919780798 ], [ 2.98576349341374, 47.390991930651701 ], [ 2.98564824451802, 47.391040041429498 ], [ 2.98512444470304, 47.391258914381403 ], [ 2.98505370112576, 47.3912884050157 ], [ 2.98463202210165, 47.391464475078898 ], [ 2.98462724926527, 47.391466454898001 ], [ 2.9844282747024, 47.3915490041854 ], [ 2.98442747924462, 47.391549274140203 ], [ 2.98402540447744, 47.391717962930997 ], [ 2.98244387611675, 47.392378790956798 ], [ 2.98272004889608, 47.392380263650097 ], [ 2.98305069221443, 47.392341549521902 ], [ 2.98413824052515, 47.392218113918602 ], [ 2.98436807206004, 47.392205101082801 ], [ 2.98460400265387, 47.392187947660602 ], [ 2.98488138203709, 47.392185202424599 ], [ 2.98494893728591, 47.392184401004499 ], [ 2.98522088147922, 47.392181645252997 ], [ 2.9852779640508, 47.392181022351103 ], [ 2.98577840788251, 47.392186746919101 ], [ 2.9857807940227, 47.3921868462334 ], [ 2.98629752958036, 47.392194911089398 ], [ 2.98650536389453, 47.392198176130101 ], [ 2.98660523981253, 47.392191886248199 ], [ 2.98719418111247, 47.392154900190803 ], [ 2.98719510908919, 47.3921548012705 ], [ 2.98782232758383, 47.392088757644999 ], [ 2.98786843463798, 47.392083901361197 ], [ 2.9880423634177, 47.392065573213301 ], [ 2.98810077269451, 47.392059466817699 ], [ 2.98810289372633, 47.392059467034798 ], [ 2.98821522867627, 47.392060378678302 ], [ 2.98832476650158, 47.392061370950799 ], [ 2.98863063202126, 47.392063930833302 ], [ 2.98885103394794, 47.392063042967997 ], [ 2.9891370288144, 47.392061989792197 ], [ 2.98924923149162, 47.392061559120002 ], [ 2.98925239985521, 47.392061199331202 ], [ 2.98926789698681, 47.392059490374301 ], [ 2.98930009758381, 47.392056072565403 ], [ 2.9893957316635, 47.392045647958 ], [ 2.98961298285752, 47.392022100218199 ], [ 2.98975205905479, 47.392006998127499 ], [ 2.99037279197704, 47.391931497025404 ], [ 2.99044736131131, 47.3919203496432 ], [ 2.99063865646195, 47.391891216583304 ], [ 2.99079907564235, 47.391871442895102 ], [ 2.99127289709058, 47.391803207919899 ], [ 2.99141132299122, 47.391786222367301 ] ] ], [ [ [ 2.98943813819085, 47.393934351715203 ], [ 2.9894789493033, 47.393902065112499 ], [ 2.98836820900408, 47.392117332004297 ], [ 2.98810712292181, 47.392117485635097 ], [ 2.98755579903864, 47.392178146719203 ], [ 2.98740160894751, 47.3921951259724 ], [ 2.98739817543394, 47.392195485682102 ], [ 2.98719641998007, 47.392216600438097 ], [ 2.98684352698123, 47.3922381479439 ], [ 2.98684049117805, 47.392238417661702 ], [ 2.98651421777681, 47.392256645423799 ], [ 2.9863407039387, 47.392254824762396 ], [ 2.98617816665405, 47.392252375004396 ], [ 2.98602570425075, 47.392250196291599 ], [ 2.98597642997295, 47.392249740257398 ], [ 2.98574660267872, 47.392247551822798 ], [ 2.98546221052371, 47.392249587084798 ], [ 2.98536590205716, 47.392249665024501 ], [ 2.98517170757532, 47.392249910483997 ], [ 2.98506866485798, 47.3922498072778 ], [ 2.98498415401635, 47.392252226946702 ], [ 2.98497844044116, 47.392252316229197 ], [ 2.984814866367, 47.392259937717199 ], [ 2.98461536635589, 47.392270254840099 ], [ 2.98431175902489, 47.392293961662602 ], [ 2.983840041604, 47.392330868450898 ], [ 2.98380294859464, 47.392335094249901 ], [ 2.98354463608924, 47.392365277837499 ], [ 2.9835288735011, 47.392367166034703 ], [ 2.98318155491758, 47.392401837194598 ], [ 2.98305557381683, 47.392415312965802 ], [ 2.98303967869118, 47.3924170120344 ], [ 2.98279235569852, 47.392445134084703 ], [ 2.98268253581575, 47.3924533906577 ], [ 2.98268228394137, 47.392453390620197 ], [ 2.98259061533142, 47.392452125648099 ], [ 2.98251736059868, 47.392449234004197 ], [ 2.98243152738941, 47.3924403090463 ], [ 2.98231946031028, 47.392428967491902 ], [ 2.98227918132476, 47.3924459572155 ], [ 2.98202496443173, 47.392553051492797 ], [ 2.98172291025235, 47.392679114002398 ], [ 2.98171190574072, 47.392683604290603 ], [ 2.9818222057666, 47.392825025638899 ], [ 2.98197314668564, 47.393019709247497 ], [ 2.98201433063559, 47.393072872667403 ], [ 2.98217241561607, 47.393275739953502 ], [ 2.98219651954946, 47.393306143530197 ], [ 2.98232362525006, 47.393467272395903 ], [ 2.98234666922588, 47.3934964154925 ], [ 2.98244702171878, 47.393622540225103 ], [ 2.98245087774896, 47.393627761988597 ], [ 2.98253614939889, 47.393738589899797 ], [ 2.98255984319057, 47.393767742050201 ], [ 2.98270179446695, 47.3939423577445 ], [ 2.98275078577751, 47.394002984730399 ], [ 2.98275489374631, 47.394008206520297 ], [ 2.98286213964822, 47.394140993393798 ], [ 2.9830157405364, 47.3943322461514 ], [ 2.98302620861912, 47.394347902217298 ], [ 2.98345597987197, 47.394201708101299 ], [ 2.98360118581612, 47.394150993200803 ], [ 2.98380081045885, 47.394146880245003 ], [ 2.98391989831386, 47.3941450963666 ], [ 2.98423398366173, 47.394140557338901 ], [ 2.98423531160513, 47.3941329147912 ], [ 2.98423254309223, 47.394080378538902 ], [ 2.98423162121591, 47.394059601716499 ], [ 2.98422737899407, 47.394059601141201 ], [ 2.98413284468692, 47.393921965160303 ], [ 2.98408609401277, 47.393855577758401 ], [ 2.98429115669197, 47.393838330733701 ], [ 2.98436058461901, 47.393832848849897 ], [ 2.9845702735135, 47.393816511160601 ], [ 2.98458419357729, 47.393815342742101 ], [ 2.98471533389355, 47.393804026489697 ], [ 2.98470567669218, 47.393732783103403 ], [ 2.98479337540225, 47.393716698963402 ], [ 2.98492373681966, 47.393692788524298 ], [ 2.98493129011898, 47.393703844004499 ], [ 2.98493233692738, 47.393705563529103 ], [ 2.98516682775726, 47.393644784918401 ], [ 2.98541799619499, 47.393580137049902 ], [ 2.98542619840395, 47.393593992213297 ], [ 2.98566424986942, 47.3935992519881 ], [ 2.98580287297955, 47.393562630703897 ], [ 2.9861446438968, 47.393472336483001 ], [ 2.98649642319069, 47.393379413821698 ], [ 2.98686607252712, 47.3932817570401 ], [ 2.98715461072715, 47.393205524001701 ], [ 2.98747834735204, 47.393685529958603 ], [ 2.98778248317589, 47.393698066139699 ], [ 2.98789919562447, 47.393702039239798 ], [ 2.9883332710952, 47.393734202867101 ], [ 2.98839911618439, 47.393742293283402 ], [ 2.98857821171434, 47.393764447020203 ], [ 2.98883438088544, 47.393796132061603 ], [ 2.9891227592455, 47.393854177516999 ], [ 2.98935469108677, 47.393908355228703 ], [ 2.98943813819085, 47.393934351715203 ] ] ], [ [ [ 2.97483599749529, 47.394320861519297 ], [ 2.97494785628793, 47.3924848029543 ], [ 2.97474678812569, 47.392469383974003 ], [ 2.9745594931647, 47.392454948882602 ], [ 2.97383176142068, 47.392401261246803 ], [ 2.97352936494039, 47.392377805495599 ], [ 2.97331054786452, 47.392360849641904 ], [ 2.973009597888, 47.392335232380297 ], [ 2.97267131103848, 47.393311388661701 ], [ 2.97235265439902, 47.394244554490299 ], [ 2.97235238879507, 47.394245454630699 ], [ 2.97238841814263, 47.394251575573001 ], [ 2.97243741551097, 47.394252496402501 ], [ 2.97287588510067, 47.394263212903397 ], [ 2.97320678850173, 47.394272102609499 ], [ 2.97399045366896, 47.3942905366589 ], [ 2.9741700829822, 47.394296878122098 ], [ 2.97475478655113, 47.394317693204897 ], [ 2.97483599749529, 47.394320861519297 ] ] ], [ [ [ 3.0137488951754, 47.406259536182198 ], [ 3.01390248011946, 47.4063418140842 ], [ 3.01327947922081, 47.405830979104401 ], [ 3.01207789659127, 47.404825542779797 ], [ 3.0117287808171, 47.4048696612642 ], [ 3.01016584926661, 47.404691613934403 ], [ 3.01028101917262, 47.404884723550801 ], [ 3.0103893037954, 47.404986994557902 ], [ 3.01050352163609, 47.405050844425801 ], [ 3.01071712653342, 47.405142213152502 ], [ 3.01110535955995, 47.405283399959401 ], [ 3.01137327918979, 47.405378903188499 ], [ 3.01182035446817, 47.405543559013601 ], [ 3.0123001731859, 47.405717742756103 ], [ 3.01295740179852, 47.405959104715798 ], [ 3.01344265207423, 47.406136604841699 ], [ 3.01356694843833, 47.406180214037903 ], [ 3.01365122312855, 47.406210702907998 ], [ 3.0137488951754, 47.406259536182198 ] ] ], [ [ [ 3.00932228152977, 47.405490269234001 ], [ 3.00964938285648, 47.404658017482298 ], [ 3.00960698405025, 47.4046134971355 ], [ 3.0092179703396, 47.404584830263502 ], [ 3.00871912973157, 47.404565082348299 ], [ 3.00762858504162, 47.404562008291499 ], [ 3.00723109071443, 47.404563383982698 ], [ 3.00704135082493, 47.405503473567997 ], [ 3.00701434497818, 47.405637766872701 ], [ 3.00683522774802, 47.406544223612897 ], [ 3.00893166844327, 47.40648422732 ], [ 3.00932228152977, 47.405490269234001 ] ] ], [ [ [ 3.01134059849889, 47.405463210013302 ], [ 3.0107364794572, 47.405243591786203 ], [ 3.01066359881674, 47.405217060623002 ], [ 3.01042389710602, 47.405117691372801 ], [ 3.01029682941197, 47.405047631193 ], [ 3.01029430964428, 47.405045380918303 ], [ 3.01019492447396, 47.404954541575002 ], [ 3.01001215520797, 47.404679033478601 ], [ 3.00980612275207, 47.404650271661097 ], [ 3.00972610688991, 47.404681128208999 ], [ 3.00930470649182, 47.405762184717098 ], [ 3.0090199001661, 47.406481699955201 ], [ 3.00974296505604, 47.406461000082203 ], [ 3.01026923872671, 47.406445930494201 ], [ 3.01096750659257, 47.4064259273499 ], [ 3.01134059849889, 47.405463210013302 ] ] ], [ [ [ 2.98327187521899, 47.4143166383747 ], [ 2.98336046153262, 47.414114449180602 ], [ 2.98333238834616, 47.414064520319897 ], [ 2.98329462206854, 47.414053001402202 ], [ 2.98314635198253, 47.414017719357403 ], [ 2.98255602915672, 47.413885492630101 ], [ 2.98248462001835, 47.413867405973001 ], [ 2.98242087565343, 47.413851201839101 ], [ 2.98207052339841, 47.413774874794299 ], [ 2.98187017983395, 47.413727529461099 ], [ 2.98184315443486, 47.413721133857003 ], [ 2.98180272245497, 47.413711504447903 ], [ 2.98169460747867, 47.413686570069601 ], [ 2.98165393674679, 47.4136772106297 ], [ 2.98159827983527, 47.413668920038702 ], [ 2.98136453640966, 47.413643164238302 ], [ 2.98118630503746, 47.413623070188002 ], [ 2.98107737711188, 47.413610728841199 ], [ 2.98100489109686, 47.4136026242684 ], [ 2.98081130347161, 47.413580825764797 ], [ 2.98076876138846, 47.413576137721897 ], [ 2.98072064962553, 47.4135707375859 ], [ 2.98067865125834, 47.413566139619697 ], [ 2.98063519416908, 47.4135613613564 ], [ 2.98058655196226, 47.413555961076597 ], [ 2.98045907172941, 47.413541905681001 ], [ 2.98042621039543, 47.413538308375401 ], [ 2.98009560826272, 47.4135017223348 ], [ 2.97957218930583, 47.413442893824801 ], [ 2.97933911013151, 47.413419195516603 ], [ 2.97902450632907, 47.413442166222403 ], [ 2.97842844184672, 47.413481098706797 ], [ 2.9779131960151, 47.4135142822565 ], [ 2.9773493299822, 47.413552045065103 ], [ 2.97707130308858, 47.413568986292503 ], [ 2.97698262444701, 47.413624204788299 ], [ 2.97694318999928, 47.4137950091053 ], [ 2.97685622706703, 47.414175477489003 ], [ 2.97679055482113, 47.414449312852703 ], [ 2.9798792224122, 47.414651099735899 ], [ 2.97991334479805, 47.414653329115097 ], [ 2.98004177124791, 47.4146617140335 ], [ 2.9800633724639, 47.414668829279996 ], [ 2.98009039759679, 47.414676656605202 ], [ 2.98009103680483, 47.414675342933897 ], [ 2.98013224949305, 47.4146850535803 ], [ 2.98017494955743, 47.414695116046097 ], [ 2.98021621746607, 47.414704827176401 ], [ 2.98043828466853, 47.414757139067603 ], [ 2.98050165863864, 47.414772065941897 ], [ 2.98060793178894, 47.414797091129003 ], [ 2.98109214288933, 47.414911153552197 ], [ 2.98122870474607, 47.414943312635103 ], [ 2.98125419241871, 47.414949321046599 ], [ 2.98187247581949, 47.4150949445769 ], [ 2.98173683036878, 47.415368015526902 ], [ 2.98117216634338, 47.416496985769399 ], [ 2.9816303759053, 47.416641072138802 ], [ 2.98168616420255, 47.4166620374614 ], [ 2.98175032264383, 47.4166398307446 ], [ 2.98199292776758, 47.416342849367901 ], [ 2.98234956551199, 47.415908812152203 ], [ 2.98241133735013, 47.415840721773797 ], [ 2.98258435083042, 47.415617049389098 ], [ 2.98270472601348, 47.415472784108999 ], [ 2.98288347309117, 47.4151449325229 ], [ 2.98297218297148, 47.414980164829203 ], [ 2.98314165522531, 47.414614539222903 ], [ 2.98322081776281, 47.414440317865498 ], [ 2.98327187521899, 47.4143166383747 ] ], [ [ 2.98009103680483, 47.414675342933897 ], [ 2.98009103466302, 47.414675342429199 ], [ 2.9800917115421, 47.4146739562443 ], [ 2.98009103680483, 47.414675342933897 ] ] ], [ [ [ 2.97383600369527, 47.410440364316599 ], [ 2.97396728478939, 47.409708821561097 ], [ 2.97396662170501, 47.409708911432404 ], [ 2.97386194492841, 47.409700516122903 ], [ 2.97385226497106, 47.409699622752001 ], [ 2.97369844587736, 47.409686724253703 ], [ 2.97369765022891, 47.409686724073801 ], [ 2.97362742373762, 47.4096811269496 ], [ 2.973535994074, 47.4096738235882 ], [ 2.9734484097158, 47.409667232188497 ], [ 2.97340507502011, 47.409663981578298 ], [ 2.97339898857557, 47.409663449070202 ], [ 2.97326211596268, 47.409652624322597 ], [ 2.9731594152651, 47.4096442288349 ], [ 2.97312497836967, 47.409641439273798 ], [ 2.97311755264422, 47.409640798417797 ], [ 2.97299181857759, 47.409631236202003 ], [ 2.97299035993563, 47.409631145843598 ], [ 2.97293510474844, 47.4096261008971 ], [ 2.97283757476186, 47.4096198758036 ], [ 2.97283545313109, 47.409619686266701 ], [ 2.972702426189, 47.4096092218373 ], [ 2.97270030455454, 47.409609041299902 ], [ 2.97249904135184, 47.409591368026398 ], [ 2.97235396179541, 47.409578379795498 ], [ 2.97235156168696, 47.409578199185603 ], [ 2.97216249606271, 47.409565470311499 ], [ 2.97198414513988, 47.409552923750702 ], [ 2.97197844328922, 47.409552382258802 ], [ 2.97186727048049, 47.409541832116801 ], [ 2.97186675340489, 47.409541651952303 ], [ 2.97178194423395, 47.409528857608599 ], [ 2.97177864258696, 47.409528316689197 ], [ 2.97168125208326, 47.4095096679359 ], [ 2.97162283249257, 47.409495799661002 ], [ 2.97156374988948, 47.4094819401964 ], [ 2.97156335216229, 47.409481760059698 ], [ 2.97149298775287, 47.409462136537201 ], [ 2.97148901015452, 47.409460956303803 ], [ 2.97138011726934, 47.409427838305497 ], [ 2.97134527371393, 47.409417207397702 ], [ 2.97131452706119, 47.409407846768197 ], [ 2.97130154653322, 47.409404602855602 ], [ 2.97125862702294, 47.4093943390099 ], [ 2.97109698756354, 47.409353195943197 ], [ 2.97081201447672, 47.409280262801602 ], [ 2.97062507217845, 47.409242974572003 ], [ 2.97032893745105, 47.409213210896297 ], [ 2.97019325516425, 47.409211204774202 ], [ 2.97010779067116, 47.409210012585703 ], [ 2.96989962891717, 47.4092018571273 ], [ 2.96988306606564, 47.409202302938802 ], [ 2.96971359193552, 47.409206759923002 ], [ 2.96959473459595, 47.409209879606102 ], [ 2.96931500954773, 47.409216908708899 ], [ 2.96923046809961, 47.409224799112103 ], [ 2.96890289813639, 47.409255021649102 ], [ 2.9685549182487, 47.409287497243298 ], [ 2.96849872728871, 47.409296565031802 ], [ 2.96824747398125, 47.409345692507898 ], [ 2.96824719544741, 47.409345791453603 ], [ 2.96799434115095, 47.409410392338799 ], [ 2.96795220538418, 47.409421084084798 ], [ 2.96777872482027, 47.409471051127198 ], [ 2.96767760731585, 47.409500072443201 ], [ 2.96756416756122, 47.409533861281503 ], [ 2.96733327392883, 47.409616101712601 ], [ 2.96726700775219, 47.409641090566097 ], [ 2.9671041206288, 47.409713636527201 ], [ 2.96725021419688, 47.410018880627398 ], [ 2.96734655384982, 47.410215987873599 ], [ 2.96739843041673, 47.4103253853729 ], [ 2.96744675047965, 47.410417507067301 ], [ 2.96750698286165, 47.410503420706803 ], [ 2.96794943536588, 47.411148498501802 ], [ 2.96784698915782, 47.411176709400898 ], [ 2.96781042209522, 47.411186691471102 ], [ 2.96779410830913, 47.411190908878098 ], [ 2.96770637178839, 47.411213821565902 ], [ 2.96761427160821, 47.411237813208601 ], [ 2.96753387651283, 47.411159716736996 ], [ 2.96740545258473, 47.411207805339103 ], [ 2.96737747856314, 47.411217960718098 ], [ 2.96720676891036, 47.411280332356398 ], [ 2.967064311503, 47.4112893750928 ], [ 2.96700823834319, 47.411318687610297 ], [ 2.96690512562987, 47.411372625109102 ], [ 2.96684440262941, 47.411415250131803 ], [ 2.96671315270401, 47.411506240528901 ], [ 2.96651805792451, 47.411583358390097 ], [ 2.96639200482469, 47.411633066900897 ], [ 2.96613994681728, 47.411676077209997 ], [ 2.96603961408601, 47.411693412752498 ], [ 2.96598900341659, 47.411702120870103 ], [ 2.9659035256208, 47.411694894274497 ], [ 2.96588498837473, 47.4116916571339 ], [ 2.96553659514805, 47.411720783817898 ], [ 2.96525893137095, 47.411779709103499 ], [ 2.965329526912, 47.411853222205998 ], [ 2.96541572268432, 47.411940044805498 ], [ 2.96561568936699, 47.412149066670999 ], [ 2.96566071108502, 47.4121917132683 ], [ 2.96595642151581, 47.412493762018997 ], [ 2.96571911140998, 47.412673326470497 ], [ 2.9657184480448, 47.412673776372998 ], [ 2.96607747929334, 47.412797379528797 ], [ 2.96634656346659, 47.412892266334801 ], [ 2.96672439837233, 47.413022714408797 ], [ 2.96683502894298, 47.413062327619102 ], [ 2.96678006428762, 47.413225661489101 ], [ 2.96676785805912, 47.4132558865807 ], [ 2.96675325439805, 47.413302737603097 ], [ 2.96669298186499, 47.413470390837197 ], [ 2.9668003045279, 47.413499299797301 ], [ 2.96698975872466, 47.413547568198403 ], [ 2.96710160402637, 47.413576379141197 ], [ 2.96716916403576, 47.413590612318899 ], [ 2.96725926630236, 47.413609433800303 ], [ 2.96731916245789, 47.413621414243998 ], [ 2.96748889486105, 47.4136517803963 ], [ 2.96756628314547, 47.4136642156977 ], [ 2.96761861912304, 47.413656038496804 ], [ 2.96766184220132, 47.413629251693699 ], [ 2.96772235226, 47.4134808532243 ], [ 2.96774584644875, 47.413424093393701 ], [ 2.96777717656633, 47.413348098542698 ], [ 2.96778460327134, 47.413325793746601 ], [ 2.96784246587623, 47.413168122443601 ], [ 2.96788786722411, 47.413046347476801 ], [ 2.96793870205048, 47.4129083794571 ], [ 2.96797733134445, 47.412800348568602 ], [ 2.96786197176362, 47.4127070384368 ], [ 2.96803848180609, 47.4126869406794 ], [ 2.96813695880784, 47.412670152031602 ], [ 2.96839525392343, 47.4126252486965 ], [ 2.96869051252039, 47.412573423231301 ], [ 2.96893756151912, 47.412527525446997 ], [ 2.96894973808856, 47.412523207756202 ], [ 2.96907537079938, 47.412512087792301 ], [ 2.96915024898956, 47.412505635263599 ], [ 2.96922935866646, 47.412497293394203 ], [ 2.96948379847265, 47.412465961577702 ], [ 2.9697235437908, 47.4124354445592 ], [ 2.96975892777051, 47.412431321862698 ], [ 2.96996194075953, 47.412420392068903 ], [ 2.97002368798482, 47.412417266312403 ], [ 2.97013646684089, 47.412411543066298 ], [ 2.97020709944308, 47.412408050412601 ], [ 2.97028356763618, 47.412403568991202 ], [ 2.97041767208497, 47.412395690447298 ], [ 2.97048830335929, 47.412394538132801 ], [ 2.97051824802276, 47.412394095627697 ], [ 2.97064876861582, 47.412392058182597 ], [ 2.97078830744436, 47.4123892126794 ], [ 2.97100206584114, 47.412370920162999 ], [ 2.97146455310501, 47.412333532358701 ], [ 2.97195635038734, 47.412240004544202 ], [ 2.97225348770154, 47.412185928992002 ], [ 2.97239646654668, 47.412171568869503 ], [ 2.97255681722072, 47.412158292906298 ], [ 2.97270735037985, 47.412152846126901 ], [ 2.97295555620181, 47.412142740880803 ], [ 2.97312132772469, 47.412135136636302 ], [ 2.97325529744198, 47.412129316238897 ], [ 2.97327473803629, 47.411971012177901 ], [ 2.97343943631851, 47.411692745171599 ], [ 2.97345058499452, 47.411674212670903 ], [ 2.97369633329406, 47.411262473576002 ], [ 2.97374052887388, 47.411108216854501 ], [ 2.97376376235003, 47.411027096366901 ], [ 2.97379067285221, 47.4107484285067 ], [ 2.97382005456019, 47.410541101771102 ], [ 2.97383600369527, 47.410440364316599 ] ] ], [ [ [ 2.98499292712564, 47.412344895227797 ], [ 2.98503706494714, 47.412284272699502 ], [ 2.98447932962038, 47.412233194502797 ], [ 2.98375437308701, 47.412167885300299 ], [ 2.98340892276483, 47.412136437696802 ], [ 2.98284709280972, 47.412085180048997 ], [ 2.98277288307775, 47.412081838356301 ], [ 2.98243605385034, 47.412050209099498 ], [ 2.98210014001995, 47.412018687031299 ], [ 2.98190253806167, 47.412001066620498 ], [ 2.98196180437078, 47.411603450067098 ], [ 2.98197097553267, 47.411541382939703 ], [ 2.98198929093451, 47.411418247891497 ], [ 2.98194094134612, 47.4114156298252 ], [ 2.98182869888759, 47.411413721932803 ], [ 2.98156659212037, 47.411409179709999 ], [ 2.98103377402398, 47.4113948799517 ], [ 2.98084242955865, 47.411389726477601 ], [ 2.98023062845318, 47.411374149730399 ], [ 2.98014356930864, 47.411371974430097 ], [ 2.98010409100971, 47.411370977468202 ], [ 2.97999927368562, 47.411372579846898 ], [ 2.97967077793476, 47.411377654021898 ], [ 2.97916802260215, 47.411400682119996 ], [ 2.97911886069392, 47.411407145718798 ], [ 2.97879391690509, 47.411450170342597 ], [ 2.97870182596461, 47.411462387189097 ], [ 2.9785916981718, 47.411478381469998 ], [ 2.97820117370004, 47.4115284948995 ], [ 2.97795468679446, 47.411560207380802 ], [ 2.97786947855822, 47.411571254616497 ], [ 2.9776239222247, 47.4116283251089 ], [ 2.97766316422073, 47.411878488241797 ], [ 2.97768563253118, 47.412029158419998 ], [ 2.97780634054907, 47.412022250000703 ], [ 2.97784802724097, 47.412167801686003 ], [ 2.97785544286291, 47.412193881783999 ], [ 2.97788868036988, 47.412247593815401 ], [ 2.97792402514666, 47.412304627959998 ], [ 2.97795503214716, 47.412332701958398 ], [ 2.97779639778462, 47.412366492158696 ], [ 2.97773898159208, 47.412479815883898 ], [ 2.97770706357906, 47.412442118558197 ], [ 2.97724344589664, 47.412620042571298 ], [ 2.97718129174257, 47.412644947823502 ], [ 2.97718129166593, 47.412645127862802 ], [ 2.97713040564, 47.4126486286345 ], [ 2.97706826233033, 47.412647986263302 ], [ 2.97694648833752, 47.412632307783902 ], [ 2.97694660749776, 47.412632757905499 ], [ 2.9769543732909, 47.412768851085801 ], [ 2.97699408597142, 47.413461928771902 ], [ 2.97708218624708, 47.413518073366802 ], [ 2.97715467760911, 47.413511975296601 ], [ 2.97774359441994, 47.413475118422298 ], [ 2.97788459719047, 47.413465702260602 ], [ 2.97822065889076, 47.4134432787747 ], [ 2.97847696219479, 47.413425970703997 ], [ 2.97877009419155, 47.413406049225799 ], [ 2.97882761183174, 47.413402197868699 ], [ 2.97934256460884, 47.413368110019597 ], [ 2.97965608594147, 47.413400365275201 ], [ 2.97980185321382, 47.413415324924202 ], [ 2.97984889074408, 47.413420194139 ], [ 2.97989275876588, 47.413424963765401 ], [ 2.98055185416955, 47.413496677392601 ], [ 2.98068490315616, 47.4135137852751 ], [ 2.98073260345545, 47.413520004535897 ], [ 2.98152342502274, 47.413607199760001 ], [ 2.98162200909849, 47.413618827900798 ], [ 2.98166202992232, 47.413628277269197 ], [ 2.9818892788964, 47.413682189581401 ], [ 2.981957783886, 47.413698394746298 ], [ 2.9824089699976, 47.4138002039588 ], [ 2.98261712538885, 47.413847990625897 ], [ 2.98313734969625, 47.413967523150198 ], [ 2.9832548940618, 47.413995788265403 ], [ 2.98336023857084, 47.414020990852201 ], [ 2.9834417360798, 47.414010470193602 ], [ 2.98355772822107, 47.413868543812001 ], [ 2.98374469607182, 47.413467127834899 ], [ 2.98388366443899, 47.413163205061103 ], [ 2.98401413118547, 47.412946077807 ], [ 2.9840953802987, 47.412872876006404 ], [ 2.98419186637439, 47.4128009274907 ], [ 2.98428995059203, 47.412750295750499 ], [ 2.98448544301609, 47.412645980263903 ], [ 2.98499292712564, 47.412344895227797 ] ] ], [ [ [ 2.9768941409868, 47.413533870610898 ], [ 2.97688908129538, 47.4133039596042 ], [ 2.97687283196868, 47.4128515989253 ], [ 2.97686866058411, 47.412684008599001 ], [ 2.97681306550996, 47.412567521157598 ], [ 2.97675076475387, 47.412318613482903 ], [ 2.97670181787784, 47.412132857193598 ], [ 2.97655070297744, 47.411953462709697 ], [ 2.9765502921507, 47.411952832489398 ], [ 2.97629759120656, 47.4119653750206 ], [ 2.97594536290414, 47.412008836212898 ], [ 2.97543991834777, 47.412096067643098 ], [ 2.97504327896864, 47.412161652543503 ], [ 2.97488584262178, 47.412183025327899 ], [ 2.97473132637587, 47.412198646279101 ], [ 2.97456091265785, 47.412207782136299 ], [ 2.97440466364038, 47.4122136801548 ], [ 2.9742051058156, 47.412213185976299 ], [ 2.9740492719358, 47.412210639768503 ], [ 2.97369017316849, 47.4121951747493 ], [ 2.97362604324915, 47.412190389186698 ], [ 2.97359742610945, 47.412188312243501 ], [ 2.97347244775278, 47.4121936849875 ], [ 2.97340143075624, 47.4121978006715 ], [ 2.97328971324968, 47.412204256486199 ], [ 2.97299633518702, 47.4122214545161 ], [ 2.97282432981966, 47.412230407420601 ], [ 2.97271261254225, 47.412236142523902 ], [ 2.97249434605285, 47.412255067255899 ], [ 2.97224866678058, 47.412276334553901 ], [ 2.97209109229494, 47.412305526227399 ], [ 2.97201396946302, 47.412319811816801 ], [ 2.97187520137018, 47.412345406935501 ], [ 2.97179225607003, 47.412360771205201 ], [ 2.97174626079211, 47.4123693029048 ], [ 2.97152957275177, 47.4124109021515 ], [ 2.97144992936103, 47.412426266984902 ], [ 2.97130256123984, 47.4124383653674 ], [ 2.9710269221184, 47.412461144020298 ], [ 2.9707781778689, 47.412482488465201 ], [ 2.97040621079772, 47.412497868802198 ], [ 2.97026892452381, 47.412503595050502 ], [ 2.97015973835394, 47.412511119738902 ], [ 2.96977981258461, 47.4125290075782 ], [ 2.96969460427437, 47.412534476607398 ], [ 2.96921473287195, 47.412586787026903 ], [ 2.96903265427273, 47.412605993893401 ], [ 2.96887852355038, 47.412637792697097 ], [ 2.96855343481143, 47.412697694338803 ], [ 2.96842632572208, 47.412737781647799 ], [ 2.96828012638661, 47.412789107062203 ], [ 2.96814598583882, 47.412855540884102 ], [ 2.96806577632365, 47.412928020680297 ], [ 2.96801273773392, 47.412981522760298 ], [ 2.96797504728655, 47.413071829052001 ], [ 2.96787843125403, 47.4133013523698 ], [ 2.96782398626639, 47.413509660639598 ], [ 2.9677796214213, 47.413671197488299 ], [ 2.96781137901162, 47.413744788276396 ], [ 2.96821521915574, 47.413871106750399 ], [ 2.96874941514522, 47.414037832677799 ], [ 2.96924163458008, 47.414191690255699 ], [ 2.96981984616503, 47.414371295666001 ], [ 2.9701139844054, 47.414464559831799 ], [ 2.97033141416057, 47.414513550108097 ], [ 2.97064783307947, 47.414584781816401 ], [ 2.97118631299068, 47.414704282335002 ], [ 2.97141766866242, 47.414755524511797 ], [ 2.97163604358772, 47.414802262086702 ], [ 2.97167313347203, 47.414810093820698 ], [ 2.97175369152191, 47.414827298135798 ], [ 2.97189653470127, 47.4148577323244 ], [ 2.97194993514687, 47.414869168689997 ], [ 2.97203341070628, 47.414887003651003 ], [ 2.97236599949219, 47.414960395027499 ], [ 2.97243913181147, 47.414976417846802 ], [ 2.97272839953147, 47.415039544689797 ], [ 2.97287003670186, 47.415070517514202 ], [ 2.97305104509663, 47.415109961127001 ], [ 2.97325311173508, 47.415154081313503 ], [ 2.9733913150076, 47.4151842515383 ], [ 2.97343717063618, 47.415194245181198 ], [ 2.9738557617894, 47.415281496892803 ], [ 2.9739412279546, 47.415299330928597 ], [ 2.9740927273385, 47.4144103859919 ], [ 2.97462015370945, 47.414415633370297 ], [ 2.97501200188538, 47.414423180819803 ], [ 2.97603185651332, 47.4144342787786 ], [ 2.97669325438083, 47.414442965025799 ], [ 2.97674648776898, 47.414198932702398 ], [ 2.9768448851746, 47.4137525363533 ], [ 2.9768941409868, 47.413533870610898 ] ] ], [ [ [ 2.96579755387853, 47.415145817862403 ], [ 2.96728874508409, 47.413721615481599 ], [ 2.96728239394309, 47.413719543245399 ], [ 2.96677508298543, 47.4135811473977 ], [ 2.96607339409288, 47.413385026256599 ], [ 2.96592300920668, 47.413338478182801 ], [ 2.96571846670819, 47.4132666364656 ], [ 2.96549060742803, 47.4131587256229 ], [ 2.96527480116617, 47.413055030844099 ], [ 2.96416570863791, 47.412392654248897 ], [ 2.96382858717486, 47.412217866820797 ], [ 2.96357591452797, 47.412163011030898 ], [ 2.96321592692075, 47.412094887918599 ], [ 2.96305969331954, 47.412442674261001 ], [ 2.96295650608235, 47.4126723175021 ], [ 2.96295540253082, 47.412676431046997 ], [ 2.9629546997124, 47.412676367809503 ], [ 2.96287236441818, 47.412859639490001 ], [ 2.96275602618316, 47.413118579691499 ], [ 2.96269189943792, 47.413147149366203 ], [ 2.96299977538862, 47.4134645037349 ], [ 2.96284627620356, 47.413533085738699 ], [ 2.96264955628671, 47.413620989873799 ], [ 2.96253292298183, 47.413615155106299 ], [ 2.96250639048285, 47.413684803704598 ], [ 2.9624777403526, 47.413918764327597 ], [ 2.96245788029808, 47.414080307023397 ], [ 2.96191017115716, 47.415954992518799 ], [ 2.96215489151838, 47.416025476622998 ], [ 2.96236316259258, 47.4155363062739 ], [ 2.96289788977575, 47.415527296055203 ], [ 2.96369249427158, 47.415512891591298 ], [ 2.96370295501554, 47.4155175758696 ], [ 2.96365796240136, 47.415625774259297 ], [ 2.96363340993667, 47.415670740325403 ], [ 2.96359534155872, 47.4157180426634 ], [ 2.96353235566466, 47.415781252625102 ], [ 2.96339486465462, 47.415879168648402 ], [ 2.9627889298354, 47.416134613725603 ], [ 2.96272779104131, 47.416190541255901 ], [ 2.96343996250037, 47.416395489520603 ], [ 2.964100466572, 47.416583700859803 ], [ 2.96416432560723, 47.416603506824501 ], [ 2.96416790841306, 47.416600627305598 ], [ 2.96458504467558, 47.416274236450697 ], [ 2.9646889963573, 47.416192683404901 ], [ 2.9650748738444, 47.415835341546703 ], [ 2.96579755387853, 47.415145817862403 ] ] ], [ [ [ 2.98705987295984, 47.416078361992803 ], [ 2.98706651131884, 47.416048674310403 ], [ 2.98704716652424, 47.416027895664598 ], [ 2.98700622299093, 47.415983808564 ], [ 2.98696501434137, 47.415939460361898 ], [ 2.98692355366565, 47.4158955622134 ], [ 2.98682921664453, 47.4157956119479 ], [ 2.98680471425397, 47.415769710566899 ], [ 2.98669381740882, 47.415652312530298 ], [ 2.9866159221097, 47.415569728719603 ], [ 2.98658943110718, 47.415541747611698 ], [ 2.98639202237194, 47.415332951477801 ], [ 2.98637201528472, 47.415311002382097 ], [ 2.98631081408592, 47.4152439846806 ], [ 2.98629755558273, 47.415229589001299 ], [ 2.98627159823522, 47.415190544482599 ], [ 2.98624642274619, 47.415154020595999 ], [ 2.98588677133959, 47.4146308291037 ], [ 2.98586703143356, 47.414603298735898 ], [ 2.98583709680974, 47.414561562041897 ], [ 2.98582610597793, 47.414548786932102 ], [ 2.98566302106161, 47.4143577995087 ], [ 2.98560182473717, 47.414279988063001 ], [ 2.98549967024844, 47.413683334781297 ], [ 2.98541004154644, 47.413411131399997 ], [ 2.98532463831467, 47.413160515146203 ], [ 2.98524029727849, 47.412908197565898 ], [ 2.98519378851327, 47.4128613274532 ], [ 2.98493887094312, 47.412778359670398 ], [ 2.98470486539814, 47.412703216780997 ], [ 2.9845336607022, 47.412696361656202 ], [ 2.98424976525574, 47.412850050038003 ], [ 2.98409615984548, 47.412971996689897 ], [ 2.98396490332051, 47.413170228813499 ], [ 2.98375685219869, 47.4136145545841 ], [ 2.98362463667911, 47.4139039039298 ], [ 2.98349061710687, 47.414060852081697 ], [ 2.98344819024776, 47.414110500836003 ], [ 2.98330338351399, 47.414451123087503 ], [ 2.98314835635857, 47.414771147160501 ], [ 2.98321526761119, 47.414842668340498 ], [ 2.98352625254649, 47.414921416858498 ], [ 2.98359742471994, 47.414939511835897 ], [ 2.98374742085725, 47.414977665154403 ], [ 2.98413434057238, 47.415075947857297 ], [ 2.98416853428365, 47.415107612376701 ], [ 2.98441840219354, 47.415304725811403 ], [ 2.98462508657985, 47.415467751612702 ], [ 2.98467702306831, 47.415508681326202 ], [ 2.98473199602661, 47.415551951921103 ], [ 2.9852272646496, 47.415926748966001 ], [ 2.98532160674898, 47.415998092337901 ], [ 2.98539076902296, 47.416050366348202 ], [ 2.9855616862657, 47.416179826677102 ], [ 2.98565178585575, 47.416249008779403 ], [ 2.98577832344021, 47.416346263336699 ], [ 2.98593757341563, 47.416468700151803 ], [ 2.98605178036036, 47.416556509870603 ], [ 2.98615234323431, 47.416633875594997 ], [ 2.98618892729041, 47.416662038026203 ], [ 2.98619209640986, 47.416664468927301 ], [ 2.98629214952365, 47.416662320293 ], [ 2.98632463628688, 47.416635606345302 ], [ 2.98705987295984, 47.416078361992803 ] ] ], [ [ [ 2.98769336518847, 47.416478711260702 ], [ 2.98739906933225, 47.416314691315499 ], [ 2.98730035564549, 47.416264134655101 ], [ 2.98714706163085, 47.416126496065097 ], [ 2.98706967120051, 47.416144383358699 ], [ 2.98635271085923, 47.416696327757002 ], [ 2.98623753053652, 47.416780689410103 ], [ 2.98623672165885, 47.416780149197798 ], [ 2.98612344186963, 47.416694050149502 ], [ 2.98603625790411, 47.416627839418197 ], [ 2.98593237986598, 47.416549392959098 ], [ 2.98577404408297, 47.416429557815398 ], [ 2.985551054461, 47.416260959898302 ], [ 2.9853009103616, 47.4160723017755 ], [ 2.98521638020515, 47.416008602289502 ], [ 2.98519783001972, 47.415994574897098 ], [ 2.98501484833652, 47.415855039289802 ], [ 2.98477556799407, 47.415672853802299 ], [ 2.98473211746561, 47.415637767514497 ], [ 2.98467500999167, 47.415591706036103 ], [ 2.98451178953999, 47.415459904887904 ], [ 2.98418003474492, 47.4151900988143 ], [ 2.98413459586005, 47.415154381888698 ], [ 2.98409511032621, 47.415123436792697 ], [ 2.98402567524297, 47.415104802242702 ], [ 2.98397121193022, 47.415090310612399 ], [ 2.9834377172228, 47.414956304853 ], [ 2.98319431028296, 47.4148952817227 ], [ 2.9830910698918, 47.414921354417999 ], [ 2.98306162757181, 47.415006706637399 ], [ 2.98279947452635, 47.415504548031699 ], [ 2.98251576388459, 47.4158439782166 ], [ 2.98249005355159, 47.4158682616047 ], [ 2.9818442531489, 47.4166634125325 ], [ 2.9818767161828, 47.416713432397401 ], [ 2.98197357502326, 47.416745557381297 ], [ 2.98239270551967, 47.4168850436781 ], [ 2.98244703645366, 47.416903046773498 ], [ 2.9825237523736, 47.416928155741701 ], [ 2.98302623352345, 47.417092479593599 ], [ 2.98320975683147, 47.417151153881498 ], [ 2.98329351543467, 47.417177874703 ], [ 2.98362995635437, 47.417285324703002 ], [ 2.98381440931849, 47.417344178201397 ], [ 2.98387616779695, 47.417363892027502 ], [ 2.98392134941825, 47.417378643461099 ], [ 2.98433228210825, 47.417511919258303 ], [ 2.98448944412966, 47.417562945314998 ], [ 2.98454721182442, 47.417579858647301 ], [ 2.9846096343959, 47.417598131859599 ], [ 2.98483172658452, 47.417666521764502 ], [ 2.98500678021446, 47.417720520090398 ], [ 2.98523721503449, 47.4177914218334 ], [ 2.98531897340468, 47.417816529587697 ], [ 2.98590946610869, 47.417997676615499 ], [ 2.98594366447386, 47.417972133249499 ], [ 2.98619991052634, 47.417736493149803 ], [ 2.98644407531029, 47.417540072510398 ], [ 2.9868740575143, 47.417199659388203 ], [ 2.9873458048204, 47.416830911057097 ], [ 2.98743076627841, 47.416768410769699 ], [ 2.9876859170323, 47.416570818373003 ], [ 2.98769336518847, 47.416478711260702 ] ] ], [ [ [ 2.99445479801898, 47.419775145734498 ], [ 2.99633297527321, 47.419186709732102 ], [ 2.99625511687638, 47.4190491847014 ], [ 2.99597458888309, 47.418514604384697 ], [ 2.99567880639159, 47.418241321963102 ], [ 2.9954247618727, 47.418006181619802 ], [ 2.99521221390522, 47.4178270794865 ], [ 2.99487642628399, 47.417544170212103 ], [ 2.99454538936857, 47.417269902019299 ], [ 2.99449000922488, 47.4172229452805 ], [ 2.99443964202621, 47.417180210664903 ], [ 2.99442559810167, 47.417168336430997 ], [ 2.99425134068813, 47.417038438922397 ], [ 2.9938049191155, 47.4167074955635 ], [ 2.99366909242457, 47.416637228076297 ], [ 2.99349999225959, 47.416552042351498 ], [ 2.99318765387602, 47.416393257175699 ], [ 2.99291666685964, 47.416255169148897 ], [ 2.99271392483873, 47.416151715264398 ], [ 2.99245327076726, 47.4160199191505 ], [ 2.99227318099003, 47.4159277994058 ], [ 2.9922124969737, 47.415896765646799 ], [ 2.99211694969182, 47.415842963573198 ], [ 2.99198696333314, 47.415769282751697 ], [ 2.99185936433848, 47.415696961243803 ], [ 2.99171187462458, 47.415609424885098 ], [ 2.99136576561004, 47.4153838918864 ], [ 2.99132388800983, 47.415356189771899 ], [ 2.9909100739063, 47.415082255835699 ], [ 2.99079255859193, 47.4150019221861 ], [ 2.99033873154128, 47.414692002196503 ], [ 2.99019005625879, 47.414589358493402 ], [ 2.99008630711528, 47.414519548555603 ], [ 2.9897359696707, 47.4142860975183 ], [ 2.98961499702219, 47.414203061758798 ], [ 2.98957988400728, 47.414179581521999 ], [ 2.98944659275777, 47.414090342132397 ], [ 2.98934231468131, 47.414022502895399 ], [ 2.98901822426688, 47.413811538931498 ], [ 2.98882120037171, 47.413650331136999 ], [ 2.98867056353399, 47.413506753356103 ], [ 2.98856961004701, 47.413405912556101 ], [ 2.9882006394325, 47.413599354780899 ], [ 2.98800178501908, 47.413395152048203 ], [ 2.9880000613575, 47.413393531517997 ], [ 2.98795727536905, 47.4133508038054 ], [ 2.98787459426111, 47.4132670500017 ], [ 2.98782118055036, 47.413306076911901 ], [ 2.9876531294021, 47.413416162141601 ], [ 2.98747725117236, 47.413534609099003 ], [ 2.98721112472331, 47.413657087776002 ], [ 2.9872595977603, 47.413819452377197 ], [ 2.987370551362, 47.414191686318802 ], [ 2.98748950156381, 47.414458580097403 ], [ 2.98778396789492, 47.414936696078598 ], [ 2.9878363083421, 47.415017566090697 ], [ 2.987947578641, 47.415189829998297 ], [ 2.98807820576143, 47.415392324317999 ], [ 2.98823146503885, 47.415629091182502 ], [ 2.98844691032632, 47.415815669151897 ], [ 2.98852442402265, 47.415899061864799 ], [ 2.98848981620737, 47.415928656848799 ], [ 2.98886096000076, 47.416199075451601 ], [ 2.98893224803102, 47.416251077496398 ], [ 2.98937837732445, 47.416547418117901 ], [ 2.9895511786608, 47.416662208559998 ], [ 2.98996765030219, 47.416937407636098 ], [ 2.99001084130097, 47.4169658304873 ], [ 2.99027705637851, 47.417141165876302 ], [ 2.99052458820605, 47.417304355502502 ], [ 2.99086843824489, 47.417529350514499 ], [ 2.99095644014697, 47.417586834780003 ], [ 2.99152014181934, 47.417957208036299 ], [ 2.99165397680775, 47.418045454719497 ], [ 2.9920305790579, 47.418293745580797 ], [ 2.99204966223691, 47.418308501062299 ], [ 2.99231640983194, 47.418470427829803 ], [ 2.99231668832875, 47.418470607887002 ], [ 2.99237843538598, 47.418508483097 ], [ 2.99232700847246, 47.418552463179502 ], [ 2.99217700424652, 47.418459355158703 ], [ 2.99197265361106, 47.418335114503698 ], [ 2.99165542261508, 47.418129649954402 ], [ 2.99159764247429, 47.418089443138498 ], [ 2.99097083546557, 47.418579263617097 ], [ 2.99085860329752, 47.418504952867103 ], [ 2.99074224740131, 47.418426329750197 ], [ 2.99048504285715, 47.418252976691498 ], [ 2.99035677938965, 47.418166430500001 ], [ 2.99028376276375, 47.418117129810497 ], [ 2.99024506640317, 47.418090948935102 ], [ 2.99013588665603, 47.4180170068067 ], [ 2.98998045223866, 47.417911751854298 ], [ 2.98996282814518, 47.417899867775198 ], [ 2.98977942675064, 47.417775634043302 ], [ 2.98974921800956, 47.417755034947 ], [ 2.98960915459652, 47.417660484146403 ], [ 2.98955217193127, 47.417621977743998 ], [ 2.98947625263004, 47.417570704849702 ], [ 2.98944497442258, 47.417594170075297 ], [ 2.98937341803227, 47.4175463092445 ], [ 2.98928264614247, 47.417488022352501 ], [ 2.98880787731383, 47.417182775817402 ], [ 2.98879050555811, 47.417171620738401 ], [ 2.98865204909372, 47.417082010981702 ], [ 2.98849567778709, 47.416980804783698 ], [ 2.98843461199572, 47.416941217184899 ], [ 2.98834992880137, 47.416886972026802 ], [ 2.98802277424632, 47.416677535586302 ], [ 2.98798673102461, 47.416658096672101 ], [ 2.98798593537352, 47.416657646492702 ], [ 2.98784695193695, 47.416564263887501 ], [ 2.98767635249663, 47.416696025406203 ], [ 2.98730932275523, 47.4169850833675 ], [ 2.98717241350279, 47.417092920629401 ], [ 2.98629345359495, 47.4177862489285 ], [ 2.98615917846651, 47.417898307179399 ], [ 2.986076848123, 47.418030796897398 ], [ 2.98611910492385, 47.418077035904403 ], [ 2.9861812501361, 47.4180951281974 ], [ 2.98637116061194, 47.418150557531398 ], [ 2.98657841808988, 47.418211119661301 ], [ 2.98669383693007, 47.418244683142603 ], [ 2.98677997346382, 47.418269700346102 ], [ 2.98700578559439, 47.4183349358238 ], [ 2.98721886666416, 47.4183966677097 ], [ 2.98740068954285, 47.418449213846699 ], [ 2.98784648195582, 47.418578349045703 ], [ 2.98805891513574, 47.418639800258397 ], [ 2.98818096692529, 47.418675253344901 ], [ 2.988186391188, 47.418676694205601 ], [ 2.9882698899848, 47.418700719820102 ], [ 2.98847607773824, 47.418759838136197 ], [ 2.98874165439224, 47.418835966503899 ], [ 2.98883535237612, 47.418862954334102 ], [ 2.98898324001842, 47.418906501791596 ], [ 2.9891238468956, 47.418947896917203 ], [ 2.98914478809028, 47.418954020188899 ], [ 2.98927188012608, 47.418995314851699 ], [ 2.98932447820323, 47.419012504383701 ], [ 2.9894466767772, 47.419051998018297 ], [ 2.98977478626932, 47.4191580791083 ], [ 2.98996654659482, 47.419219984100998 ], [ 2.99009364016074, 47.419259837551699 ], [ 2.99056290523877, 47.419407040171798 ], [ 2.99063406779657, 47.419451938562801 ], [ 2.99068190250809, 47.419484952491999 ], [ 2.99091805324217, 47.419648140195598 ], [ 2.99091830521385, 47.419648320253899 ], [ 2.99107958087947, 47.4197624772289 ], [ 2.99118838037463, 47.419839299002398 ], [ 2.99137814338892, 47.419975053340004 ], [ 2.99149873376986, 47.420058888192898 ], [ 2.99169922792933, 47.4201979734909 ], [ 2.99180206129997, 47.420270572344499 ], [ 2.99215768145486, 47.419990852875102 ], [ 2.99244677489866, 47.419765094564802 ], [ 2.99318968632859, 47.4191854069445 ], [ 2.99326310484252, 47.419130274372201 ], [ 2.99328908979862, 47.419110669661102 ], [ 2.99331759495701, 47.419089255699902 ], [ 2.99445479801898, 47.419775145734498 ] ] ], [ [ [ 2.98035196110707, 47.402567457649802 ], [ 2.9803838310147, 47.401638546315802 ], [ 2.97999274599014, 47.401610861543602 ], [ 2.97894356854725, 47.401630489735801 ], [ 2.9784322119373, 47.401640055182099 ], [ 2.97434883054976, 47.4017163464258 ], [ 2.97419498687407, 47.401719220040398 ], [ 2.97326257690981, 47.401736617341903 ], [ 2.97203913181611, 47.401759437787703 ], [ 2.97168287630785, 47.401766085092198 ], [ 2.97137993508998, 47.4017717272109 ], [ 2.97114493284934, 47.401776107131603 ], [ 2.97108598340163, 47.401777199737602 ], [ 2.97087376005078, 47.401781161677 ], [ 2.97053248954405, 47.401782741080702 ], [ 2.97054932961888, 47.4019734078013 ], [ 2.96990873973526, 47.401995820850097 ], [ 2.96981917405804, 47.401998948343497 ], [ 2.9692359558031, 47.402019752199799 ], [ 2.96877025332771, 47.402036362806399 ], [ 2.96805799448486, 47.402063778514602 ], [ 2.96782281694368, 47.402070456187303 ], [ 2.96729339206357, 47.402085602912102 ], [ 2.966505743533, 47.402109756168997 ], [ 2.96591801463974, 47.402130713125601 ], [ 2.96572643175401, 47.4021376783883 ], [ 2.9655170960222, 47.402143197752501 ], [ 2.9655149745395, 47.402143278141502 ], [ 2.96491275829896, 47.401831781703898 ], [ 2.9649097089959, 47.4018314207038 ], [ 2.96407671702144, 47.401718182225899 ], [ 2.96415255171667, 47.401449342712802 ], [ 2.96392007014692, 47.401393593411903 ], [ 2.96368732383097, 47.401337924580098 ], [ 2.96366269298738, 47.401332164604497 ], [ 2.96351553170583, 47.401296857670403 ], [ 2.96344134848259, 47.401278299242101 ], [ 2.96293414425525, 47.4011509583367 ], [ 2.96282845101919, 47.401124467702502 ], [ 2.96221423316847, 47.400967850871801 ], [ 2.96218080512522, 47.401009663337497 ], [ 2.96207009785561, 47.401118470565102 ], [ 2.96160215892403, 47.401692293968303 ], [ 2.96161191778249, 47.401747344453803 ], [ 2.96164300643983, 47.401992920404197 ], [ 2.96176490862075, 47.402904161253801 ], [ 2.96185504692999, 47.4035711759973 ], [ 2.96186691373457, 47.403646112519702 ], [ 2.96218956496106, 47.403609876793801 ], [ 2.96269412040061, 47.403554092309598 ], [ 2.96316904555346, 47.403452061992297 ], [ 2.96351887613302, 47.403376969551502 ], [ 2.96393229304382, 47.403288050717897 ], [ 2.96414403065401, 47.403266709433503 ], [ 2.96439711426963, 47.403239439107999 ], [ 2.9650351930313, 47.403230909746298 ], [ 2.96510289514443, 47.4032300298799 ], [ 2.96516582393983, 47.403229148544597 ], [ 2.96585358848642, 47.403214697246 ], [ 2.96608213377923, 47.4032205254004 ], [ 2.9665402718848, 47.403232351701 ], [ 2.96663288400292, 47.403237950545098 ], [ 2.96712349257449, 47.403230807644903 ], [ 2.96732303427135, 47.403224562479501 ], [ 2.96739959039252, 47.403250581736998 ], [ 2.96771304001138, 47.4032697444107 ], [ 2.96777850099679, 47.403269402484597 ], [ 2.96798689442805, 47.403294557604802 ], [ 2.96814786555719, 47.403309977214803 ], [ 2.96904940600095, 47.403392354857701 ], [ 2.96947485583635, 47.403368711023802 ], [ 2.97037104135833, 47.403309313541698 ], [ 2.97068107585585, 47.403296258193997 ], [ 2.97112308230399, 47.403277572603997 ], [ 2.97119211136234, 47.403274709082801 ], [ 2.97124922013251, 47.403272292674501 ], [ 2.97146053712249, 47.403263351723403 ], [ 2.97148916344038, 47.403263988884198 ], [ 2.9716241672814, 47.403266902539997 ], [ 2.97179269129844, 47.403268203813802 ], [ 2.97194160498414, 47.403269410093998 ], [ 2.97205343282462, 47.4032702471983 ], [ 2.97222460907986, 47.403270828323599 ], [ 2.97247130976734, 47.403271607137498 ], [ 2.97249450009821, 47.403271702644197 ], [ 2.97266077297604, 47.403267330868402 ], [ 2.97287420950049, 47.403261718586599 ], [ 2.97315456376504, 47.403259083035799 ], [ 2.97335251192344, 47.403256517977802 ], [ 2.97350976730083, 47.403254402423599 ], [ 2.97356090841422, 47.403253774918603 ], [ 2.97365101769482, 47.4032545155276 ], [ 2.97372135757398, 47.403255071561802 ], [ 2.97394858330379, 47.403249910523101 ], [ 2.97421370339532, 47.403245648646198 ], [ 2.97428576907801, 47.403241802744098 ], [ 2.9743102859288, 47.4032406289002 ], [ 2.97442556573238, 47.403231841349402 ], [ 2.97489511763224, 47.403196241723698 ], [ 2.97499078752174, 47.403186090076098 ], [ 2.9751308193457, 47.403183068425299 ], [ 2.97594736870904, 47.403165164145001 ], [ 2.97600314982237, 47.403165886825398 ], [ 2.9766685113928, 47.403161620226498 ], [ 2.97743986820775, 47.403154129710103 ], [ 2.97817506765529, 47.403145006938601 ], [ 2.97822871386529, 47.403146178250999 ], [ 2.97837763488254, 47.403161590448804 ], [ 2.97861517676747, 47.403186281841002 ], [ 2.9788786930175, 47.403212597827398 ], [ 2.97955277856684, 47.4032802782895 ], [ 2.97992822719753, 47.403314515275902 ], [ 2.98009914640979, 47.403329478962497 ], [ 2.98024753744099, 47.403346689073501 ], [ 2.98032199816228, 47.403355334611803 ], [ 2.98035196110707, 47.402567457649802 ] ] ], [ [ [ 2.97721638972621, 47.404327406403802 ], [ 2.97721064327771, 47.403216513883599 ], [ 2.97710451620146, 47.403217384237998 ], [ 2.97690339984316, 47.403218964832803 ], [ 2.97681899141399, 47.403219668199696 ], [ 2.97672227843733, 47.403220369043403 ], [ 2.97665854118795, 47.4032208963893 ], [ 2.97648353412037, 47.403218070515599 ], [ 2.97638019130029, 47.403219309854002 ], [ 2.97627592041053, 47.403220368871303 ], [ 2.97617324054165, 47.403221608161097 ], [ 2.97599583140412, 47.403223642140802 ], [ 2.97569216737002, 47.403227170868902 ], [ 2.97513609724411, 47.403238656897301 ], [ 2.97498797710883, 47.403241775837301 ], [ 2.97456398287189, 47.403278835131303 ], [ 2.97437793992111, 47.403340133913296 ], [ 2.97435195642198, 47.403358213201102 ], [ 2.97415727200742, 47.403493542153598 ], [ 2.97352346683362, 47.403946839187 ], [ 2.97327641948884, 47.404129829266502 ], [ 2.97322592528036, 47.404160946553297 ], [ 2.97314918236781, 47.4042084233879 ], [ 2.97323886518647, 47.404243254772098 ], [ 2.97341001458329, 47.404304273538301 ], [ 2.97355494383691, 47.404351621064599 ], [ 2.97374874490873, 47.404405010786299 ], [ 2.97386480384456, 47.404435265619803 ], [ 2.97405345702369, 47.404469128349902 ], [ 2.97418832339056, 47.4044887647011 ], [ 2.97435392599907, 47.404507237417903 ], [ 2.97445938776923, 47.404516712717999 ], [ 2.97460352895533, 47.404523396754598 ], [ 2.9747676940157, 47.404525953043198 ], [ 2.97491833668581, 47.404523555088304 ], [ 2.97507217689421, 47.404516845668702 ], [ 2.97520652489713, 47.404511563208999 ], [ 2.97530867977621, 47.404504032267802 ], [ 2.97531517719252, 47.4045034935274 ], [ 2.97532255229144, 47.404583819881303 ], [ 2.97548551576464, 47.404575851571401 ], [ 2.97583119656452, 47.404565940706597 ], [ 2.97601922063798, 47.404557526753997 ], [ 2.97608374287995, 47.404554569381702 ], [ 2.97615157975891, 47.404552152772801 ], [ 2.97620615689492, 47.4045501835122 ], [ 2.97627903246637, 47.404547587819799 ], [ 2.97630500833612, 47.404546602895401 ], [ 2.97634515884358, 47.404545179751203 ], [ 2.97639907275082, 47.404543750384804 ], [ 2.97642584410945, 47.404542945634603 ], [ 2.97659371175351, 47.4045385685612 ], [ 2.97674251274327, 47.4045328461374 ], [ 2.97684902832056, 47.404528816490803 ], [ 2.9769383327009, 47.404525503494803 ], [ 2.97711800226382, 47.404518706467897 ], [ 2.97721181496522, 47.404515124088903 ], [ 2.97721638972621, 47.404327406403802 ] ] ], [ [ [ 2.97366281458797, 47.403775067723899 ], [ 2.97427050074943, 47.403339209995004 ], [ 2.97424414618664, 47.403301611815799 ], [ 2.97334054834389, 47.403317413757499 ], [ 2.97252824206396, 47.403328828300801 ], [ 2.97248253489374, 47.403333858614801 ], [ 2.97147363201458, 47.403322993177703 ], [ 2.97144328100601, 47.403324155989402 ], [ 2.97065853087073, 47.403352560010298 ], [ 2.97037036098301, 47.40336481069 ], [ 2.97017187495538, 47.403379874310502 ], [ 2.96962148907, 47.403416874099896 ], [ 2.96906620881574, 47.403455499344403 ], [ 2.96878149547348, 47.403427715120102 ], [ 2.9683503924914, 47.403390627397897 ], [ 2.96829060985285, 47.403429832821402 ], [ 2.96829166979496, 47.403431183410099 ], [ 2.96849202045065, 47.403628768699903 ], [ 2.96869503572325, 47.4037843510268 ], [ 2.96875251252249, 47.403811354469603 ], [ 2.9691068389556, 47.403978211109198 ], [ 2.96922167410788, 47.404032217522797 ], [ 2.96930525217589, 47.404071542323699 ], [ 2.96944604614166, 47.4041550549004 ], [ 2.96962923002878, 47.404263765962298 ], [ 2.96991410781599, 47.404432501372703 ], [ 2.97006589563062, 47.404540114366 ], [ 2.97019634455438, 47.404632625346899 ], [ 2.9702526092808, 47.404672455567599 ], [ 2.9703204379919, 47.404661589485997 ], [ 2.97041249404109, 47.404646840669301 ], [ 2.97057089344505, 47.404621468229003 ], [ 2.97112452768958, 47.404532784324402 ], [ 2.97157960703867, 47.404459881242403 ], [ 2.97172469166618, 47.404436637447198 ], [ 2.97227702255629, 47.404348154779299 ], [ 2.9724816067742, 47.404315373089702 ], [ 2.97299752175379, 47.404232720669 ], [ 2.97322065632736, 47.404091233888202 ], [ 2.97366281458797, 47.403775067723899 ] ] ], [ [ [ 2.97014238792785, 47.404686488438301 ], [ 2.97015935967704, 47.404687392993203 ], [ 2.97002599664354, 47.404589408009997 ], [ 2.96997169455383, 47.404549632196897 ], [ 2.96986493308177, 47.404471161209102 ], [ 2.96975660019159, 47.404405292504002 ], [ 2.96967886003071, 47.404357867760503 ], [ 2.96926044973944, 47.404115793303802 ], [ 2.96891752244031, 47.403953342165899 ], [ 2.96863606377244, 47.403820046060503 ], [ 2.96854851152126, 47.403753452650498 ], [ 2.96842164992381, 47.403656988881004 ], [ 2.96818224099611, 47.403409026613097 ], [ 2.96806886250658, 47.403362131136497 ], [ 2.96724918757302, 47.4032997444085 ], [ 2.96713775664015, 47.403300343116904 ], [ 2.96663574723658, 47.403303080829801 ], [ 2.96586202056263, 47.4032783888658 ], [ 2.96578783424485, 47.403279888404803 ], [ 2.96579200355038, 47.403395304258297 ], [ 2.96579706728348, 47.403542821494 ], [ 2.96580266991629, 47.403697801534101 ], [ 2.96580539102271, 47.403776335758003 ], [ 2.96580644828093, 47.403802594894202 ], [ 2.96581829639115, 47.404123546552199 ], [ 2.96582023941163, 47.404174732470103 ], [ 2.96575862965981, 47.404184697561199 ], [ 2.96574228533715, 47.4036380555101 ], [ 2.96574150759447, 47.403610176094098 ], [ 2.96574034441829, 47.403583727881902 ], [ 2.96573850526852, 47.403536142778897 ], [ 2.96573380655427, 47.403419385476901 ], [ 2.96572833873308, 47.4032820313682 ], [ 2.96536862149014, 47.403293978491 ], [ 2.96503646110871, 47.403299271309201 ], [ 2.96464030818188, 47.403309764900598 ], [ 2.96432019993667, 47.4033354848725 ], [ 2.96391950014047, 47.403402912255999 ], [ 2.96362002908322, 47.403457866189498 ], [ 2.96356501220696, 47.403522528325603 ], [ 2.96361408622068, 47.403637679242799 ], [ 2.96367440006899, 47.403778741392401 ], [ 2.96370310059358, 47.403846301338596 ], [ 2.96372929960792, 47.403907298039996 ], [ 2.96393447010811, 47.404387969390001 ], [ 2.96402575103387, 47.404601542967697 ], [ 2.9640826250405, 47.404734420968403 ], [ 2.96412324175281, 47.404829593573503 ], [ 2.9641578877674, 47.404910928257998 ], [ 2.96431317412283, 47.405504198239697 ], [ 2.96436710369343, 47.405700575178003 ], [ 2.96549300574645, 47.405581377239301 ], [ 2.96700581155708, 47.405415675490801 ], [ 2.96716892878099, 47.405400976388201 ], [ 2.96716844549614, 47.405324063243697 ], [ 2.96779059409482, 47.405188235117002 ], [ 2.97014238792785, 47.404686488438301 ] ] ], [ [ [ 2.96914201506723, 47.398820178768602 ], [ 2.9695610729543, 47.398781967621098 ], [ 2.96944826474153, 47.3980052978972 ], [ 2.96904818599763, 47.397995748984499 ], [ 2.96885027137657, 47.397973659195301 ], [ 2.96867946624934, 47.398047636929903 ], [ 2.96865958761541, 47.398056183493402 ], [ 2.96861533315897, 47.398077938442597 ], [ 2.96836419139565, 47.3982295274173 ], [ 2.9682983286287, 47.398269541460799 ], [ 2.96804679984323, 47.398422380912699 ], [ 2.96756576830174, 47.398845288564999 ], [ 2.96761184935953, 47.398874179877197 ], [ 2.96837468139828, 47.398853874227001 ], [ 2.96846808638668, 47.398851388027303 ], [ 2.96874363498026, 47.398843000516301 ], [ 2.96894700495624, 47.398836852608 ], [ 2.96914201506723, 47.398820178768602 ] ] ], [ [ [ 2.96860934997497, 47.394506706718197 ], [ 2.96872270076977, 47.394297070876497 ], [ 2.96711637205041, 47.3943038203535 ], [ 2.96690665404048, 47.394334124723201 ], [ 2.96674211976362, 47.394357906168601 ], [ 2.96447357363231, 47.394685764470502 ], [ 2.96441090291323, 47.394692406812098 ], [ 2.96432638227332, 47.394702355167098 ], [ 2.96426676029029, 47.3947095384882 ], [ 2.96419775160602, 47.394717700110597 ], [ 2.9641271386041, 47.394726140260303 ], [ 2.96425394574818, 47.3948808882501 ], [ 2.9642905917216, 47.394935775900201 ], [ 2.9643040739415, 47.394976073136903 ], [ 2.96432429462603, 47.3950704386437 ], [ 2.96430293186675, 47.395317528851102 ], [ 2.96425018866458, 47.395525117478499 ], [ 2.96416919231748, 47.395814012690998 ], [ 2.96400898209452, 47.396280268273898 ], [ 2.96395097270082, 47.396469418897603 ], [ 2.96375122277179, 47.396428073511501 ], [ 2.96370889731709, 47.396517378416902 ], [ 2.96405288291115, 47.396588817311702 ], [ 2.96389038443724, 47.396924110413998 ], [ 2.96339416325572, 47.396866558363698 ], [ 2.96316633636485, 47.396839057255697 ], [ 2.96306842658812, 47.397034667203997 ], [ 2.96303686002496, 47.397092396157603 ], [ 2.96276622692231, 47.397632377186603 ], [ 2.96356190101051, 47.397604749955804 ], [ 2.96387812117146, 47.3976127613846 ], [ 2.96390726016456, 47.397615290997997 ], [ 2.96428903715679, 47.397648059193003 ], [ 2.964797329195, 47.397688426197902 ], [ 2.96501536720658, 47.3977094487011 ], [ 2.96552522128371, 47.397775900850398 ], [ 2.96596674271682, 47.397825866088397 ], [ 2.96622187547577, 47.397849777824398 ], [ 2.96634364471782, 47.397814552213603 ], [ 2.96648989183038, 47.397603208981202 ], [ 2.96657965974957, 47.397476855426099 ], [ 2.96679565830151, 47.397172882978602 ], [ 2.96686433742288, 47.397080343760599 ], [ 2.96701138144747, 47.3968815938643 ], [ 2.96742476482915, 47.396341282783901 ], [ 2.96758729391666, 47.396135163771397 ], [ 2.96764616240397, 47.396060346307898 ], [ 2.96770780348471, 47.395982279849903 ], [ 2.96776813114047, 47.3959054822786 ], [ 2.96788611883702, 47.395755838188499 ], [ 2.96793689343917, 47.395691172619202 ], [ 2.96800821886841, 47.395600793882501 ], [ 2.96693572242569, 47.395415916259303 ], [ 2.96692935982632, 47.395414465123103 ], [ 2.9669083670667, 47.395296091448898 ], [ 2.96697154468415, 47.395306542763798 ], [ 2.9669848860448, 47.395385251307502 ], [ 2.96803500647971, 47.395565450277999 ], [ 2.96810910058888, 47.395478033903501 ], [ 2.9683018996892, 47.395167039446299 ], [ 2.96848191563593, 47.394745037095603 ], [ 2.96860934997497, 47.394506706718197 ] ] ], [ [ [ 2.97485035754534, 47.397282775099903 ], [ 2.97532490796369, 47.397219007407301 ], [ 2.97471803426602, 47.395562972325301 ], [ 2.97355774423161, 47.396039722778603 ], [ 2.97328877445984, 47.396152096632001 ], [ 2.97283019594835, 47.396340978947599 ], [ 2.97252662796409, 47.396465576688698 ], [ 2.97233874209878, 47.396542706517401 ], [ 2.97193394174557, 47.3967086608871 ], [ 2.97138962383011, 47.3969334978446 ], [ 2.97087602811101, 47.397142415351802 ], [ 2.97070391807672, 47.397212434868699 ], [ 2.97034204654185, 47.3973597782742 ], [ 2.96978259687135, 47.397592696605699 ], [ 2.9690010615562, 47.397914061102803 ], [ 2.96900701216444, 47.397940780685303 ], [ 2.96901032653592, 47.397940961609002 ], [ 2.96944575944299, 47.397957982621101 ], [ 2.96983485647849, 47.397950981605199 ], [ 2.9703149768266, 47.397905770977196 ], [ 2.97037524885235, 47.397902815679799 ], [ 2.9704856146787, 47.397889898836802 ], [ 2.97088983203881, 47.397845656768503 ], [ 2.97095645653698, 47.397838921911202 ], [ 2.9711673742614, 47.397817747630597 ], [ 2.9715980803411, 47.397772339401001 ], [ 2.97217359786553, 47.3977078080149 ], [ 2.9726048331671, 47.397661135898602 ], [ 2.97265159423374, 47.397659796601502 ], [ 2.97274075942584, 47.397647493769 ], [ 2.97287841186509, 47.397628450670197 ], [ 2.97309621363981, 47.397597651334003 ], [ 2.97342717837578, 47.397551132966399 ], [ 2.97377707328917, 47.397480330470998 ], [ 2.97405848366476, 47.397424446018903 ], [ 2.97460684992088, 47.397316452762198 ], [ 2.97468527455897, 47.397305757453402 ], [ 2.97485035754534, 47.397282775099903 ] ] ], [ [ [ 2.97358436479609, 47.398462281211799 ], [ 2.97346923058788, 47.397688234351797 ], [ 2.97345404120077, 47.397599623989699 ], [ 2.97310003168723, 47.397650908175898 ], [ 2.97303074124658, 47.397660866367097 ], [ 2.97282764293955, 47.3976900576546 ], [ 2.97267157339232, 47.397712598152502 ], [ 2.97243522561785, 47.397738630228403 ], [ 2.97224073584352, 47.3977585504486 ], [ 2.97186355606696, 47.3977970514673 ], [ 2.97166085881748, 47.397817778913101 ], [ 2.97158268597211, 47.397826122714299 ], [ 2.97155168729543, 47.397829445882998 ], [ 2.9709910058244, 47.397889305841403 ], [ 2.97040238696262, 47.3979522976935 ], [ 2.97020232903683, 47.397969152399 ], [ 2.97005964073648, 47.397981079435503 ], [ 2.96998769982789, 47.397987272285597 ], [ 2.96983932327892, 47.398000097785598 ], [ 2.96950336331809, 47.398007652884402 ], [ 2.96961883833651, 47.398782342806904 ], [ 2.96981558419842, 47.398766829551299 ], [ 2.97009299399566, 47.398748195030699 ], [ 2.97029834315317, 47.398734393553603 ], [ 2.97066890747926, 47.3987093899811 ], [ 2.97128112114077, 47.398669879889603 ], [ 2.97128112085145, 47.398670420010497 ], [ 2.97166142036345, 47.398636602703597 ], [ 2.97169324123916, 47.398633774817803 ], [ 2.97197612867973, 47.398608628679 ], [ 2.97236239371543, 47.398574279397401 ], [ 2.97258356148428, 47.398554608327103 ], [ 2.97270890944755, 47.3985422240278 ], [ 2.97291650102231, 47.398521946002198 ], [ 2.97312040656921, 47.398501936814498 ], [ 2.97319935986949, 47.3984986242898 ], [ 2.97358436479609, 47.398462281211799 ] ] ], [ [ [ 2.97497104372117, 47.395292723097903 ], [ 2.97458412402007, 47.394412285414703 ], [ 2.97393557212258, 47.394394605893297 ], [ 2.97392259366962, 47.394394242902202 ], [ 2.97341431270497, 47.394380714776702 ], [ 2.97318368334751, 47.394374549439299 ], [ 2.9730521491298, 47.3943706571593 ], [ 2.97279529821075, 47.394363035644503 ], [ 2.97261752431507, 47.394357682718599 ], [ 2.97255434165126, 47.394357127701298 ], [ 2.97250652377816, 47.3943567563242 ], [ 2.97240094832548, 47.394350078811499 ], [ 2.97239325953514, 47.394349536864297 ], [ 2.97224013386263, 47.394337716747501 ], [ 2.97210343495576, 47.394323469821501 ], [ 2.97185203695298, 47.394283116132598 ], [ 2.97180674224037, 47.394274643247101 ], [ 2.97161758352708, 47.394239426281501 ], [ 2.97154487610912, 47.394225923464198 ], [ 2.97148778397638, 47.394215197057903 ], [ 2.97137454091898, 47.394193942437603 ], [ 2.97067610268684, 47.394062437712897 ], [ 2.97037570504722, 47.394005873797703 ], [ 2.97031993892088, 47.393995426217899 ], [ 2.9701382185983, 47.393961469024298 ], [ 2.97007582475966, 47.393949849360297 ], [ 2.96976972817529, 47.393892823305997 ], [ 2.96952494852291, 47.393853546542303 ], [ 2.96914227415877, 47.393832029778601 ], [ 2.96902355225852, 47.393889116135803 ], [ 2.9689420917284, 47.394089686777903 ], [ 2.96882672872515, 47.394296639706603 ], [ 2.96861416557354, 47.394659625565403 ], [ 2.96855648019146, 47.394756480861602 ], [ 2.96851098413724, 47.394865312129802 ], [ 2.96848816307625, 47.394919813254802 ], [ 2.96847237810308, 47.394957590506003 ], [ 2.9684093707244, 47.395108420455998 ], [ 2.96837872976023, 47.395181904713397 ], [ 2.96835908954146, 47.395214999840199 ], [ 2.96826786869561, 47.395368162544401 ], [ 2.96820422337556, 47.395475179301499 ], [ 2.96818962593915, 47.395499471788703 ], [ 2.96768320955158, 47.396138602234302 ], [ 2.96767272829638, 47.396151643259003 ], [ 2.96751722071656, 47.396344549375499 ], [ 2.96770730251024, 47.396373831895602 ], [ 2.96796692707122, 47.396413845692997 ], [ 2.96811289235388, 47.396436282850502 ], [ 2.96811952053013, 47.396437274890602 ], [ 2.96822416715732, 47.396451337691097 ], [ 2.96830695380995, 47.396462603813497 ], [ 2.96839398269772, 47.3964742311111 ], [ 2.96847002186173, 47.3964845950807 ], [ 2.96877541943769, 47.396399050208203 ], [ 2.96885809350781, 47.396375955173198 ], [ 2.96892433879671, 47.396357437721697 ], [ 2.96921900868426, 47.396273509177497 ], [ 2.96956972601467, 47.396173660975201 ], [ 2.96964631345674, 47.396151914088897 ], [ 2.96969228403635, 47.3961396023034 ], [ 2.96983616250781, 47.396100876981698 ], [ 2.96997093255611, 47.3960391129405 ], [ 2.97014014072392, 47.395961342981302 ], [ 2.97014594404703, 47.395991303220903 ], [ 2.97000404015829, 47.396056036295398 ], [ 2.96997873857372, 47.396067453339597 ], [ 2.96985602248019, 47.396123900315999 ], [ 2.96981945113324, 47.396136844748 ], [ 2.96957143024019, 47.396207572058003 ], [ 2.96957009103099, 47.396207931788602 ], [ 2.96946875002166, 47.396232732817197 ], [ 2.96918997994783, 47.396310652855199 ], [ 2.96878692498905, 47.396425222187901 ], [ 2.96867880508378, 47.396456052063698 ], [ 2.96846337409261, 47.396516892547702 ], [ 2.9683478704601, 47.396500936583003 ], [ 2.96761932694568, 47.3963936028888 ], [ 2.96749164082813, 47.3963765624366 ], [ 2.96731729369408, 47.396611736512099 ], [ 2.96731582095104, 47.396613626523497 ], [ 2.96698848694814, 47.397051500576303 ], [ 2.9669410119133, 47.397114816327701 ], [ 2.96642100326625, 47.397816374980302 ], [ 2.96645607927377, 47.397865671167096 ], [ 2.96740420461269, 47.397886006285503 ], [ 2.9676893063166, 47.397879334331598 ], [ 2.96773222274119, 47.397878275007002 ], [ 2.96821643479706, 47.3978657245056 ], [ 2.96852125968639, 47.397866437557703 ], [ 2.9685216574229, 47.3978664376653 ], [ 2.96865784214183, 47.397866924549199 ], [ 2.96875363014311, 47.397867310406298 ], [ 2.96926179251997, 47.397657680738199 ], [ 2.96929213370463, 47.397645004905698 ], [ 2.96976678271969, 47.397447327844702 ], [ 2.9700302098679, 47.3973376523751 ], [ 2.97032873714482, 47.397213519013498 ], [ 2.97045820138452, 47.397160746105001 ], [ 2.97062157289018, 47.397094127507799 ], [ 2.97087836507637, 47.396989318519303 ], [ 2.97102201761626, 47.396929715993899 ], [ 2.9713700949692, 47.396785157678003 ], [ 2.97143037746753, 47.396760074858101 ], [ 2.97213344842317, 47.396466923460203 ], [ 2.97223453215802, 47.396425385284097 ], [ 2.97261124461324, 47.396270135648003 ], [ 2.97262979574681, 47.396262488292898 ], [ 2.97291375065216, 47.396145627448497 ], [ 2.97321650736162, 47.396020749430001 ], [ 2.97333946871168, 47.395970051257898 ], [ 2.97352576011425, 47.395893180489402 ], [ 2.97371297917118, 47.3958159585505 ], [ 2.97377725065682, 47.3957894350808 ], [ 2.97398633516171, 47.395702324397 ], [ 2.97441204709125, 47.395524853819303 ], [ 2.97441615771491, 47.395523054317799 ], [ 2.97497104372117, 47.395292723097903 ] ] ], [ [ [ 2.96860442550168, 47.397935901625701 ], [ 2.96822475698169, 47.397916822248398 ], [ 2.96741411561217, 47.397939346034597 ], [ 2.96730879543933, 47.397938335255503 ], [ 2.96685386670389, 47.397933525430297 ], [ 2.9664527249521, 47.397929359495301 ], [ 2.96631284176301, 47.3979278787357 ], [ 2.96621270213585, 47.397911123930598 ], [ 2.96610653869682, 47.397985836813596 ], [ 2.9660663759711, 47.398013893400403 ], [ 2.96605337700249, 47.398023692806603 ], [ 2.96599588996555, 47.398024756254102 ], [ 2.96606494333663, 47.397973230856898 ], [ 2.96611809273316, 47.397933763492503 ], [ 2.96615399879245, 47.397906965931 ], [ 2.96555696873546, 47.397845801948598 ], [ 2.96502936360883, 47.397776382939099 ], [ 2.96467037337034, 47.3977468558273 ], [ 2.96391092658207, 47.397683293408001 ], [ 2.96389556092953, 47.397683018577901 ], [ 2.96386482962492, 47.397682468911697 ], [ 2.96373751630605, 47.397679917718499 ], [ 2.96359312703406, 47.3976771719989 ], [ 2.96289534531071, 47.397708431526297 ], [ 2.962044961393, 47.397744588273198 ], [ 2.96187194449547, 47.397747223280703 ], [ 2.96202891264821, 47.397941304200401 ], [ 2.96223104420277, 47.398183785424003 ], [ 2.96243959972098, 47.398683717062603 ], [ 2.96247292836498, 47.398762612501599 ], [ 2.9625746354305, 47.399003620266299 ], [ 2.9625762238968, 47.399007221584 ], [ 2.96262502918838, 47.399118502198803 ], [ 2.96267065790565, 47.399222319096999 ], [ 2.9626983103257, 47.399285567127798 ], [ 2.96280443076289, 47.399474499397002 ], [ 2.96282639899367, 47.399513818217997 ], [ 2.96286210588892, 47.399587043007401 ], [ 2.9628897536197, 47.399657663630002 ], [ 2.96410425807603, 47.399377848138897 ], [ 2.96414799378902, 47.3993629362894 ], [ 2.96416252994777, 47.399394960936299 ], [ 2.96417907831341, 47.399431577228199 ], [ 2.96419614305917, 47.399469264915901 ], [ 2.96429548690075, 47.399688962603399 ], [ 2.96442009149824, 47.399964516401198 ], [ 2.96482910649298, 47.399894038030403 ], [ 2.96545687847198, 47.399790234934599 ], [ 2.96583648864198, 47.3997121015692 ], [ 2.96614019825984, 47.399626914316102 ], [ 2.9663526209328, 47.399545840817702 ], [ 2.96658456506815, 47.399391460133501 ], [ 2.96661185114627, 47.399369250998099 ], [ 2.96669059188662, 47.399305314262101 ], [ 2.96712428612941, 47.398953017760498 ], [ 2.96715967667921, 47.398923969250703 ], [ 2.96755214025765, 47.398602149279398 ], [ 2.96767726546506, 47.398499552117201 ], [ 2.9678960980382, 47.398330230753601 ], [ 2.96819400864302, 47.398145825231502 ], [ 2.96860442550168, 47.397935901625701 ] ] ] ] } }
]
}
