{
"type": "FeatureCollection",
"name": "Menetou-Salon",
"crs": { "type": "name", "properties": { "name": "urn:ogc:def:crs:OGC:1.3:CRS84" } },
"features": [
{ "type": "Feature", "properties": { "Name": null, "id": "" }, "geometry": { "type": "MultiPolygon", "coordinates": [ [ [ [ 2.62038663497623, 47.219438978984101 ], [ 2.62176092908343, 47.218789851369998 ], [ 2.62158620947601, 47.218606515277003 ], [ 2.62021597357064, 47.219244562713101 ], [ 2.62038663497623, 47.219438978984101 ] ] ], [ [ [ 2.61666836787362, 47.220911544132498 ], [ 2.6166758695239, 47.2208787447695 ], [ 2.61649065811193, 47.220589313526801 ], [ 2.61626496211407, 47.220666404626101 ], [ 2.61657720965137, 47.2209382149601 ], [ 2.61666836787362, 47.220911544132498 ] ] ], [ [ [ 2.62025446099711, 47.222056989132803 ], [ 2.62104212826194, 47.221773071548498 ], [ 2.6204410299091, 47.2212586120339 ], [ 2.62030614495483, 47.221158140261799 ], [ 2.62024897164279, 47.221157322753299 ], [ 2.61988429126025, 47.221323795221601 ], [ 2.61894718139876, 47.221695270015303 ], [ 2.61860739846317, 47.221830688674402 ], [ 2.61849456917616, 47.221877635985699 ], [ 2.6184640168643, 47.221845962646 ], [ 2.61884686444686, 47.221690348740303 ], [ 2.61907434766412, 47.221601680932601 ], [ 2.61914162397427, 47.221573570253497 ], [ 2.61936063809347, 47.221488295112103 ], [ 2.6194529351612, 47.221450012246599 ], [ 2.61962480671168, 47.221382308298097 ], [ 2.61984780214557, 47.221292543907303 ], [ 2.61995891224485, 47.221247309170998 ], [ 2.62020796793135, 47.221130999289002 ], [ 2.62021358893388, 47.221102235795897 ], [ 2.61982815474665, 47.220789178594003 ], [ 2.61956426135415, 47.220540925031599 ], [ 2.61945461088135, 47.220419207446497 ], [ 2.6190539700281, 47.219980157567697 ], [ 2.61886051344962, 47.219722869922002 ], [ 2.61879024295531, 47.219653551375501 ], [ 2.61861606385372, 47.219730510398399 ], [ 2.61851474925724, 47.219773624442603 ], [ 2.6184662794611, 47.219794162314102 ], [ 2.61812472505494, 47.219920039833703 ], [ 2.61786458935627, 47.2200169527543 ], [ 2.61759110440976, 47.220132726910002 ], [ 2.61735562820208, 47.220230980438501 ], [ 2.61714915270265, 47.220318624969103 ], [ 2.61700889976294, 47.220377535002797 ], [ 2.61696876782833, 47.220396110182001 ], [ 2.61687634974638, 47.220430978626602 ], [ 2.61677968347441, 47.220451887626602 ], [ 2.6166951826114, 47.2204697758308 ], [ 2.61652631055239, 47.220504022008903 ], [ 2.61650739736138, 47.220528609074201 ], [ 2.61675930403808, 47.220917885730898 ], [ 2.61632129190595, 47.221050362075502 ], [ 2.61630606132639, 47.221075501461797 ], [ 2.61647053426567, 47.221286008890601 ], [ 2.61672270256122, 47.2216000770782 ], [ 2.61652069944612, 47.221652651388901 ], [ 2.6172250924235, 47.222839188193099 ], [ 2.61802845603957, 47.222635863818397 ], [ 2.61823760612876, 47.222893024174901 ], [ 2.61877155018246, 47.222697872753997 ], [ 2.61913698748331, 47.222519621678103 ], [ 2.61948774522623, 47.222344472228102 ], [ 2.62025446099711, 47.222056989132803 ] ] ], [ [ [ 2.56155080634199, 47.231424546474997 ], [ 2.56162688223129, 47.231299866510298 ], [ 2.56052318871479, 47.230957614892503 ], [ 2.56048152309411, 47.230932447180301 ], [ 2.5595455231259, 47.2303646627335 ], [ 2.55948837261736, 47.230361564678397 ], [ 2.55945782237856, 47.230381686855402 ], [ 2.55918178919782, 47.230623604824203 ], [ 2.55911474749018, 47.230682354152499 ], [ 2.55889100427899, 47.230876701471303 ], [ 2.55856438331464, 47.231167085509803 ], [ 2.55855945918915, 47.231171208041502 ], [ 2.55791081650735, 47.231721768453397 ], [ 2.55739255769287, 47.2321572272784 ], [ 2.55729966551882, 47.232240895577803 ], [ 2.5574942153878, 47.232478051505403 ], [ 2.55769546237498, 47.232879848527197 ], [ 2.55768615263464, 47.233573108248898 ], [ 2.55783709979514, 47.2336548261339 ], [ 2.55836602809378, 47.233783700473097 ], [ 2.5587605066479, 47.233817774626701 ], [ 2.55937414118087, 47.2338623225885 ], [ 2.55991937722, 47.2338097107666 ], [ 2.55997567537266, 47.233804351746798 ], [ 2.56019903593748, 47.233085616148102 ], [ 2.56008661120054, 47.233052923615297 ], [ 2.56019903601109, 47.233085607145597 ], [ 2.56038817558427, 47.232558743522802 ], [ 2.56088279706698, 47.231956252293301 ], [ 2.56055870982748, 47.231846459637403 ], [ 2.56102912797288, 47.231251393221903 ], [ 2.56155080634199, 47.231424546474997 ] ] ], [ [ [ 2.56477496361131, 47.229666901181503 ], [ 2.56509232750515, 47.229388249557402 ], [ 2.56469274922098, 47.2291892825017 ], [ 2.56438030476024, 47.229043181819101 ], [ 2.56416527799264, 47.229192594151399 ], [ 2.56351997674623, 47.228877274067898 ], [ 2.56350295766724, 47.228630902537297 ], [ 2.56338134668089, 47.228403844187298 ], [ 2.56329661996047, 47.228414859541701 ], [ 2.5632045122895, 47.228180889946998 ], [ 2.56275227707472, 47.228254196265603 ], [ 2.5626862183568, 47.228095353801599 ], [ 2.56256104996675, 47.228077155010098 ], [ 2.56228693737241, 47.227798780069399 ], [ 2.56220790032237, 47.227724622630703 ], [ 2.5621921677675, 47.227696051347401 ], [ 2.56206335663978, 47.227461491984101 ], [ 2.56198749679763, 47.227323480522301 ], [ 2.56173681816387, 47.227376585816401 ], [ 2.5617696148464, 47.227515154869003 ], [ 2.56180169084551, 47.227661094472197 ], [ 2.56182107015858, 47.227795201399701 ], [ 2.56182888946028, 47.227886627367297 ], [ 2.56184831444089, 47.228110870460497 ], [ 2.56184944940281, 47.228150009910799 ], [ 2.56183183484951, 47.228380054818899 ], [ 2.56180613844103, 47.228503827158498 ], [ 2.56174203649193, 47.228687448921299 ], [ 2.56168712765083, 47.228844124021997 ], [ 2.56150909532683, 47.2290557456095 ], [ 2.56223088787197, 47.229654818710202 ], [ 2.56226159348153, 47.229680385557003 ], [ 2.56293288520988, 47.229869960528198 ], [ 2.56327066885153, 47.229890499584798 ], [ 2.56346522692164, 47.229902476899902 ], [ 2.56350080561408, 47.229912324887103 ], [ 2.56465534905376, 47.230229126351396 ], [ 2.56501182365605, 47.229868939563502 ], [ 2.56491283053123, 47.229813416965399 ], [ 2.56495813440465, 47.229764746862799 ], [ 2.56477496361131, 47.229666901181503 ] ] ], [ [ [ 2.5663598453543, 47.230103327144001 ], [ 2.56631582250833, 47.230044059152902 ], [ 2.56627060386947, 47.230001972991502 ], [ 2.56601353282557, 47.229914277988797 ], [ 2.56575446541815, 47.229859507133298 ], [ 2.56541969404967, 47.229827571073102 ], [ 2.56531335667472, 47.229863066491902 ], [ 2.56467900144739, 47.230275543523597 ], [ 2.56445131392747, 47.230212154897004 ], [ 2.56424260142498, 47.230154247825702 ], [ 2.5634788704245, 47.229947596244699 ], [ 2.5634377335645, 47.229938627597797 ], [ 2.5629232173476, 47.229906538425297 ], [ 2.56224599031981, 47.2297137900118 ], [ 2.56223177619338, 47.229709685077502 ], [ 2.56187351606912, 47.229417226280702 ], [ 2.56147011851268, 47.229089961829999 ], [ 2.56133384982456, 47.229200981852799 ], [ 2.56099445300586, 47.229409471096602 ], [ 2.56079088278549, 47.2295125021747 ], [ 2.56059102921667, 47.229615096842998 ], [ 2.56027587033824, 47.229798837139199 ], [ 2.56014023362622, 47.229878924547201 ], [ 2.56002292557068, 47.229948007928897 ], [ 2.55992399373879, 47.230014829231997 ], [ 2.55986502546815, 47.230054631766301 ], [ 2.55982887602055, 47.230082295128 ], [ 2.55979816516952, 47.230105927874803 ], [ 2.55972295270837, 47.230163566198797 ], [ 2.5595813203795, 47.230283206446799 ], [ 2.55959394098289, 47.2303221194448 ], [ 2.5605639678879, 47.230911720221101 ], [ 2.56076115228988, 47.2309747218114 ], [ 2.56084070918003, 47.231000123001898 ], [ 2.56245155076045, 47.231494183266904 ], [ 2.56266509521818, 47.231559674088203 ], [ 2.56320321564199, 47.231725706661997 ], [ 2.56340794032105, 47.231788651092899 ], [ 2.56442797255415, 47.232102138905397 ], [ 2.56496934638464, 47.2322692647652 ], [ 2.56563705529662, 47.231163030863001 ], [ 2.56620081654075, 47.231115050400298 ], [ 2.56630622734282, 47.230753775941899 ], [ 2.56635592098575, 47.230457293044999 ], [ 2.56635674013237, 47.230388478809402 ], [ 2.5663598453543, 47.230103327144001 ] ] ], [ [ [ 2.60738304052588, 47.226592531316498 ], [ 2.60739968775852, 47.226556963718899 ], [ 2.60670032869818, 47.225839961417101 ], [ 2.60655816614461, 47.225688439338597 ], [ 2.60637993670336, 47.225773828780198 ], [ 2.60631546996917, 47.225705332765699 ], [ 2.60603206171455, 47.225833361668201 ], [ 2.6060169587611, 47.225840233471601 ], [ 2.60599034795039, 47.2258503071563 ], [ 2.60590282686116, 47.225885207768201 ], [ 2.60589799253708, 47.225879774376999 ], [ 2.60525515790759, 47.225418562207402 ], [ 2.60506008138339, 47.2255520121195 ], [ 2.60463248050789, 47.225213661305098 ], [ 2.60371958332023, 47.225907503163903 ], [ 2.60356714029757, 47.2258232650385 ], [ 2.60328414475911, 47.226073546403498 ], [ 2.60267893287377, 47.226608309178602 ], [ 2.60293486744026, 47.226852252161798 ], [ 2.60273441880565, 47.226661201618498 ], [ 2.60220560423974, 47.226980463098002 ], [ 2.60275010192012, 47.227425870185002 ], [ 2.60341113675984, 47.227304669649399 ], [ 2.60361533247207, 47.2272640813705 ], [ 2.60395614623247, 47.227247987998503 ], [ 2.60419295023988, 47.227156419360902 ], [ 2.60431013089662, 47.227131998778802 ], [ 2.60487300789921, 47.226997643851398 ], [ 2.60519198074895, 47.226847340044102 ], [ 2.60518633360736, 47.226824471764402 ], [ 2.60465589182526, 47.226430079727599 ], [ 2.60461322368832, 47.226432905108901 ], [ 2.60455035408412, 47.226488912986497 ], [ 2.60450931489541, 47.226466103976399 ], [ 2.60460006458539, 47.226391033316297 ], [ 2.60465205688653, 47.2263782556618 ], [ 2.60520013831, 47.226780261136497 ], [ 2.6058270196861, 47.226740675714602 ], [ 2.60625084721506, 47.226714333624898 ], [ 2.60627316891156, 47.226714319419699 ], [ 2.60658005072554, 47.226714830238997 ], [ 2.60663222231676, 47.226713656884698 ], [ 2.60671764030725, 47.2266968594611 ], [ 2.60697457023914, 47.226669669257497 ], [ 2.60698606505383, 47.2266682677879 ], [ 2.60715829468951, 47.226646461713301 ], [ 2.60738304052588, 47.226592531316498 ] ], [ [ 2.60590282686116, 47.225885207768201 ], [ 2.60590282928706, 47.225885210494702 ], [ 2.6057114224933, 47.225961533320103 ], [ 2.60590282686116, 47.225885207768201 ] ] ], [ [ [ 2.60955589499466, 47.226496032723396 ], [ 2.61038281926055, 47.226620370644 ], [ 2.61014294900744, 47.226449357680103 ], [ 2.60984181298542, 47.226114233470298 ], [ 2.60963769295551, 47.225803292546701 ], [ 2.60936642870377, 47.225499399199101 ], [ 2.6092823425085, 47.225406000051599 ], [ 2.60883961275239, 47.225005629684297 ], [ 2.60829441254901, 47.224513425024199 ], [ 2.60775310980938, 47.224879952301301 ], [ 2.60775216628661, 47.224880669330801 ], [ 2.60695990852599, 47.225431467529603 ], [ 2.60676347314422, 47.225568786881098 ], [ 2.60665025016377, 47.225647195035897 ], [ 2.60663737600615, 47.225672791261601 ], [ 2.60752016160556, 47.226586162577803 ], [ 2.60756144163704, 47.226628678406797 ], [ 2.60773567709348, 47.226569174642897 ], [ 2.60779310671545, 47.226551921597803 ], [ 2.60790478444489, 47.226520546628997 ], [ 2.60800092473746, 47.226503064308098 ], [ 2.60809309169958, 47.226484938279398 ], [ 2.6082158235559, 47.226459992355501 ], [ 2.60875612415167, 47.226378352565298 ], [ 2.60919645227497, 47.226443172497298 ], [ 2.60955589499466, 47.226496032723396 ] ] ], [ [ [ 2.61178052777224, 47.226250247810697 ], [ 2.61122263941196, 47.225520530552501 ], [ 2.61101648098366, 47.225253104597101 ], [ 2.61096975625142, 47.225214001765998 ], [ 2.6103384077152, 47.224672848627797 ], [ 2.61025717285308, 47.224678328283197 ], [ 2.61018638447706, 47.224697518238301 ], [ 2.61013651326573, 47.224728022980102 ], [ 2.61005687433846, 47.224819601452403 ], [ 2.60971720458946, 47.225204983587801 ], [ 2.60974324787214, 47.225236562996102 ], [ 2.60954695411911, 47.225408251131398 ], [ 2.6094746826117, 47.2254677320905 ], [ 2.60971617741784, 47.225760019405797 ], [ 2.60989605342607, 47.226028151429901 ], [ 2.61018794067789, 47.226364765876497 ], [ 2.61029644579034, 47.2264609472534 ], [ 2.61038207728549, 47.226523930436002 ], [ 2.61055602918674, 47.226572472782401 ], [ 2.61084060323023, 47.226519817019501 ], [ 2.61103206052892, 47.226485114755 ], [ 2.61112145399039, 47.226468417458598 ], [ 2.6112812958482, 47.226441432122499 ], [ 2.6113628879516, 47.226406982016002 ], [ 2.61178052777224, 47.226250247810697 ] ] ] ] } },
{ "type": "Feature", "properties": { "Name": null, "id": "" }, "geometry": { "type": "MultiPolygon", "coordinates": [ [ [ [ 2.62871486564043, 47.2487687688769 ], [ 2.62872221738331, 47.248738030240702 ], [ 2.62866991008568, 47.248640975858201 ], [ 2.62841059263485, 47.248280766963198 ], [ 2.62824072241158, 47.248124683077201 ], [ 2.62778639492537, 47.2476353789705 ], [ 2.62760706921703, 47.247415308641301 ], [ 2.6273373617874, 47.247087266389897 ], [ 2.62718871669891, 47.246940881957798 ], [ 2.62706991913368, 47.246812490672902 ], [ 2.62695148331454, 47.246691113519702 ], [ 2.62678549835282, 47.246567071457598 ], [ 2.62665842748196, 47.246453759619101 ], [ 2.62642763950574, 47.246228390096803 ], [ 2.62635218587566, 47.246137561866 ], [ 2.62630813165062, 47.246052407445497 ], [ 2.62623391804029, 47.245895467323699 ], [ 2.62452780662276, 47.2466884495336 ], [ 2.62458464224675, 47.246853247818599 ], [ 2.62460315244945, 47.246908008111902 ], [ 2.62457630218386, 47.247286538448101 ], [ 2.62450418887816, 47.247622555497998 ], [ 2.62450115621162, 47.247659249649899 ], [ 2.62454420892667, 47.247887607263898 ], [ 2.62459481978407, 47.248110956804901 ], [ 2.62460352195266, 47.248131403076101 ], [ 2.62485313589871, 47.248686704448403 ], [ 2.62487046488166, 47.248719503281002 ], [ 2.62508360505613, 47.249089194685503 ], [ 2.62521098137158, 47.249236872357997 ], [ 2.62539748286354, 47.249430339485201 ], [ 2.62582948115034, 47.249789230736901 ], [ 2.62724948863804, 47.248716983782501 ], [ 2.62761719090235, 47.248844022685098 ], [ 2.628243566514, 47.249118795757397 ], [ 2.62827553314274, 47.249044590077901 ], [ 2.62831381670987, 47.248991822020898 ], [ 2.62839166452086, 47.248911380452597 ], [ 2.6284686320465, 47.248860716891102 ], [ 2.6286569717478, 47.248810590027603 ], [ 2.62871486564043, 47.2487687688769 ] ] ], [ [ [ 2.69621499349788, 47.2544861840937 ], [ 2.69659893160808, 47.254185213860801 ], [ 2.69642922507059, 47.254008723284898 ], [ 2.6963797140359, 47.253911446260197 ], [ 2.69614266631834, 47.253821672346398 ], [ 2.69555542273769, 47.253517148584997 ], [ 2.6953592768452, 47.253462032528297 ], [ 2.69512476551032, 47.254154421063099 ], [ 2.69511400552543, 47.254186505168903 ], [ 2.69475559574294, 47.254065287210999 ], [ 2.69470667651937, 47.254234542992101 ], [ 2.69465747594097, 47.2543578305594 ], [ 2.69463347975425, 47.254417859951197 ], [ 2.69440883076463, 47.254542926968298 ], [ 2.6943075551969, 47.254599331635703 ], [ 2.69421994612719, 47.254647408802597 ], [ 2.69401880557178, 47.254725939416602 ], [ 2.69400159067197, 47.254732726994398 ], [ 2.6939318091331, 47.254805680235499 ], [ 2.69388731789741, 47.2548701476885 ], [ 2.6938866506202, 47.254871226242997 ], [ 2.69379305094027, 47.255040003548203 ], [ 2.69378464734146, 47.255055186803297 ], [ 2.6937169860034, 47.255171313117401 ], [ 2.69365357652565, 47.255239691667299 ], [ 2.69365144808293, 47.255241936702703 ], [ 2.69360713821014, 47.255295340285898 ], [ 2.69360595370042, 47.255296687551002 ], [ 2.6935674335363, 47.255331849080797 ], [ 2.69355256920958, 47.2553437743004 ], [ 2.69349575448686, 47.255389492562202 ], [ 2.69340881056819, 47.255459699327098 ], [ 2.69329060583098, 47.255405046917801 ], [ 2.69317767595186, 47.255352938080101 ], [ 2.69316173186318, 47.255345522744697 ], [ 2.69315975874405, 47.255343716998503 ], [ 2.6931040552848, 47.255289679868902 ], [ 2.69303913321073, 47.255226804737298 ], [ 2.69296202171056, 47.255152031830697 ], [ 2.69292193970348, 47.255113331433201 ], [ 2.69291748239453, 47.255108917344899 ], [ 2.69270611214485, 47.254966214947302 ], [ 2.6926263561549, 47.254912392926798 ], [ 2.6924809121102, 47.254885917737603 ], [ 2.69247351522151, 47.254884547729198 ], [ 2.692347855941, 47.254841298913703 ], [ 2.6923189821706, 47.254831247399999 ], [ 2.69228034235737, 47.254817920017203 ], [ 2.69223486069865, 47.2548009734126 ], [ 2.69221981848461, 47.254795441888703 ], [ 2.69214168426101, 47.254758719831898 ], [ 2.6919937205625, 47.254892889310803 ], [ 2.69199096136858, 47.254889821088099 ], [ 2.6919614436358, 47.254856009829602 ], [ 2.6919489763526, 47.254841860588201 ], [ 2.69183351026324, 47.2547251497991 ], [ 2.69183074953895, 47.254722351647303 ], [ 2.69183126892767, 47.254700944767102 ], [ 2.6918242045977, 47.254687701128297 ], [ 2.69181937711059, 47.254678685667798 ], [ 2.69178184870111, 47.254632987603003 ], [ 2.69172962352575, 47.254595334825702 ], [ 2.69171408499439, 47.254584139259997 ], [ 2.69167896621496, 47.254558676481999 ], [ 2.69163199627984, 47.254524638683499 ], [ 2.69162317339603, 47.2545183133807 ], [ 2.69158000962931, 47.254489237129299 ], [ 2.69156474314932, 47.254479032556098 ], [ 2.69154064606232, 47.254463853045998 ], [ 2.69151616657201, 47.254448492460902 ], [ 2.69146955171208, 47.254421738669798 ], [ 2.6914028345385, 47.254421021004298 ], [ 2.69133738019924, 47.254384593212698 ], [ 2.69133184948217, 47.254380626336498 ], [ 2.69129210546521, 47.254352450338097 ], [ 2.69127501305689, 47.254340170259702 ], [ 2.69125093317519, 47.254322019864702 ], [ 2.69116938611083, 47.254260458790696 ], [ 2.69116414956755, 47.254249020503003 ], [ 2.69114211084054, 47.2542001135172 ], [ 2.69111354317147, 47.254136883950302 ], [ 2.6910767620327, 47.254055654234001 ], [ 2.69126110514684, 47.254003614747702 ], [ 2.69121997161307, 47.253941161986702 ], [ 2.69120230247081, 47.253914215066096 ], [ 2.69118829081795, 47.253892769489397 ], [ 2.69115750195376, 47.253845639726599 ], [ 2.69115540449177, 47.2538424832183 ], [ 2.69111874223422, 47.253786614248398 ], [ 2.69108849250001, 47.253740026058999 ], [ 2.69114498639645, 47.253724890047302 ], [ 2.6911061241271, 47.253637704040997 ], [ 2.69107757565986, 47.2535734932138 ], [ 2.69111791640786, 47.253564426976602 ], [ 2.69111541396142, 47.253518993004597 ], [ 2.69111348675394, 47.253483904594198 ], [ 2.69110954961889, 47.253412017050401 ], [ 2.69110873206675, 47.253393217365499 ], [ 2.69109891091284, 47.253312140458497 ], [ 2.69061414607517, 47.253428323667997 ], [ 2.6905709352458, 47.253361723904 ], [ 2.69046858917085, 47.253376386164803 ], [ 2.69018494617273, 47.253417175951697 ], [ 2.69019813469623, 47.253468940340603 ], [ 2.69020549174985, 47.253497831452599 ], [ 2.68950006617045, 47.253662349691503 ], [ 2.68948667274382, 47.253694246186797 ], [ 2.6894764780647, 47.253721748955499 ], [ 2.68946491445292, 47.253732152049501 ], [ 2.68944860041224, 47.253743172606498 ], [ 2.68940501887038, 47.253763833983498 ], [ 2.68919256701559, 47.253854200448998 ], [ 2.689142662189, 47.253916499980797 ], [ 2.68930030923927, 47.254047721733997 ], [ 2.68934732481729, 47.254096416901902 ], [ 2.6894175538045, 47.254173523517501 ], [ 2.68950276040579, 47.254267307057802 ], [ 2.68956250231292, 47.254333312260897 ], [ 2.68959585066513, 47.254367494499903 ], [ 2.68961393268384, 47.254393812582698 ], [ 2.68965426176865, 47.254455633568902 ], [ 2.68968075173778, 47.254491408900002 ], [ 2.68972674947625, 47.2545562158952 ], [ 2.68974246225824, 47.254578386405399 ], [ 2.68979301123223, 47.254656511439599 ], [ 2.68983962627643, 47.254728963271802 ], [ 2.68984764675024, 47.254759746719301 ], [ 2.68986237476024, 47.254815116288803 ], [ 2.68938965194652, 47.255064187407498 ], [ 2.6890380705784, 47.255270125754102 ], [ 2.68875656851468, 47.255439385339301 ], [ 2.68929078052564, 47.255707907791702 ], [ 2.68948695306892, 47.2558022585863 ], [ 2.68995511720859, 47.256044331399998 ], [ 2.69008500457064, 47.256111243987803 ], [ 2.6902932708864, 47.256218490466701 ], [ 2.69049579480038, 47.255995765923203 ], [ 2.6905194011474, 47.2560043814144 ], [ 2.69031438933081, 47.256222868119899 ], [ 2.69043111971488, 47.256280751555899 ], [ 2.69044745670984, 47.256288807499402 ], [ 2.69056893264263, 47.256349305219601 ], [ 2.69067142112713, 47.256400497469997 ], [ 2.69074927772241, 47.256439749487299 ], [ 2.69089959860664, 47.256515538203502 ], [ 2.69096415240892, 47.2565480026499 ], [ 2.69103714620531, 47.256584450699002 ], [ 2.69111987018862, 47.2566258760598 ], [ 2.69114306325925, 47.256637443181503 ], [ 2.69138189673391, 47.256760073531602 ], [ 2.69138629081001, 47.256754773674899 ], [ 2.69162843529679, 47.256876683106398 ], [ 2.69216582542512, 47.257147091085997 ], [ 2.69264264515592, 47.2565547496121 ], [ 2.69368432545234, 47.256949011606103 ], [ 2.69377800116059, 47.256765209328798 ], [ 2.69394397508004, 47.256208384925301 ], [ 2.69401781623039, 47.2561636026388 ], [ 2.69408558029558, 47.256120154669702 ], [ 2.69419186212246, 47.256067544525898 ], [ 2.6942178255676, 47.256054748228699 ], [ 2.69428845847035, 47.256018320749902 ], [ 2.6943441182122, 47.255989686053397 ], [ 2.69435113508018, 47.255985833416197 ], [ 2.69442947585622, 47.255942593170097 ], [ 2.69447572987724, 47.2559169945213 ], [ 2.69468544470369, 47.255796200374 ], [ 2.69474893718149, 47.255759663789 ], [ 2.69476909249712, 47.255747392238298 ], [ 2.69492925644807, 47.255650486237997 ], [ 2.69498839730288, 47.255611786446003 ], [ 2.69500989872642, 47.255597627841198 ], [ 2.69509495539262, 47.255533446684197 ], [ 2.69512175404928, 47.255513189200101 ], [ 2.69524758768209, 47.255412051294002 ], [ 2.69531516591567, 47.255354386959503 ], [ 2.69534106381384, 47.2553297157692 ], [ 2.69535780028323, 47.255314023137501 ], [ 2.6954389328865, 47.255221131033998 ], [ 2.69544878080371, 47.255210002637099 ], [ 2.69563274143008, 47.255061978189701 ], [ 2.69566633508704, 47.255032564729802 ], [ 2.695687317926, 47.255014173400397 ], [ 2.69587175344742, 47.254807677727598 ], [ 2.69590299680893, 47.254772946481602 ], [ 2.69604497848544, 47.254619229651098 ], [ 2.69621499349788, 47.2544861840937 ] ], [ [ 2.69233523878633, 47.256047860897702 ], [ 2.69231065185144, 47.256044176615497 ], [ 2.6919991051236, 47.255997913409303 ], [ 2.69203516133903, 47.2559545624744 ], [ 2.69213092950782, 47.2559809963752 ], [ 2.69226958054414, 47.256018878295002 ], [ 2.69233523878633, 47.256047860897702 ] ], [ [ 2.69269494784409, 47.256077316880301 ], [ 2.69248271451076, 47.2560618189815 ], [ 2.6925489911026, 47.256049760123503 ], [ 2.69269494784409, 47.256077316880301 ] ] ], [ [ [ 2.65752023498023, 47.246911491220303 ], [ 2.65868820117128, 47.246346712906998 ], [ 2.65852312134657, 47.246195819139999 ], [ 2.65814780266771, 47.245744381226103 ], [ 2.65809967970793, 47.245648792922402 ], [ 2.65818416853667, 47.245408058235498 ], [ 2.65822020383448, 47.2451860682866 ], [ 2.65819906442163, 47.245084167628598 ], [ 2.65820155157242, 47.244757368545699 ], [ 2.65784827268908, 47.244559041814199 ], [ 2.65774570037728, 47.244654068532199 ], [ 2.65767308390909, 47.244624640459399 ], [ 2.65738694192173, 47.244546336234798 ], [ 2.65718898846668, 47.244495642216997 ], [ 2.65706765026012, 47.244465061406999 ], [ 2.65700087859715, 47.244454150714397 ], [ 2.65685318807568, 47.244413948876499 ], [ 2.65681074852442, 47.244399887117098 ], [ 2.65679953227736, 47.244396612952599 ], [ 2.65667617884778, 47.2442489818391 ], [ 2.6566717323129, 47.244243486037099 ], [ 2.65655452021298, 47.244208676636099 ], [ 2.65646192877702, 47.244185553529199 ], [ 2.65640970167868, 47.244174334479702 ], [ 2.65632261845764, 47.244158150649099 ], [ 2.6562509743382, 47.244144353222701 ], [ 2.65541435398599, 47.243991543107398 ], [ 2.65514652517186, 47.243940538874497 ], [ 2.65461189825838, 47.243842951935697 ], [ 2.65308899834708, 47.243472788378597 ], [ 2.65294261543678, 47.243456163488403 ], [ 2.65285748663014, 47.243444745317802 ], [ 2.65249216734439, 47.243416030766099 ], [ 2.65242444111258, 47.243409976019599 ], [ 2.65226517198868, 47.243405177192102 ], [ 2.6521609987552, 47.243397032389801 ], [ 2.65008248538879, 47.243459550042701 ], [ 2.65016786757124, 47.243610755822502 ], [ 2.65021906795116, 47.243901472159003 ], [ 2.65024419410697, 47.243977467644903 ], [ 2.65022684414212, 47.2440859877591 ], [ 2.65034190635369, 47.2442474469321 ], [ 2.65036325809128, 47.244273691138602 ], [ 2.6504354981763, 47.244337963080397 ], [ 2.65051230682075, 47.244386854146398 ], [ 2.65063573544708, 47.244461354241402 ], [ 2.65087790265407, 47.2445570890049 ], [ 2.65092533806268, 47.244575219188803 ], [ 2.65131834238144, 47.244755600151599 ], [ 2.65136601560565, 47.244777881106998 ], [ 2.65164564927151, 47.244920945981796 ], [ 2.6517967715559, 47.245002451077497 ], [ 2.65197691941569, 47.245089084596501 ], [ 2.65210679889893, 47.245166294258098 ], [ 2.6521571329624, 47.245145216928897 ], [ 2.65216835088053, 47.245125732757302 ], [ 2.65247894256021, 47.245284364067601 ], [ 2.65264857969965, 47.245402087306601 ], [ 2.65277058076948, 47.245491696313699 ], [ 2.65283526570389, 47.245539208102201 ], [ 2.6529892295903, 47.245652112478197 ], [ 2.65324958584603, 47.2458173433415 ], [ 2.65348971374421, 47.245962446180201 ], [ 2.65357589457136, 47.245995896568701 ], [ 2.65365193422928, 47.246066461667297 ], [ 2.65408197251159, 47.246424161471403 ], [ 2.65413432187706, 47.246478297694701 ], [ 2.65416076858868, 47.246516520928601 ], [ 2.65421189530741, 47.246618952843399 ], [ 2.65426171290026, 47.246676223389301 ], [ 2.65439578750007, 47.246922558241501 ], [ 2.65442583196576, 47.246954409230803 ], [ 2.65481837478413, 47.247474807795598 ], [ 2.65496314296121, 47.2476006369115 ], [ 2.65499040256747, 47.247613312761601 ], [ 2.65505408685847, 47.2476753055861 ], [ 2.65510982901094, 47.247716136471603 ], [ 2.65573991916997, 47.247046418154397 ], [ 2.65653802400043, 47.246197284510302 ], [ 2.65659615375038, 47.246135383196901 ], [ 2.65679148237952, 47.245935363772297 ], [ 2.65714342520824, 47.245440042085797 ], [ 2.65700190124077, 47.245199521995197 ], [ 2.65682859091351, 47.245156732608301 ], [ 2.65602931962074, 47.244901749071801 ], [ 2.65587896151303, 47.244867209779898 ], [ 2.65590440481433, 47.244814394511899 ], [ 2.65597720737034, 47.244831157466699 ], [ 2.65605990938915, 47.244850389466897 ], [ 2.65619874830824, 47.244891817435203 ], [ 2.65622286907367, 47.244899001070898 ], [ 2.65633862428799, 47.2449344276612 ], [ 2.65650751280466, 47.244986297399699 ], [ 2.65671436287487, 47.245049703687997 ], [ 2.65687987534228, 47.245112807236602 ], [ 2.6570812358398, 47.245166482725097 ], [ 2.65711658789236, 47.245236844206403 ], [ 2.65722655388045, 47.245454773165797 ], [ 2.65687797705901, 47.245940661248099 ], [ 2.65721577081755, 47.246186074063097 ], [ 2.6571720508152, 47.246206722997201 ], [ 2.65711524119989, 47.246165358764003 ], [ 2.65705987907722, 47.246125070101797 ], [ 2.65694339209068, 47.2460401633628 ], [ 2.6568914513651, 47.2460024144927 ], [ 2.65682710298667, 47.246005095927202 ], [ 2.65665799236364, 47.2461717300788 ], [ 2.6561674348975, 47.246695879945001 ], [ 2.65625319481399, 47.246772864027903 ], [ 2.65634381780033, 47.2468543637954 ], [ 2.65637648228145, 47.2468715476775 ], [ 2.65650036328594, 47.246937409188298 ], [ 2.65671625355773, 47.247134964056301 ], [ 2.65683660710781, 47.247237878772196 ], [ 2.65752023498023, 47.246911491220303 ] ] ], [ [ [ 2.64209862744734, 47.242873845248198 ], [ 2.64216670281616, 47.242572879048097 ], [ 2.63786277134644, 47.241671282935002 ], [ 2.63529838257036, 47.241143239829299 ], [ 2.63484477115504, 47.242095414892702 ], [ 2.63490727264148, 47.242113067957703 ], [ 2.63692365606528, 47.243645006350697 ], [ 2.63750073625368, 47.244080237796702 ], [ 2.63929325321695, 47.245080958662598 ], [ 2.64005492469781, 47.245824400034103 ], [ 2.6408247098396, 47.2462905244765 ], [ 2.64078932742969, 47.245562853582598 ], [ 2.64080678158439, 47.245067615608299 ], [ 2.64076760350536, 47.244785565927003 ], [ 2.64080082231851, 47.2446000963225 ], [ 2.64106212517143, 47.2441458192989 ], [ 2.64144306734328, 47.243776392941598 ], [ 2.64164752786192, 47.2435245263867 ], [ 2.64177323106891, 47.243334840865003 ], [ 2.64198158806262, 47.243053213801502 ], [ 2.64201772445953, 47.243002586165403 ], [ 2.64209862744734, 47.242873845248198 ] ] ], [ [ [ 2.64550943812457, 47.245216776915498 ], [ 2.64462923466498, 47.244031138021498 ], [ 2.6443007887215, 47.2437422697881 ], [ 2.64386146450121, 47.243442346867504 ], [ 2.64223857920928, 47.242610525068599 ], [ 2.64221151651231, 47.242745914187097 ], [ 2.64218137617905, 47.2428669885064 ], [ 2.6420908707183, 47.243028271603997 ], [ 2.64203352487164, 47.243109415951302 ], [ 2.64172696340606, 47.243536916496502 ], [ 2.64152691036798, 47.243801931748798 ], [ 2.64113445770839, 47.244174743777002 ], [ 2.64102848297823, 47.244414688656001 ], [ 2.6409180930047, 47.244624748809102 ], [ 2.64088761392463, 47.2447167699749 ], [ 2.64089673471244, 47.244815926872498 ], [ 2.64090245309408, 47.244886111567403 ], [ 2.64090616447628, 47.244965823895498 ], [ 2.64088590869698, 47.245185885979801 ], [ 2.6408696205154, 47.245290896939601 ], [ 2.6408693250456, 47.245412333319997 ], [ 2.64087747180288, 47.245518779353802 ], [ 2.64088593592052, 47.246025080799001 ], [ 2.64090562942467, 47.246338633380397 ], [ 2.64104561728938, 47.246385034527101 ], [ 2.64133119023062, 47.246487126388701 ], [ 2.64136228718714, 47.246498737006398 ], [ 2.64157122219765, 47.246586736081902 ], [ 2.64169238484014, 47.246641090639102 ], [ 2.64174937933261, 47.246670867566898 ], [ 2.64198846615584, 47.2468113996703 ], [ 2.64240996699946, 47.247074390276303 ], [ 2.64285492910212, 47.247324946844699 ], [ 2.64328156916359, 47.247057665027697 ], [ 2.64350684352253, 47.246991170781797 ], [ 2.64381865310161, 47.246788110142397 ], [ 2.64387703729326, 47.246747993448103 ], [ 2.64425219479132, 47.246651276818298 ], [ 2.6441517739792, 47.246536823655902 ], [ 2.64424681596951, 47.246091473341302 ], [ 2.64432386376297, 47.245867902904898 ], [ 2.64467526434414, 47.246024159542301 ], [ 2.64509569607358, 47.245634955561002 ], [ 2.64533902214618, 47.245418015058299 ], [ 2.64550943812457, 47.245216776915498 ] ] ], [ [ [ 2.63683533188005, 47.247945684473798 ], [ 2.6368339789255, 47.247891529094403 ], [ 2.6367936998504, 47.2466674697787 ], [ 2.63592710819083, 47.246473931190501 ], [ 2.63501366638848, 47.246350855738903 ], [ 2.63402936462603, 47.246218285685103 ], [ 2.63163991627251, 47.246330743656898 ], [ 2.63185020608814, 47.246544793286702 ], [ 2.63198710172577, 47.246655609823797 ], [ 2.63202059849005, 47.246683327379003 ], [ 2.63213890561445, 47.246786531481597 ], [ 2.63247021766372, 47.247132835185603 ], [ 2.63258875974065, 47.247240621918003 ], [ 2.63266937611032, 47.247310963246001 ], [ 2.63280220418516, 47.247437142480699 ], [ 2.6332095527906, 47.247792048202299 ], [ 2.63337209188298, 47.247920040238903 ], [ 2.63339584939784, 47.247943414299399 ], [ 2.63360129364477, 47.248226351801399 ], [ 2.63373055469195, 47.248352788722599 ], [ 2.63375115303341, 47.248374172136302 ], [ 2.63377699341279, 47.248400433550401 ], [ 2.63683533188005, 47.247945684473798 ] ] ] ] } },
{ "type": "Feature", "properties": { "Name": null, "id": "" }, "geometry": { "type": "MultiPolygon", "coordinates": [ [ [ [ 2.49647702598067, 47.197522525047702 ], [ 2.49642325997586, 47.197178738806699 ], [ 2.49638221409157, 47.196898523609299 ], [ 2.49630556983309, 47.196403964356598 ], [ 2.49627877834413, 47.1962224023533 ], [ 2.49625206555721, 47.196117122699498 ], [ 2.49611101880031, 47.195735531264098 ], [ 2.49586578222066, 47.195346013770497 ], [ 2.49559290696802, 47.194906904088199 ], [ 2.49539008412763, 47.194570030349297 ], [ 2.49534368336869, 47.194479960674897 ], [ 2.49524790963778, 47.1942520295962 ], [ 2.49516195519969, 47.194074260694599 ], [ 2.49509568249785, 47.193910424056398 ], [ 2.49502452503118, 47.193674605393497 ], [ 2.49500063541298, 47.193563035564999 ], [ 2.49491062754637, 47.193285396876 ], [ 2.49483337896357, 47.193176655332302 ], [ 2.49468236226821, 47.192945880872401 ], [ 2.49465205439951, 47.192899059278197 ], [ 2.494554105144, 47.192761354706001 ], [ 2.49443116352812, 47.192574870927402 ], [ 2.49441427209226, 47.192546635923399 ], [ 2.49437561433065, 47.192504369317 ], [ 2.49418160582426, 47.192282580488502 ], [ 2.49393081046774, 47.191981740242603 ], [ 2.49373486828359, 47.191742665457397 ], [ 2.4936566471222, 47.1916690033717 ], [ 2.49348692292911, 47.191488967178898 ], [ 2.49329374460054, 47.191277974939702 ], [ 2.49326176262285, 47.191240859826799 ], [ 2.49319297460752, 47.1911613957448 ], [ 2.49311918194265, 47.1910524069757 ], [ 2.49297668244869, 47.190799357947398 ], [ 2.49289372563498, 47.190669270944703 ], [ 2.49279464810178, 47.1904994371749 ], [ 2.49275410469037, 47.190433321846299 ], [ 2.49270206514538, 47.190353840752699 ], [ 2.49257766199434, 47.190170949573599 ], [ 2.4922510652546, 47.190334849075803 ], [ 2.49205678607284, 47.190448596187402 ], [ 2.49177030249523, 47.190613210402702 ], [ 2.4916361659473, 47.190717236369402 ], [ 2.49155372695196, 47.190796937999202 ], [ 2.49123602824576, 47.191037335952799 ], [ 2.49109615603577, 47.191133152390798 ], [ 2.4910090025065, 47.1911805302422 ], [ 2.4908880260351, 47.191231990774398 ], [ 2.49079676067267, 47.191253268777302 ], [ 2.49095255867976, 47.1914677921812 ], [ 2.4910393320824, 47.191583582592202 ], [ 2.49109013462758, 47.1916540739998 ], [ 2.4911210599711, 47.191705031641803 ], [ 2.49117587209411, 47.191769139508601 ], [ 2.4915207561457, 47.192152271881596 ], [ 2.49161231055846, 47.192266921426302 ], [ 2.49169783776484, 47.192348530554099 ], [ 2.49184669839754, 47.192543143639099 ], [ 2.49193842615882, 47.192666157421201 ], [ 2.49197454604849, 47.1927126451113 ], [ 2.49209545250926, 47.1928913890507 ], [ 2.49227645833739, 47.1931887762887 ], [ 2.49252248248099, 47.193573623766198 ], [ 2.4926283523202, 47.193737995490302 ], [ 2.49267143546501, 47.193801150914197 ], [ 2.49297636431936, 47.194265418319802 ], [ 2.49305959151379, 47.194396856687398 ], [ 2.49326044601244, 47.194764417077501 ], [ 2.49343116630227, 47.1950768011951 ], [ 2.49431919491672, 47.196701735223499 ], [ 2.49472033092803, 47.1974357135555 ], [ 2.49489818448556, 47.197761108482197 ], [ 2.49564527270806, 47.197648864529299 ], [ 2.49647702598067, 47.197522525047702 ] ] ], [ [ [ 2.49824556150501, 47.203088098803498 ], [ 2.49824371071881, 47.203018822258798 ], [ 2.49822006345229, 47.202880101756698 ], [ 2.49818421523983, 47.202705424715397 ], [ 2.49814040284639, 47.202479621524198 ], [ 2.49808425704651, 47.202189618981599 ], [ 2.49803740196235, 47.201950217097099 ], [ 2.49795314677619, 47.201590833072103 ], [ 2.49794372905854, 47.201538350173998 ], [ 2.49793281217184, 47.201507800927097 ], [ 2.4979001044826, 47.201377575791 ], [ 2.49785337832899, 47.2011684061655 ], [ 2.49777367461202, 47.200787263515402 ], [ 2.49773196569999, 47.200646393812796 ], [ 2.49768522039508, 47.2004521508428 ], [ 2.4976337834738, 47.200265260901098 ], [ 2.49762279275108, 47.200228517266403 ], [ 2.49760895155864, 47.200170253249098 ], [ 2.49757154298011, 47.200035776180201 ], [ 2.49744305913714, 47.199718477485298 ], [ 2.49737169661758, 47.199603110323601 ], [ 2.49730844466438, 47.199507566768403 ], [ 2.49725589827357, 47.199424124569902 ], [ 2.49720344267123, 47.199346534650402 ], [ 2.49713700994357, 47.199239462422099 ], [ 2.49704126268854, 47.199091785658702 ], [ 2.49683755224783, 47.1987751408628 ], [ 2.49679718891787, 47.198715411076499 ], [ 2.49679498689106, 47.198712169455 ], [ 2.49667952466554, 47.198525901124903 ], [ 2.49664850837113, 47.198485100066598 ], [ 2.49658331535162, 47.1982188967919 ], [ 2.49652274788216, 47.197797187637697 ], [ 2.49649523262344, 47.197592593100197 ], [ 2.49594951728354, 47.197659551734603 ], [ 2.49572037680458, 47.197703983418201 ], [ 2.49561415146858, 47.197729332437 ], [ 2.49550813420805, 47.197762064682401 ], [ 2.49465015059334, 47.197869205557502 ], [ 2.49468294895688, 47.198112509252702 ], [ 2.49469281893168, 47.1981867636012 ], [ 2.49472139297284, 47.198443904363899 ], [ 2.49477181383493, 47.198805304449301 ], [ 2.49479177921156, 47.1989833257227 ], [ 2.49479214006005, 47.1989870995301 ], [ 2.49483297077224, 47.199316263162501 ], [ 2.4948546073468, 47.1994710820885 ], [ 2.49486891531728, 47.199591864933701 ], [ 2.49564099360628, 47.199512140524703 ], [ 2.49564009527152, 47.1995939013349 ], [ 2.49564633410161, 47.199661126453499 ], [ 2.49564947136365, 47.199761901033902 ], [ 2.49568154287418, 47.200194730979703 ], [ 2.49569632558692, 47.200334142828602 ], [ 2.49569897435703, 47.200430674870397 ], [ 2.49571016611094, 47.200616400195401 ], [ 2.49572944459611, 47.200852622169897 ], [ 2.49573440542007, 47.200899783143001 ], [ 2.49586615123593, 47.201247419703698 ], [ 2.49590028089687, 47.201336715280199 ], [ 2.49618325641454, 47.201311684605102 ], [ 2.49618259861639, 47.201633104536 ], [ 2.4961812555665, 47.2016636816644 ], [ 2.49618148581217, 47.201722336783298 ], [ 2.49622054092528, 47.202175954975097 ], [ 2.49613803879482, 47.202186501148802 ], [ 2.49512775653681, 47.202311700347899 ], [ 2.49513996271547, 47.202429962045002 ], [ 2.49514697835417, 47.202707237910502 ], [ 2.4954423703332, 47.202639445185497 ], [ 2.49567940236322, 47.203648283149398 ], [ 2.49575315627486, 47.203959763335099 ], [ 2.49699491017992, 47.204080803473197 ], [ 2.49809156973181, 47.204178793554597 ], [ 2.4981561267361, 47.204149300518701 ], [ 2.49816629180518, 47.203924811600501 ], [ 2.49817979775138, 47.203792536095897 ], [ 2.49819771649263, 47.203586527723303 ], [ 2.49823237962641, 47.203338665217103 ], [ 2.49824556150501, 47.203088098803498 ] ], [ [ 2.49622054092528, 47.202175954975097 ], [ 2.49740696857842, 47.202024288028099 ], [ 2.49622054113085, 47.202175957362698 ], [ 2.49622054092528, 47.202175954975097 ] ] ], [ [ [ 2.50229573762339, 47.202620301146098 ], [ 2.5006778598412, 47.200519348042903 ], [ 2.50057462613169, 47.200435499880797 ], [ 2.50052591888785, 47.200394632648099 ], [ 2.50037767981299, 47.200268222451498 ], [ 2.50020360582532, 47.200124523004099 ], [ 2.49968916613251, 47.1994693104525 ], [ 2.49892058739636, 47.198836260086999 ], [ 2.49886161204714, 47.198787668196303 ], [ 2.49868802881969, 47.198644697713299 ], [ 2.49845125002362, 47.198546143999401 ], [ 2.49815006017772, 47.198418348321702 ], [ 2.49798187309578, 47.198352852456097 ], [ 2.49770398943056, 47.1982614924773 ], [ 2.49763376018174, 47.198234296164898 ], [ 2.49757798290619, 47.198201301568197 ], [ 2.49739133896397, 47.198076971563502 ], [ 2.49713800244981, 47.198181836879897 ], [ 2.49674721468646, 47.198333055001903 ], [ 2.49682168376598, 47.198497286090202 ], [ 2.49684618156244, 47.198544441879001 ], [ 2.49697778266163, 47.198726818818699 ], [ 2.49704428586942, 47.198826247970203 ], [ 2.49721108397081, 47.199081458173403 ], [ 2.49731512783201, 47.199231880679903 ], [ 2.49737596262716, 47.199386779153102 ], [ 2.4974029025396, 47.199428543634397 ], [ 2.49743971348394, 47.199485475869601 ], [ 2.49748567017295, 47.199551792813999 ], [ 2.49759954331356, 47.199753169291199 ], [ 2.49768100249809, 47.199945942339298 ], [ 2.49773663150171, 47.200122407048603 ], [ 2.49774857095146, 47.200157993407601 ], [ 2.497784761092, 47.200295697183797 ], [ 2.49783686190802, 47.2004964364492 ], [ 2.49787242549961, 47.200614979212801 ], [ 2.4979414688274, 47.200894243416698 ], [ 2.49794942187597, 47.200919639150797 ], [ 2.49798004453771, 47.201073695034601 ], [ 2.49800725146465, 47.2012257554549 ], [ 2.49802170992655, 47.201318467299501 ], [ 2.49805428126145, 47.201418018816398 ], [ 2.49808291723471, 47.201545786471002 ], [ 2.49811562893335, 47.201702552208602 ], [ 2.49821092484411, 47.202012782890698 ], [ 2.4982682750211, 47.2023989419041 ], [ 2.49832329303338, 47.202611667301397 ], [ 2.49834314999292, 47.202704951606599 ], [ 2.49835382851636, 47.202761122103198 ], [ 2.49835373830509, 47.202784970471797 ], [ 2.49836417008274, 47.202869030970596 ], [ 2.49837501311201, 47.202992589093 ], [ 2.49836829919518, 47.203062368730002 ], [ 2.49833932510336, 47.203391579372997 ], [ 2.49833342613086, 47.203471706888998 ], [ 2.49833861431201, 47.203551432261698 ], [ 2.49833050380767, 47.203698739034202 ], [ 2.49831590636317, 47.203931131365401 ], [ 2.49828863303828, 47.204249284659603 ], [ 2.49837461549357, 47.204313523688398 ], [ 2.4987969489707, 47.204292790053202 ], [ 2.49929598917127, 47.204269865572797 ], [ 2.49939041855125, 47.204264070594498 ], [ 2.49999982459338, 47.204197811662901 ], [ 2.5002802383257, 47.204178341709103 ], [ 2.50059444610876, 47.2041586566272 ], [ 2.50098673964843, 47.204131933633803 ], [ 2.50152003155019, 47.2040306146055 ], [ 2.50213272229697, 47.203908594503098 ], [ 2.50220805620909, 47.203899114007498 ], [ 2.50222772336212, 47.203828039403597 ], [ 2.50220746690009, 47.203691486070497 ], [ 2.50220459326905, 47.203617982861601 ], [ 2.50217464491107, 47.203518092790603 ], [ 2.50216733131457, 47.203410467421897 ], [ 2.50212601674288, 47.203225513873399 ], [ 2.50211886492722, 47.203186086341603 ], [ 2.50211728378023, 47.2031428114894 ], [ 2.50212836773215, 47.203072780349203 ], [ 2.50216840875303, 47.202912736339897 ], [ 2.5022721238309, 47.202703944929198 ], [ 2.50229573762339, 47.202620301146098 ] ] ], [ [ [ 2.51314515485245, 47.223265409822098 ], [ 2.51318706864596, 47.2232308618891 ], [ 2.51331012580127, 47.223130276697702 ], [ 2.51356439263051, 47.222932003037698 ], [ 2.51376152777427, 47.222760209604601 ], [ 2.51394210998245, 47.222606694220602 ], [ 2.51397328652684, 47.222575702109999 ], [ 2.51403115866793, 47.222528454744797 ], [ 2.51410313422285, 47.2224837782707 ], [ 2.51434010928457, 47.222357309142303 ], [ 2.5144572682678, 47.222296274528503 ], [ 2.51449907492042, 47.2222734203675 ], [ 2.51464798232523, 47.222189669312201 ], [ 2.51466709514116, 47.222178954929497 ], [ 2.5150419486227, 47.221917865829496 ], [ 2.51528432885898, 47.221749770190499 ], [ 2.51536637970297, 47.221613287974897 ], [ 2.51553603719143, 47.221367436157998 ], [ 2.51552607981983, 47.2213593819979 ], [ 2.51571591977949, 47.221217156070303 ], [ 2.51445801551524, 47.220195966013399 ], [ 2.51433898070112, 47.220305743267502 ], [ 2.51427073984507, 47.220346924450901 ], [ 2.51414287970201, 47.220422759756602 ], [ 2.51398836529315, 47.220500103666403 ], [ 2.51377852355425, 47.2206050070915 ], [ 2.51339958320269, 47.220834682111303 ], [ 2.51313658904503, 47.220990812519702 ], [ 2.51304935422897, 47.221042527557401 ], [ 2.51256277547051, 47.221333363079999 ], [ 2.51094068547248, 47.2223095244427 ], [ 2.5108875789646, 47.222341053405202 ], [ 2.51106119716505, 47.222412143460097 ], [ 2.51071959868404, 47.222733994084898 ], [ 2.51048926919279, 47.222968428075802 ], [ 2.51044807063149, 47.223011341711697 ], [ 2.50837680371574, 47.222143072389002 ], [ 2.5082506116768, 47.222276463516302 ], [ 2.50757635208829, 47.222996565973801 ], [ 2.50738279314269, 47.222922775360097 ], [ 2.50706791818942, 47.2228031391735 ], [ 2.50628131517081, 47.222603745013402 ], [ 2.50478310853001, 47.222351269354597 ], [ 2.50475663713593, 47.2223730151834 ], [ 2.50368995271438, 47.221595773147698 ], [ 2.50496089818665, 47.221164065703697 ], [ 2.50555761804337, 47.220961167615201 ], [ 2.50601869514616, 47.2208048273909 ], [ 2.50624212933777, 47.220731037727802 ], [ 2.50618661492269, 47.220666295713201 ], [ 2.5060986224181, 47.220558057489903 ], [ 2.50605588282123, 47.220523961569803 ], [ 2.50598373992691, 47.220472733900898 ], [ 2.5057382935633, 47.2203147045281 ], [ 2.50567693451953, 47.220267753995103 ], [ 2.50564889904877, 47.220244154950898 ], [ 2.50553126472556, 47.220142082836297 ], [ 2.50526808119127, 47.219904283405299 ], [ 2.50504620006092, 47.219596932544199 ], [ 2.50493187093516, 47.219453316669302 ], [ 2.50484444324051, 47.2193976205658 ], [ 2.50473946231077, 47.219342470583797 ], [ 2.50443561629974, 47.219487342314203 ], [ 2.50384100518102, 47.2197351320089 ], [ 2.50358465450826, 47.219813277518099 ], [ 2.50330486236629, 47.2198984252638 ], [ 2.50326741662154, 47.219906628442601 ], [ 2.50315094388226, 47.219936891983302 ], [ 2.50250017352419, 47.220116147303699 ], [ 2.50192935486883, 47.220244471272103 ], [ 2.5016977893013, 47.220298348367301 ], [ 2.50154482478541, 47.2203477015237 ], [ 2.50115101425934, 47.220482544632603 ], [ 2.50095999539487, 47.220562775100298 ], [ 2.50091268610365, 47.220581459398403 ], [ 2.50062111744222, 47.220711528276503 ], [ 2.50043340152245, 47.220805888599301 ], [ 2.50028688294017, 47.220885130382598 ], [ 2.50008178258329, 47.220988679126897 ], [ 2.49979381775502, 47.221155646199797 ], [ 2.49965939060248, 47.221241781547299 ], [ 2.49949552465218, 47.221340285589001 ], [ 2.49934786566992, 47.221428164005303 ], [ 2.49920569264763, 47.221508692591698 ], [ 2.49908728152267, 47.221590395041602 ], [ 2.49899565357789, 47.221659618141601 ], [ 2.49877370115608, 47.221855118976698 ], [ 2.4986076957589, 47.221984294256302 ], [ 2.49846344564222, 47.222076138540501 ], [ 2.49841823566676, 47.222108956393001 ], [ 2.49829243208041, 47.222189545687598 ], [ 2.49932905792621, 47.222785894256901 ], [ 2.4992745448469, 47.222825775503303 ], [ 2.49978854537206, 47.223126763749903 ], [ 2.50012569317712, 47.223321095479001 ], [ 2.50031270776142, 47.223429855120401 ], [ 2.5004604840992, 47.223244376070497 ], [ 2.50051762161616, 47.2231637496538 ], [ 2.50058780349017, 47.223073024191002 ], [ 2.50067352803697, 47.2229564554207 ], [ 2.50076770956471, 47.222839914007203 ], [ 2.50094898373093, 47.222603037222797 ], [ 2.50100023754814, 47.2225852701851 ], [ 2.50197270025489, 47.222195469743802 ], [ 2.50199907436902, 47.2221415209005 ], [ 2.50203057654331, 47.222217397302302 ], [ 2.50126470555129, 47.2225171495026 ], [ 2.50097866450773, 47.222634377924599 ], [ 2.50076127012864, 47.222921479165997 ], [ 2.5004281111089, 47.2233592030137 ], [ 2.50040017561447, 47.223396057332899 ], [ 2.50042295070798, 47.223431050568401 ], [ 2.50044321801261, 47.2234529068269 ], [ 2.50067050495011, 47.223687879413099 ], [ 2.50078824133159, 47.2238215207717 ], [ 2.50084762153624, 47.2238823206985 ], [ 2.50109496766237, 47.224147781413102 ], [ 2.50148400444484, 47.2244995852041 ], [ 2.50177840050651, 47.2247611054079 ], [ 2.50183992838236, 47.2247629003461 ], [ 2.50222394336409, 47.224477332221802 ], [ 2.50235095509692, 47.224380367735897 ], [ 2.50267842476038, 47.224126758495899 ], [ 2.5028387330777, 47.223998804467797 ], [ 2.50295680720412, 47.2238963182362 ], [ 2.50313064108578, 47.223691699489997 ], [ 2.50359024458752, 47.223271606050297 ], [ 2.50400216877143, 47.222895114615604 ], [ 2.50400208278083, 47.222875776115302 ], [ 2.50398651402777, 47.2228458380173 ], [ 2.50302970077404, 47.222039827906201 ], [ 2.50300237954094, 47.222037640097398 ], [ 2.5029643596336, 47.2220363066887 ], [ 2.50307405672603, 47.221956093438699 ], [ 2.50307367793537, 47.222009973924202 ], [ 2.5041252338116, 47.222894380788198 ], [ 2.50408999875055, 47.2229220308528 ], [ 2.50366673625221, 47.223311429147898 ], [ 2.50319835651154, 47.223737418146598 ], [ 2.50308996746933, 47.223863065473203 ], [ 2.50296061198356, 47.223999426209303 ], [ 2.50290551603679, 47.224045338549303 ], [ 2.50276794913159, 47.224156374838699 ], [ 2.50241109994185, 47.224430195646299 ], [ 2.50185393803788, 47.224845534693998 ], [ 2.50214100437137, 47.225059802484097 ], [ 2.5022626114093, 47.225131483263397 ], [ 2.50249956409608, 47.225324657318403 ], [ 2.50272296441717, 47.225482958718104 ], [ 2.50284385426927, 47.2255609287811 ], [ 2.50291868978657, 47.225607218268102 ], [ 2.50304982393376, 47.225663562192203 ], [ 2.50317723146656, 47.225708465381402 ], [ 2.50338144329947, 47.225774025944297 ], [ 2.50367333800118, 47.225908779374002 ], [ 2.50382299772088, 47.225975636030299 ], [ 2.50383723768051, 47.225963462120298 ], [ 2.50392478948098, 47.226005312956801 ], [ 2.50401506856253, 47.226052388042397 ], [ 2.50412463050227, 47.226100805948398 ], [ 2.50425168364779, 47.226155690577698 ], [ 2.50439296742855, 47.226213777904498 ], [ 2.50445858629806, 47.226243659799898 ], [ 2.50463445626497, 47.226317550626597 ], [ 2.50465140807766, 47.226353877516701 ], [ 2.5047114991452, 47.226382745330199 ], [ 2.50480996155744, 47.226431106145697 ], [ 2.5049897210567, 47.226511855199099 ], [ 2.50515716529396, 47.226583827641797 ], [ 2.5052527774724, 47.2266116764375 ], [ 2.50537495860062, 47.226636127423703 ], [ 2.5053729382418, 47.226213408387302 ], [ 2.50536411333145, 47.225754594851303 ], [ 2.5053558336454, 47.2254233358696 ], [ 2.5053975149608, 47.225171902211798 ], [ 2.50547162979135, 47.224754828473699 ], [ 2.50550822999812, 47.224552852688902 ], [ 2.50552803363994, 47.2242976343991 ], [ 2.50556707160813, 47.2238318224369 ], [ 2.50564573215802, 47.223835768100699 ], [ 2.50556644799364, 47.224584043832898 ], [ 2.50556062939628, 47.224654907435003 ], [ 2.50554894387319, 47.224761631356799 ], [ 2.50544129056252, 47.225448710425098 ], [ 2.50546932815183, 47.226642471953497 ], [ 2.50546072333962, 47.226672792820203 ], [ 2.5064935170869, 47.2271142374045 ], [ 2.50660023979601, 47.227056272310698 ], [ 2.50691455270334, 47.226939951691897 ], [ 2.50723409572512, 47.226857034981101 ], [ 2.50748571102531, 47.226736223930097 ], [ 2.50782413373419, 47.226582947600399 ], [ 2.5082781851952, 47.226377089117001 ], [ 2.50875379960173, 47.226252462835902 ], [ 2.50923774483516, 47.226127059623302 ], [ 2.50940168577596, 47.2261054535849 ], [ 2.50962434368895, 47.226031735220801 ], [ 2.51010602488074, 47.225836690846101 ], [ 2.5101101239644, 47.225834997630898 ], [ 2.51050386579981, 47.225594781765203 ], [ 2.51098905156639, 47.225288203314101 ], [ 2.51120770582275, 47.225104720376201 ], [ 2.51139897033912, 47.224953873905299 ], [ 2.51162318814996, 47.224708969220401 ], [ 2.5116927968682, 47.224619846253503 ], [ 2.51188173111728, 47.224348261015997 ], [ 2.51195132701425, 47.2242327775025 ], [ 2.51201853780624, 47.224189342671103 ], [ 2.51212981708826, 47.224092490360498 ], [ 2.51246069675636, 47.223836437243101 ], [ 2.51247600524414, 47.223822736283097 ], [ 2.51250381365292, 47.223799013711101 ], [ 2.51255708462147, 47.223750847456699 ], [ 2.51276876325396, 47.223574615479201 ], [ 2.51314515485245, 47.223265409822098 ] ] ], [ [ [ 2.5174873441191, 47.222025122689701 ], [ 2.51597866672955, 47.221161220567403 ], [ 2.51590906979876, 47.221206268264297 ], [ 2.51586653330285, 47.221222277720997 ], [ 2.5157961311978, 47.221268672414297 ], [ 2.51575242854674, 47.221312927907199 ], [ 2.51564672993922, 47.221393079772398 ], [ 2.51560493979542, 47.221442114712197 ], [ 2.5155320641401, 47.221543011171597 ], [ 2.51537878327987, 47.221773734632499 ], [ 2.51529449007355, 47.2218672008553 ], [ 2.51522357185204, 47.221912062551802 ], [ 2.51510585786733, 47.221992343714 ], [ 2.51504991963767, 47.2220289943537 ], [ 2.51495478029661, 47.222095613458499 ], [ 2.51467631776416, 47.222281635036502 ], [ 2.51449688967566, 47.222395480848903 ], [ 2.51432732112884, 47.222471051571198 ], [ 2.51419763893026, 47.222546159032397 ], [ 2.51403348464595, 47.222664479537002 ], [ 2.51382737928778, 47.222821480139899 ], [ 2.51359407058624, 47.223037559937502 ], [ 2.51349329791503, 47.223112958975399 ], [ 2.51324497602049, 47.223295250374598 ], [ 2.51306528078242, 47.223423299322697 ], [ 2.51285518686241, 47.223598368136003 ], [ 2.51268913326695, 47.223749151995797 ], [ 2.51252717629221, 47.223901303268903 ], [ 2.51233780122042, 47.224034000845897 ], [ 2.51223290613737, 47.224110371742398 ], [ 2.51203732429455, 47.224271554712203 ], [ 2.51185955946663, 47.224521148285703 ], [ 2.51175288914401, 47.224705563387701 ], [ 2.51160157034447, 47.224848404191299 ], [ 2.51139093247085, 47.225080762091103 ], [ 2.51131920850647, 47.2251553003466 ], [ 2.51121908117125, 47.225231609382703 ], [ 2.51105676577917, 47.225335006652998 ], [ 2.51080876465761, 47.225494516918403 ], [ 2.51052170336414, 47.225679411771203 ], [ 2.51017376775941, 47.225891948478903 ], [ 2.51009121245291, 47.2259394496769 ], [ 2.50986658844983, 47.226040502246498 ], [ 2.50977994119251, 47.226056953131298 ], [ 2.50965804474439, 47.226101235667898 ], [ 2.50949658860805, 47.226153264175402 ], [ 2.50900680771115, 47.226280975482098 ], [ 2.50833660207411, 47.226457759280798 ], [ 2.50818182314507, 47.226530862919603 ], [ 2.50809527851619, 47.226564850513398 ], [ 2.50801132078587, 47.226604979955901 ], [ 2.50789365071332, 47.226676710227501 ], [ 2.50783439734478, 47.226716395247003 ], [ 2.50777467776408, 47.226747804647601 ], [ 2.50776883989888, 47.226750300651901 ], [ 2.50767020270052, 47.226792879300802 ], [ 2.50754037367532, 47.226838557370598 ], [ 2.50752373196502, 47.226866287432202 ], [ 2.50750569885163, 47.226874214337897 ], [ 2.50743742598421, 47.226904416853898 ], [ 2.50726758985636, 47.226948844265301 ], [ 2.50721812387623, 47.226970312817201 ], [ 2.5068954218266, 47.227066171128698 ], [ 2.50672783047372, 47.227110706331104 ], [ 2.50661861872519, 47.227167715648697 ], [ 2.50648837342766, 47.227244162468999 ], [ 2.50644716667663, 47.227272859122898 ], [ 2.50632942125216, 47.227353851401901 ], [ 2.50726597185492, 47.227825191519401 ], [ 2.5074245688265, 47.227767221104401 ], [ 2.50759167783553, 47.227704794217097 ], [ 2.50794605239739, 47.227926337336903 ], [ 2.50826965656543, 47.227710472159799 ], [ 2.50787618186762, 47.227483902483897 ], [ 2.50875760984193, 47.227991430889197 ], [ 2.50878138258701, 47.227975875705901 ], [ 2.50892289445794, 47.227853694658599 ], [ 2.50901075578192, 47.227805937698697 ], [ 2.50908726343794, 47.227842255069497 ], [ 2.50922609103315, 47.227738941225098 ], [ 2.50920482608869, 47.227724464661001 ], [ 2.5092532009644, 47.227690755796999 ], [ 2.5092602496292, 47.227685924107902 ], [ 2.50949631481889, 47.227519524568898 ], [ 2.50970143684494, 47.2274288245438 ], [ 2.50980481697545, 47.227358823595502 ], [ 2.50994431475787, 47.227239684732197 ], [ 2.5098763443154, 47.227177331803901 ], [ 2.50985202147965, 47.227122797811901 ], [ 2.50993836729206, 47.227025022981302 ], [ 2.51002728548287, 47.2270046293322 ], [ 2.51006668927008, 47.226983567198999 ], [ 2.51011857777722, 47.226942670551203 ], [ 2.51026195417671, 47.226802318996903 ], [ 2.51032557432541, 47.226761840937101 ], [ 2.51040078432938, 47.2267112475934 ], [ 2.51052415350606, 47.226577824408999 ], [ 2.51059193352297, 47.226517305445803 ], [ 2.51070024207735, 47.226471803210202 ], [ 2.5108097724378, 47.226335530416698 ], [ 2.51110801739956, 47.226125852229799 ], [ 2.51127339858455, 47.226048918176602 ], [ 2.51143117671351, 47.226008746442098 ], [ 2.5116026697341, 47.225970342821498 ], [ 2.51180336163592, 47.225784262324702 ], [ 2.51193962016153, 47.225729882808601 ], [ 2.51205667835582, 47.225651933899698 ], [ 2.51214960215369, 47.225612118356203 ], [ 2.51222351570508, 47.2255860781111 ], [ 2.51221254973004, 47.225514333348301 ], [ 2.51236682908737, 47.225422514330397 ], [ 2.51235857055372, 47.225416546715103 ], [ 2.51241182126782, 47.225356226631099 ], [ 2.51253073028206, 47.225276583487201 ], [ 2.51267685380507, 47.225224216211799 ], [ 2.51281865841198, 47.225154022980902 ], [ 2.51298735729435, 47.225060364139303 ], [ 2.51307655284134, 47.224995702350299 ], [ 2.51336499297864, 47.224874673118897 ], [ 2.51342165047759, 47.224916747178902 ], [ 2.51366241350062, 47.224798028846799 ], [ 2.51377218531855, 47.224734713252097 ], [ 2.51391948526343, 47.224641071316498 ], [ 2.51398942735283, 47.224587752684698 ], [ 2.51427761526672, 47.224334657429601 ], [ 2.51469580818996, 47.223972190132301 ], [ 2.51507303370593, 47.2236413839656 ], [ 2.51525950574478, 47.223508768823898 ], [ 2.51543414293963, 47.223384197459801 ], [ 2.51592586559739, 47.223081577858501 ], [ 2.51632449683967, 47.222762740717599 ], [ 2.51641890133673, 47.2228204377503 ], [ 2.51651351284757, 47.222799252628903 ], [ 2.51660444983852, 47.222731084255599 ], [ 2.51679541848734, 47.222581118886701 ], [ 2.51693570326207, 47.222472769198497 ], [ 2.51717946709715, 47.222266449322298 ], [ 2.5174873441191, 47.222025122689701 ] ] ], [ [ [ 2.48782475811415, 47.233506825147202 ], [ 2.48755663502513, 47.233534899456103 ], [ 2.48746845666071, 47.233626797645996 ], [ 2.48748777369621, 47.233678874383799 ], [ 2.48749876787903, 47.233702762478401 ], [ 2.48750957414027, 47.233732501579503 ], [ 2.48744167321695, 47.233761793685503 ], [ 2.48744965991822, 47.233768392058899 ], [ 2.48747629095487, 47.233772831155903 ], [ 2.48749778809702, 47.233762581943203 ], [ 2.48751587107577, 47.233749976898203 ], [ 2.48753107827709, 47.233735387518401 ], [ 2.48757176873313, 47.233693101042597 ], [ 2.4876172361405, 47.233646082171802 ], [ 2.48766294030267, 47.2336047271084 ], [ 2.48769847043524, 47.2335782537574 ], [ 2.48773818119114, 47.233554148606999 ], [ 2.48778091856719, 47.233532838690103 ], [ 2.48782109073669, 47.233517180203798 ], [ 2.48782475811415, 47.233506825147202 ] ] ], [ [ [ 2.490017937736, 47.233077254947403 ], [ 2.48997468720801, 47.2330566372544 ], [ 2.48979942811259, 47.233029595809199 ], [ 2.48966208429928, 47.233014325663198 ], [ 2.48953160879962, 47.232998176312002 ], [ 2.48946415831907, 47.232995547551397 ], [ 2.48939327120836, 47.232991535184503 ], [ 2.48932528189228, 47.232989975306403 ], [ 2.48923932349485, 47.233111575956897 ], [ 2.48909030280196, 47.233322314730799 ], [ 2.48870844568286, 47.233341850876002 ], [ 2.48869276460305, 47.2333646218921 ], [ 2.48865321782254, 47.233411856359602 ], [ 2.48857326649539, 47.233471408498502 ], [ 2.48829556108552, 47.233509219312801 ], [ 2.48801255522819, 47.233547006054202 ], [ 2.48795569837218, 47.233554758452101 ], [ 2.48790845971042, 47.233564344872001 ], [ 2.48786739233712, 47.233576848443597 ], [ 2.48780927802825, 47.2336042123789 ], [ 2.48776863092256, 47.233629483783602 ], [ 2.48774027612224, 47.233653378041403 ], [ 2.48767734335991, 47.233728660681102 ], [ 2.48758901718778, 47.233822187814901 ], [ 2.48756900591466, 47.233842958915503 ], [ 2.48756267743734, 47.233869021138098 ], [ 2.48810663651756, 47.234341560924904 ], [ 2.48816335862916, 47.234403606765902 ], [ 2.48817332496458, 47.2344119333669 ], [ 2.48905784662763, 47.234284438875598 ], [ 2.48973247681195, 47.234367490357698 ], [ 2.48981675216219, 47.233952443892797 ], [ 2.490017937736, 47.233077254947403 ] ] ], [ [ [ 2.5048929259663, 47.219167894470601 ], [ 2.50398762764996, 47.218164659982598 ], [ 2.50374163178105, 47.217897509004203 ], [ 2.50344326888432, 47.217341545971998 ], [ 2.50313968680642, 47.216763340548901 ], [ 2.50320708327838, 47.216742490721998 ], [ 2.50439350098537, 47.216387869532099 ], [ 2.5039609866922, 47.215846080435 ], [ 2.50369396572881, 47.215513082031499 ], [ 2.50357959082249, 47.215374325902097 ], [ 2.50353145680034, 47.215312585008903 ], [ 2.50323128656244, 47.214936976829698 ], [ 2.5031456140217, 47.214935439175697 ], [ 2.5030696582425, 47.214939065765201 ], [ 2.50303004610978, 47.214940426390399 ], [ 2.50287742304572, 47.214954608536402 ], [ 2.50273294433818, 47.214973948069698 ], [ 2.50265347581771, 47.2149859319955 ], [ 2.50260877137576, 47.2149950040994 ], [ 2.50248521157572, 47.2150211852693 ], [ 2.50238379725889, 47.215051602727797 ], [ 2.5023147497054, 47.215079728324 ], [ 2.50226990529296, 47.215103915537597 ], [ 2.5022087303072, 47.215136576323999 ], [ 2.50214057561343, 47.215182423325899 ], [ 2.50210410557783, 47.215214028815502 ], [ 2.50207722422189, 47.215251779447101 ], [ 2.50203401614423, 47.215310427632403 ], [ 2.50191754484004, 47.215441441213997 ], [ 2.50189673817283, 47.215463831983797 ], [ 2.50183311212554, 47.215519970555199 ], [ 2.50180181138721, 47.215549788588902 ], [ 2.50177222387679, 47.215592929242099 ], [ 2.50173369677258, 47.215661122483603 ], [ 2.50167322638028, 47.215760263291997 ], [ 2.50166646499152, 47.215776970574403 ], [ 2.50164749839814, 47.215843186233599 ], [ 2.50164302569117, 47.215855311886699 ], [ 2.5016299264035, 47.215871532764702 ], [ 2.50157293768164, 47.215924278635597 ], [ 2.50152399176711, 47.215963194635997 ], [ 2.50148996012217, 47.215988229308898 ], [ 2.50144228496707, 47.216016905462297 ], [ 2.50138298571511, 47.216048034384698 ], [ 2.50135330634975, 47.216058250995403 ], [ 2.50132578836594, 47.216064794720701 ], [ 2.5012643265825, 47.216072623824601 ], [ 2.50119823862385, 47.216080613042102 ], [ 2.50110535601588, 47.216086956387301 ], [ 2.50103264657403, 47.216096537524102 ], [ 2.50100750525426, 47.216103262461502 ], [ 2.50096591488543, 47.216116938810401 ], [ 2.50090853350932, 47.216139270931698 ], [ 2.50085913476524, 47.216157135965801 ], [ 2.5004667507512, 47.216959735555697 ], [ 2.50046130832845, 47.216962412960399 ], [ 2.50041250512397, 47.2169857721249 ], [ 2.50041011590809, 47.216986932199603 ], [ 2.50028612407557, 47.217046212749402 ], [ 2.50028081552171, 47.2170487016623 ], [ 2.50025892859299, 47.217059221678603 ], [ 2.50024885472058, 47.217064039792497 ], [ 2.50010626736042, 47.217132242838403 ], [ 2.50009406941305, 47.217138123119298 ], [ 2.4997931518121, 47.217282095146999 ], [ 2.49961755335831, 47.217366162222497 ], [ 2.49920892352832, 47.217561749265599 ], [ 2.49850314144301, 47.217893217234298 ], [ 2.49847270081828, 47.217914053206698 ], [ 2.49917321181801, 47.2187790717255 ], [ 2.49961308937613, 47.219322170371498 ], [ 2.49906540454452, 47.219601522268 ], [ 2.49836911591237, 47.219117406230502 ], [ 2.49781597154355, 47.218728355358998 ], [ 2.49739302832851, 47.2189563473124 ], [ 2.49734737649158, 47.218981510419901 ], [ 2.49726170105463, 47.219050307882597 ], [ 2.497104005982, 47.2190967627674 ], [ 2.49695238565205, 47.219157720425301 ], [ 2.49670047349674, 47.219281838690698 ], [ 2.49644060316263, 47.219410414264097 ], [ 2.49615414301778, 47.2195575006048 ], [ 2.49595599178068, 47.219652438569597 ], [ 2.49595518968064, 47.219653425397098 ], [ 2.49583638384861, 47.219803940823503 ], [ 2.49599519464016, 47.219919418159101 ], [ 2.49588506597306, 47.220198703399603 ], [ 2.49594966469302, 47.2202797671128 ], [ 2.49592224019407, 47.220345134714101 ], [ 2.49583468503336, 47.220570365785399 ], [ 2.49580536572744, 47.2206700890601 ], [ 2.4957840401551, 47.220760042976899 ], [ 2.49577300581388, 47.220823510207403 ], [ 2.49573764179713, 47.221115535415301 ], [ 2.49573193362197, 47.221328347351999 ], [ 2.49573935057745, 47.2217029618539 ], [ 2.495726792179, 47.222067136099596 ], [ 2.49571765154917, 47.222210493939997 ], [ 2.49685741066645, 47.222830342718098 ], [ 2.49693402263261, 47.222800182577203 ], [ 2.49704391349773, 47.222755501141101 ], [ 2.49730534160798, 47.222645639019397 ], [ 2.49742575466595, 47.222590658570198 ], [ 2.49754073527699, 47.222537184931902 ], [ 2.49776227885727, 47.2223989969212 ], [ 2.49822447990623, 47.222099024845903 ], [ 2.49848594896245, 47.221928886072803 ], [ 2.4987262262316, 47.2217367961034 ], [ 2.49888589551394, 47.2215925764758 ], [ 2.49917903468877, 47.221394142007 ], [ 2.49939882376941, 47.221260345664199 ], [ 2.49967890103853, 47.221090563638001 ], [ 2.49982647343845, 47.221010417881701 ], [ 2.5000800022737, 47.220883058843597 ], [ 2.50020968678932, 47.2208094075311 ], [ 2.50026405755462, 47.2207845509934 ], [ 2.50065584855095, 47.220598691959502 ], [ 2.50082915375214, 47.220519204962699 ], [ 2.50099693252858, 47.2204399639987 ], [ 2.50100049875671, 47.220438718951797 ], [ 2.50139330891636, 47.220299181554999 ], [ 2.50139462117696, 47.220298746059903 ], [ 2.50144060194037, 47.2202822075349 ], [ 2.5014439170011, 47.2202809703968 ], [ 2.50154527296376, 47.2202437113489 ], [ 2.50155149848565, 47.220242117607299 ], [ 2.50188342777374, 47.2201581884907 ], [ 2.50189084585419, 47.220156239741698 ], [ 2.50217980479658, 47.220079048296498 ], [ 2.50218430832053, 47.220077897267799 ], [ 2.50244461803887, 47.220013537228503 ], [ 2.5024492545222, 47.220012296731703 ], [ 2.50262757033296, 47.219963501322503 ], [ 2.50263141231645, 47.219962437466201 ], [ 2.5026624997908, 47.219954486297297 ], [ 2.50267071147373, 47.219952450875297 ], [ 2.50281694897231, 47.219915833441398 ], [ 2.50282092217111, 47.219914869173202 ], [ 2.50287134586091, 47.219902220373001 ], [ 2.50325278034685, 47.219804464207499 ], [ 2.5036878351281, 47.219678244285298 ], [ 2.50377044988832, 47.219653957193202 ], [ 2.5048929259663, 47.219167894470601 ] ] ], [ [ [ 2.48081099471391, 47.209749931878903 ], [ 2.48053414717959, 47.209589186413901 ], [ 2.47990551608457, 47.209221658304898 ], [ 2.47984799980419, 47.209189457771998 ], [ 2.47976634938667, 47.209141861900001 ], [ 2.47939950260379, 47.208924576343101 ], [ 2.47931993373319, 47.208880401607402 ], [ 2.47923442929199, 47.208848894260299 ], [ 2.47905044676548, 47.208777709414498 ], [ 2.47875905376317, 47.208660252285298 ], [ 2.47864384004673, 47.208617546257102 ], [ 2.47829988582028, 47.208515858653001 ], [ 2.47776801851558, 47.208314192053003 ], [ 2.47762350348193, 47.208256498107701 ], [ 2.47669228197562, 47.207842059873897 ], [ 2.47662682257001, 47.207813242948703 ], [ 2.4764859740552, 47.207745588878701 ], [ 2.47627431882267, 47.207642071055901 ], [ 2.47595321467471, 47.207486417086997 ], [ 2.47524761381911, 47.207140995340502 ], [ 2.47473622528658, 47.2068578137713 ], [ 2.47409332814046, 47.206498732532502 ], [ 2.47345565588462, 47.206146603642402 ], [ 2.47335322268443, 47.206093506941301 ], [ 2.4732799897523, 47.206062951200501 ], [ 2.47325494395123, 47.206073532831297 ], [ 2.47315894000198, 47.2061437153817 ], [ 2.47285256442679, 47.206343366480603 ], [ 2.4726306679049, 47.206490779139003 ], [ 2.47227878624017, 47.206793134132703 ], [ 2.4721749044208, 47.206872895114401 ], [ 2.47186268039397, 47.207102289635799 ], [ 2.47138810110151, 47.207437897589102 ], [ 2.47118772165612, 47.207557973685397 ], [ 2.47104839665757, 47.207647889247802 ], [ 2.47163084967475, 47.208099351803 ], [ 2.47177579910882, 47.208211694019802 ], [ 2.47320854544804, 47.209517527943099 ], [ 2.47324353746678, 47.209489795958198 ], [ 2.47365739282152, 47.209838568204198 ], [ 2.47374068327599, 47.209893648261797 ], [ 2.474226194645, 47.210204427366499 ], [ 2.47464285958633, 47.210470985024003 ], [ 2.47482049219403, 47.210583615489902 ], [ 2.47503516567704, 47.2105818063282 ], [ 2.47520769836097, 47.2105834881215 ], [ 2.47548763314261, 47.210590436405099 ], [ 2.47590905695089, 47.210572833856702 ], [ 2.47609548691929, 47.210570624900697 ], [ 2.4767392226755, 47.210567258523596 ], [ 2.47687928592753, 47.210568350060797 ], [ 2.4772294326449, 47.210564096348797 ], [ 2.47762965748468, 47.2105675307577 ], [ 2.47781121234144, 47.210565297064903 ], [ 2.47788242401607, 47.210558604676898 ], [ 2.47799830400656, 47.210547981134901 ], [ 2.47826970896528, 47.2105094465497 ], [ 2.4782793487397, 47.210508598662798 ], [ 2.47837872418774, 47.2104996019821 ], [ 2.47859017755229, 47.210475552542199 ], [ 2.47883288531516, 47.210442469317698 ], [ 2.47904886461022, 47.210387586401701 ], [ 2.47921991654391, 47.210337443779899 ], [ 2.47926627176892, 47.210321635912599 ], [ 2.47934590307536, 47.210292671234697 ], [ 2.47941423407847, 47.210270948098199 ], [ 2.47956483825035, 47.210232578948201 ], [ 2.47962551956088, 47.2102094708926 ], [ 2.47982947179634, 47.210130242642798 ], [ 2.4800567721824, 47.210050668654802 ], [ 2.48037013049767, 47.209933154746899 ], [ 2.4805140898552, 47.2098726434021 ], [ 2.48053809769496, 47.2098614973822 ], [ 2.48069136862418, 47.2098053399572 ], [ 2.48081099471391, 47.209749931878903 ] ] ], [ [ [ 2.48835129620365, 47.203841956601401 ], [ 2.48752745614834, 47.203130594929 ], [ 2.48737501128605, 47.203004329583997 ], [ 2.48733420929578, 47.2029803182769 ], [ 2.48636253778813, 47.202408613549601 ], [ 2.48560287006711, 47.201960822099302 ], [ 2.48499527729386, 47.201607809392897 ], [ 2.48474668596404, 47.202022658050304 ], [ 2.48472535779477, 47.202057917748597 ], [ 2.48429948845317, 47.202760377012503 ], [ 2.48409624676752, 47.203098423849298 ], [ 2.48397940371614, 47.203292565045601 ], [ 2.48396941576677, 47.2033160902525 ], [ 2.48380493234633, 47.203604207796801 ], [ 2.48379981077236, 47.203601033950903 ], [ 2.48370138402301, 47.203541491108297 ], [ 2.4836532368732, 47.203512125037101 ], [ 2.48365485806693, 47.203507000587699 ], [ 2.48366207947936, 47.203485452729097 ], [ 2.48379925198378, 47.203522948988201 ], [ 2.48397501742834, 47.203227868403602 ], [ 2.48419662099079, 47.202861031111802 ], [ 2.48444353743096, 47.202441224662003 ], [ 2.48468008644135, 47.2020442209894 ], [ 2.48491476652809, 47.201633713068702 ], [ 2.48420685022479, 47.201365165852401 ], [ 2.48402258802809, 47.2016516653335 ], [ 2.48379730158741, 47.202003469129203 ], [ 2.483724737336, 47.2021372626321 ], [ 2.48357217375244, 47.202407265145503 ], [ 2.48337388045598, 47.202767552088197 ], [ 2.48322969132555, 47.203030389090898 ], [ 2.48318683642395, 47.203108910637098 ], [ 2.48278748134298, 47.203115573337698 ], [ 2.48282589809314, 47.203236375207297 ], [ 2.48283788836969, 47.2033069577503 ], [ 2.48283910079784, 47.203359495308703 ], [ 2.48283531671575, 47.203423345262799 ], [ 2.48282206466929, 47.203536281985699 ], [ 2.48279489353129, 47.203670727607403 ], [ 2.48273173779035, 47.203854591743102 ], [ 2.48264447211198, 47.204074233883397 ], [ 2.482598225445, 47.2042154364878 ], [ 2.48256675956806, 47.204301841189199 ], [ 2.4825270104805, 47.204440461920498 ], [ 2.48239225466234, 47.204710542228199 ], [ 2.48234483063646, 47.204822948060603 ], [ 2.48219662663208, 47.205160075887399 ], [ 2.48206711546247, 47.2055423467216 ], [ 2.48205800552798, 47.205584322680203 ], [ 2.48202609473193, 47.205716775199903 ], [ 2.48199692194529, 47.205839255695501 ], [ 2.48187499216348, 47.206215897279399 ], [ 2.48167985221616, 47.206872958514303 ], [ 2.48165124453884, 47.206964057199599 ], [ 2.48164201879022, 47.206989197113899 ], [ 2.48163291658133, 47.2070165973145 ], [ 2.48160994921912, 47.207098169113301 ], [ 2.4815947810264, 47.207150462271201 ], [ 2.48158300869768, 47.2073027931268 ], [ 2.48155505138584, 47.20778843886 ], [ 2.48127800933469, 47.207839181844101 ], [ 2.48112497640945, 47.208141201966498 ], [ 2.4810560823887, 47.208180560319299 ], [ 2.48091306884953, 47.208266815947901 ], [ 2.48108409385867, 47.208462432229702 ], [ 2.48133096802867, 47.208747093557903 ], [ 2.48193922823843, 47.209416777896799 ], [ 2.48211549944008, 47.209359100893899 ], [ 2.482643272932, 47.209184082992898 ], [ 2.48275872994976, 47.209134587214798 ], [ 2.48285203662546, 47.2090968583136 ], [ 2.48321729773687, 47.208826023562999 ], [ 2.48342944710423, 47.2086597493021 ], [ 2.48350453279485, 47.208580831310996 ], [ 2.48352449659224, 47.208550427406301 ], [ 2.48357043980911, 47.208454742075098 ], [ 2.4836405489647, 47.208208752616997 ], [ 2.48377923843762, 47.207749240242798 ], [ 2.48385547936202, 47.207509760018503 ], [ 2.48389842332253, 47.207383649289 ], [ 2.48391223175306, 47.207333780576903 ], [ 2.4840220843696, 47.206975431245297 ], [ 2.48404149352199, 47.2068939331661 ], [ 2.4840459792409, 47.206825674953897 ], [ 2.4840381248116, 47.2067368531252 ], [ 2.48402562374651, 47.206677963336503 ], [ 2.484002443199, 47.206618215723402 ], [ 2.48380583757394, 47.206268296534702 ], [ 2.48378565513584, 47.206185262646002 ], [ 2.48377946147604, 47.206142336099703 ], [ 2.48378391910439, 47.206090805192403 ], [ 2.48380126651963, 47.206017661660503 ], [ 2.48381100118968, 47.205953118018499 ], [ 2.48383159566053, 47.205884391376401 ], [ 2.483910759391, 47.205613971904299 ], [ 2.48393322228896, 47.205544623353397 ], [ 2.48397660843638, 47.205467274347903 ], [ 2.48402852890487, 47.205380249167199 ], [ 2.48408753962005, 47.205297747994202 ], [ 2.48415260342973, 47.205217713532903 ], [ 2.48419863727462, 47.205179692025503 ], [ 2.48433483011514, 47.205086928836003 ], [ 2.48442679363921, 47.205036867653099 ], [ 2.48453326874851, 47.204987510165701 ], [ 2.48467695787016, 47.204924372558203 ], [ 2.48511233899785, 47.204785088154999 ], [ 2.48565215453583, 47.204613261022502 ], [ 2.48638408919558, 47.204380306998601 ], [ 2.4864582094174, 47.204359946804701 ], [ 2.48706294844437, 47.204175355601301 ], [ 2.48741749376412, 47.204080683307303 ], [ 2.48791904990076, 47.203960308182801 ], [ 2.48835129620365, 47.203841956601401 ] ] ], [ [ [ 2.5042964044287, 47.203655085416301 ], [ 2.5041654912837, 47.2036807957737 ], [ 2.50412535009567, 47.203681695330502 ], [ 2.50402978506428, 47.203696213132297 ], [ 2.50302522371197, 47.203873236443798 ], [ 2.50230865191165, 47.203953518679299 ], [ 2.5018570688842, 47.204040535900397 ], [ 2.50177479981635, 47.204057089652402 ], [ 2.50142797303735, 47.204122786553398 ], [ 2.50101523573357, 47.204203035399701 ], [ 2.50060105051591, 47.204228493755302 ], [ 2.50001366525079, 47.204270741047601 ], [ 2.49993558562833, 47.204277057245697 ], [ 2.49943956448234, 47.204330490422997 ], [ 2.49940414564616, 47.204334919887799 ], [ 2.49896505675316, 47.204356132459999 ], [ 2.49858353038557, 47.204373991323003 ], [ 2.49837709510075, 47.204386224029001 ], [ 2.49828244863102, 47.204457774595198 ], [ 2.49828590699885, 47.204652189686499 ], [ 2.49829163754533, 47.204744593488101 ], [ 2.49836115727281, 47.2050869244922 ], [ 2.49836770610833, 47.205162424331299 ], [ 2.49836944401662, 47.2052721774578 ], [ 2.49836777938216, 47.205394060787903 ], [ 2.49836296622726, 47.2054838170666 ], [ 2.49833442644917, 47.206049707003501 ], [ 2.49832400279428, 47.2063288873521 ], [ 2.49831994245282, 47.206395977512997 ], [ 2.49830488897797, 47.206790555152999 ], [ 2.49827771446022, 47.207321816500297 ], [ 2.49826939827756, 47.207560528740203 ], [ 2.49824588827869, 47.208193187568703 ], [ 2.49823853594945, 47.2083157573622 ], [ 2.49823516117202, 47.2085770702028 ], [ 2.49823208849627, 47.208917907011902 ], [ 2.49847319126877, 47.208911766482302 ], [ 2.49933912764888, 47.208959076255802 ], [ 2.50000019269937, 47.208921111467902 ], [ 2.50048988556827, 47.208929093360901 ], [ 2.5009055559965, 47.208905523297098 ], [ 2.50101584842595, 47.208898174771399 ], [ 2.50125888752191, 47.208868377149003 ], [ 2.50131772793076, 47.208858826228102 ], [ 2.50174970597098, 47.208769034925602 ], [ 2.50188867776335, 47.208757676552402 ], [ 2.50226488580016, 47.208732410483101 ], [ 2.50236572578077, 47.208705672827001 ], [ 2.50240937731527, 47.208695605975997 ], [ 2.50247130156244, 47.208681125117799 ], [ 2.50249103603711, 47.208672936180001 ], [ 2.50270642433785, 47.208551349217203 ], [ 2.50306617803817, 47.208350579306597 ], [ 2.50281273764506, 47.208192427411802 ], [ 2.50270308207034, 47.208131052181699 ], [ 2.50253320438771, 47.2080301926446 ], [ 2.50248475969122, 47.208001463438002 ], [ 2.50231348376776, 47.207881889522803 ], [ 2.50235543706999, 47.207812531244102 ], [ 2.5023120094327, 47.207784183625002 ], [ 2.50224966108214, 47.207760355199497 ], [ 2.50211098943841, 47.207668172829102 ], [ 2.50189204589274, 47.207520412389698 ], [ 2.50185176621257, 47.2074803023187 ], [ 2.50183188128049, 47.207390619864 ], [ 2.50179074031813, 47.207313702166701 ], [ 2.50173398248354, 47.2071584639924 ], [ 2.50171944849325, 47.207004568739599 ], [ 2.50170236925585, 47.206938647992502 ], [ 2.50167474149062, 47.2068719616422 ], [ 2.50164155035669, 47.2068068718795 ], [ 2.50157703081837, 47.206719509184602 ], [ 2.50146757382412, 47.206637174803198 ], [ 2.50149780854393, 47.206241311707501 ], [ 2.50150319262267, 47.206173506910297 ], [ 2.50152442831365, 47.205891942058003 ], [ 2.50212137612717, 47.205861693027501 ], [ 2.50288138164963, 47.205826036645497 ], [ 2.50331295427581, 47.205805866332199 ], [ 2.50346218988574, 47.205796611757897 ], [ 2.50370103408275, 47.2054364650959 ], [ 2.50391334250539, 47.2051184819925 ], [ 2.50417472453588, 47.204733240616498 ], [ 2.5041972078685, 47.204458063589399 ], [ 2.50421394619763, 47.204207070798702 ], [ 2.50425025183096, 47.204091988768901 ], [ 2.50425909562085, 47.203978049635502 ], [ 2.50426835828362, 47.203804296880598 ], [ 2.5042964044287, 47.203655085416301 ] ] ], [ [ [ 2.49823185620153, 47.2052762542206 ], [ 2.49822366556879, 47.205109079525201 ], [ 2.49817816465172, 47.204864372120497 ], [ 2.49815005291495, 47.204695760672301 ], [ 2.49814357343286, 47.204628444763003 ], [ 2.49814349545398, 47.204608475942401 ], [ 2.49814723807501, 47.204294992353198 ], [ 2.49796845398435, 47.204257503907101 ], [ 2.49755620184958, 47.204217202400699 ], [ 2.49638182828278, 47.204103393454297 ], [ 2.49479868586591, 47.203945054041299 ], [ 2.49469162532344, 47.204126923462198 ], [ 2.49470708924851, 47.204235836288802 ], [ 2.49469707675136, 47.204486145996398 ], [ 2.49472348871057, 47.204582781545703 ], [ 2.49477027849242, 47.204743390700003 ], [ 2.49476926253557, 47.2049064742491 ], [ 2.49471746033628, 47.205092545861397 ], [ 2.49461061473027, 47.2053651925482 ], [ 2.49461218853274, 47.205407207050399 ], [ 2.49462027200492, 47.205501610942598 ], [ 2.49461409741088, 47.2055542060913 ], [ 2.49456064054387, 47.205650493239297 ], [ 2.49454078771012, 47.205713463099201 ], [ 2.49454596156419, 47.2059193104568 ], [ 2.49454788176379, 47.2060510225608 ], [ 2.49448974898399, 47.206628108178201 ], [ 2.49446441381936, 47.206906151801299 ], [ 2.49448045434708, 47.207149192513 ], [ 2.49446382941876, 47.207218658508701 ], [ 2.49447351196534, 47.207325664401502 ], [ 2.49445408877262, 47.2075214110844 ], [ 2.49439283522582, 47.207648607094001 ], [ 2.49433649787475, 47.207826213833499 ], [ 2.49424340882299, 47.208051321554102 ], [ 2.49416237078568, 47.208301410858603 ], [ 2.49413983436025, 47.208365809342702 ], [ 2.49396898978154, 47.208772562185501 ], [ 2.49447798157468, 47.208762386866802 ], [ 2.49492377367093, 47.2087503133288 ], [ 2.49594702745677, 47.208856907024803 ], [ 2.49781164016156, 47.209113528363702 ], [ 2.49803339872945, 47.209128983909103 ], [ 2.49807100149687, 47.208836966428599 ], [ 2.49807551574226, 47.208525818445402 ], [ 2.49809760130889, 47.208169326852897 ], [ 2.4981109023833, 47.208018072543403 ], [ 2.49812606201943, 47.207894177119201 ], [ 2.49812430383583, 47.207857464633499 ], [ 2.49812102547014, 47.207742942398099 ], [ 2.49813544327459, 47.207459188028302 ], [ 2.49814149414915, 47.207389765763899 ], [ 2.49815264164739, 47.207047262176701 ], [ 2.49816552169137, 47.206758369406401 ], [ 2.49820025308893, 47.2060543386944 ], [ 2.49822486369623, 47.205543034477699 ], [ 2.49823185620153, 47.2052762542206 ] ] ], [ [ [ 2.48176155690302, 47.209456550568902 ], [ 2.48141889987324, 47.209071061079001 ], [ 2.48127021182434, 47.208912520342999 ], [ 2.48091228078953, 47.208537494283398 ], [ 2.48091323951252, 47.209715845751496 ], [ 2.48127946597979, 47.209562860634101 ], [ 2.48164700149793, 47.2094808592229 ], [ 2.48176155690302, 47.209456550568902 ] ] ], [ [ [ 2.48817649950443, 47.205372258892403 ], [ 2.48792833799193, 47.205317892085098 ], [ 2.48716345771511, 47.205062067043002 ], [ 2.48703076179303, 47.205025494928897 ], [ 2.4868259495991, 47.204950088743502 ], [ 2.48669472450039, 47.204884020152598 ], [ 2.48650505710615, 47.204758309086799 ], [ 2.48619093284193, 47.204522030030397 ], [ 2.48553194998241, 47.2047322772803 ], [ 2.484865802595, 47.204945198817498 ], [ 2.48460784166275, 47.205042804800499 ], [ 2.48442492054807, 47.205134469099697 ], [ 2.48427596008269, 47.205237519932403 ], [ 2.4841916924231, 47.205339148029601 ], [ 2.48410900242247, 47.205466342406403 ], [ 2.48405666518779, 47.205569282944403 ], [ 2.48398363932808, 47.205763177945798 ], [ 2.48389838041034, 47.206090603853298 ], [ 2.48391865917996, 47.206244878321598 ], [ 2.48410279862405, 47.206587449444797 ], [ 2.48413238077474, 47.206654697967899 ], [ 2.48414933795968, 47.206715939341699 ], [ 2.48416358243838, 47.206867224898602 ], [ 2.48413323383703, 47.206990150770501 ], [ 2.48401553048996, 47.207353047730699 ], [ 2.48391366774837, 47.2076758080293 ], [ 2.48382056345255, 47.207980610380098 ], [ 2.48376295059095, 47.208313650861299 ], [ 2.48367126737764, 47.208567907962802 ], [ 2.48435689967718, 47.208378298611301 ], [ 2.48491151600627, 47.208099667192997 ], [ 2.48497919695832, 47.208063893333303 ], [ 2.48525571499673, 47.207972382965401 ], [ 2.48561272904149, 47.2079236960871 ], [ 2.48594888309782, 47.207917733459503 ], [ 2.4865391610743, 47.208034624706002 ], [ 2.48674635983453, 47.2080812414913 ], [ 2.48755538013754, 47.208252528561303 ], [ 2.48774073589246, 47.207990327885398 ], [ 2.48781415181276, 47.207834847910199 ], [ 2.48784313589797, 47.207704541726898 ], [ 2.48785058748811, 47.207629544329201 ], [ 2.48785328677924, 47.207458374734401 ], [ 2.4878682817557, 47.2073806197645 ], [ 2.4879312088778, 47.207247132475601 ], [ 2.48803069913612, 47.207114175825701 ], [ 2.4880628047093, 47.207029213059599 ], [ 2.48807331137423, 47.2069524375462 ], [ 2.48806871545268, 47.206893952263698 ], [ 2.48802813903703, 47.206788960959202 ], [ 2.48798500819804, 47.206730296392699 ], [ 2.48796015830264, 47.206678914934002 ], [ 2.48801346332247, 47.206461090672299 ], [ 2.48815786569029, 47.205857677407799 ], [ 2.48816239892176, 47.205824143528197 ], [ 2.48815912434047, 47.205794797529798 ], [ 2.48810821955194, 47.205707667400901 ], [ 2.48817649950443, 47.205372258892403 ] ] ], [ [ [ 2.49321849121379, 47.207981680393601 ], [ 2.49321205164997, 47.207854630101401 ], [ 2.49319341516133, 47.207772775109298 ], [ 2.49315773538707, 47.207679780978701 ], [ 2.49317975685498, 47.2076112390709 ], [ 2.49284762676754, 47.2057650246267 ], [ 2.49232409472157, 47.205681030411498 ], [ 2.49243903766213, 47.205422375816703 ], [ 2.49253560505087, 47.205219584783798 ], [ 2.49254783725457, 47.2052112746399 ], [ 2.49256489351892, 47.2052069379058 ], [ 2.49260320877289, 47.205203684589399 ], [ 2.49270487214198, 47.205201527900101 ], [ 2.49273053878768, 47.205027937836597 ], [ 2.49273123555898, 47.205022692181601 ], [ 2.49014761850433, 47.204647408745799 ], [ 2.48981243059568, 47.205286599642797 ], [ 2.48940717039389, 47.206061586894798 ], [ 2.48928692487232, 47.206377545732103 ], [ 2.48914207520789, 47.206340445349603 ], [ 2.48862406116444, 47.207576134057497 ], [ 2.48854701549979, 47.207559192621702 ], [ 2.48819432538719, 47.208326115449701 ], [ 2.48951572180064, 47.208472389952597 ], [ 2.4896744788444, 47.208491077079501 ], [ 2.48992316528792, 47.208521062424502 ], [ 2.49063114805925, 47.208602916305601 ], [ 2.4910671782143, 47.208671678867503 ], [ 2.4912929232511, 47.208712264963999 ], [ 2.49166110087201, 47.208768402388003 ], [ 2.49198233042428, 47.208818399896899 ], [ 2.49302858561124, 47.2087969367631 ], [ 2.49304527737919, 47.208706602546997 ], [ 2.49306354541843, 47.208646678057598 ], [ 2.49309733693215, 47.208590962814299 ], [ 2.49311406806802, 47.208538504008999 ], [ 2.49313486214763, 47.2083226060778 ], [ 2.49316080865939, 47.208259573136097 ], [ 2.49318237905321, 47.208199672066598 ], [ 2.49320955487178, 47.208088866022003 ], [ 2.49321849121379, 47.207981680393601 ] ] ], [ [ [ 2.49301044677017, 47.208864172173598 ], [ 2.4924103990332, 47.208878587717102 ], [ 2.49195118320392, 47.208886361367902 ], [ 2.49124498431882, 47.208770339356199 ], [ 2.4906127167519, 47.208667242131803 ], [ 2.49051946881238, 47.208657568172299 ], [ 2.49043364343814, 47.208646747397601 ], [ 2.48974579893802, 47.208570022626397 ], [ 2.48948038384784, 47.208537541414998 ], [ 2.48922757910689, 47.208509967753002 ], [ 2.48919618226683, 47.208507848709303 ], [ 2.48834271390711, 47.208413919016699 ], [ 2.48753817855948, 47.208324691899598 ], [ 2.48743302965712, 47.208305158638503 ], [ 2.48684287632681, 47.208174687126899 ], [ 2.48649520502397, 47.208101258587803 ], [ 2.48592418659825, 47.207987342508602 ], [ 2.48561992973333, 47.207984452751298 ], [ 2.48526732228478, 47.208040631651699 ], [ 2.4849987752328, 47.208127495955402 ], [ 2.48438296829634, 47.208441471065903 ], [ 2.48432923716899, 47.208481448000803 ], [ 2.48429956840053, 47.208478245966504 ], [ 2.48424093102636, 47.2084814961215 ], [ 2.48420163388599, 47.208490405146897 ], [ 2.48397506675454, 47.208548581579002 ], [ 2.48369750592547, 47.2086256885786 ], [ 2.48350466551203, 47.2087170280709 ], [ 2.48337357713008, 47.208827449679099 ], [ 2.48312856252424, 47.209019217548402 ], [ 2.48285410541768, 47.2092238897215 ], [ 2.48281559065442, 47.209233792090501 ], [ 2.48219111478629, 47.209443733140397 ], [ 2.48200227043868, 47.209505045248697 ], [ 2.48245828968001, 47.210017152131499 ], [ 2.48259926478823, 47.210182949168598 ], [ 2.48280102870361, 47.210450489200497 ], [ 2.48330260751795, 47.209953929353503 ], [ 2.48317875822424, 47.209846773516198 ], [ 2.48327652818902, 47.209812134180403 ], [ 2.48414596417851, 47.209523584267302 ], [ 2.48415064693314, 47.209531248589599 ], [ 2.48420040667971, 47.209545964791701 ], [ 2.48420542804623, 47.209559653569798 ], [ 2.48423657048533, 47.209560791512899 ], [ 2.48443015026733, 47.209622737758998 ], [ 2.48466079888156, 47.209703025427402 ], [ 2.48483597344722, 47.209759676444499 ], [ 2.48577855056087, 47.210114274534 ], [ 2.48612855241747, 47.210247899916403 ], [ 2.48647858694359, 47.210378283323699 ], [ 2.48652290187801, 47.210383611360299 ], [ 2.48764966034748, 47.210519339044403 ], [ 2.48878327518505, 47.210655725194897 ], [ 2.49004811372575, 47.2108078836904 ], [ 2.49013767607845, 47.2104553728132 ], [ 2.49028226324025, 47.209886853982702 ], [ 2.49102006281626, 47.2098619719795 ], [ 2.49275433599998, 47.209813398540099 ], [ 2.49301044677017, 47.208864172173598 ] ] ], [ [ [ 2.48250384117363, 47.210323805796797 ], [ 2.48228267491513, 47.210035255764801 ], [ 2.48200707148348, 47.2097309499079 ], [ 2.48185000251285, 47.209551944886798 ], [ 2.48175004140933, 47.209568495366 ], [ 2.48163473645264, 47.209588299196703 ], [ 2.48155036676084, 47.209603307728102 ], [ 2.48145061946012, 47.209625071595397 ], [ 2.48134553196574, 47.2096525823451 ], [ 2.48110475709553, 47.209732368606502 ], [ 2.481013863543, 47.209766226652299 ], [ 2.48083405179933, 47.209835941025403 ], [ 2.48000723613973, 47.210163252926499 ], [ 2.47991310787757, 47.210203568691199 ], [ 2.47964110460086, 47.210290594141497 ], [ 2.47939437146728, 47.210371151356703 ], [ 2.47922262852169, 47.210424442150398 ], [ 2.47904573888233, 47.210477079347903 ], [ 2.47901664621743, 47.210482521356901 ], [ 2.47888869340642, 47.210513339183798 ], [ 2.47875978544142, 47.210532268723199 ], [ 2.47864825223816, 47.210544272023299 ], [ 2.4785401120439, 47.210559252444703 ], [ 2.47834446045089, 47.210587334214402 ], [ 2.47829393816382, 47.210596820910901 ], [ 2.47813945820716, 47.210612312552101 ], [ 2.47783600307299, 47.210635577514402 ], [ 2.47756924447127, 47.210656765407101 ], [ 2.47740676715217, 47.210654952421699 ], [ 2.47727730340445, 47.2106630022842 ], [ 2.47712916786966, 47.210664575680603 ], [ 2.47701325063354, 47.210665394009702 ], [ 2.47690758144918, 47.210672110381097 ], [ 2.47689296314883, 47.210655037879398 ], [ 2.47684768483489, 47.2106551035587 ], [ 2.47661118155419, 47.2106599685033 ], [ 2.4764805935347, 47.2106627006767 ], [ 2.47605011927793, 47.210661277229001 ], [ 2.47605511753546, 47.210742263071303 ], [ 2.47606699478649, 47.210810144756699 ], [ 2.47609505707176, 47.2109105731383 ], [ 2.47611398126646, 47.211040381728402 ], [ 2.4761286170943, 47.211137058194801 ], [ 2.47615352006377, 47.211248536849297 ], [ 2.47617439423445, 47.211342288546099 ], [ 2.47624354568219, 47.2115731567784 ], [ 2.47626002124505, 47.211615247847199 ], [ 2.47630742922484, 47.211735822070104 ], [ 2.47637923154278, 47.211885837991403 ], [ 2.47678030424431, 47.2118316244608 ], [ 2.47695251879854, 47.211810722893603 ], [ 2.47713748823162, 47.211783855673602 ], [ 2.47729207019316, 47.212121361027997 ], [ 2.47764013701838, 47.212087414049499 ], [ 2.47767369045854, 47.212085314566103 ], [ 2.47771996647654, 47.2120792301072 ], [ 2.47794432196418, 47.212045615868 ], [ 2.47818817739692, 47.211988969527098 ], [ 2.47848935767678, 47.211944905659699 ], [ 2.47869579445211, 47.2119210134966 ], [ 2.4788931727342, 47.211893839183197 ], [ 2.47900313132461, 47.211867351879697 ], [ 2.47917260059715, 47.211831057700799 ], [ 2.47926071372852, 47.211811935380503 ], [ 2.47939578178116, 47.211797075262503 ], [ 2.47943569655632, 47.211792942181802 ], [ 2.47963115971832, 47.211784736148402 ], [ 2.4797780196535, 47.211778751390398 ], [ 2.47963484705593, 47.2111357147202 ], [ 2.47988502676567, 47.211107605442898 ], [ 2.48016265629483, 47.211079987889903 ], [ 2.481222793903, 47.210966755680197 ], [ 2.48156060236269, 47.210928249572802 ], [ 2.48216809290491, 47.210865316643698 ], [ 2.48250384117363, 47.210323805796797 ] ] ], [ [ [ 2.50514201027629, 47.209306253446499 ], [ 2.50506460738421, 47.209153530743002 ], [ 2.50501872396292, 47.209048621995201 ], [ 2.50499537127806, 47.208989148094197 ], [ 2.50496421143107, 47.208905170943297 ], [ 2.50494514098828, 47.208839782409498 ], [ 2.50491843280623, 47.208745840039498 ], [ 2.50481234036352, 47.2084562584322 ], [ 2.50476474173288, 47.208336865549398 ], [ 2.50474624301634, 47.208309885804603 ], [ 2.50469930221069, 47.208275501133201 ], [ 2.50465261947251, 47.208256143394898 ], [ 2.5045862252565, 47.2082396633187 ], [ 2.50447033637448, 47.208225132248501 ], [ 2.50433328698784, 47.208213022357 ], [ 2.5042064998534, 47.2082055476953 ], [ 2.5039426001349, 47.208178507863501 ], [ 2.50386858632507, 47.208174589820203 ], [ 2.50380503851795, 47.208178990219103 ], [ 2.50374915377146, 47.208184773838099 ], [ 2.50364629222955, 47.208201690868798 ], [ 2.5035785417764, 47.208219127355498 ], [ 2.50345059207002, 47.2082646289903 ], [ 2.50327899031958, 47.208334593323499 ], [ 2.50316265739484, 47.208381044729101 ], [ 2.50307944725992, 47.208414421802999 ], [ 2.50296478481637, 47.208480227418796 ], [ 2.50266541049901, 47.208661989958202 ], [ 2.50254486694656, 47.208733612800202 ], [ 2.50245106464206, 47.208756509581598 ], [ 2.50229879521881, 47.208791471149098 ], [ 2.5020739403837, 47.208809393232499 ], [ 2.50177247755934, 47.2088323692494 ], [ 2.50176335672766, 47.208834319674096 ], [ 2.50166718267959, 47.208856476388803 ], [ 2.50135516171665, 47.208920972329899 ], [ 2.50120923793436, 47.208941113984203 ], [ 2.50103165383836, 47.208958967432203 ], [ 2.50082841758336, 47.208979140889703 ], [ 2.50064366238418, 47.208986699538798 ], [ 2.50051665567636, 47.2089899243567 ], [ 2.50019166752415, 47.208986623408798 ], [ 2.50000490869339, 47.208982306567002 ], [ 2.4995979481199, 47.209008242769997 ], [ 2.49935583669539, 47.2090219437247 ], [ 2.49915594529509, 47.209010546506597 ], [ 2.4984710442415, 47.2089720226531 ], [ 2.49821450348388, 47.209004366811797 ], [ 2.49815124694838, 47.209189858856703 ], [ 2.49809624039478, 47.209353428501103 ], [ 2.49808508334086, 47.2093881043848 ], [ 2.49805503201569, 47.209482423702397 ], [ 2.49802369521693, 47.209585650317301 ], [ 2.49799285720715, 47.209693461559702 ], [ 2.4979753089, 47.209887785262602 ], [ 2.49797168342413, 47.210105018639503 ], [ 2.49797606881403, 47.210143353997701 ], [ 2.49798746678545, 47.210237231639098 ], [ 2.49800159840693, 47.210404881902797 ], [ 2.49806350990879, 47.211248956028399 ], [ 2.4980798568922, 47.2114482790073 ], [ 2.49809716590886, 47.211642213398498 ], [ 2.49809905776989, 47.211680186815201 ], [ 2.49811428852175, 47.211941129753903 ], [ 2.49811795716001, 47.212042167153101 ], [ 2.49805387988619, 47.212201916108 ], [ 2.49800433792886, 47.212289227663597 ], [ 2.49794941923079, 47.212360868868203 ], [ 2.4978953288475, 47.212425851491403 ], [ 2.49758552387616, 47.212729985975997 ], [ 2.49742614510912, 47.212887979898802 ], [ 2.4971462549976, 47.2131687723667 ], [ 2.49700129441917, 47.213309191584997 ], [ 2.49745735126008, 47.213653469196402 ], [ 2.49700116229779, 47.213309191011497 ], [ 2.4969654337499, 47.213346091834303 ], [ 2.49669567851007, 47.213602286261001 ], [ 2.49633361853758, 47.213942895147099 ], [ 2.49625368493867, 47.214020080611597 ], [ 2.49605150149169, 47.2142204341853 ], [ 2.49582507194203, 47.214446043057102 ], [ 2.49578040682545, 47.214491727457798 ], [ 2.49566329961672, 47.214604564254799 ], [ 2.49630775666946, 47.214948234502302 ], [ 2.49642746231414, 47.214952986084803 ], [ 2.49658965656767, 47.214862212415603 ], [ 2.4968891508556, 47.214687650597199 ], [ 2.49712529048778, 47.214497166078203 ], [ 2.49722345759753, 47.214419960105403 ], [ 2.49730139278995, 47.214358592398597 ], [ 2.49743813620597, 47.2142507907 ], [ 2.49746544799025, 47.214223837449602 ], [ 2.49754762864638, 47.214132256280003 ], [ 2.4976388578029, 47.214035231515197 ], [ 2.49767878318602, 47.214001679756002 ], [ 2.49782204064653, 47.213902179489203 ], [ 2.4978975767257, 47.213871203741697 ], [ 2.49796350113443, 47.213838025611899 ], [ 2.49807705804869, 47.213766557398799 ], [ 2.49832289023526, 47.213612628115499 ], [ 2.49856192707963, 47.213449053815502 ], [ 2.49871046537268, 47.213349674324697 ], [ 2.499288090058, 47.212951515845397 ], [ 2.49958276751716, 47.2127543559535 ], [ 2.49998341558752, 47.212488024221102 ], [ 2.50012204213919, 47.212403977082097 ], [ 2.50016205598571, 47.212374827255097 ], [ 2.50039919178209, 47.212272496630703 ], [ 2.50047984549119, 47.212232097223698 ], [ 2.50066003714501, 47.212119536376498 ], [ 2.50068758124123, 47.212097156827802 ], [ 2.50075339584855, 47.212032673565403 ], [ 2.50087830087341, 47.211960531248302 ], [ 2.50102507953598, 47.211877598483703 ], [ 2.50124274033899, 47.211769159332903 ], [ 2.5014773607555, 47.211681121273898 ], [ 2.50201206153032, 47.2114526941291 ], [ 2.5020971732304, 47.211414293389304 ], [ 2.50216540041227, 47.211374379586601 ], [ 2.50222409935758, 47.211336126361701 ], [ 2.50228727707901, 47.211272171067598 ], [ 2.50232551006538, 47.211222504241498 ], [ 2.50234779200479, 47.211167547219901 ], [ 2.50236070679405, 47.211042561442198 ], [ 2.50235635355987, 47.210971833989298 ], [ 2.50232460005226, 47.210893795543299 ], [ 2.50243726809888, 47.210845708739797 ], [ 2.50248741332218, 47.2108336891053 ], [ 2.50244496509657, 47.210742019397699 ], [ 2.50231531047431, 47.210474013495897 ], [ 2.50209470123374, 47.210023812053102 ], [ 2.50209197842002, 47.210018227557697 ], [ 2.5020590683121, 47.209951059541403 ], [ 2.50440982463071, 47.209596807906003 ], [ 2.50514201027629, 47.209306253446499 ] ] ], [ [ [ 2.4979933467548, 47.209206253405704 ], [ 2.49681721162971, 47.209041620517901 ], [ 2.49592491934483, 47.208919507115198 ], [ 2.49515656305821, 47.208841653988401 ], [ 2.49491245889539, 47.208815661152698 ], [ 2.49400611837951, 47.208839561936898 ], [ 2.49396479118009, 47.209006880622297 ], [ 2.49390280421879, 47.2092932175496 ], [ 2.49387434587836, 47.209412642887003 ], [ 2.49386324207349, 47.2094554122232 ], [ 2.49381873215713, 47.209653389828397 ], [ 2.49374212419372, 47.209642800843298 ], [ 2.49373655090237, 47.209785805699099 ], [ 2.49366593900217, 47.210089912490503 ], [ 2.49367081296493, 47.210119526343199 ], [ 2.49368547918764, 47.2101446905315 ], [ 2.49371611473731, 47.2101730755085 ], [ 2.49392963661427, 47.210306071854198 ], [ 2.49419033010207, 47.210476608759102 ], [ 2.49426399340322, 47.210546198630901 ], [ 2.49429229256732, 47.210582846921596 ], [ 2.49431988178319, 47.210652865874401 ], [ 2.49441505972207, 47.210862526682597 ], [ 2.49444604281393, 47.211005871047298 ], [ 2.49454792438812, 47.211330437993098 ], [ 2.49457443648183, 47.211555986292304 ], [ 2.49459879193945, 47.211689047362597 ], [ 2.49468470049541, 47.212027841031997 ], [ 2.49469132987357, 47.212135103475397 ], [ 2.49468518939206, 47.2121713313743 ], [ 2.49462311592271, 47.2123262346446 ], [ 2.49454987591079, 47.212533350991897 ], [ 2.49448132693575, 47.2126615953525 ], [ 2.49429745567743, 47.212797168989198 ], [ 2.49416136120869, 47.212919986718703 ], [ 2.49400296097103, 47.213111885147299 ], [ 2.49395088369544, 47.213203865407202 ], [ 2.49391975048179, 47.213271737324497 ], [ 2.49388884437828, 47.213382878140003 ], [ 2.49381939735696, 47.213537478633 ], [ 2.49374535272034, 47.213714458193301 ], [ 2.49365826179674, 47.213849823334897 ], [ 2.49359886348326, 47.213931958273399 ], [ 2.49343875038601, 47.214068084471101 ], [ 2.49322102519382, 47.214292907098098 ], [ 2.49317771561078, 47.214348760701199 ], [ 2.49295691685991, 47.214591034985702 ], [ 2.49278085041197, 47.214766577135499 ], [ 2.49256309191198, 47.214992937838403 ], [ 2.49218327318073, 47.215254203526897 ], [ 2.49216842647106, 47.215288682557897 ], [ 2.49230488000271, 47.215323563432399 ], [ 2.4924382714856, 47.215359502077902 ], [ 2.49250024906245, 47.215381092349702 ], [ 2.493552217436, 47.2156070303717 ], [ 2.49365026025125, 47.215626625936402 ], [ 2.49368244410122, 47.215629818530601 ], [ 2.49383347437387, 47.215644963927303 ], [ 2.49429004106235, 47.215669284325401 ], [ 2.49463844481483, 47.215685118734598 ], [ 2.49532147776477, 47.214842796096001 ], [ 2.49536325982449, 47.214793237081501 ], [ 2.49554706022249, 47.214568424886501 ], [ 2.49569182131334, 47.214407768158502 ], [ 2.4960450766967, 47.2140628016313 ], [ 2.49623471031193, 47.213876248955202 ], [ 2.49625616620702, 47.213853852999797 ], [ 2.49633972052779, 47.213772361877901 ], [ 2.49638808595523, 47.213725072813702 ], [ 2.49648186831643, 47.213636333692499 ], [ 2.49653935570012, 47.2135743464627 ], [ 2.49661628377831, 47.2134948880108 ], [ 2.49683140987822, 47.213291807719997 ], [ 2.49688043504762, 47.213244521310003 ], [ 2.49716572705513, 47.212965553503203 ], [ 2.4972913765253, 47.2128427679922 ], [ 2.4975223689999, 47.212609622527303 ], [ 2.49776883585798, 47.212358997011698 ], [ 2.49783422458376, 47.212269773591999 ], [ 2.49788696612682, 47.212179423989099 ], [ 2.49794105935697, 47.2120560575895 ], [ 2.49796506246354, 47.211960172689999 ], [ 2.49795383389496, 47.211764563096899 ], [ 2.49794781571559, 47.211646328967603 ], [ 2.49791420017561, 47.211135583877898 ], [ 2.49789906172722, 47.210948410998597 ], [ 2.49786758443635, 47.210575311393903 ], [ 2.49784946774132, 47.210438316744501 ], [ 2.49782592671623, 47.210330440975497 ], [ 2.49779011903685, 47.210152442433802 ], [ 2.49779454558342, 47.210046218347202 ], [ 2.49780427380514, 47.209812193989997 ], [ 2.4978803672032, 47.209511349546602 ], [ 2.4979933467548, 47.209206253405704 ] ] ] ] } },
{ "type": "Feature", "properties": { "Name": null, "id": "" }, "geometry": { "type": "MultiPolygon", "coordinates": [ [ [ [ 2.62277603216573, 47.227328802979798 ], [ 2.62261624994697, 47.227048242883498 ], [ 2.62253803077047, 47.226943817197501 ], [ 2.62244652355314, 47.226829003994297 ], [ 2.62231600352878, 47.226652079553098 ], [ 2.62219209204407, 47.226452606551099 ], [ 2.62177181711911, 47.225941346124998 ], [ 2.62173549484845, 47.225891406269099 ], [ 2.62173440872116, 47.225891753832698 ], [ 2.62169408472618, 47.225897825141899 ], [ 2.62135005057293, 47.225977294596497 ], [ 2.62109624617416, 47.226033218681003 ], [ 2.62074628671362, 47.226111226532701 ], [ 2.62041028444169, 47.226175783884599 ], [ 2.61998976036306, 47.226205699625197 ], [ 2.61995724647023, 47.226208023774703 ], [ 2.61988071579951, 47.226219017288798 ], [ 2.61961085718746, 47.2262479851995 ], [ 2.61955284846364, 47.226254276813599 ], [ 2.61946158832571, 47.226255048575602 ], [ 2.6193791824612, 47.2262558583434 ], [ 2.61925333498215, 47.226256876473599 ], [ 2.61901968486401, 47.226263752105801 ], [ 2.61863352625957, 47.226268586124903 ], [ 2.61853490386974, 47.226301184736201 ], [ 2.61853809779213, 47.2263185615911 ], [ 2.61854833115031, 47.226362672830597 ], [ 2.61864313442697, 47.226456811641398 ], [ 2.61867948659552, 47.226489134141701 ], [ 2.61877506141735, 47.226567709588601 ], [ 2.6188505208996, 47.226614736128496 ], [ 2.61900130764236, 47.226692061478197 ], [ 2.61906642718012, 47.226724937546102 ], [ 2.61917318053884, 47.226830080547899 ], [ 2.61942357421673, 47.227122547576002 ], [ 2.61957036387146, 47.2273150044213 ], [ 2.6198813644702, 47.227722454533698 ], [ 2.62061901425331, 47.227631602485602 ], [ 2.62092939388568, 47.227588459349299 ], [ 2.62112274282442, 47.227566242464803 ], [ 2.62154532699754, 47.227509798176598 ], [ 2.62158026621995, 47.227591144186398 ], [ 2.62159599346762, 47.227626819465797 ], [ 2.62196670524922, 47.227528908616897 ], [ 2.62277603216573, 47.227328802979798 ] ] ], [ [ [ 2.61649264128656, 47.226765425698702 ], [ 2.61623581091471, 47.226481060432299 ], [ 2.6154218310631, 47.2255798048975 ], [ 2.61491097538795, 47.225865144281002 ], [ 2.61429949372308, 47.226094644512301 ], [ 2.61422716486357, 47.226054008370198 ], [ 2.61395904878274, 47.225733049102203 ], [ 2.61389882956179, 47.225623815919398 ], [ 2.61365792285856, 47.225301776157899 ], [ 2.61352865891541, 47.225390490729701 ], [ 2.61345997676679, 47.225447645404998 ], [ 2.61300534007242, 47.225792357146602 ], [ 2.61285133719039, 47.225906358175102 ], [ 2.61277020393568, 47.2259489043578 ], [ 2.61268385589882, 47.225983339564102 ], [ 2.6125051721882, 47.226022939752298 ], [ 2.61233959377905, 47.226057649975303 ], [ 2.61228686350755, 47.226079602431199 ], [ 2.61221703879918, 47.226113453359901 ], [ 2.61186595073523, 47.226289209797997 ], [ 2.61181351179584, 47.226309191406003 ], [ 2.61171353794317, 47.226347172362601 ], [ 2.61158994666853, 47.226401720225397 ], [ 2.61142185198232, 47.226471675568298 ], [ 2.61135472557154, 47.2264959200592 ], [ 2.61089493456094, 47.2265836040105 ], [ 2.61068101390371, 47.226637838644102 ], [ 2.61054011714002, 47.226672890274202 ], [ 2.61046284428616, 47.226694759436299 ], [ 2.610385953968, 47.226716719860498 ], [ 2.61016846530894, 47.226770770503201 ], [ 2.60980114559939, 47.2268542596873 ], [ 2.60963905979606, 47.226896981278202 ], [ 2.6093827189955, 47.226972299192099 ], [ 2.60926801337161, 47.227002044873799 ], [ 2.60910923845468, 47.227043696552002 ], [ 2.60886384746464, 47.227103313396697 ], [ 2.60836846734682, 47.227271189980101 ], [ 2.60822980467469, 47.227325683337902 ], [ 2.60812708488271, 47.227377156078802 ], [ 2.60789455670003, 47.227481243037502 ], [ 2.6077450624255, 47.227554767045199 ], [ 2.60763385876032, 47.227609622688597 ], [ 2.60747321610168, 47.227816241591 ], [ 2.6081193266091, 47.228055659709 ], [ 2.60870401948593, 47.228261583639799 ], [ 2.60946649267051, 47.228102969397 ], [ 2.61007670516382, 47.227959763965401 ], [ 2.61165583828514, 47.227560759774299 ], [ 2.6121588607206, 47.227431660684601 ], [ 2.61310509116713, 47.228462146613097 ], [ 2.61326848736294, 47.228292584597099 ], [ 2.61356907593314, 47.228107022722099 ], [ 2.61404923746747, 47.2278154743356 ], [ 2.61458648622279, 47.227588609600303 ], [ 2.61580078153327, 47.227088647727101 ], [ 2.61593809728921, 47.227034681038703 ], [ 2.61623297560851, 47.226889578753202 ], [ 2.61648261970912, 47.226769686862603 ], [ 2.61649264128656, 47.226765425698702 ] ] ], [ [ [ 2.61037706329631, 47.2266140493549 ], [ 2.61032946222147, 47.226606426043503 ], [ 2.61033226535006, 47.226600763719297 ], [ 2.61025728803606, 47.226595830201298 ], [ 2.61009199810397, 47.226572065169698 ], [ 2.60956606162215, 47.226495526801799 ], [ 2.6088059925013, 47.226384903843702 ], [ 2.6087432045575, 47.226375788179801 ], [ 2.60821753632179, 47.226460718366702 ], [ 2.60819177090447, 47.226461792635902 ], [ 2.60809655527251, 47.226481168824101 ], [ 2.60801969119127, 47.226499436633397 ], [ 2.60799023341101, 47.226503028151399 ], [ 2.60790808897315, 47.226520467779203 ], [ 2.60778930844282, 47.2265490278577 ], [ 2.60773819707871, 47.226566131229902 ], [ 2.60755253070098, 47.226620095601 ], [ 2.60745255516722, 47.226657811803904 ], [ 2.60727211973987, 47.2267011791687 ], [ 2.60716090466382, 47.226721580713303 ], [ 2.60665436095327, 47.226792893416501 ], [ 2.60659067726794, 47.226796008320399 ], [ 2.60630705037551, 47.226794316127901 ], [ 2.60598738166894, 47.226807346311602 ], [ 2.60559667526519, 47.226818864535801 ], [ 2.6053780810763, 47.226860757699903 ], [ 2.60514962273214, 47.2269501064929 ], [ 2.60499791126126, 47.227019298095797 ], [ 2.604937724725, 47.227050044524503 ], [ 2.60480377715427, 47.227109942530902 ], [ 2.60471749684582, 47.227134207908499 ], [ 2.60459570080122, 47.227159063296902 ], [ 2.60447930252011, 47.227183135728602 ], [ 2.60434028768651, 47.227196957711499 ], [ 2.60424056062264, 47.227236373519503 ], [ 2.60402884529673, 47.227311111745003 ], [ 2.60355623996342, 47.227343490823401 ], [ 2.60383354699801, 47.227665324798103 ], [ 2.6035533311853, 47.227343660930501 ], [ 2.60325268206553, 47.227393542973097 ], [ 2.60325122634658, 47.227393808073799 ], [ 2.6027710250783, 47.227470316566802 ], [ 2.60271930223839, 47.227482194023203 ], [ 2.60222903912709, 47.227580533528602 ], [ 2.60182884611543, 47.227658672066603 ], [ 2.60212896968435, 47.2279660940155 ], [ 2.60225644118247, 47.228085638168601 ], [ 2.60227474728543, 47.228108649049197 ], [ 2.60230608590815, 47.228140419324198 ], [ 2.60244512827185, 47.228300299365202 ], [ 2.60259368881116, 47.2284778482883 ], [ 2.60269188937914, 47.228591889913901 ], [ 2.60273254238034, 47.228575842261897 ], [ 2.60282919332436, 47.228704715020498 ], [ 2.60291358302055, 47.228809895412198 ], [ 2.60295612829698, 47.228859790453598 ], [ 2.60321182213998, 47.229175609851602 ], [ 2.60337684671706, 47.2293417895348 ], [ 2.60370593686165, 47.229609198914702 ], [ 2.60417048627053, 47.230024058098302 ], [ 2.60435102461651, 47.2301841674131 ], [ 2.60436601658134, 47.2299068884032 ], [ 2.60437559934884, 47.229736093626499 ], [ 2.60441647831127, 47.229619287200002 ], [ 2.60446096211072, 47.229461566475997 ], [ 2.6045278622055, 47.229415106380898 ], [ 2.60484293507205, 47.229151904614397 ], [ 2.60497704683024, 47.229036144976597 ], [ 2.60520491792885, 47.228882199701097 ], [ 2.60520836666075, 47.228880500920603 ], [ 2.60539604375808, 47.228788042319998 ], [ 2.6056618129688, 47.228690537465297 ], [ 2.60592904439931, 47.228571907472102 ], [ 2.60613804102503, 47.228471687732501 ], [ 2.60636032366167, 47.228378084754901 ], [ 2.60647767322532, 47.228330804528397 ], [ 2.60667972720652, 47.228241723674898 ], [ 2.60674138612766, 47.228208478580001 ], [ 2.60687772237513, 47.228129239506004 ], [ 2.60690768674578, 47.228110714391498 ], [ 2.607346395011, 47.227839651406903 ], [ 2.60742213050598, 47.227777122600699 ], [ 2.60757333503876, 47.227579825693901 ], [ 2.60775253484909, 47.227472479986297 ], [ 2.60818360707186, 47.227268674681397 ], [ 2.60833854570981, 47.227209563934302 ], [ 2.60868909496067, 47.227108476363 ], [ 2.60879959320388, 47.227077636721397 ], [ 2.60889456889096, 47.227055018149699 ], [ 2.60896364993401, 47.227034841927299 ], [ 2.60901921252546, 47.227019913697298 ], [ 2.6092399399068, 47.226958772939 ], [ 2.60959701105306, 47.226850871504197 ], [ 2.60980436919316, 47.226792466499703 ], [ 2.61036582732862, 47.226670954130199 ], [ 2.61037706329631, 47.2266140493549 ] ] ], [ [ [ 2.59484261974314, 47.238208431015998 ], [ 2.59465478789814, 47.237932317569701 ], [ 2.59444756167258, 47.237600733056098 ], [ 2.59422410571688, 47.237214840773603 ], [ 2.59416351032141, 47.2371065056997 ], [ 2.59400773513686, 47.2369238797599 ], [ 2.59389272247466, 47.236764524444197 ], [ 2.59360256591242, 47.236397284913899 ], [ 2.59345825916399, 47.236233325060397 ], [ 2.59328151725437, 47.236011507589801 ], [ 2.59315591371436, 47.235856606688898 ], [ 2.59303294711924, 47.2356660009808 ], [ 2.59297915494192, 47.2355674840828 ], [ 2.59294568038692, 47.235227791725301 ], [ 2.5927217021902, 47.234913583215501 ], [ 2.59255559117065, 47.234683519308703 ], [ 2.59233191595185, 47.234469439685697 ], [ 2.5921021912979, 47.234303827172297 ], [ 2.5920505291145, 47.234306526271702 ], [ 2.59201932378504, 47.234449173174703 ], [ 2.59200755148511, 47.234554833108803 ], [ 2.59196978949611, 47.234674877999197 ], [ 2.59192152293896, 47.234785712088801 ], [ 2.59172617808028, 47.235147628274397 ], [ 2.5916592731673, 47.2352793640123 ], [ 2.59153816821451, 47.235467563085201 ], [ 2.59148521869639, 47.235587383217798 ], [ 2.59144803996579, 47.235682600359702 ], [ 2.5913175432176, 47.236062830784803 ], [ 2.59117483312909, 47.236261936624103 ], [ 2.59103214162667, 47.236456721021298 ], [ 2.5910127578958, 47.236521787538699 ], [ 2.59096305171298, 47.236734527205101 ], [ 2.59091092116745, 47.237040022597199 ], [ 2.59087565876303, 47.237313986817803 ], [ 2.59090541566609, 47.237463150300897 ], [ 2.59094153482083, 47.2375249015438 ], [ 2.5910008853698, 47.237570178680301 ], [ 2.59132082405887, 47.237737551601597 ], [ 2.59156572746944, 47.237855549335897 ], [ 2.59176561672971, 47.237934253122503 ], [ 2.59196414589166, 47.237984971244799 ], [ 2.59202321132258, 47.237998314108602 ], [ 2.59230420302306, 47.238045009478903 ], [ 2.59252707092244, 47.238091941035798 ], [ 2.59281346191019, 47.2381711270368 ], [ 2.5931223966767, 47.2382426580863 ], [ 2.59349573199275, 47.238337173056998 ], [ 2.59377611967003, 47.2384082331466 ], [ 2.59413934439904, 47.238513324836802 ], [ 2.59426993798063, 47.238552916834699 ], [ 2.59451792114848, 47.238388277993501 ], [ 2.59454044493289, 47.238397170448501 ], [ 2.59484261974314, 47.238208431015998 ] ] ], [ [ [ 2.59134549791715, 47.238827195594901 ], [ 2.59136516858114, 47.238673975242698 ], [ 2.59135194771836, 47.238589005777797 ], [ 2.59131314668852, 47.238516459953701 ], [ 2.59128129738361, 47.238449322261303 ], [ 2.59124344807794, 47.238338545113898 ], [ 2.59122806032781, 47.2382273970073 ], [ 2.59126011544735, 47.238076119878997 ], [ 2.59125482884534, 47.2380238313078 ], [ 2.59121858319408, 47.237910809099901 ], [ 2.59119270650852, 47.237824894691997 ], [ 2.59114642814274, 47.237777953237703 ], [ 2.59104641949391, 47.237695828579099 ], [ 2.59080571683091, 47.237564538501097 ], [ 2.59061184062307, 47.237475960252503 ], [ 2.59037699906913, 47.237373741827398 ], [ 2.59028601991602, 47.237354163473398 ], [ 2.59020655388524, 47.237329413151699 ], [ 2.59012520463804, 47.237310687958299 ], [ 2.58995553024577, 47.237288409365398 ], [ 2.58971708360525, 47.237258765996501 ], [ 2.589549265414, 47.237234062634201 ], [ 2.58946501000096, 47.2372151376291 ], [ 2.58942381707259, 47.237196644155802 ], [ 2.5892988411968, 47.237114690616401 ], [ 2.5892200777746, 47.237051707427497 ], [ 2.58913871017293, 47.236933402061702 ], [ 2.58907262863222, 47.236800566358298 ], [ 2.58904330578227, 47.236697371929097 ], [ 2.58902235468732, 47.236607432205801 ], [ 2.58901437828759, 47.236542458085502 ], [ 2.58897967002366, 47.236488453576101 ], [ 2.58893819874582, 47.236437296953802 ], [ 2.58891684899138, 47.236413381967999 ], [ 2.58885538936386, 47.236367736143798 ], [ 2.58876068844663, 47.236299294446503 ], [ 2.58866757311068, 47.236213681043402 ], [ 2.58851617133408, 47.2360997090938 ], [ 2.58841115670235, 47.236016303929098 ], [ 2.58831137432355, 47.235921132641103 ], [ 2.58821290457609, 47.235811669551303 ], [ 2.58817271008486, 47.235764829491401 ], [ 2.58808769244838, 47.235674932043203 ], [ 2.58780973685183, 47.235460110693801 ], [ 2.58775168962113, 47.235417897439703 ], [ 2.58746430315787, 47.235230112983999 ], [ 2.58746244845199, 47.235228936025798 ], [ 2.58725232497047, 47.235092534586002 ], [ 2.58698396351246, 47.234920112321298 ], [ 2.58677755694616, 47.2348318429814 ], [ 2.5866366459544, 47.234762433524601 ], [ 2.58649774279965, 47.2346880795373 ], [ 2.58558542504565, 47.235090675284503 ], [ 2.58553838287779, 47.235111195455197 ], [ 2.5840998802147, 47.235749642002197 ], [ 2.58412841874468, 47.235780326741903 ], [ 2.58427336567373, 47.235926043049503 ], [ 2.58309516051769, 47.236443431827198 ], [ 2.58305881416571, 47.236466798309799 ], [ 2.58277835428389, 47.2362513977303 ], [ 2.5826382778475, 47.236142761442203 ], [ 2.58255910955464, 47.236133122547798 ], [ 2.58195346182021, 47.236378389994499 ], [ 2.58180549145407, 47.236418152674197 ], [ 2.58115811460782, 47.236592827874901 ], [ 2.58112307813372, 47.236615910396701 ], [ 2.58140527000002, 47.236925760112896 ], [ 2.58150367819129, 47.2370416207118 ], [ 2.58186716700555, 47.237462136404602 ], [ 2.58189453707275, 47.2374934476533 ], [ 2.58198053413542, 47.237660452699103 ], [ 2.58203380618602, 47.2377555427598 ], [ 2.58210088717839, 47.2379090744057 ], [ 2.58212479921502, 47.237960170176201 ], [ 2.58229458201812, 47.238221933753302 ], [ 2.58265331921264, 47.238154498669203 ], [ 2.58272253733371, 47.238152146018898 ], [ 2.58281153239265, 47.238139340279503 ], [ 2.58284035541747, 47.238135122671501 ], [ 2.58286663059688, 47.238137287841298 ], [ 2.58296668263424, 47.238145840273503 ], [ 2.58306001364564, 47.238185851061601 ], [ 2.58314722537945, 47.238232573828 ], [ 2.58324323260253, 47.238302546231601 ], [ 2.58330553757021, 47.238356480571497 ], [ 2.58336435732622, 47.2384030200989 ], [ 2.58341828895134, 47.238464567617399 ], [ 2.58485990531027, 47.237762005487497 ], [ 2.58489250751454, 47.237745926275899 ], [ 2.58490297098571, 47.237760359134903 ], [ 2.58493798304437, 47.237791706017802 ], [ 2.58505124275204, 47.2378855779722 ], [ 2.58524361090314, 47.238048729899198 ], [ 2.58534066860839, 47.238135350400597 ], [ 2.58539406342599, 47.238182769769097 ], [ 2.58542911193458, 47.238228322961803 ], [ 2.58550011287073, 47.238320512873699 ], [ 2.58554300173107, 47.238376168132298 ], [ 2.5856898457655, 47.238481223858898 ], [ 2.58576813173507, 47.238537284600397 ], [ 2.58587309852896, 47.238663058821999 ], [ 2.58589824161526, 47.238690408940499 ], [ 2.58607274257531, 47.238858807222599 ], [ 2.58626626331798, 47.239043099923698 ], [ 2.58646596842291, 47.239232996042603 ], [ 2.58651175654027, 47.239271123914698 ], [ 2.58662160326045, 47.2393626413742 ], [ 2.58666890176728, 47.239395192866397 ], [ 2.58672920507619, 47.239436703409197 ], [ 2.58683001794463, 47.239501468324299 ], [ 2.58690336233856, 47.239548967055597 ], [ 2.58696332674952, 47.239581293469101 ], [ 2.58707598705011, 47.239549311898401 ], [ 2.58723754978538, 47.2394787385198 ], [ 2.58726724568897, 47.239464178769602 ], [ 2.58749742587996, 47.239350762151702 ], [ 2.58764181925713, 47.239279767011404 ], [ 2.58769497578093, 47.2392535059995 ], [ 2.58778676504156, 47.239203912173799 ], [ 2.58787924058835, 47.239150989699901 ], [ 2.58752452877314, 47.238783235637499 ], [ 2.58762125230241, 47.238726187212698 ], [ 2.58792632660118, 47.238578231475501 ], [ 2.5880674279046, 47.238505243488298 ], [ 2.58813016269449, 47.238470922836001 ], [ 2.58815973802563, 47.238454741931797 ], [ 2.5885118889114, 47.238796404054703 ], [ 2.58870352094845, 47.238952165271797 ], [ 2.58906810966713, 47.239256805450502 ], [ 2.58923380364666, 47.2394046504347 ], [ 2.5893301375365, 47.239483351545303 ], [ 2.5893647913352, 47.239511895935699 ], [ 2.58956542709972, 47.2394256308853 ], [ 2.59018892131249, 47.239195763735196 ], [ 2.59043658406015, 47.239090856663402 ], [ 2.59062401837658, 47.239040067959998 ], [ 2.59065591573205, 47.239031366898303 ], [ 2.59080407172157, 47.239002027793902 ], [ 2.59084531932426, 47.238997942075301 ], [ 2.59099639336523, 47.238982918378802 ], [ 2.59114910857581, 47.238894590951404 ], [ 2.59134549791715, 47.238827195594901 ] ] ], [ [ [ 2.59134549791715, 47.238827195594901 ], [ 2.59156498087966, 47.239109529715499 ], [ 2.59167135376598, 47.239274888607198 ], [ 2.59170013273712, 47.239328691300301 ], [ 2.59192725280062, 47.239753105764002 ], [ 2.5919593844764, 47.239798916747098 ], [ 2.59200707931774, 47.239866821188002 ], [ 2.59209370550801, 47.239957261390003 ], [ 2.5921794008966, 47.240046716950701 ], [ 2.59232299068579, 47.240339216666698 ], [ 2.59233469373357, 47.240363097059401 ], [ 2.59224554592767, 47.240465603816503 ], [ 2.59208394393512, 47.240785811817503 ], [ 2.59201110618943, 47.240895478918901 ], [ 2.59177849759129, 47.241205542567101 ], [ 2.59175257549813, 47.241262843718502 ], [ 2.59171528105643, 47.241371105296302 ], [ 2.59173597186762, 47.2415675547429 ], [ 2.59175273871553, 47.241655768525099 ], [ 2.59186289965749, 47.241655445131897 ], [ 2.59220408661036, 47.241621841061999 ], [ 2.59255582018386, 47.241607709946997 ], [ 2.59273410170996, 47.2415951112907 ], [ 2.59308369963396, 47.241601119184899 ], [ 2.59309597889133, 47.241601342332999 ], [ 2.59328766780874, 47.241616320226903 ], [ 2.59352443050927, 47.241677423767499 ], [ 2.59364146847321, 47.241694218977301 ], [ 2.59380126352405, 47.241717357745898 ], [ 2.5937895570759, 47.241448801302496 ], [ 2.59430167321984, 47.241397172132601 ], [ 2.59427776482234, 47.241328091546002 ], [ 2.59420305321414, 47.241113736136697 ], [ 2.5942103247457, 47.241111871012301 ], [ 2.59435498125496, 47.241073782484001 ], [ 2.59439523702443, 47.2410611574415 ], [ 2.59444158922032, 47.241046474078402 ], [ 2.59452314842493, 47.241020768443803 ], [ 2.59467691915737, 47.2409642737925 ], [ 2.59475793137105, 47.240802372747901 ], [ 2.59477805913601, 47.240778513832304 ], [ 2.59481631548737, 47.240732949659503 ], [ 2.59492402894678, 47.240604514926403 ], [ 2.59497534490321, 47.240543259546897 ], [ 2.59501560206233, 47.240495271556597 ], [ 2.5950385181111, 47.240468001294197 ], [ 2.59509669881758, 47.240407940190501 ], [ 2.59518536056082, 47.240316583948498 ], [ 2.59524049017388, 47.240259654071501 ], [ 2.59534349163868, 47.240158102652302 ], [ 2.59571722522965, 47.239750025059202 ], [ 2.59550469172129, 47.2395229459879 ], [ 2.59514733548213, 47.239200724110397 ], [ 2.5949116525016, 47.2390150386667 ], [ 2.59476131765005, 47.238914564903901 ], [ 2.59461773525971, 47.238810972594102 ], [ 2.59419455241757, 47.238600061432301 ], [ 2.59405839054574, 47.238546873721099 ], [ 2.59388254489122, 47.238499110543501 ], [ 2.59378130478609, 47.238474286422097 ], [ 2.59331616017026, 47.238380260623202 ], [ 2.59277486707992, 47.238226493392403 ], [ 2.59269325491227, 47.238191573157501 ], [ 2.59252965761443, 47.238150062834798 ], [ 2.5920018289729, 47.2380498696009 ], [ 2.59182286911053, 47.238029712737401 ], [ 2.59175099474197, 47.237998967378303 ], [ 2.59159689169123, 47.237943273829401 ], [ 2.59128614920629, 47.237816149373003 ], [ 2.59137429238088, 47.238327410811401 ], [ 2.591394582743, 47.238456203541702 ], [ 2.59145515717141, 47.238634626293603 ], [ 2.59147296972935, 47.238687670195901 ], [ 2.59148398913521, 47.238784047362401 ], [ 2.59142030185304, 47.238804781325399 ], [ 2.59134549791715, 47.238827195594901 ] ] ], [ [ [ 2.62015097469997, 47.241995839851498 ], [ 2.62008268804494, 47.241716216882999 ], [ 2.62001153012959, 47.241339787228398 ], [ 2.62004633233121, 47.241108441435998 ], [ 2.62005728769429, 47.241035969452398 ], [ 2.62007428635674, 47.240929523006798 ], [ 2.62007579119128, 47.240868084389199 ], [ 2.62005209274925, 47.240800189258302 ], [ 2.6199371317012, 47.240509240729999 ], [ 2.61985902557251, 47.2403119871638 ], [ 2.61980684550699, 47.240164828658102 ], [ 2.61976560621638, 47.240022108330699 ], [ 2.61972615186686, 47.239884975521399 ], [ 2.61965915662027, 47.239649604670397 ], [ 2.61961244348411, 47.239475392780498 ], [ 2.6197158909701, 47.239118963193498 ], [ 2.61985170632906, 47.2386340176594 ], [ 2.61987297143626, 47.238557897311402 ], [ 2.61992475811125, 47.238352786919897 ], [ 2.61994587610836, 47.238280618265797 ], [ 2.6196566408832, 47.238203560724102 ], [ 2.61921928878941, 47.238078337639998 ], [ 2.61914496973245, 47.2380546144134 ], [ 2.61905533564445, 47.238046937697298 ], [ 2.61897312355499, 47.238036503460897 ], [ 2.61869821693051, 47.238023265932199 ], [ 2.61845240247024, 47.238025239077103 ], [ 2.61828828652117, 47.238035484135601 ], [ 2.61801158980366, 47.2380528303581 ], [ 2.61783418284536, 47.238075094640102 ], [ 2.61747650427677, 47.238128318578099 ], [ 2.61734692300731, 47.238148579243898 ], [ 2.61717070382855, 47.238171026486597 ], [ 2.6170868060449, 47.238193148217398 ], [ 2.61671952015517, 47.238336662470999 ], [ 2.61657508173145, 47.2383437381772 ], [ 2.61638216385387, 47.23835541575 ], [ 2.61623206630042, 47.238364542931897 ], [ 2.61589879321541, 47.2383852889214 ], [ 2.61569040613704, 47.238436229012002 ], [ 2.61548640707363, 47.238426189792399 ], [ 2.61515152769343, 47.238414545491203 ], [ 2.6150403633555, 47.238406434094003 ], [ 2.61493198742711, 47.238398430881197 ], [ 2.61466078045716, 47.238385286099003 ], [ 2.61454873737628, 47.238392827056302 ], [ 2.61438887165612, 47.238416575821802 ], [ 2.61410619007089, 47.2384551212632 ], [ 2.61400372698408, 47.238487072971999 ], [ 2.61376705634782, 47.238538905744001 ], [ 2.61354496215589, 47.238583854519 ], [ 2.61348654512232, 47.238608219233399 ], [ 2.61343699901777, 47.238628742322099 ], [ 2.6132714943565, 47.238703030075797 ], [ 2.61298157644668, 47.238809996391304 ], [ 2.61287256397539, 47.238853619783001 ], [ 2.61270441458279, 47.238944354883003 ], [ 2.61259001569145, 47.239019982720997 ], [ 2.61247368318971, 47.239141932021703 ], [ 2.61247743078217, 47.239227227390501 ], [ 2.61245935548245, 47.239537923117297 ], [ 2.61266512174036, 47.240145520458498 ], [ 2.61307563756233, 47.240679033122603 ], [ 2.61315763704019, 47.240785583872601 ], [ 2.61318435474172, 47.240820297479601 ], [ 2.61317911257638, 47.240823151858798 ], [ 2.61279860383715, 47.241034796133398 ], [ 2.61290622633366, 47.241076540998698 ], [ 2.61329577422928, 47.241220065860098 ], [ 2.6140004089599, 47.241337945724901 ], [ 2.61427944632321, 47.241383851924503 ], [ 2.6151541947298, 47.241542226607201 ], [ 2.61551709535192, 47.241571960177303 ], [ 2.6160222731664, 47.241617180404802 ], [ 2.61622812909972, 47.241611397997502 ], [ 2.61635299742332, 47.241604438005602 ], [ 2.61656735379539, 47.241570792704401 ], [ 2.61683257700071, 47.2415355055711 ], [ 2.61709799639442, 47.2415654431652 ], [ 2.61750375999544, 47.241605746204002 ], [ 2.61775702733046, 47.241634390819797 ], [ 2.61827123691687, 47.241692585922401 ], [ 2.61831061227635, 47.241689654626498 ], [ 2.61859464262477, 47.241667929450102 ], [ 2.61871568467447, 47.241661764572399 ], [ 2.6188130685838, 47.241656782172498 ], [ 2.61892348551312, 47.241657595261898 ], [ 2.6190959917712, 47.2416588012929 ], [ 2.61915394709527, 47.241662403699799 ], [ 2.61932291590607, 47.241715138319002 ], [ 2.61968697788219, 47.241859647250202 ], [ 2.62010100292321, 47.242037241660803 ], [ 2.62015097469997, 47.241995839851498 ] ] ], [ [ [ 2.62067163903976, 47.231505463250997 ], [ 2.61951607062589, 47.230022505751201 ], [ 2.61946423068947, 47.230051117400599 ], [ 2.61942882885624, 47.229998019958302 ], [ 2.61942099070929, 47.229985039258302 ], [ 2.61937391073906, 47.229901312088103 ], [ 2.61933579315608, 47.229821125402303 ], [ 2.61933032568162, 47.229755171251398 ], [ 2.61937599621317, 47.229739215285299 ], [ 2.6193681466142, 47.2295635096905 ], [ 2.61934987820131, 47.229530337558202 ], [ 2.61930526394345, 47.229453100426603 ], [ 2.61930007297186, 47.229439588243302 ], [ 2.61926168368893, 47.229362371535302 ], [ 2.61915963176214, 47.229208476233602 ], [ 2.61884302352541, 47.2288104588933 ], [ 2.61877872013105, 47.2286975238598 ], [ 2.61875826116965, 47.228641594437299 ], [ 2.61866070512781, 47.228470986297197 ], [ 2.61837561085391, 47.2285966088983 ], [ 2.61820174805252, 47.228673253071499 ], [ 2.61809913967226, 47.228516438052402 ], [ 2.6180291846768, 47.228345380129703 ], [ 2.61795863298708, 47.228256533425103 ], [ 2.61770342876944, 47.228044379158597 ], [ 2.6175022086448, 47.227948268042702 ], [ 2.61749186281203, 47.227934918813801 ], [ 2.61746199704032, 47.2278843597582 ], [ 2.61742028598348, 47.227825028916698 ], [ 2.61731732394823, 47.227672029146198 ], [ 2.61717971339775, 47.227434991055901 ], [ 2.61712725763688, 47.227347914092697 ], [ 2.61705345686655, 47.227270309521003 ], [ 2.61699882223226, 47.227227581932297 ], [ 2.61693298571804, 47.227221242497897 ], [ 2.61686335227255, 47.227152375254001 ], [ 2.61677125558469, 47.227049601297502 ], [ 2.61653460092591, 47.226811874763797 ], [ 2.61643948778014, 47.226854287218003 ], [ 2.61583440798642, 47.2271304960138 ], [ 2.61577774783134, 47.227149466109097 ], [ 2.61552472924863, 47.227260261488603 ], [ 2.6152306728389, 47.227384136165099 ], [ 2.6150454652523, 47.227466994908099 ], [ 2.61463551070177, 47.2276394131624 ], [ 2.61498791232803, 47.227865401291297 ], [ 2.61501904386624, 47.227888353711002 ], [ 2.61508230283849, 47.227944696038001 ], [ 2.61515889554752, 47.228036346431999 ], [ 2.61556571876711, 47.228463113020602 ], [ 2.6155805097592, 47.228481329651402 ], [ 2.6156102422184, 47.228533698298101 ], [ 2.61574262003516, 47.228745981224002 ], [ 2.61582617082528, 47.228825968619603 ], [ 2.61589396206898, 47.228910477135798 ], [ 2.61593324280006, 47.228958375946398 ], [ 2.61594791532636, 47.228974710556002 ], [ 2.61594855655143, 47.228975603953899 ], [ 2.61596112451297, 47.228992381727203 ], [ 2.61605491442899, 47.229097043428801 ], [ 2.61621043412787, 47.229233851239002 ], [ 2.61646385485695, 47.2294347493429 ], [ 2.61651782529812, 47.229478204167101 ], [ 2.61667672094858, 47.229621945613999 ], [ 2.61675566874085, 47.229699117223802 ], [ 2.61691308007427, 47.229845464222798 ], [ 2.61703949339238, 47.229953644933502 ], [ 2.61708149748196, 47.229988696387899 ], [ 2.6171762066747, 47.230096592155 ], [ 2.61729622104189, 47.230210792289199 ], [ 2.61730841971719, 47.230221986977398 ], [ 2.6173462135811, 47.230291559007298 ], [ 2.61738193558807, 47.230356982916199 ], [ 2.61740969733554, 47.230408084163102 ], [ 2.61750719367761, 47.230568438892 ], [ 2.61756300277077, 47.230649134667502 ], [ 2.61757601228898, 47.230659701807099 ], [ 2.61762533545802, 47.230706462773199 ], [ 2.61791440946052, 47.231002931349899 ], [ 2.61805743299449, 47.231149490353801 ], [ 2.61844986853918, 47.231656530293201 ], [ 2.61876490473847, 47.232073169736502 ], [ 2.61897628213333, 47.231971233332899 ], [ 2.61930775664522, 47.231825334445404 ], [ 2.61981706707683, 47.231688498558299 ], [ 2.62020735848825, 47.231588667992703 ], [ 2.62060629606037, 47.231518294403401 ], [ 2.62067163903976, 47.231505463250997 ] ] ], [ [ [ 2.60215809496116, 47.233216219054 ], [ 2.60170633619867, 47.232430779796097 ], [ 2.60155106432367, 47.232142914170502 ], [ 2.60137399589774, 47.231839425582798 ], [ 2.60132298055358, 47.231806957246 ], [ 2.60126747537652, 47.231777525379002 ], [ 2.60120670898667, 47.231762470800497 ], [ 2.60113416955822, 47.231750526649101 ], [ 2.60093777428622, 47.231733024581402 ], [ 2.60082249321604, 47.231731448317198 ], [ 2.60065535130404, 47.231724120587799 ], [ 2.6004964791564, 47.231724473464197 ], [ 2.60036489251019, 47.231731213119097 ], [ 2.60024405548606, 47.231748063784302 ], [ 2.60013972300426, 47.231747613929898 ], [ 2.59995133210204, 47.231737961198903 ], [ 2.59961185645114, 47.231694593252399 ], [ 2.59954892506427, 47.231686363421296 ], [ 2.59931704446399, 47.231647327450297 ], [ 2.5991645018865, 47.231612427554502 ], [ 2.59883131401616, 47.231523651114699 ], [ 2.59874759422744, 47.231504563594498 ], [ 2.59869291076658, 47.231487458112497 ], [ 2.59820299820362, 47.231341905937903 ], [ 2.59786640082734, 47.231249963918899 ], [ 2.59773605257383, 47.231213167514198 ], [ 2.5975356302077, 47.2311548991797 ], [ 2.59624851006425, 47.2307903757698 ], [ 2.59616507829386, 47.230768406489503 ], [ 2.59612146563935, 47.230894734424197 ], [ 2.59607387724236, 47.230989016640798 ], [ 2.5959985818983, 47.231111993124003 ], [ 2.59593631353313, 47.231209195028804 ], [ 2.59582985879405, 47.2313664263364 ], [ 2.59577738840838, 47.231406719819098 ], [ 2.59558203470757, 47.231532329254399 ], [ 2.59560192311003, 47.2318702723787 ], [ 2.59560344605038, 47.2319138240589 ], [ 2.59561800025484, 47.232171957037302 ], [ 2.59564721556634, 47.232795365134798 ], [ 2.59565566856396, 47.232987810608201 ], [ 2.59570972570978, 47.233313376859599 ], [ 2.59575613793511, 47.233550032159798 ], [ 2.59579073375495, 47.233758584625498 ], [ 2.59581093085257, 47.233830614079103 ], [ 2.59585620791669, 47.233921186611397 ], [ 2.59591977513301, 47.234020987680502 ], [ 2.59603320996539, 47.234179255328499 ], [ 2.59611353333486, 47.234279663833597 ], [ 2.59620235758183, 47.234393948123902 ], [ 2.59625150352509, 47.234462306153603 ], [ 2.59639031736544, 47.234652423515399 ], [ 2.59652641639022, 47.2348186919561 ], [ 2.59687260407186, 47.235323204093703 ], [ 2.59725790271872, 47.235964683721598 ], [ 2.59732387181529, 47.236079787935303 ], [ 2.59732517674665, 47.236082043154603 ], [ 2.59736323884532, 47.236148201500001 ], [ 2.59736351237609, 47.236148742614802 ], [ 2.59740587850584, 47.236222658254199 ], [ 2.59754405563721, 47.236463682392198 ], [ 2.59754534804288, 47.236465847537701 ], [ 2.59764012810937, 47.236631241861197 ], [ 2.59775394812239, 47.236829553172001 ], [ 2.59800257395053, 47.237381041333599 ], [ 2.5980721464745, 47.237385864941899 ], [ 2.59830216812707, 47.236974408524802 ], [ 2.59855727240681, 47.2365260551733 ], [ 2.59866983192322, 47.2363304280886 ], [ 2.59875147596028, 47.236152159216999 ], [ 2.59877283219769, 47.236069470877403 ], [ 2.59879448624589, 47.236000008597699 ], [ 2.59878070073509, 47.235882934177198 ], [ 2.59877019405122, 47.2358242359117 ], [ 2.59876090952347, 47.2357576374608 ], [ 2.59875327332277, 47.235702199117398 ], [ 2.59873473685494, 47.235568192069103 ], [ 2.59866664481842, 47.235313916793501 ], [ 2.5986499840631, 47.235158867773301 ], [ 2.59864801143297, 47.234946747137002 ], [ 2.59868588084416, 47.234845759332103 ], [ 2.59871874948176, 47.234672714182103 ], [ 2.59886036268498, 47.234580908056799 ], [ 2.59894630973156, 47.234534166034202 ], [ 2.59900986820115, 47.2344764531802 ], [ 2.59907147808084, 47.234414151150602 ], [ 2.59945868427092, 47.234101104457501 ], [ 2.59960184593301, 47.234013984197297 ], [ 2.59979935321827, 47.233900871369102 ], [ 2.60001959399583, 47.233801970963803 ], [ 2.60011430027782, 47.233766133616697 ], [ 2.60032511774399, 47.233709657114701 ], [ 2.60071814006159, 47.233604967976802 ], [ 2.60105994643692, 47.2335158380873 ], [ 2.60134642832608, 47.233459890167197 ], [ 2.60147945946941, 47.233437138453702 ], [ 2.60154042499521, 47.233427363959699 ], [ 2.60185852178696, 47.233328616305698 ], [ 2.60215809496116, 47.233216219054 ] ] ], [ [ [ 2.60121004346835, 47.258848088188302 ], [ 2.60106553550146, 47.258452320240302 ], [ 2.60093667117636, 47.258158354007897 ], [ 2.60075136617436, 47.2576868857726 ], [ 2.60073235143438, 47.257617364728503 ], [ 2.60063019728674, 47.257142500311602 ], [ 2.60052473627076, 47.256933167122803 ], [ 2.60046510649294, 47.256814756646499 ], [ 2.60039753437815, 47.2566992896502 ], [ 2.6002242369202, 47.2564637226779 ], [ 2.59998845014607, 47.2561550722654 ], [ 2.59985273389106, 47.256053044927903 ], [ 2.59970739872266, 47.255964290180899 ], [ 2.59941224499303, 47.255803050481497 ], [ 2.59923881562529, 47.255708535409397 ], [ 2.59889810043695, 47.255509802825898 ], [ 2.59867937246955, 47.255431055964699 ], [ 2.59862915902728, 47.255414146220403 ], [ 2.5984019499673, 47.2553379712528 ], [ 2.59834738267074, 47.255319785933899 ], [ 2.59778067282291, 47.255115135599901 ], [ 2.59744074733863, 47.255582077492001 ], [ 2.59713361083532, 47.256013508631597 ], [ 2.59744581384862, 47.256364085561799 ], [ 2.59754711530303, 47.256528510872599 ], [ 2.59759500780624, 47.256606496167301 ], [ 2.59767689838258, 47.256749724721402 ], [ 2.59771781880375, 47.256808780157598 ], [ 2.59801445898518, 47.257298275676803 ], [ 2.59804872710339, 47.257361098048399 ], [ 2.59811317362876, 47.257540330484801 ], [ 2.59818208322135, 47.257741715898099 ], [ 2.598202199703, 47.257773087871598 ], [ 2.59826070224423, 47.257864865679601 ], [ 2.5984790397015, 47.258207822178399 ], [ 2.59853037690652, 47.258304787569799 ], [ 2.598588854299, 47.258626763287999 ], [ 2.59860457905373, 47.258908115001802 ], [ 2.59871249402427, 47.2594578489905 ], [ 2.59874321413567, 47.2599059367517 ], [ 2.59906499642749, 47.259866663570001 ], [ 2.60007702228971, 47.259743354965003 ], [ 2.6001959953524, 47.259578422241297 ], [ 2.60048989187199, 47.259362110664497 ], [ 2.60076656967048, 47.259206191947101 ], [ 2.60104077723368, 47.258955267963699 ], [ 2.60113461344447, 47.2588803914485 ], [ 2.60121004346835, 47.258848088188302 ] ] ], [ [ [ 2.60605661094917, 47.250756102888097 ], [ 2.60566398381719, 47.250396461348799 ], [ 2.60558671594755, 47.250374880203999 ], [ 2.60546054332703, 47.250250303883 ], [ 2.60529469973328, 47.250078013164703 ], [ 2.60423180045857, 47.249320171772197 ], [ 2.60414237936353, 47.249390834811997 ], [ 2.60384051296666, 47.249673604947802 ], [ 2.60370935136697, 47.249776426716302 ], [ 2.60345692918026, 47.2499677893734 ], [ 2.60320177988352, 47.250150418530602 ], [ 2.60303104952038, 47.250281075491699 ], [ 2.60325878348483, 47.250391606671101 ], [ 2.60330540997757, 47.250410392751398 ], [ 2.60377754270851, 47.250663443046399 ], [ 2.60391079337949, 47.250742158644996 ], [ 2.60403047131901, 47.250816515454297 ], [ 2.60418092012397, 47.2509263307347 ], [ 2.60428585016079, 47.251010530890703 ], [ 2.60462886983766, 47.251502419452599 ], [ 2.60505316754171, 47.251278536938997 ], [ 2.60559901884218, 47.250997593156697 ], [ 2.60605661094917, 47.250756102888097 ] ] ], [ [ [ 2.62028323924371, 47.248263315377102 ], [ 2.62024984156529, 47.248203563180802 ], [ 2.62022430839992, 47.248134753013801 ], [ 2.6201894677779, 47.247979828611697 ], [ 2.62006353825295, 47.247631642049598 ], [ 2.6199998902643, 47.247573951293298 ], [ 2.61963242180283, 47.247122323687201 ], [ 2.61950740491636, 47.246961701561098 ], [ 2.61925238870941, 47.246655457006398 ], [ 2.61899039575813, 47.2463267001784 ], [ 2.61889736038568, 47.2463325072804 ], [ 2.61871338088852, 47.246343777031797 ], [ 2.61794913765624, 47.2463859419545 ], [ 2.61738844874315, 47.246411884602402 ], [ 2.61675244131431, 47.246439628247899 ], [ 2.61675059903547, 47.246475515922803 ], [ 2.6170335508086, 47.246623716910001 ], [ 2.61707104950988, 47.2466453391933 ], [ 2.61724955293538, 47.246768365229201 ], [ 2.61734724466802, 47.246832912893602 ], [ 2.61759817643326, 47.2469721931623 ], [ 2.61763417867716, 47.246997951564801 ], [ 2.61777853609059, 47.247113391923897 ], [ 2.61781491898188, 47.2471432837607 ], [ 2.61788228810624, 47.247216463632803 ], [ 2.61825680911056, 47.247732345253603 ], [ 2.61834818007646, 47.247851481573498 ], [ 2.61870021444058, 47.248278764122702 ], [ 2.61906859232396, 47.248734538699701 ], [ 2.61907376589085, 47.248730234403197 ], [ 2.61918754588179, 47.248687611255001 ], [ 2.61972362606181, 47.248485999686899 ], [ 2.62028323924371, 47.248263315377102 ] ] ], [ [ [ 2.61429901551851, 47.249164640120703 ], [ 2.61420832127041, 47.249009249061402 ], [ 2.61373259937723, 47.248627148609998 ], [ 2.61370301964012, 47.248587195151998 ], [ 2.61360427233291, 47.248413969418998 ], [ 2.61359858080963, 47.248361509758404 ], [ 2.61359516926458, 47.248321103299403 ], [ 2.61360335167749, 47.248321310618202 ], [ 2.61356732616996, 47.247642207237803 ], [ 2.61358109764309, 47.247528819142197 ], [ 2.61366959568368, 47.247037962797201 ], [ 2.61358125329474, 47.246942392871098 ], [ 2.61331643161805, 47.246825915412003 ], [ 2.61255905974968, 47.246501864874801 ], [ 2.61188552449641, 47.246204089762202 ], [ 2.61163584769143, 47.2460583282868 ], [ 2.61146186021496, 47.245950964358897 ], [ 2.61132257568943, 47.245885903165203 ], [ 2.61101448033053, 47.245727349708197 ], [ 2.61050713976827, 47.245556152727097 ], [ 2.61042165140818, 47.245542199433203 ], [ 2.61021271194098, 47.245500651986198 ], [ 2.6095781665962, 47.245491837200497 ], [ 2.60901127820852, 47.245552883034897 ], [ 2.60874990175312, 47.245635654565298 ], [ 2.60854654060351, 47.245697843126003 ], [ 2.60838487670093, 47.245747307292497 ], [ 2.60773873056812, 47.246110507132101 ], [ 2.60710593741097, 47.246438124888201 ], [ 2.6062157587728, 47.246555705558201 ], [ 2.60615635495827, 47.246532654945803 ], [ 2.60589615114778, 47.2464361441466 ], [ 2.60584226188424, 47.246418333682797 ], [ 2.60554484965838, 47.246353349119502 ], [ 2.60532598761482, 47.246707293009898 ], [ 2.60546952143977, 47.246839391994698 ], [ 2.60550691333011, 47.246874962856801 ], [ 2.60564362152471, 47.247002275962899 ], [ 2.60569216465786, 47.247047868683602 ], [ 2.60622751759897, 47.247556873123898 ], [ 2.60637166761733, 47.247697516587998 ], [ 2.60653936758665, 47.247850465438397 ], [ 2.60688311782378, 47.248173774894397 ], [ 2.60748255723628, 47.248737960940801 ], [ 2.60752195587287, 47.248768856507603 ], [ 2.60777964847864, 47.248972316057397 ], [ 2.60813818876298, 47.249189430823499 ], [ 2.60830657723594, 47.249269160409 ], [ 2.60863668861043, 47.249416379683304 ], [ 2.60898019965249, 47.249539344917899 ], [ 2.60914954505523, 47.249595066305602 ], [ 2.6092329982581, 47.2496188265713 ], [ 2.60928256949862, 47.2496328487453 ], [ 2.60981701467887, 47.2497704898297 ], [ 2.61016326242831, 47.249863157675499 ], [ 2.61017328304539, 47.249865162950499 ], [ 2.61056008447658, 47.249941139892499 ], [ 2.61068653467268, 47.249955869749797 ], [ 2.61090763620455, 47.2499800098036 ], [ 2.61091503424505, 47.2499808448677 ], [ 2.61099178689905, 47.249980652227102 ], [ 2.61111269034071, 47.249978086849502 ], [ 2.61133864066354, 47.249971660202299 ], [ 2.61157411095044, 47.249965165973002 ], [ 2.61186819543433, 47.249947262992997 ], [ 2.61196939016416, 47.2499477006738 ], [ 2.61207818615326, 47.2499556269237 ], [ 2.612137334018, 47.2499600470288 ], [ 2.61293864186305, 47.250025986246797 ], [ 2.61381813906111, 47.250096321564101 ], [ 2.61402246352655, 47.250120570851003 ], [ 2.61420021986413, 47.250129084720498 ], [ 2.61420014055691, 47.250121711255197 ], [ 2.6142069032153, 47.249991833964899 ], [ 2.61426450754675, 47.249442942558801 ], [ 2.61429901551851, 47.249164640120703 ] ] ], [ [ [ 2.61103520200452, 47.250059868483198 ], [ 2.61090205815645, 47.250056540962603 ], [ 2.61066349203383, 47.250035853315801 ], [ 2.61050563587077, 47.250014445990999 ], [ 2.61037168919804, 47.249994208111502 ], [ 2.60996942463772, 47.249902792937299 ], [ 2.60989479542353, 47.249881853725199 ], [ 2.60918034037463, 47.249702041057802 ], [ 2.60894498463292, 47.249620187388203 ], [ 2.60879313887735, 47.249574337673799 ], [ 2.60833927709086, 47.2493848654481 ], [ 2.60824682471706, 47.249346057639698 ], [ 2.60813936096235, 47.249300708089102 ], [ 2.60805896611636, 47.2492547387168 ], [ 2.60768605932647, 47.249016976942102 ], [ 2.60742809207303, 47.248831233564303 ], [ 2.60693813878228, 47.248378880833897 ], [ 2.6061647172166, 47.247654438193202 ], [ 2.60584383838684, 47.247885959741197 ], [ 2.60554859404005, 47.248079432152203 ], [ 2.60511269885068, 47.248375784920199 ], [ 2.6050108012709, 47.248435431869602 ], [ 2.60550458736365, 47.248707445780603 ], [ 2.60599876204723, 47.249304195114803 ], [ 2.60654720829908, 47.250029315655702 ], [ 2.60666074486832, 47.250218703332798 ], [ 2.60673462453165, 47.250342011690101 ], [ 2.60717413926728, 47.250738323335597 ], [ 2.60724085040076, 47.250793429689097 ], [ 2.60728572516817, 47.250835057052903 ], [ 2.6077324764016, 47.251184793070799 ], [ 2.60773707767168, 47.251188409709798 ], [ 2.60774743720809, 47.251196538166901 ], [ 2.60808894627223, 47.251702446423998 ], [ 2.60824200220701, 47.251836995547301 ], [ 2.60896473715329, 47.251378164175499 ], [ 2.60975741579359, 47.250873866003303 ], [ 2.61050803158733, 47.250393710349201 ], [ 2.61103520200452, 47.250059868483198 ] ] ], [ [ [ 2.6200170701513, 47.251709445649396 ], [ 2.61979953880414, 47.251421943320501 ], [ 2.61927322920619, 47.2507139652473 ], [ 2.61917811224064, 47.250601920630899 ], [ 2.61899284052838, 47.250349434976201 ], [ 2.61890771027594, 47.250227619004697 ], [ 2.6187891025091, 47.2500947276476 ], [ 2.61874490553488, 47.250047714369998 ], [ 2.61941110390371, 47.2497392109955 ], [ 2.6186842482681, 47.249053591219102 ], [ 2.61771403141251, 47.248095229276601 ], [ 2.61768629473925, 47.247983495432102 ], [ 2.61768578056709, 47.247981432120099 ], [ 2.61768270779556, 47.247969187328501 ], [ 2.61762719899136, 47.247862304376198 ], [ 2.61756176769982, 47.247756396969798 ], [ 2.6174771800271, 47.247633681318 ], [ 2.61723134106031, 47.247447198504503 ], [ 2.617078776267, 47.247353678950198 ], [ 2.61688365677487, 47.247205948404698 ], [ 2.61677577270648, 47.2471449587525 ], [ 2.61664055263786, 47.247083338466403 ], [ 2.61651403205823, 47.247040274342403 ], [ 2.61629803478076, 47.2469858497236 ], [ 2.61602430597871, 47.2469346545722 ], [ 2.61516351194182, 47.246807104630797 ], [ 2.61514642343611, 47.2468118103451 ], [ 2.61488778639463, 47.246863302364602 ], [ 2.61485051079619, 47.246867850962701 ], [ 2.61454941249251, 47.246891040744401 ], [ 2.61432153198258, 47.246908540511498 ], [ 2.61382794361611, 47.246953036620802 ], [ 2.61378085248337, 47.246978600498302 ], [ 2.61369098992125, 47.247385349186203 ], [ 2.61364865901139, 47.247649950486398 ], [ 2.61365820653022, 47.247898078612103 ], [ 2.61365865909537, 47.2479086942988 ], [ 2.61367749078409, 47.2483735571982 ], [ 2.61368204609218, 47.248401993880499 ], [ 2.61380031222055, 47.248598583525698 ], [ 2.6140592079614, 47.248803383468797 ], [ 2.61427864941784, 47.248984752616103 ], [ 2.61437911093548, 47.249159063748003 ], [ 2.61434744833152, 47.249390957799797 ], [ 2.61434102980341, 47.2494378944875 ], [ 2.61427551028346, 47.250131855928203 ], [ 2.61429123346733, 47.250240219561299 ], [ 2.61449725673432, 47.250451765557997 ], [ 2.61454651928917, 47.250509141381997 ], [ 2.61460625686345, 47.250578966699898 ], [ 2.61462184689922, 47.250597185929898 ], [ 2.61464227499766, 47.250621092926899 ], [ 2.61466389658565, 47.250646354288598 ], [ 2.61468375350072, 47.250641117685703 ], [ 2.61470449392646, 47.250695247724799 ], [ 2.61475318953666, 47.250722939716297 ], [ 2.61487785285692, 47.250856485494701 ], [ 2.61491762138145, 47.250893771637898 ], [ 2.61510342747327, 47.251050738099202 ], [ 2.61524554883813, 47.251146836220997 ], [ 2.61528836296146, 47.251181701611102 ], [ 2.61583211600561, 47.251534617805497 ], [ 2.61610961826618, 47.251708703330202 ], [ 2.61632827855308, 47.251837265019198 ], [ 2.61638787615339, 47.251871645353901 ], [ 2.61643300216711, 47.251897704330297 ], [ 2.6166812361995, 47.2520641383936 ], [ 2.61705498099406, 47.252361696316399 ], [ 2.61737441168798, 47.252622279857498 ], [ 2.61774783532312, 47.2529103005621 ], [ 2.61815731885619, 47.2532171463099 ], [ 2.61823213364197, 47.253267051368297 ], [ 2.61833317002381, 47.253327926908497 ], [ 2.61843985505208, 47.2533754159615 ], [ 2.61866316447394, 47.253461702860697 ], [ 2.61895402511288, 47.253563335783603 ], [ 2.61906559212292, 47.253500458520499 ], [ 2.6197263858213, 47.253158022800001 ], [ 2.61963701996143, 47.253090173667601 ], [ 2.61947498915808, 47.252952540397303 ], [ 2.61969306855763, 47.252847303268801 ], [ 2.61938024982034, 47.252433549332999 ], [ 2.61961752651216, 47.252322613622297 ], [ 2.61982579975413, 47.252240624986001 ], [ 2.61951896625302, 47.251896967788397 ], [ 2.6200170701513, 47.251709445649396 ] ] ], [ [ [ 2.62615312186433, 47.244211503978498 ], [ 2.62572706427975, 47.244106850520403 ], [ 2.62533343426218, 47.2440102136487 ], [ 2.62493479087262, 47.243912307840098 ], [ 2.6248328876897, 47.243844502903002 ], [ 2.62465172731482, 47.243741186743797 ], [ 2.62439411817693, 47.243594076589403 ], [ 2.6242653147656, 47.243520431269403 ], [ 2.62414172679659, 47.243400474781403 ], [ 2.62372228728599, 47.242993857516801 ], [ 2.62365406129101, 47.242927511198197 ], [ 2.62357954421517, 47.242855301655901 ], [ 2.6235184091994, 47.2427958203317 ], [ 2.6234007448075, 47.242698830148697 ], [ 2.62339903573288, 47.242697474191203 ], [ 2.62331928055029, 47.242637122033699 ], [ 2.62322566893167, 47.242518612300003 ], [ 2.62308798723186, 47.242412734081 ], [ 2.62299490228793, 47.242330479777202 ], [ 2.62295311334957, 47.242281675237003 ], [ 2.62294412002481, 47.242265270060003 ], [ 2.62288441038848, 47.2421554228467 ], [ 2.62270942670245, 47.241943721982601 ], [ 2.62258728448204, 47.241750630402102 ], [ 2.62256061896327, 47.2417094372123 ], [ 2.62309379991988, 47.241458951609197 ], [ 2.62310865437533, 47.241412401846901 ], [ 2.62304623179056, 47.241348324662901 ], [ 2.62299305235838, 47.241304614630998 ], [ 2.62294668892006, 47.241267318666701 ], [ 2.62288114618472, 47.241214655687799 ], [ 2.62281140153016, 47.241176824478501 ], [ 2.62276732379315, 47.241152931915998 ], [ 2.62263088056103, 47.2410953656846 ], [ 2.62245111293813, 47.240963169750302 ], [ 2.62229541604305, 47.240884032930701 ], [ 2.62220262147833, 47.240819325169603 ], [ 2.62216094206991, 47.240792829398202 ], [ 2.62185324308573, 47.240596341260698 ], [ 2.62162878375527, 47.2404530239316 ], [ 2.62155515687437, 47.240405465346299 ], [ 2.62149006996617, 47.240363507275902 ], [ 2.62116452095973, 47.240153292858103 ], [ 2.62088204590965, 47.239976321357901 ], [ 2.62060357697145, 47.2397957611716 ], [ 2.62049037147577, 47.239722342594803 ], [ 2.62035663704197, 47.239637702313303 ], [ 2.6201818971876, 47.2395269276875 ], [ 2.62003264690698, 47.239432612282002 ], [ 2.61973865116069, 47.239242735272299 ], [ 2.61972545650586, 47.239446801742602 ], [ 2.61981580415066, 47.2398157325093 ], [ 2.61982505645727, 47.239853277188999 ], [ 2.61986629704892, 47.239995817454599 ], [ 2.61993102402602, 47.240219387150297 ], [ 2.61994482581466, 47.240264139900702 ], [ 2.61997608021058, 47.240364550650703 ], [ 2.62002979452234, 47.240481753045003 ], [ 2.62008544609635, 47.240680292316199 ], [ 2.62013071035682, 47.240833540849898 ], [ 2.62014455363486, 47.240911765804903 ], [ 2.62014926299837, 47.2409375019976 ], [ 2.62015319695137, 47.240979440540997 ], [ 2.62014777613128, 47.241052551854303 ], [ 2.6201444280795, 47.241097968595902 ], [ 2.6201307408249, 47.2412184701314 ], [ 2.62011735647703, 47.241337253133302 ], [ 2.62010664962044, 47.241449400896798 ], [ 2.62010868913711, 47.241497527094403 ], [ 2.62014009356127, 47.241705970819602 ], [ 2.62015978865655, 47.2417773728532 ], [ 2.62017807978483, 47.241843548707699 ], [ 2.62019687570075, 47.241911256672402 ], [ 2.62022917466178, 47.242051147604897 ], [ 2.62024237133596, 47.242108682156001 ], [ 2.62028337545249, 47.242193378931702 ], [ 2.6203159737945, 47.242253479761501 ], [ 2.62032509533103, 47.242270335700603 ], [ 2.62036069418351, 47.2423361180496 ], [ 2.6204065104665, 47.242432074916302 ], [ 2.62044488721276, 47.2425126217735 ], [ 2.62046000145386, 47.2425438836501 ], [ 2.62052504783516, 47.242664903934802 ], [ 2.62077318781562, 47.242990380521498 ], [ 2.62083962336352, 47.243066427610998 ], [ 2.62098164742951, 47.243229174783202 ], [ 2.62101375097604, 47.243265893735497 ], [ 2.62104142363421, 47.243312312119599 ], [ 2.62105289565583, 47.243352114576197 ], [ 2.62108358909676, 47.243457636597199 ], [ 2.62114785805542, 47.243616177224901 ], [ 2.62115560563273, 47.243678006124497 ], [ 2.62115505149974, 47.2437360177587 ], [ 2.62114280670519, 47.243805874767403 ], [ 2.62112545660583, 47.243887319580203 ], [ 2.62108753450298, 47.244036514548903 ], [ 2.6210797975038, 47.244066990433197 ], [ 2.6210576368635, 47.244153812128197 ], [ 2.62104146713193, 47.244217804529796 ], [ 2.62100918971036, 47.244372608582403 ], [ 2.62098143314848, 47.2445068202044 ], [ 2.62103934091149, 47.244517623662396 ], [ 2.62121682248719, 47.244468823741897 ], [ 2.62143265421177, 47.244416457653998 ], [ 2.62163650738409, 47.244354788295396 ], [ 2.62179276381077, 47.244303037366898 ], [ 2.62244804166604, 47.244066718216601 ], [ 2.62247228486302, 47.244095317721801 ], [ 2.62184864485223, 47.244320045677298 ], [ 2.62220291787573, 47.244322109781798 ], [ 2.62247122952031, 47.244356725817902 ], [ 2.62261091499127, 47.2443660031824 ], [ 2.62288997848884, 47.244375634726801 ], [ 2.6230819056449, 47.244413863059002 ], [ 2.62323048869175, 47.244453309649202 ], [ 2.62355474194154, 47.244555112048403 ], [ 2.62367257992971, 47.244592027519403 ], [ 2.6239201500795, 47.244662727725498 ], [ 2.62399525783648, 47.244690591592899 ], [ 2.6242752237933, 47.2447945980444 ], [ 2.62438806127318, 47.2448283366301 ], [ 2.62475110741427, 47.244916874293899 ], [ 2.62519731711183, 47.245051908521098 ], [ 2.62582572956413, 47.2445224095977 ], [ 2.62580283778051, 47.244508300513203 ], [ 2.62615312186433, 47.244211503978498 ] ] ], [ [ [ 2.62108318302716, 47.243625949894401 ], [ 2.62106187271872, 47.243539607305401 ], [ 2.62098499233314, 47.243371680589803 ], [ 2.62092167974598, 47.243285740825002 ], [ 2.62046329988224, 47.242692772285103 ], [ 2.62018389017922, 47.242158860782197 ], [ 2.62017432387583, 47.242128247228102 ], [ 2.6201489018009, 47.242118990182199 ], [ 2.61948413761975, 47.241852049657297 ], [ 2.61929268743883, 47.241766768670502 ], [ 2.61904164179724, 47.241704221486103 ], [ 2.61878724051024, 47.241721642847899 ], [ 2.61827451640354, 47.241750169086799 ], [ 2.61770657993596, 47.241688555891699 ], [ 2.61732594639236, 47.241644465340897 ], [ 2.61698131902719, 47.241608414877 ], [ 2.61682846925354, 47.241592524209402 ], [ 2.61654632498065, 47.241629636942001 ], [ 2.61637375980682, 47.241655237013902 ], [ 2.61609625354174, 47.241670325346298 ], [ 2.61641616634797, 47.241855624741397 ], [ 2.61535926570734, 47.242888110866097 ], [ 2.61533247608734, 47.242883439612598 ], [ 2.61482881420711, 47.242700669009103 ], [ 2.61455939588143, 47.242602796476298 ], [ 2.61444556590426, 47.242561482679903 ], [ 2.61393381549885, 47.242325880319797 ], [ 2.61381979448232, 47.242274500228099 ], [ 2.61352777960746, 47.242142807822802 ], [ 2.6133158311511, 47.242043233332801 ], [ 2.61331370996364, 47.242042235959701 ], [ 2.61316759834946, 47.241973562002002 ], [ 2.61279133387207, 47.241802100681902 ], [ 2.61253121337229, 47.241660708271802 ], [ 2.61250741058585, 47.241681947164899 ], [ 2.61229482289877, 47.241871400938201 ], [ 2.6121016044941, 47.241774407596203 ], [ 2.61168361187877, 47.2421464952441 ], [ 2.61165836245864, 47.242131835279302 ], [ 2.61124580338147, 47.241919762148498 ], [ 2.61089771802119, 47.241740745825901 ], [ 2.61080771048242, 47.241694475850302 ], [ 2.61062062603649, 47.241537677533401 ], [ 2.61060933849126, 47.241528285799497 ], [ 2.61054513726138, 47.241474539992602 ], [ 2.61049004403883, 47.241439091267601 ], [ 2.61036579831862, 47.241378310564301 ], [ 2.61024181660931, 47.241317620640203 ], [ 2.61013374910661, 47.241264537377198 ], [ 2.61001622177611, 47.241207109889899 ], [ 2.60981890685519, 47.241076185661399 ], [ 2.60954948779159, 47.240907954083397 ], [ 2.609501758787, 47.2408798128792 ], [ 2.60933117570484, 47.2407962061151 ], [ 2.60926132019314, 47.240758636423699 ], [ 2.60905962113271, 47.240683918109099 ], [ 2.60886490338585, 47.240616335143798 ], [ 2.60889308470563, 47.240356719585797 ], [ 2.60885995392948, 47.240353555898999 ], [ 2.60876246874334, 47.240354478368502 ], [ 2.60840003070479, 47.240424403348598 ], [ 2.60818087835218, 47.240464859431903 ], [ 2.60772231885145, 47.2405115995047 ], [ 2.60716506696166, 47.240597678439201 ], [ 2.60663699951733, 47.240684024767297 ], [ 2.6064560268629, 47.240738282259997 ], [ 2.60607132554397, 47.240944848794499 ], [ 2.60558425735999, 47.241254966313598 ], [ 2.60571182269839, 47.241278708238198 ], [ 2.60611580615479, 47.241342245136202 ], [ 2.60629241982707, 47.241376317107701 ], [ 2.60657561441327, 47.241431348734899 ], [ 2.60719950378052, 47.241732309382499 ], [ 2.60735368052142, 47.241854008226298 ], [ 2.60751320094674, 47.241969963204099 ], [ 2.6077044911998, 47.242109153437099 ], [ 2.60809989831878, 47.2423003939439 ], [ 2.60827673885645, 47.242392846265098 ], [ 2.60837754005603, 47.242445366528599 ], [ 2.60841491590247, 47.242464830601001 ], [ 2.60849940912095, 47.242505781202397 ], [ 2.60862011765579, 47.242564031176201 ], [ 2.60890020071582, 47.242684532336298 ], [ 2.60891178526624, 47.242689432878301 ], [ 2.60891783473251, 47.242691965040699 ], [ 2.60937326852458, 47.242894116810703 ], [ 2.60946004264695, 47.242932463596802 ], [ 2.61031868717793, 47.243271450858003 ], [ 2.6103715629712, 47.243284763509202 ], [ 2.61040597840315, 47.2432933417019 ], [ 2.61044908933279, 47.243304190774097 ], [ 2.61051000159244, 47.243319510958202 ], [ 2.6110000997075, 47.243442602822299 ], [ 2.61111728518628, 47.243476828102303 ], [ 2.61126224993764, 47.243521481514001 ], [ 2.61154194691585, 47.243607260455803 ], [ 2.61210237994876, 47.243778090554102 ], [ 2.6121050048309, 47.243778909579298 ], [ 2.61242397872145, 47.243876053146302 ], [ 2.61265171498877, 47.243946621166401 ], [ 2.61277099768521, 47.243983642607397 ], [ 2.61315921963633, 47.244057086168901 ], [ 2.61350217477233, 47.244127145575703 ], [ 2.61406680331151, 47.244265777399796 ], [ 2.61446192242622, 47.244319991744 ], [ 2.61472176481022, 47.244353247161897 ], [ 2.61476691036038, 47.244358978837901 ], [ 2.61519177996308, 47.244425614232298 ], [ 2.61534144416583, 47.244462823861298 ], [ 2.6154218792463, 47.244482698562599 ], [ 2.61549426304936, 47.2445007549709 ], [ 2.61560543022033, 47.244528734855699 ], [ 2.61578619332525, 47.244574590567197 ], [ 2.61590302308729, 47.244603858309503 ], [ 2.61622121042769, 47.244683181401399 ], [ 2.61632419797004, 47.244708891845903 ], [ 2.61637139721527, 47.244721462744202 ], [ 2.61650626445172, 47.244757532576401 ], [ 2.6168253087796, 47.244809605644498 ], [ 2.61714580542595, 47.244862033732403 ], [ 2.61808259921563, 47.245034806001499 ], [ 2.61836268931379, 47.2450845858652 ], [ 2.61840360700073, 47.245106849174597 ], [ 2.61881349891808, 47.245329582837599 ], [ 2.61897287893204, 47.245414308943197 ], [ 2.61914343160912, 47.245411187145699 ], [ 2.61926065289531, 47.245294185866101 ], [ 2.61935579376587, 47.245214797296903 ], [ 2.61945275060131, 47.245142166635098 ], [ 2.61955559590936, 47.245076208208701 ], [ 2.6195940845017, 47.245051333975901 ], [ 2.61970110963788, 47.244992492264601 ], [ 2.61984516752679, 47.244925768467901 ], [ 2.62009070056309, 47.244820260259502 ], [ 2.62013310778603, 47.244802042681002 ], [ 2.62045418534976, 47.244678964811001 ], [ 2.62055644028367, 47.244640164717701 ], [ 2.62071606031292, 47.244597248896902 ], [ 2.62078806801825, 47.2445751757108 ], [ 2.62087934291353, 47.244501715022103 ], [ 2.62097476761264, 47.244162084842699 ], [ 2.62106560827442, 47.243795548477102 ], [ 2.62108318302716, 47.243625949894401 ] ] ], [ [ [ 2.61027552153737, 47.243321054781902 ], [ 2.6101269263309, 47.243264954473702 ], [ 2.60989010831256, 47.243171502008799 ], [ 2.60941910164025, 47.242985126624099 ], [ 2.60905385995304, 47.242823764398501 ], [ 2.60862140471401, 47.242623318419099 ], [ 2.60854234012651, 47.242597501800901 ], [ 2.60804909773259, 47.242347180413297 ], [ 2.60793306588777, 47.242298569557398 ], [ 2.60762967829635, 47.242171154103303 ], [ 2.60741922178315, 47.2420135513132 ], [ 2.60731624443582, 47.241917125563397 ], [ 2.6071396073236, 47.241777363135498 ], [ 2.60695715810045, 47.241673285522502 ], [ 2.60674613188801, 47.241576042791898 ], [ 2.60664546285917, 47.241525772210302 ], [ 2.60651948426684, 47.241485579725499 ], [ 2.60549823290603, 47.241302577148097 ], [ 2.60540683268621, 47.241353149525203 ], [ 2.60530996623139, 47.241337956326902 ], [ 2.60488167319979, 47.241254626813799 ], [ 2.60483851482531, 47.241250608559902 ], [ 2.60227944876913, 47.242202521396898 ], [ 2.60211704711088, 47.242282646623501 ], [ 2.60192853108705, 47.24239201284 ], [ 2.60170124256229, 47.242543972485798 ], [ 2.60164693522423, 47.242565464475703 ], [ 2.60111981594334, 47.242839171614797 ], [ 2.60089719351177, 47.2429496701875 ], [ 2.60044481883096, 47.243174431622201 ], [ 2.60015781377839, 47.243311426969598 ], [ 2.60061757942736, 47.243458846564899 ], [ 2.60120853471305, 47.243641259026298 ], [ 2.60136180207036, 47.2436883841279 ], [ 2.60172818086117, 47.2438010157734 ], [ 2.60187105056948, 47.243845592723297 ], [ 2.60258751772132, 47.2440434545179 ], [ 2.6031144393351, 47.244185782672403 ], [ 2.6035576063448, 47.244153394484101 ], [ 2.60460600092327, 47.2440890847408 ], [ 2.60480859833567, 47.244076649456701 ], [ 2.6050631480781, 47.244060978752699 ], [ 2.6058214492204, 47.244014818372897 ], [ 2.60613801263587, 47.243954198493299 ], [ 2.60660198760054, 47.243874371035098 ], [ 2.60678968563633, 47.2438581906287 ], [ 2.60879969909007, 47.243671908265902 ], [ 2.60948052076093, 47.243509426568401 ], [ 2.61027552153737, 47.243321054781902 ] ] ], [ [ [ 2.62623185629305, 47.245908685639101 ], [ 2.62622179406952, 47.245874650019701 ], [ 2.62597309724753, 47.245639687940503 ], [ 2.62580618170509, 47.245482979616199 ], [ 2.62546832522452, 47.245248718945099 ], [ 2.625230682001, 47.245116871813202 ], [ 2.62504884014602, 47.2450517886084 ], [ 2.62473061217555, 47.244959084648599 ], [ 2.62436374078453, 47.244869274152897 ], [ 2.62402897813061, 47.244778225201003 ], [ 2.62393700840395, 47.244745544241802 ], [ 2.62363558235411, 47.244628962561499 ], [ 2.62306332750598, 47.244444573907799 ], [ 2.62253276535864, 47.2443968621495 ], [ 2.62246477687195, 47.244390789046101 ], [ 2.62212103487572, 47.244355576095401 ], [ 2.62185734847475, 47.244358848709801 ], [ 2.62172754127594, 47.2443905379603 ], [ 2.62161037449381, 47.244427570908499 ], [ 2.62150757234765, 47.244469151980098 ], [ 2.62143855701133, 47.244496267893602 ], [ 2.62129079213928, 47.2445435447259 ], [ 2.62114243238386, 47.244583275160203 ], [ 2.62095064008106, 47.244619793510999 ], [ 2.6208993200892, 47.244720906153901 ], [ 2.62091956756714, 47.244791139420599 ], [ 2.62097998870416, 47.244949937555397 ], [ 2.62105728823479, 47.245114984666998 ], [ 2.62108086101734, 47.245163640281199 ], [ 2.62110974904417, 47.2452234676052 ], [ 2.62115186652269, 47.245300785379698 ], [ 2.62123096976908, 47.245416368400797 ], [ 2.62144771484517, 47.245681737583503 ], [ 2.62169711739661, 47.246016560662298 ], [ 2.62174573069529, 47.246091567685198 ], [ 2.62176003835953, 47.246123096791997 ], [ 2.62181600288926, 47.246166096161197 ], [ 2.62183044669285, 47.246204593790303 ], [ 2.62209599155373, 47.246511911315103 ], [ 2.6240140219207, 47.246262991865699 ], [ 2.62408602793001, 47.246316926402997 ], [ 2.62419682996261, 47.246415342915803 ], [ 2.62432325939359, 47.246547804125299 ], [ 2.62441559228, 47.246659565592601 ], [ 2.62446206426819, 47.246719989145198 ], [ 2.62450350646864, 47.246707438554402 ], [ 2.62452989236881, 47.246694578119602 ], [ 2.62474578488275, 47.246592637252199 ], [ 2.62623185629305, 47.245908685639101 ] ] ], [ [ [ 2.6197684843864, 47.246160426580701 ], [ 2.61945739063946, 47.245880088300197 ], [ 2.61915995744035, 47.245612739894703 ], [ 2.61893234398548, 47.245464824941301 ], [ 2.61880737786885, 47.245392986754403 ], [ 2.6186300829353, 47.245302889905098 ], [ 2.61848364031954, 47.245220906700297 ], [ 2.61842535351024, 47.245188962375103 ], [ 2.61837362551406, 47.245160541658002 ], [ 2.61831632749, 47.245138314448297 ], [ 2.61814231249006, 47.245105979980401 ], [ 2.61803283121098, 47.245084120931999 ], [ 2.61794034211974, 47.245069150821003 ], [ 2.6175502690374, 47.244993817666199 ], [ 2.61731794189023, 47.244951935801502 ], [ 2.61711796359967, 47.244912140885504 ], [ 2.61692681179273, 47.244895313675897 ], [ 2.616834577786, 47.244879884384503 ], [ 2.61661518283041, 47.244841473870501 ], [ 2.61648222807069, 47.244813404895297 ], [ 2.61569979707337, 47.244613709107902 ], [ 2.61516434731368, 47.244473741692403 ], [ 2.61475671002715, 47.244417237484399 ], [ 2.61472133037733, 47.244413878958497 ], [ 2.61468898937146, 47.244410800600399 ], [ 2.61417815106801, 47.244340276256999 ], [ 2.61404752024069, 47.244320314646899 ], [ 2.61370550849216, 47.244230922188102 ], [ 2.61350323449601, 47.2441820296267 ], [ 2.61334096237365, 47.244151887712697 ], [ 2.61275545254746, 47.244032970560603 ], [ 2.61272102712514, 47.244025662419403 ], [ 2.61248455376636, 47.2439566768251 ], [ 2.61240641139657, 47.243930775923197 ], [ 2.61167652179112, 47.2446824998582 ], [ 2.61215229672645, 47.244923924376501 ], [ 2.61227039329613, 47.244979019781297 ], [ 2.61249366110625, 47.245083225243199 ], [ 2.6129024085656, 47.245261358649302 ], [ 2.61309332817729, 47.245328840939003 ], [ 2.61320766263753, 47.245374208901801 ], [ 2.61336484897711, 47.245448411262998 ], [ 2.61347941440694, 47.245516889667797 ], [ 2.61350149406354, 47.245533240155403 ], [ 2.61314790175991, 47.246001444027101 ], [ 2.6131301611384, 47.246025133971202 ], [ 2.61332802712876, 47.2461014526653 ], [ 2.61345120594468, 47.246147110938402 ], [ 2.61353767566574, 47.246173759070899 ], [ 2.61363468652202, 47.246203503180404 ], [ 2.61407218888117, 47.2463520462424 ], [ 2.61424235116301, 47.246403801809599 ], [ 2.61435114640252, 47.246431153787697 ], [ 2.6144596000085, 47.246450852231298 ], [ 2.61474296784597, 47.246484734920003 ], [ 2.6150480041055, 47.246520561412297 ], [ 2.61527316860892, 47.246547947676198 ], [ 2.61559632842432, 47.246469507563397 ], [ 2.61581881172691, 47.2464114212464 ], [ 2.61600475060624, 47.246364718942203 ], [ 2.61604335137298, 47.246361524766499 ], [ 2.61640816929526, 47.246368043766303 ], [ 2.61664199438187, 47.246367475631203 ], [ 2.61674195927648, 47.246372577505497 ], [ 2.61704308109067, 47.246362246974499 ], [ 2.61717749927919, 47.246354327313298 ], [ 2.617309642884, 47.246346490016798 ], [ 2.61766234067382, 47.246332105815299 ], [ 2.61773910729531, 47.246329207962098 ], [ 2.61798383877675, 47.246319400294396 ], [ 2.618187630625, 47.246307044592399 ], [ 2.61914292614097, 47.246259014816403 ], [ 2.61971947689718, 47.246233133716899 ], [ 2.6197589018276, 47.246225520682898 ], [ 2.6197684843864, 47.246160426580701 ] ] ], [ [ [ 2.59868788327895, 47.243430712354403 ], [ 2.59860170358812, 47.243437616226501 ], [ 2.59841521187429, 47.243522244250997 ], [ 2.59822280054775, 47.243601089722198 ], [ 2.59792414925587, 47.243740469924099 ], [ 2.5970566353056, 47.244130454202299 ], [ 2.596694379693, 47.244293980541499 ], [ 2.59650027439456, 47.244405830225702 ], [ 2.59622383317147, 47.244646122764998 ], [ 2.59601842296307, 47.244907449397097 ], [ 2.59586562558715, 47.245214827866199 ], [ 2.59576325092626, 47.245493870295398 ], [ 2.59567963729689, 47.245788453690899 ], [ 2.5956207224563, 47.246050920425397 ], [ 2.59559988130631, 47.246185240242497 ], [ 2.59558691585711, 47.246397397957402 ], [ 2.59559879067379, 47.246625568082003 ], [ 2.5956563396027, 47.247031827017601 ], [ 2.59573084301524, 47.247572906500103 ], [ 2.5967317764252, 47.247576688805999 ], [ 2.59672678280511, 47.247486266253802 ], [ 2.59670588976742, 47.247298181043597 ], [ 2.59667198704227, 47.246993834595202 ], [ 2.59668067101025, 47.246876028336203 ], [ 2.59672257117159, 47.246646424904 ], [ 2.5968027872631, 47.246326549444802 ], [ 2.59683345937489, 47.246236610969397 ], [ 2.59686724449227, 47.246188158800102 ], [ 2.59697316749549, 47.246085977107498 ], [ 2.59707147462387, 47.245978556281202 ], [ 2.59730556041332, 47.245646449123697 ], [ 2.59748651866109, 47.245403301930601 ], [ 2.59760836627947, 47.245273293505598 ], [ 2.59772206939955, 47.245191016096499 ], [ 2.59781896421613, 47.245112920555897 ], [ 2.59790480236172, 47.244992950973 ], [ 2.59807478071448, 47.244769543707903 ], [ 2.59812977530511, 47.244693733387798 ], [ 2.59836287233557, 47.2443861799552 ], [ 2.59847715195859, 47.2442776338534 ], [ 2.59859569151109, 47.244182786514699 ], [ 2.59860768689983, 47.244134339399402 ], [ 2.59859010773313, 47.243960301006901 ], [ 2.59857415513088, 47.243849962470698 ], [ 2.59855199381182, 47.243740772785102 ], [ 2.59866235068317, 47.243574829559201 ], [ 2.59868675913677, 47.243526425389 ], [ 2.59868788327895, 47.243430712354403 ] ] ], [ [ [ 2.60138602945592, 47.247164810669297 ], [ 2.60137063903207, 47.247049072990102 ], [ 2.6012973083866, 47.246944920643799 ], [ 2.60117972003918, 47.246770538963702 ], [ 2.60107497242623, 47.246592240134298 ], [ 2.60100108951027, 47.246509224037197 ], [ 2.60078304444798, 47.246271792341403 ], [ 2.6002915556139, 47.245841003014398 ], [ 2.60002797778685, 47.245615197401897 ], [ 2.59983949539362, 47.245470971846601 ], [ 2.59962764685992, 47.245272594998802 ], [ 2.59940027803724, 47.245030005809603 ], [ 2.59925760517379, 47.244925162346398 ], [ 2.599070957762, 47.244730472603798 ], [ 2.59893847792237, 47.244604525596102 ], [ 2.59872719162127, 47.2443511963696 ], [ 2.59864414237285, 47.244363584761302 ], [ 2.59851767805142, 47.244439697058603 ], [ 2.59841353696349, 47.244534234069398 ], [ 2.59837463253772, 47.244595812947701 ], [ 2.59831914496775, 47.244700511394797 ], [ 2.59823741465411, 47.244801697855401 ], [ 2.59802020897935, 47.2450522648816 ], [ 2.59792076503438, 47.245170755936797 ], [ 2.59774034133593, 47.245326912445897 ], [ 2.5976064513996, 47.245458508708197 ], [ 2.59750592110139, 47.245562951390802 ], [ 2.59734551622318, 47.245794295394603 ], [ 2.59701422993092, 47.246228974853402 ], [ 2.59692632601555, 47.246394715337999 ], [ 2.59683453185188, 47.246707177397901 ], [ 2.59687837240713, 47.246901095137403 ], [ 2.59688320878662, 47.246979012393901 ], [ 2.59823718213572, 47.246989689218402 ], [ 2.59896925956014, 47.246995122212901 ], [ 2.59970293102149, 47.247404453520701 ], [ 2.59992421956114, 47.247527563975503 ], [ 2.60019916333597, 47.247680450891004 ], [ 2.6004462833819, 47.247564006393397 ], [ 2.60080091233741, 47.247414117363199 ], [ 2.60138602945592, 47.247164810669297 ] ] ], [ [ [ 2.6041927049109, 47.249273449383097 ], [ 2.60353663341116, 47.2484897199814 ], [ 2.60330067847616, 47.248207821715198 ], [ 2.60225305157643, 47.246956251274597 ], [ 2.60208154715377, 47.246043859622297 ], [ 2.6013350679967, 47.245660949073603 ], [ 2.6007649229873, 47.245368487954401 ], [ 2.60019527144727, 47.245076277753903 ], [ 2.60007529156766, 47.245014726575697 ], [ 2.59971457503158, 47.245236560161999 ], [ 2.59969771168955, 47.245248196472197 ], [ 2.59979739429908, 47.245326269984503 ], [ 2.60027828181855, 47.245725452470303 ], [ 2.60036347275649, 47.2457969035395 ], [ 2.60078107813077, 47.246164473273502 ], [ 2.60084289822952, 47.246235663455202 ], [ 2.60115384919807, 47.2465563565883 ], [ 2.60131191797269, 47.246811118628798 ], [ 2.60145076712082, 47.247021016900497 ], [ 2.60155747369843, 47.247185016784698 ], [ 2.6017335935175, 47.247500374382 ], [ 2.60192780916558, 47.247816523005199 ], [ 2.6020653111505, 47.248032267571901 ], [ 2.60217899017383, 47.2481997027554 ], [ 2.60223107705332, 47.248302170128902 ], [ 2.60227274578416, 47.248452901232099 ], [ 2.60231452472376, 47.248626301487398 ], [ 2.60234361999392, 47.248782463064899 ], [ 2.60236267917428, 47.248883376658398 ], [ 2.60241636551715, 47.249159457438203 ], [ 2.60247385334144, 47.249423946715901 ], [ 2.60254578139863, 47.2498223375108 ], [ 2.60259506421264, 47.249928837246401 ], [ 2.60265051293665, 47.250020422612401 ], [ 2.60291896745601, 47.250252711391298 ], [ 2.60297603730894, 47.250252006521798 ], [ 2.60378666426087, 47.249649941946899 ], [ 2.60418282614635, 47.249279159384997 ], [ 2.6041927049109, 47.249273449383097 ] ] ] ] } },
{ "type": "Feature", "properties": { "Name": null, "id": "" }, "geometry": { "type": "MultiPolygon", "coordinates": [ [ [ [ 2.51783433010473, 47.2222162116839 ], [ 2.51749965331003, 47.222021482765101 ], [ 2.51693760332042, 47.222467204355098 ], [ 2.51679860693362, 47.2225792415814 ], [ 2.51660774671394, 47.2227303777779 ], [ 2.51651935365528, 47.222794865598402 ], [ 2.51641644229678, 47.222814674671802 ], [ 2.51632756747492, 47.222757801965798 ], [ 2.5159323476879, 47.2230793632218 ], [ 2.51570768758585, 47.223214871863902 ], [ 2.51548594581069, 47.223350500301599 ], [ 2.51526454840844, 47.223506449173399 ], [ 2.51508751230267, 47.223633170925702 ], [ 2.51474278537957, 47.223932981369799 ], [ 2.51431008890682, 47.224306461562698 ], [ 2.5139859914721, 47.224587738277897 ], [ 2.51437885796699, 47.224847028234898 ], [ 2.51611177609369, 47.2234457900054 ], [ 2.51619671846197, 47.223368423037201 ], [ 2.5163074852619, 47.223226127225999 ], [ 2.51647823032618, 47.223107831035399 ], [ 2.51663625935192, 47.222936859928502 ], [ 2.51669665990645, 47.222900677286198 ], [ 2.5169868492202, 47.2226871690808 ], [ 2.51706281749923, 47.222639095341002 ], [ 2.51717214193685, 47.222581986608198 ], [ 2.51726537775038, 47.222521110594897 ], [ 2.51735301432189, 47.222467143381998 ], [ 2.5175383235185, 47.222345224096799 ], [ 2.51778839011187, 47.222244802665301 ], [ 2.51783433010473, 47.2222162116839 ] ] ], [ [ [ 2.56261437410458, 47.2230554380127 ], [ 2.5613605734519, 47.222590412856 ], [ 2.56068772723071, 47.222340836203301 ], [ 2.56050685554788, 47.222565707112103 ], [ 2.56040496449159, 47.222692368475201 ], [ 2.55937221783863, 47.2222633428511 ], [ 2.5586326578951, 47.222942177371102 ], [ 2.56014560460913, 47.2237449750358 ], [ 2.56023354414658, 47.223652129597099 ], [ 2.56032036670448, 47.223564942622602 ], [ 2.56036351548882, 47.223519498036097 ], [ 2.56038697116605, 47.223493766929202 ], [ 2.56053195959001, 47.223349137360898 ], [ 2.56064971771683, 47.223224723745403 ], [ 2.56081953512602, 47.223303538769997 ], [ 2.56098998577423, 47.223385786012301 ], [ 2.5612754205448, 47.223521629906102 ], [ 2.56191846979901, 47.223748610326098 ], [ 2.56228463344169, 47.2238772034326 ], [ 2.56242720138653, 47.223527631359701 ], [ 2.5624907813301, 47.223358402408302 ], [ 2.56261437410458, 47.2230554380127 ] ] ], [ [ [ 2.56227076238467, 47.223910704529501 ], [ 2.5612546214951, 47.223560326296401 ], [ 2.56080584968615, 47.223346583389102 ], [ 2.56068194194737, 47.223288720863799 ], [ 2.56065036778412, 47.223290752857203 ], [ 2.56047312170267, 47.223470974422298 ], [ 2.56028362850174, 47.223665193636997 ], [ 2.5602476369087, 47.223704813517301 ], [ 2.56012845773795, 47.2238266104996 ], [ 2.56027886905596, 47.223888535390103 ], [ 2.56031167393529, 47.223899274154903 ], [ 2.5605068521726, 47.2239765743088 ], [ 2.56067084849657, 47.224041872231702 ], [ 2.56067821934199, 47.224043889790899 ], [ 2.56067811788552, 47.224074111847898 ], [ 2.56064220742053, 47.224056879391298 ], [ 2.56055827514959, 47.224018326264201 ], [ 2.56040213004053, 47.2239609714305 ], [ 2.56039088424168, 47.223956076262397 ], [ 2.55948477785097, 47.224828033523004 ], [ 2.55972529713864, 47.224949341948502 ], [ 2.55979145691872, 47.224981256114603 ], [ 2.5600332573428, 47.225107673346997 ], [ 2.56015399940586, 47.225005220477598 ], [ 2.56028570885554, 47.224886721065197 ], [ 2.56034249209022, 47.224917879120703 ], [ 2.5603883413686, 47.224946393867 ], [ 2.56069684743563, 47.225119031028697 ], [ 2.56085449681303, 47.225199780420901 ], [ 2.56100170815146, 47.225283551016602 ], [ 2.5611837463295, 47.225387970672202 ], [ 2.56164135245623, 47.225462129759698 ], [ 2.56170403143157, 47.225306744260301 ], [ 2.56178257700476, 47.225101669189002 ], [ 2.5618086150495, 47.2250493262693 ], [ 2.56190828906262, 47.224795850841502 ], [ 2.56197532348137, 47.224623115202803 ], [ 2.56199570544923, 47.224586937910203 ], [ 2.56203288757381, 47.2244951507178 ], [ 2.56209244990002, 47.224334351495401 ], [ 2.56173061589702, 47.224207664776401 ], [ 2.56142763170821, 47.224103598601801 ], [ 2.56146345318955, 47.224066939645098 ], [ 2.56211507665022, 47.224296751212499 ], [ 2.56217768816184, 47.224133082555298 ], [ 2.56227076238467, 47.223910704529501 ] ] ], [ [ [ 2.56162661438438, 47.225504621286902 ], [ 2.56145608306202, 47.225478336221798 ], [ 2.56119178506766, 47.225437741615998 ], [ 2.56114064522077, 47.225425853356199 ], [ 2.56079955702872, 47.225234116035303 ], [ 2.56051850337602, 47.225080300089502 ], [ 2.56029834449458, 47.224956036616803 ], [ 2.5601488236602, 47.225088683888202 ], [ 2.56009309184508, 47.225137411656704 ], [ 2.56007851918783, 47.225143379228498 ], [ 2.56000262859055, 47.225216950216499 ], [ 2.5598956310674, 47.2253192660514 ], [ 2.55974629516811, 47.225461366443099 ], [ 2.55966004721672, 47.225544062719798 ], [ 2.55958096173641, 47.225621933632297 ], [ 2.55950646128908, 47.225688577407098 ], [ 2.55935574374874, 47.2257119250038 ], [ 2.5591489571242, 47.225742711555199 ], [ 2.55886589583399, 47.225783992842601 ], [ 2.55872970657723, 47.225805144215002 ], [ 2.55859298196203, 47.225825492139101 ], [ 2.55849723939688, 47.225842583943802 ], [ 2.55850995050071, 47.2258863499924 ], [ 2.55871772656774, 47.226582418902801 ], [ 2.55887803740672, 47.226582137816798 ], [ 2.55897698022119, 47.226579453358902 ], [ 2.55917030843235, 47.226578667290802 ], [ 2.55924216322375, 47.226575429445099 ], [ 2.55932961757877, 47.226539336607502 ], [ 2.55939192777679, 47.226510611454103 ], [ 2.55958115952996, 47.226430647468398 ], [ 2.55973144758825, 47.226364741687803 ], [ 2.55978284566446, 47.226345148734602 ], [ 2.55987603272785, 47.226302865320399 ], [ 2.55990158337775, 47.2262942386159 ], [ 2.56012252243985, 47.226213763931298 ], [ 2.56022978326845, 47.2261763951551 ], [ 2.56044900633001, 47.226093932720502 ], [ 2.5607675163198, 47.225982605034197 ], [ 2.56087811746022, 47.225942286392602 ], [ 2.56130855203862, 47.226012112503298 ], [ 2.56137883267536, 47.2260235329476 ], [ 2.56142807207075, 47.226010863257002 ], [ 2.56148047540347, 47.225869465398397 ], [ 2.56156101732283, 47.225659635584101 ], [ 2.56162661438438, 47.225504621286902 ] ] ], [ [ [ 2.56169299085137, 47.228050009521901 ], [ 2.56168989604468, 47.227991893762002 ], [ 2.56167474086137, 47.227908713620003 ], [ 2.5616642312176, 47.227837695815602 ], [ 2.56163969545901, 47.227721737011102 ], [ 2.56159211401938, 47.227501618672903 ], [ 2.56151736394929, 47.227213021253 ], [ 2.56144320282181, 47.227012761468401 ], [ 2.5613956000179, 47.2268764769969 ], [ 2.56136585853314, 47.226784787950102 ], [ 2.56133589894223, 47.226669618756802 ], [ 2.56132988552416, 47.2266145438591 ], [ 2.56131767084478, 47.226509605971501 ], [ 2.56132858619776, 47.226307156217501 ], [ 2.56138217693042, 47.226132038404899 ], [ 2.56139224235863, 47.226096992562098 ], [ 2.56136722628072, 47.226070897798998 ], [ 2.5608653162064, 47.225988647358797 ], [ 2.56072026538386, 47.226043059869703 ], [ 2.5604371230972, 47.226142727876898 ], [ 2.5602200223747, 47.226224208032001 ], [ 2.56013552211871, 47.226253119510503 ], [ 2.56001473056429, 47.226296648775197 ], [ 2.55986349250505, 47.2263511267561 ], [ 2.55979604936218, 47.226377311884399 ], [ 2.5596261376804, 47.226452677166698 ], [ 2.55955110910495, 47.226486845830102 ], [ 2.55947344252407, 47.226521985724801 ], [ 2.55943819133137, 47.226537057484897 ], [ 2.55925321898542, 47.2266116357493 ], [ 2.55922901906194, 47.226616675328202 ], [ 2.55908595116083, 47.226623855618797 ], [ 2.55895362613341, 47.226623172147299 ], [ 2.55862053143544, 47.226629808720404 ], [ 2.5582174821699, 47.226633566925898 ], [ 2.55789104037203, 47.226681342570203 ], [ 2.5571525516035, 47.226798233835297 ], [ 2.55709373782207, 47.2268034018036 ], [ 2.55676795240892, 47.226853067386799 ], [ 2.55662384203414, 47.226874366056698 ], [ 2.5564399058693, 47.226902804428498 ], [ 2.55623062640094, 47.226932225823198 ], [ 2.55562968101709, 47.2270221033152 ], [ 2.55547792464685, 47.227040958498698 ], [ 2.55538885706797, 47.227031974204998 ], [ 2.55533227450487, 47.227026175419098 ], [ 2.55484348716383, 47.226967977763699 ], [ 2.55460772469946, 47.226942773529998 ], [ 2.55438544367787, 47.226912669100201 ], [ 2.55435160647383, 47.226932336184703 ], [ 2.55435094491424, 47.227075991419397 ], [ 2.55432888299587, 47.227645964205301 ], [ 2.5543267807978, 47.227819926299901 ], [ 2.55432429652409, 47.228132512065699 ], [ 2.55431801790016, 47.2283782554114 ], [ 2.55431134932303, 47.228749208179899 ], [ 2.55430805188921, 47.228844103017998 ], [ 2.55430596539904, 47.228872606862197 ], [ 2.55424961102103, 47.229105382616297 ], [ 2.55415644379244, 47.229491739514103 ], [ 2.55411813617318, 47.229651886976697 ], [ 2.55400401186194, 47.230128308056301 ], [ 2.55399603435607, 47.2301675025425 ], [ 2.55398750327716, 47.230224043283698 ], [ 2.55400466308884, 47.230287263911798 ], [ 2.55415651268339, 47.231033234314602 ], [ 2.55444834188412, 47.231036607026297 ], [ 2.55492047380454, 47.231069120224397 ], [ 2.55495307886299, 47.231070865907 ], [ 2.55507024761966, 47.231115573397702 ], [ 2.55511992747343, 47.231127098578902 ], [ 2.55536685212279, 47.2311473029092 ], [ 2.55579124285646, 47.231188164074403 ], [ 2.55600149532657, 47.231219029868498 ], [ 2.55604710819495, 47.230688904152103 ], [ 2.55642551086288, 47.2306997246232 ], [ 2.55679958584538, 47.230675974598803 ], [ 2.55710190944632, 47.230656630705802 ], [ 2.55708189238286, 47.230808314278299 ], [ 2.55727553087608, 47.230851970274401 ], [ 2.5576485607205, 47.230939307950699 ], [ 2.55840953153891, 47.231112524013 ], [ 2.55866422201763, 47.2308967877916 ], [ 2.55894427932673, 47.230662628777502 ], [ 2.55941568684744, 47.230238130259401 ], [ 2.55949431945618, 47.230168000253798 ], [ 2.55972018979866, 47.230002180660797 ], [ 2.55986805600859, 47.229895870030298 ], [ 2.56027436569143, 47.229643389211198 ], [ 2.56031961164646, 47.229618470051498 ], [ 2.56062743216342, 47.229444676908798 ], [ 2.56068628311676, 47.229417468445398 ], [ 2.56086077032834, 47.229333035181497 ], [ 2.56104677412438, 47.2292446840354 ], [ 2.56126363124461, 47.229084228953496 ], [ 2.56143516732609, 47.228938429605897 ], [ 2.56147611239757, 47.228891355847502 ], [ 2.56152126541721, 47.228795007687701 ], [ 2.56161424907813, 47.228568849037302 ], [ 2.56165047376978, 47.228434412230399 ], [ 2.56168036084504, 47.228269999136003 ], [ 2.56168473440397, 47.228202008544102 ], [ 2.56169177736817, 47.228117832011101 ], [ 2.56169299085137, 47.228050009521901 ] ] ], [ [ [ 2.52181159890326, 47.226594374557301 ], [ 2.52186146957927, 47.226571280960499 ], [ 2.5219928834142, 47.226509397344699 ], [ 2.5221275935964, 47.226448337424202 ], [ 2.52227742694553, 47.2263793271579 ], [ 2.522536174021, 47.226256451309702 ], [ 2.52271015435006, 47.226175215071997 ], [ 2.52274660600591, 47.225656586025103 ], [ 2.52259003751811, 47.225624089243901 ], [ 2.52229064203557, 47.2255966754838 ], [ 2.52215418594677, 47.2255867500756 ], [ 2.5220273929065, 47.225575072789802 ], [ 2.52181048265204, 47.225569307600303 ], [ 2.52175535488227, 47.2255713848837 ], [ 2.52181159890326, 47.226594374557301 ] ] ], [ [ [ 2.52181159890326, 47.226594374557301 ], [ 2.52174188566693, 47.225326407226703 ], [ 2.52143731370123, 47.225377501612897 ], [ 2.52089289683373, 47.225462039910497 ], [ 2.52086491035849, 47.225461564114198 ], [ 2.5204849060945, 47.225427681513899 ], [ 2.52025969443403, 47.225404440585699 ], [ 2.52019505417234, 47.225397330875197 ], [ 2.52007069733026, 47.2253363620054 ], [ 2.51997460636811, 47.225330472370302 ], [ 2.51888598987341, 47.225154013756999 ], [ 2.51855556529251, 47.225509406162601 ], [ 2.51851557228304, 47.225491963600703 ], [ 2.51847640557074, 47.225472273748501 ], [ 2.51843630214328, 47.225452408937201 ], [ 2.51821077925368, 47.225334155802699 ], [ 2.51811569596882, 47.225320544380601 ], [ 2.51802280799031, 47.2253392171773 ], [ 2.51767565284257, 47.225499238993002 ], [ 2.51696301882772, 47.2266920458922 ], [ 2.51678867379888, 47.2270010256481 ], [ 2.51711733037992, 47.228477517710402 ], [ 2.51657188875783, 47.229124717067201 ], [ 2.516330279595, 47.2294095848723 ], [ 2.51534138462379, 47.229978889331697 ], [ 2.51512654595888, 47.229888034704203 ], [ 2.51500893237056, 47.230012393827899 ], [ 2.51471830405614, 47.229848883648302 ], [ 2.51469049123779, 47.229827448526798 ], [ 2.51482238149491, 47.2297306711014 ], [ 2.51513756174387, 47.229446033162802 ], [ 2.51533640082611, 47.2290725632581 ], [ 2.51540025068059, 47.228955118260799 ], [ 2.51395027492448, 47.228246538885301 ], [ 2.51362687829074, 47.2286097159352 ], [ 2.51343835013146, 47.228821121394802 ], [ 2.51338546279906, 47.228915528106803 ], [ 2.51322646255982, 47.229161519975101 ], [ 2.51306030245431, 47.2294244788661 ], [ 2.51304944588859, 47.229441169513201 ], [ 2.51274340772404, 47.229780451382503 ], [ 2.51247035372087, 47.229918631022002 ], [ 2.51228054711677, 47.230154867941501 ], [ 2.51212203610377, 47.230576181232301 ], [ 2.51205450192824, 47.230769484659 ], [ 2.51198720748108, 47.230937770203901 ], [ 2.51193223893902, 47.231055646788299 ], [ 2.51190404286968, 47.231206118245403 ], [ 2.5119309763155, 47.231280720976599 ], [ 2.51192313083404, 47.231358769398597 ], [ 2.51234929120408, 47.2314023179636 ], [ 2.51285589159067, 47.231418141231899 ], [ 2.5133267417667, 47.231387024557201 ], [ 2.51394519370275, 47.231257133830397 ], [ 2.51414652888496, 47.231235227710201 ], [ 2.51428956301297, 47.231206054780301 ], [ 2.51474044021523, 47.231117725804097 ], [ 2.51508292755824, 47.231040645386898 ], [ 2.51522522009729, 47.231004184922497 ], [ 2.51537443471275, 47.230949036362802 ], [ 2.51551125707925, 47.230890333723003 ], [ 2.51586194743968, 47.23067987252 ], [ 2.51632281191484, 47.230392868881701 ], [ 2.51695344948809, 47.229996016337601 ], [ 2.51714216408203, 47.229879063675099 ], [ 2.51754359665273, 47.229634354909798 ], [ 2.5180794223323, 47.229307359576502 ], [ 2.51832520499049, 47.229144223663198 ], [ 2.51846911751682, 47.229017530657202 ], [ 2.51855356862964, 47.228907056685898 ], [ 2.51860731487509, 47.228819034222603 ], [ 2.51874677482376, 47.228570892277403 ], [ 2.5187926924958, 47.228514320095101 ], [ 2.51890076744479, 47.228391168913703 ], [ 2.51908062058303, 47.228128978713798 ], [ 2.51919085710187, 47.227957536054497 ], [ 2.51933316851153, 47.227743219786397 ], [ 2.51944428549693, 47.2276047038578 ], [ 2.51955622701463, 47.227492182398699 ], [ 2.51965958110664, 47.227408866428803 ], [ 2.51979833628607, 47.227309771023997 ], [ 2.51939448184171, 47.227225145206503 ], [ 2.51921378658871, 47.227185800739498 ], [ 2.51875323893349, 47.227092114739001 ], [ 2.51856369502179, 47.227052192345198 ], [ 2.51822454277414, 47.226983126951197 ], [ 2.51816112253834, 47.2269724200562 ], [ 2.51816726897809, 47.226933949502403 ], [ 2.51821539622505, 47.226767822247197 ], [ 2.51837439884551, 47.226196452069203 ], [ 2.51843314115796, 47.226226198417102 ], [ 2.51824116037015, 47.226898452373703 ], [ 2.51829546197066, 47.226953379246503 ], [ 2.51876634900708, 47.227058165480003 ], [ 2.51896937837162, 47.227110837494898 ], [ 2.51930631791522, 47.227176290391299 ], [ 2.51949019378884, 47.227214657587801 ], [ 2.51985296245126, 47.227285626655402 ], [ 2.51999595180645, 47.227215510650097 ], [ 2.52024050636316, 47.227114250964497 ], [ 2.52110317283228, 47.226883870753603 ], [ 2.5213469662228, 47.226808335675599 ], [ 2.52151681249884, 47.226731675603403 ], [ 2.52181159890326, 47.226594374557301 ] ], [ [ 2.51953868440063, 47.2258903440813 ], [ 2.5193782908762, 47.226046463469999 ], [ 2.51949376771987, 47.225878103096299 ], [ 2.51953868440063, 47.2258903440813 ] ] ], [ [ [ 2.55457278919494, 47.225748101661601 ], [ 2.55451114472809, 47.225745704082399 ], [ 2.55374000064481, 47.225742089540198 ], [ 2.55249850159455, 47.225734827345804 ], [ 2.55224036323175, 47.225732840151103 ], [ 2.55215545480961, 47.225730981645903 ], [ 2.55188122413599, 47.225728472331298 ], [ 2.55148996650934, 47.2257262298263 ], [ 2.55143239745671, 47.225724836687903 ], [ 2.55045831836786, 47.2257175248902 ], [ 2.55024134880383, 47.225718474770702 ], [ 2.55012254782491, 47.225712792107998 ], [ 2.54971334040099, 47.225710915074799 ], [ 2.54965631134184, 47.226521108678703 ], [ 2.54962827261181, 47.2270429286474 ], [ 2.54942516359878, 47.227075152615299 ], [ 2.54946723747941, 47.227113722137503 ], [ 2.54949319701525, 47.227135420771603 ], [ 2.54952274256342, 47.227170790596901 ], [ 2.54993203863519, 47.227556692370698 ], [ 2.55023291438186, 47.227847804578303 ], [ 2.55056276731193, 47.228163759018301 ], [ 2.55103515609043, 47.228616639071497 ], [ 2.55110052827848, 47.228679506738899 ], [ 2.55131458498488, 47.2288849961826 ], [ 2.55133383988524, 47.228918444095697 ], [ 2.5514790114889, 47.229212992353702 ], [ 2.55148574404091, 47.229244051055701 ], [ 2.55150139788657, 47.2293147205826 ], [ 2.5515201206108, 47.229381908892201 ], [ 2.55156499563895, 47.229573148908102 ], [ 2.55161570173581, 47.229792662226501 ], [ 2.55162772696183, 47.229856313507497 ], [ 2.55169047835573, 47.230121292466897 ], [ 2.55175271787365, 47.230398603213501 ], [ 2.55231309963697, 47.231370153568299 ], [ 2.55249174889894, 47.231327945051902 ], [ 2.55277284181017, 47.231273176509397 ], [ 2.55286834425197, 47.231254558024197 ], [ 2.55299176143406, 47.231231113574502 ], [ 2.55311281215777, 47.231222046332697 ], [ 2.55318443952811, 47.231216749706498 ], [ 2.55386464724519, 47.2311601131237 ], [ 2.55392980662299, 47.231153791835197 ], [ 2.55396483316482, 47.231150424524898 ], [ 2.55400023857857, 47.231147589826399 ], [ 2.5540336856959, 47.231145017667203 ], [ 2.5540749063212, 47.231142214320101 ], [ 2.55409592089464, 47.231140674652799 ], [ 2.55408359880267, 47.2310821541218 ], [ 2.55408094461682, 47.231069107869303 ], [ 2.55407407846533, 47.231036419327701 ], [ 2.55406370829874, 47.2309815974453 ], [ 2.55391548278128, 47.230275316163898 ], [ 2.55390859173314, 47.230215376045102 ], [ 2.55391499208571, 47.230176715663902 ], [ 2.55394152925083, 47.230051066733402 ], [ 2.554043546896, 47.229633702488002 ], [ 2.55406000024145, 47.229560537032 ], [ 2.55406600566879, 47.229553546955401 ], [ 2.55420173100429, 47.228956679313598 ], [ 2.55423270154837, 47.228838141517102 ], [ 2.55422607958133, 47.228838206079999 ], [ 2.55423230222409, 47.228521133376098 ], [ 2.55423721407125, 47.2284866085175 ], [ 2.55424277738759, 47.228215591569501 ], [ 2.55425143601486, 47.227827820138998 ], [ 2.55426085160151, 47.227426835442898 ], [ 2.55426808213871, 47.227225722575596 ], [ 2.55422959983629, 47.227201465078601 ], [ 2.55369306600745, 47.2271683408242 ], [ 2.55324127240025, 47.227141761659503 ], [ 2.55295576801551, 47.227125716257603 ], [ 2.55281575406824, 47.2271150120173 ], [ 2.55267251786226, 47.227108787573201 ], [ 2.55267596959126, 47.227059240441399 ], [ 2.55307536502565, 47.2270837202054 ], [ 2.55354141737006, 47.227111984447603 ], [ 2.5536429078878, 47.227117776989097 ], [ 2.55408834936169, 47.227148561471701 ], [ 2.55420897828914, 47.227155768556898 ], [ 2.55424143695965, 47.227128641890602 ], [ 2.55424608853348, 47.227013874001898 ], [ 2.55425338380695, 47.2268352503635 ], [ 2.55433062038461, 47.2263005825099 ], [ 2.55436075714965, 47.226122946917698 ], [ 2.55455973524047, 47.225762086878397 ], [ 2.55457278919494, 47.225748101661601 ] ] ], [ [ [ 2.52922874511624, 47.226048257990797 ], [ 2.52836904789384, 47.226052568638799 ], [ 2.52835461988075, 47.226175749624602 ], [ 2.5283536589116, 47.226238621452602 ], [ 2.5283166009977, 47.226487380782899 ], [ 2.52828256288533, 47.226827278954602 ], [ 2.52757843997523, 47.226693681333998 ], [ 2.52732548958279, 47.226642261311497 ], [ 2.52725914894515, 47.226604295937001 ], [ 2.52712467560692, 47.226562370436497 ], [ 2.52700689135985, 47.226561340696399 ], [ 2.52679665129687, 47.2265494991574 ], [ 2.52648551733827, 47.226535093445797 ], [ 2.5264756380996, 47.226860154128701 ], [ 2.52645563210376, 47.227269637893301 ], [ 2.52645344661432, 47.227352752035202 ], [ 2.52634950725723, 47.2273386520773 ], [ 2.52636915577669, 47.226791252597998 ], [ 2.52637953586937, 47.226454409259297 ], [ 2.52639677174458, 47.226149436889798 ], [ 2.52644198602739, 47.2257557928925 ], [ 2.52556137399778, 47.225692521040102 ], [ 2.52549396059295, 47.225685051828599 ], [ 2.5249552884098, 47.225629782733598 ], [ 2.52426608213497, 47.225559074730199 ], [ 2.52410268348771, 47.225638277096799 ], [ 2.52402777759194, 47.225671072941203 ], [ 2.52395994834943, 47.226169065032003 ], [ 2.52381964535688, 47.227123463691598 ], [ 2.52380715933516, 47.227191779858202 ], [ 2.52372865701307, 47.227760336835701 ], [ 2.52362764785236, 47.2281585217683 ], [ 2.52340838509246, 47.228991326737798 ], [ 2.52305633093422, 47.230333468263197 ], [ 2.52328653354375, 47.2303612255552 ], [ 2.52397541980896, 47.230445036782903 ], [ 2.52476287078187, 47.230540321486103 ], [ 2.52491406792305, 47.230557227328397 ], [ 2.52548908872226, 47.230628327999199 ], [ 2.52574303971872, 47.230674624369897 ], [ 2.52594368714614, 47.230714940413201 ], [ 2.52608062543705, 47.230745191604598 ], [ 2.52660981195168, 47.230894540798097 ], [ 2.52736549241575, 47.2311020330812 ], [ 2.52770220171748, 47.231197691820597 ], [ 2.52770029275259, 47.231189311430697 ], [ 2.52786889615917, 47.231254773447503 ], [ 2.52805624775132, 47.231334617006503 ], [ 2.5281737990353, 47.231378462043097 ], [ 2.52830538785564, 47.231431258852503 ], [ 2.52844091638687, 47.231488491915101 ], [ 2.52873509972417, 47.231615547470398 ], [ 2.52877070222394, 47.231590412317303 ], [ 2.52865326442667, 47.230592405661497 ], [ 2.52837849844211, 47.230108575370501 ], [ 2.52823476373767, 47.229888844029702 ], [ 2.52823119241104, 47.229428074472402 ], [ 2.52824734819919, 47.229347628047002 ], [ 2.52836328675136, 47.228825810450097 ], [ 2.52849045301419, 47.2286331093187 ], [ 2.52876638796196, 47.228205868299298 ], [ 2.52906363869158, 47.227743629181298 ], [ 2.52920398207472, 47.227538196734997 ], [ 2.52916001962667, 47.227267069257302 ], [ 2.52913730320514, 47.227117377085797 ], [ 2.5291400276516, 47.227077901773299 ], [ 2.52914469618711, 47.226983922265099 ], [ 2.5291845176858, 47.226556431888199 ], [ 2.52920994869837, 47.226276673366698 ], [ 2.52921521156261, 47.226205365355902 ], [ 2.52922874511624, 47.226048257990797 ] ] ], [ [ [ 2.53429277486693, 47.226205620572401 ], [ 2.53402783977299, 47.226104687517399 ], [ 2.53271153704655, 47.225772802004499 ], [ 2.53228822298639, 47.2267320920526 ], [ 2.53218836876597, 47.227012595126602 ], [ 2.53295290685283, 47.227147425425599 ], [ 2.53148568266934, 47.226888678122897 ], [ 2.53147316784526, 47.226929563368202 ], [ 2.53092184805854, 47.226823684123097 ], [ 2.53057090712321, 47.226756038647601 ], [ 2.530581729862, 47.226681962236398 ], [ 2.53064939702416, 47.226104714094603 ], [ 2.52933119664755, 47.226081156243303 ], [ 2.52928469223693, 47.226606489308601 ], [ 2.52924801880603, 47.227008091372397 ], [ 2.52923835580147, 47.227115545830102 ], [ 2.52931380444063, 47.227543153144701 ], [ 2.52930662837895, 47.227564262628697 ], [ 2.52915338487563, 47.227780428175301 ], [ 2.52887284379079, 47.228219616190998 ], [ 2.52847124379912, 47.2288478474022 ], [ 2.52843084603215, 47.229025164591299 ], [ 2.52833837539881, 47.229433012042698 ], [ 2.52834709656099, 47.229641210603397 ], [ 2.52834710376766, 47.229670532798004 ], [ 2.52834226306041, 47.229815611451002 ], [ 2.5283424642276, 47.229866523179197 ], [ 2.52850092954198, 47.230121668347401 ], [ 2.52860575526099, 47.230305247874298 ], [ 2.52876588040907, 47.230582429252998 ], [ 2.52882179456849, 47.231129325132002 ], [ 2.52888134066589, 47.231669123405098 ], [ 2.52900357685258, 47.231704893105203 ], [ 2.52909826086384, 47.231721923952001 ], [ 2.52918954344783, 47.231733449194998 ], [ 2.53008346223274, 47.231754379654397 ], [ 2.53045298374513, 47.2317684808975 ], [ 2.53051371684194, 47.231741205302299 ], [ 2.53054472736086, 47.231157868021597 ], [ 2.53060262086894, 47.230206460546697 ], [ 2.5307080224771, 47.229859837933901 ], [ 2.53072761105747, 47.2298248332771 ], [ 2.53076700934859, 47.2297597673913 ], [ 2.5309043548309, 47.229519074906698 ], [ 2.53091322580436, 47.229502104491402 ], [ 2.53095102675898, 47.2294367709912 ], [ 2.53100239384039, 47.229348013028201 ], [ 2.53112274200259, 47.229058663295604 ], [ 2.53118144766828, 47.228973986192798 ], [ 2.53140755573121, 47.228641706256902 ], [ 2.53178771758757, 47.228419441424101 ], [ 2.53191140397721, 47.228321351110999 ], [ 2.53206512841386, 47.228092859087702 ], [ 2.53228148879797, 47.2279077971098 ], [ 2.5329239486306, 47.227725991927102 ], [ 2.5330319073282, 47.227657978466098 ], [ 2.53324998654266, 47.227350402234997 ], [ 2.53327364133825, 47.227317124032602 ], [ 2.53335794380163, 47.227221484387798 ], [ 2.53392246494394, 47.226604064519698 ], [ 2.53429277486693, 47.226205620572401 ] ] ], [ [ [ 2.54622014095543, 47.232532626174397 ], [ 2.54589486392356, 47.232314808293999 ], [ 2.54569184517177, 47.232178808902702 ], [ 2.54550963944477, 47.2320637502186 ], [ 2.54546534680929, 47.232038926908999 ], [ 2.54533837608086, 47.231967721050303 ], [ 2.54515334214899, 47.231891875876101 ], [ 2.54506420023712, 47.231859674193799 ], [ 2.54496663799603, 47.2318244774711 ], [ 2.54483427739222, 47.231782761056699 ], [ 2.5447176339129, 47.231753332014698 ], [ 2.54459070898143, 47.231725302911599 ], [ 2.54448445670983, 47.231701847297202 ], [ 2.54429727044816, 47.231661886431901 ], [ 2.54411627240666, 47.231623209990097 ], [ 2.54403701656122, 47.231608322754603 ], [ 2.54381931908593, 47.231567601901801 ], [ 2.54378215102924, 47.231559992315098 ], [ 2.54353389856337, 47.231509625711901 ], [ 2.5432828897116, 47.2314586085161 ], [ 2.54321670734406, 47.231445122642697 ], [ 2.54310899543623, 47.2314224792635 ], [ 2.54275215004255, 47.231347564433896 ], [ 2.5426291518624, 47.231321169163103 ], [ 2.54243813077493, 47.231280190838497 ], [ 2.54225160902015, 47.231240148249299 ], [ 2.54174746197087, 47.231138909562603 ], [ 2.54119544462901, 47.231028404396298 ], [ 2.54095787937251, 47.230980775384801 ], [ 2.54069455716997, 47.2309328547748 ], [ 2.54063799800761, 47.230922466502001 ], [ 2.54054925148762, 47.230906368897202 ], [ 2.54046409039765, 47.2308883048211 ], [ 2.54025316965569, 47.230844011983599 ], [ 2.54017790265604, 47.230828147607703 ], [ 2.54001021731939, 47.230792848562103 ], [ 2.53994747064161, 47.230779635526503 ], [ 2.53986586299764, 47.230763385670997 ], [ 2.53982749335756, 47.230755770040098 ], [ 2.53962578973282, 47.2307156539323 ], [ 2.53942850554252, 47.230667272451903 ], [ 2.53933532242534, 47.230644593242403 ], [ 2.53926060545466, 47.230626299696503 ], [ 2.53915203883654, 47.230597356263601 ], [ 2.53903991177152, 47.2305674802844 ], [ 2.53899844763101, 47.230552388748002 ], [ 2.53888784916435, 47.230512273508602 ], [ 2.53878596065383, 47.230475253770003 ], [ 2.53862881657868, 47.230396178003801 ], [ 2.53853967626259, 47.2303506651213 ], [ 2.53847169537462, 47.230316030777502 ], [ 2.53840166880254, 47.230274906227599 ], [ 2.53829108730304, 47.230188281985498 ], [ 2.53836430544803, 47.230288702786197 ], [ 2.53839402611599, 47.230352299916802 ], [ 2.53739429431804, 47.230441241581303 ], [ 2.53738636141903, 47.230366270572297 ], [ 2.53738031007548, 47.2303337733034 ], [ 2.53733430188323, 47.230339972674102 ], [ 2.53712684806767, 47.230367926470201 ], [ 2.53680691998831, 47.230406485977902 ], [ 2.53674874255331, 47.230415337332602 ], [ 2.53637280284148, 47.230349410298601 ], [ 2.53630819866927, 47.230337187167699 ], [ 2.53563776659958, 47.230223417836903 ], [ 2.5356476951756, 47.230190948472099 ], [ 2.5357068519982, 47.229947677484702 ], [ 2.53574798136948, 47.229774772224403 ], [ 2.53574377096809, 47.229712861052001 ], [ 2.53575502457343, 47.229678452372099 ], [ 2.53575973150595, 47.229578711094803 ], [ 2.53575133185122, 47.229542783254303 ], [ 2.53568547834303, 47.229491689635601 ], [ 2.53566740912799, 47.229458252845397 ], [ 2.53566192273555, 47.229435462762801 ], [ 2.53566622099085, 47.229427476482201 ], [ 2.53567144094646, 47.229389271460299 ], [ 2.5357296592145, 47.229285243100698 ], [ 2.53585370169744, 47.229053386297899 ], [ 2.53604972465697, 47.228699928390199 ], [ 2.53574969124612, 47.228409871896197 ], [ 2.53569168388571, 47.228276767034203 ], [ 2.53563232336769, 47.228148878346701 ], [ 2.53443212376025, 47.228004142326 ], [ 2.53441316001287, 47.227997854215403 ], [ 2.53463185284098, 47.227708724687702 ], [ 2.53499924780586, 47.227238028332401 ], [ 2.53502792650685, 47.227204409816103 ], [ 2.53509077139216, 47.227115425955603 ], [ 2.53539836418595, 47.226717258178802 ], [ 2.53554254652301, 47.2265217455762 ], [ 2.53564523930428, 47.226390994924202 ], [ 2.53563693536921, 47.226388440868 ], [ 2.53563702927587, 47.2263882791935 ], [ 2.53532228439398, 47.226283818518397 ], [ 2.53527682219134, 47.226358746794602 ], [ 2.53497684977531, 47.226260826434 ], [ 2.53482596181074, 47.226210741489297 ], [ 2.53469961788406, 47.226374310807699 ], [ 2.5344706968637, 47.226337218304799 ], [ 2.53433808116009, 47.226295398677102 ], [ 2.53419396721769, 47.226452053911999 ], [ 2.53392571504475, 47.226744503586502 ], [ 2.53389770771983, 47.226775324660501 ], [ 2.53372602200953, 47.226959498076901 ], [ 2.53370721730726, 47.226980651081298 ], [ 2.53346282190529, 47.227247906693201 ], [ 2.53338895967611, 47.227328382678898 ], [ 2.53337362271674, 47.227345867433499 ], [ 2.53312235436717, 47.227688934372701 ], [ 2.53300067893966, 47.227785683666603 ], [ 2.53295223425984, 47.22779870462 ], [ 2.53234128923377, 47.2279689424468 ], [ 2.53219214611322, 47.228096342695203 ], [ 2.53200613995631, 47.2283606888139 ], [ 2.53186224163967, 47.228475965002197 ], [ 2.53149276932907, 47.2286833376087 ], [ 2.53140798063058, 47.228803803663098 ], [ 2.53131771311629, 47.228946286389501 ], [ 2.5312213467882, 47.229092435529701 ], [ 2.53105102888902, 47.229463445797599 ], [ 2.53103495913946, 47.229490542273197 ], [ 2.53082251867515, 47.229859851262198 ], [ 2.53080390977534, 47.229903763680298 ], [ 2.53070741383549, 47.230244669630103 ], [ 2.53060816809447, 47.231768308109601 ], [ 2.53064925002871, 47.231781600537097 ], [ 2.53100985990107, 47.231805206895203 ], [ 2.53179333101451, 47.231860302061598 ], [ 2.53225711989887, 47.231892504764403 ], [ 2.53241772274701, 47.2319061167019 ], [ 2.53301488770195, 47.231986983246003 ], [ 2.53325963705338, 47.232013707930399 ], [ 2.53375819144879, 47.232074646486602 ], [ 2.53432032374214, 47.232129275264001 ], [ 2.53489945095208, 47.232158338522098 ], [ 2.53494232856023, 47.232162831885901 ], [ 2.53522696024344, 47.2321753169185 ], [ 2.53564886502693, 47.232195643460898 ], [ 2.53596714018505, 47.232212123632799 ], [ 2.53621026070867, 47.232228761422597 ], [ 2.5363211033779, 47.232239197930298 ], [ 2.53642524207915, 47.232246897681001 ], [ 2.53655520118829, 47.232261452664297 ], [ 2.53674900957008, 47.232285625577902 ], [ 2.53718302619401, 47.232342420252898 ], [ 2.53756490672775, 47.232393981775097 ], [ 2.53761806147545, 47.232402287315203 ], [ 2.53773147239865, 47.232421546453999 ], [ 2.53806049619228, 47.232477919114999 ], [ 2.53832761555692, 47.2325306322629 ], [ 2.53879873650055, 47.232633716964202 ], [ 2.5389321463924, 47.232676083637699 ], [ 2.53906683708425, 47.232709371427603 ], [ 2.53914051359224, 47.2327275619052 ], [ 2.53925542923193, 47.232754919041099 ], [ 2.53945373931207, 47.232792420442401 ], [ 2.53959663072576, 47.232808103715698 ], [ 2.53975671430563, 47.232822684704999 ], [ 2.53988522176282, 47.232837239182402 ], [ 2.54008241712515, 47.2328506165926 ], [ 2.54033402914732, 47.232863948367402 ], [ 2.54074393226942, 47.2328526359438 ], [ 2.5409923201809, 47.232842645282197 ], [ 2.54128872679408, 47.232806321871898 ], [ 2.5415230110439, 47.2327762160416 ], [ 2.54178061067842, 47.232722821642099 ], [ 2.54218715072652, 47.232640602826798 ], [ 2.54234483496844, 47.232612533534102 ], [ 2.54261895124352, 47.232571977442802 ], [ 2.54272880317686, 47.232560806202898 ], [ 2.54292628184384, 47.232540806538402 ], [ 2.54312483754564, 47.232534035886999 ], [ 2.54322272679979, 47.2325307394918 ], [ 2.54341915312522, 47.232525679479899 ], [ 2.54372364043594, 47.2325179745513 ], [ 2.5439356665064, 47.232512515920298 ], [ 2.54402336262913, 47.232511069334898 ], [ 2.54421977362563, 47.232507799462603 ], [ 2.54431631470541, 47.2325091692935 ], [ 2.54448691713835, 47.232511559305202 ], [ 2.54457288852035, 47.232512437250499 ], [ 2.54504156116176, 47.232517257447398 ], [ 2.54526208618978, 47.232519572146799 ], [ 2.54545448906149, 47.232522937523903 ], [ 2.5457567526329, 47.232528092530202 ], [ 2.54588735528283, 47.232529414457503 ], [ 2.54622014095543, 47.232532626174397 ] ] ], [ [ [ 2.55258774398782, 47.232068389999398 ], [ 2.55252399372528, 47.231954438705699 ], [ 2.55242235670008, 47.231774575715001 ], [ 2.552327378514, 47.231604632402501 ], [ 2.55223459774219, 47.231439117856901 ], [ 2.5520813171558, 47.231166407293799 ], [ 2.55191268327086, 47.230882203598902 ], [ 2.55186177314282, 47.230796363218801 ], [ 2.55183859451555, 47.2307562471875 ], [ 2.55173341236667, 47.230574119086 ], [ 2.55164437272272, 47.2304200430018 ], [ 2.55157296165414, 47.230117326836996 ], [ 2.55152400444171, 47.2299099650687 ], [ 2.55150134779421, 47.2298073265409 ], [ 2.5514955013387, 47.229780943727697 ], [ 2.5514048988326, 47.229372370227402 ], [ 2.55136694911055, 47.229238279702301 ], [ 2.55129338722636, 47.229097119156101 ], [ 2.55127000070911, 47.229051960606697 ], [ 2.55124192623089, 47.228998420300897 ], [ 2.55119664687051, 47.228916022417003 ], [ 2.55113882620209, 47.228866769280302 ], [ 2.55108447335719, 47.228813748366399 ], [ 2.55093462508981, 47.228668159818596 ], [ 2.55063122091147, 47.228378120093097 ], [ 2.5505176359719, 47.228269457004103 ], [ 2.55005335160469, 47.227812374891499 ], [ 2.54998942296309, 47.2277494221794 ], [ 2.54962018749212, 47.227391386946799 ], [ 2.5495415954543, 47.2273151608766 ], [ 2.54939136065366, 47.227169379654804 ], [ 2.54937302121716, 47.227151500804403 ], [ 2.54932795028531, 47.227140972348899 ], [ 2.54884622830164, 47.227295162124797 ], [ 2.54859080038775, 47.227377191592801 ], [ 2.54840263792866, 47.227437623759897 ], [ 2.54836156363215, 47.227468946551603 ], [ 2.54836868802614, 47.227486151668302 ], [ 2.54846047769623, 47.227702954771601 ], [ 2.54854185906421, 47.227901801659002 ], [ 2.54855882837892, 47.228034109972903 ], [ 2.54856047869116, 47.228105175549103 ], [ 2.54856129810238, 47.228133519573603 ], [ 2.54856248392649, 47.228181194048801 ], [ 2.54855649241037, 47.228280939806297 ], [ 2.54853685238699, 47.228416427556503 ], [ 2.54851852095318, 47.228490476251999 ], [ 2.54847467597317, 47.228631352412201 ], [ 2.54842348862403, 47.228796678569097 ], [ 2.54832126454404, 47.229110856244901 ], [ 2.54830634538053, 47.229156226253203 ], [ 2.54823678231986, 47.229370771033402 ], [ 2.54818456919541, 47.229533743313802 ], [ 2.5481806072689, 47.229641941540102 ], [ 2.548172322963, 47.229872921110001 ], [ 2.54817074699719, 47.229917352787901 ], [ 2.548208034616, 47.230099480709399 ], [ 2.54822478086543, 47.230181228371002 ], [ 2.54823776021849, 47.230239392020501 ], [ 2.54825901109661, 47.230334013223498 ], [ 2.54828177096869, 47.230406340368198 ], [ 2.5483943014419, 47.2307633706179 ], [ 2.54852820245836, 47.231186870545898 ], [ 2.5485732169572, 47.231328911890799 ], [ 2.54859538873179, 47.231424166769401 ], [ 2.54860358634614, 47.231518295894404 ], [ 2.54858557738427, 47.231679789903403 ], [ 2.54848016827159, 47.232257889828198 ], [ 2.54845357725325, 47.2324040456012 ], [ 2.54847153748243, 47.232404295612803 ], [ 2.5484711266194, 47.232468979064301 ], [ 2.5484706100935, 47.232483273484 ], [ 2.54847116108127, 47.232604993356297 ], [ 2.54846833775057, 47.2328137660582 ], [ 2.54849584034967, 47.232809380784502 ], [ 2.54867807515303, 47.232781848644798 ], [ 2.54914729430519, 47.232674479605002 ], [ 2.54928015583292, 47.232642883292201 ], [ 2.54956079612855, 47.232581827817498 ], [ 2.54977942006561, 47.2325444512419 ], [ 2.55010253972299, 47.2324881418456 ], [ 2.5501174313127, 47.232463378946299 ], [ 2.55040957378253, 47.232412791286897 ], [ 2.55141176345887, 47.232232116509202 ], [ 2.55188320573624, 47.232143812923397 ], [ 2.55210977081218, 47.232103140626997 ], [ 2.55224940906775, 47.232082721555003 ], [ 2.55235643029292, 47.232076211718798 ], [ 2.55246672519057, 47.232090852971602 ], [ 2.55255992584457, 47.2320949038808 ], [ 2.55258774398782, 47.232068389999398 ] ] ], [ [ [ 2.54849901310285, 47.231515097784602 ], [ 2.54849633350602, 47.231503662802503 ], [ 2.54849277211491, 47.231488632270903 ], [ 2.54834867181531, 47.2309748575938 ], [ 2.54826413150865, 47.2306952974442 ], [ 2.54821353238917, 47.230527513180903 ], [ 2.5481572906629, 47.230351784426801 ], [ 2.54814289479829, 47.230306489251099 ], [ 2.54810033247532, 47.230185865889801 ], [ 2.54807360232163, 47.230067014762199 ], [ 2.54806067036808, 47.230004809017302 ], [ 2.54805457678187, 47.229975003998803 ], [ 2.54805416792802, 47.2298522132158 ], [ 2.54805387595938, 47.229808314423302 ], [ 2.54806278040902, 47.229739531732498 ], [ 2.5480696170049, 47.229680905139503 ], [ 2.54808229809885, 47.229570040069603 ], [ 2.54810047101601, 47.229453623668903 ], [ 2.54811041395617, 47.229416958007597 ], [ 2.54812650593064, 47.229356296839697 ], [ 2.54819054643873, 47.229169891364499 ], [ 2.54821248197897, 47.229105840893098 ], [ 2.54807543180755, 47.229149294361498 ], [ 2.54803944141538, 47.229110189912703 ], [ 2.54802253720044, 47.2290646148343 ], [ 2.54799614947233, 47.229045074891602 ], [ 2.54782184609733, 47.228935542201697 ], [ 2.54778312156408, 47.228845975290596 ], [ 2.54773013206495, 47.228771099300602 ], [ 2.54761722621082, 47.228629431734198 ], [ 2.54757856158159, 47.228517096881298 ], [ 2.5474924468456, 47.228504165822997 ], [ 2.54727735185359, 47.228532287982901 ], [ 2.54712667866689, 47.228545635766203 ], [ 2.54704253161227, 47.228564284899697 ], [ 2.54685400316721, 47.2286062753723 ], [ 2.54668670324566, 47.228619647614302 ], [ 2.54659833137079, 47.228637739735703 ], [ 2.54650021637371, 47.2286530028031 ], [ 2.546327514494, 47.2286800286549 ], [ 2.54612268152458, 47.2287119700161 ], [ 2.54570372380784, 47.228782099197502 ], [ 2.54528022931892, 47.228825938883801 ], [ 2.5449787462518, 47.2288559685745 ], [ 2.54483521383046, 47.228870241693798 ], [ 2.54459664051824, 47.228894035375703 ], [ 2.54404255369936, 47.228951743904801 ], [ 2.54362372101438, 47.228991013455399 ], [ 2.54356410667782, 47.228996630560303 ], [ 2.54334986941343, 47.229016646294703 ], [ 2.5423895182465, 47.229111601896797 ], [ 2.54194579804888, 47.229156880047299 ], [ 2.54197922458637, 47.229524488662598 ], [ 2.54114174514475, 47.229640166686103 ], [ 2.54104821622279, 47.229644198795597 ], [ 2.54082006625681, 47.229653990611702 ], [ 2.54053285637318, 47.229666248743001 ], [ 2.54022996829473, 47.229705155305602 ], [ 2.53978944845973, 47.229761772444398 ], [ 2.53980664521292, 47.229988630389698 ], [ 2.53984716733966, 47.230649876147901 ], [ 2.54008945335663, 47.230701586444603 ], [ 2.54031106552564, 47.230745921982397 ], [ 2.54048866173078, 47.230781439935903 ], [ 2.54081561059566, 47.230847789726703 ], [ 2.54100069754028, 47.230885317179499 ], [ 2.54120201570827, 47.230925879500198 ], [ 2.54139448040246, 47.230964704915102 ], [ 2.54174214241964, 47.2310357164462 ], [ 2.54190890277652, 47.231069658900502 ], [ 2.54226604645052, 47.231141786656003 ], [ 2.54249966557248, 47.231188956265399 ], [ 2.54306893020054, 47.231304744804198 ], [ 2.54314684280635, 47.231320527692297 ], [ 2.54326879767043, 47.231345297798498 ], [ 2.54356371841666, 47.2314050315901 ], [ 2.54382686834775, 47.231458247624303 ], [ 2.54431798160367, 47.231555815873399 ], [ 2.54457862024847, 47.2316092093794 ], [ 2.54461408571015, 47.2316165509407 ], [ 2.5446393944865, 47.231623033340703 ], [ 2.54474665581235, 47.231650625060297 ], [ 2.54483285147673, 47.231670130484098 ], [ 2.54491295948529, 47.231692123725097 ], [ 2.54501013713494, 47.231725878539201 ], [ 2.54509111564593, 47.2317543570853 ], [ 2.54513680332229, 47.231770462307601 ], [ 2.54533827942973, 47.231855635877302 ], [ 2.54548015120772, 47.231913675060099 ], [ 2.54555638807826, 47.2319558999585 ], [ 2.54560287810121, 47.231986583663797 ], [ 2.54564793675, 47.2320161724017 ], [ 2.54568779816775, 47.232002293269602 ], [ 2.54592924351793, 47.232169043695002 ], [ 2.54618095135707, 47.232343108032403 ], [ 2.54620445253738, 47.232358675831101 ], [ 2.54635897847221, 47.232466512881601 ], [ 2.5464179902924, 47.232499847056502 ], [ 2.5464782955557, 47.232520870441697 ], [ 2.54655577881949, 47.232540871650002 ], [ 2.54676628994126, 47.232573996884099 ], [ 2.54695266135862, 47.232601445667299 ], [ 2.54699987992373, 47.232608562339301 ], [ 2.54708627217467, 47.232623835527399 ], [ 2.54711014185778, 47.232627079758103 ], [ 2.54716342441502, 47.232636101636601 ], [ 2.54730468161707, 47.232657710861098 ], [ 2.54733501255224, 47.232662771831798 ], [ 2.5474302437539, 47.232676908913199 ], [ 2.54745004004952, 47.232678876780803 ], [ 2.54753479971775, 47.232666711757297 ], [ 2.54752529097083, 47.232651648986497 ], [ 2.54748749235043, 47.232591587875802 ], [ 2.54745895215508, 47.232546498523703 ], [ 2.54743652316243, 47.232481995994902 ], [ 2.54742411382546, 47.232450374760298 ], [ 2.54738397549713, 47.232340113911803 ], [ 2.54736632403134, 47.232271767818702 ], [ 2.54734413287192, 47.232164899051703 ], [ 2.5473369192907, 47.232139410987301 ], [ 2.54736097230208, 47.232139693964903 ], [ 2.54738424120332, 47.232140487035302 ], [ 2.54739354888427, 47.2321919923398 ], [ 2.54743309102809, 47.232310263349099 ], [ 2.54743668628386, 47.232338519142701 ], [ 2.54745974456091, 47.2323910594219 ], [ 2.54752031919501, 47.232537204109398 ], [ 2.54757395594653, 47.232659671348699 ], [ 2.54767452698254, 47.232667527115503 ], [ 2.54766446107181, 47.232687275973099 ], [ 2.5476639638422, 47.232729109999703 ], [ 2.54767569991599, 47.232746513171698 ], [ 2.54773719646465, 47.232751704637302 ], [ 2.54786400856593, 47.232765334366903 ], [ 2.54801030624002, 47.232784891744998 ], [ 2.54807757569104, 47.232793607622803 ], [ 2.54817389672647, 47.232805506644802 ], [ 2.54820437058391, 47.232809307553602 ], [ 2.54829423389254, 47.232817400136298 ], [ 2.54836369252277, 47.232818841121002 ], [ 2.54836502735354, 47.232552849888798 ], [ 2.54836480209809, 47.232376628384998 ], [ 2.54837220668372, 47.232313322596298 ], [ 2.5484115438329, 47.232205982510401 ], [ 2.54839477545281, 47.232205467048502 ], [ 2.54835900392778, 47.232202986964197 ], [ 2.54840757587053, 47.231957598025197 ], [ 2.54847605242216, 47.231620890213897 ], [ 2.54849901310285, 47.231515097784602 ] ], [ [ 2.54717765105178, 47.231404755167802 ], [ 2.5465591780185, 47.231504321308002 ], [ 2.54661408245101, 47.231632816881998 ], [ 2.54666313691099, 47.231812470431002 ], [ 2.54647749934555, 47.2314976998343 ], [ 2.54669473302485, 47.231466625586599 ], [ 2.54685819545059, 47.231440724427401 ], [ 2.54717412149985, 47.231390697019997 ], [ 2.54717765105178, 47.231404755167802 ] ] ], [ [ [ 2.51474141210699, 47.2273066269859 ], [ 2.51366543521197, 47.2261754668733 ], [ 2.51324690495678, 47.226312587843097 ], [ 2.51321974694817, 47.2263212875718 ], [ 2.51285454519068, 47.226459351295802 ], [ 2.51228661916066, 47.226672121871502 ], [ 2.51166709625851, 47.226909322068302 ], [ 2.51155250593291, 47.226977107754898 ], [ 2.51130248756603, 47.227096142756899 ], [ 2.51102505266756, 47.227253557688798 ], [ 2.51088718313901, 47.2273116204818 ], [ 2.51080238208732, 47.227358842605199 ], [ 2.51003371068406, 47.227771896074799 ], [ 2.5099778155707, 47.227804223045901 ], [ 2.50982565294795, 47.227894607342201 ], [ 2.50948220705515, 47.228134673503703 ], [ 2.50930573625033, 47.228239718892397 ], [ 2.50916040651224, 47.228303770941999 ], [ 2.5087655589837, 47.228589864844999 ], [ 2.50869540057747, 47.2286367873579 ], [ 2.5086466407755, 47.228712501560203 ], [ 2.50855346130874, 47.228790998361298 ], [ 2.5081756593458, 47.229105665453801 ], [ 2.50805968911531, 47.229207724588797 ], [ 2.50868104929154, 47.229607447628503 ], [ 2.50858609795553, 47.229680085086699 ], [ 2.50816195790797, 47.230018674176797 ], [ 2.50791087918645, 47.230222341888201 ], [ 2.50777226802592, 47.230344353883197 ], [ 2.50749961332643, 47.230624849211502 ], [ 2.50755538755492, 47.230692823412298 ], [ 2.50771540472867, 47.2308112600087 ], [ 2.50790024483741, 47.230931062148699 ], [ 2.50810309918789, 47.230945517364397 ], [ 2.50816649284414, 47.230944976091997 ], [ 2.50868617451497, 47.230943236578099 ], [ 2.50922153373789, 47.2309340077408 ], [ 2.50938962026908, 47.230937690172503 ], [ 2.50970814334696, 47.230954342591097 ], [ 2.51011620593708, 47.2309846967336 ], [ 2.51039763672639, 47.231012155936199 ], [ 2.51069902667558, 47.231054013187702 ], [ 2.51087067560971, 47.231086040384398 ], [ 2.51136456653558, 47.231220203648299 ], [ 2.51170211875158, 47.231307359845403 ], [ 2.51174670958538, 47.231313579553102 ], [ 2.5118222537285, 47.2310956693522 ], [ 2.51188068473979, 47.230887572126001 ], [ 2.51199774608355, 47.2306226077866 ], [ 2.51205184840772, 47.230467572859403 ], [ 2.51207760316705, 47.230409838130903 ], [ 2.51217596979526, 47.2301526183346 ], [ 2.51222467473528, 47.230084005703098 ], [ 2.51232354744116, 47.229957409861399 ], [ 2.51240674586825, 47.229842343639497 ], [ 2.51237635694308, 47.229829629862799 ], [ 2.51258230371233, 47.229763569005698 ], [ 2.5126364568848, 47.229735374777299 ], [ 2.51268245087453, 47.229701834556799 ], [ 2.5127557225447, 47.229631983547399 ], [ 2.51296794676194, 47.229386306014703 ], [ 2.51304325150701, 47.229266983829 ], [ 2.51311116738101, 47.2291608557071 ], [ 2.51318274519439, 47.229045830122701 ], [ 2.51334466709498, 47.228783663485899 ], [ 2.51349227892716, 47.228613013312 ], [ 2.51362568524699, 47.228465413599601 ], [ 2.51385787803641, 47.228201380351202 ], [ 2.51422214562515, 47.227788759305902 ], [ 2.51445865870473, 47.227528623134198 ], [ 2.51474141210699, 47.2273066269859 ] ] ], [ [ [ 2.52372539499823, 47.227046615466399 ], [ 2.52357900585104, 47.227038622562603 ], [ 2.52355787332903, 47.227038634734697 ], [ 2.52354045692491, 47.227038374087499 ], [ 2.52347048817415, 47.227035745728799 ], [ 2.52342020374479, 47.227032478034999 ], [ 2.52331350091152, 47.227017193617698 ], [ 2.52323925123661, 47.227006994142499 ], [ 2.52302141287259, 47.226971094966899 ], [ 2.52306043349499, 47.226432238204701 ], [ 2.52307844800553, 47.2261742282139 ], [ 2.52297187876803, 47.226160474500404 ], [ 2.52281911007559, 47.226232795624298 ], [ 2.52269255116618, 47.226297310989203 ], [ 2.52251419112157, 47.226380581801997 ], [ 2.52197889786334, 47.226625746252502 ], [ 2.52178952478784, 47.226715182482998 ], [ 2.52174987787902, 47.226732916533699 ], [ 2.52162690057166, 47.226780799279602 ], [ 2.52139082254261, 47.226895322041401 ], [ 2.52132658050773, 47.226916015352998 ], [ 2.52112115804313, 47.226983525344899 ], [ 2.52096010885883, 47.2270219861797 ], [ 2.52075667992291, 47.2270733166797 ], [ 2.52064802718591, 47.227098948602404 ], [ 2.52052748510932, 47.227126962008199 ], [ 2.52048327134336, 47.227138023645203 ], [ 2.52030507207816, 47.227187747184303 ], [ 2.52017058561723, 47.2272381015487 ], [ 2.52003796126956, 47.227300428226002 ], [ 2.51987727576755, 47.227401593761002 ], [ 2.51973844585942, 47.2274927664592 ], [ 2.5196165399548, 47.227597864479698 ], [ 2.51953183243137, 47.2276931324269 ], [ 2.519466772626, 47.227790381358197 ], [ 2.51922896758481, 47.228138506883603 ], [ 2.5189805487299, 47.228507096277397 ], [ 2.51873704624558, 47.228887139096898 ], [ 2.51869335755286, 47.228957476819303 ], [ 2.51866417511304, 47.229000353129898 ], [ 2.51858102285252, 47.229083851111902 ], [ 2.51849065872347, 47.229160927071803 ], [ 2.51836935738711, 47.229256852373197 ], [ 2.51826867311711, 47.229307074873503 ], [ 2.51804245038155, 47.229452484404497 ], [ 2.51769721895853, 47.229673589275698 ], [ 2.51755780852768, 47.2297562132281 ], [ 2.51746737467535, 47.229812779664599 ], [ 2.51703037542103, 47.230089723122099 ], [ 2.51679016399222, 47.230234981881203 ], [ 2.51631452835438, 47.230535051857899 ], [ 2.51586574193469, 47.230814822615201 ], [ 2.51571951642912, 47.230905068277302 ], [ 2.51551951482113, 47.231012437448598 ], [ 2.51537373760373, 47.231068941984098 ], [ 2.51523562617662, 47.231109291326497 ], [ 2.51506871674474, 47.231150870462798 ], [ 2.51497741676011, 47.2311695564686 ], [ 2.5144824836461, 47.2312670467809 ], [ 2.51402312256227, 47.231357950006903 ], [ 2.51402962229313, 47.231383158136602 ], [ 2.51447592151248, 47.231377573898499 ], [ 2.51470773466974, 47.231373340941801 ], [ 2.5148062105548, 47.2313782545584 ], [ 2.51519573850472, 47.231400941843702 ], [ 2.51588355695323, 47.231441988263597 ], [ 2.51664118863016, 47.231488984483804 ], [ 2.51691427638182, 47.231507129150998 ], [ 2.51714050776732, 47.231507810612896 ], [ 2.51732191359131, 47.2314974115938 ], [ 2.51764199590024, 47.231458726379302 ], [ 2.51779215754444, 47.231430488077301 ], [ 2.51842977428145, 47.231297943341701 ], [ 2.51885010612278, 47.231213441755401 ], [ 2.51907738238276, 47.231171036307003 ], [ 2.51948523461357, 47.231064423750901 ], [ 2.52008857312022, 47.230909436844598 ], [ 2.52036863468455, 47.230827121836299 ], [ 2.52059882398603, 47.230754142899002 ], [ 2.52081722936045, 47.230668600881401 ], [ 2.52095592943426, 47.230607558866303 ], [ 2.52104568086386, 47.230567993235297 ], [ 2.52133758918615, 47.230429862361703 ], [ 2.52146522965379, 47.230378758192003 ], [ 2.5215954191367, 47.230336748243097 ], [ 2.52175819271381, 47.230298653763299 ], [ 2.52194146797495, 47.230272158207903 ], [ 2.52213275409344, 47.230266302833201 ], [ 2.5222893736184, 47.230267758619199 ], [ 2.52268472014282, 47.230288022990898 ], [ 2.52294816278929, 47.230320239171803 ], [ 2.52305118123441, 47.2299051561087 ], [ 2.52322797990427, 47.229244797486302 ], [ 2.52362655422821, 47.227747772464802 ], [ 2.52371147231928, 47.227111495645502 ], [ 2.52372539499823, 47.227046615466399 ] ] ], [ [ [ 2.51986275739637, 47.231525770727998 ], [ 2.51983494889405, 47.231503526631698 ], [ 2.51970454868873, 47.231303727154902 ], [ 2.51967941812842, 47.231264316744301 ], [ 2.51963036520771, 47.231137542916997 ], [ 2.5193138564829, 47.231220416240099 ], [ 2.51922111564009, 47.231239279663598 ], [ 2.5187836163813, 47.231336945467199 ], [ 2.51857344492803, 47.231373128409999 ], [ 2.51757816860911, 47.231566503558902 ], [ 2.51736714915881, 47.231592417580799 ], [ 2.51725238629135, 47.231606965424703 ], [ 2.5169949791087, 47.231607324657404 ], [ 2.51695063433085, 47.231604520064799 ], [ 2.51669238766161, 47.231595341146203 ], [ 2.51676205406728, 47.232332475878799 ], [ 2.51729737015135, 47.232385364934103 ], [ 2.51766262345228, 47.232318445855 ], [ 2.51909886119653, 47.231951408274803 ], [ 2.5190886521001, 47.2318692332654 ], [ 2.51949348944427, 47.231745610870099 ], [ 2.51956258353299, 47.231715134632601 ], [ 2.51966784553984, 47.231654405721798 ], [ 2.51986275739637, 47.231525770727998 ] ] ], [ [ [ 2.51666984317962, 47.232321468141699 ], [ 2.51664065482327, 47.232014593588097 ], [ 2.51659816472727, 47.231587755027597 ], [ 2.5164784599386, 47.231578613096701 ], [ 2.51625645758461, 47.231564722855403 ], [ 2.51566807184198, 47.231524913387098 ], [ 2.51540591504877, 47.231509692378999 ], [ 2.51528065015321, 47.231503046755201 ], [ 2.51507844367456, 47.231489597139401 ], [ 2.51504704978851, 47.231790456965598 ], [ 2.5149840821714, 47.232325527907904 ], [ 2.51519704742183, 47.2323173438892 ], [ 2.51539680826976, 47.2323091853075 ], [ 2.51570012010405, 47.232300297666796 ], [ 2.51590817150458, 47.232294693627097 ], [ 2.51608745065404, 47.232288879084798 ], [ 2.51634250388099, 47.232299315408298 ], [ 2.51655386947507, 47.232307309281801 ], [ 2.51666984317962, 47.232321468141699 ] ] ], [ [ [ 2.51499410934573, 47.231484742921801 ], [ 2.51480452333195, 47.231477377516001 ], [ 2.51457821369844, 47.231472198761203 ], [ 2.51449102743067, 47.231474345429604 ], [ 2.51419352804906, 47.231484064503199 ], [ 2.51372540917786, 47.231490807523002 ], [ 2.5131855879249, 47.231500398552797 ], [ 2.51279409101676, 47.231505397910297 ], [ 2.51246825301193, 47.231507890229402 ], [ 2.51192790775709, 47.2314571993277 ], [ 2.51194504938423, 47.231834552606401 ], [ 2.5119765373428, 47.2323933999728 ], [ 2.51249877864972, 47.232460750691999 ], [ 2.51270510803346, 47.232470260881797 ], [ 2.51299313016647, 47.232487496232501 ], [ 2.51296257791847, 47.232650273804502 ], [ 2.51329586612185, 47.232670939575797 ], [ 2.51337241684713, 47.232677283821801 ], [ 2.51381066802282, 47.232701989794101 ], [ 2.51422803523201, 47.2327267866551 ], [ 2.51430955213533, 47.232347146458203 ], [ 2.51466952380469, 47.232337157464798 ], [ 2.514856459022, 47.232331016764903 ], [ 2.51499410934573, 47.231484742921801 ] ] ] ] } },
{ "type": "Feature", "properties": { "Name": null, "id": "" }, "geometry": { "type": "MultiPolygon", "coordinates": [ [ [ [ 2.45378513224095, 47.179007873300598 ], [ 2.45398849046572, 47.178965032459601 ], [ 2.45391694338403, 47.1789031592998 ], [ 2.45356460289564, 47.178627111523397 ], [ 2.45327850143122, 47.178400135862297 ], [ 2.45291170408863, 47.1781063807937 ], [ 2.45230298052461, 47.177614655930398 ], [ 2.45178482648451, 47.177196209193497 ], [ 2.45160151095157, 47.177046457759999 ], [ 2.4513784417337, 47.176864124710399 ], [ 2.45136562217974, 47.1768536294379 ], [ 2.45120076219836, 47.176719972204197 ], [ 2.45055858674304, 47.176212593955398 ], [ 2.45005200584618, 47.1758129203875 ], [ 2.44998506341803, 47.175805219946596 ], [ 2.44990069688046, 47.175811292403701 ], [ 2.44948711036028, 47.175835759955 ], [ 2.44937304428601, 47.175843581476698 ], [ 2.44901853678768, 47.175858343865599 ], [ 2.44864638515135, 47.175868339573597 ], [ 2.44859639592506, 47.175867111217698 ], [ 2.4483677458597, 47.1758559388186 ], [ 2.44809691950359, 47.175865794179401 ], [ 2.44797642989553, 47.175869082182501 ], [ 2.44786306272901, 47.175874384693202 ], [ 2.44764744643407, 47.1758656138107 ], [ 2.44753310945938, 47.175848331698603 ], [ 2.44744083866377, 47.1758281837566 ], [ 2.44737398694517, 47.175824542617598 ], [ 2.44720756467003, 47.175792876805403 ], [ 2.44709949685877, 47.175755295279103 ], [ 2.44693639581687, 47.175694691088303 ], [ 2.44672017492277, 47.175617636370703 ], [ 2.44657650235958, 47.175592479513703 ], [ 2.44640154362265, 47.175569315643401 ], [ 2.44624958013187, 47.175554373230497 ], [ 2.44603116222341, 47.175548556943603 ], [ 2.44614117567378, 47.176009130601898 ], [ 2.44618284010239, 47.176189427082797 ], [ 2.44619957545471, 47.176254275128997 ], [ 2.44637290082, 47.1767022948207 ], [ 2.44649946650488, 47.177068865104097 ], [ 2.44653746883596, 47.177183016425602 ], [ 2.44671426954788, 47.177576088383098 ], [ 2.44705798150017, 47.178325658659098 ], [ 2.44723385288447, 47.178708380675999 ], [ 2.44778806240893, 47.178674787392801 ], [ 2.44808788550711, 47.178655986815102 ], [ 2.44877575238339, 47.178610259388897 ], [ 2.4488125709146, 47.1786084629653 ], [ 2.44939733348682, 47.178568354149697 ], [ 2.44961793781742, 47.179068045622799 ], [ 2.45026167308913, 47.178962193338798 ], [ 2.45071558390726, 47.178881960267901 ], [ 2.45082349001977, 47.178857290500098 ], [ 2.45071050338145, 47.178708231374202 ], [ 2.45086215995509, 47.1789083050746 ], [ 2.45098371591609, 47.179018628541797 ], [ 2.45110550725746, 47.179159014160398 ], [ 2.45123703746966, 47.179109616572397 ], [ 2.45136737227889, 47.179085502728199 ], [ 2.45149724389175, 47.179042038998197 ], [ 2.45168018000828, 47.1789963145306 ], [ 2.45196145576031, 47.178973193678303 ], [ 2.45205119167454, 47.178970647294904 ], [ 2.45229760562172, 47.178962017631001 ], [ 2.45258601998263, 47.178949723676098 ], [ 2.45259578023089, 47.178949499719998 ], [ 2.45274965986804, 47.1789459145199 ], [ 2.45283954454067, 47.179057346778897 ], [ 2.45291578628682, 47.179124914701603 ], [ 2.4530962740129, 47.179099145189298 ], [ 2.45351558231056, 47.179046629178998 ], [ 2.45378513224095, 47.179007873300598 ] ] ] ] } },
{ "type": "Feature", "properties": { "Name": null, "id": "" }, "geometry": { "type": "MultiPolygon", "coordinates": [ [ [ [ 2.46201133249878, 47.211566537778403 ], [ 2.46200989661698, 47.210871073002401 ], [ 2.46200326114763, 47.210428719288501 ], [ 2.46199679006668, 47.210009575818297 ], [ 2.46106509939749, 47.210029410193997 ], [ 2.45967523595979, 47.210058058127899 ], [ 2.45960053878561, 47.209860437521002 ], [ 2.45925111902247, 47.208932855520104 ], [ 2.45916283320483, 47.208929472514498 ], [ 2.45910262026572, 47.208931532221399 ], [ 2.45904227530229, 47.208933582277702 ], [ 2.45895203869601, 47.2089533995767 ], [ 2.45877500468099, 47.208992599881199 ], [ 2.45866492258098, 47.209017807050003 ], [ 2.45856674606394, 47.209027062522303 ], [ 2.45818651270399, 47.209108571398801 ], [ 2.45816997500823, 47.209112176270999 ], [ 2.45849754653693, 47.209692335242003 ], [ 2.45877620381787, 47.210228888540797 ], [ 2.45894948667943, 47.2105079513913 ], [ 2.45899177818801, 47.210568414474501 ], [ 2.45906391108339, 47.210628035529197 ], [ 2.45912953108933, 47.2106665772843 ], [ 2.45921601605943, 47.210703505819701 ], [ 2.45932223951505, 47.2107352236631 ], [ 2.45952424475047, 47.210797791086797 ], [ 2.45973580422366, 47.210856270355201 ], [ 2.46000741312992, 47.210929244705198 ], [ 2.46055779897936, 47.211072073822898 ], [ 2.46083415330905, 47.211159545018099 ], [ 2.46107377697841, 47.211249815693797 ], [ 2.46148054998168, 47.211403388098098 ], [ 2.46188722972133, 47.211554626863801 ], [ 2.46195709244903, 47.211578791012798 ], [ 2.46199034893398, 47.211578675333598 ], [ 2.46201133249878, 47.211566537778403 ] ] ], [ [ [ 2.45515062830801, 47.209472315639502 ], [ 2.45521474187906, 47.209440008442598 ], [ 2.45440328408759, 47.2087042424819 ], [ 2.45413604105497, 47.2084619120578 ], [ 2.45377484646332, 47.208134393419201 ], [ 2.45337541815341, 47.207772193943299 ], [ 2.45231320173782, 47.208296218163497 ], [ 2.45272829859552, 47.208651644007197 ], [ 2.45310335827186, 47.208971785863703 ], [ 2.45337975307082, 47.209207796725103 ], [ 2.45370388007373, 47.209488479451601 ], [ 2.45422887458105, 47.2099406681358 ], [ 2.45474163582157, 47.209681771813798 ], [ 2.45515062830801, 47.209472315639502 ] ] ], [ [ [ 2.45902022127923, 47.210639616407299 ], [ 2.45893064481709, 47.210517298486799 ], [ 2.45880638437785, 47.210312513696898 ], [ 2.45864030930412, 47.210013164657397 ], [ 2.4584461437167, 47.209672207534801 ], [ 2.45818828381743, 47.2092069007576 ], [ 2.45798114902315, 47.208974916664097 ], [ 2.45763222074533, 47.208599589985297 ], [ 2.457563389539, 47.208512992614999 ], [ 2.45750318998191, 47.208449555162701 ], [ 2.45720296146343, 47.208582806134501 ], [ 2.45648651119691, 47.208936018219298 ], [ 2.45589235853211, 47.209231146055899 ], [ 2.45577850990141, 47.209287636020299 ], [ 2.45448437624385, 47.209935767261499 ], [ 2.45489990932004, 47.210250790853699 ], [ 2.45532682138695, 47.2105633455595 ], [ 2.45596707376953, 47.210566290221799 ], [ 2.45609921165233, 47.2105671806072 ], [ 2.45641255401868, 47.210584946243699 ], [ 2.45759953501631, 47.210648127111298 ], [ 2.457787821187, 47.210657200955403 ], [ 2.45826244897117, 47.210666632194901 ], [ 2.45861598213084, 47.210667483187201 ], [ 2.45902022127923, 47.210639616407299 ] ] ] ] } },
{ "type": "Feature", "properties": { "Name": null, "id": "" }, "geometry": { "type": "MultiPolygon", "coordinates": [ [ [ [ 2.62038415282214, 47.219436810183602 ], [ 2.62021480276743, 47.219241948066198 ], [ 2.61959087821959, 47.219508941346902 ], [ 2.61938547690282, 47.219596953502503 ], [ 2.61937315049147, 47.2196022246696 ], [ 2.61898658614978, 47.219764391203903 ], [ 2.61913219258904, 47.219971600915102 ], [ 2.61955494647865, 47.2197914660943 ], [ 2.6197633925306, 47.2197027434093 ], [ 2.61983835747502, 47.219670786337403 ], [ 2.62038415282214, 47.219436810183602 ] ] ], [ [ [ 2.62038415282214, 47.219436810183602 ], [ 2.62077172585109, 47.2198729318836 ], [ 2.62085241744384, 47.219963971029401 ], [ 2.62090363967481, 47.220021531378002 ], [ 2.62093717587118, 47.220059245724997 ], [ 2.62098536870024, 47.220113555122097 ], [ 2.62123880988149, 47.220403688306803 ], [ 2.62127362467271, 47.220410014000798 ], [ 2.62149429618728, 47.220311515133197 ], [ 2.62166157674057, 47.220499265317599 ], [ 2.62169889730619, 47.220506310283298 ], [ 2.62220249294716, 47.220282721156401 ], [ 2.62241878394527, 47.220186727032797 ], [ 2.62247932452662, 47.2201594927473 ], [ 2.62260435594907, 47.220103227383497 ], [ 2.62290451026574, 47.219968469301797 ], [ 2.62290799718334, 47.219942309535703 ], [ 2.62272707347282, 47.219760719630798 ], [ 2.62245096732493, 47.219483461828197 ], [ 2.62237923583793, 47.219412709262102 ], [ 2.62234356650702, 47.2193775991839 ], [ 2.62220183604157, 47.2192378730619 ], [ 2.62174651858446, 47.218792775261498 ], [ 2.62038415282214, 47.219436810183602 ] ] ], [ [ [ 2.62540984219889, 47.222253271927599 ], [ 2.6251689456188, 47.221942941487299 ], [ 2.62523163114463, 47.221909500797999 ], [ 2.6252173459411, 47.221894347938203 ], [ 2.62504997587757, 47.221715146393599 ], [ 2.62503673461016, 47.221720865338099 ], [ 2.62502652575815, 47.221725684810501 ], [ 2.62500281953685, 47.221736942616602 ], [ 2.62494651173855, 47.221670643984503 ], [ 2.62479032014327, 47.221499400666197 ], [ 2.62462742931964, 47.221324435281801 ], [ 2.62444526914305, 47.221129177958098 ], [ 2.62431368894822, 47.2209877859096 ], [ 2.62421031319666, 47.220893083575099 ], [ 2.62407701394261, 47.2207709426281 ], [ 2.62381824653557, 47.220593774442101 ], [ 2.62365071141569, 47.220479075198902 ], [ 2.62364821899297, 47.220480237468003 ], [ 2.62363064249911, 47.220465334794902 ], [ 2.62355189281163, 47.220398152312598 ], [ 2.623454633773, 47.220315343819799 ], [ 2.62343272380998, 47.220296564839899 ], [ 2.62335553705563, 47.2202308187398 ], [ 2.62325606059788, 47.220145842197397 ], [ 2.62316129797952, 47.220065202231702 ], [ 2.62310237141768, 47.220014901093201 ], [ 2.62303044005138, 47.219953592226801 ], [ 2.6225293533696, 47.2201783634926 ], [ 2.62251317695671, 47.2202069216724 ], [ 2.62254236444683, 47.220337269088603 ], [ 2.62261709476061, 47.220673946647302 ], [ 2.62266828157225, 47.2209045936658 ], [ 2.62269720805931, 47.221034580043799 ], [ 2.62271319648746, 47.221106330282097 ], [ 2.6226631900787, 47.221119923746599 ], [ 2.62262022047356, 47.220942302908902 ], [ 2.62245863288975, 47.220210066038497 ], [ 2.62240418955452, 47.220234628343398 ], [ 2.62211158660647, 47.220366258769403 ], [ 2.62210986309658, 47.2203670634009 ], [ 2.62180602291677, 47.2205010871672 ], [ 2.62165965568726, 47.220565735639802 ], [ 2.62149499049519, 47.220381865198803 ], [ 2.62145791664839, 47.2203773327509 ], [ 2.62110470507998, 47.220528379746 ], [ 2.62107455535446, 47.220497599672498 ], [ 2.62120397114308, 47.220438298208002 ], [ 2.62100521148602, 47.220204296116698 ], [ 2.62086187926888, 47.220046404529597 ], [ 2.62082706349233, 47.220040258762701 ], [ 2.62070752238005, 47.220084125335099 ], [ 2.62059975111168, 47.220124789308898 ], [ 2.62053250715783, 47.220148678638701 ], [ 2.62050554074585, 47.2201162883309 ], [ 2.62080128435316, 47.220006260907397 ], [ 2.62080818005069, 47.219984064579698 ], [ 2.62038669521369, 47.219503475192703 ], [ 2.62034833162755, 47.2194964263822 ], [ 2.62012452818896, 47.219589511154098 ], [ 2.62010810613759, 47.219596560530697 ], [ 2.61971555518773, 47.219764741737499 ], [ 2.61957476909928, 47.2198249045137 ], [ 2.61948364520914, 47.219864001593997 ], [ 2.61938325730155, 47.219906939380301 ], [ 2.61930775109815, 47.219940604909503 ], [ 2.619167092239, 47.220003198361098 ], [ 2.61953351381773, 47.220407951919398 ], [ 2.61962365604629, 47.220505946074802 ], [ 2.61988296517993, 47.220750313270898 ], [ 2.61988492071952, 47.220752210270099 ], [ 2.61994387115715, 47.220798821971997 ], [ 2.6199466314883, 47.220800901665001 ], [ 2.61999022562038, 47.220834598000899 ], [ 2.61999784846391, 47.2208404748066 ], [ 2.62005994447837, 47.220890778901001 ], [ 2.62006204665621, 47.220892496322101 ], [ 2.62013650190833, 47.220949773035301 ], [ 2.6201376841238, 47.220950776219503 ], [ 2.62025674925644, 47.2210476852798 ], [ 2.62030218042164, 47.221083278098099 ], [ 2.62051310600733, 47.221224304354102 ], [ 2.62096908498844, 47.221625754201497 ], [ 2.62111792095118, 47.221753351159002 ], [ 2.62134211581508, 47.221941737863403 ], [ 2.62140478483832, 47.222040541075899 ], [ 2.62161085203764, 47.2223659623929 ], [ 2.62167066289551, 47.222459804581 ], [ 2.6217853652671, 47.2228378996247 ], [ 2.62185589086818, 47.223060057274303 ], [ 2.62198737037397, 47.223475100141101 ], [ 2.62212888575241, 47.223479522807402 ], [ 2.62259634118072, 47.223327053303699 ], [ 2.62260901356318, 47.223291380542797 ], [ 2.62254454512851, 47.223182948210898 ], [ 2.62261139421521, 47.223159245505201 ], [ 2.62270987909423, 47.223312766415297 ], [ 2.62272152670751, 47.2233271007414 ], [ 2.62273209625081, 47.223344411476802 ], [ 2.62287134991486, 47.223298176244597 ], [ 2.62341819674323, 47.223121231085798 ], [ 2.62352951281238, 47.223084438232199 ], [ 2.62428763637477, 47.222926261603597 ], [ 2.62447670991621, 47.222889188704201 ], [ 2.62436291929549, 47.222661670847202 ], [ 2.62442556090524, 47.222634712458202 ], [ 2.62540984219889, 47.222253271927599 ] ] ], [ [ [ 2.6289628415292, 47.228519886496002 ], [ 2.62879400263759, 47.228378290744899 ], [ 2.62794022505137, 47.227662895117902 ], [ 2.62703810646861, 47.226914153213102 ], [ 2.6266980901447, 47.2265901025293 ], [ 2.62555284881302, 47.225302703956899 ], [ 2.62537775604424, 47.2253578203253 ], [ 2.62527726032786, 47.225453383983101 ], [ 2.62495646140343, 47.225628476630703 ], [ 2.62489482438599, 47.225643572886803 ], [ 2.62486235565228, 47.225641397172403 ], [ 2.62482985516884, 47.225624825918203 ], [ 2.62477605227635, 47.225575892763601 ], [ 2.6247547300731, 47.225527424849197 ], [ 2.62475223818107, 47.225469754041796 ], [ 2.62478329188401, 47.225428477839301 ], [ 2.62484024106862, 47.225386295139899 ], [ 2.62500247131414, 47.225318552096802 ], [ 2.62503829535252, 47.225296260094602 ], [ 2.6251111911386, 47.225277428015403 ], [ 2.62462802421591, 47.224487032425799 ], [ 2.62417138644964, 47.2245829627145 ], [ 2.62327371961299, 47.224734302136099 ], [ 2.62320800170258, 47.224745323984202 ], [ 2.62234902325624, 47.224894900431799 ], [ 2.62244151869285, 47.225203564724303 ], [ 2.62283710816586, 47.225825926754702 ], [ 2.62304285151958, 47.226123543366398 ], [ 2.62316205288519, 47.226278841588098 ], [ 2.62338421932817, 47.226534143899798 ], [ 2.62361392392281, 47.226768241708797 ], [ 2.62413369868979, 47.227139662861703 ], [ 2.62456118762532, 47.227436113824197 ], [ 2.62512969640065, 47.227829366854003 ], [ 2.62558892505403, 47.228141482322997 ], [ 2.62627984526568, 47.228612665629598 ], [ 2.62637099676836, 47.228664239174101 ], [ 2.62694121779407, 47.228985889644797 ], [ 2.62706628601598, 47.229042874402303 ], [ 2.62744026747097, 47.229213202730797 ], [ 2.62763818970298, 47.2292753725038 ], [ 2.62849127278345, 47.228785622944102 ], [ 2.6289628415292, 47.228519886496002 ] ] ], [ [ [ 2.63307712336428, 47.228653718635101 ], [ 2.63306507677795, 47.228600429211298 ], [ 2.63282842227851, 47.227582539441499 ], [ 2.63279482507048, 47.227398920787699 ], [ 2.63294949185963, 47.226203988061997 ], [ 2.63188156515354, 47.226820639693798 ], [ 2.63067544142429, 47.227517983054398 ], [ 2.63116910771349, 47.227950543947301 ], [ 2.63123180628001, 47.228013987799699 ], [ 2.63135799631573, 47.2279249737933 ], [ 2.63188459682902, 47.228467118784998 ], [ 2.6318843918457, 47.228823429164699 ], [ 2.63188951255454, 47.229573770861499 ], [ 2.63235165309965, 47.229545114281301 ], [ 2.6326884413236, 47.229157398094102 ], [ 2.63285460773878, 47.2289604761269 ], [ 2.63307712336428, 47.228653718635101 ] ] ] ] } },
{ "type": "Feature", "properties": { "Name": null, "id": "" }, "geometry": { "type": "MultiPolygon", "coordinates": [ [ [ [ 2.4947945898619, 47.192938636833503 ], [ 2.49485651451743, 47.192936476085997 ], [ 2.49466317815694, 47.192113778980797 ], [ 2.49463519732806, 47.192056893194902 ], [ 2.49457572601113, 47.191731788584597 ], [ 2.49444859320973, 47.191138235112703 ], [ 2.4944052966649, 47.190944545256301 ], [ 2.4943250562441, 47.190582563561598 ], [ 2.49429982362643, 47.1904877241113 ], [ 2.49425590407145, 47.190373104555 ], [ 2.49407568366026, 47.189923150090998 ], [ 2.49390367303211, 47.189469818998397 ], [ 2.49269927852657, 47.190035735382601 ], [ 2.49267608433059, 47.190047238636502 ], [ 2.49302136704595, 47.190707705184899 ], [ 2.49308482191439, 47.190821870518597 ], [ 2.49318461894438, 47.191054313837199 ], [ 2.49393502860224, 47.191871643348698 ], [ 2.49416318477409, 47.192151515860701 ], [ 2.4941752629037, 47.1921719063089 ], [ 2.49435802389087, 47.192395896805401 ], [ 2.49468308608981, 47.192798442457701 ], [ 2.4947945898619, 47.192938636833503 ] ] ], [ [ [ 2.49725814496, 47.1964658831184 ], [ 2.49803059748925, 47.196216204807698 ], [ 2.49789283491609, 47.196017794922398 ], [ 2.49779120119841, 47.195807747614801 ], [ 2.49770820185477, 47.195667409843502 ], [ 2.49762615844635, 47.195535079775503 ], [ 2.49746506679213, 47.195193079037203 ], [ 2.49719980688996, 47.194897486334398 ], [ 2.49706011925671, 47.194497283672902 ], [ 2.49701620569544, 47.194381044871498 ], [ 2.49670510788792, 47.193880596579199 ], [ 2.49655565198463, 47.193635804833498 ], [ 2.49645501544353, 47.193475501822498 ], [ 2.49595520377661, 47.192667562817803 ], [ 2.49499193763093, 47.192934554723102 ], [ 2.49515938335972, 47.1936626880766 ], [ 2.49523484863364, 47.193902576759001 ], [ 2.49531018053824, 47.194073655154 ], [ 2.49533282604181, 47.194120794284103 ], [ 2.49541282643683, 47.1943138331483 ], [ 2.49552478048202, 47.194531940292698 ], [ 2.49565598492709, 47.194753714296098 ], [ 2.49592244708661, 47.195186502884297 ], [ 2.49624258267153, 47.195709211622301 ], [ 2.49630563045764, 47.195866821406597 ], [ 2.49636425159863, 47.196019019131498 ], [ 2.49638630388541, 47.196087393401797 ], [ 2.49639875993034, 47.196150864355097 ], [ 2.49645345335463, 47.196412340786203 ], [ 2.49650049766637, 47.1967135499549 ], [ 2.49673881401881, 47.1966337209779 ], [ 2.49725814496, 47.1964658831184 ] ] ] ] } },
{ "type": "Feature", "properties": { "Name": null, "id": "" }, "geometry": { "type": "MultiPolygon", "coordinates": [ [ [ [ 2.4921255602514, 47.180483367673297 ], [ 2.49210980097595, 47.180379043703901 ], [ 2.49207611446246, 47.180244850141399 ], [ 2.49195523571932, 47.179622616933003 ], [ 2.49186593666898, 47.179620964732301 ], [ 2.49137064061011, 47.179634788840097 ], [ 2.49127436852998, 47.179644431348997 ], [ 2.49117706307612, 47.179636270279801 ], [ 2.49102777434367, 47.179644608279098 ], [ 2.49098287278061, 47.179648093165603 ], [ 2.49082190335851, 47.179662852726203 ], [ 2.49077130707006, 47.179668113095502 ], [ 2.49070235696747, 47.1796775241463 ], [ 2.49063048537626, 47.179687282426997 ], [ 2.49056628052947, 47.179696174086999 ], [ 2.49050233888718, 47.179705156899701 ], [ 2.4902908657029, 47.179743254412401 ], [ 2.4901403243273, 47.179758329013502 ], [ 2.48975151810732, 47.179825336631403 ], [ 2.48915891925029, 47.179927861387398 ], [ 2.48912312035881, 47.179932195976903 ], [ 2.48882260292836, 47.179969366799703 ], [ 2.4887240610979, 47.179981527020502 ], [ 2.48871217971755, 47.179982635955298 ], [ 2.48858407333143, 47.179994755560301 ], [ 2.48843282485172, 47.180000740781601 ], [ 2.48838804630805, 47.180005125508501 ], [ 2.48831819247116, 47.180012280396298 ], [ 2.48828887015532, 47.1800159321051 ], [ 2.48820867498636, 47.180026093255201 ], [ 2.48818370274989, 47.1800291339502 ], [ 2.48811317581684, 47.180037636192097 ], [ 2.48799323173651, 47.180052303062801 ], [ 2.4877763341268, 47.180078686098 ], [ 2.48775797247974, 47.180080846634901 ], [ 2.48769347071616, 47.180079210867703 ], [ 2.48751611079507, 47.180069153049203 ], [ 2.48735816891409, 47.180056939164402 ], [ 2.48676646287913, 47.180011031941902 ], [ 2.48672427560456, 47.180322538360798 ], [ 2.48671054215832, 47.180461105908499 ], [ 2.48669068694013, 47.1806614429996 ], [ 2.48670572983621, 47.180853660981498 ], [ 2.48671720768615, 47.1808533517315 ], [ 2.48678827280624, 47.181147290911902 ], [ 2.48690293906233, 47.181543976481699 ], [ 2.4869925953665, 47.181865979167497 ], [ 2.48699311153257, 47.181867241875203 ], [ 2.48708817121193, 47.182205725875697 ], [ 2.48714362403026, 47.182230171531003 ], [ 2.48760864987032, 47.182237469581104 ], [ 2.48810114484368, 47.182241727123298 ], [ 2.48823603185716, 47.182237839740402 ], [ 2.48991395968921, 47.1822544700591 ], [ 2.48991925260734, 47.182335547429197 ], [ 2.48995268297632, 47.182358364226999 ], [ 2.49061699691963, 47.1823619451444 ], [ 2.49065789370803, 47.182333963610901 ], [ 2.49065266613656, 47.182259818880802 ], [ 2.49065887548033, 47.182093416631403 ], [ 2.49153899051599, 47.182157676076699 ], [ 2.49156287733501, 47.182059918279997 ], [ 2.49160056605056, 47.181843012265603 ], [ 2.49161396046753, 47.181765618203102 ], [ 2.49161678574293, 47.181746103084798 ], [ 2.49162824658189, 47.181665108330698 ], [ 2.49162867416758, 47.181661779095201 ], [ 2.49166371722365, 47.1815711736037 ], [ 2.4916671770957, 47.181428509135898 ], [ 2.49166201855548, 47.181264406682899 ], [ 2.49166985635842, 47.181189509050597 ], [ 2.49166901794245, 47.181152439986398 ], [ 2.49167022771153, 47.181094240848303 ], [ 2.49166883477654, 47.181059960281502 ], [ 2.49167517268981, 47.180921548835798 ], [ 2.49169245678268, 47.180839130126103 ], [ 2.49172303026991, 47.180718362898197 ], [ 2.49210790338647, 47.180729954698897 ], [ 2.4921255602514, 47.180483367673297 ] ] ], [ [ [ 2.48700282389078, 47.182203277175198 ], [ 2.48689645169787, 47.181821465518198 ], [ 2.48678921228836, 47.181447671541399 ], [ 2.48667462400334, 47.1810415330227 ], [ 2.4866392056654, 47.180910310175499 ], [ 2.48661970267876, 47.180852109276003 ], [ 2.48661116044011, 47.1807675151111 ], [ 2.48659990101098, 47.180647995210897 ], [ 2.48662124179869, 47.180473305302698 ], [ 2.48664396301515, 47.1802784637486 ], [ 2.48574900838041, 47.18026475197 ], [ 2.48578460034908, 47.180460473502698 ], [ 2.48582705488285, 47.180655244148298 ], [ 2.48585066580456, 47.180779581560301 ], [ 2.48587698293287, 47.180923368480201 ], [ 2.48590331719513, 47.181052930701703 ], [ 2.48598290780269, 47.181460346161302 ], [ 2.48605592205512, 47.181812588879197 ], [ 2.48607795604385, 47.1819348484958 ], [ 2.48613436090893, 47.182216397793198 ], [ 2.48698039643155, 47.182230159847002 ], [ 2.48700282389078, 47.182203277175198 ] ] ], [ [ [ 2.49252045037224, 47.190025147807702 ], [ 2.49244407980134, 47.189883124332297 ], [ 2.49230968835023, 47.1896378434299 ], [ 2.49221444684256, 47.189467764807802 ], [ 2.49192157641209, 47.188945433050101 ], [ 2.49182651402244, 47.188784618907597 ], [ 2.49171838507455, 47.1885950458284 ], [ 2.49164105499101, 47.188485140161703 ], [ 2.49155803691847, 47.188374840347201 ], [ 2.49146994097518, 47.188272260739801 ], [ 2.49126475780317, 47.188161154200202 ], [ 2.49119497083758, 47.188143390878302 ], [ 2.49110025962229, 47.188127408637399 ], [ 2.49101505692197, 47.188122622800499 ], [ 2.49049850497421, 47.188102345797098 ], [ 2.49012073162827, 47.188084388044601 ], [ 2.48956816996357, 47.188062327830401 ], [ 2.48952364694496, 47.1882340346299 ], [ 2.48950376718504, 47.188311039579197 ], [ 2.489469683532, 47.188398506408099 ], [ 2.4895057300413, 47.188602600889901 ], [ 2.48951314562055, 47.188724443946903 ], [ 2.48953110579748, 47.188778847103897 ], [ 2.48957390824789, 47.188870803139302 ], [ 2.48957428524996, 47.188871435009403 ], [ 2.48961405465991, 47.188936467744199 ], [ 2.48962262187467, 47.188950811233802 ], [ 2.48967796504403, 47.189042003208797 ], [ 2.48972123084357, 47.189112993274001 ], [ 2.48975475456317, 47.189168194190501 ], [ 2.4898541967759, 47.189104584984001 ], [ 2.48996254148392, 47.189035252983501 ], [ 2.49004937465606, 47.188979600740701 ], [ 2.49046751752978, 47.189551068516103 ], [ 2.49070158403284, 47.189873342234101 ], [ 2.49085620584451, 47.190098655298797 ], [ 2.49104040324212, 47.190365475771102 ], [ 2.49132863996639, 47.190791079169401 ], [ 2.49143447513197, 47.190721923872097 ], [ 2.49159874044845, 47.190614789306601 ], [ 2.49175936715665, 47.1904873098214 ], [ 2.49190451443117, 47.190378020248701 ], [ 2.49239762883647, 47.190090628476199 ], [ 2.49252045037224, 47.190025147807702 ] ] ], [ [ [ 2.46268427410268, 47.195666339881598 ], [ 2.46266327307568, 47.195575024273303 ], [ 2.46256542532673, 47.195147802040701 ], [ 2.46245941968765, 47.194679263113102 ], [ 2.46216794813978, 47.194134129943301 ], [ 2.46195992832646, 47.193745054196903 ], [ 2.46193953737439, 47.193647079003703 ], [ 2.46190054251189, 47.193457357961002 ], [ 2.46153424454274, 47.193476335723503 ], [ 2.4615164846255, 47.193405903812398 ], [ 2.46145763322777, 47.193195752536099 ], [ 2.46147704014072, 47.193117399706701 ], [ 2.46109459085927, 47.1931298188318 ], [ 2.46095611714078, 47.193421627669501 ], [ 2.46084693089826, 47.1936731762219 ], [ 2.4608182022666, 47.193773524862202 ], [ 2.46079146274398, 47.1938730724818 ], [ 2.46078225668599, 47.193948231587498 ], [ 2.46077792614882, 47.194064079879503 ], [ 2.46079221693541, 47.194215720690302 ], [ 2.4608108805302, 47.194289488004998 ], [ 2.4608373578154, 47.194386222287903 ], [ 2.46098433138638, 47.194782461418498 ], [ 2.46102158566009, 47.194883297125898 ], [ 2.4610616634529, 47.195005555048603 ], [ 2.46114565510916, 47.195261432434798 ], [ 2.46119728233754, 47.195391126457899 ], [ 2.46124434899577, 47.195551562430097 ], [ 2.4612882793781, 47.1956849028196 ], [ 2.46131977017964, 47.195781039041798 ], [ 2.46140043113257, 47.196026817330797 ], [ 2.4614360223919, 47.196097332084598 ], [ 2.46149229532376, 47.196249987116701 ], [ 2.46152504939293, 47.196338746688703 ], [ 2.46156243504449, 47.196439861855502 ], [ 2.46158016473358, 47.196488335268398 ], [ 2.4615993139206, 47.196540155379502 ], [ 2.46172666878676, 47.196959052531703 ], [ 2.46214382473518, 47.196910267277502 ], [ 2.46263821895637, 47.196910959059203 ], [ 2.46254700031969, 47.196572294066598 ], [ 2.46249846460125, 47.196411671832799 ], [ 2.46248518533911, 47.196367171519803 ], [ 2.46245311642762, 47.196261228720999 ], [ 2.46242681745625, 47.196174029876602 ], [ 2.46235849364621, 47.195947548964099 ], [ 2.46228114235787, 47.195699265882503 ], [ 2.46268427410268, 47.195666339881598 ] ] ], [ [ [ 2.4644194318835, 47.198253349031702 ], [ 2.46424802734528, 47.1979605451411 ], [ 2.46403517923943, 47.196825095947901 ], [ 2.46395114083598, 47.196783149381702 ], [ 2.46276558676669, 47.196962920767703 ], [ 2.46228158896154, 47.1969647085918 ], [ 2.46175165067074, 47.197020703949001 ], [ 2.46183137287825, 47.1972682780371 ], [ 2.46189213770087, 47.197485811093202 ], [ 2.46191459359572, 47.197628405473303 ], [ 2.46192851953972, 47.197935858684303 ], [ 2.46291464896196, 47.197942181194897 ], [ 2.46291290829677, 47.197982920577701 ], [ 2.46263419252488, 47.197979647447497 ], [ 2.46234623113184, 47.1979763127326 ], [ 2.46192646040887, 47.197971383855197 ], [ 2.46189512878513, 47.198276556136101 ], [ 2.46188269553062, 47.198397129204402 ], [ 2.46186617614241, 47.198556459082397 ], [ 2.46185096866128, 47.198703469976103 ], [ 2.46182787470235, 47.1989258260922 ], [ 2.46360033622823, 47.199133813069203 ], [ 2.4636538571849, 47.198916729211199 ], [ 2.46368302050477, 47.198799015362297 ], [ 2.46373940187533, 47.1982484026463 ], [ 2.46290964568212, 47.198242344089401 ], [ 2.4644194318835, 47.198253349031702 ] ] ], [ [ [ 2.47329118953879, 47.206051118236701 ], [ 2.47308372319425, 47.205981176450301 ], [ 2.47274965353091, 47.205803775381 ], [ 2.47249899219707, 47.205668859827597 ], [ 2.47210179299123, 47.205455004620198 ], [ 2.47120918626325, 47.205002731983001 ], [ 2.47043946208684, 47.204619301350803 ], [ 2.47012173150791, 47.204461314537802 ], [ 2.46972686455661, 47.204227133021199 ], [ 2.4695800188259, 47.204139825514503 ], [ 2.46946284337822, 47.204070020363297 ], [ 2.46943148192958, 47.204051249659798 ], [ 2.46940233333038, 47.204035820171498 ], [ 2.46933457651166, 47.203999705140802 ], [ 2.46931094768167, 47.203987181852803 ], [ 2.46888931470558, 47.203791371410901 ], [ 2.4685641215245, 47.203640899497998 ], [ 2.46832468245219, 47.203507376623797 ], [ 2.46810129029197, 47.203379679796399 ], [ 2.46783929808024, 47.203232025759199 ], [ 2.46753560587188, 47.203057350687097 ], [ 2.46727441396918, 47.202907898427597 ], [ 2.46711121455841, 47.202819972340599 ], [ 2.46696935958323, 47.202763087366101 ], [ 2.46689258323426, 47.202732331150699 ], [ 2.46679731503639, 47.202690686239997 ], [ 2.46567531367657, 47.203788441864504 ], [ 2.46550853170879, 47.203952138484397 ], [ 2.46567153659803, 47.204037121925403 ], [ 2.4657970070891, 47.204102548732301 ], [ 2.46804510692892, 47.205274650095298 ], [ 2.46904991181053, 47.205798503556899 ], [ 2.47081036132578, 47.207362480741203 ], [ 2.4710989249654, 47.207618824355499 ], [ 2.47143691531742, 47.207413830359798 ], [ 2.47228157633954, 47.206791526311797 ], [ 2.4724099699896, 47.206676162203998 ], [ 2.47262022018938, 47.2064919019681 ], [ 2.47271706903339, 47.206430006412901 ], [ 2.47311989104479, 47.206167737715603 ], [ 2.47329118953879, 47.206051118236701 ] ] ], [ [ [ 2.48097274263053, 47.208632754950997 ], [ 2.48073368978006, 47.2083592825078 ], [ 2.48055169170617, 47.208150931383599 ], [ 2.48047254433851, 47.208064490587397 ], [ 2.48031008543412, 47.207883748596799 ], [ 2.4802103075107, 47.207772195949403 ], [ 2.48011223964464, 47.207662820587103 ], [ 2.47990968852187, 47.2074381798936 ], [ 2.47985108105923, 47.207370088767703 ], [ 2.47965573260455, 47.207150872681801 ], [ 2.47941992076379, 47.206885154385603 ], [ 2.47931598282144, 47.206768369522202 ], [ 2.47923946147729, 47.206682650851597 ], [ 2.47904434648413, 47.206467125905199 ], [ 2.47893403300358, 47.206341768226302 ], [ 2.47886599931575, 47.206265081387102 ], [ 2.47864428800624, 47.206016062224499 ], [ 2.47841699697325, 47.205758203615297 ], [ 2.47836473793117, 47.205702015124103 ], [ 2.47832673345194, 47.205660817651797 ], [ 2.47825343838103, 47.205583305475201 ], [ 2.47808295257505, 47.205388578430302 ], [ 2.47803281572535, 47.205331589073303 ], [ 2.47798841633994, 47.205282368066598 ], [ 2.47790043417838, 47.205181480879197 ], [ 2.47778657402052, 47.205053225100698 ], [ 2.47765928206119, 47.204909702688902 ], [ 2.47746083702485, 47.204686066217697 ], [ 2.47742924205946, 47.204650209068198 ], [ 2.4772937882104, 47.204517533964903 ], [ 2.47688498085188, 47.2040589608321 ], [ 2.47657339556285, 47.203717143413499 ], [ 2.47615780931417, 47.203250533276503 ], [ 2.4757077167574, 47.202752273085302 ], [ 2.47544876262994, 47.202750551797699 ], [ 2.47511562305686, 47.2027485748986 ], [ 2.47513517414255, 47.202706574694702 ], [ 2.47322821934818, 47.202694247019799 ], [ 2.47318708499083, 47.202864080659403 ], [ 2.47199420356681, 47.202572545840397 ], [ 2.47195079346226, 47.202664277115801 ], [ 2.47186312965965, 47.202640217792798 ], [ 2.47183800614495, 47.202711343603902 ], [ 2.47182810002827, 47.2027394596698 ], [ 2.47136092178038, 47.202609307067497 ], [ 2.47135501985076, 47.202607659607501 ], [ 2.47081565024018, 47.202450715700898 ], [ 2.47076338516402, 47.202463432217201 ], [ 2.47063578089974, 47.202765105313397 ], [ 2.47042038010583, 47.203150023369602 ], [ 2.47026800135127, 47.203422341181899 ], [ 2.47012689371882, 47.2035949486622 ], [ 2.47005616983109, 47.203684402588699 ], [ 2.47001246698141, 47.203739705856101 ], [ 2.46970741211924, 47.204125922906996 ], [ 2.47013753923532, 47.204370619143901 ], [ 2.4701876834272, 47.204399090686103 ], [ 2.47048399642649, 47.204547994506001 ], [ 2.47121478242089, 47.204918562011798 ], [ 2.47141822961411, 47.205021781745003 ], [ 2.4719827010297, 47.205311972439603 ], [ 2.4721061891704, 47.205371819482998 ], [ 2.47219922540732, 47.2052405483212 ], [ 2.47228709556148, 47.205245360000198 ], [ 2.47238498701389, 47.205250748420099 ], [ 2.47247048105408, 47.205255378083997 ], [ 2.47244464249127, 47.205291596304697 ], [ 2.47222813026406, 47.205280977145797 ], [ 2.47215460127237, 47.205400642379999 ], [ 2.47281356076028, 47.205749193266001 ], [ 2.47308131555635, 47.205889767685797 ], [ 2.47313779308667, 47.205919347074797 ], [ 2.47317647450676, 47.205931496862803 ], [ 2.47331609597963, 47.205975138634003 ], [ 2.47344815366389, 47.2060370848437 ], [ 2.47372040823881, 47.2061649930695 ], [ 2.47382363984149, 47.2062175528919 ], [ 2.47394593086052, 47.206280003349796 ], [ 2.47490755439196, 47.2068326888824 ], [ 2.47490138003651, 47.206842654156503 ], [ 2.47506797372146, 47.206922391730302 ], [ 2.47514335804083, 47.206962859291203 ], [ 2.4753583098028, 47.207078719168003 ], [ 2.47549407199185, 47.207154184166299 ], [ 2.47553199798675, 47.207135548715797 ], [ 2.47556842696668, 47.207163424620902 ], [ 2.47564596369909, 47.207225760705001 ], [ 2.47575026459171, 47.207291008739098 ], [ 2.47582538137444, 47.207330565339497 ], [ 2.47591823789949, 47.207378574852697 ], [ 2.47611903767717, 47.207485555406997 ], [ 2.47653126763888, 47.207689381161003 ], [ 2.47682698561308, 47.207836555164903 ], [ 2.47708950136061, 47.207948755246399 ], [ 2.47741399531662, 47.208082472165501 ], [ 2.47759041873053, 47.2081561373856 ], [ 2.47784006098252, 47.208263785238401 ], [ 2.47800914871647, 47.208332465144601 ], [ 2.47822596924673, 47.208406671475402 ], [ 2.47832917307786, 47.208437097886197 ], [ 2.47863028399628, 47.208531750421798 ], [ 2.4788243943118, 47.208593807522099 ], [ 2.47897463230947, 47.2086460248997 ], [ 2.47921518182515, 47.208739503275801 ], [ 2.47927999190571, 47.208767415506898 ], [ 2.47939651167295, 47.208825422729099 ], [ 2.47948774666371, 47.208891418883603 ], [ 2.47959409267758, 47.208964586135103 ], [ 2.47971906556555, 47.209036576513498 ], [ 2.47979118055601, 47.209074235403598 ], [ 2.47995378327102, 47.209144602871802 ], [ 2.48023206966848, 47.209239409834701 ], [ 2.48034870272373, 47.209273585859101 ], [ 2.48046519590701, 47.209307211959697 ], [ 2.48057650489582, 47.209333180227901 ], [ 2.48070739242453, 47.2093675008107 ], [ 2.4808506416167, 47.209391352216102 ], [ 2.48091111874254, 47.209404317268302 ], [ 2.48088368887663, 47.2089800398306 ], [ 2.48097274263053, 47.208632754950997 ] ] ], [ [ [ 2.48254659933618, 47.204108242053103 ], [ 2.480775047098, 47.203848828593898 ], [ 2.48071403975847, 47.203879138163103 ], [ 2.48070816090829, 47.203913386000401 ], [ 2.4806859253734, 47.204014938512898 ], [ 2.48065046371153, 47.204145484212397 ], [ 2.4805766740381, 47.204431122722397 ], [ 2.48046917133429, 47.204857577956602 ], [ 2.48027138941739, 47.2056350846117 ], [ 2.48024496046116, 47.205731585530202 ], [ 2.48008383983983, 47.206351110611998 ], [ 2.48001824122241, 47.206619697744898 ], [ 2.48004421771387, 47.206649406944003 ], [ 2.48077863179237, 47.2073902920826 ], [ 2.48053344430194, 47.207856958126001 ], [ 2.48062902496115, 47.207964080241801 ], [ 2.48072031080849, 47.208065880303401 ], [ 2.48081094610029, 47.208166678048201 ], [ 2.48102821631224, 47.208113768869197 ], [ 2.48120288731159, 47.207772277899799 ], [ 2.48127026730597, 47.207765197165401 ], [ 2.48131494514623, 47.20776001342 ], [ 2.48146137314219, 47.207742852006803 ], [ 2.48147447205389, 47.207509113673296 ], [ 2.48149769440173, 47.2071433656984 ], [ 2.48155999880971, 47.206926664948199 ], [ 2.48163963398784, 47.2066374510743 ], [ 2.48176556238042, 47.206202542707501 ], [ 2.48182599030607, 47.2060282011414 ], [ 2.48186165569388, 47.205931210016402 ], [ 2.48189999400611, 47.205829639334802 ], [ 2.48196107060908, 47.2055343101826 ], [ 2.4820323962726, 47.205311905523601 ], [ 2.48210540553299, 47.205106676922803 ], [ 2.48229533561442, 47.2047002059902 ], [ 2.48241750320919, 47.204406679933903 ], [ 2.48246406176414, 47.2042880581647 ], [ 2.48251319118601, 47.204176821259203 ], [ 2.48254659933618, 47.204108242053103 ] ] ], [ [ [ 2.48187623477061, 47.201925463305301 ], [ 2.48193895990059, 47.201732882720798 ], [ 2.48196694345801, 47.201663739188 ], [ 2.48200666252233, 47.201570718287599 ], [ 2.48208305083299, 47.201396816781397 ], [ 2.48211727517987, 47.201324288986399 ], [ 2.48214729965933, 47.201250292933103 ], [ 2.48217141378723, 47.201200209288601 ], [ 2.48218307412018, 47.201153932241503 ], [ 2.48225146735408, 47.201002214141099 ], [ 2.48237029618131, 47.200712994248498 ], [ 2.48165862467722, 47.200547507250597 ], [ 2.48144482915454, 47.200951800250799 ], [ 2.48062118031627, 47.200724621607101 ], [ 2.48059914241121, 47.200763388541702 ], [ 2.48057682345448, 47.200820322162599 ], [ 2.48055765697594, 47.200864044580499 ], [ 2.48053457809659, 47.201024328632698 ], [ 2.4805241929694, 47.201101203257601 ], [ 2.4805142642227, 47.201185534366601 ], [ 2.48050194675399, 47.201286051063697 ], [ 2.48049400695904, 47.201381914855801 ], [ 2.48048940919788, 47.201394309303303 ], [ 2.48048733317622, 47.201404104203696 ], [ 2.4804435470202, 47.201603431160301 ], [ 2.48043691850002, 47.2016606061555 ], [ 2.48187623477061, 47.201925463305301 ] ] ], [ [ [ 2.48421773414439, 47.201345966011502 ], [ 2.48358262063765, 47.201150689874801 ], [ 2.48340981182215, 47.201099719048898 ], [ 2.48345987367018, 47.201013315910501 ], [ 2.48245224798107, 47.2007817287545 ], [ 2.4823119059991, 47.201126715880498 ], [ 2.48223133648558, 47.2013096918404 ], [ 2.48209837508778, 47.201613595184 ], [ 2.48204273617199, 47.201742520710503 ], [ 2.48191158513809, 47.202091419601501 ], [ 2.48188331915369, 47.202473882263199 ], [ 2.48196985636473, 47.202642849305199 ], [ 2.48210226003336, 47.202736279558103 ], [ 2.4823156700009, 47.202848788745101 ], [ 2.48248123315916, 47.202925639246402 ], [ 2.4828004057737, 47.203116441296899 ], [ 2.48319299801655, 47.2031124492676 ], [ 2.48342250033368, 47.202693917756697 ], [ 2.48380340638426, 47.202000525357498 ], [ 2.48421773414439, 47.201345966011502 ] ] ], [ [ [ 2.47071474077302, 47.202395444793297 ], [ 2.46731882458306, 47.201612253424301 ], [ 2.46717794635508, 47.201579762165402 ], [ 2.46692023014397, 47.201520327531199 ], [ 2.46653360432563, 47.201431147251697 ], [ 2.4645593479765, 47.200975763252302 ], [ 2.46406812815378, 47.201957794543397 ], [ 2.46419799491395, 47.201985656154598 ], [ 2.46541593212711, 47.2022468041324 ], [ 2.46606737611978, 47.202413913970297 ], [ 2.4663397739221, 47.202483816503197 ], [ 2.46643837305086, 47.202509199795898 ], [ 2.46669378763444, 47.202574701859099 ], [ 2.46676449319848, 47.202592835137999 ], [ 2.46683549698176, 47.202620872994302 ], [ 2.4671768061748, 47.202755596793899 ], [ 2.46767960852572, 47.203042824413103 ], [ 2.46786586203261, 47.203149383643201 ], [ 2.4681640611135, 47.203319972291098 ], [ 2.46844782457281, 47.203482400273799 ], [ 2.46863240224324, 47.203582387401902 ], [ 2.46883473497227, 47.203677053858399 ], [ 2.46895338312631, 47.203732659761599 ], [ 2.46908804550517, 47.203797332867701 ], [ 2.46919183195319, 47.203846298269497 ], [ 2.46935829957739, 47.203924972297301 ], [ 2.46939810297083, 47.203943682650198 ], [ 2.46964249018205, 47.204083618004198 ], [ 2.47020317136183, 47.203397574742901 ], [ 2.47055825173566, 47.202744863542499 ], [ 2.47055968803, 47.202745230223798 ], [ 2.47071474077302, 47.202395444793297 ] ] ], [ [ [ 2.48187623477061, 47.201925463305301 ], [ 2.48123426294628, 47.201807334912701 ], [ 2.48097677958479, 47.202853404105497 ], [ 2.48089803970079, 47.203173267957098 ], [ 2.48086745695477, 47.2032911504769 ], [ 2.48080693148258, 47.203528998025099 ], [ 2.48077392220379, 47.203653252716201 ], [ 2.48074834608947, 47.203745076108397 ], [ 2.48074332579593, 47.203772494566401 ], [ 2.48078530684443, 47.2038123496501 ], [ 2.48256321479682, 47.204068739350099 ], [ 2.48258806213785, 47.204011186506499 ], [ 2.4825964727042, 47.2039882935861 ], [ 2.48261963189809, 47.203926321756597 ], [ 2.48265769865949, 47.203799109181297 ], [ 2.48270336321341, 47.203635954771997 ], [ 2.48271239379309, 47.203603521494699 ], [ 2.48275470504299, 47.2034181238282 ], [ 2.48271245960587, 47.203269602806699 ], [ 2.48264349045097, 47.203140291744802 ], [ 2.48260319880605, 47.203116992275 ], [ 2.48247900327572, 47.203047619123602 ], [ 2.48203107737285, 47.202794615510903 ], [ 2.48188998420942, 47.202672084825899 ], [ 2.4817734557316, 47.202492630198698 ], [ 2.48179202610977, 47.2022926498693 ], [ 2.48181570639377, 47.202097013789597 ], [ 2.48187623477061, 47.201925463305301 ] ] ] ] } }
]
}
